WHS	ITEM	NAME	GRP	ONHAND	COMMITTED	STOCKVAL	LAST_IN	LAST_OUT	FIRST_MOVE	OUT_90D	DAYS_SINCE_OUT	DAYS_SINCE_IN
BH-BS	PM0000594	PREFORM 40 GMS 36 MM	105	405400.000000	0.000000	2547720.000000	2026-08-22	2026-08-21	2025-12-27	792850.000000	9	8
BH-BS	PM0000053	HDPE BOTTLE 5 LTR	105	24038.000000	0.000000	1120186.000000	2026-08-29	2026-08-21	2025-11-27	193280.000000	9	1
BH-BS	PM0000121	PET BOTTLE 1 LTR 52 GMS POMACE	105	115867.000000	12297.000000	1116033.000000	2026-08-29	2026-07-31	2025-11-20	621501.000000	30	1
BH-BS	PM0000817	PREFORM 21/23 GMS	105	223488.000000	0.000000	723649.000000	2026-07-27	2026-07-28	2025-12-27	267640.000000	33	34
BH-BS	PM0000851	PET BOTTLE 1 LTR 26 GM	105	142811.000000	0.000000	722501.000000	2026-08-27	2026-08-22	2026-01-28	598622.000000	8	3
BH-BS	PM0000194	PET BOTTLE 1 LTR 40 GMS	105	60465.000000	0.000000	451069.000000	2026-08-29	2026-08-27	2025-11-20	584759.000000	3	1
BH-BS	PM0000125	PET BOTTLE 500 MLS 34 GMS	105	65398.000000	0.000000	414623.000000	2026-07-27	2026-07-26	2025-12-17	66054.000000	35	34
BH-BS	PM0000235	CAPS 1 LTR WHITE AND YELLOW SMALL PLAIN	105	484900.000000	0.000000	380255.000000	2026-08-26	2026-08-27	2025-12-17	1244770.000000	3	4
BH-BS	PM0000078	CAPS 5 LTR/15 LTR	105	61200.000000	0.000000	253980.000000	2026-08-12	2026-08-29	2025-12-17	128290.000000	1	18
BH-BS	PM0000619	PET BOTTLE 500 MLS 35 GMS GREEN EXPORT	105	28420.000000	0.000000	187572.000000	2026-07-28	2026-06-22	2025-12-17	1460.000000	69	33
BH-BS	PM0000113	HDPE BOTTLE 3 LTR	105	5705.000000	0.000000	178852.000000	2026-08-13	2026-07-26	2025-12-17	3994.000000	35	17
BH-BS	PM0000058	PET BOTTLE 200 MLS OLIVE OIL	105	50460.000000	0.000000	158949.000000	2026-08-22	2026-08-25	2025-12-17	189407.000000	5	8
BH-BS	PM0000408	CAPS 1 & 2 LTR WHITE AND GREEN PLAIN	105	102000.000000	0.000000	127500.000000	2026-08-06	2026-08-01	2025-12-17	136044.000000	29	24
BH-BS	PM0000567	CAPS 1 LTR WHITE AND ORANGE (SMALL) PLAIN	105	205000.000000	0.000000	125050.000000	2026-02-20	2026-07-26	2025-12-17	60500.000000	35	191
BH-BS	PM0000693	HDPE BOTTLE 5 LTRS YELLOW VEDAKA	105	3520.000000	0.000000	119936.000000	2026-07-28	2026-07-27	2025-12-17	2380.000000	34	33
BH-BS	PM0000079	CAPS 1 & 2 LTR FULL GREEN WITH LOGO	105	78000.000000	0.000000	97500.000000	2026-08-26	2026-08-29	2025-12-17	837000.000000	1	4
BH-BS	PM0000752	HDPE BOTTLE 5 LTRS BROWN VEDAKA	105	2740.000000	0.000000	95507.000000	2026-08-03	2026-07-27	2025-12-17	640.000000	34	27
BH-BS	PM0000697	PET BOTTLE 2 LTR 80 GM OLIVE GREEN HANDLE VEDAKA	105	4284.000000	0.000000	86494.000000	2026-02-01	2026-07-26	2025-12-11	3691.000000	35	210
BH-BS	PM0000060	CAPS 1 & 2 LTR WHITE AND BLUE WITH LOGO	105	66000.000000	0.000000	85140.000000	2026-08-22	2026-08-22	2025-12-17	182958.000000	8	8
BH-BS	PM0000085	CAPS 1 OR 2 LTR WHITE AND YELLOW WITH LOGO	105	57000.000000	0.000000	73530.000000	2026-08-26	2026-08-29	2025-11-18	1094740.000000	1	4
BH-BS	PM0000792	PET BOTTLE 1 LTR 75 GMS GREEN	105	4487.000000	0.000000	65510.000000	2026-02-05	2026-02-23	2026-02-05	0.000000	188	206
BH-BS	PM0000740	HDPE BOTTLE 5 LTR RED VEDAKA	105	1656.000000	0.000000	57563.000000	2026-02-04	2026-03-07	2025-12-17	0.000000	176	207
BH-BS	PM0000725	CAPS 1 & 2 LTR WHITE AND OLIVE-GREEN WITH LOGO MO	105	54000.000000	0.000000	56700.000000	2025-12-03	NULL	2025-12-03	0.000000	NULL	270
BH-BS	PM0000723	CAPS 1 & 2 LTR WHITE AND GREEN-CYAN WITH LOGO CO	105	51000.000000	0.000000	53550.000000	2026-02-20	NULL	2026-02-20	0.000000	NULL	191
BH-BS	PM0000412	CAPS 1 & 2 LTR WHITE AND ORANGE PLAIN	105	37000.000000	0.000000	39960.000000	2025-12-17	NULL	2025-12-17	0.000000	NULL	256
BH-BS	PM0000059	CAPS 1 & 2 LTR WHITE AND ORANGE WITH LOGO	105	36000.000000	0.000000	37800.000000	2026-08-01	2026-07-26	2025-12-17	56800.000000	35	29
BH-BS	PM0000822	POUCH SPICES CUMIN SEEDS 100 GMS ROLL KGS	105	295.000000	0.000000	36642.000000	2026-02-11	NULL	2026-02-11	0.000000	NULL	200
BH-BS	PM0000728	HDPE BOTTLE 4 LTR OLIVE GREEN	105	1152.000000	0.000000	35482.000000	2026-01-27	2026-07-26	2025-12-17	1344.000000	35	215
BH-BS	PM0000605	CAPS 1 LTR FULL GREEN SMALL PLAIN	105	55000.000000	0.000000	34100.000000	2026-02-23	2026-07-26	2025-12-17	5000.000000	35	188
BH-BS	PM0000494	LABEL 5 LTR COLD PRESS CANOLA FRONT B.B	105	7100.000000	0.000000	20590.000000	2026-05-08	2026-07-26	2025-12-17	700.000000	35	114
BH-BS	PM0000505	LABEL 15 KGS COLD PRESS KACHI GHANI MUSTARD OIL	105	8450.000000	0.000000	14714.000000	2026-01-09	2026-05-23	2025-12-17	0.000000	99	233
BH-BS	PM0000390	PET JAR 60 GMS 400 GMS SEEDS	105	895.000000	0.000000	14354.000000	2026-02-23	NULL	2026-02-23	0.000000	NULL	188
BH-BS	PM0000495	LABEL 5 LTR COLD PRESS CANOLA BACK B.B	105	7000.000000	0.000000	13859.000000	2026-05-08	2026-07-26	2025-12-17	700.000000	35	114
BH-BS	PM0000667	LABEL 4 LTR SUNFLOWER OIL FRONT	105	7700.000000	0.000000	11145.000000	2026-02-02	NULL	2025-12-17	0.000000	NULL	209
BH-BS	PM0000748	LABEL 1 LTR EXTRA VIRGIN FRONT LE CHEF	105	4000.000000	0.000000	11000.000000	2026-01-05	2025-12-31	2025-12-17	0.000000	242	237
BH-BS	PM0000749	LABEL 1 LTR EXTRA VIRGIN BACK LE CHEF	105	4000.000000	0.000000	11000.000000	2026-02-01	2025-12-31	2025-12-17	0.000000	242	210
BH-BS	PM0000668	LABEL 4 LTR SUNFLOWER OIL BACK	105	7200.000000	0.000000	10226.000000	2025-12-17	NULL	2025-12-17	0.000000	NULL	256
BH-BS	PM0000726	CAPS 1 & 2 LTR WHITE AND MINT-GREEN WITH LOGO SO	105	9000.000000	0.000000	9450.000000	2026-02-20	2026-08-29	2025-12-27	14800.000000	1	191
BH-BS	PM0000251	PET BOTTLE 2 LTR 80 GMS YELLOW HANDLE	105	415.000000	0.000000	9238.000000	2026-08-27	2026-08-29	2025-11-18	35844.000000	1	3
BH-BS	PM0000869	PET BOTTLE 250ML OLIVE OIL	105	2744.000000	0.000000	8781.000000	2026-07-28	2026-06-22	2026-03-27	44.000000	69	33
BH-BS	PM0000492	LABEL 5 LTR RICE BRAN & OLIVE OIL FRONT B.B	105	3000.000000	0.000000	8700.000000	2026-02-01	2026-02-27	2025-12-17	0.000000	184	210
BH-BS	PM0000746	LABEL 1 LTR CP SUNFLOWER SEEDS OIL FRONT VEDAKA	105	2500.000000	0.000000	8460.000000	2026-02-01	NULL	2025-12-17	0.000000	NULL	210
BH-BS	PM0000716	LABEL 1 LTR PRESSED GROUNDNUT OIL FRONT	105	6500.000000	0.000000	8450.000000	2025-12-17	NULL	2025-12-17	0.000000	NULL	256
BH-BS	PM0000717	LABEL 1 LTR PRESSED GROUNDNUT OIL BACK	105	6500.000000	0.000000	8450.000000	2025-12-17	NULL	2025-12-17	0.000000	NULL	256
BH-BS	PM0000747	LABEL 1 LTR CP SUNFLOWER SEEDS OIL BACK VEDAKA	105	2500.000000	0.000000	8310.000000	2026-02-01	NULL	2025-12-17	0.000000	NULL	210
BH-BS	PM0000577	LABEL 900 GM  MUSTARD BACK  SANO	105	36700.000000	0.000000	8074.000000	2026-02-04	2026-07-27	2025-12-17	14100.000000	34	207
BH-BS	PM0000714	LABEL 4 LTR SOYBEAN BACK	105	4000.000000	0.000000	8000.000000	2025-12-17	NULL	2025-12-17	0.000000	NULL	256
BH-BS	PM0000715	LABEL 4 LTR SOYBEAN FRONT	105	4000.000000	0.000000	8000.000000	2025-12-17	NULL	2025-12-17	0.000000	NULL	256
BH-BS	PM0000676	LABEL 4 LTR RICE BRAN OIL BACK	105	8350.000000	0.000000	7933.000000	2025-12-17	NULL	2025-12-17	0.000000	NULL	256
BH-BS	PM0000762	LABEL 5 LTR CP SUNFLOWER SEEDS OIL BACK VEDAKA	105	1836.000000	0.000000	7465.000000	2026-02-23	NULL	2025-12-17	0.000000	NULL	188
BH-BS	PM0000464	LABEL 15 KGS REFINED COTTON SEED OIL	105	4000.000000	0.000000	7331.000000	2026-01-29	NULL	2026-01-29	0.000000	NULL	213
BH-BS	PM0000675	LABEL 4 LTR RICE BRAN OIL FRONT	105	7700.000000	0.000000	7315.000000	2026-02-01	NULL	2025-12-17	0.000000	NULL	210
BH-BS	PM0000754	LABEL 1 LTR WP PNUT & GNUT OIL VEDAKA BACK	105	1834.000000	0.000000	6056.000000	2026-02-01	NULL	2026-02-01	0.000000	NULL	210
BH-BS	PM0000753	LABEL 1 LTR WP PNUT & GNUT OIL VEDAKA FRONT	105	1834.000000	0.000000	6056.000000	2026-02-01	NULL	2026-02-01	0.000000	NULL	210
BH-BS	PM0000845	LABEL 2 LTR POMACE OIL HANDLE BOTTLE FRONT LA RASOI	105	3000.000000	0.000000	5700.000000	2026-02-23	2026-02-01	2025-12-24	0.000000	210	188
BH-BS	PM0000844	LABEL 2 LTR POMACE OIL HANDLE BOTTLE BACK LA RASOI	105	3000.000000	0.000000	5700.000000	2026-02-23	2026-02-01	2025-12-24	0.000000	210	188
BH-BS	PM0000281	LABEL 1 LTR A2 DESI GHEE ORGANIC	105	2020.000000	0.000000	5240.000000	2026-02-13	2026-07-11	2025-12-17	30.000000	50	198
BH-BS	PM0000049	LABEL 5 LTR PAKKI GHANI BACK	105	2600.000000	0.000000	5200.000000	2026-05-08	2026-06-01	2025-12-17	1100.000000	90	114
BH-BS	PM0000050	LABEL 5 LTR PAKKI GHANI FRONT	105	2550.000000	0.000000	5100.000000	2026-05-08	2026-06-01	2025-12-17	1100.000000	90	114
BH-BS	PM0000764	LABEL 1 LTR SO OLIVE POMACE OIL BACK	105	6200.000000	0.000000	4960.000000	2025-12-17	NULL	2025-12-17	0.000000	NULL	256
BH-BS	PM0000763	LABEL 1 LTR SO OLIVE POMACE OIL FRONT	105	6200.000000	0.000000	4960.000000	2025-12-17	NULL	2025-12-17	0.000000	NULL	256
BH-BS	PM0000841	LABEL 2 LTR CP CANOLA OIL HANDLE BOTTLE BACK LA RASOI	105	2500.000000	0.000000	4750.000000	2026-01-17	2026-02-01	2025-12-24	0.000000	210	225
BH-BS	PM0000842	LABEL 2 LTR CP CANOLA OIL HANDLE BOTTLE FRONT LA RASOI	105	2500.000000	0.000000	4750.000000	2026-01-17	2026-02-01	2025-12-24	0.000000	210	225
BH-BS	PM0000340	LABEL 100 GMS COFFEE FRONT	105	1000.000000	0.000000	4665.000000	2025-12-17	NULL	2025-12-17	0.000000	NULL	256
BH-BS	PM0000052	LABEL 5 LTR REFINED FRONT	105	2200.000000	0.000000	4400.000000	2026-07-26	2026-07-27	2025-12-17	5300.000000	34	35
BH-BS	PM0000636	TIKKI SCRATCH TO WIN ASSURED GIFT	105	9774.000000	0.000000	4398.000000	2026-01-09	NULL	2025-12-17	0.000000	NULL	233
BH-BS	PM0000493	LABEL 5 LTR RICE BRAN & OLIVE OIL BACK B.B	105	2200.000000	0.000000	4290.000000	2026-06-22	2026-07-27	2025-12-17	374.000000	34	69
BH-BS	PM0000389	PET JAR 75 GMS 800 GMS SEEDS	105	259.000000	0.000000	4279.000000	2026-05-12	NULL	2026-02-23	0.000000	NULL	110
BH-BS	PM0000850	LABEL 1 LTR EXTRA VIRGIN OLIVE OIL BACK ILAHI	105	1999.000000	0.000000	4198.000000	2026-02-13	2026-02-28	2026-01-29	0.000000	183	198
BH-BS	PM0000849	LABEL 1 LTR EXTRA VIRGIN OLIVE OIL FRONT ILAHI	105	1999.000000	0.000000	4198.000000	2026-02-13	2026-02-28	2026-01-29	0.000000	183	198
BH-BS	PM0000757	LABEL 2 LTR CP MUSTARD OIL VEDAKA FRONT	105	1200.000000	0.000000	4101.000000	2025-12-17	NULL	2025-12-17	0.000000	NULL	256
BH-BS	PM0000761	LABEL 5 LTR CP SUNFLOWER SEEDS OIL FRONT VEDAKA	105	1018.000000	0.000000	4072.000000	2026-02-23	NULL	2025-12-17	0.000000	NULL	188
BH-BS	PM0000575	LABEL 900 GMS SUNFLOWER FRONT SANO	105	12200.000000	0.000000	3798.000000	2025-12-17	NULL	2025-12-17	0.000000	NULL	256
BH-BS	PM0000576	LABEL 900 GMS SUNFLOWER BACK  SANO	105	12200.000000	0.000000	3798.000000	2025-12-17	NULL	2025-12-17	0.000000	NULL	256
BH-BS	PM0000689	LABEL 1 LTR POMACE BACK HANNA	105	5000.000000	0.000000	3750.000000	2026-02-23	2026-05-11	2025-12-17	0.000000	111	188
BH-BS	PM0000688	LABEL 1 LTR POMACE FRONT HANNA	105	5000.000000	0.000000	3750.000000	2026-02-23	2026-05-11	2025-12-17	0.000000	111	188
BH-BS	PM0000496	LABEL 1 LTR TIKKI B.B	105	3488.000000	0.000000	3488.000000	2026-02-04	2026-02-27	2025-12-17	0.000000	184	207
BH-BS	PM0000599	LABEL 4 LTR SUNFLOWER FRONT SANO	105	1150.000000	0.000000	3450.000000	2025-12-17	NULL	2025-12-17	0.000000	NULL	256
BH-BS	PM0000600	LABEL 4 LTR SUNFLOWER BACK SANO	105	1150.000000	0.000000	3450.000000	2025-12-17	NULL	2025-12-17	0.000000	NULL	256
BH-BS	PM0000366	LABEL 1 LTR CANOLA FRONT SANO	105	9013.000000	0.000000	3374.000000	2026-02-01	2026-07-24	2025-12-17	17.000000	37	210
BH-BS	PM0000709	LABEL 1 LTR POMACE BACK VEDAKA	105	1000.000000	0.000000	2900.000000	2025-12-17	2026-02-01	2025-12-17	0.000000	210	256
BH-BS	PM0000365	LABEL 1 LTR CANOLA BACK SANO	105	7826.000000	0.000000	2900.000000	2026-02-01	2026-07-28	2025-12-17	600.000000	33	210
BH-BS	PM0000708	LABEL 1 LTR POMACE FRONT VEDAKA	105	957.000000	0.000000	2775.000000	2025-12-17	2026-02-01	2025-12-17	0.000000	210	256
BH-BS	PM0000758	LABEL 2 LTR CP MUSTARD OIL VEDAKA BACK	105	800.000000	0.000000	2701.000000	2025-12-17	NULL	2025-12-17	0.000000	NULL	256
BH-BS	PM0000490	LABEL 1 LTR COLD PRESS FRONT B.B	105	1500.000000	0.000000	2700.000000	2026-05-08	2026-07-27	2025-12-17	2100.000000	34	114
BH-BS	PM0000521	LABEL 5 LTR SO OLIVE FRONT	105	1216.000000	0.000000	2675.000000	2026-07-28	2026-04-10	2025-12-17	0.000000	142	33
BH-BS	PM0000520	LABEL 5 LTR SO OLIVE BACK	105	1163.000000	0.000000	2559.000000	2026-07-28	2026-05-11	2025-12-17	0.000000	111	33
BH-BS	PM0000811	LABEL 15 KG KIRPA DESI GHEE FRONT	105	400.000000	0.000000	2400.000000	2025-12-17	NULL	2025-12-17	0.000000	NULL	256
BH-BS	PM0000812	LABEL 15 KG KIRPA DESI GHEE BACK	105	400.000000	0.000000	2400.000000	2025-12-17	NULL	2025-12-17	0.000000	NULL	256
BH-BS	PM0000787	LABEL 1 LTR ZAITUN LITE FRONT	105	2016.000000	0.000000	2218.000000	2025-12-17	NULL	2025-12-17	0.000000	NULL	256
BH-BS	PM0000776	LABEL 1 LTR ZAITUN GOLD FRONT	105	2016.000000	0.000000	2218.000000	2025-12-17	NULL	2025-12-17	0.000000	NULL	256
BH-BS	PM0000788	LABEL 1 LTR ZAITUN GOLD BACK	105	2016.000000	0.000000	2218.000000	2025-12-17	NULL	2025-12-17	0.000000	NULL	256
BH-BS	PM0000786	LABEL 1 LTR ZAITUN LITE BACK	105	2016.000000	0.000000	2218.000000	2025-12-17	NULL	2025-12-17	0.000000	NULL	256
BH-BS	PM0000391	PET JAR 35 GMS 200 GMS SEEDS	105	161.000000	0.000000	1972.000000	2026-05-12	2026-06-22	2025-12-17	59.000000	69	110
BH-BS	PM0000280	LABEL 500 MLS A2 DESI GHEE ORGANIC	105	676.000000	0.000000	1960.000000	2026-05-08	2026-02-17	2025-12-17	0.000000	194	114
BH-BS	PM0000578	LABEL 900 GM  MUSTARD FRONT  SANO	105	7000.000000	0.000000	1540.000000	2026-02-01	2026-07-27	2025-12-17	22500.000000	34	210
BH-BS	PM0000810	LABEL 15 LTR PRESSED YELLOW MUSTARD OIL BACK	105	400.000000	0.000000	1460.000000	2025-12-17	NULL	2025-12-17	0.000000	NULL	256
BH-BS	PM0000809	LABEL 15 LTR PRESSED YELLOW MUSTARD OIL FRONT	105	400.000000	0.000000	1460.000000	2025-12-17	NULL	2025-12-17	0.000000	NULL	256
BH-BS	PM0000743	LABEL 5 LTR WP PNUT & GNUT OIL VEDAKA BACK	105	336.000000	0.000000	1428.000000	2025-12-17	NULL	2025-12-17	0.000000	NULL	256
BH-BS	PM0000742	LABEL 5 LTR WP PNUT & GNUT OIL VEDAKA FRONT	105	294.000000	0.000000	1239.000000	2025-12-17	NULL	2025-12-17	0.000000	NULL	256
BH-BS	PM0000051	LABEL 5 LTR REFINED BACK	105	600.000000	0.000000	1200.000000	2026-07-26	2026-07-27	2025-12-17	2750.000000	34	35
BH-BS	PM0000287	LABEL 1 LTR SOYABEAN BACK	105	4000.000000	0.000000	880.000000	2026-05-13	2026-08-01	2025-12-17	200.000000	29	109
BH-BS	PM0000286	LABEL 1 LTR SOYABEAN FRONT	105	3000.000000	0.000000	660.000000	2026-08-01	2026-06-22	2025-12-17	3000.000000	69	29
BH-BS	PM0000288	LABEL 5 LTR SOYABEAN BACK	105	300.000000	0.000000	600.000000	2026-06-12	2026-07-27	2026-01-17	6947.000000	34	79
BH-BS	PM0000289	LABEL 5 LTR SOYABEAN FRONT	105	300.000000	0.000000	600.000000	2026-06-12	2026-07-27	2026-01-17	7447.000000	34	79
BH-BS	PM0000791	LABEL 250 MLS PRESSED GROUNDNUT OIL FRONT	105	541.000000	0.000000	541.000000	2025-12-17	NULL	2025-12-17	0.000000	NULL	256
BH-BS	PM0000790	LABEL 250 MLS PRESSED GROUNDNUT OIL BACK	105	535.000000	0.000000	535.000000	2025-12-17	NULL	2025-12-17	0.000000	NULL	256
BH-BS	PM0000750	LABEL 1 LTR POMACE FRONT LE CHEF	105	300.000000	0.000000	480.000000	2026-01-05	2025-12-23	2025-12-17	0.000000	250	237
BH-BS	PM0000751	LABEL 1 LTR POMACE BACK LE CHEF	105	300.000000	0.000000	480.000000	2026-01-05	2025-12-23	2025-12-17	0.000000	250	237
BH-BS	PM0000775	LABEL 250 MLS EXTRA VIRGIN CANOLA OIL BACK	105	445.000000	0.000000	445.000000	2025-12-17	2026-03-31	2025-12-17	0.000000	152	256
BH-BS	PM0000777	LABEL 250 MLS EXTRA VIRGIN CANOLA OIL FRONT	105	445.000000	0.000000	445.000000	2025-12-17	2026-03-31	2025-12-17	0.000000	152	256
BH-BS	PM0000778	LABEL 250 MLS EXTRA VIRGIN COCONUT BACK	105	436.000000	0.000000	436.000000	2025-12-17	2026-03-31	2025-12-17	0.000000	152	256
BH-BS	PM0000779	LABEL 250 MLS EXTRA VIRGIN COCONUT FRONT	105	436.000000	0.000000	436.000000	2025-12-17	2026-03-31	2025-12-17	0.000000	152	256
BH-BS	PM0000782	LABEL 250 ML PRESSED SESAME OIL BACK	105	430.000000	0.000000	430.000000	2025-12-17	2026-03-31	2025-12-17	0.000000	152	256
BH-BS	PM0000783	LABEL 250 ML PRESSED SESAME OIL FRONT	105	430.000000	0.000000	430.000000	2025-12-17	2026-03-31	2025-12-17	0.000000	152	256
BH-BS	PM0000781	LABEL 250 ML PRESSED YELLOW MUSTARD OIL FRONT	105	412.000000	0.000000	412.000000	2025-12-17	2026-03-31	2025-12-17	0.000000	152	256
BH-BS	PM0000780	LABEL 250 ML PRESSED YELLOW MUSTARD OIL BACK	105	412.000000	0.000000	412.000000	2025-12-17	2026-03-31	2025-12-17	0.000000	152	256
BH-BS	PM0000756	LABEL 1 LTR CP MUSTARD OIL VEDAKA BACK	105	269.000000	0.000000	404.000000	2025-12-17	NULL	2025-12-17	0.000000	NULL	256
BH-BS	PM0000755	LABEL 1 LTR CP MUSTARD OIL VEDAKA FRONT	105	246.000000	0.000000	369.000000	2025-12-17	NULL	2025-12-17	0.000000	NULL	256
BH-BS	PM0000350	LABEL 2 LTR POMACE HANDLE BOTTLE BACK	105	300.000000	0.000000	351.000000	2026-07-24	2026-07-27	2025-12-17	10900.000000	34	37
BH-BS	PM0000022	LABEL 1 LTR PAKKI GHANI BACK	105	600.000000	0.000000	132.000000	2026-05-08	2026-06-10	2025-12-17	17950.000000	81	114
BH-BS	PM0000808	LABEL 500 GRM HONEY BACK	105	157.000000	0.000000	53.000000	2026-04-18	2026-02-12	2025-12-17	0.000000	199	134
BH-BS	PM0000807	LABEL 500 GRM HONEY FRONT	105	157.000000	0.000000	53.000000	2026-04-18	2026-02-12	2025-12-17	0.000000	199	134
BH-BS	PM0000096	LABEL 200 LTR REFINED FRONT	105	11.000000	0.000000	28.000000	2026-02-11	2026-02-11	2026-02-11	0.000000	200	200
BH-BS	PM0000130	POUCH REFINED MULTI ROLLS KGS	105	0.003300	0.000000	1.000000	2026-02-04	2026-07-26	2025-12-17	120.000000	35	207
BH-BS	PM0000660	TIN STRIP	105	0.004000	0.000000	1.000000	2026-07-23	2026-07-27	2025-12-17	366.000000	34	38
BH-BS	PM0000105	CARTON 1000 MLS DESI GHEE 12 PCS	105	0.005100	0.000000	0.000000	2026-02-13	2026-01-31	2025-12-17	0.000000	211	198
BH-BS	PM0000469	CAPS 5 LTR BROWN	105	7641.000000	0.000000	0.000000	2026-08-29	2026-08-21	2025-11-27	100806.000000	9	1
BH-BT	FG0000004	COLD PRESS 5 LTR 4 PCS	102	11776.000000	192.000000	8836278.000000	2026-08-30	2026-08-29	2026-07-22	23998.000000	1	0
BH-BT	FG0000005	EXTRA LIGHT OLIVE 1 LTR 16 PCS	102	36962.000000	528.000000	8587370.000000	2026-08-11	2026-08-29	2026-07-23	25905.000000	1	19
BH-BT	FG0000028	POMACE OLIVE 1 LTR 16 PCS	102	31869.000000	2160.000000	7028237.000000	2026-08-18	2026-08-29	2026-07-23	14700.000000	1	12
BH-BT	FG0000407	COLD PRESS 1 LTR (NIRMAL RISHI )20 PCS	102	29463.000000	0.000000	4458341.000000	2026-08-29	2026-08-03	2026-07-23	37257.000000	27	1
BH-BT	FG0000033	COLD PRESS 1 LTR + 1 LTR COMBO 10 SET	102	11485.000000	10.000000	3418813.000000	2026-08-29	2026-08-25	2026-07-25	4800.000000	5	1
BH-BT	FG0000150	SANO POMACE OLIVE 1 LTR 16 PCS	102	12964.000000	2000.000000	2850419.000000	2026-08-17	2026-08-29	2026-07-22	22288.000000	1	13
BH-BT	FG0000151	SANO POMACE OLIVE 5 LTR TIN 4 PCS	102	1876.000000	4.000000	2769853.000000	2026-08-26	2026-08-29	2026-07-22	8000.000000	1	4
BH-BT	FG0000053	COLD PRESS SUNFLOWER 5 LTR 4 PCS	102	3617.000000	20.000000	2655936.000000	2026-08-18	2026-08-29	2026-07-23	3737.000000	1	12
BH-BT	FG0000031	MUSTARD PAKKI GHANI 1 LTR 20 PCS	102	15812.000000	0.000000	2543562.000000	2026-08-29	2026-08-24	2026-08-24	5820.000000	6	1
BH-BT	FG0000011	MUSTARD KACCHI GHANI 5 LTR 4 PCS	102	2630.000000	180.000000	2151968.000000	2026-08-18	2026-08-29	2026-07-23	14666.000000	1	12
BH-BT	FG0000009	EXTRA LIGHT OLIVE 5 LTR TIN 4 PCS	102	2396.000000	16.000000	1824196.000000	2026-08-11	2026-08-29	2026-07-23	5362.000000	1	19
BH-BT	FG0000038	MUSTARD KACCHI GHANI 2 LTR 10 PCS	102	5101.000000	0.000000	1729416.000000	2026-08-29	2026-08-30	2026-07-23	13302.000000	0	1
BH-BT	FG0000032	COLD PRESS 1 LTR 20 PCS	102	12348.000000	1100.000000	1610383.000000	2026-08-30	2026-08-29	2026-07-22	74444.000000	1	0
BH-BT	FG0000143	COLD PRESS GROUNDNUT OIL 5 LTR 4 PCS	102	1772.000000	40.000000	1392936.000000	2026-08-18	2026-08-29	2026-07-23	3428.000000	1	12
BH-BT	FG0000227	RICE BRAN OIL 1 LTR 16 PCS	102	9307.000000	0.000000	1386371.000000	2026-08-29	2026-08-27	2026-07-23	5796.000000	3	1
BH-BT	FG0000012	MUSTARD PAKKI GHANI 5 LTR 4 PCS	102	1616.000000	0.000000	1232573.000000	2026-08-29	2026-08-27	2026-08-01	1000.000000	3	1
BH-BT	FG0000008	POMACE OLIVE 5 LTR TIN 4 PCS	102	888.000000	160.000000	1088929.000000	2026-08-17	2026-08-29	2026-07-23	4596.000000	1	13
BH-BT	FG0000030	MUSTARD KACHI GHANI 1 LTR 20 PCS	102	6428.000000	0.000000	1025985.000000	2026-08-29	2026-08-29	2026-07-23	105272.000000	1	1
BH-BT	FG0000136	SANO MUSTARD OIL 1 LTR 20 PCS	102	4715.000000	0.000000	771568.000000	2026-08-29	2026-08-26	2026-07-23	32260.000000	4	1
BH-BT	FG0000074	EXTRA VIRGIN OLIVE 5 LTR TIN 4 PCS IMPORTED	102	601.000000	33.000000	765864.000000	2026-08-18	2026-08-26	2026-07-23	812.000000	4	12
BH-BT	FG0000081	COLD PRESS SUNFLOWER 1 LTR 20 PCS	102	5163.000000	0.000000	764553.000000	2026-08-18	2026-08-29	2026-07-22	43201.000000	1	12
BH-BT	FG0000070	COLD PRESS 2 LTR 10 PCS HANDLE	102	2506.000000	0.000000	764482.000000	2026-08-29	2026-08-13	2026-07-31	1660.000000	17	1
BH-BT	FG0000322	LE CHEF POMACE  1 LTR 16 PCS	102	3088.000000	0.000000	761740.000000	2026-08-12	NULL	2026-08-12	0.000000	NULL	18
BH-BT	FG0000142	COLD PRESS GROUNDNUT OIL 1 LTR 16 PCS	102	4565.000000	320.000000	742440.000000	2026-08-26	2026-08-29	2026-07-22	49394.000000	1	4
BH-BT	FG0000029	MUSTARD PAKKI GHANI 2 LTR 10 PCS	102	2150.000000	0.000000	729431.000000	2026-08-29	2026-08-27	2026-07-23	3150.000000	3	1
BH-BT	FG0000043	COLD PRESS 3 LTR 6 PCS	102	1518.000000	0.000000	692532.000000	2026-08-17	2026-08-27	2026-07-31	6954.000000	3	13
BH-BT	FG0000319	KIRPA DESI GHEE 500 MLS 16 PCS	102	2522.000000	0.000000	619935.000000	2026-08-05	2026-08-29	2026-07-23	452.000000	1	25
BH-BT	FG0000389	JIVO GOLD 1 LTR 20 PCS ROUND BOTTLE	102	3958.000000	0.000000	594964.000000	2026-08-12	NULL	2026-07-23	0.000000	NULL	18
BH-BT	FG0000003	COLD PRESS 5 LTR + EXTRA LIGHT OLIVE 1 LTR 4 PCS	102	768.000000	0.000000	562779.000000	2026-08-12	NULL	2026-08-12	0.000000	NULL	18
BH-BT	FG0000408	COLD PRESS 1 LTR (NIRMAL RISHI ) 24 PCS	102	3720.000000	0.000000	518222.000000	2026-07-23	NULL	2026-07-23	0.000000	NULL	38
BH-BT	FG0000418	SOYABEAN OIL 1 LTR 20 PCS ROUND BOTTLE	102	2891.000000	200.000000	442562.000000	2026-08-01	2026-08-29	2026-07-23	4809.000000	1	29
BH-BT	FG0000155	EXTRA VIRGIN 2 LTR 10 PCS HANDLE	102	660.000000	0.000000	367909.000000	2026-08-08	NULL	2026-07-23	0.000000	NULL	22
BH-BT	FG0000088	COLD PRESS 1 LTR +1 LTR COMBO 10 SET PLAIN	102	1200.000000	0.000000	362191.000000	2026-08-18	2026-08-26	2026-07-23	5049.000000	4	12
BH-BT	FG0000184	BB ROYAL CANOLA OIL 5 LTR 4 PCS	102	492.000000	0.000000	339409.000000	2026-07-23	NULL	2026-07-23	0.000000	NULL	38
BH-BT	FG0000348	RICE BRAN OIL 4 LTR 5 PCS	102	634.000000	0.000000	325310.000000	2026-08-12	NULL	2026-08-12	0.000000	NULL	18
BH-BT	FG0000374	YELLOW MUSTARD OIL 5 LTR TIN 4 PCS	102	380.000000	0.000000	319507.000000	2026-08-27	2026-08-29	2026-07-23	860.000000	1	3
BH-BT	FG0000192	SOYABEAN OIL 5 LTR 4 PCS	102	417.000000	12.000000	310186.000000	2026-08-17	2026-08-24	2026-07-23	2902.000000	6	13
BH-BT	FG0000324	SESAME OIL 1 LTR 20 PCS	102	1497.000000	60.000000	291428.000000	2026-08-12	2026-08-29	2026-08-12	100.000000	1	18
BH-BT	FG0000045	POMACE OLIVE 500 MLS 24 PCS	102	1966.000000	120.000000	275947.000000	2026-08-01	NULL	2026-07-23	0.000000	NULL	29
BH-BT	FG0000189	ZANO POMACE OLIVE 1 LTR 16 PCS	102	1677.000000	0.000000	269859.000000	2026-08-12	NULL	2026-07-23	0.000000	NULL	18
BH-BT	FG0000023	COLD PRESS 5 LTR + EXTRA LIGHT OLIVE 1 LTR 3 PCS SHRINKED	102	292.000000	15.000000	264106.000000	2026-08-12	NULL	2026-07-23	0.000000	NULL	18
BH-BT	FG0000255	DESI GHEE 1000 MLS 12 PCS	102	480.000000	0.000000	227557.000000	2026-08-05	NULL	2026-08-05	0.000000	NULL	25
BH-BT	FG0000306	YELLOW MUSTARD OIL 1 LTR 20 PCS	102	1246.000000	0.000000	215310.000000	2026-08-21	2026-08-29	2026-07-23	24867.000000	1	9
BH-BT	FG0000187	ZANO EXTRA VIRGIN OLIVE1 LTR 16 PCS	102	1232.000000	0.000000	206380.000000	2026-08-12	NULL	2026-07-23	0.000000	NULL	18
BH-BT	FG0000282	EXTRA VIRGIN COCONUT OIL 200 MLS 6 PCS	102	1578.000000	0.000000	174251.000000	2026-08-01	NULL	2026-07-23	0.000000	NULL	29
BH-BT	FG0000014	MINIATURE OLIVE 100 MLS 24 PCS	102	4898.000000	0.000000	173942.000000	2026-08-29	NULL	2026-08-01	0.000000	NULL	1
BH-BT	FG0000141	SANO SOYABEAN OIL 5 LTR 4 PCS	102	273.000000	0.000000	170606.000000	2026-07-23	NULL	2026-07-23	0.000000	NULL	38
BH-BT	FG0000039	EXTRA LIGHT OLIVE 500 MLS 24 PCS	102	1231.000000	0.000000	169866.000000	2026-08-18	2026-08-06	2026-07-23	120.000000	24	12
BH-BT	FG0000157	EXTRA VIRGIN COCONUT OIL 500 MLS 24 PCS	102	1022.000000	0.000000	166632.000000	2026-08-12	2026-08-26	2026-08-01	154.000000	4	18
BH-BT	FG0000344	JIVO PREMIUM OIL GIFT BOX	102	282.000000	0.000000	162481.000000	2026-07-23	NULL	2026-07-23	0.000000	NULL	38
BH-BT	FG0000307	POMACE OLIVE 1 LTR 16 PCS HANNA	102	542.000000	0.000000	152844.000000	2026-08-29	NULL	2026-08-29	0.000000	NULL	1
BH-BT	FG0000185	BB ROYAL BLENDED OIL OLIVE + RICE BRAN 1 LTR 20 PCS	102	1042.000000	1.000000	148520.000000	2026-08-29	NULL	2026-07-23	0.000000	NULL	1
BH-BT	FG0000020	REFINED OIL 5 LTR	102	46.500000	318.000000	137177.000000	2026-08-29	2026-08-11	2026-07-23	377.000000	19	1
BH-BT	FG0000134	SANO CANOLA OIL 1 LTR 20 PCS	102	908.000000	0.000000	127324.000000	2026-08-29	NULL	2026-08-01	0.000000	NULL	1
BH-BT	FG0000183	BB ROYAL CANOLA OIL 1 LTR 20 PCS	102	859.000000	1.000000	122496.000000	2026-08-29	NULL	2026-07-23	0.000000	NULL	1
BH-BT	FG0000228	SO OLIVE OIL 1 LTR 16 PCS	102	744.000000	0.000000	111523.000000	2026-08-12	2026-08-29	2026-08-01	32.000000	1	18
BH-BT	FG0000422	JIVO MUSTARD KACCHI GHANI 869 GMS 20 PCS	102	742.000000	0.000000	104677.000000	2026-08-29	2026-08-19	2026-08-17	21520.000000	11	1
BH-BT	FG0000226	RICE BRAN OIL 5 LTR 4 PCS	102	140.000000	0.000000	103008.000000	2026-08-17	2026-08-26	2026-07-22	3432.000000	4	13
BH-BT	FG0000232	SO OLIVE OIL 5 LTR 4 PCS	102	128.000000	0.000000	101527.000000	2026-08-01	NULL	2026-07-23	0.000000	NULL	29
BH-BT	FG0000352	SESAME OIL (TOASTED) 500 MLS 12 PCS	102	886.000000	0.000000	99985.000000	2026-08-12	NULL	2026-07-23	0.000000	NULL	18
BH-BT	FG0000441	COLD PRESS GROUNDNUT 200 MLS 70 PCS - BH	102	2890.000000	0.000000	96681.000000	2026-08-01	2026-07-30	2026-07-23	6650.000000	31	29
BH-BT	FG0000114	POMACE OLIVE 2 LTR 10 PCS HANDLE	102	260.000000	0.000000	93040.000000	2026-08-08	2026-07-31	2026-07-23	20.000000	30	22
BH-BT	FG0000186	BB ROYAL BLENDED OIL OLIVE + RICE BRAN 5 LTR 4 PCS	102	128.000000	0.000000	83793.000000	2026-07-23	NULL	2026-07-23	0.000000	NULL	38
BH-BT	FG0000148	MUSTARD OIL 1 LTR 20 PCS VEDAKA	102	659.000000	0.000000	81970.000000	2026-07-23	NULL	2026-07-23	0.000000	NULL	38
BH-BT	FG0000035	COLD PRESS 500 MLS 24 PCS	102	984.000000	0.000000	77224.000000	2026-08-18	2026-07-30	2026-07-23	2400.000000	31	12
BH-BT	FG0000400	JIVO KACHI GHANI COLD PRESSED MUSTARD OIL1 LTR 20 PCS(CSD)	102	24.000000	467.000000	73935.000000	2026-08-10	2026-08-11	2026-08-04	528.000000	19	20
BH-BT	FG0000016	REFINED OIL 2 LTR	102	24.000000	275.000000	69721.000000	2026-08-10	2026-08-11	2026-08-03	355.000000	19	20
BH-BT	FG0000318	KIRPA DESI GHEE 1 LTR 12 PCS	102	117.000000	0.000000	66762.000000	2026-08-05	NULL	2026-07-25	0.000000	NULL	25
BH-BT	FG0000064	EXTRA LIGHT OIVE 2 LTR 10 PCS HANDLE	102	159.000000	0.000000	64152.000000	2026-08-17	2026-08-24	2026-07-23	2130.000000	6	13
BH-BT	FG0000054	COLD PRESS 4 LTR + EXTRA LIGHT OLIVE 1 LTR 5 PCS	102	98.000000	0.000000	60856.000000	2026-08-29	NULL	2026-08-29	0.000000	NULL	1
BH-BT	FG0000018	COLD PRESS 5 LTR + COLD PRESS 1 LTR 3 PCS SHRINKED	102	58.000000	0.000000	53149.000000	2026-07-23	NULL	2026-07-23	0.000000	NULL	38
BH-BT	FG0000404	COLD PRESS 4 LTR (NIRMAL RISHI ) + EXTRA LIGHT OLIVE 1 LTR 5 PCS	102	85.000000	0.000000	51688.000000	2026-08-21	NULL	2026-08-21	0.000000	NULL	9
BH-BT	FG0000140	SANO SOYABEAN OIL 1 LTR 20 PCS	102	221.000000	0.000000	49559.000000	2026-07-23	NULL	2026-07-23	0.000000	NULL	38
BH-BT	FG0000454	COLD PRESS GROUNDNUT 500 MLS 24 PCS	102	576.000000	0.000000	47552.000000	2026-08-08	NULL	2026-08-08	0.000000	NULL	22
BH-BT	FG0000377	ILAHI EXTRA VIRGIN OLIVE 1 LTR 12 PCS	102	156.000000	0.000000	43149.000000	2026-08-29	NULL	2026-08-29	0.000000	NULL	1
BH-BT	FG0000222	JIVO DESI GHEE 500 MLS 16 PCS	102	216.000000	0.000000	42858.000000	2026-07-25	NULL	2026-07-25	0.000000	NULL	36
BH-BT	FG0000069	COLD PRESS 5 LTR + COLD PRESS 1 LTR 3 PCS SHRINKED PLAIN	102	50.000000	0.000000	37043.000000	2026-08-01	NULL	2026-07-23	0.000000	NULL	29
BH-BT	FG0000370	EXTRA LIGHT OLIVE 3 LTR TIN 2 PCS	102	79.000000	0.000000	35308.000000	2026-08-01	NULL	2026-08-01	0.000000	NULL	29
BH-BT	FG0000013	REFINED OIL 1000 MLS	102	9.050000	118.000000	26951.000000	2026-08-29	2026-08-11	2026-08-03	183.000000	19	1
BH-BT	FG0000242	SANO SUNFLOWER OIL 869 GMS 20 PCS	102	173.000000	0.000000	23362.000000	2026-08-29	NULL	2026-08-29	0.000000	NULL	1
BH-BT	FG0000047	COLD PRESS 3 LTR + EXTRA LIGHT OLIVE 1 LTR 6 PCS	102	48.000000	0.000000	22928.000000	2026-08-29	2026-07-31	2026-07-23	238.000000	30	1
BH-BT	FG0000128	JIVO GOLD 5 LTR 4 PCS	102	27.000000	40.000000	20541.000000	2026-08-12	2026-08-29	2026-08-01	44.000000	1	18
BH-BT	FG0000332	VEDAKA SUNFLOWER 5 LTR 4 PCS	102	32.000000	0.000000	20310.000000	2026-07-23	NULL	2026-07-23	0.000000	NULL	38
BH-BT	FG0000146	COLD PRESS 5 LTR + POMACE OLIVE 1 LTR 3 PCS SHRINKED	102	21.000000	0.000000	20141.000000	2026-08-29	NULL	2026-08-29	0.000000	NULL	1
BH-BT	FG0000399	JIVO KACHI GHANI COLD PRESSED MUSTARD OIL 5 LTR 4 PCS ( CSD )	102	5.000000	399.000000	15838.000000	2026-08-10	2026-08-11	2026-08-05	493.000000	19	20
BH-BT	FG0000379	MUSTARD KACHI GHANI 1 LTR 20 PCS ROUND BOTTLE	102	109.000000	600.000000	15677.000000	2026-08-14	2026-08-25	2026-07-23	21147.000000	5	16
BH-BT	FG0000372	POMACE OLIVE 3 LTR TIN 2 PCS	102	32.000000	0.000000	15575.000000	2026-08-01	NULL	2026-07-23	0.000000	NULL	29
BH-BT	FG0000405	COLD PRESS 4 LTR (NIRMAL RISHI ) + POMACE OLIVE 1 LTR 5 PCS	102	25.000000	0.000000	15409.000000	2026-08-29	NULL	2026-08-29	0.000000	NULL	1
BH-BT	FG0000443	FIRST PRESSED MUSTARD OIL 1 LTR 20 PCS	102	95.000000	0.000000	14908.000000	2026-07-23	NULL	2026-07-23	0.000000	NULL	38
BH-BT	FG0000002	COLD PRESS 5 LTR + COLD PRESS 1 LTR 4 PCS	102	20.000000	0.000000	14082.000000	2026-07-23	NULL	2026-07-23	0.000000	NULL	38
BH-BT	FG0000133	COLD PRESSED SUNFLOWER OIL 2 LTR 10 PCS HANDLE	102	39.000000	0.000000	11811.000000	2026-08-01	NULL	2026-08-01	0.000000	NULL	29
BH-BT	FG0000295	MUSTARD KACHI GHANI 4 LTR 5 PCS	102	21.000000	0.000000	11806.000000	2026-07-23	NULL	2026-07-23	0.000000	NULL	38
BH-BT	FG0000104	EXTRA LIGHT OLIVE 100 MLS 10 PCS(CSD)	102	50.000000	275.000000	10873.000000	2026-08-10	2026-08-11	2026-08-01	355.000000	19	20
BH-BT	FG0000243	SANO MUSTARD OIL 869 GMS 20 PCS	102	79.000000	0.000000	9438.000000	2026-08-29	NULL	2026-08-29	0.000000	NULL	1
BH-BT	FG0000193	SOYABEAN OIL 1 LTR 20 PCS	102	71.000000	0.000000	9230.000000	2026-08-29	2026-08-27	2026-07-23	8.000000	3	1
BH-BT	FG0000188	ZANO EXTRA LIGHT OLIVE 1 LTR 16 PCS	102	34.000000	0.000000	8621.000000	2026-08-29	NULL	2026-08-29	0.000000	NULL	1
BH-BT	FG0000394	JIVO POMACE OLIVE OIL 1 LTR 16 PCS ( CSD )	102	3.000000	28.000000	8597.000000	2026-08-06	2026-08-10	2026-08-04	11.000000	20	24
BH-BT	PM0000071	SHRINKS 1 LTR 235X310	105	7000.000000	0.000000	8105.000000	2026-07-23	NULL	2026-07-23	0.000000	NULL	38
BH-BT	FG0000024	COLD PRESS 1 LTR 24 PCS	102	54.000000	0.000000	7982.000000	2026-08-01	NULL	2026-08-01	0.000000	NULL	29
BH-BT	FG0000362	LA RASOI COLD PRESSED CANOLA OIL 2 LTR 10 PCS HANDLE	102	30.000000	0.000000	7281.000000	2026-07-23	NULL	2026-07-23	0.000000	NULL	38
BH-BT	FG0000305	JAITOON OIL 5 LTR 4 PCS	102	6.000000	0.000000	7204.000000	2026-08-29	NULL	2026-08-29	0.000000	NULL	1
BH-BT	FG0000105	EXTRA LIGHT OLIVE 250 MLS 4 PCS(CSD)	102	29.000000	318.000000	7083.000000	2026-08-10	2026-08-11	2026-08-03	377.000000	19	20
BH-BT	PM0000249	CARTON 5 LTR TIN 1 PCS WITH THERMOCOL	105	660.000000	0.000000	6600.000000	2026-07-23	NULL	2026-07-23	0.000000	NULL	38
BH-BT	PM0000629	CARTON TIN TOP	105	2000.000000	0.000000	6420.000000	2026-08-08	NULL	2026-08-08	0.000000	NULL	22
BH-BT	FG0000320	YELLOW MUSTARD OIL 1 LTR 16 PCS	102	33.000000	0.000000	5559.000000	2026-07-23	NULL	2026-07-23	0.000000	NULL	38
BH-BT	FG0000138	SANO SUNFLOWER OIL 1 LTR 20 PCS	102	33.000000	0.000000	4553.000000	2026-07-23	NULL	2026-07-23	0.000000	NULL	38
BH-BT	PM0000276	CARTON CHOCO 375 GMS CHOCO 4 PCS	105	240.000000	0.000000	4440.000000	2026-07-23	NULL	2026-07-23	0.000000	NULL	38
BH-BT	FG0000154	MUSTARD OIL 100 MLS 20 PCS(CSD)	102	12.000000	118.000000	4437.000000	2026-08-10	2026-08-11	2026-08-04	183.000000	19	20
BH-BT	PM0000005	CARTON 1 LTR 12 POUCHES	105	190.000000	0.000000	4330.000000	2026-07-24	2026-07-30	2026-07-23	450.000000	31	37
BH-BT	FG0000312	VEDAKA POMACE 1 LTR 16 PCS	102	17.000000	0.000000	4258.000000	2026-07-23	NULL	2026-07-23	0.000000	NULL	38
BH-BT	FG0000271	DESI GHEE 1000 MLS 9 PCS STEELJAR	102	8.000000	0.000000	4192.000000	2026-08-05	NULL	2026-08-05	0.000000	NULL	25
BH-BT	PM0000825	CARTON 1 LTR 20 PCS NEW	105	110.000000	15.000000	4167.000000	2026-07-24	2026-07-30	2026-07-23	10.000000	31	37
BH-BT	FG0000397	JIVO EXTRA VIRGIN OLIVE OIL 500 MLS 24 PCS ( CSD )	102	1.000000	17.000000	2892.000000	2026-08-07	2026-08-10	2026-08-04	29.000000	20	23
BH-BT	FG0000334	VEDAKA WOOD PRESSED PEANUT OIL 5 LTR 4 PCS	102	4.000000	0.000000	2787.000000	2026-07-23	NULL	2026-07-23	0.000000	NULL	38
BH-BT	FG0000423	COLD PRESS SUNFLOWER 1 LTR 24 PCS	102	16.000000	0.000000	2556.000000	2026-08-29	NULL	2026-08-29	0.000000	NULL	1
BH-BT	FG0000381	EXTRA VIRGIN OLIVE OIL 10ML	102	495.000000	0.000000	2256.000000	2026-08-17	NULL	2026-08-17	0.000000	NULL	13
BH-BT	FG0000417	COLD PRESS SUNFLOWER 5LTR 5 PCS	102	3.000000	0.000000	2241.000000	2026-07-23	NULL	2026-07-23	0.000000	NULL	38
BH-BT	FG0000149	JIVO GOLD 1 LTR 20 PCS	102	14.000000	200.000000	1949.000000	2026-07-23	NULL	2026-07-23	0.000000	NULL	38
BH-BT	FG0000145	COLD PRESS 5 LTR + POMACE OLIVE 1 LTR 4 PCS	102	2.000000	0.000000	1495.000000	2026-08-29	NULL	2026-08-29	0.000000	NULL	1
BH-BT	PM0000013	CARTON 5 LTR 4 PCS	105	45.000000	4.000000	1432.000000	2026-07-24	2026-07-30	2026-07-23	75.000000	31	37
BH-BT	PM0000246	CARTON 5 LTR 5 PCS	105	36.000000	0.000000	1179.000000	2026-07-23	NULL	2026-07-23	0.000000	NULL	38
BH-BT	PM0000082	CARTON 5 LTR OLIVE 4 PCS	105	20.000000	1.000000	532.000000	2026-07-23	NULL	2026-07-23	0.000000	NULL	38
BH-BT	FG0000161	EXTRA VIRGIN OLIVE 500 MLS 24 PCS	102	7.000000	120.000000	504.000000	2026-07-23	2026-08-08	2026-07-23	16.000000	22	38
BH-BT	PM0000657	CARTON 1 LTR 16 PCS SANO	105	15.000000	0.000000	397.000000	2026-07-23	NULL	2026-07-23	0.000000	NULL	38
BH-BT	FG0000116	EXTRA VIRGIN COCONUT OIL 1 LTR 16 PCS	102	1.000000	0.000000	350.000000	2026-08-06	2026-08-07	2026-08-01	81.000000	23	24
BH-BT	PM0000003	CARTON 1 LTR POMACE 16 PCS	105	10.000000	8.000000	265.000000	2026-07-23	NULL	2026-07-23	0.000000	NULL	38
BH-BT	RM0000006	DESI GHEE	106	0.020000	0.000000	9.000000	2026-08-04	2026-08-04	2026-08-04	30.400000	26	26
BH-BT	FG0000042	EXTRA VIRGIN OLIVE 1 LTR 16 PCS	102	414.000000	530.000000	0.000000	2026-08-17	2026-08-29	2026-07-23	10612.000000	1	13
BH-BT	FG0000123	CANOLA OIL 1 LTR + 1 LTR COMBO 10 SET	102	960.000000	0.000000	0.000000	2026-07-23	NULL	2026-07-23	0.000000	NULL	38
BH-BT	FG0000082	DESI GHEE A2 500 MLS 16 PCS	102	66.000000	0.000000	0.000000	2026-08-05	2026-08-12	2026-08-05	1001.000000	18	25
BH-FG	FG0000042	EXTRA VIRGIN OLIVE 1 LTR 16 PCS	102	5046.000000	0.000000	2904116.000000	2026-04-07	2026-04-15	2024-09-30	0.000000	137	145
BH-FG	FG0000367	SANO POMACE OLIVE OIL 15 L	102	400.000000	0.000000	1767900.000000	2026-05-15	2026-05-13	2026-03-31	0.000000	109	107
BH-FG	FG0000074	EXTRA VIRGIN OLIVE 5 LTR TIN 4 PCS IMPORTED	102	516.000000	12.000000	1554594.000000	2026-05-15	2026-05-25	2024-09-30	0.000000	97	107
BH-FG	FG0000004	COLD PRESS 5 LTR 4 PCS	102	1973.000000	608.000000	1480519.000000	2026-05-15	2026-05-12	2024-09-30	0.000000	110	107
BH-FG	RM0000012	EXTRA LIGHT OLIVE LOSSE OIL IMPORTED	106	2800.000000	0.000000	1445053.000000	2026-03-23	2024-10-17	2024-10-17	0.000000	682	160
BH-FG	RM0000014	EXTRA VIRGIN OLIVE OIL IMPORTED	106	2000.000000	0.000000	1192085.000000	2026-03-23	2025-05-08	2024-10-17	0.000000	479	160
BH-FG	FG0000028	POMACE OLIVE 1 LTR 16 PCS	102	29.000000	2016.000000	556224.000000	2026-04-07	2026-04-15	2024-09-30	0.000000	137	145
BH-FG	FG0000030	MUSTARD KACHI GHANI 1 LTR 20 PCS	102	3380.000000	9000.000000	458362.000000	2026-05-15	2026-05-12	2024-09-30	0.000000	110	107
BH-FG	FB0000017	MUSTARD KACCHI GHANI 5 LTR 4 PCS	102	430.000000	4.000000	353636.000000	2026-03-31	2026-01-27	2025-09-04	0.000000	215	152
BH-FG	FG0000151	SANO POMACE OLIVE 5 LTR TIN 4 PCS	102	350.000000	4.000000	259038.000000	2026-04-05	2026-01-27	2024-09-30	0.000000	215	147
BH-FG	PM0000806	GIFT BOX	105	522.000000	0.000000	247950.000000	2026-04-02	2026-04-02	2025-10-09	0.000000	150	150
BH-FG	PM0000336	INSTANT COFFEE AGGLO	106	175.000000	0.000000	225750.000000	2026-02-13	2026-02-13	2024-12-14	0.000000	198	198
BH-FG	RM0000060	ILACHI SMALL	106	53.600000	0.000000	148038.000000	2026-03-20	2026-03-30	2026-03-09	0.000000	153	163
BH-FG	FG0000324	SESAME OIL 1 LTR 20 PCS	102	466.000000	0.000000	98764.000000	2026-04-07	2026-04-15	2025-09-09	0.000000	137	145
BH-FG	FG0000106	MUSTARD KACHHI GHANI 1 LTR POUCH 12 PCS	102	600.000000	0.000000	78354.000000	2026-04-07	2025-06-16	2024-09-30	0.000000	440	145
BH-FG	SC0000089	PYRAMID MODEL SINGLE WALL WATER BOTTLE	107	500.000000	0.000000	53570.000000	2024-10-24	NULL	2024-10-24	0.000000	NULL	675
BH-FG	PM0000853	POUCH 250 GM JIVO PREMIUM TEA	105	150230.000000	0.000000	36055.000000	2026-03-25	2026-04-24	2026-03-23	0.000000	128	158
BH-FG	FG0000031	MUSTARD PAKKI GHANI 1 LTR 20 PCS	102	200.000000	0.000000	30014.000000	2026-05-15	2026-05-12	2024-09-30	0.000000	110	107
BH-FG	PM0000391	PET JAR 35 GMS 200 GMS SEEDS	105	2419.000000	0.000000	29633.000000	2026-03-10	2026-05-12	2025-04-14	0.000000	110	173
BH-FG	FB0000014	EXTRA VIRGIN OLIVE 1 LTR 16 PCS	102	106.000000	0.000000	25983.000000	2026-03-31	2026-02-02	2025-09-04	0.000000	209	152
BH-FG	FB0000015	RICE BRAN OIL 5 LTR 4 PCS	102	32.000000	0.000000	21096.000000	2026-03-31	2026-02-02	2025-09-04	0.000000	209	152
BH-FG	PM0000623	GIFT PACKING BASKET BIG + 2 DIYAS	105	140.000000	0.000000	17500.000000	2026-03-18	2026-02-04	2025-10-06	0.000000	207	165
BH-FG	PM0000390	PET JAR 60 GMS 400 GMS SEEDS	105	1323.000000	0.000000	17199.000000	2026-03-10	NULL	2026-03-10	0.000000	NULL	173
BH-FG	PM0000624	GIFT PACKING BASKET SMALL	105	771.000000	0.000000	15420.000000	2026-03-18	2026-02-04	2025-10-06	0.000000	207	165
BH-FG	FG0000088	COLD PRESS 1 LTR +1 LTR COMBO 10 SET PLAIN	102	32.000000	0.000000	14947.000000	2026-03-10	2026-03-20	2024-09-30	0.000000	163	173
BH-FG	PM0000389	PET JAR 75 GMS 800 GMS SEEDS	105	851.000000	0.000000	13616.000000	2026-03-10	2026-05-12	2026-03-10	0.000000	110	173
BH-FG	FG0000032	COLD PRESS 1 LTR 20 PCS	102	90.000000	7.000000	12522.000000	2026-04-07	2026-04-15	2024-09-30	0.000000	137	145
BH-FG	PM0000005	CARTON 1 LTR 12 POUCHES	105	250.000000	0.000000	4905.000000	2026-03-27	2026-04-13	2024-09-30	0.000000	139	156
BH-FG	FG0000254	PET BOTTLE 500 MLS MANGO 18 PCS	102	127.000000	0.000000	4536.000000	2025-04-05	2025-04-25	2024-10-21	0.000000	492	512
BH-FG	PM0000774	POUCH 100 GM ZIPPER	105	2313.000000	0.000000	3701.000000	2026-03-18	2026-02-04	2025-10-06	0.000000	207	165
BH-FG	PM0000511	POUCH SPICES CARDAMOM 100 GMS	105	304.000000	0.000000	3648.000000	2026-03-10	NULL	2026-03-10	0.000000	NULL	173
BH-FG	PM0000284	CARTON 1 LTR DESI GHEE 9 PCS	105	85.670000	0.000000	3512.000000	2026-03-10	2026-04-17	2024-09-30	0.000000	135	173
BH-FG	PM0000074	TAPE CELLO	105	8600.000000	0.000000	3412.000000	2026-04-03	2026-02-18	2024-09-30	0.000000	193	149
BH-FG	RM0000042	QUINOA SEEDS	106	40.800000	0.000000	2938.000000	2026-03-09	NULL	2026-03-09	0.000000	NULL	174
BH-FG	FG0000409	COLD PRESS GROUNDNUT OIL 200 MLS 70 PCS	102	70.000000	0.000000	2620.000000	2026-04-11	2026-04-11	2026-04-03	0.000000	141	141
BH-FG	PM0000479	LABEL 400 GMS CHIA SEEDS FULL	105	555.000000	0.000000	1808.000000	2026-03-10	NULL	2026-03-10	0.000000	NULL	173
BH-FG	PM0000656	GLASS BOTTLE 250 ML	105	118.000000	0.000000	1722.000000	2026-03-18	2026-04-18	2025-01-25	0.000000	134	165
BH-FG	PM0000229	CARTON 4 LTR 5 PCS	105	55.000000	0.000000	1650.000000	2026-03-18	2026-03-24	2024-09-30	0.000000	159	165
BH-FG	PM0000003	CARTON 1 LTR POMACE 16 PCS	105	55.000000	0.000000	1317.000000	2026-03-27	2026-04-15	2024-09-30	0.000000	137	156
BH-FG	PM0000105	CARTON 1000 MLS DESI GHEE 12 PCS	105	42.233100	0.000000	1098.000000	2026-03-10	2026-02-04	2025-04-14	0.000000	207	173
BH-FG	PM0000075	TAPE LOGO PRINTED	105	2049.065600	0.000000	827.000000	2026-03-18	2026-04-30	2024-11-29	0.000000	122	165
BH-FG	PM0000472	LABEL 200 GMS BASIL SEEDS FULL	105	418.000000	0.000000	752.000000	2026-03-10	NULL	2026-03-10	0.000000	NULL	173
BH-FG	PM0000333	CAPS 250 MLS GLASS BOTTLE	105	190.000000	0.000000	577.000000	2026-03-18	2026-05-11	2025-01-25	0.000000	111	165
BH-FG	PM0000478	LABEL 200 GMS CHIA SEEDS FULL	105	279.000000	0.000000	502.000000	2026-03-10	NULL	2026-03-10	0.000000	NULL	173
BH-FG	PM0000006	CARTON 1 LTR 20 PCS PET 40 GM	105	15.000000	0.000000	474.000000	2026-03-27	2026-04-13	2024-09-30	0.000000	139	156
BH-FG	PM0000475	LABEL 200 GMS FLAX SEEDS FULL	105	241.000000	0.000000	434.000000	2026-03-10	2026-07-29	2026-03-10	400.000000	32	173
BH-FG	FG0000357	ROASTED KAJU 1 KGS	102	0.400000	0.000000	370.000000	2025-12-12	2026-01-23	2025-12-11	0.000000	219	261
BH-FG	PM0000517	PET BOTTLE 1 LTR 75 GMS	105	26.000000	0.000000	361.000000	2026-02-26	2026-02-26	2025-06-11	0.000000	185	185
BH-FG	PM0000825	CARTON 1 LTR 20 PCS NEW	105	10.000000	0.000000	354.000000	2026-03-18	2026-03-06	2026-02-28	0.000000	177	165
BH-FG	FG0000356	ROASTED BADAM 1 KGS	102	0.400000	0.000000	321.000000	2025-12-12	2026-01-23	2025-12-11	0.000000	219	261
BH-FG	PM0000485	LABEL 400 GMS PUMPKIN SEEDS FULL	105	107.000000	0.000000	310.000000	2026-03-10	2026-07-29	2026-03-10	400.000000	32	173
BH-FG	PM0000664	LABEL 200 GMS QUINOA SEEDS FULL	105	122.000000	0.000000	220.000000	2026-03-10	NULL	2026-03-10	0.000000	NULL	173
BH-FG	PM0000484	LABEL 200 GMS PUMPKIN SEEDS FULL	105	75.000000	0.000000	135.000000	2026-03-10	2026-07-29	2026-03-10	400.000000	32	173
BH-FG	PM0000666	LABEL 800 GMS QUINOA SEEDS FULL	105	20.000000	0.000000	84.000000	2026-03-10	NULL	2026-03-10	0.000000	NULL	173
BH-FG	PM0000084	PET BOTTLE 5 LTR	105	2.000000	0.000000	53.000000	2026-04-28	2026-04-04	2025-03-03	0.000000	148	124
BH-FG	PM0000830	TIN 3 LTR POMACE OLIVE PRINTED	105	1.000000	0.000000	50.000000	2026-02-23	NULL	2026-02-23	0.000000	NULL	188
BH-FG	PM0000301	FLAX SEEDS ALSI	106	0.300000	0.000000	25.000000	2026-03-11	2026-03-30	2026-03-09	0.000000	153	172
BH-FG	PM0000615	CARTON 1 LTR 12 PCS VICTORY	105	1.000000	0.000000	22.000000	2026-02-23	2026-04-17	2026-02-11	0.000000	135	188
BH-FG	PM0000560	PET BOTTLE 2 LTR 80 GRM (GREEN HANDLE)	105	1.000000	0.000000	21.000000	2026-02-23	2026-02-01	2025-11-22	0.000000	210	188
BH-FG	PM0000697	PET BOTTLE 2 LTR 80 GM OLIVE GREEN HANDLE VEDAKA	105	1.000000	0.000000	20.000000	2026-02-23	NULL	2026-02-23	0.000000	NULL	188
BH-FG	PM0000619	PET BOTTLE 500 MLS 35 GMS GREEN EXPORT	105	1.000000	0.000000	7.000000	2026-02-23	2025-06-11	2025-03-03	0.000000	445	188
BH-FG	PM0000665	LABEL 400 GMS QUINOA SEEDS FULL	105	1.000000	0.000000	3.000000	2026-03-10	NULL	2026-03-10	0.000000	NULL	173
BH-FG	PM0000632	CARTON 5 LTR TIN OLIVE 4 PCS SANO	105	0.005000	0.000000	0.000000	2026-03-18	2026-05-11	2025-02-20	0.000000	111	165
BH-FG	FG0000284	SLICED OXIDIZED BLACK OLIVES (470 GM) 12 PCS	102	76.000000	0.000000	0.000000	2026-03-30	2026-01-06	2025-02-19	0.000000	236	153
BH-FG	PM0000822	POUCH SPICES CUMIN SEEDS 100 GMS ROLL KGS	105	11.900000	0.000000	0.000000	2026-02-05	2026-02-11	2026-01-01	0.000000	200	206
BH-FG	PM0000790	LABEL 250 MLS PRESSED GROUNDNUT OIL BACK	105	214.000000	0.000000	0.000000	2026-03-18	NULL	2026-03-18	0.000000	NULL	165
BH-FG	PM0000791	LABEL 250 MLS PRESSED GROUNDNUT OIL FRONT	105	214.000000	0.000000	0.000000	2026-03-18	NULL	2026-03-18	0.000000	NULL	165
BH-FG	PM0000805	GIFT PACK GLASS JAR 180 GMS	105	280.000000	0.000000	0.000000	2026-03-18	2026-02-04	2025-10-06	0.000000	207	165
BH-FG	FG0000345	WHEATGRASS GUMMY (SUGAR FREE)	102	76.000000	0.000000	0.000000	2026-04-02	NULL	2026-04-02	0.000000	NULL	150
BH-FG	PM0000062	CAPS 5 LTR	105	5.000000	0.000000	0.000000	2026-03-02	2026-02-04	2025-03-03	0.000000	207	181
BH-FG	PM0000808	LABEL 500 GRM HONEY BACK	105	70.000000	0.000000	0.000000	2026-04-02	2026-04-18	2026-03-30	0.000000	134	150
BH-FG	PM0000807	LABEL 500 GRM HONEY FRONT	105	70.000000	0.000000	0.000000	2026-04-02	2026-04-18	2026-03-30	0.000000	134	150
BH-FG	SC0000079	PAIN OIL 250 MLS 4 PCS	107	7.000000	0.000000	-804.000000	2026-03-06	2026-04-15	2024-09-30	0.000000	137	177
BH-GJ	RM0000003	MUSTARD LOOSE OIL	106	43736.220000	0.000000	6361231.000000	2026-08-29	2026-08-28	2024-10-01	1927306.004800	2	1
BH-GJ	RM0000004	LOOSE OIL EXTRA VIRGIN OLIVE	106	40.000000	0.000000	40000.000000	2026-07-02	2026-03-17	2024-10-19	0.000000	166	59
BH-GJ	RM0000025	SOYABEAN REFINED LOOSE OIL	106	186.813000	0.000000	-297980.000000	2026-08-29	2026-08-29	2024-09-30	2857843.296000	1	1
BH-JW	FG0000409	COLD PRESS GROUNDNUT OIL 200 MLS 70 PCS	102	2617.000000	0.000000	88955.000000	2026-06-30	2026-06-09	2026-05-08	23800.000000	82	61
BH-JW	PM0000853	POUCH 250 GM JIVO PREMIUM TEA	105	241230.000000	0.000000	57895.000000	2026-05-08	NULL	2026-05-08	0.000000	NULL	114
BH-JW	PM0000274	GLASS JAR 1000 MLS A2 DESI GHEE	105	1530.000000	0.000000	45064.000000	2026-08-11	NULL	2026-08-11	0.000000	NULL	19
BH-JW	PM0000912	GLASS JAR 200 MLS A2 DESI GHEE	105	4032.000000	0.000000	33062.000000	2026-08-11	NULL	2026-08-11	0.000000	NULL	19
BH-JW	PM0000554	CAPS GLASS JAR 63 MM	105	4032.000000	0.000000	16692.000000	2026-08-11	NULL	2026-08-11	0.000000	NULL	19
BH-JW	PM0000275	CAPS GLASS JAR 82 MM A2 DESI GHEE 1 LTR & 500 MLS	105	1530.000000	0.000000	8469.000000	2026-08-11	NULL	2026-08-11	0.000000	NULL	19
BH-JW	PM0000075	TAPE LOGO PRINTED	105	0.562100	0.000000	0.000000	2026-06-30	2026-06-30	2026-04-30	364.252700	61	61
BH-LO	RM0000066	PEANUT OIL	106	230874.871000	0.000000	36215814.000000	2026-08-26	2026-08-29	2026-06-02	568596.857000	1	4
BH-LO	RM0000003	MUSTARD LOOSE OIL	106	129952.002800	20666.000000	19614491.000000	2026-08-28	2026-08-29	2024-09-30	2095312.000000	1	2
BH-LO	RM0000025	SOYABEAN REFINED LOOSE OIL	106	98365.480100	22800.000000	13647573.000000	2026-08-29	2026-08-29	2024-09-30	2987127.710000	1	1
BH-LO	RM0000007	RICE BRAN REFINED OIL	106	67309.673500	3536.000000	8875972.000000	2026-08-24	2026-08-27	2024-09-30	241803.000000	3	6
BH-LO	SF0000009	REFINED CANOLA OIL 15 KG TIN	115	3249.000000	0.000000	7425100.000000	2026-07-18	2026-06-25	2026-06-25	1500.000000	66	43
BH-LO	RM0000013	POMACE OLIVE LOOSE OIL IMPORTED	106	17221.925200	0.000000	5229998.000000	2026-07-14	2026-08-29	2025-01-13	56500.000000	1	47
BH-LO	RM0000012	EXTRA LIGHT OLIVE LOSSE OIL IMPORTED	106	9700.000000	0.000000	5006077.000000	2026-03-23	2026-07-14	2024-09-30	10900.000000	47	160
BH-LO	RM0000015	LOOSE OIL COLD PRESS/REFINED	106	35295.280100	0.000000	4727313.000000	2026-08-11	2026-08-22	2026-06-30	555795.641000	8	19
BH-LO	RM0000001	LOOSE REFINED OLIVE OIL	106	10687.120700	176.000000	3242467.000000	2026-08-29	2026-08-29	2024-09-30	1464847.440000	1	1
BH-LO	RM0000043	COCONUT OIL	106	9909.126600	0.000000	2559402.000000	2026-06-27	2026-05-19	2024-09-30	0.000000	103	64
BH-LO	RM0000053	LOOSE OIL SESAME SEED OIL (TOASTED)	106	13105.370000	0.000000	2310667.000000	2026-08-29	2026-04-03	2025-07-22	0.000000	149	1
BH-LO	RM0000034	LOOSE OIL RICE BRAN & OLIVE	106	16106.000000	5760.000000	2038481.000000	2026-07-24	2026-02-28	2024-09-30	0.000000	183	37
BH-LO	RM0000037	COCONUT EXTRA VIRGIN OIL	106	5608.624200	0.000000	1724387.000000	2026-08-24	2026-08-07	2024-09-30	2539.000000	23	6
BH-LO	RM0000039	A-2 COW GHEE	106	2100.675000	0.000000	1691370.000000	2026-07-24	2025-08-13	2024-09-30	0.000000	382	37
BH-LO	RM0000006	DESI GHEE	106	3046.700000	64.000000	1309434.000000	2026-07-24	2026-02-03	2024-09-30	0.000000	208	37
BH-LO	RM0000009	REFINED SUNFLOWER OIL	106	8725.450000	920.000000	1185740.000000	2026-08-24	2026-08-20	2024-09-30	744090.000000	10	6
BH-LO	RM0000021	LOOSE OIL GOLD	106	8177.000000	9780.000000	1108721.000000	2026-08-29	2026-08-25	2024-09-30	86088.000000	5	1
BH-LO	RM0000054	SEASAME OIL	106	3039.666000	0.000000	616840.000000	2026-08-24	2026-08-29	2025-07-23	10122.000000	1	6
BH-LO	RM0000055	VEGETABLE OIL (15 KGS) PER TIN	106	160.000000	0.000000	579048.000000	2026-01-12	2025-11-11	2025-07-04	0.000000	292	230
BH-LO	RM0000040	SO OLIVE OIL	106	1661.000000	0.000000	219990.000000	2026-08-24	2026-07-22	2024-09-30	15370.000000	39	6
BH-LO	RM0000004	LOOSE OIL EXTRA VIRGIN OLIVE	106	494.043800	1078.188800	212985.000000	2026-04-02	2025-04-12	2024-09-30	0.000000	505	150
BH-LO	RM0000008	LOOSE OIL EXTRA LIGHT OLIVE	106	1432.000000	0.000000	205535.000000	2026-08-13	2025-10-01	2024-09-30	0.000000	333	17
BH-LO	RM0000010	POMACE OLIVE LOOSE OIL BOM	106	730.570000	0.000000	198629.000000	2026-08-13	2025-02-28	2024-09-30	0.000000	548	17
BH-LO	RM0000002	CANOLA COLD PRESS LOOSE OIL OLD	106	1130.135600	23585.000000	153629.000000	2026-08-29	2026-08-29	2024-09-30	1128181.009000	1	1
BH-LO	RM0000056	JAITOON OIL (LOOSE)	106	162.000000	0.000000	35420.000000	2026-08-13	2025-09-17	2025-07-11	0.000000	347	17
BH-LO	RM0000011	GROUNDNUT LOOSE OIL	106	203.975800	15284.000000	29714.000000	2026-08-29	2026-08-29	2024-09-30	937875.000000	1	1
BH-LO	RM0000022	PAIN OIL	106	53.170000	0.000000	20127.000000	2025-05-24	2025-05-28	2024-09-30	0.000000	459	463
BH-LO	RM0000049	AKHROT WALNUT	106	11.500000	0.000000	7590.000000	2025-08-17	NULL	2025-08-17	0.000000	NULL	378
BH-LO	RM0000051	JIVO ROSEMARY LEAVE	106	26.650000	0.000000	6663.000000	2025-08-17	NULL	2025-08-17	0.000000	NULL	378
BH-LO	RM0000030	REFINED COTTON OIL	106	179.079700	31680.930000	3045.000000	2026-08-13	2026-06-16	2024-09-30	25600.000000	75	17
BH-LO	SC0000051	VITAMIN AD2 PREMIX FOR OIL FORTIFICATION	106	1.750800	0.000000	975.000000	2025-02-03	2025-02-01	2024-09-30	0.000000	575	573
BH-NM	PM0000824	LABEL 1 LTR KACHI GHANI FULL	105	342000.000000	0.000000	164146.000000	2026-08-11	2026-07-26	2026-03-12	342000.000000	35	19
BH-NM	PM0000823	LABEL 1 LTR KACHI GHANI FULL SANO	105	328997.000000	0.000000	113504.000000	2026-08-11	2026-07-26	2026-03-12	380197.000000	35	19
BH-NM	PM0000278	CARTON MONO A2 DESI GHEE 500 MLS	105	1790.000000	0.000000	67232.000000	2026-08-03	2026-02-01	2025-11-22	0.000000	210	27
BH-NM	PM0000603	TIKKI 500 ML MANGO FREE WITH CANOLA	105	75900.000000	0.000000	37655.000000	2026-07-28	2026-07-26	2025-10-15	75900.000000	35	33
BH-NM	PM0000517	PET BOTTLE 1 LTR 75 GMS	105	1553.000000	0.000000	21587.000000	2026-08-08	2026-07-28	2025-10-13	1217.000000	33	22
BH-NM	PM0000154	LABEL 500 MLS EXTRA VIRGIN OLIVE	105	8200.000000	0.000000	21236.000000	2026-07-28	2026-02-01	2025-11-22	0.000000	210	33
BH-NM	PM0000363	LABEL 2 LTR SUNFLOWER HANDEL BOTTLE BACK	105	15600.000000	0.000000	15435.000000	2026-07-28	2026-02-16	2025-11-22	0.000000	195	33
BH-NM	PM0000364	LABEL 2 LTR SUNFLOWER HANDEL BOTTLE FRONT	105	15600.000000	0.000000	15435.000000	2026-07-28	2026-02-16	2025-11-22	0.000000	195	33
BH-NM	PM0000101	LABEL 100 MLS OLIVE GLASS BOTTLE BACK	105	17325.000000	0.000000	12994.000000	2026-07-28	2026-02-01	2025-10-15	0.000000	210	33
BH-NM	PM0000100	LABEL 100 MLS OLIVE GLASS BOTTLE FRONT	105	17325.000000	0.000000	12994.000000	2026-07-28	2026-02-01	2025-10-15	0.000000	210	33
BH-NM	PM0000060	CAPS 1 & 2 LTR WHITE AND BLUE WITH LOGO	105	8458.000000	0.000000	10403.000000	2026-08-12	2026-07-28	2025-10-10	480.000000	33	18
BH-NM	PM0000374	LABEL 1 LTR SUNFLOWER FRONT SANO	105	12500.000000	0.000000	9950.000000	2026-07-28	2026-07-26	2025-10-15	7500.000000	35	33
BH-NM	PM0000373	LABEL 1 LTR SUNFLOWER BACK SANO	105	11900.000000	0.000000	9471.000000	2026-07-28	2026-07-26	2025-10-15	7500.000000	35	33
BH-NM	PM0000017	LABEL 1 LTR EXTRA LIGHT BACK	105	25700.000000	0.000000	8995.000000	2026-07-28	2026-07-26	2026-02-01	56328.000000	35	33
BH-NM	PM0000018	LABEL 1 LTR EXTRA LIGHT FRONT	105	25700.000000	0.000000	8995.000000	2026-07-28	2026-07-26	2026-02-01	55500.000000	35	33
BH-NM	PM0000430	LABEL 15 LTR REFINED COTTON SEED	105	3070.000000	0.000000	6043.000000	2026-07-28	2026-07-26	2025-10-15	3070.000000	35	33
BH-NM	PM0000482	LABEL 400 GMS SUNFLOWER SEEDS FULL	105	2000.000000	0.000000	5800.000000	2026-08-03	NULL	2026-07-29	0.000000	NULL	27
BH-NM	PM0000400	LABEL 1 LTR EXTRA LIGHT OLIVE FRONT SANO	105	15000.000000	0.000000	5250.000000	2026-07-28	2026-02-01	2025-10-15	0.000000	210	33
BH-NM	PM0000399	LABEL 1 LTR EXTRA LIGHT OLIVE BACK SANO	105	15000.000000	0.000000	5250.000000	2026-07-28	2026-02-01	2025-10-15	0.000000	210	33
BH-NM	PM0000241	LABEL 1 LTR VEDAKA CANOLA FRONT	105	10000.000000	0.000000	5000.000000	2026-07-28	2026-07-26	2025-11-22	10500.000000	35	33
BH-NM	PM0000242	LABEL 1 LTR VEDAKA CANOLA BACK	105	10000.000000	0.000000	5000.000000	2026-07-28	2026-07-26	2025-11-22	11000.000000	35	33
BH-NM	PM0000381	LABEL 200 MLS EXTRA VIRGIN TIN	105	1100.000000	0.000000	4950.000000	2026-07-28	2025-12-17	2025-11-22	0.000000	256	33
BH-NM	PM0000238	TIKKI 500 MLS OLIVE	105	26000.000000	0.000000	4940.000000	2026-07-28	2026-07-26	2025-10-15	26000.000000	35	33
BH-NM	PM0000516	LABEL 4 LTR COLD PRESS FRONT FLASK	105	4500.000000	0.000000	4839.000000	2026-07-28	2026-07-26	2025-11-22	4500.000000	35	33
BH-NM	PM0000480	LABEL 800 GMS CHIA SEEDS FULL	105	1050.000000	0.000000	4410.000000	2026-08-03	2026-02-01	2025-10-15	0.000000	210	27
BH-NM	PM0000481	LABEL 200 GMS SUNFLOWER SEEDS FULL	105	2000.000000	0.000000	4332.000000	2026-08-03	NULL	2026-07-29	0.000000	NULL	27
BH-NM	PM0000380	LABEL 5 LTR SOYABEAN FRONT SANO	105	2210.000000	0.000000	4133.000000	2026-07-28	2025-12-17	2025-11-22	0.000000	256	33
BH-NM	PM0000379	LABEL 5 LTR SOYABEAN BACK SANO	105	2210.000000	0.000000	4133.000000	2026-07-28	2025-12-17	2025-11-22	0.000000	256	33
BH-NM	PM0000573	LABEL 900 GM  SOYABEAN BACK  SANO	105	9500.000000	0.000000	3400.000000	2026-07-28	2026-02-01	2025-10-15	0.000000	210	33
BH-NM	PM0000574	LABEL 900 GM  SOYABEAN FRONT  SANO	105	9500.000000	0.000000	3328.000000	2026-07-28	2025-12-17	2025-10-15	0.000000	256	33
BH-NM	PM0000368	LABEL 5 LTR CANOLA FRONT SANO	105	1508.000000	0.000000	3236.000000	2026-07-28	2025-12-17	2025-11-22	0.000000	256	33
BH-NM	PM0000367	LABEL 5 LTR CANOLA BACK SANO	105	1500.000000	0.000000	3225.000000	2026-07-28	2026-07-28	2025-11-22	8.000000	33	33
BH-NM	PM0000244	LABEL 5 LTR VEDAKA CANOLA BACK	105	3100.000000	0.000000	3100.000000	2026-07-28	2026-07-26	2025-11-22	3100.000000	35	33
BH-NM	PM0000243	LABEL 5 LTR VEDAKA CANOLA FRONT	105	3100.000000	0.000000	3100.000000	2026-07-28	2026-07-26	2025-11-22	3100.000000	35	33
BH-NM	PM0000485	LABEL 400 GMS PUMPKIN SEEDS FULL	105	800.000000	0.000000	2320.000000	2026-08-03	2026-02-01	2025-10-15	0.000000	210	27
BH-NM	PM0000477	LABEL 800 GMS FLAX SEEDS FULL	105	550.000000	0.000000	2310.000000	2026-08-03	2025-11-22	2025-10-15	0.000000	281	27
BH-NM	PM0000476	LABEL 400 GMS FLAX SEEDS FULL	105	600.000000	0.000000	1740.000000	2026-08-03	2026-02-01	2025-10-15	0.000000	210	27
BH-NM	PM0000483	LABEL 800 GMS SUNFLOWER SEEDS FULL	105	400.000000	0.000000	1680.000000	2026-08-03	2025-11-22	2025-10-15	0.000000	281	27
BH-NM	PM0000486	LABEL 800 GMS PUMPKIN SEEDS FULL	105	400.000000	0.000000	1680.000000	2026-08-03	2025-11-22	2025-10-15	0.000000	281	27
BH-NM	PM0000474	LABEL 800 GMS BASIL SEEDS FULL	105	400.000000	0.000000	1680.000000	2026-08-03	2026-02-01	2025-10-15	0.000000	210	27
BH-NM	PM0000475	LABEL 200 GMS FLAX SEEDS FULL	105	800.000000	0.000000	1440.000000	2026-08-03	NULL	2026-07-29	0.000000	NULL	27
BH-NM	PM0000473	LABEL 400 GMS BASIL SEEDS FULL	105	400.000000	0.000000	1304.000000	2026-08-03	NULL	2026-07-29	0.000000	NULL	27
BH-NM	PM0000484	LABEL 200 GMS PUMPKIN SEEDS FULL	105	550.000000	0.000000	990.000000	2026-08-03	2026-02-01	2025-10-15	0.000000	210	27
BH-NM	PM0000096	LABEL 200 LTR REFINED FRONT	105	31.000000	0.000000	78.000000	2026-08-03	NULL	2026-08-03	0.000000	NULL	27
BH-NM	PM0000074	TAPE CELLO	105	0.004900	0.000000	0.000000	2026-06-22	2026-07-28	2025-10-13	172781.600000	33	69
BH-NM	PM0000075	TAPE LOGO PRINTED	105	0.000800	0.000000	0.000000	2026-06-22	2026-07-28	2025-10-13	111713.328000	33	69
BH-OT	RM0000025	SOYABEAN REFINED LOOSE OIL	106	227175.710000	0.000000	30798931.000000	2026-08-29	2026-07-31	2024-10-11	50000.000000	30	1
BH-OT	RM0000052	LOOSE REFINED OLIVE OIL (DARK COLOUR)	106	52992.524500	0.000000	14819892.000000	2026-03-31	2026-08-29	2025-03-31	242000.000000	1	152
BH-OT	RM0000011	GROUNDNUT LOOSE OIL	106	32500.000000	0.000000	4976243.000000	2026-08-27	2026-08-27	2024-11-08	18500.000000	3	3
BH-PC	RM0000001	LOOSE REFINED OLIVE OIL	106	111413.386400	38426.345600	30952777.000000	2026-08-29	2026-08-29	2025-08-26	1129866.798000	1	1
BH-PC	RM0000003	MUSTARD LOOSE OIL	106	74474.576000	65760.000000	11116769.000000	2026-08-29	2026-08-29	2025-08-27	1747549.650000	1	1
BH-PC	RM0000006	DESI GHEE	106	3694.135000	300.000000	1633156.000000	2026-08-25	2026-08-04	2025-06-11	61.365000	26	5
BH-PC	RM0000039	A-2 COW GHEE	106	1462.239000	0.000000	1180027.000000	2026-07-08	2026-08-04	2025-07-06	432.761000	26	53
BH-PC	PM0000076	TIN 15 LTR	105	10262.000000	928.000000	954366.000000	2026-08-17	2026-08-27	2025-05-08	37902.000000	3	13
BH-PC	RM0000009	REFINED SUNFLOWER OIL	106	5568.960000	5900.000000	757039.000000	2026-08-20	2026-08-21	2025-09-06	748434.000000	9	10
BH-PC	PM0000851	PET BOTTLE 1 LTR 26 GM	105	85553.000000	6.000000	427765.000000	2026-08-27	2026-08-29	2026-01-28	911173.000000	1	3
BH-PC	PM0000113	HDPE BOTTLE 3 LTR	105	13513.000000	1200.000000	423633.000000	2026-08-12	2026-08-27	2025-05-10	15366.000000	3	18
BH-PC	PM0000053	HDPE BOTTLE 5 LTR	105	8385.000000	9597.000000	389543.000000	2026-08-29	2026-08-27	2025-05-03	267815.000000	3	1
BH-PC	RM0000011	GROUNDNUT LOOSE OIL	106	2506.109100	7232.000000	368689.000000	2026-08-29	2026-08-29	2025-08-26	938286.900000	1	1
BH-PC	PM0000228	HDPE BOTTLE 4 LTR	105	7863.000000	0.000000	338940.000000	2026-08-09	2026-08-24	2025-05-05	10403.000000	6	21
BH-PC	PM0000852	PREFORM 49.5 GMS 36 MM	105	41760.000000	0.000000	321067.000000	2026-08-27	2026-08-14	2026-08-13	93600.000000	16	3
BH-PC	PM0000080	TIN 5 LTR POMACE OLIVE PRINTED	105	4033.000000	0.000000	312558.000000	2026-08-29	2026-08-24	2025-05-03	45864.000000	6	1
BH-PC	PM0000622	POUCH 889 GMS RICE BRAN ROLLS KGS	105	1080.000000	0.000000	224640.000000	2026-07-26	2025-06-23	2025-05-10	0.000000	433	35
BH-PC	PM0000604	POUCH SANO SOYABEAN OIL SANO 850 GMS 12 PCS	105	860.003000	0.000000	220618.000000	2026-07-26	2026-08-17	2025-05-10	0.750000	13	35
BH-PC	PM0000125	PET BOTTLE 500 MLS 34 GMS	105	26737.000000	17.000000	172605.000000	2026-07-26	2026-08-19	2025-05-10	36437.000000	11	35
BH-PC	PM0000057	PET BOTTLE 2 LTR 66 GMS	105	10902.000000	470.000000	166037.000000	2026-08-21	2026-08-21	2025-05-07	42696.000000	9	9
BH-PC	RM0000025	SOYABEAN REFINED LOOSE OIL	106	823.658200	3691.200000	145335.000000	2026-08-13	2026-08-18	2025-08-26	688694.976000	12	17
BH-PC	PM0000395	TIN 5 LTR POMACE OLIVE SANO	105	1801.000000	0.000000	137777.000000	2026-08-27	2026-08-29	2025-05-21	26205.000000	1	3
BH-PC	PM0000694	PET BOTTLE 1 LTR VEDAKA	105	11074.000000	0.000000	132888.000000	2026-07-26	2026-02-04	2025-09-01	0.000000	207	35
BH-PC	RM0000047	LOOSE RICE KGS	106	1533.000000	0.000000	128006.000000	2026-03-26	2026-07-14	2025-05-07	8.000000	47	157
BH-PC	PM0000235	CAPS 1 LTR WHITE AND YELLOW SMALL PLAIN	105	120639.000000	26616.000000	96511.000000	2026-08-29	2026-08-29	2025-05-05	1258240.000000	1	1
BH-PC	PM0000058	PET BOTTLE 200 MLS OLIVE OIL	105	30374.000000	0.000000	95678.000000	2026-08-25	2026-08-26	2025-05-10	169641.000000	4	5
BH-PC	RM0000002	CANOLA COLD PRESS LOOSE OIL OLD	106	513.710000	59480.000000	81828.000000	2026-08-29	2026-08-30	2025-08-26	1107167.670000	0	1
BH-PC	PM0000104	PET JAR DESI GHEE 500 MLS 29 GRM	105	6804.000000	0.000000	80287.000000	2026-07-26	2026-08-17	2025-05-05	8.000000	13	35
BH-PC	PM0000697	PET BOTTLE 2 LTR 80 GM OLIVE GREEN HANDLE VEDAKA	105	3619.000000	0.000000	73068.000000	2026-07-26	2026-08-17	2025-07-05	72.000000	13	35
BH-PC	PM0000085	CAPS 1 OR 2 LTR WHITE AND YELLOW WITH LOGO	105	51817.000000	8152.000000	66844.000000	2026-08-29	2026-08-29	2025-05-10	1136808.000000	1	1
BH-PC	PM0000079	CAPS 1 & 2 LTR FULL GREEN WITH LOGO	105	52213.000000	18149.000000	65266.000000	2026-08-29	2026-08-30	2025-05-05	709264.000000	0	1
BH-PC	PM0000251	PET BOTTLE 2 LTR 80 GMS YELLOW HANDLE	105	2636.000000	20300.000000	58677.000000	2026-08-29	2026-08-29	2025-05-10	29978.000000	1	1
BH-PC	PM0000626	PET JAR DESI GHEE 1000 MLS (70 GMS)	105	3762.000000	64.000000	58547.000000	2026-08-17	2026-04-09	2025-05-10	0.000000	143	13
BH-PC	PM0000891	POUCH SOYABEAN MULTI  KGS	105	191.613000	0.000000	58250.000000	2026-08-05	2026-08-18	2026-06-11	4204.327000	12	25
BH-PC	PM0000003	CARTON 1 LTR POMACE 16 PCS	105	2136.005000	687.000000	56540.000000	2026-08-29	2026-08-29	2025-05-05	74752.230000	1	1
BH-PC	PM0000082	CARTON 5 LTR OLIVE 4 PCS	105	1938.005000	0.000000	51526.000000	2026-08-29	2026-08-26	2025-05-03	16345.500000	4	1
BH-PC	PM0000587	PET BOTTLE 250 ML BOTTLES	105	12852.000000	0.000000	46910.000000	2026-08-17	2026-07-30	2025-05-08	2980.000000	31	13
BH-PC	PM0000060	CAPS 1 & 2 LTR WHITE AND BLUE WITH LOGO	105	35361.000000	663.000000	45417.000000	2026-08-22	2026-08-14	2025-05-06	147220.000000	16	8
BH-PC	PM0000194	PET BOTTLE 1 LTR 40 GMS	105	5897.000000	15792.000000	43048.000000	2026-08-29	2026-08-30	2025-05-03	863053.000000	0	1
BH-PC	PM0000498	PET BOTTLE 500 MLS 34 GMS GREEN	105	6131.000000	2151.000000	42181.000000	2026-08-13	2026-08-17	2025-05-10	1635.000000	13	17
BH-PC	PM0000728	HDPE BOTTLE 4 LTR OLIVE GREEN	105	1344.000000	0.000000	41395.000000	2026-07-26	2026-01-27	2025-10-11	0.000000	215	35
BH-PC	PM0000006	CARTON 1 LTR 20 PCS PET 40 GM	105	1204.800000	789.000000	40734.000000	2026-08-29	2026-08-30	2025-05-05	41164.600000	0	1
BH-PC	PM0000692	PET BOTTLE 250 MLS VEDAKA	105	5408.000000	0.000000	37856.000000	2026-07-26	2025-12-17	2025-11-20	0.000000	256	35
BH-PC	PM0000045	LABEL 5 LTR COLD PRESS BACK 365	105	39300.000000	1128.000000	37376.000000	2026-08-13	2026-08-17	2025-05-08	7109.000000	13	17
BH-PC	PM0000517	PET BOTTLE 1 LTR 75 GMS	105	3119.000000	1692.000000	35876.000000	2026-08-17	2026-08-26	2025-06-11	62674.000000	4	13
BH-PC	PM0000094	SHRINKS 5 LTR 340X415 5 LTR SINGAL PCS	105	13376.000000	7284.000000	33172.000000	2026-08-24	2026-08-26	2025-05-06	114032.350000	4	6
BH-PC	PM0000055	PET BOTTLE 1 LTR 52 GMS	105	3620.000000	0.000000	31675.000000	2026-05-14	2026-08-17	2025-05-10	626.000000	13	108
BH-PC	PM0000078	CAPS 5 LTR/15 LTR	105	7189.000000	928.000000	29834.000000	2026-08-29	2026-08-29	2025-05-05	122915.000000	1	1
BH-PC	PM0000013	CARTON 5 LTR 4 PCS	105	913.000000	2137.000000	29307.000000	2026-08-27	2026-08-27	2025-05-03	73277.250000	3	3
BH-PC	PM0000408	CAPS 1 & 2 LTR WHITE AND GREEN PLAIN	105	21665.000000	35636.000000	27731.000000	2026-08-13	2026-08-14	2025-05-08	118886.000000	16	17
BH-PC	PM0000056	PET BOTTLE 100 MLS BOTTLES	105	9366.000000	2060.000000	25288.000000	2026-08-23	2026-08-17	2025-05-07	15317.000000	13	7
BH-PC	PM0000356	LABEL 5 LTR REFINED FRONT NEW	105	25496.000000	0.000000	24731.000000	2026-07-26	2026-02-04	2025-05-10	0.000000	207	35
BH-PC	PM0000355	LABEL 5 LTR REFINED BACK NEW	105	25496.000000	0.000000	24731.000000	2026-07-26	2026-02-04	2025-05-10	0.000000	207	35
BH-PC	PM0000130	POUCH REFINED MULTI ROLLS KGS	105	78.076600	0.000000	23947.000000	2026-08-13	2026-08-27	2025-05-10	59.961700	3	17
BH-PC	PM0000819	CARTON 1 LTR 20 PCS PLAIN	105	670.000000	1.000000	23725.000000	2026-07-26	2026-08-17	2026-02-27	970.800000	13	35
BH-PC	PM0000159	LABEL 1 LTR EXTRA VIRGIN BACK	105	15904.000000	0.000000	23220.000000	2026-08-26	2026-08-27	2025-05-08	63789.000000	3	4
BH-PC	PM0000158	LABEL 1 LTR EXTRA VIRGIN FRONT	105	15844.000000	0.000000	23132.000000	2026-08-26	2026-08-27	2025-05-08	64685.000000	3	4
BH-PC	PM0000059	CAPS 1 & 2 LTR WHITE AND ORANGE WITH LOGO	105	21752.000000	3536.000000	22840.000000	2026-07-26	2026-08-21	2025-05-10	35209.000000	9	35
BH-PC	PM0000620	PET BOTTLE 1 LTR 55 GMS GREEN EXPORT	105	2142.000000	0.000000	19921.000000	2026-07-26	2026-08-17	2025-05-10	234.000000	13	35
BH-PC	PM0000394	CAP 100MLS/250MLS PET BOTTLE 1810 LONG NECK	105	20645.000000	2060.000000	19406.000000	2026-08-09	2026-08-17	2025-05-07	17911.000000	13	21
BH-PC	PM0000535	LABEL 5 LTR COLD PRESS BACK 994	105	18327.000000	4704.000000	19243.000000	2026-08-24	2026-08-25	2025-05-08	91023.000000	5	6
BH-PC	PM0000077	TIN 5 LTR EXTRA LIGHT OLIVE PRINTED	105	242.000000	0.000000	18467.000000	2026-08-17	2026-08-01	2025-05-10	7726.000000	29	13
BH-PC	PM0000425	LABEL 1 LTR GROUNDNUT FRONT	105	48534.000000	7232.000000	18443.000000	2026-08-29	2026-08-29	2025-05-08	660147.000000	1	1
BH-PC	PM0000426	LABEL 1 LTR GROUNDNUT BACK	105	48524.000000	7232.000000	18439.000000	2026-08-29	2026-08-29	2025-05-08	661438.000000	1	1
BH-PC	PM0000227	LABEL 4 LTR COLD PRESS FRONT	105	18000.000000	0.000000	17460.000000	2026-08-09	2026-08-17	2025-05-10	568.000000	13	21
BH-PC	PM0000226	LABEL 4 LTR COLD PRESS BACK	105	13305.000000	0.000000	16477.000000	2026-08-09	2026-08-21	2025-05-10	13627.000000	9	21
BH-PC	PM0000525	LABEL 5 LTR RICE BRAN OIL BACK	105	17500.000000	0.000000	16327.000000	2026-08-13	2026-08-17	2025-05-07	14552.000000	13	17
BH-PC	PM0000009	CARTON 2 LTR 10 PCS	105	433.500000	47.000000	15823.000000	2026-08-20	2026-08-21	2025-05-06	4249.000000	9	10
BH-PC	PM0000411	CARTON 1 LTR 20 PCS PET 26GM	105	475.000000	556.800000	15808.000000	2026-08-29	2026-08-29	2025-05-10	35943.150000	1	1
BH-PC	PM0000911	LABEL 500 ML FP SESAME OIL BACK	105	27500.000000	0.000000	15675.000000	2026-07-26	NULL	2026-07-26	0.000000	NULL	35
BH-PC	PM0000910	LABEL 500 ML FP SESAME OIL FRONT	105	27500.000000	0.000000	15675.000000	2026-07-26	NULL	2026-07-26	0.000000	NULL	35
BH-PC	PM0000567	CAPS 1 LTR WHITE AND ORANGE (SMALL) PLAIN	105	25400.000000	0.000000	15494.000000	2026-07-26	2026-08-22	2025-05-10	42036.000000	8	35
BH-PC	PM0000524	LABEL 5 LTR RICE BRAN OIL FRONT	105	16500.000000	0.000000	15387.000000	2026-08-13	2026-08-17	2025-05-07	13577.000000	13	17
BH-PC	PM0000820	CAPS DESI GHEE JAR 1000/500 ML	105	3838.000000	280.000000	15352.000000	2026-08-03	2026-03-24	2025-11-22	0.000000	159	27
BH-PC	PM0000582	LABEL 3 LTR CANOLA OIL BACK SANO	105	15000.000000	0.000000	14550.000000	2026-07-26	2025-06-23	2025-05-10	0.000000	433	35
BH-PC	PM0000581	LABEL 3 LTR CANOLA OIL FRONT SANO	105	15000.000000	0.000000	14550.000000	2026-07-26	2025-06-23	2025-05-10	0.000000	433	35
BH-PC	PM0000075	TAPE LOGO PRINTED	105	17470.254500	9823.562200	13976.000000	2026-08-27	2026-08-30	2025-05-05	797229.599600	0	3
BH-PC	PM0000838	CARTON 2 LTR 10 PCS HANDLE BOTTLE PLAIN	105	410.000000	2030.000000	13940.000000	2026-08-29	2026-08-29	2025-12-25	737.000000	1	1
BH-PC	PM0000634	CARTON 1 LTR 20 PCS SANO	105	415.000000	0.000000	13804.000000	2026-08-17	2026-08-14	2025-05-09	7145.000000	16	13
BH-PC	PM0000358	HDPE BOTTLE 5 LTR GOLD	105	342.000000	0.000000	13514.000000	2026-08-13	2026-08-26	2025-05-10	8589.000000	4	17
BH-PC	PM0000245	CARTON 5 LTR 4 PCS PET	105	436.004300	0.000000	13354.000000	2026-08-24	2026-08-26	2025-05-03	2271.285700	4	6
BH-PC	PM0000386	LABEL 1 LTR POMACE FRONT SANO	105	32974.000000	29868.000000	12530.000000	2026-08-01	2026-08-14	2025-05-08	86264.000000	16	29
BH-PC	PM0000385	LABEL 1 LTR POMACE BACK SANO	105	33050.000000	29868.000000	12522.000000	2026-08-17	2026-08-14	2025-05-08	86264.000000	16	13
BH-PC	PM0000091	LABEL 2 LTR EXTRA LIGHT HANDLE BOTTLE FRONT	105	13700.000000	0.000000	12467.000000	2026-08-29	2026-08-29	2025-05-10	17994.000000	1	1
BH-PC	PM0000090	LABEL 2 LTR EXTRA LIGHT HANDLE BOTTLE BACK	105	13700.000000	0.000000	12467.000000	2026-08-29	2026-08-29	2025-05-10	17995.000000	1	1
BH-PC	PM0000072	SHRINKS 5 LTR 400X415 5+1 PCS	105	5946.860000	1128.000000	11894.000000	2026-08-13	2026-08-01	2025-05-05	2878.000000	29	17
BH-PC	PM0000150	GLASS BOTTLE 500 MLS	105	700.000000	0.000000	11706.000000	2026-08-13	2026-08-17	2025-11-24	2428.000000	13	17
BH-PC	PM0000108	LABEL 1 LTR POMACE FRONT	105	30686.000000	1128.000000	11661.000000	2026-08-29	2026-08-29	2025-05-05	242943.000000	1	1
BH-PC	PM0000107	LABEL 1 LTR POMACE BACK	105	30693.000000	1128.000000	11637.000000	2026-08-29	2026-08-29	2025-05-05	237969.000000	1	1
BH-PC	PM0000682	LABEL DESI GHEE 1000 LTR (KIRPA)	105	4150.000000	280.000000	11525.000000	2026-07-26	2026-08-17	2025-08-05	50.000000	13	35
BH-PC	PM0000128	CARTON 500 MLS 24 PCS	105	447.001600	90.333300	11441.000000	2026-08-13	2026-08-19	2025-05-10	1703.873400	11	17
BH-PC	PM0000039	LABEL 2 LTR PAKKI GHANI FRONT	105	14452.000000	0.000000	11273.000000	2026-08-20	2026-08-21	2025-05-10	12048.000000	9	10
BH-PC	PM0000359	LABEL 5 LTR GOLD FRONT NEW	105	11898.000000	0.000000	11210.000000	2026-08-24	2026-08-26	2025-05-10	12639.000000	4	6
BH-PC	PM0000229	CARTON 4 LTR 5 PCS	105	344.000000	0.000000	11042.000000	2026-08-09	2026-08-21	2025-05-05	2236.200000	9	21
BH-PC	PM0000015	LABEL 1 LTR COLD PRESS FRONT	105	36720.000000	14860.000000	11016.000000	2026-08-29	2026-08-30	2025-05-08	263215.000000	0	1
BH-PC	PM0000360	LABEL 5 LTR GOLD BACK NEW	105	11488.000000	0.000000	10823.000000	2026-08-24	2026-08-26	2025-05-10	12829.000000	4	6
BH-PC	PM0000017	LABEL 1 LTR EXTRA LIGHT BACK	105	28200.000000	176.000000	10786.000000	2026-08-13	2026-08-17	2025-05-06	198771.000000	13	17
BH-PC	PM0000506	CAPS 1 & 2 LTR FULL GREEN PLAIN	105	9000.000000	0.000000	10680.000000	2026-08-13	2026-08-17	2025-05-10	6950.000000	13	17
BH-PC	PM0000593	TIN 15 KGS/LTR MULTI CP KACCHI GHANI MUSTARD OIL  PRINTED	105	142.000000	0.000000	10528.000000	2026-08-17	2026-08-11	2025-05-10	3310.000000	19	13
BH-PC	PM0000466	LABEL 13 KGS REFINED SOYBEAN OIL	105	6400.000000	0.000000	10496.000000	2026-08-12	2026-08-17	2025-05-10	13160.000000	13	18
BH-PC	PM0000307	LABEL 1 LTR PRESSED YELLOW MUSTARD OIL BACK	105	15372.000000	1680.000000	10453.000000	2026-08-27	2026-08-29	2025-07-10	76689.000000	1	3
BH-PC	PM0000308	LABEL 1 LTR PRESSED YELLOW MUSTARD OIL FRONT	105	15369.000000	1680.000000	10451.000000	2026-08-27	2026-08-29	2025-07-10	76692.000000	1	3
BH-PC	PM0000860	LABEL 1 LTR SOYABEAN FULL	105	12196.000000	0.000000	10123.000000	2026-07-26	2026-08-01	2026-04-20	799.000000	29	35
BH-PC	PM0000696	CAPS 1 & 2 LTR  VEDAKA	105	10000.000000	0.000000	10000.000000	2026-07-26	2026-02-04	2025-09-01	0.000000	207	35
BH-PC	PM0000018	LABEL 1 LTR EXTRA LIGHT FRONT	105	25600.000000	176.000000	9798.000000	2026-08-13	2026-08-17	2025-05-06	202046.000000	13	17
BH-PC	PM0000669	LABEL 4 LTR KACHCHI GHANI BACK	105	8000.000000	0.000000	9771.000000	2026-08-09	2026-08-17	2025-05-09	65.000000	13	21
BH-PC	PM0000155	SHRINKS NECK 500 MLS PRINTED EXTRA VIRGIN OLIVE	105	24160.000000	1920.000000	9664.000000	2026-08-13	2026-08-24	2025-05-09	5006.500000	6	17
BH-PC	PM0000038	LABEL 2 LTR PAKKI GHANI BACK	105	12252.000000	0.000000	9557.000000	2026-08-20	2026-08-21	2025-05-24	12148.000000	9	10
BH-PC	PM0000531	CAP 42/36 MM CTC & HANDLE PET BOTTLE 5 LTR	105	2000.000000	0.000000	9544.000000	2026-07-26	NULL	2026-07-26	0.000000	NULL	35
BH-PC	PM0000907	LABEL 500 ML CP SUNFLOWER BACK	105	28000.000000	0.000000	9520.000000	2026-07-26	NULL	2026-07-26	0.000000	NULL	35
BH-PC	PM0000906	LABEL 500 ML CP SUNFLOWER FRONT	105	28000.000000	0.000000	9520.000000	2026-07-26	NULL	2026-07-26	0.000000	NULL	35
BH-PC	PM0000042	LABEL 2 LTR REFINED FRONT	105	7760.000000	500.000000	9467.000000	2026-08-17	2026-08-03	2025-05-06	9340.000000	27	13
BH-PC	PM0000117	LABEL 3 LTR COLD PRESS BACK	105	9750.000000	1200.000000	9458.000000	2026-08-01	2026-08-27	2025-05-10	17150.000000	3	29
BH-PC	PM0000118	LABEL 3 LTR COLD PRESS FRONT	105	9750.000000	1200.000000	9458.000000	2026-08-01	2026-08-27	2025-05-10	15751.000000	3	29
BH-PC	PM0000895	LABEL 15 KG REFINED RICE BRAN OIL	105	2680.000000	0.000000	9380.000000	2026-07-26	2026-08-17	2026-06-29	820.000000	13	35
BH-PC	PM0000254	CARTON 2 LTR 10 PCS HANDLE BOTTLE	105	265.000000	90.200000	9182.000000	2026-08-13	2026-08-17	2025-05-10	2679.100000	13	17
BH-PC	PM0000233	LABEL 5 LTR SUNFLOWER FRONT	105	8669.000000	1180.000000	9102.000000	2026-08-20	2026-08-21	2025-05-10	49147.000000	9	10
BH-PC	PM0000014	LABEL 1 LTR COLD PRESS BACK 8181	105	30276.000000	14860.000000	9083.000000	2026-08-29	2026-08-30	2025-05-08	397264.000000	0	1
BH-PC	PM0000041	LABEL 2 LTR REFINED BACK	105	7400.000000	500.000000	9028.000000	2026-08-17	2026-08-03	2025-05-06	9973.000000	27	13
BH-PC	PM0000349	LABEL 2 LTR POMACE HANDLE BOTTLE FRONT	105	7500.000000	902.000000	8761.000000	2026-08-17	2026-07-28	2025-05-10	4250.000000	33	13
BH-PC	PM0000029	LABEL 15 LTR COLD PRESS KACHCHI GHANI	105	3107.000000	0.000000	8747.000000	2026-07-26	2026-08-17	2025-05-10	198.000000	13	35
BH-PC	PM0000681	LABEL DESI GHEE 500 GMS (KIRPA)	105	5600.000000	0.000000	8680.000000	2026-07-26	2026-08-17	2025-08-25	350.000000	13	35
BH-PC	PM0000657	CARTON 1 LTR 16 PCS SANO	105	364.000000	1758.000000	8601.000000	2026-08-17	2026-08-24	2025-05-05	5392.500000	6	13
BH-PC	PM0000660	TIN STRIP	105	49.433000	0.000000	8476.000000	2026-08-13	2026-08-27	2025-05-08	273.154000	3	17
BH-PC	PM0000054	PET BOTTLE 1 LTR 23.8 GMS ROUND	105	1950.000000	26616.000000	8312.000000	2026-08-13	2026-08-17	2025-05-05	244704.000000	13	17
BH-PC	PM0000048	LABEL 5 LTR KACHCHI GHANI FRONT	105	7902.000000	432.000000	8297.000000	2026-08-17	2026-08-19	2025-05-05	65880.000000	11	13
BH-PC	PM0000187	SHRINKS 3 LTR/4 LTR	105	4050.000000	1200.000000	8181.000000	2026-08-25	2026-08-27	2025-05-09	24267.000000	3	5
BH-PC	PM0000419	LABEL 200 MLS EXTRA VIRGIN OLIVE OIL FRONT	105	30632.000000	0.000000	8114.000000	2026-08-17	2026-02-01	2025-05-10	0.000000	210	13
BH-PC	PM0000350	LABEL 2 LTR POMACE HANDLE BOTTLE BACK	105	7434.000000	902.000000	8058.000000	2026-08-17	2026-07-28	2025-05-10	4255.000000	33	13
BH-PC	PM0000855	PET BOTTLE 10 ML	105	5605.000000	0.000000	8049.000000	2026-08-17	2026-07-14	2026-02-25	1340.000000	47	13
BH-PC	PM0000865	LABEL 200 ML CP GROUNDNUT OIL BACK	105	36181.000000	0.000000	7960.000000	2026-08-21	2026-08-25	2026-03-07	83764.000000	5	9
BH-PC	PM0000866	LABEL 200 ML CP GROUNDNUT OIL FRONT	105	36176.000000	0.000000	7959.000000	2026-08-21	2026-08-25	2026-03-07	83769.000000	5	9
BH-PC	PM0000047	LABEL 5 LTR KACHCHI GHANI BACK	105	7547.000000	432.000000	7924.000000	2026-08-17	2026-08-19	2025-05-05	66962.000000	11	13
BH-PC	PM0000503	LABEL 1 LTR POMACE FRONT ZANO	105	4150.000000	7200.000000	7885.000000	2026-08-09	2026-08-17	2026-02-03	13273.000000	13	21
BH-PC	PM0000025	LABEL 1 LTR REFINED BACK	105	8750.000000	0.000000	7875.000000	2026-08-17	2026-08-03	2025-05-07	6828.000000	27	13
BH-PC	PM0000420	LABEL 200 MLS EXTRA VIRGIN OLIVE OIL BACK	105	28927.000000	0.000000	7858.000000	2026-08-17	2026-02-01	2025-05-10	0.000000	210	13
BH-PC	PM0000864	LABEL 1 LTR CANOLA FRONT (NIRMAL RISHI)	105	26016.000000	0.000000	7805.000000	2026-08-29	2026-08-29	2026-03-24	158325.000000	1	1
BH-PC	PM0000861	LABEL 1 LTR GOLD FULL	105	9200.000000	0.000000	7452.000000	2026-08-13	2026-08-17	2026-02-19	39740.000000	13	17
BH-PC	PM0000193	TIKKI 1 LTR EXTRA LIGHT FREE	105	42604.000000	1200.000000	7243.000000	2026-08-09	2026-08-21	2025-05-10	8462.000000	9	21
BH-PC	PM0000046	LABEL 5 LTR COLD PRESS FRONT	105	6869.000000	5832.000000	7212.000000	2026-08-24	2026-08-25	2025-05-08	121723.000000	5	6
BH-PC	PM0000232	LABEL 5 LTR SUNFLOWER BACK	105	6794.000000	1180.000000	7134.000000	2026-08-20	2026-08-21	2025-05-10	51207.000000	9	10
BH-PC	PM0000881	LABEL 2 LTR GROUNDNUT HANDLE BOTTLE FRONT	105	3700.000000	0.000000	7030.000000	2026-07-30	2026-08-17	2026-07-06	2700.000000	13	31
BH-PC	PM0000880	LABEL 2 LTR GROUNDNUT HANDLE BOTTLE BACK	105	3700.000000	0.000000	7030.000000	2026-07-30	2026-08-17	2026-07-06	2700.000000	13	31
BH-PC	PM0000026	LABEL 1 LTR REFINED FRONT	105	7600.000000	0.000000	6840.000000	2026-08-13	2026-08-17	2025-05-07	8160.000000	13	17
BH-PC	PM0000126	LABEL 500 MLS COLD PRESS FRONT	105	18500.000000	0.000000	6568.000000	2026-07-26	2026-08-17	2025-05-10	18900.000000	13	35
BH-PC	PM0000127	LABEL 500 MLS COLD PRESS BACK	105	18416.000000	0.000000	6538.000000	2026-07-26	2026-07-22	2025-05-10	10584.000000	39	35
BH-PC	PM0000427	LABEL 5 LTR GROUNDNUT FRONT	105	6178.000000	2148.000000	6487.000000	2026-08-26	2026-08-27	2025-05-10	53165.000000	3	4
BH-PC	PM0000414	LABEL 200 MLS EXTRA VIRGIN COCONUT FRONT	105	24634.000000	0.000000	6387.000000	2026-07-26	2026-08-01	2025-05-10	58.000000	29	35
BH-PC	PM0000413	LABEL 200 MLS EXTRA VIRGIN COCONUT BACK	105	24634.000000	0.000000	6387.000000	2026-07-26	2026-08-01	2025-05-10	58.000000	29	35
BH-PC	PM0000784	LABEL 1 LTR SO OLIVE BLENDED OLIVE OIL BACK	105	12573.000000	0.000000	6287.000000	2026-08-13	2026-07-27	2026-04-09	7998.000000	34	17
BH-PC	PM0000785	LABEL 1 LTR SO OLIVE BLENDED OLIVE OIL FRONT	105	12558.000000	0.000000	6279.000000	2026-08-13	2026-07-27	2026-04-09	8013.000000	34	17
BH-PC	PM0000560	PET BOTTLE 2 LTR 80 GRM (GREEN HANDLE)	105	343.000000	902.000000	6124.000000	2026-08-09	2026-08-17	2025-06-02	3272.000000	13	21
BH-PC	PM0000726	CAPS 1 & 2 LTR WHITE AND MINT-GREEN WITH LOGO SO	105	5808.000000	0.000000	6098.000000	2026-08-29	2026-08-29	2025-09-05	12037.000000	1	1
BH-PC	PM0000615	CARTON 1 LTR 12 PCS VICTORY	105	274.003300	0.000000	6028.000000	2026-08-17	2026-02-13	2025-05-10	0.000000	198	13
BH-PC	PM0000012	CARTON 5 LTR 3 PCS	105	180.003300	376.000000	5969.000000	2026-08-13	2026-08-18	2025-05-09	588.663300	12	17
BH-PC	PM0000586	LABEL 13 KG REFINED SOYBEAN OIL SANO	105	3715.000000	0.000000	5944.000000	2026-07-26	2026-08-17	2026-07-26	3335.000000	13	35
BH-PC	PM0000161	LABEL 500 MLS POMACE OLIVE BACK	105	9999.000000	0.000000	5799.000000	2026-07-26	2026-08-01	2025-05-10	1.000000	29	35
BH-PC	PM0000863	LABEL 5 LTR CANOLA FRONT (NIRMAL RISHI)	105	5215.000000	0.000000	4954.000000	2026-08-09	2026-08-21	2026-03-28	20213.000000	9	21
BH-PC	PM0000428	LABEL 5 LTR GROUNDNUT BACK	105	4678.000000	2148.000000	4912.000000	2026-08-26	2026-08-27	2025-05-10	53649.000000	3	4
BH-PC	PM0000630	CARTON 1 LTR 12 PCS SANO	105	222.000000	0.000000	4662.000000	2026-06-18	2026-06-19	2025-05-10	9311.000000	72	73
BH-PC	PM0000900	LABEL 200 ML CP KACHI GHANI FRONT	105	21080.000000	0.000000	4638.000000	2026-08-25	2026-08-26	2026-07-22	89920.000000	4	5
BH-PC	PM0000901	LABEL 200 ML CP KACHI GHANI BACK	105	20825.000000	0.000000	4582.000000	2026-08-25	2026-08-26	2026-07-22	90175.000000	4	5
BH-PC	PM0000285	CARTON 500 MLS DESI GHEE 16 PCS	105	135.007500	0.000000	4515.000000	2026-08-17	2026-03-24	2025-05-10	0.000000	159	13
BH-PC	PM0000488	LABEL 1 LTR RICE BRAN & OLIVE OIL FRONT B.B	105	2500.000000	0.000000	4500.000000	2026-08-17	2026-05-08	2025-05-10	0.000000	114	13
BH-PC	PM0000727	CAPS 1 & 2 LTR WHITE AND RED-ORANGE WITH LOGO YMO	105	4236.000000	1680.000000	4448.000000	2026-08-17	2026-08-29	2025-09-13	134924.000000	1	13
BH-PC	PM0000862	CAP 10 ML	105	4911.000000	0.000000	4420.000000	2026-07-26	2026-08-17	2026-02-25	1577.000000	13	35
BH-PC	PM0000656	GLASS BOTTLE 250 ML	105	371.000000	1920.000000	4406.000000	2026-08-19	2026-08-24	2025-05-09	2250.000000	6	11
BH-PC	PM0000722	CARTON 1 LTR 20 PCS PET 75 GM	105	123.050000	85.000000	4307.000000	2026-08-17	2026-08-26	2025-08-20	3112.200000	4	13
BH-PC	PM0000730	CAPS INNER GLASS BOTTLE 250 MLS	105	20000.000000	0.000000	4300.000000	2026-07-26	2026-02-13	2025-08-30	0.000000	198	35
BH-PC	PM0000402	TIKKI 1 LTR POMACE OLIVE FREE	105	25050.000000	1128.000000	4259.000000	2026-08-09	2026-08-17	2025-05-09	9999.000000	13	21
BH-PC	PM0000659	PET BOTTLE 200 MLS OLIVE OIL GREEN	105	1274.000000	0.000000	4077.000000	2026-07-26	2026-02-01	2025-05-10	0.000000	210	35
BH-PC	PM0000491	LABEL 1 LTR COLD PRESS BACK B.B	105	4000.000000	100.000000	4000.000000	2026-08-17	2026-05-26	2025-05-10	0.000000	96	13
BH-PC	PM0000231	LABEL 1 LTR SUNFLOWER BACK	105	13290.000000	920.000000	3987.000000	2026-08-19	2026-08-21	2025-05-10	462454.000000	9	11
BH-PC	PM0000825	CARTON 1 LTR 20 PCS NEW	105	104.150000	783.000000	3945.000000	2026-08-13	2026-08-26	2025-12-22	13140.200000	4	17
BH-PC	PM0000279	CARTON MONO A2 DESI GHEE 1 LTR	105	84.000000	84.000000	3881.000000	2026-08-25	2026-08-17	2025-05-10	22.000000	13	5
BH-PC	PM0000023	LABEL 1 LTR PAKKI GHANI FRONT	105	9700.000000	0.000000	3845.000000	2026-08-22	2026-08-24	2025-05-10	40255.000000	6	8
BH-PC	PM0000022	LABEL 1 LTR PAKKI GHANI BACK	105	9700.000000	0.000000	3845.000000	2026-08-22	2026-08-24	2025-05-10	40350.000000	6	8
BH-PC	PM0000051	LABEL 5 LTR REFINED BACK	105	1900.000000	0.000000	3800.000000	2026-08-17	2026-08-03	2025-05-07	2945.000000	27	13
BH-PC	PM0000052	LABEL 5 LTR REFINED FRONT	105	1900.000000	0.000000	3800.000000	2026-08-17	2026-08-03	2025-05-07	2935.000000	27	13
BH-PC	PM0000008	CARTON 15 LTR 1 PCS	105	165.000000	628.000000	3795.000000	2026-08-21	2026-08-24	2025-05-09	7424.000000	6	9
BH-PC	PM0000490	LABEL 1 LTR COLD PRESS FRONT B.B	105	2100.000000	100.000000	3780.000000	2026-08-17	2026-05-26	2025-05-10	0.000000	96	13
BH-PC	PM0000050	LABEL 5 LTR PAKKI GHANI FRONT	105	1846.000000	0.000000	3692.000000	2026-08-19	2026-08-20	2025-05-10	5258.000000	10	11
BH-PC	PM0000049	LABEL 5 LTR PAKKI GHANI BACK	105	1846.000000	0.000000	3692.000000	2026-08-19	2026-08-20	2025-05-10	5259.000000	10	11
BH-PC	PM0000074	TAPE CELLO	105	5257.181700	4753.927200	3680.000000	2026-08-19	2026-08-29	2025-05-05	95942.613400	1	11
BH-PC	PM0000839	CARTON MONO A2 DESI GHEE 1 LTR LA RASOI	105	76.000000	0.000000	3648.000000	2026-07-26	2026-02-01	2026-01-30	0.000000	210	35
BH-PC	PM0000347	LABEL 250 MLS EXTRA VIRGIN GLASS BOTTLE FRONT	105	6042.000000	1920.000000	3625.000000	2026-08-13	2026-08-24	2025-05-09	2012.000000	6	17
BH-PC	PM0000612	LABEL 12 KGS REFINED SOYBEAN OIL SANO	105	968.000000	0.000000	3533.000000	2026-07-26	2025-06-23	2025-05-10	0.000000	433	35
BH-PC	PM0000430	LABEL 15 LTR REFINED COTTON SEED	105	1000.000000	0.000000	3500.000000	2026-08-17	2026-07-28	2025-05-10	3070.000000	33	13
BH-PC	PM0000019	LABEL 1 LTR KACHCHI GHANI BACK	105	11568.000000	10000.000000	3470.000000	2026-08-21	2026-08-29	2025-05-05	736282.000000	1	9
BH-PC	PM0000608	CARTON 3 LTR 6 PCS PLAIN	105	113.000000	0.000000	3418.000000	2026-07-26	2026-02-04	2025-05-10	0.000000	207	35
BH-PC	PM0000005	CARTON 1 LTR 12 POUCHES	105	162.253300	1103.666700	3411.000000	2026-08-27	2026-08-27	2025-05-03	52554.793400	3	3
BH-PC	PM0000020	LABEL 1 LTR KACHCHI GHANI FRONT	105	12784.000000	10000.000000	3316.000000	2026-08-21	2026-08-29	2025-05-05	738547.000000	1	9
BH-PC	PM0000348	LABEL 250 MLS EXTRA VIRGIN GLASS BOTTLE BACK	105	5460.000000	1920.000000	3276.000000	2026-08-13	2026-08-24	2025-05-09	2594.000000	6	17
BH-PC	PM0000885	LABEL 869 GM CP MUSTARD OIL FRONT	105	10860.000000	0.000000	3258.000000	2026-07-26	2026-08-19	2026-05-19	85650.000000	11	35
BH-PC	PM0000416	LABEL 500 MLS EXTRA VIRGIN COCONUT BACK	105	8073.000000	0.000000	3210.000000	2026-07-26	2026-08-17	2025-05-10	1801.000000	13	35
BH-PC	PM0000415	LABEL 500 MLS EXTRA VIRGIN COCONUT FRONT	105	8073.000000	0.000000	3210.000000	2026-07-26	2026-08-17	2025-05-10	1801.000000	13	35
BH-PC	PM0000182	CARTON 3 LTR 6 PCS	105	104.001600	200.000000	3177.000000	2026-08-26	2026-08-27	2025-05-10	2568.166700	3	4
BH-PC	PM0000854	LABEL 10 ML EXTRA VIRGIN OLIVE OIL	105	4500.000000	0.000000	3150.000000	2026-07-26	2026-08-17	2026-02-25	2400.000000	13	35
BH-PC	PM0000417	LABEL 2 LTR EXTRA VIRGIN OLIVE OIL FRONT	105	1500.000000	0.000000	3150.000000	2026-08-09	2026-08-17	2025-05-10	550.000000	13	21
BH-PC	PM0000605	CAPS 1 LTR FULL GREEN SMALL PLAIN	105	5000.000000	0.000000	3100.000000	2026-07-26	2026-02-04	2025-05-10	0.000000	207	35
BH-PC	PM0000816	LABEL 500 ML PURE TOASTED SESAME OIL FRONT	105	3080.000000	0.000000	3080.000000	2026-08-13	2026-08-17	2025-11-25	2030.000000	13	17
BH-PC	PM0000815	LABEL 500 ML PURE TOASTED SESAME OIL BACK	105	3080.000000	0.000000	3080.000000	2026-08-13	2026-08-17	2025-11-25	2030.000000	13	17
BH-PC	PM0000409	CARTON 1 LTR POMACE 16 PCS PLAIN	105	114.007500	0.000000	3018.000000	2026-08-23	2026-08-17	2025-05-10	1200.180000	13	7
BH-PC	PM0000289	LABEL 5 LTR SOYABEAN FRONT	105	1495.000000	0.000000	2990.000000	2026-08-17	2026-08-17	2025-05-12	8553.000000	13	13
BH-PC	PM0000288	LABEL 5 LTR SOYABEAN BACK	105	1490.000000	0.000000	2980.000000	2026-08-17	2026-08-17	2025-05-12	8618.000000	13	13
BH-PC	PM0000036	LABEL 2 LTR KACHCHI GHANI FRONT	105	4850.000000	0.000000	2975.000000	2026-08-12	2026-08-18	2025-05-10	28345.000000	12	18
BH-PC	PM0000886	LABEL 869 GM CP MUSTARD OIL BACK	105	9860.000000	0.000000	2958.000000	2026-07-26	2026-08-19	2026-05-19	87000.000000	11	35
BH-PC	PM0000160	LABEL 500 MLS POMACE OLIVE FRONT	105	4999.000000	0.000000	2899.000000	2026-07-26	2026-08-01	2025-05-10	1.000000	29	35
BH-PC	PM0000868	LABEL 15 LTR SANO POMACE	105	818.000000	0.000000	2863.000000	2026-07-29	2026-08-27	2026-03-31	1414.000000	3	32
BH-PC	PM0000230	LABEL 1 LTR SUNFLOWER FRONT	105	9370.000000	920.000000	2811.000000	2026-08-19	2026-08-21	2025-05-10	466428.000000	9	11
BH-PC	PM0000629	CARTON TIN TOP	105	783.000000	500.000000	2513.000000	2026-08-13	2026-08-27	2025-05-08	29901.000000	3	17
BH-PC	PM0000083	TIKKI BARCODE CSD 1 LTR CANOLA	105	7143.000000	0.000000	2500.000000	2026-08-13	2026-08-03	2025-05-07	1398.000000	27	17
BH-PC	PM0000274	GLASS JAR 1000 MLS A2 DESI GHEE	105	84.000000	84.000000	2449.000000	2026-08-25	2026-02-04	2025-05-10	0.000000	207	5
BH-PC	PM0000670	LABEL 4 LTR KACHCHI GHANI FRONT	105	2500.000000	0.000000	2425.000000	2026-08-09	2026-08-17	2025-05-09	665.000000	13	21
BH-PC	PM0000269	POUCH RICE 1 KGS PCS	105	958.000000	0.000000	2385.000000	2026-03-26	2026-07-14	2025-05-07	8.000000	47	157
BH-PC	PM0000068	TIKKI 5 LTR + CANOLA 1 LTR	105	15693.000000	0.000000	2354.000000	2026-07-26	2026-06-22	2025-05-10	79.000000	69	35
BH-PC	PM0000489	LABEL 1 LTR RICE BRAN & OLIVE OIL BACK B.B	105	2300.000000	0.000000	2300.000000	2026-07-26	2026-05-08	2025-05-10	0.000000	114	35
BH-PC	PM0000908	LABEL 500 ML CP GROUNDNUT FRONT	105	6464.000000	0.000000	2198.000000	2026-07-26	2026-08-19	2026-07-22	21536.000000	11	35
BH-PC	PM0000909	LABEL 500 ML CP GROUNDNUT BACK	105	6464.000000	0.000000	2198.000000	2026-07-26	2026-08-19	2026-07-22	21536.000000	11	35
BH-PC	PM0000035	LABEL 2 LTR KACHCHI GHANI BACK	105	4766.000000	0.000000	2176.000000	2026-08-17	2026-08-18	2025-05-10	26964.000000	12	13
BH-PC	PM0000345	LABEL 1 LTR EXTRA VIRGIN COCONUT BACK	105	3112.000000	0.000000	2124.000000	2026-08-13	2026-08-17	2025-05-10	3627.000000	13	17
BH-PC	PM0000332	LABEL 250 GMS EXTRA LIGHT BACK	105	6038.000000	2.000000	2113.000000	2026-08-17	2026-07-30	2025-05-08	3168.000000	31	13
BH-PC	PM0000507	CARTON 5 LTR 4 PCS PLAIN	105	68.008400	0.000000	2107.000000	2026-08-17	2026-08-25	2025-05-06	506.500000	5	13
BH-PC	PM0000259	TIN 5 LTR EXTRA VIRGIN OLIVE PRINTED IMPORTED	105	20.000000	0.000000	2100.000000	2026-08-17	2026-08-14	2025-06-02	2032.000000	16	13
BH-PC	PM0000418	LABEL 2 LTR EXTRA VIRGIN OLIVE OIL BACK	105	1000.000000	0.000000	2100.000000	2026-08-09	2026-08-17	2025-05-10	1050.000000	13	21
BH-PC	PM0000246	CARTON 5 LTR 5 PCS	105	64.000000	0.000000	2096.000000	2026-08-17	2026-05-06	2025-05-10	0.000000	116	13
BH-PC	PM0000344	LABEL 1 LTR EXTRA VIRGIN COCONUT FRONT	105	3112.000000	0.000000	2096.000000	2026-08-13	2026-08-17	2025-05-10	3627.000000	13	17
BH-PC	PM0000494	LABEL 5 LTR COLD PRESS CANOLA FRONT B.B	105	700.000000	0.000000	2030.000000	2026-08-03	2026-08-17	2025-05-10	38.000000	13	27
BH-PC	PM0000884	SHRINK POF ROLL KG	105	9.105000	0.000000	2000.000000	2026-08-23	2026-08-27	2026-06-10	1617.731000	3	7
BH-PC	PM0000465	LABEL 13 KGS REFINED COTTON SEED OIL	105	1210.000000	0.000000	1936.000000	2026-08-13	2026-08-17	2025-05-10	1801.000000	13	17
BH-PC	PM0000211	LABEL 100 MLS COLD PRESS BACK	105	10600.000000	0.000000	1696.000000	2026-07-26	2026-02-04	2025-05-10	0.000000	207	35
BH-PC	PM0000210	LABEL 100 MLS COLD PRESS FRONT	105	10600.000000	0.000000	1696.000000	2026-07-26	2026-02-04	2025-05-10	0.000000	207	35
BH-PC	PM0000284	CARTON 1 LTR DESI GHEE 9 PCS	105	39.336600	9.333300	1613.000000	2026-08-25	2026-08-17	2025-06-30	37.000000	13	5
BH-PC	PM0000718	LABEL 1 LTR PRESSED MUSTARD OIL FRONT	105	1200.000000	0.000000	1560.000000	2026-07-26	2026-08-17	2026-02-01	5300.000000	13	35
BH-PC	PM0000719	LABEL 1 LTR PRESSED MUSTARD OIL BACK	105	1200.000000	0.000000	1560.000000	2026-07-26	2026-08-17	2026-06-25	5300.000000	13	35
BH-PC	PM0000589	CARTON PET BOTTLE 100 ML 20 PCS	105	135.000000	53.000000	1553.000000	2026-08-09	2026-08-17	2025-05-07	438.000000	13	21
BH-PC	PM0000691	LABEL 1 LTR PRESSED SESAME OIL BACK	105	1139.000000	0.000000	1481.000000	2026-08-29	2026-08-29	2025-09-01	12701.000000	1	1
BH-PC	PM0000495	LABEL 5 LTR COLD PRESS CANOLA BACK B.B	105	700.000000	0.000000	1469.000000	2026-08-03	2026-08-17	2025-05-10	38.000000	13	27
BH-PC	PM0000674	LABEL 5 LTR  JAITOON  OIL BACK	105	1500.000000	0.000000	1380.000000	2026-08-09	2026-08-17	2025-07-08	1.000000	13	21
BH-PC	PM0000673	LABEL 5 LTR  JAITOON  OIL FRONT	105	1500.000000	0.000000	1380.000000	2026-08-09	2026-08-17	2025-07-08	1.000000	13	21
BH-PC	PM0000699	LABEL 2 LTR POMACE HANDLE BOTTLE BACK VEDAKA	105	400.000000	0.000000	1320.000000	2026-08-17	2026-02-04	2025-07-05	0.000000	207	13
BH-PC	PM0000698	LABEL 2 LTR POMACE HANDLE BOTTLE FRONT VEDAKA	105	400.000000	0.000000	1320.000000	2026-08-17	2026-02-04	2025-07-05	0.000000	207	13
BH-PC	PM0000690	LABEL 1 LTR PRESSED SESAME OIL FRONT	105	1008.000000	0.000000	1310.000000	2026-08-29	2026-08-29	2025-09-01	12932.000000	1	1
BH-PC	PM0000275	CAPS GLASS JAR 82 MM A2 DESI GHEE 1 LTR & 500 MLS	105	276.000000	84.000000	1242.000000	2026-08-25	2026-08-17	2025-05-10	6.000000	13	5
BH-PC	PM0000331	LABEL 250 GMS EXTRA LIGHT FRONT	105	5982.000000	2.000000	1210.000000	2026-08-17	2026-07-30	2025-05-08	2982.000000	31	13
BH-PC	PM0000224	TIKKI 1+1 COMBO PACK 650	105	3500.000000	0.000000	1120.000000	2026-08-13	2026-08-17	2025-05-10	36561.000000	13	17
BH-PC	PM0000219	LABEL 100 ML PET BOTTLE  EXTRA LIGHT BACK	105	5284.000000	1000.000000	1057.000000	2026-08-17	2026-08-07	2025-05-07	6780.000000	23	13
BH-PC	PM0000218	LABEL 100 ML PET BOTTLE  EXTRA LIGHT FRONT	105	5408.000000	1000.000000	1046.000000	2026-08-17	2026-08-07	2025-05-07	6780.000000	23	13
BH-PC	PM0000729	CAPS INNER PET BOTTLE 250 MLS	105	4555.000000	1000.000000	1002.000000	2026-08-17	2026-08-23	2025-08-05	20960.000000	7	13
BH-PC	PM0000184	LABEL 500 MLS EXTRA LIGHT BACK	105	4800.000000	17.000000	960.000000	2026-07-26	2026-08-17	2025-05-10	26900.000000	13	35
BH-PC	PM0000183	LABEL 500 MLS EXTRA LIGHT FRONT	105	4800.000000	17.000000	960.000000	2026-07-26	2026-08-17	2025-05-10	26900.000000	13	35
BH-PC	PM0000824	LABEL 1 LTR KACHI GHANI FULL	105	1100.000000	15480.000000	913.000000	2026-08-10	2026-08-17	2025-12-20	549007.000000	13	20
BH-PC	PM0000766	TIKKI BARCODE CSD 2 LTR CANOLA	105	2535.000000	188.000000	887.000000	2026-08-09	2026-08-03	2025-11-07	2396.000000	27	21
BH-PC	PM0000027	LABEL 1 LTR REFINED TOP	105	3884.000000	470.000000	699.000000	2026-08-13	2026-08-03	2025-05-06	12690.000000	27	17
BH-PC	PM0000071	SHRINKS 1 LTR 235X310	105	540.000000	0.000000	697.000000	2026-08-18	2026-08-21	2025-05-10	94567.000000	9	12
BH-PC	PM0000493	LABEL 5 LTR RICE BRAN & OLIVE OIL BACK B.B	105	350.000000	0.000000	683.000000	2026-08-03	2026-08-17	2025-05-10	328.000000	13	27
BH-PC	PM0000031	LABEL 15 LTR REFINED CANOLA	105	388.000000	928.000000	636.000000	2026-08-03	2026-08-24	2025-05-10	9185.000000	6	27
BH-PC	PM0000393	LABEL 100 MLS MUSTARD FRONT	105	3040.000000	1060.000000	608.000000	2026-08-29	2026-08-17	2025-05-06	8660.000000	13	1
BH-PC	PM0000392	LABEL 100 MLS MUSTARD BACK	105	3040.000000	1060.000000	608.000000	2026-08-29	2026-08-17	2025-05-06	11340.000000	13	1
BH-PC	PM0000658	CARTON 250 MLS GLASS BOTTLE 4 PCS	105	93.005000	480.000000	605.000000	2026-08-21	2026-08-24	2025-05-10	550.000000	6	9
BH-PC	PM0000354	LABEL 1 LTR REFINED BACK NEW	105	119960.000000	0.000000	528.000000	2026-07-26	NULL	2026-07-26	0.000000	NULL	35
BH-PC	PM0000265	LABEL 2 LTR CP CANOLA HANDLE BOTTLE BACK	105	269.000000	0.000000	511.000000	2026-08-06	2026-08-06	2025-05-10	6810.000000	24	24
BH-PC	PM0000122	TIKKI 100 MLS	105	3240.000000	470.000000	486.000000	2026-08-09	2026-08-17	2025-05-07	7029.000000	13	21
BH-PC	PM0000765	TIKKI BARCODE CSD 5 LTR CANOLA	105	1339.000000	0.000000	469.000000	2026-08-09	2026-08-03	2025-10-17	2820.000000	27	21
BH-PC	PM0000401	TIN 5 LTR OLIVE CLASSIC SANO	105	7.000000	0.000000	434.000000	2026-07-18	2026-07-24	2026-01-31	1118.000000	37	43
BH-PC	PM0000362	LABEL 15 LTR REFINED RICE BRAN OIL	105	105.000000	0.000000	404.000000	2026-07-26	2025-11-28	2025-08-17	0.000000	275	35
BH-PC	PM0000846	LABEL 2 LTR CP MUSTARD OIL HENDLE BOTTLE FRONT LA RASOI	105	200.000000	20300.000000	380.000000	2026-06-24	2026-08-17	2025-12-25	3257.000000	13	67
BH-PC	PM0000403	TIKKI 100 MLS MUSTARD FREE	105	2492.000000	0.000000	374.000000	2026-08-13	2026-08-17	2025-05-06	8302.000000	13	17
BH-PC	PM0000353	LABEL 1 LTR REFINED FRONT NEW	105	96960.000000	0.000000	359.000000	2026-07-26	NULL	2026-07-26	0.000000	NULL	35
BH-PC	PM0000835	TIN 5 LTR FP YELLOW MUSTARD OIL PRINTED	105	4.000000	0.000000	336.000000	2026-08-25	2026-08-26	2026-02-11	4206.000000	4	5
BH-PC	PM0000877	TIKKI BARCODE CSD KGMO 5 LTR	105	950.000000	0.000000	333.000000	2026-08-03	2026-08-17	2026-04-06	3765.000000	13	27
BH-PC	PM0000335	TIKKI 250 MLS	105	2294.000000	0.000000	321.000000	2026-08-09	2026-08-03	2025-05-07	3315.000000	27	21
BH-PC	PM0000878	TIKKI BARCODE CSD KGMO 1 LTR	105	885.000000	0.000000	310.000000	2026-08-03	2026-08-05	2026-04-06	3592.000000	25	27
BH-PC	PM0000333	CAPS 250 MLS GLASS BOTTLE	105	60.000000	1920.000000	248.000000	2026-08-13	2026-08-24	2025-05-10	8359.000000	6	17
BH-PC	PM0000843	LABEL 2 LTR CP MUSTARD OIL HANDLE BOTTLE BACK LA RASOI	105	100.000000	20300.000000	190.000000	2026-06-24	2026-08-17	2025-12-25	3335.000000	13	67
BH-PC	PM0000043	LABEL 200 LTR POMACE FRONT	105	50.000000	0.000000	188.000000	2026-07-26	NULL	2026-07-26	0.000000	NULL	35
BH-PC	PM0000281	LABEL 1 LTR A2 DESI GHEE ORGANIC	105	84.000000	84.000000	168.000000	2026-08-25	2026-08-17	2025-07-24	30.000000	13	5
BH-PC	PM0000871	TIKKI BARCODE CSD 1 LTR COCONUT EV	105	398.000000	0.000000	139.000000	2026-08-17	2026-08-06	2026-04-06	748.000000	24	13
BH-PC	PM0000876	TIKKI BARCODE CSD EXTRA LIGHT 1 LTR	105	485.000000	0.000000	136.000000	2026-08-11	2026-08-17	2026-04-06	426.000000	13	19
BH-PC	PM0000286	LABEL 1 LTR SOYABEAN FRONT	105	600.000000	0.000000	132.000000	2026-08-09	2026-08-17	2025-05-10	80.000000	13	21
BH-PC	PM0000283	SHRINK 1 LTR DESI GHEE 240*300	105	84.000000	84.000000	126.000000	2026-08-25	2026-02-04	2025-05-10	0.000000	207	5
BH-PC	PM0000874	TIKKI BARCODE CSD 1 LTR EV	105	226.000000	0.000000	79.000000	2026-07-02	2026-08-17	2026-04-06	348.000000	13	59
BH-PC	PM0000887	LABEL 200 LTR POMACE SANO	105	18.000000	0.000000	63.000000	2026-07-26	2026-08-27	2026-06-13	122.000000	3	35
BH-PC	PM0000738	PET BOTTLE 2 LTRS 66 GMS  VEDAKA	105	45.000000	0.000000	45.000000	2026-07-26	2025-12-17	2025-09-13	0.000000	256	35
BH-PC	PM0000162	SHRINKS NECK MUSLI & DESI GHEE GLASS JAR	105	84.000000	84.000000	29.000000	2026-08-25	2026-08-17	2025-05-10	1600.000000	13	5
BH-PC	PM0000195	PET BOTTLE 1 LTR 52 GMS GREEN	105	2.000000	0.000000	19.000000	2026-08-26	2026-08-27	2025-05-10	62844.000000	3	4
BH-PC	PM0000873	TIKKI BARCODE CSD 1 LTR POMACE	105	40.000000	0.000000	14.000000	2026-07-26	2026-08-17	2026-04-06	238.000000	13	35
BH-PC	PM0000500	LABEL 1 LTR EXTRA VIRGIN BACK ZANO	105	2.000000	0.000000	4.000000	2026-06-30	2026-06-30	2025-05-10	3278.000000	61	61
BH-PC	PM0000671	POUCH SOYABEAN MULTI ROLLS KGS	105	0.006600	39.406500	2.000000	2026-06-10	2026-08-17	2025-05-20	136.554000	13	81
BH-PC	PM0000590	CARTON PET BOTTLE 250 ML 4 PCS	105	0.336600	0.000000	2.000000	2026-07-29	2026-08-01	2025-05-08	786.666700	29	32
BH-PC	PM0000672	SHRINK ROLL POF GM	105	0.004000	1017.750000	1.000000	2026-08-09	2026-08-17	2025-05-07	265.425000	13	21
BH-PC	PM0000655	CARTON COFFEE JAR 100 GMS 15 PCS	105	0.006700	0.000000	0.000000	2026-02-02	2026-02-04	2025-05-16	0.000000	207	209
BH-PC	PM0000247	CARTON 1 LTR 24 PCS	105	0.005000	0.000000	0.000000	2026-08-09	2026-08-17	2025-05-08	1763.620000	13	21
BH-PC	PM0000153	CARTON 500 MLS EXTRA VIRGIN 12 PCS	105	0.006700	0.000000	0.000000	2026-08-13	2026-08-17	2025-12-01	171.160000	13	17
BH-PC	PM0000110	CARTON 100 MLS GLASS BOTTLE 24 PCS	105	0.006600	0.000000	0.000000	2026-02-03	2026-02-04	2025-05-10	0.000000	207	208
BH-PC	PM0000004	CARTON 1 LTR 12 PCS POUCH SANO	105	0.003300	0.000000	0.000000	2026-02-01	2026-02-04	2025-05-03	0.000000	207	210
BH-PC	PM0000062	CAPS 5 LTR	105	3880.000000	0.000000	0.000000	2026-08-17	2026-08-06	2025-05-16	8086.000000	24	13
BH-PC	PM0000468	CAPS 5 LTR GREEN	105	34365.000000	7032.000000	0.000000	2026-08-29	2026-08-27	2025-05-05	119124.000000	3	1
BH-PC	RM0000010	POMACE OLIVE LOOSE OIL BOM	106	0.008000	0.000000	0.000000	2026-08-09	2026-08-13	2026-02-04	24.040000	17	21
BH-PC	PM0000469	CAPS 5 LTR BROWN	105	29644.000000	2581.000000	0.000000	2026-08-26	2026-08-27	2025-05-05	125972.000000	3	4
BH-PC	PM0000471	CAPS 5 LTR BLUE	105	1650.000000	0.000000	0.000000	2026-08-18	2026-08-17	2025-05-07	10616.000000	13	12
BH-PC	PM0000470	CAPS 5 LTR ORANGE	105	6825.000000	1180.000000	0.000000	2026-08-21	2026-08-21	2025-05-07	64147.000000	9	9
BH-PF	FG0000004	COLD PRESS 5 LTR 4 PCS	102	9160.000000	3200.000000	6913023.000000	2026-08-25	2026-08-30	2024-09-30	79773.000000	0	5
BH-PF	FG0000194	SOYABEAN OIL 1 LTR POUCH 12 PCS	102	34639.000000	24720.000000	4929417.000000	2026-08-24	2026-08-27	2024-09-30	55497.000000	3	6
BH-PF	FG0000015	REFINED OIL 15 LTR	102	1728.000000	0.000000	3812069.000000	2026-08-24	2026-08-29	2024-10-07	6332.000000	1	6
BH-PF	FG0000275	COLD PRESS SUNFLOWER OIL 15 LTR	102	1356.000000	0.000000	2909962.000000	2026-08-14	2026-08-27	2024-11-18	2360.000000	3	16
BH-PF	FG0000106	MUSTARD KACHHI GHANI 1 LTR POUCH 12 PCS	102	15570.000000	0.000000	2448999.000000	2026-08-24	2026-08-22	2024-09-30	47192.000000	8	6
BH-PF	FG0000028	POMACE OLIVE 1 LTR 16 PCS	102	8160.000000	8000.000000	2417976.000000	2026-08-29	2026-08-29	2024-09-30	221103.000000	1	1
BH-PF	FG0000030	MUSTARD KACHI GHANI 1 LTR 20 PCS	102	14320.000000	24740.000000	2285643.000000	2026-08-29	2026-08-29	2024-09-30	646445.000000	1	1
BH-PF	FG0000043	COLD PRESS 3 LTR 6 PCS	102	4950.000000	0.000000	2270944.000000	2026-08-27	2026-08-06	2025-02-05	8052.000000	24	3
BH-PF	FG0000151	SANO POMACE OLIVE 5 LTR TIN 4 PCS	102	2476.000000	1136.000000	2160433.000000	2026-08-29	2026-08-29	2024-09-30	23559.000000	1	1
BH-PF	FG0000042	EXTRA VIRGIN OLIVE 1 LTR 16 PCS	102	7376.000000	0.000000	1879321.000000	2026-08-27	2026-08-26	2024-09-30	51331.000000	4	3
BH-PF	SF0000013	A2 DESI GHEE 500 ML	115	3955.000000	0.000000	1404025.000000	2026-08-20	NULL	2026-08-18	0.000000	NULL	10
BH-PF	SF0000014	A2 DESI GHEE 1 LTR	115	1520.000000	0.000000	1079200.000000	2026-08-20	NULL	2026-08-20	0.000000	NULL	10
BH-PF	FG0000143	COLD PRESS GROUNDNUT OIL 5 LTR 4 PCS	102	1132.000000	0.000000	944299.000000	2026-08-27	2026-08-27	2024-10-09	50649.000000	3	3
BH-PF	FG0000021	REFINED OIL 1 LTR POUCH 12 PCS	102	5820.000000	0.000000	836912.000000	2026-08-27	2026-08-26	2024-09-30	1095.000000	4	3
BH-PF	FG0000142	COLD PRESS GROUNDNUT OIL 1 LTR 16 PCS	102	4255.000000	10549.000000	706709.000000	2026-08-29	2026-08-29	2024-09-30	645600.000000	1	1
BH-PF	FG0000444	SOYABEAN OIL 12 KGS (B)	102	338.000000	0.000000	641528.000000	2026-07-28	2026-08-13	2026-06-16	9607.000000	17	33
BH-PF	FG0000306	YELLOW MUSTARD OIL 1 LTR 20 PCS	102	3600.000000	0.000000	612154.000000	2026-08-26	2026-08-21	2025-07-10	47187.000000	9	4
BH-PF	FG0000081	COLD PRESS SUNFLOWER 1 LTR 20 PCS	102	3991.000000	200.000000	591412.000000	2026-08-20	2026-08-21	2024-09-30	377369.000000	9	10
BH-PF	SF0000012	A2 DESI GHEE 200 ML	115	4028.000000	0.000000	543377.000000	2026-08-18	2026-08-26	2026-08-18	1.000000	4	12
BH-PF	FG0000128	JIVO GOLD 5 LTR 4 PCS	102	720.000000	0.000000	537774.000000	2026-08-26	2026-08-25	2024-10-15	7829.000000	5	4
BH-PF	FG0000178	MUSTARD KACHI GHANI 15 KGS	102	200.000000	0.000000	475646.000000	2026-07-10	2026-08-27	2024-11-27	1849.000000	3	51
BH-PF	FG0000460	SESAME OIL 1 LTR 16 PCS	102	1792.000000	0.000000	387482.000000	2026-08-29	2026-08-29	2026-08-29	7200.000000	1	1
BH-PF	FG0000320	YELLOW MUSTARD OIL 1 LTR 16 PCS	102	2240.000000	0.000000	386008.000000	2026-08-29	2026-08-29	2025-08-28	20881.000000	1	1
BH-PF	FG0000011	MUSTARD KACCHI GHANI 5 LTR 4 PCS	102	404.000000	2232.000000	337837.000000	2026-08-19	2026-08-19	2024-09-30	60006.000000	11	11
BH-PF	FG0000328	SANO POMACE OLIVE 200 LTR 1 PCS	102	10.000000	0.000000	332454.000000	2026-08-27	2026-08-29	2025-09-08	130.000000	1	3
BH-PF	FG0000008	POMACE OLIVE 5 LTR TIN 4 PCS	102	272.000000	0.000000	316627.000000	2026-08-22	2026-08-29	2024-09-30	45303.000000	1	8
BH-PF	FG0000349	EXTRA VIRGIN OLIVE 200 MLS 70 PCS	102	2778.000000	0.000000	305580.000000	2026-08-19	2026-01-09	2025-11-19	0.000000	233	11
BH-PF	FG0000082	DESI GHEE A2 500 MLS 16 PCS	102	1001.000000	1001.000000	243523.000000	2026-08-12	2026-08-03	2025-01-23	23.000000	27	18
BH-PF	FG0000074	EXTRA VIRGIN OLIVE 5 LTR TIN 4 PCS IMPORTED	102	171.000000	0.000000	207408.000000	2026-08-26	2026-08-18	2024-10-20	1990.000000	12	4
BH-PF	FG0000316	SOYABEAN OIL 13 KGS (B)	102	98.000000	0.000000	202109.000000	2026-08-14	2026-08-26	2025-08-13	7367.000000	4	16
BH-PF	FG0000402	COLD PRESS GROUNDNUT OIL 200 LTR 1 PCS	102	5.000000	0.000000	163243.000000	2026-07-02	2026-04-10	2026-03-12	0.000000	142	59
BH-PF	FG0000112	EXTRA VIRGIN OLIVE 250 MLS 4 PCS	102	1640.000000	0.000000	144616.000000	2026-08-25	2026-08-13	2024-09-30	424.000000	17	5
BH-PF	FG0000088	COLD PRESS 1 LTR +1 LTR COMBO 10 SET PLAIN	102	460.000000	0.000000	136624.000000	2026-08-26	2026-08-18	2024-11-26	13230.000000	12	4
BH-PF	FG0000429	MUSTARD KACHI GHANI 1 LTR + 1 LTR COMBO 10 SET PLAIN	102	260.000000	0.000000	85098.000000	2026-08-19	2026-08-25	2026-08-13	20000.000000	5	11
BH-PF	FG0000367	SANO POMACE OLIVE OIL 15 L	102	21.000000	0.000000	51650.000000	2026-08-27	2026-08-27	2026-03-31	1254.000000	3	3
BH-PF	FG0000299	SOYABEAN OIL 700 GMS POUCH 12 PCS	102	260.000000	0.000000	28517.000000	2026-08-14	2026-08-29	2025-05-29	181036.000000	1	16
BH-PF	FG0000359	SOYABEAN OIL 750 GMS 12 PCS POUCH	102	152.000000	4800.000000	17820.000000	2026-08-18	2026-08-29	2025-12-19	234205.000000	1	12
BH-PF	FG0000383	REFINED OIL 13 KG	102	1.000000	0.000000	2028.000000	2026-06-17	2026-08-13	2026-02-10	632.000000	17	74
BH-PF	PM0000433	LABEL DESI GHEE 500 GMS (JIVO)	105	500.000000	0.000000	927.000000	2026-08-27	NULL	2026-08-27	0.000000	NULL	3
BH-PF	SF0000005	JIVO HONEY 500 GMS	115	1.000000	0.000000	91.000000	2026-02-13	2026-02-13	2026-02-13	0.000000	198	198
BH-PF	PM0000273	GLASS JAR 580 MLS A2 DESI GHEE	105	5.000000	0.000000	77.000000	2026-08-27	NULL	2026-08-27	0.000000	NULL	3
BH-PF	PM0000275	CAPS GLASS JAR 82 MM A2 DESI GHEE 1 LTR & 500 MLS	105	5.000000	0.000000	22.000000	2026-08-27	2026-08-22	2026-03-09	50.000000	8	3
BH-PM	PM0000891	POUCH SOYABEAN MULTI  KGS	105	6042.100000	0.000000	1861863.000000	2026-08-04	2026-08-05	2026-06-06	4395.940000	25	26
BH-PM	PM0000852	PREFORM 49.5 GMS 36 MM	105	147360.000000	0.000000	1134749.000000	2026-08-27	2026-08-29	2026-01-21	1262241.000000	1	3
BH-PM	PM0000411	CARTON 1 LTR 20 PCS PET 26GM	105	14471.000000	3900.000000	483245.000000	2026-08-26	2026-08-29	2024-09-30	42492.000000	1	4
BH-PM	PM0000076	TIN 15 LTR	105	5917.000000	10001.000000	445963.000000	2026-08-24	2026-08-27	2024-09-30	48532.000000	3	6
BH-PM	PM0000053	HDPE BOTTLE 5 LTR	105	6486.000000	43481.000000	358004.000000	2026-08-27	2026-08-29	2024-09-30	326025.000000	1	3
BH-PM	PM0000006	CARTON 1 LTR 20 PCS PET 40 GM	105	10641.000000	6600.000000	356040.000000	2026-08-24	2026-08-29	2024-09-30	48003.000000	1	6
BH-PM	PM0000835	TIN 5 LTR FP YELLOW MUSTARD OIL PRINTED	105	4153.000000	4010.000000	348852.000000	2026-08-26	2026-08-25	2026-01-27	4201.000000	5	4
BH-PM	PM0000884	SHRINK POF ROLL KG	105	1263.600000	0.000000	276947.000000	2026-08-25	2026-08-23	2026-05-26	2153.800000	7	5
BH-PM	PM0000594	PREFORM 40 GMS 36 MM	105	53000.000000	0.000000	252475.000000	2026-08-27	2026-08-22	2024-10-06	757400.000000	8	3
BH-PM	PM0000080	TIN 5 LTR POMACE OLIVE PRINTED	105	3290.000000	12154.000000	211637.000000	2026-08-26	2026-08-29	2024-09-30	49914.000000	1	4
BH-PM	PM0000401	TIN 5 LTR OLIVE CLASSIC SANO	105	3456.000000	0.000000	192014.000000	2026-07-27	2026-01-28	2024-09-30	0.000000	214	34
BH-PM	PM0000013	CARTON 5 LTR 4 PCS	105	7450.000000	14130.000000	169414.000000	2026-08-25	2026-08-27	2024-09-30	72731.000000	3	5
BH-PM	PM0000824	LABEL 1 LTR KACHI GHANI FULL	105	199800.000000	149500.000000	169274.000000	2026-07-26	2026-08-10	2025-12-06	207200.000000	20	35
BH-PM	PM0000825	CARTON 1 LTR 20 PCS NEW	105	4164.000000	7524.000000	157732.000000	2026-08-14	2026-08-27	2025-12-06	14410.000000	3	16
BH-PM	PM0000130	POUCH REFINED MULTI ROLLS KGS	105	980.000000	0.000000	153384.000000	2026-02-04	2026-02-02	2024-09-30	0.000000	209	207
BH-PM	PM0000660	TIN STRIP	105	882.000000	74.000000	151239.000000	2026-08-01	2026-07-23	2025-01-31	364.004000	38	29
BH-PM	PM0000860	LABEL 1 LTR SOYABEAN FULL	105	170220.000000	1.000000	141283.000000	2026-07-28	2026-07-26	2026-03-29	77800.000000	35	33
BH-PM	PM0000077	TIN 5 LTR EXTRA LIGHT OLIVE PRINTED	105	3296.000000	4010.000000	140502.000000	2026-07-27	2026-08-01	2024-09-30	9462.000000	29	34
BH-PM	PM0000254	CARTON 2 LTR 10 PCS HANDLE BOTTLE	105	3627.000000	1200.000000	138368.000000	2026-08-11	2026-08-27	2024-10-24	2751.000000	3	19
BH-PM	PM0000073	MS COATED DRUM 200 LTR	105	61.000000	159.000000	117710.000000	2026-07-28	2026-08-27	2024-09-30	429.000000	3	33
BH-PM	PM0000128	CARTON 500 MLS 24 PCS	105	5395.000000	3600.000000	115899.000000	2026-08-03	2026-08-12	2024-09-30	1223.000000	18	27
BH-PM	PM0000832	CARTON 1 LTR 20 PCS SANO NEW	105	3068.000000	0.000000	115050.000000	2026-08-01	2026-07-28	2025-12-13	160.000000	33	29
BH-PM	PM0000657	CARTON 1 LTR 16 PCS SANO	105	4245.000000	4426.000000	112365.000000	2026-07-26	2026-08-03	2025-01-24	10020.000000	27	35
BH-PM	PM0000020	LABEL 1 LTR KACHCHI GHANI FRONT	105	373500.000000	0.000000	109581.000000	2026-08-19	2026-08-21	2024-09-30	743000.000000	9	11
BH-PM	PM0000434	LABEL DESI GHEE 1000 LTR (JIVO)	105	5599.000000	0.000000	106692.000000	2025-08-17	2026-08-19	2024-09-30	700.000000	11	378
BH-PM	PM0000019	LABEL 1 LTR KACHCHI GHANI BACK	105	373500.000000	0.000000	106233.000000	2026-08-27	2026-08-27	2024-09-30	743100.000000	3	3
BH-PM	PM0000593	TIN 15 KGS/LTR MULTI CP KACCHI GHANI MUSTARD OIL  PRINTED	105	1011.000000	0.000000	105144.000000	2026-08-11	2026-07-26	2024-11-11	2815.000000	35	19
BH-PM	PM0000103	GLASS BOTTLE 100 MLS	105	15375.000000	0.000000	104119.000000	2026-07-27	2026-07-26	2025-01-14	10000.000000	35	34
BH-PM	PM0000012	CARTON 5 LTR 3 PCS	105	3590.000000	0.000000	98910.000000	2026-05-16	2026-07-31	2024-10-07	230.000000	30	106
BH-PM	PM0000728	HDPE BOTTLE 4 LTR OLIVE GREEN	105	3096.000000	0.000000	95357.000000	2025-10-14	2025-11-22	2025-07-19	0.000000	281	320
BH-PM	PM0000656	GLASS BOTTLE 250 ML	105	6720.000000	0.000000	79800.000000	2026-04-18	2026-08-19	2025-01-15	2016.000000	11	134
BH-PM	PM0000094	SHRINKS 5 LTR 340X415 5 LTR SINGAL PCS	105	32000.000000	24480.000000	79387.000000	2026-08-11	2026-08-24	2024-09-30	120800.000000	6	19
BH-PM	PM0000896	TIN 200 ML PREMIUM OLIVE OIL	105	1577.000000	0.000000	78850.000000	2026-08-26	NULL	2026-08-26	0.000000	NULL	4
BH-PM	PM0000057	PET BOTTLE 2 LTR 66 GMS	105	8395.000000	0.000000	76339.000000	2026-08-22	2026-08-27	2024-09-30	33355.000000	3	8
BH-PM	PM0000617	CARTON 1 LTR 12 PCS RC	105	2505.000000	0.000000	73398.000000	2026-01-14	2025-11-22	2025-02-10	0.000000	281	228
BH-PM	PM0000831	TIN 3 LTR EXTRA LIGHT OLIVE PRINTED	105	1016.000000	1098.000000	71120.000000	2026-07-27	2026-01-22	2026-01-17	0.000000	220	34
BH-PM	PM0000830	TIN 3 LTR POMACE OLIVE PRINTED	105	1015.000000	2200.000000	71050.000000	2026-07-27	2026-08-01	2026-01-17	2.000000	29	34
BH-PM	PM0000196	LAMINATION POUCH 1 KGS RICE KGS	105	231.800000	0.000000	63745.000000	2026-08-03	NULL	2026-08-03	0.000000	NULL	27
BH-PM	PM0000008	CARTON 15 LTR 1 PCS	105	2962.000000	2100.000000	61972.000000	2026-08-17	2026-08-27	2024-09-30	7456.000000	3	13
BH-PM	PM0000009	CARTON 2 LTR 10 PCS	105	1690.000000	25.000000	61685.000000	2026-07-26	2026-08-20	2024-10-08	4593.000000	10	35
BH-PM	PM0000897	TIN 500 ML PREMIUM OLIVE OIL	105	1003.000000	0.000000	60180.000000	2026-08-24	NULL	2026-08-24	0.000000	NULL	6
BH-PM	PM0000229	CARTON 4 LTR 5 PCS	105	4040.000000	1070.000000	60144.000000	2026-07-26	2026-08-03	2024-09-30	4819.000000	27	35
BH-PM	PM0000861	LABEL 1 LTR GOLD FULL	105	74100.000000	13000.000000	60021.000000	2026-08-24	2026-07-29	2026-02-13	47999.000000	32	6
BH-PM	PM0000245	CARTON 5 LTR 4 PCS PET	105	2486.000000	0.250000	55941.000000	2026-08-25	2026-07-26	2024-09-30	2622.000000	35	5
BH-PM	PM0000634	CARTON 1 LTR 20 PCS SANO	105	1590.000000	0.000000	52915.000000	2026-07-29	2026-08-27	2025-02-26	6774.000000	3	32
BH-PM	PM0000231	LABEL 1 LTR SUNFLOWER BACK	105	182000.000000	20800.000000	50648.000000	2026-08-12	2026-08-19	2024-09-30	473400.000000	11	18
BH-PM	PM0000409	CARTON 1 LTR POMACE 16 PCS PLAIN	105	1876.000000	0.000000	50281.000000	2026-07-23	2026-08-23	2024-09-30	789.000000	7	38
BH-PM	PM0000230	LABEL 1 LTR SUNFLOWER FRONT	105	170000.000000	20800.000000	47047.000000	2026-08-12	2026-08-19	2024-09-30	467400.000000	11	18
BH-PM	PM0000823	LABEL 1 LTR KACHI GHANI FULL SANO	105	51200.000000	0.000000	43518.000000	2026-07-23	2026-03-16	2025-12-06	0.000000	167	38
BH-PM	PM0000017	LABEL 1 LTR EXTRA LIGHT BACK	105	167800.000000	20000.000000	38428.000000	2026-08-19	2026-08-06	2024-09-30	133000.000000	24	11
BH-PM	PM0000018	LABEL 1 LTR EXTRA LIGHT FRONT	105	167800.000000	21040.000000	38428.000000	2026-08-19	2026-08-06	2024-09-30	133000.000000	24	11
BH-PM	PM0000003	CARTON 1 LTR POMACE 16 PCS	105	1427.000000	12529.000000	37773.000000	2026-08-25	2026-08-29	2024-09-30	81130.000000	1	5
BH-PM	PM0000609	LABEL 15 KGS REFINED SOYBEAN OIL PCS	105	22900.000000	0.000000	37556.000000	2026-06-23	2026-06-12	2024-10-17	8000.000000	79	68
BH-PM	PM0000838	CARTON 2 LTR 10 PCS HANDLE BOTTLE PLAIN	105	1080.000000	0.000000	36720.000000	2025-12-24	2026-08-29	2025-12-24	1080.000000	1	249
BH-PM	PM0000047	LABEL 5 LTR KACHCHI GHANI BACK	105	51250.000000	5000.000000	35485.000000	2026-08-18	2026-08-17	2024-09-30	71005.000000	13	12
BH-PM	PM0000048	LABEL 5 LTR KACHCHI GHANI FRONT	105	51250.000000	5000.000000	35462.000000	2026-08-13	2026-08-17	2024-09-30	70304.000000	13	17
BH-PM	PM0000632	CARTON 5 LTR TIN OLIVE 4 PCS SANO	105	1250.000000	2000.000000	33025.000000	2026-08-25	2026-08-27	2024-12-03	8669.000000	3	5
BH-PM	PM0000629	CARTON TIN TOP	105	9200.000000	6050.000000	29532.000000	2026-07-26	2026-08-08	2024-11-27	35479.000000	22	35
BH-PM	PM0000880	LABEL 2 LTR GROUNDNUT HANDLE BOTTLE BACK	105	32550.000000	0.000000	29295.000000	2026-08-13	2026-07-30	2026-05-08	3700.000000	31	17
BH-PM	PM0000881	LABEL 2 LTR GROUNDNUT HANDLE BOTTLE FRONT	105	32550.000000	0.000000	29295.000000	2026-08-13	2026-07-30	2026-05-08	3700.000000	31	17
BH-PM	PM0000523	LABEL 1 LTR RICE BRAN OIL BACK	105	54200.000000	450.000000	28400.000000	2026-08-24	2026-07-25	2024-09-30	44200.000000	36	6
BH-PM	PM0000522	LABEL 1 LTR RICE BRAN OIL FRONT	105	54200.000000	450.000000	28400.000000	2026-08-24	2026-07-25	2024-09-30	44200.000000	36	6
BH-PM	PM0000606	LABEL 15 KG REFINED SOYBEAN OIL SANO	105	19400.000000	0.000000	26660.000000	2026-08-01	2026-07-26	2024-10-16	17000.000000	35	29
BH-PM	PM0000616	CARTON 500 MLS 12 PCS VICTORY	105	1270.000000	0.000000	26035.000000	2026-01-12	2025-10-10	2025-02-10	0.000000	324	230
BH-PM	PM0000108	LABEL 1 LTR POMACE FRONT	105	117500.000000	62000.000000	25666.000000	2026-08-10	2026-08-29	2024-09-30	436800.000000	1	20
BH-PM	PM0000285	CARTON 500 MLS DESI GHEE 16 PCS	105	739.000000	0.000000	25648.000000	2025-11-22	2026-02-14	2024-11-13	0.000000	197	281
BH-PM	PM0000005	CARTON 1 LTR 12 POUCHES	105	9913.000000	9916.666700	25074.000000	2026-08-17	2026-08-27	2024-09-30	46839.000000	3	13
BH-PM	PM0000369	LABEL 1 LTR MUSTARD BACK SANO	105	105000.000000	0.000000	24950.000000	2026-08-12	2026-07-30	2024-09-30	52000.000000	31	18
BH-PM	PM0000370	LABEL 1 LTR MUSTARD FRONT SANO	105	105000.000000	0.000000	24910.000000	2026-08-12	2026-07-30	2024-09-30	52000.000000	31	18
BH-PM	PM0000819	CARTON 1 LTR 20 PCS PLAIN	105	690.000000	0.000000	24433.000000	2026-07-26	2026-07-11	2026-02-28	1610.000000	50	35
BH-PM	PM0000618	CARTON 500 MLS 12 PCS RC	105	1173.000000	0.000000	24047.000000	2025-08-17	2025-06-26	2025-02-10	0.000000	430	378
BH-PM	PM0000226	LABEL 4 LTR COLD PRESS BACK	105	32200.000000	5000.000000	23800.000000	2026-08-10	2026-08-10	2024-09-30	40500.000000	20	20
BH-PM	PM0000107	LABEL 1 LTR POMACE BACK	105	117500.000000	67000.000000	23724.000000	2026-08-10	2026-08-29	2024-09-30	233000.000000	1	20
BH-PM	PM0000426	LABEL 1 LTR GROUNDNUT BACK	105	80000.000000	51500.000000	23480.000000	2026-08-10	2026-08-29	2024-09-30	717200.000000	1	20
BH-PM	PM0000425	LABEL 1 LTR GROUNDNUT FRONT	105	80000.000000	51000.000000	23480.000000	2026-08-10	2026-08-29	2024-09-30	717100.000000	1	20
BH-PM	PM0000670	LABEL 4 LTR KACHCHI GHANI FRONT	105	24000.000000	0.000000	23280.000000	2025-11-18	2025-11-22	2025-04-23	0.000000	281	285
BH-PM	PM0000894	LABEL 4 LTR CANOLA FRONT (NIRMAL RISHI)	105	21900.000000	0.000000	22995.000000	2026-06-30	NULL	2026-06-30	0.000000	NULL	61
BH-PM	PM0000863	LABEL 5 LTR CANOLA FRONT (NIRMAL RISHI)	105	18000.000000	0.000000	22455.000000	2026-06-22	2026-07-26	2026-03-23	21972.000000	35	69
BH-PM	PM0000586	LABEL 13 KG REFINED SOYBEAN OIL SANO	105	18750.000000	0.000000	22453.000000	2025-11-22	2026-02-02	2024-09-30	0.000000	209	281
BH-PM	PM0000344	LABEL 1 LTR EXTRA VIRGIN COCONUT FRONT	105	36800.000000	1600.000000	21970.000000	2026-08-19	2025-11-22	2024-09-30	0.000000	281	11
BH-PM	PM0000345	LABEL 1 LTR EXTRA VIRGIN COCONUT BACK	105	36800.000000	1600.000000	21970.000000	2026-08-19	2025-11-22	2024-09-30	0.000000	281	11
BH-PM	PM0000615	CARTON 1 LTR 12 PCS VICTORY	105	950.000000	0.000000	20900.000000	2026-01-28	2026-02-06	2025-02-10	0.000000	205	214
BH-PM	PM0000669	LABEL 4 LTR KACHCHI GHANI BACK	105	21150.000000	0.000000	20516.000000	2025-11-18	2025-11-22	2025-04-23	0.000000	281	285
BH-PM	PM0000227	LABEL 4 LTR COLD PRESS FRONT	105	32796.000000	5000.000000	18232.000000	2026-08-01	2026-06-29	2024-09-30	18000.000000	62	29
BH-PM	PM0000015	LABEL 1 LTR COLD PRESS FRONT	105	180000.000000	76000.000000	17833.000000	2026-08-12	2026-08-29	2024-09-30	289000.000000	1	18
BH-PM	PM0000722	CARTON 1 LTR 20 PCS PET 75 GM	105	500.005000	300.000000	17500.000000	2026-08-07	2026-08-07	2025-08-04	3757.000000	23	23
BH-PM	PM0000590	CARTON PET BOTTLE 250 ML 4 PCS	105	3457.000000	1000.000000	17311.000000	2026-08-01	2026-07-29	2024-10-08	602.000000	32	29
BH-PM	PM0000750	LABEL 1 LTR POMACE FRONT LE CHEF	105	10500.000000	0.000000	16800.000000	2026-02-04	2025-12-24	2025-08-30	0.000000	249	207
BH-PM	PM0000751	LABEL 1 LTR POMACE BACK LE CHEF	105	10500.000000	0.000000	16800.000000	2026-02-04	2025-12-24	2025-08-30	0.000000	249	207
BH-PM	PM0000082	CARTON 5 LTR OLIVE 4 PCS	105	2963.000000	9100.000000	16315.000000	2026-08-25	2026-08-29	2024-09-30	16818.000000	1	5
BH-PM	PM0000385	LABEL 1 LTR POMACE BACK SANO	105	42500.000000	59000.000000	16231.000000	2026-07-10	2026-08-01	2024-09-30	103000.000000	29	51
BH-PM	PM0000386	LABEL 1 LTR POMACE FRONT SANO	105	42500.000000	59000.000000	16231.000000	2026-07-10	2026-08-01	2024-09-30	103000.000000	29	51
BH-PM	PM0000074	TAPE CELLO	105	35000.000000	23275.000000	16108.000000	2026-08-13	2026-08-19	2024-09-30	264800.000000	11	17
BH-PM	PM0000232	LABEL 5 LTR SUNFLOWER BACK	105	19050.000000	8074.000000	15756.000000	2026-08-13	2026-08-20	2024-09-30	51440.000000	10	17
BH-PM	PM0000233	LABEL 5 LTR SUNFLOWER FRONT	105	19050.000000	8534.000000	15753.000000	2026-08-13	2026-08-20	2024-09-30	50100.000000	10	17
BH-PM	PM0000889	LABEL 1 LTR DIVINE HARVEST CP KACHI GHANI BACK	105	5500.000000	0.000000	15400.000000	2026-06-30	NULL	2026-06-30	0.000000	NULL	61
BH-PM	PM0000888	LABEL 1 LTR DIVINE HARVEST CP KACHI GHANI FRONT	105	5500.000000	0.000000	15400.000000	2026-06-30	NULL	2026-06-30	0.000000	NULL	61
BH-PM	PM0000113	HDPE BOTTLE 3 LTR	105	4900.000000	20186.000000	15177.000000	2026-08-14	2026-08-13	2024-09-30	30590.000000	17	16
BH-PM	PM0000784	LABEL 1 LTR SO OLIVE BLENDED OLIVE OIL BACK	105	30000.000000	0.000000	15000.000000	2026-01-14	2026-07-20	2026-01-14	15000.000000	41	228
BH-PM	PM0000785	LABEL 1 LTR SO OLIVE BLENDED OLIVE OIL FRONT	105	30000.000000	0.000000	15000.000000	2026-01-14	2026-07-20	2026-01-14	15000.000000	41	228
BH-PM	PM0000014	LABEL 1 LTR COLD PRESS BACK 8181	105	150000.000000	94000.000000	14871.000000	2026-08-12	2026-08-29	2024-09-30	429400.000000	1	18
BH-PM	PM0000288	LABEL 5 LTR SOYABEAN BACK	105	7900.000000	5000.000000	14781.000000	2026-08-13	2026-08-12	2024-09-30	10247.000000	18	17
BH-PM	PM0000105	CARTON 1000 MLS DESI GHEE 12 PCS	105	524.000000	0.000000	13624.000000	2026-01-09	2026-01-13	2025-03-05	0.000000	229	233
BH-PM	PM0000490	LABEL 1 LTR COLD PRESS FRONT B.B	105	7500.000000	0.000000	13500.000000	2026-02-02	2026-02-27	2024-12-07	0.000000	184	209
BH-PM	PM0000071	SHRINKS 1 LTR 235X310	105	55500.000000	22000.000000	12922.000000	2026-08-21	2026-08-12	2024-09-30	73050.000000	18	9
BH-PM	PM0000289	LABEL 5 LTR SOYABEAN FRONT	105	7900.000000	5000.000000	12771.000000	2026-08-13	2026-08-12	2024-09-30	10247.000000	18	17
BH-PM	PM0000675	LABEL 4 LTR RICE BRAN OIL FRONT	105	8650.000000	0.000000	12155.000000	2025-08-17	2025-11-22	2025-05-15	0.000000	281	378
BH-PM	PM0000658	CARTON 250 MLS GLASS BOTTLE 4 PCS	105	1824.000000	0.000000	11856.000000	2026-04-10	2026-08-21	2025-02-06	450.000000	9	142
BH-PM	PM0000673	LABEL 5 LTR  JAITOON  OIL FRONT	105	12800.000000	0.000000	11776.000000	2025-08-27	2025-11-22	2025-04-15	0.000000	281	368
BH-PM	PM0000488	LABEL 1 LTR RICE BRAN & OLIVE OIL FRONT B.B	105	6500.000000	3000.000000	11700.000000	2026-03-23	2026-02-27	2025-01-30	0.000000	184	160
BH-PM	PM0000273	GLASS JAR 580 MLS A2 DESI GHEE	105	765.000000	0.000000	11688.000000	2026-08-06	2026-08-27	2024-10-06	4035.000000	3	24
BH-PM	PM0000676	LABEL 4 LTR RICE BRAN OIL BACK	105	8000.000000	0.000000	11538.000000	2025-08-17	2025-11-22	2025-05-15	0.000000	281	378
BH-PM	PM0000464	LABEL 15 KGS REFINED COTTON SEED OIL	105	7200.000000	0.000000	11520.000000	2025-08-27	2026-01-29	2024-11-21	0.000000	213	368
BH-PM	PM0000674	LABEL 5 LTR  JAITOON  OIL BACK	105	12000.000000	0.000000	11040.000000	2025-08-27	2026-02-02	2025-04-15	0.000000	209	368
BH-PM	PM0000848	LABEL 1 LTR POMACE OIL BACK ILAHI	105	4400.000000	0.000000	10780.000000	2026-04-18	2026-01-29	2026-01-14	0.000000	213	134
BH-PM	PM0000847	LABEL 1 LTR POMACE OIL FRONT ILAHI	105	4400.000000	0.000000	10780.000000	2026-04-18	2026-01-29	2026-01-14	0.000000	213	134
BH-PM	PM0000734	LABEL 5 LTR GOLD PLUS BACK	105	5200.000000	0.000000	10400.000000	2025-11-22	2025-10-15	2025-07-26	0.000000	319	281
BH-PM	PM0000733	LABEL 5 LTR GOLD PLUS FRONT	105	5200.000000	0.000000	10400.000000	2025-11-22	2025-10-15	2025-07-26	0.000000	319	281
BH-PM	PM0000828	LABEL 3 LTR SUNFLOWER FRONT	105	5150.000000	0.000000	10300.000000	2025-12-15	NULL	2025-12-15	0.000000	NULL	258
BH-PM	PM0000827	LABEL 3 LTR SUNFLOWER BACK	105	5150.000000	0.000000	10300.000000	2025-12-15	NULL	2025-12-15	0.000000	NULL	258
BH-PM	PM0000264	LABEL 3 LTR KACHCHI GHANI FRONT	105	5300.000000	0.000000	10286.000000	2025-12-15	2025-06-26	2024-09-30	0.000000	430	258
BH-PM	PM0000263	LABEL 3 LTR KACHCHI GHANI BACK	105	5300.000000	0.000000	10286.000000	2025-12-15	2025-06-26	2024-09-30	0.000000	430	258
BH-PM	PM0000535	LABEL 5 LTR COLD PRESS BACK 994	105	9500.000000	23480.000000	9975.000000	2026-08-13	2026-08-24	2024-09-30	110648.000000	6	17
BH-PM	PM0000748	LABEL 1 LTR EXTRA VIRGIN FRONT LE CHEF	105	3500.000000	0.000000	9625.000000	2025-12-26	2025-12-31	2025-08-30	0.000000	242	247
BH-PM	PM0000749	LABEL 1 LTR EXTRA VIRGIN BACK LE CHEF	105	3500.000000	0.000000	9625.000000	2025-12-26	2025-12-31	2025-08-30	0.000000	242	247
BH-PM	PM0000494	LABEL 5 LTR COLD PRESS CANOLA FRONT B.B	105	6500.000000	0.000000	9614.000000	2025-12-13	2025-11-22	2024-09-30	0.000000	281	260
BH-PM	PM0000904	LABEL 500 ML CP KACHI GHANI FRONT	105	27000.000000	0.000000	9180.000000	2026-07-10	NULL	2026-07-10	0.000000	NULL	51
BH-PM	PM0000905	LABEL 500 ML CP KACHI GHANI BACK	105	27000.000000	0.000000	9180.000000	2026-07-10	NULL	2026-07-10	0.000000	NULL	51
BH-PM	PM0000194	PET BOTTLE 1 LTR 40 GMS	105	5.000000	111000.000000	9052.000000	2026-08-26	2026-08-29	2024-09-30	283045.000000	1	4
BH-PM	PM0000496	LABEL 1 LTR TIKKI B.B	105	12500.000000	3000.000000	8714.000000	2025-12-13	2025-12-04	2024-09-30	0.000000	269	260
BH-PM	PM0000754	LABEL 1 LTR WP PNUT & GNUT OIL VEDAKA BACK	105	2500.000000	0.000000	8500.000000	2025-12-30	2025-11-27	2025-08-28	0.000000	276	243
BH-PM	PM0000753	LABEL 1 LTR WP PNUT & GNUT OIL VEDAKA FRONT	105	2500.000000	0.000000	8500.000000	2025-12-30	2025-11-27	2025-08-28	0.000000	276	243
BH-PM	PM0000714	LABEL 4 LTR SOYBEAN BACK	105	4250.000000	0.000000	8500.000000	2025-12-24	2025-11-22	2025-07-18	0.000000	281	249
BH-PM	PM0000715	LABEL 4 LTR SOYBEAN FRONT	105	4250.000000	0.000000	8500.000000	2025-12-24	2025-11-22	2025-07-18	0.000000	281	249
BH-PM	PM0000666	LABEL 800 GMS QUINOA SEEDS FULL	105	2000.000000	0.000000	8400.000000	2025-11-22	2025-10-15	2025-04-11	0.000000	319	281
BH-PM	PM0000495	LABEL 5 LTR COLD PRESS CANOLA BACK B.B	105	7500.000000	0.000000	8331.000000	2026-01-22	2025-11-22	2024-09-30	0.000000	281	220
BH-PM	PM0000577	LABEL 900 GM  MUSTARD BACK  SANO	105	84000.000000	0.000000	8078.000000	2025-08-27	2025-11-22	2024-09-30	0.000000	281	368
BH-PM	PM0000762	LABEL 5 LTR CP SUNFLOWER SEEDS OIL BACK VEDAKA	105	2000.000000	0.000000	8000.000000	2025-12-30	2025-11-22	2025-08-28	0.000000	281	243
BH-PM	PM0000761	LABEL 5 LTR CP SUNFLOWER SEEDS OIL FRONT VEDAKA	105	2000.000000	0.000000	8000.000000	2025-12-30	2025-11-22	2025-08-28	0.000000	281	243
BH-PM	PM0000182	CARTON 3 LTR 6 PCS	105	1001.000000	4414.333300	7856.000000	2026-08-06	2026-08-26	2024-09-30	2429.000000	4	24
BH-PM	PM0000849	LABEL 1 LTR EXTRA VIRGIN OLIVE OIL FRONT ILAHI	105	3700.000000	0.000000	7770.000000	2026-03-06	2026-01-29	2026-01-14	0.000000	213	177
BH-PM	PM0000850	LABEL 1 LTR EXTRA VIRGIN OLIVE OIL BACK ILAHI	105	3700.000000	0.000000	7770.000000	2026-03-06	2026-01-29	2026-01-14	0.000000	213	177
BH-PM	PM0000843	LABEL 2 LTR CP MUSTARD OIL HANDLE BOTTLE BACK LA RASOI	105	3800.000000	0.000000	7220.000000	2026-08-19	2026-06-23	2025-12-24	2700.000000	68	11
BH-PM	PM0000846	LABEL 2 LTR CP MUSTARD OIL HENDLE BOTTLE FRONT LA RASOI	105	3800.000000	0.000000	7220.000000	2026-08-19	2026-06-23	2025-12-24	2700.000000	68	11
BH-PM	PM0000683	GLASS JAR COFFEE 50 GMS	105	1018.000000	500.000000	7177.000000	2025-09-26	2025-10-13	2025-06-17	0.000000	321	338
BH-PM	PM0000856	LABEL 1 LTR EXTRA VIRGIN BACK SANO	105	4000.000000	0.000000	7000.000000	2026-02-02	NULL	2026-02-02	0.000000	NULL	209
BH-PM	PM0000857	LABEL 1 LTR EXTRA VIRGIN FRONT SANO	105	4000.000000	0.000000	7000.000000	2026-02-02	NULL	2026-02-02	0.000000	NULL	209
BH-PM	PM0000489	LABEL 1 LTR RICE BRAN & OLIVE OIL BACK B.B	105	6500.000000	3000.000000	6500.000000	2026-03-23	2026-02-27	2025-01-30	0.000000	184	160
BH-PM	PM0000893	LABEL 1 LTR PRESSED SUNFLOWER OIL BACK	105	5000.000000	0.000000	6500.000000	2026-08-13	2026-07-09	2026-07-08	5500.000000	52	17
BH-PM	PM0000892	LABEL 1 LTR PRESSED SUNFLOWER OIL FRONT	105	5000.000000	0.000000	6500.000000	2026-08-13	2026-07-09	2026-07-08	5500.000000	52	17
BH-PM	PM0000903	LABEL 200 ML CP SUNFLOWER BACK	105	29500.000000	0.000000	6490.000000	2026-07-10	NULL	2026-07-10	0.000000	NULL	51
BH-PM	PM0000902	LABEL 200 ML CP SUNFLOWER FRONT	105	29500.000000	0.000000	6490.000000	2026-07-10	NULL	2026-07-10	0.000000	NULL	51
BH-PM	PM0000665	LABEL 400 GMS QUINOA SEEDS FULL	105	2100.000000	0.000000	6090.000000	2025-11-22	2025-10-15	2025-04-11	0.000000	319	281
BH-PM	PM0000486	LABEL 800 GMS PUMPKIN SEEDS FULL	105	2250.000000	0.000000	6002.000000	2025-11-22	2025-10-15	2024-09-30	0.000000	319	281
BH-PM	PM0000885	LABEL 869 GM CP MUSTARD OIL FRONT	105	20000.000000	0.000000	6000.000000	2026-06-09	2026-07-23	2026-05-16	62000.000000	38	82
BH-PM	PM0000886	LABEL 869 GM CP MUSTARD OIL BACK	105	20000.000000	0.000000	6000.000000	2026-06-09	2026-07-23	2026-05-16	62000.000000	38	82
BH-PM	PM0000371	LABEL 5 LTR MUSTARD BACK SANO	105	5800.000000	0.000000	5822.000000	2025-12-15	2025-11-22	2024-09-30	0.000000	281	258
BH-PM	PM0000372	LABEL 5 LTR MUSTARD FRONT SANO	105	5800.000000	0.000000	5822.000000	2025-12-15	2025-11-22	2024-09-30	0.000000	281	258
BH-PM	PM0000117	LABEL 3 LTR COLD PRESS BACK	105	6000.000000	20186.000000	5820.000000	2025-12-15	2026-08-01	2024-10-19	12000.000000	29	258
BH-PM	PM0000118	LABEL 3 LTR COLD PRESS FRONT	105	6000.000000	20186.000000	5820.000000	2025-12-15	2026-08-01	2024-10-19	12000.000000	29	258
BH-PM	PM0000684	GLASS JAR COFFEE 100 GMS	105	437.000000	500.000000	5790.000000	2026-08-01	2026-07-26	2025-07-28	432.000000	35	29
BH-PM	PM0000474	LABEL 800 GMS BASIL SEEDS FULL	105	2250.000000	0.000000	5693.000000	2025-11-22	2025-10-15	2024-09-30	0.000000	319	281
BH-PM	PM0000866	LABEL 200 ML CP GROUNDNUT OIL FRONT	105	24800.000000	0.000000	5456.000000	2026-07-10	2026-08-21	2026-03-06	115600.000000	9	51
BH-PM	PM0000865	LABEL 200 ML CP GROUNDNUT OIL BACK	105	24800.000000	0.000000	5456.000000	2026-07-10	2026-08-21	2026-03-06	115600.000000	9	51
BH-PM	PM0000477	LABEL 800 GMS FLAX SEEDS FULL	105	2070.000000	0.000000	5419.000000	2025-11-22	2025-10-15	2024-09-30	0.000000	319	281
BH-PM	PM0000732	LABEL 1 LTR GOLD PLUS BACK	105	6000.000000	0.000000	5400.000000	2025-08-06	2025-11-22	2025-07-26	0.000000	281	389
BH-PM	PM0000731	LABEL 1 LTR GOLD PLUS FRONT	105	6000.000000	0.000000	5400.000000	2025-08-06	2025-11-22	2025-07-26	0.000000	281	389
BH-PM	PM0000308	LABEL 1 LTR PRESSED YELLOW MUSTARD OIL FRONT	105	7800.000000	0.000000	5304.000000	2026-08-27	2026-08-27	2025-07-05	85500.000000	3	3
BH-PM	PM0000307	LABEL 1 LTR PRESSED YELLOW MUSTARD OIL BACK	105	7800.000000	0.000000	5304.000000	2026-08-27	2026-08-27	2025-07-05	85500.000000	3	3
BH-PM	PM0000483	LABEL 800 GMS SUNFLOWER SEEDS FULL	105	2040.000000	0.000000	5183.000000	2025-11-22	2025-10-15	2024-09-30	0.000000	319	281
BH-PM	PM0000816	LABEL 500 ML PURE TOASTED SESAME OIL FRONT	105	5000.000000	0.000000	5000.000000	2026-01-20	2026-02-07	2025-11-18	0.000000	204	222
BH-PM	PM0000815	LABEL 500 ML PURE TOASTED SESAME OIL BACK	105	5000.000000	0.000000	5000.000000	2026-01-20	2026-02-07	2025-11-18	0.000000	204	222
BH-PM	PM0000744	LABEL 5 LTR CP PNUT & GNUT OIL VEDAKA FRONT	105	1200.000000	0.000000	4800.000000	2025-12-30	NULL	2025-12-30	0.000000	NULL	243
BH-PM	PM0000745	LABEL 5 LTR CP PNUT & GNUT OIL VEDAKA BACK	105	1200.000000	0.000000	4800.000000	2025-12-30	NULL	2025-12-30	0.000000	NULL	243
BH-PM	PM0000760	LABEL 5 LTR CP MUSTARD OIL VEDAKA BACK	105	1100.000000	0.000000	4400.000000	2025-12-30	2025-11-22	2025-08-28	0.000000	281	243
BH-PM	PM0000759	LABEL 5 LTR CP MUSTARD OIL VEDAKA FRONT	105	1100.000000	0.000000	4400.000000	2025-12-30	2025-11-22	2025-08-28	0.000000	281	243
BH-PM	PM0000757	LABEL 2 LTR CP MUSTARD OIL VEDAKA FRONT	105	1200.000000	0.000000	4200.000000	2025-12-30	2025-11-22	2025-08-28	0.000000	281	243
BH-PM	PM0000758	LABEL 2 LTR CP MUSTARD OIL VEDAKA BACK	105	1200.000000	0.000000	4200.000000	2025-12-30	2025-11-22	2025-08-28	0.000000	281	243
BH-PM	PM0000403	TIKKI 100 MLS MUSTARD FREE	105	30448.000000	4000.000000	3895.000000	2026-08-01	2026-08-01	2024-09-30	8960.000000	29	29
BH-PM	PM0000755	LABEL 1 LTR CP MUSTARD OIL VEDAKA FRONT	105	1100.000000	0.000000	3740.000000	2025-12-30	2025-10-15	2025-08-28	0.000000	319	243
BH-PM	PM0000756	LABEL 1 LTR CP MUSTARD OIL VEDAKA BACK	105	1100.000000	0.000000	3740.000000	2025-12-30	2025-10-15	2025-08-28	0.000000	319	243
BH-PM	PM0000746	LABEL 1 LTR CP SUNFLOWER SEEDS OIL FRONT VEDAKA	105	1100.000000	0.000000	3740.000000	2025-12-30	2025-11-22	2025-08-28	0.000000	281	243
BH-PM	PM0000747	LABEL 1 LTR CP SUNFLOWER SEEDS OIL BACK VEDAKA	105	1100.000000	0.000000	3740.000000	2025-12-30	2025-11-22	2025-08-28	0.000000	281	243
BH-PM	PM0000036	LABEL 2 LTR KACHCHI GHANI FRONT	105	10000.000000	0.000000	3580.000000	2026-06-13	2026-08-12	2024-09-30	23500.000000	18	78
BH-PM	PM0000347	LABEL 250 MLS EXTRA VIRGIN GLASS BOTTLE FRONT	105	7000.000000	0.000000	3350.000000	2026-04-15	2026-07-26	2024-09-30	8000.000000	35	137
BH-PM	PM0000348	LABEL 250 MLS EXTRA VIRGIN GLASS BOTTLE BACK	105	7000.000000	0.000000	3350.000000	2026-04-15	2026-07-26	2024-09-30	8000.000000	35	137
BH-PM	PM0000420	LABEL 200 MLS EXTRA VIRGIN OLIVE OIL BACK	105	29500.000000	0.000000	3291.000000	2026-07-10	2025-11-22	2024-09-30	0.000000	281	51
BH-PM	PM0000419	LABEL 200 MLS EXTRA VIRGIN OLIVE OIL FRONT	105	29500.000000	0.000000	3291.000000	2026-07-10	2025-11-22	2024-09-30	0.000000	281	51
BH-PM	PM0000578	LABEL 900 GM  MUSTARD FRONT  SANO	105	62200.000000	0.000000	3282.000000	2025-08-27	2025-08-21	2024-09-30	0.000000	374	368
BH-PM	PM0000664	LABEL 200 GMS QUINOA SEEDS FULL	105	1810.000000	0.000000	3258.000000	2025-11-22	2025-10-15	2025-04-11	0.000000	319	281
BH-PM	PM0000524	LABEL 5 LTR RICE BRAN OIL FRONT	105	8000.000000	5000.000000	3076.000000	2026-07-25	2026-08-08	2024-09-30	23950.000000	22	36
BH-PM	PM0000525	LABEL 5 LTR RICE BRAN OIL BACK	105	8000.000000	5000.000000	3076.000000	2026-07-25	2026-08-08	2024-09-30	24800.000000	22	36
BH-PM	PM0000035	LABEL 2 LTR KACHCHI GHANI BACK	105	10000.000000	0.000000	2967.000000	2026-06-13	2026-08-12	2024-09-30	23500.000000	18	78
BH-PM	PM0000160	LABEL 500 MLS POMACE OLIVE FRONT	105	6250.000000	0.000000	2905.000000	2025-12-23	2025-12-23	2024-09-30	0.000000	250	250
BH-PM	PM0000476	LABEL 400 GMS FLAX SEEDS FULL	105	1440.000000	0.000000	2522.000000	2025-11-22	2025-10-15	2024-09-30	0.000000	319	281
BH-PM	PM0000491	LABEL 1 LTR COLD PRESS BACK B.B	105	7500.000000	0.000000	2333.000000	2026-01-29	2026-02-27	2024-09-30	0.000000	184	213
BH-PM	PM0000766	TIKKI BARCODE CSD 2 LTR CANOLA	105	6650.000000	0.000000	2328.000000	2026-05-05	2026-05-05	2025-09-06	0.000000	117	117
BH-PM	PM0000875	TIKKI BARCODE CSD 500 ML EV	105	8200.000000	0.000000	2296.000000	2026-08-11	2026-07-02	2026-04-03	246.000000	59	19
BH-PM	PM0000729	CAPS INNER PET BOTTLE 250 MLS	105	10000.000000	2600.000000	2200.000000	2026-08-11	2026-07-26	2025-07-19	10000.000000	35	19
BH-PM	PM0000484	LABEL 200 GMS PUMPKIN SEEDS FULL	105	2050.000000	0.000000	2178.000000	2025-11-22	2025-10-15	2024-09-30	0.000000	319	281
BH-PM	PM0000485	LABEL 400 GMS PUMPKIN SEEDS FULL	105	1360.000000	0.000000	2167.000000	2025-11-22	2025-10-15	2024-09-30	0.000000	319	281
BH-PM	PM0000161	LABEL 500 MLS POMACE OLIVE BACK	105	6250.000000	0.000000	2139.000000	2025-12-23	2025-12-23	2024-09-30	0.000000	250	250
BH-PM	PM0000871	TIKKI BARCODE CSD 1 LTR COCONUT EV	105	7500.000000	0.000000	2100.000000	2026-08-11	2026-07-02	2026-04-03	1057.000000	59	19
BH-PM	PM0000478	LABEL 200 GMS CHIA SEEDS FULL	105	1650.000000	0.000000	1916.000000	2025-11-22	2025-10-15	2024-09-30	0.000000	319	281
BH-PM	PM0000874	TIKKI BARCODE CSD 1 LTR EV	105	4900.000000	0.000000	1372.000000	2026-08-11	2026-07-02	2026-04-03	390.000000	59	19
BH-PM	PM0000876	TIKKI BARCODE CSD EXTRA LIGHT 1 LTR	105	4250.000000	0.000000	1190.000000	2026-08-11	2026-08-11	2026-04-03	939.000000	19	19
BH-PM	PM0000628	LABEL 15 KG REFIND SUNFLOWER OIL	105	312.000000	0.000000	1092.000000	2026-08-19	2026-04-24	2024-11-23	0.000000	128	11
BH-PM	PM0000266	LABEL 2 LTR CP CANOLA HANDLE BOTTLE FRONT	105	3700.000000	6000.000000	886.000000	2026-08-13	2026-07-26	2024-09-30	6650.000000	35	17
BH-PM	PM0000265	LABEL 2 LTR CP CANOLA HANDLE BOTTLE BACK	105	3700.000000	6000.000000	886.000000	2026-08-13	2026-07-26	2024-09-30	6650.000000	35	17
BH-PM	PM0000873	TIKKI BARCODE CSD 1 LTR POMACE	105	2100.000000	0.000000	588.000000	2026-08-11	2026-07-02	2026-04-03	246.000000	59	19
BH-PM	PM0000023	LABEL 1 LTR PAKKI GHANI FRONT	105	41500.000000	3000.000000	552.000000	2026-08-19	2026-08-22	2024-09-30	31500.000000	8	11
BH-PM	PM0000821	LABEL 15 LTR EXTRA VIRGIN COCONUT OIL	105	147.000000	0.000000	537.000000	2026-08-01	2026-05-23	2025-11-17	0.000000	99	29
BH-PM	PM0000392	LABEL 100 MLS MUSTARD BACK	105	2500.000000	0.000000	500.000000	2026-06-22	2026-08-29	2025-01-03	8860.000000	1	69
BH-PM	PM0000393	LABEL 100 MLS MUSTARD FRONT	105	2500.000000	0.000000	500.000000	2025-12-23	2026-08-29	2025-01-03	7500.000000	1	250
BH-PM	PM0000027	LABEL 1 LTR REFINED TOP	105	8244.000000	4000.000000	499.000000	2026-08-19	2026-05-06	2024-09-30	0.000000	116	11
BH-PM	PM0000500	LABEL 1 LTR EXTRA VIRGIN BACK ZANO	105	3150.000000	0.000000	395.000000	2026-06-30	2026-06-18	2024-09-30	3100.000000	73	61
BH-PM	PM0000421	LABEL 500 MLS EXTRA VIRGIN OLIVE OIL FRONT	105	663.000000	0.000000	358.000000	2026-08-19	2026-08-06	2025-01-24	1131.000000	24	11
BH-PM	PM0000422	LABEL 500 MLS EXTRA VIRGIN OLIVE OIL BACK	105	663.000000	0.000000	358.000000	2026-08-19	2026-08-06	2025-01-24	1131.000000	24	11
BH-PM	PM0000554	CAPS GLASS JAR 63 MM	105	68.000000	0.000000	282.000000	2026-07-29	2026-08-04	2025-09-26	4032.000000	26	32
BH-PM	PM0000270	LABEL 15 LTR COLD PRESS SUNFLOWER OIL	105	860.000000	0.000000	273.000000	2026-08-08	2026-07-30	2024-09-30	4040.000000	31	22
BH-PM	PM0000091	LABEL 2 LTR EXTRA LIGHT HANDLE BOTTLE FRONT	105	15000.000000	6000.000000	126.000000	2026-08-01	2026-08-29	2024-10-08	25200.000000	1	29
BH-PM	PM0000090	LABEL 2 LTR EXTRA LIGHT HANDLE BOTTLE BACK	105	15000.000000	6000.000000	126.000000	2026-08-01	2026-08-29	2024-10-08	25200.000000	1	29
BH-PM	PM0000251	PET BOTTLE 2 LTR 80 GMS YELLOW HANDLE	105	5.000000	12000.000000	111.000000	2026-08-26	2026-08-27	2024-12-04	22885.000000	3	4
BH-PM	PM0000470	CAPS 5 LTR ORANGE	105	5.000000	20000.000000	0.000000	2026-08-21	2026-08-21	2024-10-06	81920.000000	9	9
BH-PM	PM0000468	CAPS 5 LTR GREEN	105	9079.000000	52666.000000	0.000000	2026-08-27	2026-08-29	2024-09-30	149884.000000	1	3
BH-PM	PM0000469	CAPS 5 LTR BROWN	105	15.000000	17588.000000	0.000000	2026-08-27	2026-08-29	2024-10-03	144628.000000	1	3
BH-PM	PM0000465	LABEL 13 KGS REFINED COTTON SEED OIL	105	12300.000000	0.000000	-60.000000	2026-01-29	2026-01-10	2024-10-12	0.000000	232	213
BH-PM	PM0000284	CARTON 1 LTR DESI GHEE 9 PCS	105	62.000000	0.000000	-164.000000	2026-01-14	2026-01-30	2024-10-09	0.000000	212	228
BH-PM	PM0000472	LABEL 200 GMS BASIL SEEDS FULL	105	1140.000000	0.000000	-206.000000	2025-11-22	2025-10-15	2024-09-30	0.000000	319	281
BH-PM	PM0000122	TIKKI 100 MLS	105	2160.000000	0.000000	-456.000000	2026-08-08	2026-06-22	2024-09-30	5184.000000	69	22
BH-PM	PM0000022	LABEL 1 LTR PAKKI GHANI BACK	105	41500.000000	3000.000000	-518.000000	2026-08-19	2026-08-22	2024-09-30	31500.000000	8	11
BH-PM	PM0000219	LABEL 100 ML PET BOTTLE  EXTRA LIGHT BACK	105	3020.000000	4000.000000	-552.000000	2026-08-08	2026-06-22	2024-09-30	9568.000000	69	22
BH-PM	PM0000359	LABEL 5 LTR GOLD FRONT NEW	105	16000.000000	14800.000000	-626.000000	2026-08-11	2026-08-24	2024-09-30	23900.000000	6	19
BH-PM	PM0000360	LABEL 5 LTR GOLD BACK NEW	105	16000.000000	14800.000000	-626.000000	2026-08-11	2026-08-24	2024-09-30	24800.000000	6	19
BH-PM	PM0000029	LABEL 15 LTR COLD PRESS KACHCHI GHANI	105	600.000000	0.000000	-663.000000	2026-08-12	2026-04-28	2024-09-30	0.000000	124	18
BH-PM	PM0000335	TIKKI 250 MLS	105	1080.000000	0.000000	-713.000000	2026-08-08	2026-06-04	2024-09-30	4640.000000	87	22
BH-PM	PM0000218	LABEL 100 ML PET BOTTLE  EXTRA LIGHT FRONT	105	3020.000000	4000.000000	-917.000000	2026-08-08	2026-06-22	2024-09-30	9532.000000	69	22
BH-PM	PM0000331	LABEL 250 GMS EXTRA LIGHT FRONT	105	3020.000000	1000.000000	-1770.000000	2026-08-08	2025-11-22	2024-09-30	0.000000	281	22
BH-PM	PM0000332	LABEL 250 GMS EXTRA LIGHT BACK	105	3020.000000	1000.000000	-1770.000000	2026-08-08	2025-11-22	2024-09-30	0.000000	281	22
BH-PM	PM0000056	PET BOTTLE 100 MLS BOTTLES	105	1865.000000	6000.000000	-2255.000000	2026-08-24	2026-08-23	2024-09-30	12022.000000	7	6
BH-PM	PM0000083	TIKKI BARCODE CSD 1 LTR CANOLA	105	6825.000000	800.000000	-3459.000000	2026-05-05	2026-05-05	2024-09-30	0.000000	117	117
BH-PM	PM0000574	LABEL 900 GM  SOYABEAN FRONT  SANO	105	22600.000000	0.000000	-4902.000000	2025-08-27	2025-10-15	2024-09-30	0.000000	319	368
BH-PM	PM0000573	LABEL 900 GM  SOYABEAN BACK  SANO	105	22600.000000	0.000000	-4975.000000	2025-08-27	2025-10-15	2024-09-30	0.000000	319	368
BH-PM	PM0000492	LABEL 5 LTR RICE BRAN & OLIVE OIL FRONT B.B	105	3400.000000	0.000000	-5393.000000	2025-12-13	2025-11-22	2024-09-30	0.000000	281	260
BH-PM	PM0000365	LABEL 1 LTR CANOLA BACK SANO	105	30000.000000	0.000000	-6151.000000	2025-08-17	2025-11-22	2024-09-30	0.000000	281	378
BH-PM	PM0000366	LABEL 1 LTR CANOLA FRONT SANO	105	30000.000000	0.000000	-6215.000000	2025-08-17	2025-11-22	2024-09-30	0.000000	281	378
BH-PM	PM0000493	LABEL 5 LTR RICE BRAN & OLIVE OIL BACK B.B	105	2800.000000	0.000000	-6227.000000	2025-12-13	2025-11-22	2024-09-30	0.000000	281	260
BH-PM	PM0000274	GLASS JAR 1000 MLS A2 DESI GHEE	105	12.000000	0.000000	-6616.000000	2026-08-22	2026-08-19	2024-09-30	2048.000000	11	8
BH-PM	PM0000224	TIKKI 1+1 COMBO PACK 650	105	32000.000000	22000.000000	-8624.000000	2026-07-24	2026-07-26	2024-09-30	35189.000000	35	37
BH-PM	PM0000499	LABEL 1 LTR EXTRA VIRGIN FRONT ZANO	105	3150.000000	0.000000	-10196.000000	2026-06-30	2026-06-18	2024-09-30	3100.000000	73	61
BH-PM	PM0000159	LABEL 1 LTR EXTRA VIRGIN BACK	105	3000.000000	0.000000	-11594.000000	2026-08-03	2026-08-26	2024-09-30	102800.000000	4	27
BH-PM	PM0000158	LABEL 1 LTR EXTRA VIRGIN FRONT	105	3000.000000	0.000000	-11596.000000	2026-08-03	2026-08-26	2024-09-30	102800.000000	4	27
BH-PM	PM0000045	LABEL 5 LTR COLD PRESS BACK 365	105	63500.000000	3000.000000	-11987.000000	2026-08-01	2026-07-26	2024-09-30	36900.000000	35	29
BH-PM	PM0000187	SHRINKS 3 LTR/4 LTR	105	14000.000000	32186.000000	-15355.000000	2026-07-26	2026-08-25	2024-09-30	23000.000000	5	35
BH-PM	PM0000275	CAPS GLASS JAR 82 MM A2 DESI GHEE 1 LTR & 500 MLS	105	1821.000000	40.000000	-24307.000000	2026-08-06	2026-08-27	2024-09-30	5595.000000	3	24
BH-PM	PM0000072	SHRINKS 5 LTR 400X415 5+1 PCS	105	7500.000000	0.000000	-26500.000000	2026-08-01	2026-07-03	2024-09-30	5000.000000	58	29
BH-PM	PM0000046	LABEL 5 LTR COLD PRESS FRONT	105	19108.000000	24980.000000	-42241.000000	2026-08-19	2026-08-24	2024-09-30	136850.000000	6	11
BH-PM	PM0000395	TIN 5 LTR POMACE OLIVE SANO	105	98.000000	8010.000000	-64129.000000	2026-08-26	2026-08-27	2024-09-30	25198.000000	3	4
BH-PM	PM0000278	CARTON MONO A2 DESI GHEE 500 MLS	105	3637.000000	0.000000	-68756.000000	2026-07-26	2025-11-22	2024-09-30	0.000000	281	35
BH-PM	PM0000247	CARTON 1 LTR 24 PCS	105	0.003300	10.000000	-74394.000000	2026-05-13	2026-06-03	2024-09-30	1100.000000	88	109
BH-PM	PM0000235	CAPS 1 LTR WHITE AND YELLOW SMALL PLAIN	105	100.000000	179000.000000	-89282.000000	2026-08-27	2026-08-29	2024-09-30	1495000.000000	1	3
BH-PM	PM0000279	CARTON MONO A2 DESI GHEE 1 LTR	105	1865.000000	0.000000	-123929.000000	2026-07-26	2025-11-22	2024-09-30	0.000000	281	35
BH-PM	PM0000121	PET BOTTLE 1 LTR 52 GMS POMACE	105	5.000000	198600.000000	-129519.000000	2026-08-26	2026-08-29	2024-09-30	169711.000000	1	4
BH-PP	PM0000076	TIN 15 LTR	105	11876.000000	2229.000000	969517.000000	2026-02-04	2026-02-02	2024-09-30	0.000000	209	207
BH-PP	RM0000047	LOOSE RICE KGS	106	10836.000000	0.000000	904806.000000	2025-02-03	2025-12-09	2024-09-30	0.000000	264	573
BH-PP	PM0000584	PET BOTTLE 1 LTR 26 GM PLAIN	105	130229.000000	0.000000	509175.000000	2026-02-04	2026-01-21	2024-10-09	0.000000	221	207
BH-PP	PM0000005	CARTON 1 LTR 12 POUCHES	105	14328.010000	1370.000000	285106.000000	2026-02-04	2025-08-18	2024-09-30	0.000000	377	207
BH-PP	PM0000075	TAPE LOGO PRINTED	105	682927.259600	3325.500000	282759.000000	2026-02-04	2026-01-08	2024-09-30	0.000000	234	207
BH-PP	PM0000054	PET BOTTLE 1 LTR 23.8 GMS ROUND	105	71971.000000	18180.000000	272601.000000	2026-02-04	2025-10-13	2024-09-30	0.000000	321	207
BH-PP	PM0000053	HDPE BOTTLE 5 LTR	105	9191.000000	1152.000000	266912.000000	2026-02-04	2026-02-02	2024-09-30	0.000000	209	207
BH-PP	PM0000411	CARTON 1 LTR 20 PCS PET 26GM	105	8938.200000	0.000000	256815.000000	2026-02-23	2025-08-17	2024-09-30	0.000000	378	188
BH-PP	PM0000251	PET BOTTLE 2 LTR 80 GMS YELLOW HANDLE	105	15511.000000	0.000000	221038.000000	2026-02-04	2026-02-18	2024-09-30	0.000000	193	207
BH-PP	PM0000194	PET BOTTLE 1 LTR 40 GMS	105	47231.000000	0.000000	217276.000000	2026-02-04	2026-02-23	2024-09-30	0.000000	188	207
BH-PP	PM0000085	CAPS 1 OR 2 LTR WHITE AND YELLOW WITH LOGO	105	210192.000000	4544.000000	202661.000000	2026-02-04	2025-08-17	2024-09-30	0.000000	378	207
BH-PP	PM0000057	PET BOTTLE 2 LTR 66 GMS	105	16613.000000	0.000000	197700.000000	2026-02-04	2025-08-17	2024-09-30	0.000000	378	207
BH-PP	PM0000080	TIN 5 LTR POMACE OLIVE PRINTED	105	2967.000000	0.000000	192624.000000	2026-02-04	2025-08-17	2024-09-30	0.000000	378	207
BH-PP	PM0000121	PET BOTTLE 1 LTR 52 GMS POMACE	105	38739.000000	4544.000000	178880.000000	2026-02-04	2026-02-23	2024-09-30	0.000000	188	207
BH-PP	PM0000074	TAPE CELLO	105	396441.627100	322.860000	161450.000000	2026-02-04	2025-12-12	2024-09-30	0.000000	261	207
BH-PP	PM0000817	PREFORM 21/23 GMS	105	55712.000000	0.000000	152454.000000	2026-02-04	NULL	2026-02-04	0.000000	NULL	207
BH-PP	PM0000634	CARTON 1 LTR 20 PCS SANO	105	4883.200000	0.000000	151853.000000	2026-02-04	2025-10-13	2025-02-28	0.000000	321	207
BH-PP	SC0000025	SHAMPOO COSMO BEAUTE DANDRUFF RELIEF 1000 MLS	107	628.000000	0.000000	151421.000000	2025-08-17	NULL	2025-08-17	0.000000	NULL	378
BH-PP	FG0000218	HONEY 500 GMS 12 PCS	102	1721.000000	0.000000	146285.000000	2025-08-17	2025-11-07	2024-10-21	0.000000	296	378
BH-PP	PM0000003	CARTON 1 LTR POMACE 16 PCS	105	5868.207500	334.000000	146078.000000	2026-02-04	2026-02-23	2024-09-30	0.000000	188	207
BH-PP	PM0000004	CARTON 1 LTR 12 PCS POUCH SANO	105	7197.913400	100.000000	140686.000000	2026-02-04	2025-08-17	2024-09-30	0.000000	378	207
BH-PP	PM0000671	POUCH SOYABEAN MULTI ROLLS KGS	105	648.651800	0.000000	135941.000000	2026-02-04	NULL	2025-06-26	0.000000	NULL	207
BH-PP	PM0000186	HDPE BOTTLE 5 LTR OLIVE GREEN	105	3991.000000	0.000000	133629.000000	2026-02-04	2025-11-20	2024-09-30	0.000000	283	207
BH-PP	PM0000059	CAPS 1 & 2 LTR WHITE AND ORANGE WITH LOGO	105	126243.000000	0.000000	129130.000000	2026-02-04	2025-08-17	2024-09-30	0.000000	378	207
BH-PP	PM0000062	CAPS 5 LTR	105	23151.000000	1297.000000	127691.000000	2026-02-04	2026-01-12	2024-09-30	0.000000	230	207
BH-PP	PM0000006	CARTON 1 LTR 20 PCS PET 40 GM	105	4934.300000	909.000000	126079.000000	2026-02-04	2026-02-11	2024-09-30	0.000000	200	207
BH-PP	PM0000623	GIFT PACKING BASKET BIG + 2 DIYAS	105	892.000000	0.000000	111500.000000	2026-02-04	2024-12-16	2024-11-13	0.000000	622	207
BH-PP	PM0000434	LABEL DESI GHEE 1000 LTR (JIVO)	105	11324.000000	0.000000	111259.000000	2026-02-04	2025-08-17	2025-01-24	0.000000	378	207
BH-PP	FG0000205	JIVO CHOCO FLAKES 375 GMS 20 PCS	102	1994.000000	0.000000	111183.000000	2025-08-17	NULL	2025-08-17	0.000000	NULL	378
BH-PP	PM0000806	GIFT BOX	105	371.000000	0.000000	100170.000000	2026-02-04	NULL	2026-02-04	0.000000	NULL	207
BH-PP	PM0000235	CAPS 1 LTR WHITE AND YELLOW SMALL PLAIN	105	164399.000000	18180.000000	99888.000000	2026-02-04	2026-02-23	2024-09-30	0.000000	188	207
BH-PP	PM0000619	PET BOTTLE 500 MLS 35 GMS GREEN EXPORT	105	14419.000000	0.000000	95165.000000	2026-02-04	2025-06-26	2025-02-21	0.000000	430	207
BH-PP	PM0000013	CARTON 5 LTR 4 PCS	105	3524.000000	394.000000	91560.000000	2026-02-23	2026-01-31	2024-09-30	0.000000	211	188
BH-PP	PM0000077	TIN 5 LTR EXTRA LIGHT OLIVE PRINTED	105	1607.000000	0.000000	87062.000000	2026-02-04	2026-01-31	2024-09-30	0.000000	211	207
BH-PP	PM0000594	PREFORM 40 GMS 36 MM	105	17050.000000	0.000000	85759.000000	2026-02-04	2025-12-27	2025-06-26	0.000000	246	207
BH-PP	PM0000060	CAPS 1 & 2 LTR WHITE AND BLUE WITH LOGO	105	108326.000000	0.000000	85719.000000	2026-02-23	2025-08-17	2024-09-30	0.000000	378	188
BH-PP	PM0000620	PET BOTTLE 1 LTR 55 GMS GREEN EXPORT	105	8409.000000	0.000000	82570.000000	2026-02-04	2025-10-13	2025-02-26	0.000000	321	207
BH-PP	PM0000632	CARTON 5 LTR TIN OLIVE 4 PCS SANO	105	2802.745000	0.000000	80850.000000	2026-02-04	2026-02-18	2024-12-27	0.000000	193	207
BH-PP	PM0000195	PET BOTTLE 1 LTR 52 GMS GREEN	105	12332.000000	0.000000	79300.000000	2026-02-04	2025-09-16	2024-09-30	0.000000	348	207
BH-PP	PM0000407	CAPS 1 & 2 LTR WHITE AND YELLOW PLAIN	105	114099.000000	0.000000	74482.000000	2026-02-04	2025-08-17	2024-09-30	0.000000	378	207
BH-PP	PM0000259	TIN 5 LTR EXTRA VIRGIN OLIVE PRINTED IMPORTED	105	1047.000000	0.000000	73815.000000	2026-02-04	2025-12-07	2024-09-30	0.000000	266	207
BH-PP	FG0000219	HONEY 1 KGS 6 PCS	102	540.000000	0.000000	73349.000000	2025-08-17	NULL	2025-08-17	0.000000	NULL	378
BH-PP	PM0000568	PLASTIC BAG	105	628.000000	0.000000	72220.000000	2026-02-04	NULL	2026-02-04	0.000000	NULL	207
BH-PP	PM0000278	CARTON MONO A2 DESI GHEE 500 MLS	105	1713.000000	0.000000	64340.000000	2026-02-04	2026-02-23	2025-01-22	0.000000	188	207
BH-PP	PM0000478	LABEL 200 GMS CHIA SEEDS FULL	105	34674.000000	0.000000	62413.000000	2026-02-04	2025-08-17	2025-04-06	0.000000	378	207
BH-PP	PM0000045	LABEL 5 LTR COLD PRESS BACK 365	105	66014.000000	0.000000	62412.000000	2026-02-04	2025-08-27	2024-09-30	0.000000	368	207
BH-PP	PM0000626	PET JAR DESI GHEE 1000 MLS (70 GMS)	105	4023.000000	0.000000	62357.000000	2026-02-04	2025-10-13	2025-01-24	0.000000	321	207
BH-PP	PM0000012	CARTON 5 LTR 3 PCS	105	2028.333100	0.000000	61669.000000	2026-02-04	2025-12-24	2024-09-30	0.000000	249	207
BH-PP	SC0000008	KETTLE 1.8 LTR	107	192.000000	0.000000	55781.000000	2025-08-17	NULL	2025-08-17	0.000000	NULL	378
BH-PP	PM0000104	PET JAR DESI GHEE 500 MLS 29 GRM	105	4644.000000	0.000000	54799.000000	2026-02-04	2025-09-06	2025-01-25	0.000000	358	207
BH-PP	PM0000697	PET BOTTLE 2 LTR 80 GM OLIVE GREEN HANDLE VEDAKA	105	2692.000000	0.000000	54351.000000	2026-02-04	2025-08-17	2025-08-17	0.000000	378	207
BH-PP	PM0000453	BLACK PEPPER EXTRA BOLD	106	570.200000	0.000000	52020.000000	2025-08-17	2025-03-11	2025-02-26	0.000000	537	378
BH-PP	PM0000517	PET BOTTLE 1 LTR 75 GMS	105	3409.000000	0.000000	47385.000000	2026-02-04	2025-08-17	2025-08-17	0.000000	378	207
BH-PP	PM0000073	MS COATED DRUM 200 LTR	105	32.000000	0.000000	45850.000000	2026-02-04	2025-12-22	2024-09-30	0.000000	251	207
BH-PP	SC0000007	TROLLY BAG	107	14.000000	0.000000	45259.000000	2025-08-17	NULL	2025-08-17	0.000000	NULL	378
BH-PP	PM0000405	CARTON 5 LTR HDPE WITH THERMOCOL	105	2584.000000	0.000000	45220.000000	2026-02-04	NULL	2026-02-04	0.000000	NULL	207
BH-PP	PM0000506	CAPS 1 & 2 LTR FULL GREEN PLAIN	105	43976.000000	0.000000	42044.000000	2026-02-23	2025-08-17	2024-09-30	0.000000	378	188
BH-PP	PM0000046	LABEL 5 LTR COLD PRESS FRONT	105	44784.000000	0.000000	41035.000000	2026-02-04	2026-02-04	2024-09-30	0.000000	207	207
BH-PP	FG0000206	JIVO CHOCO FLAKES 125 GMS 72 PCS	102	1822.000000	0.000000	39760.000000	2025-08-17	NULL	2025-08-17	0.000000	NULL	378
BH-PP	PM0000390	PET JAR 60 GMS 400 GMS SEEDS	105	2954.000000	1.000000	39344.000000	2026-02-04	2026-02-23	2025-04-05	0.000000	188	207
BH-PP	PM0000395	TIN 5 LTR POMACE OLIVE SANO	105	597.000000	0.000000	35342.000000	2026-02-04	2025-09-07	2024-09-30	0.000000	357	207
BH-PP	PM0000229	CARTON 4 LTR 5 PCS	105	1612.800000	29.000000	34975.000000	2026-02-04	2026-02-18	2024-09-30	0.000000	193	207
BH-PP	PM0000606	LABEL 15 KG REFINED SOYBEAN OIL SANO	105	21800.000000	0.000000	34880.000000	2026-02-04	2026-02-11	2024-10-16	0.000000	200	207
BH-PP	PM0000285	CARTON 500 MLS DESI GHEE 16 PCS	105	932.875000	0.000000	34383.000000	2026-02-04	2026-02-01	2024-09-30	0.000000	210	207
BH-PP	PM0000009	CARTON 2 LTR 10 PCS	105	963.300000	0.000000	34317.000000	2026-02-04	2025-08-17	2024-09-30	0.000000	378	207
BH-PP	PM0000657	CARTON 1 LTR 16 PCS SANO	105	1335.122500	0.000000	34046.000000	2026-02-23	2026-02-02	2025-01-25	0.000000	209	188
BH-PP	PM0000336	INSTANT COFFEE AGGLO	106	26.300000	0.000000	33927.000000	2026-02-04	2026-02-13	2024-09-30	0.000000	198	207
BH-PP	PM0000391	PET JAR 35 GMS 200 GMS SEEDS	105	2698.000000	0.000000	33468.000000	2026-02-04	2026-02-23	2024-09-30	0.000000	188	207
BH-PP	PM0000078	CAPS 5 LTR/15 LTR	105	12395.000000	2217.000000	33083.000000	2026-02-04	2025-10-13	2024-09-30	0.000000	321	207
BH-PP	PM0000150	GLASS BOTTLE 500 MLS	105	1954.000000	0.000000	32676.000000	2026-02-04	2026-02-01	2024-12-08	0.000000	210	207
BH-PP	PM0000300	PUMPKIN SEEDS	106	109.000000	0.000000	32227.000000	2026-02-04	2025-06-30	2024-09-30	0.000000	426	207
BH-PP	PM0000660	TIN STRIP	105	257.517000	2217.000000	32190.000000	2026-02-04	2025-08-18	2025-02-26	0.000000	377	207
BH-PP	PM0000789	PALLETS EXPORT	105	22.000000	0.000000	31260.000000	2026-02-04	NULL	2026-02-04	0.000000	NULL	207
BH-PP	PM0000113	HDPE BOTTLE 3 LTR	105	1741.000000	0.000000	30733.000000	2026-02-04	2026-02-23	2024-09-30	0.000000	188	207
BH-PP	PM0000303	BLACK CHIA SEEDS	106	177.500000	0.000000	30440.000000	2026-02-04	2025-06-30	2024-09-30	0.000000	426	207
BH-PP	PM0000667	LABEL 4 LTR SUNFLOWER OIL FRONT	105	9577.000000	0.000000	30372.000000	2026-02-04	2025-08-17	2025-04-25	0.000000	378	207
BH-PP	PM0000721	LABEL 1 LTR PRESSED COCONUT OIL BACK	105	22500.000000	0.000000	29250.000000	2026-02-04	NULL	2026-02-04	0.000000	NULL	207
BH-PP	PM0000720	LABEL 1 LTR PRESSED COCONUT OIL FRONT	105	22500.000000	0.000000	29250.000000	2026-02-04	NULL	2026-02-04	0.000000	NULL	207
BH-PP	PM0000423	PET JAR DESI GHEE 1000 MLS 47 GMS	105	1835.000000	0.000000	28443.000000	2026-02-04	2025-09-06	2025-03-10	0.000000	358	207
BH-PP	PM0000469	CAPS 5 LTR BROWN	105	74068.000000	0.000000	28395.000000	2026-02-04	2025-10-13	2024-09-30	0.000000	321	207
BH-PP	PM0000025	LABEL 1 LTR REFINED BACK	105	101340.000000	0.000000	27644.000000	2026-02-04	2025-08-27	2024-09-30	0.000000	368	207
BH-PP	PM0000279	CARTON MONO A2 DESI GHEE 1 LTR	105	592.000000	0.000000	27355.000000	2026-02-23	2025-08-17	2025-01-20	0.000000	378	188
BH-PP	PM0000026	LABEL 1 LTR REFINED FRONT	105	104870.000000	0.000000	27313.000000	2026-02-04	2025-08-27	2024-09-30	0.000000	368	207
BH-PP	PM0000825	CARTON 1 LTR 20 PCS NEW	105	765.400000	0.000000	27103.000000	2026-02-04	NULL	2026-02-03	0.000000	NULL	207
BH-PP	PM0000247	CARTON 1 LTR 24 PCS	105	860.248400	0.000000	26798.000000	2026-02-04	2026-02-02	2024-09-30	0.000000	209	207
BH-PP	PM0000275	CAPS GLASS JAR 82 MM A2 DESI GHEE 1 LTR & 500 MLS	105	4775.000000	0.000000	25941.000000	2026-02-04	2025-08-17	2024-12-08	0.000000	378	207
BH-PP	PM0000466	LABEL 13 KGS REFINED SOYBEAN OIL	105	16599.000000	0.000000	25833.000000	2026-02-04	2026-02-02	2024-09-30	0.000000	209	207
BH-PP	PM0000399	LABEL 1 LTR EXTRA LIGHT OLIVE BACK SANO	105	85038.000000	0.000000	24995.000000	2026-02-04	2025-08-17	2024-09-30	0.000000	378	207
BH-PP	PM0000400	LABEL 1 LTR EXTRA LIGHT OLIVE FRONT SANO	105	85038.000000	0.000000	24990.000000	2026-02-04	2025-08-17	2024-09-30	0.000000	378	207
BH-PP	PM0000357	HDPE BOTTLE 5 LTR DARK GREEN	105	837.000000	1416.000000	24799.000000	2026-02-04	2025-08-17	2024-09-30	0.000000	378	207
BH-PP	PM0000020	LABEL 1 LTR KACHCHI GHANI FRONT	105	124091.000000	8400.000000	24451.000000	2026-02-04	2025-08-17	2024-09-30	0.000000	378	207
BH-PP	PM0000852	PREFORM 49.5 GMS 36 MM	105	4301.000000	0.000000	24271.000000	2026-02-04	NULL	2026-02-04	0.000000	NULL	207
BH-PP	SC0000024	SHAMPOO COSMO BEAUTE ARGAN OIL NOURISH 1000 MLS	107	100.000000	0.000000	24150.000000	2025-08-17	NULL	2025-08-17	0.000000	NULL	378
BH-PP	PM0000507	CARTON 5 LTR 4 PCS PLAIN	105	809.279100	288.000000	24045.000000	2026-02-04	2025-11-30	2024-09-30	0.000000	273	207
BH-PP	PM0000389	PET JAR 75 GMS 800 GMS SEEDS	105	1710.000000	0.000000	23116.000000	2026-02-04	2026-02-23	2024-09-30	0.000000	188	207
BH-PP	PM0000595	PREFORM 32 GMS 36 MM	105	5437.000000	0.000000	22098.000000	2025-06-26	NULL	2025-06-26	0.000000	NULL	430
BH-PP	PM0000158	LABEL 1 LTR EXTRA VIRGIN FRONT	105	17994.000000	0.000000	21653.000000	2026-02-23	2026-02-11	2024-09-30	0.000000	200	188
BH-PP	PM0000019	LABEL 1 LTR KACHCHI GHANI BACK	105	114791.000000	8400.000000	20952.000000	2026-02-23	2025-08-17	2024-09-30	0.000000	378	188
BH-PP	PM0000292	CARTON 5 LTR HDPE 2 PCS	105	1110.000000	0.000000	20019.000000	2026-02-04	2025-11-13	2024-09-30	0.000000	290	207
BH-PP	PM0000056	PET BOTTLE 100 MLS BOTTLES	105	11898.000000	0.000000	19888.000000	2026-02-04	2025-10-13	2024-09-30	0.000000	321	207
BH-PP	PM0000694	PET BOTTLE 1 LTR VEDAKA	105	1267.000000	0.000000	18866.000000	2026-02-04	NULL	2026-02-04	0.000000	NULL	207
BH-PP	PM0000159	LABEL 1 LTR EXTRA VIRGIN BACK	105	17018.000000	0.000000	18717.000000	2026-02-04	2026-02-11	2024-09-30	0.000000	200	207
BH-PP	PM0000072	SHRINKS 5 LTR 400X415 5+1 PCS	105	9416.000000	0.000000	18400.000000	2026-02-04	2025-10-13	2024-09-30	0.000000	321	207
BH-PP	PM0000302	BASIL SEEDS SABZA	106	113.300000	0.400000	18373.000000	2026-02-04	2025-06-30	2024-09-30	0.000000	426	207
BH-PP	PM0000724	CAPS 1 & 2 LTR WHITE AND LIGHT-BROWN WITH LOGO GO	105	16746.000000	0.000000	17583.000000	2026-02-04	NULL	2026-02-04	0.000000	NULL	207
BH-PP	PM0000299	SUNFLOWER SEEDS	106	99.800000	0.000000	16766.000000	2025-03-26	2025-06-30	2024-09-30	0.000000	426	522
BH-PP	PM0000082	CARTON 5 LTR OLIVE 4 PCS	105	674.245000	0.000000	16378.000000	2026-02-04	2025-10-13	2024-09-30	0.000000	321	207
BH-PP	PM0000245	CARTON 5 LTR 4 PCS PET	105	811.000000	0.000000	16150.000000	2026-02-04	2026-02-03	2024-09-30	0.000000	208	207
BH-PP	PM0000234	CARTON 1 LTR OLIVE 3 PCS	105	2076.000000	0.000000	16063.000000	2026-02-04	2025-03-29	2024-09-30	0.000000	519	207
BH-PP	PM0000456	CINNAMON DAL CHINI	106	18550.800000	0.000000	15542.000000	2025-08-17	2025-03-11	2025-02-26	0.000000	537	378
BH-PP	PM0000630	CARTON 1 LTR 12 PCS SANO	105	734.000000	0.000000	15414.000000	2026-02-04	2025-08-17	2024-11-29	0.000000	378	207
BH-PP	PM0000654	WADS	105	26700.000000	0.000000	15250.000000	2025-08-17	NULL	2025-02-26	0.000000	NULL	378
BH-PP	PM0000514	POUCH SPICES BLACK PEPPER 100 GMS	105	1260.000000	0.000000	15208.000000	2025-08-17	2025-03-11	2025-03-03	0.000000	537	378
BH-PP	PM0000433	LABEL DESI GHEE 500 GMS (JIVO)	105	9412.000000	0.000000	15091.000000	2026-02-04	2025-08-27	2025-01-28	0.000000	368	207
BH-PP	PM0000008	CARTON 15 LTR 1 PCS	105	729.000000	0.000000	15059.000000	2026-02-04	2025-08-17	2024-09-30	0.000000	378	207
BH-PP	PM0000084	PET BOTTLE 5 LTR	105	1265.000000	1.000000	14943.000000	2026-02-04	2025-08-17	2024-09-30	0.000000	378	207
BH-PP	PM0000105	CARTON 1000 MLS DESI GHEE 12 PCS	105	571.288100	0.000000	14847.000000	2026-02-04	2025-12-24	2024-09-30	0.000000	249	207
BH-PP	PM0000554	CAPS GLASS JAR 63 MM	105	3000.000000	0.000000	14700.000000	2026-02-04	NULL	2026-02-04	0.000000	NULL	207
BH-PP	PM0000556	CARTON 1 KG RICE 20 PCS	105	395.000000	0.000000	14418.000000	2026-02-04	NULL	2026-02-04	0.000000	NULL	207
BH-PP	PM0000007	CARTON 1 LTR 6 PCS	105	1018.000000	0.000000	14048.000000	2026-02-04	2025-11-07	2025-03-27	0.000000	296	207
BH-PP	PM0000662	CAPS 1 AND 2 LTR WHITE AND BLUE PLAIN	105	13917.000000	0.000000	13917.000000	2026-02-04	2026-02-23	2025-03-11	0.000000	188	207
BH-PP	PM0000254	CARTON 2 LTR 10 PCS HANDLE BOTTLE	105	729.250000	0.000000	13839.000000	2026-02-04	2026-02-18	2024-09-30	0.000000	193	207
BH-PP	PM0000378	LABEL 1 LTR SOYABEAN FRONT SANO	105	20711.000000	0.000000	13669.000000	2026-02-04	2025-08-17	2024-09-30	0.000000	378	207
BH-PP	SC0000004	CASSEROLE	107	62.000000	0.000000	13640.000000	2025-08-17	NULL	2025-08-17	0.000000	NULL	378
BH-PP	PM0000629	CARTON TIN TOP	105	3151.000000	17.736000	13603.000000	2026-02-04	2025-08-17	2024-12-24	0.000000	378	207
BH-PP	PM0000047	LABEL 5 LTR KACHCHI GHANI BACK	105	16712.000000	0.000000	13509.000000	2026-02-04	2026-01-14	2024-09-30	0.000000	228	207
BH-PP	PM0000408	CAPS 1 & 2 LTR WHITE AND GREEN PLAIN	105	13336.000000	0.000000	12855.000000	2026-02-04	2026-02-05	2024-09-30	0.000000	206	207
BH-PP	PM0000227	LABEL 4 LTR COLD PRESS FRONT	105	16220.000000	145.000000	12754.000000	2026-02-04	2025-08-27	2024-09-30	0.000000	368	207
BH-PP	PM0000050	LABEL 5 LTR PAKKI GHANI FRONT	105	7236.000000	0.000000	12733.000000	2026-02-23	2026-02-01	2024-09-30	0.000000	210	188
BH-PP	PM0000658	CARTON 250 MLS GLASS BOTTLE 4 PCS	105	2286.995000	0.000000	12657.000000	2026-02-23	2025-09-18	2025-02-06	0.000000	346	188
BH-PP	PM0000513	POUCH SPICES BLACK CARDAMOM 100 GMS	105	1040.000000	0.000000	12480.000000	2025-08-17	NULL	2025-08-17	0.000000	NULL	378
BH-PP	PM0000722	CARTON 1 LTR 20 PCS PET 75 GM	105	378.770000	0.000000	12310.000000	2026-02-23	2025-10-13	2025-08-17	0.000000	321	188
BH-PP	PM0000182	CARTON 3 LTR 6 PCS	105	599.914900	0.000000	12285.000000	2026-02-04	2025-08-17	2024-09-30	0.000000	378	207
BH-PP	PM0000512	POUCH SPICES CUMIN SEEDS 100 GMS	105	1018.000000	0.000000	12216.000000	2025-08-17	NULL	2025-08-17	0.000000	NULL	378
BH-PP	PM0000377	LABEL 1 LTR SOYABEAN BACK SANO	105	20711.000000	0.000000	12027.000000	2026-02-04	2025-08-17	2024-09-30	0.000000	378	207
BH-PP	PM0000613	POUCH 1 LTR PLAIN ROLLS KGS	105	93.990000	0.000000	11749.000000	2025-08-17	NULL	2025-08-17	0.000000	NULL	378
BH-PP	PM0000014	LABEL 1 LTR COLD PRESS BACK 8181	105	76181.000000	0.000000	11729.000000	2026-02-04	2025-08-27	2024-09-30	0.000000	368	207
BH-PP	PM0000048	LABEL 5 LTR KACHCHI GHANI FRONT	105	14672.000000	0.000000	11721.000000	2026-02-04	2025-12-12	2024-09-30	0.000000	261	207
BH-PP	PM0000051	LABEL 5 LTR REFINED BACK	105	11596.000000	0.000000	11638.000000	2026-02-04	2025-08-17	2024-09-30	0.000000	378	207
BH-PP	PM0000625	SHRINKS 2 LTR 300x410	105	5000.000000	0.000000	11250.000000	2025-06-26	NULL	2025-06-26	0.000000	NULL	430
BH-PP	PM0000049	LABEL 5 LTR PAKKI GHANI BACK	105	7091.000000	0.000000	11086.000000	2026-02-04	2026-01-09	2024-09-30	0.000000	233	207
BH-PP	PM0000071	SHRINKS 1 LTR 235X310	105	12537.000000	0.000000	11078.000000	2026-02-04	2025-09-06	2024-09-30	0.000000	358	207
BH-PP	SC0000066	JIVO INFINITE RAPTURE 1000 MLS FLASK SILVER	107	25.000000	0.000000	10981.000000	2025-08-17	NULL	2025-08-17	0.000000	NULL	378
BH-PP	PM0000493	LABEL 5 LTR RICE BRAN & OLIVE OIL BACK B.B	105	5648.000000	1152.000000	10965.000000	2026-02-04	2025-08-17	2024-09-30	0.000000	378	207
BH-PP	PM0000628	LABEL 15 KG REFIND SUNFLOWER OIL	105	3000.000000	0.000000	10950.000000	2026-02-04	2026-02-11	2025-06-26	0.000000	200	207
BH-PP	PM0000637	COUPON (LOHRI DHAMAKA OFFER) - SCRATCH CARD	105	15633.000000	0.000000	10943.000000	2026-02-04	2025-12-06	2024-12-27	0.000000	267	207
BH-PP	PM0000429	CARTON 1 KGS HONEY 1 PCS	105	1660.000000	0.000000	10458.000000	2026-02-04	NULL	2026-02-04	0.000000	NULL	207
BH-PP	PM0000661	PREFORM 28 GMS 36 MM	105	3000.000000	0.000000	10332.000000	2025-06-26	NULL	2025-06-26	0.000000	NULL	430
BH-PP	PM0000015	LABEL 1 LTR COLD PRESS FRONT	105	50296.000000	0.000000	10226.000000	2026-02-04	2025-08-27	2024-09-30	0.000000	368	207
BH-PP	FG0000093	CHIA SEEDS 500 GMS 1 POUCH	102	73.000000	0.000000	10046.000000	2025-08-17	NULL	2025-08-17	0.000000	NULL	378
BH-PP	PM0000228	HDPE BOTTLE 4 LTR	105	1720.000000	145.000000	9880.000000	2026-02-04	2026-02-18	2024-09-30	0.000000	193	207
BH-PP	PM0000107	LABEL 1 LTR POMACE BACK	105	29445.000000	0.000000	9654.000000	2026-02-04	2025-08-17	2024-09-30	0.000000	378	207
BH-PP	FG0000095	PUMPKIN SEEDS 500 GMS 1 POUCH	102	46.000000	0.000000	9586.000000	2025-08-17	NULL	2025-08-17	0.000000	NULL	378
BH-PP	PM0000101	LABEL 100 MLS OLIVE GLASS BOTTLE BACK	105	11793.000000	0.000000	9440.000000	2026-02-04	2025-08-17	2025-01-14	0.000000	378	207
BH-PP	PM0000100	LABEL 100 MLS OLIVE GLASS BOTTLE FRONT	105	11793.000000	0.000000	9440.000000	2026-02-04	2025-08-17	2025-01-14	0.000000	378	207
BH-PP	PM0000693	HDPE BOTTLE 5 LTRS YELLOW VEDAKA	105	272.000000	0.000000	9398.000000	2026-02-04	NULL	2026-02-04	0.000000	NULL	207
BH-PP	PM0000465	LABEL 13 KGS REFINED COTTON SEED OIL	105	9838.000000	2217.000000	9377.000000	2026-02-04	2025-08-27	2024-09-30	0.000000	368	207
BH-PP	PM0000226	LABEL 4 LTR COLD PRESS BACK	105	17505.000000	145.000000	9057.000000	2026-02-04	2025-08-27	2024-09-30	0.000000	368	207
BH-PP	PM0000603	TIKKI 500 ML MANGO FREE WITH CANOLA	105	17579.000000	0.000000	8790.000000	2026-02-04	2026-01-09	2024-10-18	0.000000	233	207
BH-PP	PM0000128	CARTON 500 MLS 24 PCS	105	393.666700	0.000000	8725.000000	2026-02-04	2025-10-13	2024-09-30	0.000000	321	207
BH-PP	PM0000696	CAPS 1 & 2 LTR  VEDAKA	105	1451.000000	0.000000	8706.000000	2026-02-04	NULL	2026-02-04	0.000000	NULL	207
BH-PP	PM0000499	LABEL 1 LTR EXTRA VIRGIN FRONT ZANO	105	1500.000000	0.000000	8684.000000	2026-02-23	2025-08-17	2025-08-17	0.000000	378	188
BH-PP	PM0000743	LABEL 5 LTR WP PNUT & GNUT OIL VEDAKA BACK	105	2061.000000	0.000000	8260.000000	2026-02-04	NULL	2026-02-04	0.000000	NULL	207
BH-PP	PM0000670	LABEL 4 LTR KACHCHI GHANI FRONT	105	4148.000000	0.000000	8182.000000	2026-02-04	2025-08-27	2025-04-25	0.000000	368	207
BH-PP	FG0000254	PET BOTTLE 500 MLS MANGO 18 PCS	102	223.000000	0.000000	7964.000000	2025-08-17	NULL	2025-08-17	0.000000	NULL	378
BH-PP	RM0000050	MUESLI WALNUT	106	32.250000	0.000000	7901.000000	2025-02-03	2025-02-01	2024-10-19	0.000000	575	573
BH-PP	PM0000567	CAPS 1 LTR WHITE AND ORANGE (SMALL) PLAIN	105	12928.000000	0.000000	7886.000000	2026-02-04	2026-02-02	2025-03-17	0.000000	209	207
BH-PP	PM0000482	LABEL 400 GMS SUNFLOWER SEEDS FULL	105	2646.000000	0.000000	7879.000000	2025-08-17	2025-06-30	2025-06-26	0.000000	426	378
BH-PP	PM0000480	LABEL 800 GMS CHIA SEEDS FULL	105	1868.000000	0.000000	7846.000000	2026-02-04	2025-06-30	2025-06-26	0.000000	426	207
BH-PP	PM0000095	POUCH SOYA CHUNK 200 GMS	105	4130.000000	0.000000	7641.000000	2026-02-04	NULL	2026-02-04	0.000000	NULL	207
BH-PP	PM0000645	LABEL 1000 MLS EXTRA VIRGIN BACK RC NEW	105	5830.000000	0.000000	7579.000000	2026-02-04	2025-08-17	2025-04-05	0.000000	378	207
BH-PP	PM0000430	LABEL 15 LTR REFINED COTTON SEED	105	7096.000000	0.000000	7519.000000	2026-02-04	2026-02-01	2024-09-30	0.000000	210	207
BH-PP	PM0000742	LABEL 5 LTR WP PNUT & GNUT OIL VEDAKA FRONT	105	1853.000000	0.000000	7412.000000	2026-02-04	NULL	2026-02-04	0.000000	NULL	207
BH-PP	PM0000232	LABEL 5 LTR SUNFLOWER BACK	105	10008.000000	0.000000	7412.000000	2026-02-04	2025-06-27	2024-09-30	0.000000	429	207
BH-PP	PM0000605	CAPS 1 LTR FULL GREEN SMALL PLAIN	105	11809.000000	0.000000	7322.000000	2026-02-04	2026-02-23	2025-02-01	0.000000	188	207
BH-PP	PM0000515	POUCH SPICES CINNAMON 100 GMS	105	592.000000	0.000000	7105.000000	2025-08-17	2025-03-11	2025-03-03	0.000000	537	378
BH-PP	PM0000041	LABEL 2 LTR REFINED BACK	105	9371.000000	0.000000	6984.000000	2026-02-23	2026-02-09	2024-09-30	0.000000	202	188
BH-PP	PM0000347	LABEL 250 MLS EXTRA VIRGIN GLASS BOTTLE FRONT	105	12616.000000	0.000000	6925.000000	2026-02-04	2026-02-18	2024-09-30	0.000000	193	207
BH-PP	PM0000029	LABEL 15 LTR COLD PRESS KACHCHI GHANI	105	3636.000000	0.000000	6920.000000	2026-02-23	2025-06-24	2024-09-30	0.000000	432	188
BH-PP	FG0000165	CHIA SEEDS 200 GMS 1 PCS	102	130.000000	0.000000	6841.000000	2025-08-17	NULL	2025-08-17	0.000000	NULL	378
BH-PP	PM0000770	LABEL 180 GMS ROASTED CASHEWS	105	2100.000000	0.000000	6825.000000	2026-02-04	NULL	2026-02-04	0.000000	NULL	207
BH-PP	PM0000771	LABEL 180 GM ROASTED ALMONDS	105	2100.000000	0.000000	6825.000000	2026-02-04	NULL	2026-02-04	0.000000	NULL	207
BH-PP	PM0000348	LABEL 250 MLS EXTRA VIRGIN GLASS BOTTLE BACK	105	12262.000000	0.000000	6712.000000	2026-02-04	2026-02-18	2024-09-30	0.000000	193	207
BH-PP	PM0000526	POUCH SPICES CLOVERS 100 GMS	105	546.000000	0.000000	6552.000000	2025-08-17	2025-12-10	2025-08-17	0.000000	263	378
BH-PP	PM0000608	CARTON 3 LTR 6 PCS PLAIN	105	214.500000	0.000000	6489.000000	2026-02-04	2025-10-13	2024-10-30	0.000000	321	207
BH-PP	PM0000593	TIN 15 KGS/LTR MULTI CP KACCHI GHANI MUSTARD OIL  PRINTED	105	66.000000	0.000000	6482.000000	2026-02-04	2025-07-22	2024-11-27	0.000000	404	207
BH-PP	PM0000023	LABEL 1 LTR PAKKI GHANI FRONT	105	32990.000000	0.000000	6371.000000	2026-02-04	2026-01-09	2024-09-30	0.000000	233	207
BH-PP	PM0000644	LABEL 1000 MLS EXTRA VIRGIN FRONT RC NEW	105	4900.000000	0.000000	6370.000000	2026-02-04	NULL	2025-04-05	0.000000	NULL	207
BH-PP	PM0000824	LABEL 1 LTR KACHI GHANI FULL	105	7488.000000	0.000000	6365.000000	2026-02-04	2026-02-06	2026-02-04	0.000000	205	207
BH-PP	PM0000681	LABEL DESI GHEE 500 GMS (KIRPA)	105	3109.000000	0.000000	6347.000000	2026-02-04	NULL	2025-08-17	0.000000	NULL	207
BH-PP	PM0000039	LABEL 2 LTR PAKKI GHANI FRONT	105	9028.000000	0.000000	6345.000000	2026-02-04	2026-01-09	2024-09-30	0.000000	233	207
BH-PP	PM0000641	LABEL  1000 MLS EXTRA VIRGIN BACK VICTORY NEW	105	4875.000000	0.000000	6338.000000	2025-04-12	NULL	2025-04-04	0.000000	NULL	505
BH-PP	PM0000511	POUCH SPICES CARDAMOM 100 GMS	105	520.000000	0.000000	6240.000000	2025-08-17	2025-11-11	2025-08-17	0.000000	292	378
BH-PP	PM0000111	CAPS 200 MLS	105	2722.000000	0.000000	6185.000000	2025-08-17	2025-05-17	2024-09-30	0.000000	470	378
BH-PP	FG0000094	SUNFLOWER SEEDS 500 GMS 1 PCS	102	49.000000	0.000000	6086.000000	2025-08-17	NULL	2025-08-17	0.000000	NULL	378
BH-PP	PM0000108	LABEL 1 LTR POMACE FRONT	105	22874.000000	0.000000	5890.000000	2026-02-04	2025-07-15	2024-09-30	0.000000	411	207
BH-PP	PM0000233	LABEL 5 LTR SUNFLOWER FRONT	105	8223.000000	0.000000	5692.000000	2026-02-04	2025-06-27	2024-09-30	0.000000	429	207
BH-PP	PM0000369	LABEL 1 LTR MUSTARD BACK SANO	105	26578.000000	0.000000	5646.000000	2026-02-04	2026-02-01	2024-09-30	0.000000	210	207
BH-PP	FG0000284	SLICED OXIDIZED BLACK OLIVES (470 GM) 12 PCS	102	48.000000	0.000000	5602.000000	2025-08-17	NULL	2025-08-17	0.000000	NULL	378
BH-PP	PM0000640	LABEL 1000 MLS EXTRA VIRGIN FRONT VICTORY NEW	105	4280.000000	0.000000	5564.000000	2025-04-12	2026-02-01	2025-04-04	0.000000	210	505
BH-PP	PM0000307	LABEL 1 LTR PRESSED YELLOW MUSTARD OIL BACK	105	8130.000000	0.000000	5528.000000	2026-02-04	2025-08-17	2025-03-05	0.000000	378	207
BH-PP	PM0000308	LABEL 1 LTR PRESSED YELLOW MUSTARD OIL FRONT	105	8071.000000	0.000000	5489.000000	2026-02-04	2025-08-17	2025-03-05	0.000000	378	207
BH-PP	PM0000635	LABEL 500 GMS MAKKI ATTA SET	105	700.000000	0.000000	5446.000000	2025-08-17	NULL	2025-03-03	0.000000	NULL	378
BH-PP	PM0000609	LABEL 15 KGS REFINED SOYBEAN OIL PCS	105	3360.000000	0.000000	5376.000000	2026-02-04	2026-02-11	2024-11-21	0.000000	200	207
BH-PP	PM0000521	LABEL 5 LTR SO OLIVE FRONT	105	2448.000000	0.000000	5362.000000	2026-02-04	2025-08-17	2024-09-30	0.000000	378	207
BH-PP	PM0000125	PET BOTTLE 500 MLS 34 GMS	105	1103.000000	0.000000	5326.000000	2026-02-04	2025-10-13	2024-09-30	0.000000	321	207
BH-PP	PM0000042	LABEL 2 LTR REFINED FRONT	105	6510.000000	0.000000	5081.000000	2026-02-23	2026-02-09	2024-09-30	0.000000	202	188
BH-PP	PM0000520	LABEL 5 LTR SO OLIVE BACK	105	2313.000000	0.000000	5065.000000	2026-02-04	2025-08-17	2024-09-30	0.000000	378	207
BH-PP	PM0000685	CAPS PLASTIC COFFEE JAR	105	720.000000	0.000000	5028.000000	2026-02-04	NULL	2026-02-04	0.000000	NULL	207
BH-PP	PM0000656	GLASS BOTTLE 250 ML	105	406.000000	0.000000	5021.000000	2026-02-04	2026-02-18	2025-01-15	0.000000	193	207
BH-PP	PM0000474	LABEL 800 GMS BASIL SEEDS FULL	105	1174.000000	0.000000	4931.000000	2026-02-04	NULL	2026-02-04	0.000000	NULL	207
BH-PP	PM0000769	LABEL 100 GM ROASTED CASHEWS	105	1600.000000	0.000000	4800.000000	2026-02-04	NULL	2026-02-04	0.000000	NULL	207
BH-PP	PM0000772	LABEL 100 GMS ROASTED PISTA	105	1600.000000	0.000000	4800.000000	2026-02-04	NULL	2026-02-04	0.000000	NULL	207
BH-PP	PM0000768	LABEL 100 GM BLACK RAISINS	105	1600.000000	0.000000	4800.000000	2026-02-04	NULL	2026-02-04	0.000000	NULL	207
BH-PP	PM0000767	LABEL 100 GM ROASTED ALMONDS	105	1600.000000	0.000000	4800.000000	2026-02-04	NULL	2026-02-04	0.000000	NULL	207
BH-PP	RM0000042	QUINOA SEEDS	106	65.900000	0.000000	4745.000000	2025-03-26	2025-06-30	2025-03-26	0.000000	426	522
BH-PP	PM0000397	LABEL 1 LTR GOLD FRONT	105	19963.000000	9780.000000	4620.000000	2026-02-04	2025-08-14	2024-09-30	0.000000	381	207
BH-PP	PM0000385	LABEL 1 LTR POMACE BACK SANO	105	15385.000000	0.000000	4454.000000	2026-02-23	2025-12-01	2024-09-30	0.000000	272	188
BH-PP	PM0000386	LABEL 1 LTR POMACE FRONT SANO	105	15359.000000	0.000000	4445.000000	2026-02-04	2025-12-01	2024-09-30	0.000000	272	207
BH-PP	PM0000473	LABEL 400 GMS BASIL SEEDS FULL	105	1351.000000	1.000000	4403.000000	2026-02-04	2025-06-30	2025-01-24	0.000000	426	207
BH-PP	PM0000002	CARTON 1 LTR 2 PCS	105	728.000000	0.000000	4368.000000	2026-02-04	NULL	2026-02-04	0.000000	NULL	207
BH-PP	PM0000481	LABEL 200 GMS SUNFLOWER SEEDS FULL	105	1985.000000	0.000000	4300.000000	2025-08-17	2025-06-30	2025-04-24	0.000000	426	378
BH-PP	PM0000487	PET BOTTLE 1 LTR SPUTNIK	105	546.000000	0.000000	4259.000000	2026-02-04	NULL	2025-06-26	0.000000	NULL	207
BH-PP	PM0000741	SAFFRON BOX	105	169.000000	0.000000	4225.000000	2026-02-04	NULL	2026-02-04	0.000000	NULL	207
BH-PP	FG0000098	CHIA SEEDS 250 GMS 1 POUCH	102	43.000000	0.000000	4187.000000	2025-08-17	NULL	2025-08-17	0.000000	NULL	378
BH-PP	PM0000729	CAPS INNER PET BOTTLE 250 MLS	105	22265.000000	0.000000	4139.000000	2026-02-04	2025-08-17	2025-08-17	0.000000	378	207
BH-PP	PM0000373	LABEL 1 LTR SUNFLOWER BACK SANO	105	6458.000000	0.000000	4125.000000	2026-02-04	2025-08-17	2024-09-30	0.000000	378	207
BH-PP	PM0000274	GLASS JAR 1000 MLS A2 DESI GHEE	105	152.000000	0.000000	4068.000000	2026-02-04	2026-02-23	2024-12-08	0.000000	188	207
BH-PP	PM0000119	CAPS HANDLE 36/29	105	4499.000000	0.000000	4049.000000	2026-02-04	NULL	2026-02-04	0.000000	NULL	207
BH-PP	PM0000396	LABEL 1 LTR GOLD BACK	105	17552.000000	9780.000000	4029.000000	2026-02-23	2025-08-14	2024-09-30	0.000000	381	188
BH-PP	PM0000475	LABEL 200 GMS FLAX SEEDS FULL	105	2195.000000	0.000000	4019.000000	2026-02-04	2025-04-24	2025-03-03	0.000000	493	207
BH-PP	PM0000708	LABEL 1 LTR POMACE FRONT VEDAKA	105	1352.000000	0.000000	3988.000000	2026-02-04	2025-08-17	2025-08-17	0.000000	378	207
BH-PP	PM0000485	LABEL 400 GMS PUMPKIN SEEDS FULL	105	1372.000000	0.000000	3979.000000	2026-02-04	2025-08-27	2025-04-08	0.000000	368	207
BH-PP	PM0000709	LABEL 1 LTR POMACE BACK VEDAKA	105	1309.000000	0.000000	3864.000000	2026-02-04	2025-08-27	2025-08-17	0.000000	368	207
BH-PP	PM0000653	LABEL 500 ML EXTRA VIRGIN BACK RC NEW	105	3475.000000	0.000000	3823.000000	2025-06-26	2025-02-27	2025-02-24	0.000000	549	430
BH-PP	FG0000209	JIVO CHOCO FLAKES 375 GMS 4 PCS CSD	102	15.750000	0.000000	3816.000000	2025-08-17	NULL	2025-08-17	0.000000	NULL	378
BH-PP	PM0000394	CAP 100MLS/250MLS PET BOTTLE 1810 LONG NECK	105	6307.000000	0.000000	3809.000000	2026-02-04	2025-08-17	2024-09-30	0.000000	378	207
BH-PP	PM0000155	SHRINKS NECK 500 MLS PRINTED EXTRA VIRGIN OLIVE	105	11085.000000	0.000000	3805.000000	2026-02-04	2026-02-18	2024-09-30	0.000000	193	207
BH-PP	PM0000523	LABEL 1 LTR RICE BRAN OIL BACK	105	9401.000000	0.000000	3789.000000	2026-02-04	2025-08-27	2024-09-30	0.000000	368	207
BH-PP	PM0000571	LABEL 13 KG REFINED COTTON SEED OIL SANO	105	1000.000000	0.000000	3750.000000	2025-06-26	NULL	2025-06-26	0.000000	NULL	430
BH-PP	PM0000664	LABEL 200 GMS QUINOA SEEDS FULL	105	2080.000000	0.000000	3744.000000	2026-02-04	2025-08-17	2025-06-26	0.000000	378	207
BH-PP	PM0000154	LABEL 500 MLS EXTRA VIRGIN OLIVE	105	1679.000000	0.000000	3696.000000	2026-02-04	2025-08-17	2024-09-30	0.000000	378	207
BH-PP	FG0000099	SUNFLOWER SEEDS 250 GMS 1 PCS	102	58.000000	0.000000	3692.000000	2025-08-17	NULL	2025-08-17	0.000000	NULL	378
BH-PP	PM0000334	CARTON 100 MLS GLASS BOTTLE 10 PCS	105	382.000000	0.000000	3686.000000	2026-02-04	2024-11-25	2024-11-25	0.000000	643	207
BH-PP	PM0000031	LABEL 15 LTR REFINED CANOLA	105	2404.000000	0.000000	3671.000000	2026-02-04	2025-08-17	2024-09-30	0.000000	378	207
BH-PP	PM0000266	LABEL 2 LTR CP CANOLA HANDLE BOTTLE FRONT	105	5124.000000	0.000000	3663.000000	2026-02-04	2026-01-31	2024-10-07	0.000000	211	207
BH-PP	PM0000597	LABEL 4 LTR SOYBEAN BACK SANO	105	1200.000000	0.000000	3600.000000	2025-08-17	NULL	2025-08-17	0.000000	NULL	378
BH-PP	PM0000596	LABEL 4 LTR SOYBEAN FRONT SANO	105	1200.000000	0.000000	3600.000000	2025-08-17	NULL	2025-08-17	0.000000	NULL	378
BH-PP	PM0000265	LABEL 2 LTR CP CANOLA HANDLE BOTTLE BACK	105	5024.000000	0.000000	3587.000000	2026-02-04	2026-01-31	2024-10-07	0.000000	211	207
BH-PP	PM0000522	LABEL 1 LTR RICE BRAN OIL FRONT	105	8901.000000	0.000000	3579.000000	2026-02-04	2025-08-27	2024-09-30	0.000000	368	207
BH-PP	PM0000669	LABEL 4 LTR KACHCHI GHANI BACK	105	1902.000000	0.000000	3576.000000	2026-02-04	2025-08-27	2025-04-25	0.000000	368	207
BH-PP	PM0000702	LABEL 2 LTR EXTRA VIRGIN HANDLE BOTTLE BACK VEDAKA	105	1080.000000	0.000000	3564.000000	2026-02-04	NULL	2025-08-17	0.000000	NULL	207
BH-PP	PM0000102	CAPS 100 MLS GLASS BOTTLE RO 25 MM	105	1862.000000	0.000000	3544.000000	2026-02-04	2026-02-03	2025-01-14	0.000000	208	207
BH-PP	PM0000491	LABEL 1 LTR COLD PRESS BACK B.B	105	6190.000000	0.000000	3526.000000	2026-02-04	2026-01-29	2024-09-30	0.000000	213	207
BH-PP	PM0000437	LABEL 800 GMS CHIA SEEDS FRONT	105	530.000000	0.000000	3518.000000	2025-06-26	NULL	2024-09-30	0.000000	NULL	430
BH-PP	FG0000211	MULTI VITAMIN SPORTS	102	22.000000	0.000000	3512.000000	2025-08-17	NULL	2025-08-17	0.000000	NULL	378
BH-PP	PM0000370	LABEL 1 LTR MUSTARD FRONT SANO	105	16368.000000	0.000000	3368.000000	2026-02-04	2025-08-27	2024-09-30	0.000000	368	207
BH-PP	PM0000103	GLASS BOTTLE 100 MLS	105	507.000000	0.000000	3334.000000	2026-02-04	2026-02-03	2024-09-30	0.000000	208	207
BH-PP	PM0000337	GLASS JAR COFFEE 235 GMS	105	290.000000	0.000000	3292.000000	2025-01-03	2025-05-16	2024-12-30	0.000000	471	604
BH-PP	FG0000224	JIVO RICE 1 KGS 4 PCS	102	316.000000	0.000000	3282.000000	2025-08-17	NULL	2025-08-17	0.000000	NULL	378
BH-PP	PM0000280	LABEL 500 MLS A2 DESI GHEE ORGANIC	105	1481.000000	0.000000	3236.000000	2025-08-17	2026-02-03	2024-09-30	0.000000	208	378
BH-PP	PM0000445	WAD PET JAR 1000 MLS DESI GHEE 88 MM	105	3213.000000	0.000000	3235.000000	2025-08-17	2025-01-24	2025-01-24	0.000000	583	378
BH-PP	PM0000672	SHRINK ROLL POF GM	105	984.647500	0.000000	3222.000000	2026-02-04	2026-02-03	2025-06-24	0.000000	208	207
BH-PP	PM0000616	CARTON 500 MLS 12 PCS VICTORY	105	157.000000	0.000000	3219.000000	2026-02-04	2025-05-04	2025-02-21	0.000000	483	207
BH-PP	PM0000224	TIKKI 1+1 COMBO PACK 650	105	11068.000000	0.000000	3193.000000	2026-02-04	2026-02-01	2024-09-30	0.000000	210	207
BH-PP	PM0000479	LABEL 400 GMS CHIA SEEDS FULL	105	975.000000	0.000000	3177.000000	2026-02-04	2025-04-24	2025-04-06	0.000000	493	207
BH-PP	PM0000118	LABEL 3 LTR COLD PRESS FRONT	105	8006.000000	0.000000	3088.000000	2026-02-04	2025-08-17	2024-09-30	0.000000	378	207
BH-PP	PM0000589	CARTON PET BOTTLE 100 ML 20 PCS	105	364.200000	0.000000	3079.000000	2026-02-04	2025-10-13	2024-09-30	0.000000	321	207
BH-PP	PM0000691	LABEL 1 LTR PRESSED SESAME OIL BACK	105	2366.000000	0.000000	3076.000000	2026-02-04	NULL	2026-02-03	0.000000	NULL	207
BH-PP	PM0000342	CARTON COFFEE 100 GMSS 24 PCS	105	85.290000	0.000000	3062.000000	2026-02-04	2026-01-14	2024-09-30	0.000000	228	207
BH-PP	PM0000492	LABEL 5 LTR RICE BRAN & OLIVE OIL FRONT B.B	105	1210.000000	1152.000000	3043.000000	2026-02-04	2025-08-27	2024-09-30	0.000000	368	207
BH-PP	PM0000748	LABEL 1 LTR EXTRA VIRGIN FRONT LE CHEF	105	1096.000000	0.000000	3014.000000	2026-02-04	NULL	2026-02-04	0.000000	NULL	207
BH-PP	PM0000749	LABEL 1 LTR EXTRA VIRGIN BACK LE CHEF	105	1096.000000	0.000000	3014.000000	2026-02-04	NULL	2026-02-04	0.000000	NULL	207
BH-PP	PM0000022	LABEL 1 LTR PAKKI GHANI BACK	105	20645.000000	0.000000	3008.000000	2026-02-04	2026-01-09	2024-09-30	0.000000	233	207
BH-PP	PM0000500	LABEL 1 LTR EXTRA VIRGIN BACK ZANO	105	1500.000000	0.000000	3000.000000	2026-02-23	2025-08-17	2024-11-29	0.000000	378	188
BH-PP	PM0000484	LABEL 200 GMS PUMPKIN SEEDS FULL	105	1662.000000	0.000000	2992.000000	2026-02-04	2025-08-27	2025-03-03	0.000000	368	207
BH-PP	PM0000117	LABEL 3 LTR COLD PRESS BACK	105	7894.000000	0.000000	2980.000000	2026-02-04	2026-01-31	2024-09-30	0.000000	211	207
BH-PP	PM0000686	LABEL 50 GMS COFFEE	105	740.000000	0.000000	2960.000000	2025-08-17	2026-02-01	2025-08-17	0.000000	210	378
BH-PP	PM0000588	CARTON PET BOTTLE 100 ML 10 PCS	105	532.200000	0.000000	2959.000000	2026-02-04	2025-09-06	2024-09-30	0.000000	358	207
BH-PP	PM0000756	LABEL 1 LTR CP MUSTARD OIL VEDAKA BACK	105	1710.000000	0.000000	2943.000000	2026-02-04	NULL	2026-02-04	0.000000	NULL	207
BH-PP	PM0000612	LABEL 12 KGS REFINED SOYBEAN OIL SANO	105	803.000000	0.000000	2931.000000	2025-08-17	2026-02-01	2024-10-24	0.000000	210	378
BH-PP	PM0000331	LABEL 250 GMS EXTRA LIGHT FRONT	105	13277.000000	0.000000	2930.000000	2026-02-04	2026-02-01	2024-09-30	0.000000	210	207
BH-PP	PM0000359	LABEL 5 LTR GOLD FRONT NEW	105	5925.000000	0.000000	2907.000000	2026-02-04	2026-01-09	2024-09-30	0.000000	233	207
BH-PP	PM0000674	LABEL 5 LTR  JAITOON  OIL BACK	105	3160.000000	0.000000	2907.000000	2026-02-04	2025-08-27	2025-08-17	0.000000	368	207
BH-PP	FG0000097	BASIL SEEDS 500 GMS 1 POUCH	102	20.000000	0.000000	2901.000000	2025-08-17	NULL	2025-08-17	0.000000	NULL	378
BH-PP	SC0000026	SHAMPOO COSMO BEAUTE KERATIN PLUS 1000 MLS	107	13.000000	0.000000	2898.000000	2025-08-17	NULL	2025-08-17	0.000000	NULL	378
BH-PP	PM0000476	LABEL 400 GMS FLAX SEEDS FULL	105	997.000000	0.000000	2891.000000	2026-02-04	2025-08-27	2025-01-24	0.000000	368	207
BH-PP	PM0000690	LABEL 1 LTR PRESSED SESAME OIL FRONT	105	2219.000000	0.000000	2885.000000	2026-02-04	NULL	2026-02-03	0.000000	NULL	207
BH-PP	PM0000483	LABEL 800 GMS SUNFLOWER SEEDS FULL	105	603.000000	0.000000	2809.000000	2025-06-26	2025-08-17	2025-06-26	0.000000	378	430
BH-PP	PM0000304	QUNOVA SEEDS	106	29.250000	0.000000	2779.000000	2025-03-26	2025-02-01	2024-09-30	0.000000	575	522
BH-PP	FG0000208	DIET MIXTURE 120 GMS PKT	102	210.000000	0.000000	2772.000000	2025-08-17	NULL	2025-08-17	0.000000	NULL	378
BH-PP	PM0000038	LABEL 2 LTR PAKKI GHANI BACK	105	4078.000000	0.000000	2761.000000	2026-02-04	2026-01-09	2024-09-30	0.000000	233	207
BH-PP	PM0000509	LABEL 15 LTR SOYBEAN OIL SANO	105	750.000000	0.000000	2738.000000	2025-08-17	NULL	2025-08-17	0.000000	NULL	378
BH-PP	FG0000214	MULTI VITAMIN WOMEN	102	18.000000	0.000000	2736.000000	2025-08-17	NULL	2025-08-17	0.000000	NULL	378
BH-PP	PM0000122	TIKKI 100 MLS	105	19365.000000	0.000000	2700.000000	2026-02-04	2026-01-10	2024-09-30	0.000000	232	207
BH-PP	PM0000350	LABEL 2 LTR POMACE HANDLE BOTTLE BACK	105	3419.000000	0.000000	2673.000000	2026-02-04	2025-12-18	2024-09-30	0.000000	255	207
BH-PP	PM0000668	LABEL 4 LTR SUNFLOWER OIL BACK	105	1120.000000	0.000000	2628.000000	2026-02-04	2025-08-17	2025-04-25	0.000000	378	207
BH-PP	PM0000505	LABEL 15 KGS COLD PRESS KACHI GHANI MUSTARD OIL	105	1623.000000	0.000000	2597.000000	2025-08-17	2026-01-09	2025-06-26	0.000000	233	378
BH-PP	PM0000360	LABEL 5 LTR GOLD BACK NEW	105	5588.000000	0.000000	2585.000000	2026-02-04	2026-01-09	2024-09-30	0.000000	233	207
BH-PP	PM0000413	LABEL 200 MLS EXTRA VIRGIN COCONUT BACK	105	5352.000000	0.000000	2569.000000	2026-02-04	2025-08-17	2024-12-24	0.000000	378	207
BH-PP	PM0000414	LABEL 200 MLS EXTRA VIRGIN COCONUT FRONT	105	5352.000000	0.000000	2567.000000	2026-02-04	2025-08-17	2024-12-24	0.000000	378	207
BH-PP	FG0000213	MULTI VITAMIN MEN	102	17.000000	0.000000	2556.000000	2025-08-17	2025-01-08	2025-01-07	0.000000	599	378
BH-PP	PM0000090	LABEL 2 LTR EXTRA LIGHT HANDLE BOTTLE BACK	105	8046.000000	0.000000	2532.000000	2026-02-04	2025-08-17	2024-09-30	0.000000	378	207
BH-PP	PM0000231	LABEL 1 LTR SUNFLOWER BACK	105	21306.000000	0.000000	2514.000000	2026-02-04	2026-02-18	2024-09-30	0.000000	193	207
BH-PP	PM0000758	LABEL 2 LTR CP MUSTARD OIL VEDAKA BACK	105	710.000000	0.000000	2485.000000	2026-02-04	NULL	2026-02-04	0.000000	NULL	207
BH-PP	PM0000617	CARTON 1 LTR 12 PCS RC	105	83.750000	0.000000	2479.000000	2025-08-17	2026-01-12	2025-02-26	0.000000	230	378
BH-PP	PM0000692	PET BOTTLE 250 MLS VEDAKA	105	352.000000	0.000000	2464.000000	2025-08-17	2025-10-13	2025-08-17	0.000000	321	378
BH-PP	PM0000682	LABEL DESI GHEE 1000 LTR (KIRPA)	105	853.000000	0.000000	2449.000000	2026-02-04	2026-02-03	2025-08-17	0.000000	208	207
BH-PP	PM0000486	LABEL 800 GMS PUMPKIN SEEDS FULL	105	524.000000	0.000000	2441.000000	2025-06-26	2025-08-17	2025-06-26	0.000000	378	430
BH-PP	PM0000349	LABEL 2 LTR POMACE HANDLE BOTTLE FRONT	105	3119.000000	0.000000	2439.000000	2026-02-04	2026-02-01	2024-09-30	0.000000	210	207
BH-PP	PM0000127	LABEL 500 MLS COLD PRESS BACK	105	4199.000000	0.000000	2435.000000	2026-02-04	2025-06-26	2025-03-05	0.000000	430	207
BH-PP	PM0000091	LABEL 2 LTR EXTRA LIGHT HANDLE BOTTLE FRONT	105	7897.000000	0.000000	2418.000000	2026-02-04	2025-08-17	2024-09-30	0.000000	378	207
BH-PP	PM0000467	PET JAR DESI GHEE 500 MLS 60 GMS	105	152.000000	0.000000	2394.000000	2025-01-28	2025-01-28	2025-01-24	0.000000	579	579
BH-PP	PM0000444	WAD PET JAR 500 MLS DESI GHEE 73 MM	105	2135.000000	0.000000	2389.000000	2026-02-04	2026-02-23	2025-01-30	0.000000	188	207
BH-PP	PM0000374	LABEL 1 LTR SUNFLOWER FRONT SANO	105	5258.000000	0.000000	2267.000000	2026-02-04	2025-08-17	2024-09-30	0.000000	378	207
BH-PP	PM0000344	LABEL 1 LTR EXTRA VIRGIN COCONUT FRONT	105	3276.000000	0.000000	2236.000000	2026-02-04	2025-08-25	2024-10-24	0.000000	370	207
BH-PP	PM0000345	LABEL 1 LTR EXTRA VIRGIN COCONUT BACK	105	3276.000000	0.000000	2236.000000	2026-02-04	2025-08-25	2024-10-24	0.000000	370	207
BH-PP	PM0000338	CAP COFFEE JAR 63 MM	105	1083.000000	0.000000	2232.000000	2026-02-04	2025-08-17	2024-09-30	0.000000	378	207
BH-PP	PM0000282	SHRINK 500 MLS DESI GHEE 180*230	105	2225.000000	0.000000	2167.000000	2025-08-17	2026-02-03	2024-09-30	0.000000	208	378
BH-PP	PM0000068	TIKKI 5 LTR + CANOLA 1 LTR	105	15339.000000	145.000000	2159.000000	2026-02-04	2026-01-31	2024-09-30	0.000000	211	207
BH-PP	PM0000058	PET BOTTLE 200 MLS OLIVE OIL	105	839.000000	0.000000	2123.000000	2026-02-04	2025-10-13	2024-09-30	0.000000	321	207
BH-PP	PM0000519	LABEL 1 LTR SO OLIVE BACK	105	3142.000000	0.000000	2107.000000	2026-02-04	2026-02-02	2024-09-30	0.000000	209	207
BH-PP	PM0000518	LABEL 1 LTR SO OLIVE FRONT	105	3142.000000	0.000000	2107.000000	2026-02-04	2026-02-02	2024-09-30	0.000000	209	207
BH-PP	PM0000838	CARTON 2 LTR 10 PCS HANDLE BOTTLE PLAIN	105	61.000000	0.000000	2074.000000	2026-02-04	NULL	2026-02-04	0.000000	NULL	207
BH-PP	PM0000761	LABEL 5 LTR CP SUNFLOWER SEEDS OIL FRONT VEDAKA	105	516.000000	0.000000	2064.000000	2026-02-04	2026-02-23	2026-02-04	0.000000	188	207
BH-PP	PM0000472	LABEL 200 GMS BASIL SEEDS FULL	105	1140.000000	0.000000	2052.000000	2026-02-04	2025-08-27	2025-03-03	0.000000	368	207
BH-PP	PM0000524	LABEL 5 LTR RICE BRAN OIL FRONT	105	2364.000000	0.000000	2042.000000	2026-02-04	2025-08-14	2024-09-30	0.000000	381	207
BH-PP	PM0000730	CAPS INNER GLASS BOTTLE 250 MLS	105	8500.000000	0.000000	2040.000000	2026-02-04	NULL	2026-02-04	0.000000	NULL	207
BH-PP	PM0000508	CARTON 1 LTR 16 PCS ZANO	105	114.900000	0.000000	2022.000000	2026-02-04	2026-02-03	2024-09-30	0.000000	208	207
BH-PP	PM0000525	LABEL 5 LTR RICE BRAN OIL BACK	105	2319.000000	0.000000	1999.000000	2026-02-04	2025-08-14	2024-09-30	0.000000	381	207
BH-PP	PM0000765	TIKKI BARCODE CSD 5 LTR CANOLA	105	5638.000000	0.000000	1973.000000	2026-02-04	NULL	2026-02-04	0.000000	NULL	207
BH-PP	PM0000079	CAPS 1 & 2 LTR FULL GREEN WITH LOGO	105	2449.000000	0.000000	1967.000000	2026-02-04	2025-10-13	2024-09-30	0.000000	321	207
BH-PP	PM0000283	SHRINK 1 LTR DESI GHEE 240*300	105	1522.000000	0.000000	1952.000000	2026-02-04	2026-01-31	2024-09-30	0.000000	211	207
BH-PP	PM0000773	LABEL 1 GMS KASHMIRI KESAR	105	969.000000	0.000000	1938.000000	2026-02-04	NULL	2026-02-04	0.000000	NULL	207
BH-PP	PM0000735	SAFFRON JAR	105	129.000000	0.000000	1935.000000	2026-02-04	NULL	2026-02-04	0.000000	NULL	207
BH-PP	PM0000270	LABEL 15 LTR COLD PRESS SUNFLOWER OIL	105	810.000000	0.000000	1933.000000	2026-02-04	2025-08-27	2024-11-18	0.000000	368	207
BH-PP	PM0000573	LABEL 900 GM  SOYABEAN BACK  SANO	105	8748.000000	0.000000	1901.000000	2026-02-04	2025-08-27	2024-10-09	0.000000	368	207
BH-PP	PM0000636	TIKKI SCRATCH TO WIN ASSURED GIFT	105	4109.000000	0.000000	1849.000000	2026-02-04	2026-01-09	2024-12-27	0.000000	233	207
BH-PP	FG0000212	OMEGA 3 180 MGS EPA 120 MGS DHA	102	15.000000	0.000000	1808.000000	2025-08-17	2025-01-08	2025-01-07	0.000000	599	378
BH-PP	PM0000381	LABEL 200 MLS EXTRA VIRGIN TIN	105	400.000000	0.000000	1800.000000	2025-06-26	2025-08-27	2025-06-26	0.000000	368	430
BH-PP	PM0000193	TIKKI 1 LTR EXTRA LIGHT FREE	105	13311.000000	0.000000	1791.000000	2026-02-04	2025-08-27	2024-09-30	0.000000	368	207
BH-PP	PM0000428	LABEL 5 LTR GROUNDNUT BACK	105	3083.000000	100.000000	1781.000000	2026-02-04	2026-01-24	2024-09-30	0.000000	218	207
BH-PP	FG0000197	SPICES CARDAMOM 100 GMS	102	5.000000	0.000000	1742.000000	2025-08-17	NULL	2025-08-17	0.000000	NULL	378
BH-PP	PM0000774	POUCH 100 GM ZIPPER	105	1087.000000	0.000000	1739.000000	2026-02-04	NULL	2026-02-04	0.000000	NULL	207
BH-PP	PM0000683	GLASS JAR COFFEE 50 GMS	105	214.000000	0.000000	1738.000000	2026-02-04	2025-09-23	2025-08-17	0.000000	341	207
BH-PP	PM0000061	CAPS 200 MLS CLIP CAPS	105	7934.000000	0.000000	1684.000000	2026-02-04	2025-07-09	2025-02-13	0.000000	417	207
BH-PP	FG0000215	COFFEE 100 GMS 24 PCS	102	22.000000	0.000000	1650.000000	2025-08-17	NULL	2025-08-17	0.000000	NULL	378
BH-PP	PM0000287	LABEL 1 LTR SOYABEAN BACK	105	10465.000000	0.000000	1620.000000	2026-02-04	2026-02-19	2024-09-30	0.000000	192	207
BH-PP	SF0000001	SOYABEAN OIL 13 KGS TIN IMP	115	1.000000	0.000000	1615.000000	2026-02-04	NULL	2026-02-04	0.000000	NULL	207
BH-PP	PM0000615	CARTON 1 LTR 12 PCS VICTORY	105	73.000000	0.000000	1606.000000	2026-02-04	2026-02-04	2025-02-24	0.000000	207	207
BH-PP	FG0000102	BASIL SEEDS 250 GMS 1 POUCH	102	21.000000	0.000000	1585.000000	2025-08-17	NULL	2025-08-17	0.000000	NULL	378
BH-PP	PM0000687	LABEL 100 GMS COFFEE	105	314.000000	0.000000	1570.000000	2026-02-04	2026-02-02	2025-08-17	0.000000	209	207
BH-PP	FG0000210	JIVO CHOCO FLAKES 125 GMS 10 PCS CSD	102	6.400000	0.000000	1570.000000	2025-08-17	NULL	2025-08-17	0.000000	NULL	378
BH-PP	FG0000202	SOYA CHUNK 200 GMS PACK OF 20 PCS CSD	102	3.950000	0.000000	1546.000000	2025-08-17	NULL	2025-08-17	0.000000	NULL	378
BH-PP	PM0000055	PET BOTTLE 1 LTR 52 GMS	105	15810.000000	0.000000	1524.000000	2026-02-04	2026-01-09	2024-09-30	0.000000	233	207
BH-PP	PM0000436	LABEL 400 GMS CHIA SEEDS FRONT	105	427.000000	0.000000	1517.000000	2025-06-26	NULL	2024-09-30	0.000000	NULL	430
BH-PP	PM0000286	LABEL 1 LTR SOYABEAN FRONT	105	9970.000000	0.000000	1503.000000	2026-02-04	2025-08-23	2024-09-30	0.000000	372	207
BH-PP	PM0000035	LABEL 2 LTR KACHCHI GHANI BACK	105	4622.000000	0.000000	1479.000000	2026-02-04	2025-08-27	2025-01-13	0.000000	368	207
BH-PP	PM0000088	CARTON 200 GMS SOYA CHUNK SMALL	105	260.000000	0.000000	1456.000000	2026-02-04	NULL	2026-02-04	0.000000	NULL	207
BH-PP	FG0000100	PUMPKIN SEEDS 250 GMS 1 PCS	102	14.000000	0.000000	1441.000000	2025-08-17	NULL	2025-08-17	0.000000	NULL	378
BH-PP	PM0000425	LABEL 1 LTR GROUNDNUT FRONT	105	12536.000000	4544.000000	1406.000000	2026-02-04	2026-02-05	2024-09-30	0.000000	206	207
BH-PP	PM0000162	SHRINKS NECK MUSLI & DESI GHEE GLASS JAR	105	5293.000000	0.000000	1377.000000	2026-02-04	2026-01-09	2024-09-30	0.000000	233	207
BH-PP	PM0000477	LABEL 800 GMS FLAX SEEDS FULL	105	292.000000	0.000000	1360.000000	2025-06-26	2025-08-17	2025-01-24	0.000000	378	430
BH-PP	PM0000355	LABEL 5 LTR REFINED BACK NEW	105	2457.000000	0.000000	1352.000000	2026-02-04	2026-02-02	2024-09-30	0.000000	209	207
BH-PP	PM0000383	TIKKI 299 OFF	105	10000.000000	0.000000	1300.000000	2025-06-26	NULL	2025-06-26	0.000000	NULL	430
BH-PP	PM0000849	LABEL 1 LTR EXTRA VIRGIN OLIVE OIL FRONT ILAHI	105	594.000000	0.000000	1247.000000	2026-02-23	NULL	2026-02-23	0.000000	NULL	188
BH-PP	PM0000850	LABEL 1 LTR EXTRA VIRGIN OLIVE OIL BACK ILAHI	105	594.000000	0.000000	1247.000000	2026-02-23	NULL	2026-02-23	0.000000	NULL	188
BH-PP	PM0000376	LABEL 5 LTR SUNFLOWER BACK SANO	105	1261.000000	0.000000	1200.000000	2026-02-04	2025-08-17	2024-09-30	0.000000	378	207
BH-PP	PM0000375	LABEL 5 LTR SUNFLOWER FRONT SANO	105	1261.000000	0.000000	1200.000000	2026-02-04	2025-08-17	2024-09-30	0.000000	378	207
BH-PP	PM0000426	LABEL 1 LTR GROUNDNUT BACK	105	11950.000000	4544.000000	1192.000000	2026-02-04	2026-02-05	2024-09-30	0.000000	206	207
BH-PP	PM0000699	LABEL 2 LTR POMACE HANDLE BOTTLE BACK VEDAKA	105	339.000000	0.000000	1119.000000	2026-02-04	NULL	2025-08-17	0.000000	NULL	207
BH-PP	PM0000698	LABEL 2 LTR POMACE HANDLE BOTTLE FRONT VEDAKA	105	339.000000	0.000000	1119.000000	2026-02-04	NULL	2025-08-17	0.000000	NULL	207
BH-PP	PM0000718	LABEL 1 LTR PRESSED MUSTARD OIL FRONT	105	845.000000	0.000000	1099.000000	2026-02-04	NULL	2026-02-04	0.000000	NULL	207
BH-PP	PM0000332	LABEL 250 GMS EXTRA LIGHT BACK	105	13257.000000	0.000000	1095.000000	2026-02-04	2026-02-01	2024-09-30	0.000000	210	207
BH-PP	PM0000747	LABEL 1 LTR CP SUNFLOWER SEEDS OIL BACK VEDAKA	105	322.000000	0.000000	1095.000000	2026-02-04	NULL	2026-02-04	0.000000	NULL	207
BH-PP	PM0000757	LABEL 2 LTR CP MUSTARD OIL VEDAKA FRONT	105	310.000000	0.000000	1085.000000	2026-02-04	NULL	2026-02-04	0.000000	NULL	207
BH-PP	PM0000335	TIKKI 250 MLS	105	7555.000000	0.000000	1071.000000	2026-02-04	2025-08-27	2024-10-07	0.000000	368	207
BH-PP	PM0000153	CARTON 500 MLS EXTRA VIRGIN 12 PCS	105	41.000000	0.000000	1028.000000	2026-02-23	2026-02-01	2025-02-28	0.000000	210	188
BH-PP	PM0000402	TIKKI 1 LTR POMACE OLIVE FREE	105	6922.000000	0.000000	1000.000000	2026-02-04	2026-02-01	2024-09-30	0.000000	210	207
BH-PP	PM0000614	SHRINK 1 LTR STEEL JAR DESI GHEE 200 mm x 200 mm	105	1000.000000	0.000000	1000.000000	2025-06-26	NULL	2025-06-26	0.000000	NULL	430
BH-PP	PM0000417	LABEL 2 LTR EXTRA VIRGIN OLIVE OIL FRONT	105	452.000000	0.000000	949.000000	2026-02-04	2025-08-17	2024-11-30	0.000000	378	207
BH-PP	PM0000160	LABEL 500 MLS POMACE OLIVE FRONT	105	1600.000000	0.000000	948.000000	2026-02-04	2025-06-23	2025-03-05	0.000000	433	207
BH-PP	PM0000161	LABEL 500 MLS POMACE OLIVE BACK	105	1600.000000	0.000000	928.000000	2026-02-04	2025-08-17	2025-03-05	0.000000	378	207
BH-PP	PM0000792	PET BOTTLE 1 LTR 75 GMS GREEN	105	63.000000	0.000000	920.000000	2026-02-23	2026-02-05	2026-02-04	0.000000	206	188
BH-PP	PM0000340	LABEL 100 GMS COFFEE FRONT	105	652.000000	0.000000	913.000000	2025-03-05	2025-08-27	2025-01-03	0.000000	368	543
BH-PP	PM0000427	LABEL 5 LTR GROUNDNUT FRONT	105	2088.000000	100.000000	909.000000	2026-02-04	2026-02-02	2024-09-30	0.000000	209	207
BH-PP	PM0000841	LABEL 2 LTR CP CANOLA OIL HANDLE BOTTLE BACK LA RASOI	105	470.000000	0.000000	893.000000	2026-02-04	NULL	2026-02-04	0.000000	NULL	207
BH-PP	PM0000842	LABEL 2 LTR CP CANOLA OIL HANDLE BOTTLE FRONT LA RASOI	105	470.000000	0.000000	893.000000	2026-02-04	NULL	2026-02-04	0.000000	NULL	207
BH-PP	PM0000273	GLASS JAR 580 MLS A2 DESI GHEE	105	63.000000	0.000000	879.000000	2025-08-17	2026-02-03	2025-01-03	0.000000	208	378
BH-PP	FG0000096	FLAX SEEDS 500 GMS 1 POUCH	102	14.000000	0.000000	848.000000	2025-08-17	NULL	2025-08-17	0.000000	NULL	378
BH-PP	PM0000490	LABEL 1 LTR COLD PRESS FRONT B.B	105	1660.000000	0.000000	833.000000	2026-02-04	2025-08-17	2024-09-30	0.000000	378	207
BH-PP	PM0000700	LABEL 2 LTR EXTRA LIGHT HANDLE BOTTLE FRONT VEDAKA	105	240.000000	0.000000	792.000000	2025-08-17	NULL	2025-08-17	0.000000	NULL	378
BH-PP	PM0000701	LABEL 2 LTR EXTRA LIGHT HANDLE BOTTLE BACK VEDAKA	105	240.000000	0.000000	792.000000	2025-08-17	NULL	2025-08-17	0.000000	NULL	378
BH-PP	PM0000356	LABEL 5 LTR REFINED FRONT NEW	105	1255.000000	0.000000	770.000000	2026-02-04	2026-02-02	2024-09-30	0.000000	209	207
BH-PP	PM0000293	GLASS BOTTLE 1 LTR	105	17.000000	0.000000	720.000000	2026-02-04	NULL	2024-09-30	0.000000	NULL	207
BH-PP	PM0000464	LABEL 15 KGS REFINED COTTON SEED OIL	105	425.000000	0.000000	711.000000	2026-02-04	2025-08-27	2024-11-21	0.000000	368	207
BH-PP	PM0000440	LABEL 500 MLS EXTRA VIRGIN OLIVE OIL GLASS BOTTLE FRONT	105	1000.000000	0.000000	650.000000	2025-06-26	NULL	2025-06-26	0.000000	NULL	430
BH-PP	PM0000441	LABEL 500 MLS EXTRA VIRGIN OLIVE OIL GLASS BOTTLE BACK	105	1000.000000	0.000000	650.000000	2025-06-26	NULL	2025-06-26	0.000000	NULL	430
BH-PP	PM0000805	GIFT PACK GLASS JAR 180 GMS	105	1820.000000	0.000000	648.000000	2026-02-04	NULL	2026-02-04	0.000000	NULL	207
BH-PP	PM0000843	LABEL 2 LTR CP MUSTARD OIL HANDLE BOTTLE BACK LA RASOI	105	340.000000	0.000000	646.000000	2026-02-04	NULL	2026-02-04	0.000000	NULL	207
BH-PP	PM0000846	LABEL 2 LTR CP MUSTARD OIL HENDLE BOTTLE FRONT LA RASOI	105	340.000000	0.000000	646.000000	2026-02-04	NULL	2026-02-04	0.000000	NULL	207
BH-PP	EX0000006	JIVO CANOLA LEAFLET	113	400.000000	0.000000	640.000000	2026-02-04	NULL	2026-02-04	0.000000	NULL	207
BH-PP	PM0000755	LABEL 1 LTR CP MUSTARD OIL VEDAKA FRONT	105	183.000000	0.000000	622.000000	2026-02-04	NULL	2026-02-04	0.000000	NULL	207
BH-PP	PM0000418	LABEL 2 LTR EXTRA VIRGIN OLIVE OIL BACK	105	392.000000	0.000000	610.000000	2026-02-04	2025-08-17	2024-09-30	0.000000	378	207
BH-PP	PM0000450	LABEL 50 GMS FLAX SEEDS FRONT	105	510.000000	0.000000	587.000000	2025-06-26	NULL	2025-06-26	0.000000	NULL	430
BH-PP	PM0000451	LABEL 50 GMS FLAX SEEDS BACK	105	510.000000	0.000000	587.000000	2025-06-26	NULL	2025-06-26	0.000000	NULL	430
BH-PP	PM0000448	LABEL 50 GMS CHIA SEEDS FRONT	105	510.000000	0.000000	587.000000	2025-06-26	NULL	2025-06-26	0.000000	NULL	430
BH-PP	PM0000449	LABEL 50 GMS CHIA SEEDS BACK	105	510.000000	0.000000	587.000000	2025-06-26	NULL	2025-06-26	0.000000	NULL	430
BH-PP	PM0000624	GIFT PACKING BASKET SMALL	105	29.000000	0.000000	580.000000	2026-02-04	2025-01-08	2024-11-13	0.000000	599	207
BH-PP	PM0000432	CARTON DESI GHEE JAR 500 GMS D2C	105	35.000000	0.000000	578.000000	2026-02-04	NULL	2026-02-04	0.000000	NULL	207
BH-PP	PM0000016	LABEL 1 LTR COLD PRESS TOP	105	3000.000000	0.000000	570.000000	2025-06-26	2025-06-23	2025-03-05	0.000000	433	430
BH-PP	PM0000281	LABEL 1 LTR A2 DESI GHEE ORGANIC	105	868.000000	0.000000	567.000000	2026-02-04	2025-08-17	2024-09-30	0.000000	378	207
BH-PP	PM0000648	LABEL 500 MLS EXTRA VIRGIN FRONT VICTORY NEW	105	480.000000	0.000000	528.000000	2025-02-21	2025-02-27	2025-02-21	0.000000	549	555
BH-PP	PM0000649	LABEL 500 MLS EXTRA VIRGIN BACK VICTORY NEW	105	480.000000	0.000000	528.000000	2025-02-21	2025-02-27	2025-02-21	0.000000	549	555
BH-PP	PM0000284	CARTON 1 LTR DESI GHEE 9 PCS	105	17.970000	0.000000	527.000000	2026-02-04	2025-08-17	2024-09-30	0.000000	378	207
BH-PP	PM0000170	LABEL 15 LTR POMACE FRONT	105	136.000000	0.000000	510.000000	2025-08-17	NULL	2025-06-26	0.000000	NULL	378
BH-PP	PM0000604	POUCH SANO SOYABEAN OIL SANO 850 GMS 12 PCS	105	1.939000	0.000000	495.000000	2026-02-04	2025-08-17	2024-11-29	0.000000	378	207
BH-PP	PM0000689	LABEL 1 LTR POMACE BACK HANNA	105	657.000000	0.000000	485.000000	2026-02-04	2026-02-23	2025-08-17	0.000000	188	207
BH-PP	PM0000688	LABEL 1 LTR POMACE FRONT HANNA	105	657.000000	0.000000	485.000000	2026-02-04	2026-02-23	2025-08-17	0.000000	188	207
BH-PP	PM0000647	LABEL 500 MLS EXTRA VIRGIN BACK VICTORY OLD	105	435.000000	0.000000	479.000000	2025-02-24	2025-02-27	2025-02-24	0.000000	549	552
BH-PP	PM0000646	LABEL 500 MLS EXTRA VIRGIN FRONT VICTORY OLD	105	435.000000	0.000000	479.000000	2025-02-24	2025-02-27	2025-02-24	0.000000	549	552
BH-PP	PM0000372	LABEL 5 LTR MUSTARD FRONT SANO	105	465.000000	0.000000	472.000000	2026-02-04	2024-12-24	2024-09-30	0.000000	614	207
BH-PP	PM0000621	POUCH RICE BRAN OIL 889 GMS  12 PCS SANO	105	2.269500	0.000000	472.000000	2025-08-17	NULL	2025-08-17	0.000000	NULL	378
BH-PP	PM0000652	LABEL 500 MLS EXTRA VIRGIN FRONT RC NEW	105	400.000000	0.000000	440.000000	2025-02-24	2025-02-27	2025-02-24	0.000000	549	552
BH-PP	PM0000665	LABEL 400 GMS QUINOA SEEDS FULL	105	150.000000	0.000000	435.000000	2026-02-04	NULL	2026-02-04	0.000000	NULL	207
BH-PP	PM0000210	LABEL 100 MLS COLD PRESS FRONT	105	2646.000000	0.000000	423.000000	2026-02-04	2025-08-17	2025-01-13	0.000000	378	207
BH-PP	PM0000211	LABEL 100 MLS COLD PRESS BACK	105	2646.000000	0.000000	423.000000	2026-02-04	2025-08-17	2025-01-13	0.000000	378	207
BH-PP	PM0000666	LABEL 800 GMS QUINOA SEEDS FULL	105	100.000000	0.000000	420.000000	2026-02-04	2025-08-17	2025-06-26	0.000000	378	207
BH-PP	PM0000834	TIN 3 LTR EXTRA VIRGIN OLIVE OIL PRINTED	105	8.000000	0.000000	400.000000	2026-02-04	NULL	2026-02-04	0.000000	NULL	207
BH-PP	PM0000703	LABEL 2 LTR EXTRA VIRGIN HANDLE BOTTLE FRONT VEDAKA	105	120.000000	0.000000	396.000000	2026-02-04	2025-08-17	2025-08-17	0.000000	378	207
BH-PP	PM0000829	LABEL 15 LTR PRESSED SESAME OIL FRONT	105	108.000000	0.000000	394.000000	2026-02-04	NULL	2026-02-04	0.000000	NULL	207
BH-PP	PM0000001	CARTON 1 LTR 16 PCS	105	16.937500	0.000000	393.000000	2025-08-17	NULL	2025-08-17	0.000000	NULL	378
BH-PP	PM0000346	LABEL 15 LTR SOYBEAN OIL	105	1087.000000	0.000000	374.000000	2026-02-04	2026-02-02	2024-09-30	0.000000	209	207
BH-PP	PM0000301	FLAX SEEDS ALSI	106	4.300000	0.000000	361.000000	2026-02-04	2025-06-30	2024-09-30	0.000000	426	207
BH-PP	PM0000406	TIKKI SANO OLIVE	105	772.000000	0.000000	352.000000	2025-06-26	NULL	2024-09-30	0.000000	NULL	430
BH-PP	PM0000036	LABEL 2 LTR KACHCHI GHANI FRONT	105	1081.000000	0.000000	346.000000	2026-02-04	2026-02-01	2025-01-13	0.000000	210	207
BH-PP	PM0000712	LABEL 1 LTR EXTRA VIRGIN FRONT VEDAKA	105	100.000000	0.000000	330.000000	2025-08-17	NULL	2025-08-17	0.000000	NULL	378
BH-PP	PM0000713	LABEL 1 LTR EXTRA VIRGIN BACK VEDAKA	105	100.000000	0.000000	330.000000	2025-08-17	NULL	2025-08-17	0.000000	NULL	378
BH-PP	PM0000371	LABEL 5 LTR MUSTARD BACK SANO	105	367.000000	0.000000	328.000000	2026-02-04	2024-12-24	2024-09-30	0.000000	614	207
BH-PP	PM0000263	LABEL 3 LTR KACHCHI GHANI BACK	105	92.000000	0.000000	314.000000	2025-06-26	NULL	2024-09-30	0.000000	NULL	430
BH-PP	PM0000264	LABEL 3 LTR KACHCHI GHANI FRONT	105	92.000000	0.000000	314.000000	2025-06-26	NULL	2024-09-30	0.000000	NULL	430
BH-PP	PM0000677	GLASS BOTTLE OLIVE 28 MLS PCS	105	96.000000	0.000000	312.000000	2025-08-17	NULL	2025-06-26	0.000000	NULL	378
BH-PP	PM0000821	LABEL 15 LTR EXTRA VIRGIN COCONUT OIL	105	83.000000	0.000000	303.000000	2026-02-04	2026-02-11	2026-02-04	0.000000	200	207
BH-PP	PM0000209	TIN 5 LTR PLAIN	105	4.000000	0.000000	288.000000	2025-06-26	NULL	2025-06-26	0.000000	NULL	430
BH-PP	PM0000766	TIKKI BARCODE CSD 2 LTR CANOLA	105	798.000000	0.000000	279.000000	2026-02-23	NULL	2026-02-23	0.000000	NULL	188
BH-PP	PM0000631	POUCH GIFT PACK ( WALNUT )	105	9.000000	0.000000	270.000000	2025-01-07	2025-01-08	2025-01-07	0.000000	599	600
BH-PP	PM0000737	LABEL 250 MLS EXTRA VIRGIN OLIVE OIL FRONT VEDAKA	105	250.000000	0.000000	250.000000	2026-02-04	NULL	2025-08-17	0.000000	NULL	207
BH-PP	PM0000736	LABEL 250 MLS EXTRA VIRGIN OLIVE OIL BACK VEDAKA	105	250.000000	0.000000	250.000000	2026-02-04	NULL	2025-08-17	0.000000	NULL	207
BH-PP	PM0000746	LABEL 1 LTR CP SUNFLOWER SEEDS OIL FRONT VEDAKA	105	72.000000	0.000000	245.000000	2026-02-04	NULL	2026-02-04	0.000000	NULL	207
BH-PP	PM0000710	LABEL 1 LTR EXTRA LIGHT FRONT VEDAKA	105	70.000000	0.000000	231.000000	2025-08-17	NULL	2025-08-17	0.000000	NULL	378
BH-PP	PM0000711	LABEL 1 LTR EXTRA LIGHT BACK VEDAKA	105	70.000000	0.000000	231.000000	2025-08-17	NULL	2025-08-17	0.000000	NULL	378
BH-PP	PM0000790	LABEL 250 MLS PRESSED GROUNDNUT OIL BACK	105	223.000000	0.000000	223.000000	2026-02-04	NULL	2026-02-04	0.000000	NULL	207
BH-PP	PM0000816	LABEL 500 ML PURE TOASTED SESAME OIL FRONT	105	118.000000	0.000000	218.000000	2026-02-04	NULL	2026-02-04	0.000000	NULL	207
BH-PP	PM0000815	LABEL 500 ML PURE TOASTED SESAME OIL BACK	105	118.000000	0.000000	218.000000	2026-02-04	NULL	2026-02-04	0.000000	NULL	207
BH-PP	PM0000791	LABEL 250 MLS PRESSED GROUNDNUT OIL FRONT	105	217.000000	0.000000	217.000000	2026-02-04	NULL	2026-02-04	0.000000	NULL	207
BH-PP	FG0000166	CHIA SEEDS 400 GMS 1 PCS	102	2.000000	0.000000	207.000000	2025-08-17	NULL	2025-08-17	0.000000	NULL	378
BH-PP	PM0000705	LABEL 500 MLS EXTRA LIGHT BACK VEDAKA	105	170.000000	0.000000	204.000000	2025-08-17	NULL	2025-08-17	0.000000	NULL	378
BH-PP	PM0000704	LABEL 500 MLS EXTRA LIGHT FRONT VEDAKA	105	170.000000	0.000000	204.000000	2025-08-17	NULL	2025-08-17	0.000000	NULL	378
BH-PP	PM0000581	LABEL 3 LTR CANOLA OIL FRONT SANO	105	209.000000	0.000000	203.000000	2025-08-17	2025-08-27	2024-10-30	0.000000	368	378
BH-PP	PM0000582	LABEL 3 LTR CANOLA OIL BACK SANO	105	209.000000	0.000000	203.000000	2025-08-17	2025-08-27	2024-10-30	0.000000	368	378
BH-PP	PM0000501	LABEL 1 LTR EXTRA LIGHT FRONT ZANO	105	405.000000	0.000000	193.000000	2025-08-17	2025-01-14	2024-09-30	0.000000	593	378
BH-PP	PM0000679	CAPS 28 MLS GLASS BOTTLE 25 MM PCS	105	96.000000	0.000000	192.000000	2025-08-17	NULL	2025-06-26	0.000000	NULL	378
BH-PP	PM0000839	CARTON MONO A2 DESI GHEE 1 LTR LA RASOI	105	4.000000	0.000000	192.000000	2026-02-04	2026-02-23	2026-02-04	0.000000	188	207
BH-PP	PM0000401	TIN 5 LTR OLIVE CLASSIC SANO	105	3.000000	0.000000	186.000000	2026-02-04	2025-10-13	2025-01-14	0.000000	321	207
BH-PP	PM0000504	LABEL 1 LTR POMACE BACK ZANO	105	98.000000	0.000000	186.000000	2025-08-17	2026-02-03	2025-01-13	0.000000	208	378
BH-PP	PM0000503	LABEL 1 LTR POMACE FRONT ZANO	105	98.000000	0.000000	186.000000	2025-08-17	2026-02-03	2025-01-13	0.000000	208	378
BH-PP	PM0000759	LABEL 5 LTR CP MUSTARD OIL VEDAKA FRONT	105	44.000000	0.000000	186.000000	2026-02-04	NULL	2026-02-04	0.000000	NULL	207
BH-PP	PM0000728	HDPE BOTTLE 4 LTR OLIVE GREEN	105	6.000000	0.000000	185.000000	2025-08-17	2026-01-27	2025-08-17	0.000000	215	378
BH-PP	PM0000707	LABEL 500 MLS EXTRA VIRGIN BACK VEDAKA	105	150.000000	0.000000	180.000000	2025-08-17	NULL	2025-08-17	0.000000	NULL	378
BH-PP	PM0000706	LABEL 500 MLS EXTRA VIRGIN FRONT VEDAKA	105	150.000000	0.000000	180.000000	2025-08-17	NULL	2025-08-17	0.000000	NULL	378
BH-PP	PM0000289	LABEL 5 LTR SOYABEAN FRONT	105	1207.000000	1416.000000	158.000000	2026-02-04	2025-10-12	2024-09-30	0.000000	322	207
BH-PP	PM0000726	CAPS 1 & 2 LTR WHITE AND MINT-GREEN WITH LOGO SO	105	149.500000	0.000000	157.000000	2026-02-04	NULL	2026-02-04	0.000000	NULL	207
BH-PP	PM0000435	LABEL 200 GMS CHIA SEEDS FRONT	105	56.000000	0.000000	157.000000	2025-06-26	NULL	2025-06-26	0.000000	NULL	430
BH-PP	PM0000219	LABEL 100 ML PET BOTTLE  EXTRA LIGHT BACK	105	1972.000000	0.000000	155.000000	2026-02-04	2025-08-17	2024-09-30	0.000000	378	207
BH-PP	FG0000101	FLAX SEEDS 250 GMS 1 POUCH	102	6.000000	0.000000	152.000000	2025-08-17	NULL	2025-08-17	0.000000	NULL	378
BH-PP	PM0000502	LABEL 1 LTR EXTRA LIGHT BACK ZANO	105	405.000000	0.000000	143.000000	2025-08-17	2025-01-14	2024-09-30	0.000000	593	378
BH-PP	PM0000733	LABEL 5 LTR GOLD PLUS FRONT	105	27.000000	0.000000	135.000000	2025-08-17	NULL	2025-08-17	0.000000	NULL	378
BH-PP	PM0000734	LABEL 5 LTR GOLD PLUS BACK	105	27.000000	0.000000	135.000000	2025-08-17	NULL	2025-08-17	0.000000	NULL	378
BH-PP	PM0000576	LABEL 900 GMS SUNFLOWER BACK  SANO	105	8608.000000	0.000000	126.000000	2026-02-04	2025-08-27	2024-10-09	0.000000	368	207
BH-PP	PM0000575	LABEL 900 GMS SUNFLOWER FRONT SANO	105	8608.000000	0.000000	126.000000	2026-02-04	2025-08-27	2024-10-09	0.000000	368	207
BH-PP	PM0000244	LABEL 5 LTR VEDAKA CANOLA BACK	105	100.000000	0.000000	100.000000	2025-08-17	2025-08-27	2025-03-05	0.000000	368	378
BH-PP	SC0000037	KUMKUMADI OIL	107	4.000000	0.000000	100.000000	2025-08-17	NULL	2025-08-17	0.000000	NULL	378
BH-PP	PM0000243	LABEL 5 LTR VEDAKA CANOLA FRONT	105	90.000000	0.000000	98.000000	2025-08-17	2025-08-27	2025-03-05	0.000000	368	378
BH-PP	PM0000678	LABEL 28 MLS EXTRA VIRGIN OLIVE OIL PCS	105	100.000000	0.000000	95.000000	2025-06-26	NULL	2025-06-26	0.000000	NULL	430
BH-PP	PM0000803	LABEL 1 LTR PREMIUM EXTRA VIRGIN FRONT	105	42.000000	0.000000	89.000000	2026-02-04	NULL	2026-02-04	0.000000	NULL	207
BH-PP	PM0000804	LABEL 1 LTR PREMIUM EXTRA VIRGIN BACK	105	42.000000	0.000000	89.000000	2026-02-04	NULL	2026-02-04	0.000000	NULL	207
BH-PP	PM0000780	LABEL 250 ML PRESSED YELLOW MUSTARD OIL BACK	105	64.000000	0.000000	64.000000	2026-02-04	NULL	2026-02-04	0.000000	NULL	207
BH-PP	PM0000781	LABEL 250 ML PRESSED YELLOW MUSTARD OIL FRONT	105	64.000000	0.000000	64.000000	2026-02-04	NULL	2026-02-04	0.000000	NULL	207
BH-PP	PM0000655	CARTON COFFEE JAR 100 GMS 15 PCS	105	1.783700	0.000000	62.000000	2026-02-04	2026-02-01	2025-01-14	0.000000	210	207
BH-PP	PM0000569	POUCH ROSEMARY LEAVES 150 GM	105	11.000000	0.000000	56.000000	2025-06-26	2025-04-19	2025-03-04	0.000000	498	430
BH-PP	PM0000731	LABEL 1 LTR GOLD PLUS FRONT	105	27.000000	0.000000	51.000000	2026-02-04	NULL	2025-08-17	0.000000	NULL	207
BH-PP	PM0000732	LABEL 1 LTR GOLD PLUS BACK	105	27.000000	0.000000	51.000000	2026-02-04	NULL	2025-08-17	0.000000	NULL	207
BH-PP	PM0000238	TIKKI 500 MLS OLIVE	105	256.000000	0.000000	49.000000	2026-02-04	2025-08-27	2025-08-17	0.000000	368	207
BH-PP	PM0000782	LABEL 250 ML PRESSED SESAME OIL BACK	105	46.000000	0.000000	46.000000	2026-02-04	NULL	2026-02-04	0.000000	NULL	207
BH-PP	PM0000783	LABEL 250 ML PRESSED SESAME OIL FRONT	105	46.000000	0.000000	46.000000	2026-02-04	NULL	2026-02-04	0.000000	NULL	207
BH-PP	PM0000277	CARTON CHOCO 125 GMS CHOCO 10 PCS	105	21.027700	0.000000	46.000000	2026-02-04	2025-03-15	2024-09-30	0.000000	533	207
BH-PP	PM0000470	CAPS 5 LTR ORANGE	105	21304.000000	0.000000	41.000000	2026-02-04	2026-02-23	2024-09-30	0.000000	188	207
BH-PP	PM0000808	LABEL 500 GRM HONEY BACK	105	82.000000	0.000000	41.000000	2026-02-04	NULL	2026-02-04	0.000000	NULL	207
BH-PP	PM0000807	LABEL 500 GRM HONEY FRONT	105	82.000000	0.000000	41.000000	2026-02-04	NULL	2026-02-04	0.000000	NULL	207
BH-PP	PM0000779	LABEL 250 MLS EXTRA VIRGIN COCONUT FRONT	105	40.000000	0.000000	40.000000	2026-02-04	NULL	2026-02-04	0.000000	NULL	207
BH-PP	PM0000778	LABEL 250 MLS EXTRA VIRGIN COCONUT BACK	105	40.000000	0.000000	40.000000	2026-02-04	NULL	2026-02-04	0.000000	NULL	207
BH-PP	PM0000416	LABEL 500 MLS EXTRA VIRGIN COCONUT BACK	105	89.000000	0.000000	35.000000	2026-02-04	2025-08-27	2024-11-19	0.000000	368	207
BH-PP	PM0000415	LABEL 500 MLS EXTRA VIRGIN COCONUT FRONT	105	89.000000	0.000000	35.000000	2026-02-04	2025-08-27	2024-11-19	0.000000	368	207
BH-PP	PM0000777	LABEL 250 MLS EXTRA VIRGIN CANOLA OIL FRONT	105	31.000000	0.000000	31.000000	2026-02-04	NULL	2026-02-04	0.000000	NULL	207
BH-PP	PM0000775	LABEL 250 MLS EXTRA VIRGIN CANOLA OIL BACK	105	31.000000	0.000000	31.000000	2026-02-04	NULL	2026-02-04	0.000000	NULL	207
BH-PP	PM0000812	LABEL 15 KG KIRPA DESI GHEE BACK	105	4.000000	0.000000	24.000000	2026-02-04	NULL	2026-02-04	0.000000	NULL	207
BH-PP	PM0000811	LABEL 15 KG KIRPA DESI GHEE FRONT	105	4.000000	0.000000	24.000000	2026-02-04	NULL	2026-02-04	0.000000	NULL	207
BH-PP	PM0000431	CARTON DESI GHEE JAR 1LTR D2C	105	31.000000	0.000000	24.000000	2026-02-04	NULL	2024-09-30	0.000000	NULL	207
BH-PP	PM0000184	LABEL 500 MLS EXTRA LIGHT BACK	105	2462.000000	0.000000	22.000000	2026-02-04	2026-02-03	2024-09-30	0.000000	208	207
BH-PP	PM0000183	LABEL 500 MLS EXTRA LIGHT FRONT	105	2461.000000	0.000000	22.000000	2026-02-04	2026-02-03	2024-09-30	0.000000	208	207
BH-PP	PM0000675	LABEL 4 LTR RICE BRAN OIL FRONT	105	5.000000	0.000000	16.000000	2026-02-04	NULL	2026-02-04	0.000000	NULL	207
BH-PP	PM0000676	LABEL 4 LTR RICE BRAN OIL BACK	105	5.000000	0.000000	16.000000	2026-02-04	NULL	2026-02-04	0.000000	NULL	207
BH-PP	PM0000826	LABEL 15 LTR PRESSED SESAME OIL BACK	105	4.000000	0.000000	15.000000	2026-02-04	NULL	2026-02-04	0.000000	NULL	207
BH-PP	PM0000388	LABEL 1 LTR VEDAKA MUSTARD FRONT	105	2706.000000	0.000000	6.000000	2026-02-04	2025-01-14	2024-09-30	0.000000	593	207
BH-PP	PM0000387	LABEL 1 LTR VEDAKA MUSTARD BACK	105	2404.000000	0.000000	6.000000	2026-02-04	2025-06-23	2024-09-30	0.000000	433	207
BH-PP	PM0000033	LABEL 2 LTR COLD PRESS FRONT	105	10.000000	0.000000	4.000000	2026-02-04	2025-06-23	2025-03-05	0.000000	433	207
BH-PP	PM0000032	LABEL 2 LTR COLD PRESS BACK	105	10.000000	0.000000	4.000000	2026-02-04	2025-06-23	2025-03-05	0.000000	433	207
BH-PP	PM0000627	CHULAI (AMARNATH) GMS	105	14950.000000	0.000000	2.000000	2024-09-30	NULL	2024-09-30	0.000000	NULL	699
BH-PP	PM0000622	POUCH 889 GMS RICE BRAN ROLLS KGS	105	0.004000	0.000000	1.000000	2026-02-04	2025-08-17	2024-12-25	0.000000	378	207
BH-PP	PM0000680	CARTON 28 MLS GLASS BOTTLE 100 PCS PLAIN	105	3.000000	0.000000	0.000000	2025-06-26	NULL	2025-06-26	0.000000	NULL	430
BH-PP	PM0000362	LABEL 15 LTR REFINED RICE BRAN OIL	105	65.000000	0.000000	-6.000000	2026-02-04	2025-08-27	2024-09-30	0.000000	368	207
BH-PP	PM0000365	LABEL 1 LTR CANOLA BACK SANO	105	661.000000	0.000000	-23.000000	2026-02-04	2025-08-17	2024-09-30	0.000000	378	207
BH-PP	PM0000496	LABEL 1 LTR TIKKI B.B	105	481.000000	0.000000	-29.000000	2026-02-04	2026-02-04	2024-09-30	0.000000	207	207
BH-PP	PM0000110	CARTON 100 MLS GLASS BOTTLE 24 PCS	105	97.743300	0.000000	-59.000000	2026-02-04	2026-02-03	2024-09-30	0.000000	208	207
BH-PP	PM0000366	LABEL 1 LTR CANOLA FRONT SANO	105	528.000000	0.000000	-111.000000	2026-02-04	2025-08-17	2024-09-30	0.000000	378	207
BH-PP	PM0000027	LABEL 1 LTR REFINED TOP	105	710.000000	0.000000	-115.000000	2026-02-04	2025-08-17	2024-09-30	0.000000	378	207
BH-PP	PM0000380	LABEL 5 LTR SOYABEAN FRONT SANO	105	179.000000	0.000000	-119.000000	2025-08-17	2026-02-01	2024-09-30	0.000000	210	378
BH-PP	PM0000379	LABEL 5 LTR SOYABEAN BACK SANO	105	179.000000	0.000000	-119.000000	2025-08-17	2026-02-01	2024-09-30	0.000000	210	378
BH-PP	PM0000156	CARTON DESI GHEE & MUESLI 12 PCS	105	0.416700	0.000000	-119.000000	2025-08-17	2024-12-05	2024-09-30	0.000000	633	378
BH-PP	PM0000422	LABEL 500 MLS EXTRA VIRGIN OLIVE OIL BACK	105	2003.000000	0.000000	-336.000000	2026-02-04	2025-08-17	2024-09-30	0.000000	378	207
BH-PP	PM0000333	CAPS 250 MLS GLASS BOTTLE	105	54.000000	0.000000	-350.000000	2026-02-04	2025-09-06	2024-09-30	0.000000	358	207
BH-PP	PM0000421	LABEL 500 MLS EXTRA VIRGIN OLIVE OIL FRONT	105	2003.000000	0.000000	-406.000000	2026-02-04	2025-08-17	2024-09-30	0.000000	378	207
BH-PP	PM0000130	POUCH REFINED MULTI ROLLS KGS	105	36.580000	0.000000	-406.000000	2026-02-23	2026-02-04	2024-09-30	0.000000	207	188
BH-PP	PM0000288	LABEL 5 LTR SOYABEAN BACK	105	1421.000000	1416.000000	-430.000000	2026-02-04	2025-10-12	2024-09-30	0.000000	322	207
BH-PP	PM0000152	CAPS INNER 31.5 MM	105	64.000000	0.000000	-477.000000	2025-08-17	2025-05-28	2024-09-30	0.000000	459	378
BH-PP	PM0000516	LABEL 4 LTR COLD PRESS FRONT FLASK	105	263.000000	0.000000	-589.000000	2026-02-04	2025-08-27	2024-09-30	0.000000	368	207
BH-PP	PM0000246	CARTON 5 LTR 5 PCS	105	66.000000	0.000000	-692.000000	2025-06-26	2026-02-03	2024-09-30	0.000000	208	430
BH-PP	PM0000438	LABEL 500 MLS EXTRA VIRGIN COCONUT GLASS BOTTLE FRONT	105	1.000000	0.000000	-741.000000	2024-09-30	2024-12-08	2024-09-30	0.000000	630	699
BH-PP	PM0000439	LABEL 500 MLS EXTRA VIRGIN COCONUT GLASS BOTTLE BACK	105	1.000000	0.000000	-741.000000	2024-09-30	2024-12-08	2024-09-30	0.000000	630	699
BH-PP	PM0000578	LABEL 900 GM  MUSTARD FRONT  SANO	105	4675.000000	0.000000	-972.000000	2026-02-04	2026-02-01	2024-10-09	0.000000	210	207
BH-PP	PM0000260	TIN 5 LTR SO OLIVE PRINTED	105	32.000000	0.000000	-1140.000000	2024-09-30	2025-11-11	2024-09-30	0.000000	292	699
BH-PP	PM0000151	CAPS 31.5 MM	105	56.000000	0.000000	-2318.000000	2024-09-30	2025-01-15	2024-09-30	0.000000	592	699
BH-PP	PM0000489	LABEL 1 LTR RICE BRAN & OLIVE OIL BACK B.B	105	1533.000000	0.000000	-2547.000000	2026-02-04	2025-12-01	2024-09-30	0.000000	272	207
BH-PP	PM0000494	LABEL 5 LTR COLD PRESS CANOLA FRONT B.B	105	649.000000	0.000000	-2993.000000	2026-02-04	2026-02-01	2024-09-30	0.000000	210	207
BH-PP	PM0000498	PET BOTTLE 500 MLS 34 GMS GREEN	105	654.000000	0.000000	-3089.000000	2026-02-04	2026-01-27	2024-09-30	0.000000	215	207
BH-PP	PM0000412	CAPS 1 & 2 LTR WHITE AND ORANGE PLAIN	105	2330.000000	0.000000	-3401.000000	2025-08-17	2025-08-17	2024-09-30	0.000000	378	378
BH-PP	PM0000309	POUCH 1 LTR MUSTARD ROLLS KGS	105	9.096700	0.000000	-3430.000000	2026-02-04	2026-02-02	2024-09-30	0.000000	209	207
BH-PP	PM0000495	LABEL 5 LTR COLD PRESS CANOLA BACK B.B	105	6054.000000	0.000000	-3794.000000	2026-02-04	2026-02-01	2024-09-30	0.000000	210	207
BH-PP	PM0000488	LABEL 1 LTR RICE BRAN & OLIVE OIL FRONT B.B	105	1228.000000	0.000000	-5133.000000	2026-02-04	2025-12-01	2024-09-30	0.000000	272	207
BH-PP	PM0000409	CARTON 1 LTR POMACE 16 PCS PLAIN	105	125.660000	0.000000	-6894.000000	2026-02-04	2026-02-23	2024-09-30	0.000000	188	207
BH-PP	PM0000269	POUCH RICE 1 KGS PCS	105	9880.000000	0.000000	-9034.000000	2026-02-04	2025-12-09	2024-09-30	0.000000	264	207
BH-PP	PM0000536	TIN 13 KG	105	3040.000000	23.000000	-10641.000000	2026-02-04	2025-09-11	2024-09-30	0.000000	353	207
BH-PP	PM0000240	CARTON 1 KGS RICE 4 PCS CSD	105	27.000000	0.000000	-15356.000000	2026-02-04	2025-12-09	2024-09-30	0.000000	264	207
BH-PP	PM0000083	TIKKI BARCODE CSD 1 LTR CANOLA	105	108.000000	0.000000	-15440.000000	2026-02-23	2026-02-04	2024-09-30	0.000000	207	188
BH-PP	PM0000341	POUCH 1 LTR SOYABEAN ROLLS KGS	105	30.000000	133.620000	-33311.000000	2026-02-04	2025-08-17	2024-09-30	0.000000	378	207
BH-PP	PM0000410	CARTON 5 LTR OLIVE 4 PCS PLAIN	105	253.000000	0.000000	-33444.000000	2025-08-17	2025-06-21	2024-09-30	0.000000	435	378
BH-PP	PM0000358	HDPE BOTTLE 5 LTR GOLD	105	890.000000	0.000000	-68578.000000	2026-02-23	2026-02-01	2024-10-15	0.000000	210	188
BH-SC	FG0000386	CHAI 250 GMS 40 PCS	102	63282.000000	0.000000	5945797.000000	2026-07-28	2026-08-19	2026-04-25	376.000000	11	33
BH-SC	SC0000069	STAINLESS STEEL TOPWARE TESO LUNCHBOX WITH BOTTLE  1000 MLS	107	1027.000000	0.000000	498313.000000	2026-04-25	NULL	2026-04-25	0.000000	NULL	127
BH-SC	SC0000064	JIVO INFINITE DELIGHT 1000 MLS FLASK DENIM BLUE	107	644.000000	0.000000	287868.000000	2026-07-25	2026-07-30	2026-04-25	5.000000	31	36
BH-SC	SC0000078	JIVO FLASK MILD STEEL BOTTLE 1000 MLS	107	2852.000000	0.000000	285913.000000	2026-07-25	NULL	2026-04-25	0.000000	NULL	36
BH-SC	FG0000382	SPICES JEERA 100 GMS 45 PCS	102	5006.000000	0.000000	118710.000000	2026-07-18	2026-08-06	2026-04-25	30.000000	24	43
BH-SC	FG0000233	SPICES CLOVES 100 GMS PCS	102	443.000000	0.000000	43857.000000	2026-04-25	NULL	2026-04-25	0.000000	NULL	127
BH-SC	FG0000380	COFFEE 50 GMS 36 PCS	102	300.000000	0.000000	25307.000000	2026-04-25	NULL	2026-04-25	0.000000	NULL	127
BH-SC	SC0000065	JIVO INFINITE UTOPIA 1000 MLS FLASK SILVER	107	62.000000	0.000000	23826.000000	2026-07-25	2026-08-26	2026-07-25	2.000000	4	36
BH-SC	FG0000388	CHANA ALMOND BURFI 500 GMS	102	159.000000	0.000000	23052.000000	2026-04-25	2026-07-21	2026-04-25	21.000000	40	127
BH-SC	FG0000221	JIVO HONEY 500 GMS	102	155.000000	0.000000	14661.000000	2026-07-18	NULL	2026-04-25	0.000000	NULL	43
BH-SC	FG0000289	ROSEMARY LEAVE 150 GMS	102	341.000000	0.000000	14527.000000	2026-04-25	NULL	2026-04-25	0.000000	NULL	127
BH-SC	SC0000063	JIVO INFINITE EDEN 700 MLS FLASK BLACK KNIGHT	107	30.000000	0.000000	9270.000000	2026-04-25	2026-05-06	2026-04-25	0.000000	116	127
BH-SC	FG0000198	SPICES CINNAMON 100 GMS	102	216.000000	0.000000	7581.000000	2026-04-25	2026-06-15	2026-04-25	1.000000	76	127
BH-SC	SC0000075	CASSEROLE BLACK & SILVER GLOSSY  3200	107	32.000000	0.000000	6240.000000	2026-05-14	2026-05-14	2026-01-30	0.000000	108	108
BH-SC	SC0000050	TEMPERATURE BOTTLE 500 ML	107	42.000000	0.000000	5886.000000	2026-04-25	NULL	2026-04-25	0.000000	NULL	127
BH-SC	RM0000047	LOOSE RICE KGS	106	29.000000	0.000000	2422.000000	2026-04-25	NULL	2026-04-25	0.000000	NULL	127
BH-SC	FG0000197	SPICES CARDAMOM 100 GMS	102	7.000000	0.000000	2017.000000	2026-07-18	NULL	2026-07-18	0.000000	NULL	43
BH-SC	SC0000070	TOPWARE EXECUTIVE DOUBLE DECKER LUNCHBOX  800 MLS	107	14.000000	0.000000	1708.000000	2026-04-25	NULL	2026-04-25	0.000000	NULL	127
BH-SC	SC0000067	LYLY DOUBLE DECKER LUNCHBOX	107	11.000000	0.000000	1430.000000	2026-04-25	NULL	2026-04-25	0.000000	NULL	127
BH-SC	FG0000236	FLAX SEED 400 GMS 1 PCS	102	24.000000	0.000000	1155.000000	2026-04-25	NULL	2026-04-25	0.000000	NULL	127
BH-SC	FG0000338	JIVO SAFFRON 1 GM	102	16.000000	0.000000	935.000000	2026-05-22	2026-04-29	2026-04-25	0.000000	123	100
BH-SC	FG0000240	BASIL SEED 400 GMS 1 PCS	102	10.000000	0.000000	833.000000	2026-04-25	2026-03-07	2025-02-28	0.000000	176	127
BH-SC	RM0000011	GROUNDNUT LOOSE OIL	106	6.000000	0.000000	809.000000	2026-04-30	NULL	2026-04-30	0.000000	NULL	122
BH-SC	PM0000075	TAPE LOGO PRINTED	105	2000.000000	0.000000	783.000000	2026-04-25	NULL	2026-04-25	0.000000	NULL	127
BH-SC	FG0000180	BASIL SEEDS 200 GMS 1 PCS	102	13.000000	0.000000	621.000000	2026-07-28	2026-03-07	2025-02-28	0.000000	176	33
BH-SC	FG0000238	PUMPKIN SEEDS 400 GM 1 PCS	102	4.000000	0.000000	581.000000	2026-04-25	NULL	2026-04-25	0.000000	NULL	127
BH-SC	FG0000336	JIVO HEALTHY GREETING GIFT BOX 240 GMS	102	1.000000	0.000000	514.000000	2026-05-22	NULL	2026-05-22	0.000000	NULL	100
BH-SC	FG0000257	FLAX  (ALSI) SEEDS 800 GMS 1 PCS	102	6.000000	0.000000	483.000000	2026-04-25	NULL	2026-04-25	0.000000	NULL	127
BH-SC	SC0000066	JIVO INFINITE RAPTURE 1000 MLS FLASK SILVER	107	1.000000	0.000000	439.000000	2026-04-25	NULL	2026-04-25	0.000000	NULL	127
BH-SC	SC0000091	GEYSER 25 LTR (ORIENT)	107	7.000000	0.000000	0.000000	2026-07-25	2025-09-18	2024-09-30	0.000000	346	36
BH-SC	PM0000790	LABEL 250 MLS PRESSED GROUNDNUT OIL BACK	105	24.000000	0.000000	0.000000	2026-04-30	NULL	2026-04-30	0.000000	NULL	122
BH-SC	PM0000791	LABEL 250 MLS PRESSED GROUNDNUT OIL FRONT	105	24.000000	0.000000	0.000000	2026-04-30	NULL	2026-04-30	0.000000	NULL	122
BH-SC	PM0000806	GIFT BOX	105	36.000000	0.000000	0.000000	2026-04-30	NULL	2026-04-30	0.000000	NULL	122
BH-SC	PM0000623	GIFT PACKING BASKET BIG + 2 DIYAS	105	39.000000	0.000000	0.000000	2026-04-30	NULL	2026-04-30	0.000000	NULL	122
BH-SC	PM0000805	GIFT PACK GLASS JAR 180 GMS	105	78.000000	0.000000	0.000000	2026-04-30	NULL	2026-04-30	0.000000	NULL	122
BH-SC	PM0000624	GIFT PACKING BASKET SMALL	105	39.000000	0.000000	0.000000	2026-04-30	NULL	2026-04-30	0.000000	NULL	122
BH-SC	RM0000059	PISTA NAMKEEN	106	0.600000	0.000000	0.000000	2026-04-30	2026-04-30	2026-04-30	0.000000	122	122
BH-SC	RM0000058	ROASTED BADAM	106	0.390000	0.000000	0.000000	2026-04-30	2026-04-30	2026-04-30	0.000000	122	122
BH-SC	RM0000061	ROASTED KAJU	106	0.390000	0.000000	0.000000	2026-04-30	2026-04-30	2026-04-30	0.000000	122	122
BH-SC	RM0000057	KALI DRAKH	106	0.520000	0.000000	0.000000	2026-04-30	2026-04-30	2026-04-30	0.000000	122	122
BH-SC	PM0000774	POUCH 100 GM ZIPPER	105	39.000000	0.000000	0.000000	2026-04-30	NULL	2026-04-30	0.000000	NULL	122
BH-SC	PM0000333	CAPS 250 MLS GLASS BOTTLE	105	24.000000	0.000000	0.000000	2026-04-30	NULL	2026-04-30	0.000000	NULL	122
BH-SC	PM0000663	CAPS INNER GLASS BOTTLE 100 MLS	105	24.000000	0.000000	0.000000	2026-04-30	NULL	2026-04-30	0.000000	NULL	122
BH-SC	SC0000005	WATER CAMPER	107	45.000000	0.000000	0.000000	2026-07-25	2025-09-18	2024-09-30	0.000000	346	36
BH-SC	FG0000283	COFFIE 100 GMS 15 PCS	102	19.000000	0.000000	0.000000	2026-07-28	2026-08-24	2026-04-25	124.000000	6	33
BH-SC	PM0000656	GLASS BOTTLE 250 ML	105	24.000000	0.000000	0.000000	2026-04-30	NULL	2026-04-30	0.000000	NULL	122
BH-SC	FG0000218	HONEY 500 GMS 12 PCS	102	152.000000	0.000000	0.000000	2026-04-25	2025-09-18	2024-09-30	0.000000	346	127
BH-SC	SC0000009	FRIDGE BOTTLE 1 LTR	107	62.000000	0.000000	-1735.000000	2026-04-25	2026-04-29	2024-09-30	0.000000	123	127
BH-SC	SC0000008	KETTLE 1.8 LTR	107	97.000000	0.000000	-12287.000000	2026-07-25	2026-03-25	2024-09-30	0.000000	158	36
BH-SDL	PM0000594	PREFORM 40 GMS 36 MM	105	149247.000000	0.000000	939201.000000	2026-08-21	2026-08-29	2026-01-31	662903.000000	1	9
BH-SDL	PM0000852	PREFORM 49.5 GMS 36 MM	105	75749.000000	0.000000	583966.000000	2026-08-29	2026-08-29	2026-01-31	1152528.000000	1	1
BH-SDL	PM0000074	TAPE CELLO	105	13000.000000	0.000000	5151.000000	2026-07-22	NULL	2026-04-23	0.000000	NULL	39
BH-WST	RM0000040	SO OLIVE OIL	106	7375.000000	0.000000	1039002.000000	2026-04-17	NULL	2026-04-17	0.000000	NULL	135
BH-WST	FG0000317	SOYABEAN OIL 15 KGS TIN IMP PCS	102	209.000000	0.000000	461904.000000	2026-07-11	NULL	2026-02-26	0.000000	NULL	50
BH-WST	PM0000053	HDPE BOTTLE 5 LTR	105	7604.000000	0.000000	384964.000000	2026-08-27	2026-08-12	2026-01-16	1432.000000	18	3
BH-WST	FG0000297	SOYABEAN OIL 13 KGS TIN IMPORTED PCS	102	161.000000	0.000000	325242.000000	2026-07-11	NULL	2026-02-26	0.000000	NULL	50
BH-WST	PM0000076	TIN 15 LTR	105	3432.000000	0.000000	307263.000000	2026-08-27	2026-06-02	2026-01-16	1.000000	89	3
BH-WST	FG0000031	MUSTARD PAKKI GHANI 1 LTR 20 PCS	102	2195.000000	0.000000	299539.000000	2026-05-13	NULL	2026-05-07	0.000000	NULL	109
BH-WST	PM0000121	PET BOTTLE 1 LTR 52 GMS POMACE	105	29267.000000	0.000000	246640.000000	2026-08-26	2026-05-19	2026-01-16	0.000000	103	4
BH-WST	PM0000851	PET BOTTLE 1 LTR 26 GM	105	50089.000000	0.000000	225768.000000	2026-08-27	2026-06-21	2026-02-26	61.000000	70	3
BH-WST	PM0000005	CARTON 1 LTR 12 POUCHES	105	8731.626700	0.000000	194150.000000	2026-08-27	2026-08-04	2026-01-16	591.000000	26	3
BH-WST	RM0000025	SOYABEAN REFINED LOOSE OIL	106	1265.729000	0.000000	183014.000000	2026-04-17	NULL	2026-04-17	0.000000	NULL	135
BH-WST	PM0000194	PET BOTTLE 1 LTR 40 GMS	105	21395.000000	0.000000	143993.000000	2026-08-27	2026-05-19	2026-01-19	0.000000	103	3
BH-WST	RM0000003	MUSTARD LOOSE OIL	106	1049.034000	0.000000	131738.000000	2026-04-24	2026-04-24	2026-04-17	0.000000	128	128
BH-WST	PM0000080	TIN 5 LTR POMACE OLIVE PRINTED	105	1876.000000	0.000000	123187.000000	2026-08-24	2026-06-20	2026-02-01	157.000000	71	6
BH-WST	PM0000672	SHRINK ROLL POF GM	105	487.065000	0.000000	110948.000000	2026-07-24	2026-05-19	2026-02-21	0.000000	103	37
BH-WST	RM0000001	LOOSE REFINED OLIVE OIL	106	637.884600	0.000000	90255.000000	2026-04-17	NULL	2026-04-17	0.000000	NULL	135
BH-WST	PM0000884	SHRINK POF ROLL KG	105	371.359000	0.000000	78053.000000	2026-08-26	2026-06-15	2026-06-15	117.500000	76	4
BH-WST	FG0000191	SOYABEAN OIL 15 LTR	102	41.000000	0.000000	73036.000000	2026-07-11	NULL	2026-07-11	0.000000	NULL	50
BH-WST	PM0000013	CARTON 5 LTR 4 PCS	105	2117.000000	0.000000	67423.000000	2026-08-26	2026-05-19	2026-01-16	0.000000	103	4
BH-WST	PM0000259	TIN 5 LTR EXTRA VIRGIN OLIVE PRINTED IMPORTED	105	603.000000	0.000000	63315.000000	2026-07-27	2026-06-02	2026-02-01	20.000000	89	34
BH-WST	PM0000395	TIN 5 LTR POMACE OLIVE SANO	105	886.000000	0.000000	59606.000000	2026-08-24	2026-04-17	2026-02-01	0.000000	135	6
BH-WST	PM0000077	TIN 5 LTR EXTRA LIGHT OLIVE PRINTED	105	876.000000	0.000000	57389.000000	2026-07-24	2026-06-22	2026-02-01	152.000000	69	37
BH-WST	RM0000054	SEASAME OIL	106	126.000000	0.000000	54999.000000	2026-04-17	NULL	2026-04-17	0.000000	NULL	135
BH-WST	PM0000054	PET BOTTLE 1 LTR 23.8 GMS ROUND	105	13769.000000	0.000000	54532.000000	2026-08-19	2026-04-17	2026-01-16	0.000000	135	11
BH-WST	FG0000008	POMACE OLIVE 5 LTR TIN 4 PCS	102	53.000000	0.000000	53474.000000	2026-06-23	2026-04-17	2026-01-07	0.000000	135	68
BH-WST	PM0000891	POUCH SOYABEAN MULTI  KGS	105	188.008000	0.000000	53041.000000	2026-08-24	NULL	2026-06-15	0.000000	NULL	6
BH-WST	PM0000411	CARTON 1 LTR 20 PCS PET 26GM	105	1389.300000	0.000000	46236.000000	2026-08-27	2026-04-17	2026-01-16	0.000000	135	3
BH-WST	PM0000466	LABEL 13 KGS REFINED SOYBEAN OIL	105	945.000000	0.000000	35648.000000	2026-08-19	2026-06-02	2026-02-01	200.000000	89	11
BH-WST	PM0000075	TAPE LOGO PRINTED	105	7474.100600	0.000000	30317.000000	2026-08-26	2026-05-19	2026-01-16	0.000000	103	4
BH-WST	PM0000003	CARTON 1 LTR POMACE 16 PCS	105	1138.322500	0.000000	30094.000000	2026-08-26	2026-05-19	2026-01-16	0.000000	103	4
BH-WST	PM0000260	TIN 5 LTR SO OLIVE PRINTED	105	309.000000	0.000000	29355.000000	2026-08-19	NULL	2026-07-24	0.000000	NULL	11
BH-WST	PM0000057	PET BOTTLE 2 LTR 66 GMS	105	2364.000000	0.000000	28547.000000	2026-08-27	2026-05-19	2026-03-06	0.000000	103	3
BH-WST	PM0000094	SHRINKS 5 LTR 340X415 5 LTR SINGAL PCS	105	10800.000000	0.000000	26767.000000	2026-08-26	2026-05-19	2026-01-16	0.000000	103	4
BH-WST	PM0000078	CAPS 5 LTR/15 LTR	105	7568.000000	0.000000	22347.000000	2026-08-26	2026-04-17	2026-01-16	0.000000	135	4
BH-WST	PM0000082	CARTON 5 LTR OLIVE 4 PCS	105	805.250000	0.000000	21425.000000	2026-08-26	2026-07-29	2026-01-24	33.000000	32	4
BH-WST	PM0000084	PET BOTTLE 5 LTR	105	810.000000	0.000000	21206.000000	2026-07-24	2026-04-17	2026-01-19	0.000000	135	37
BH-WST	PM0000006	CARTON 1 LTR 20 PCS PET 40 GM	105	583.550000	0.000000	19761.000000	2026-08-27	2026-04-17	2026-01-16	0.000000	135	3
BH-WST	PM0000228	HDPE BOTTLE 4 LTR	105	454.000000	0.000000	19706.000000	2026-08-24	2026-05-19	2026-02-20	0.000000	103	6
BH-WST	FG0000387	SUNFLOWER OIL 15 LTR TIN IMPORTED PCS	102	9.000000	0.000000	17793.000000	2026-04-09	NULL	2026-03-06	0.000000	NULL	143
BH-WST	PM0000671	POUCH SOYABEAN MULTI ROLLS KGS	105	64.444700	0.000000	17273.000000	2026-07-24	2026-05-19	2026-01-16	0.000000	103	37
BH-WST	FG0000299	SOYABEAN OIL 700 GMS POUCH 12 PCS	102	137.000000	0.000000	15485.000000	2026-06-23	2026-04-17	2026-01-07	0.000000	135	68
BH-WST	FG0000268	COLD PRESS SUNFLOWER 5 LTR 2 PCS ( 1 SET )	102	5.500000	0.000000	15422.000000	2026-06-23	NULL	2026-06-23	0.000000	NULL	68
BH-WST	PM0000186	HDPE BOTTLE 5 LTR OLIVE GREEN	105	634.000000	0.000000	14990.000000	2026-08-19	2026-04-17	2026-01-19	0.000000	135	11
BH-WST	PM0000079	CAPS 1 & 2 LTR FULL GREEN WITH LOGO	105	11253.000000	0.000000	14280.000000	2026-08-26	2026-05-19	2026-01-19	0.000000	103	4
BH-WST	FG0000359	SOYABEAN OIL 750 GMS 12 PCS POUCH	102	114.000000	0.000000	14137.000000	2026-06-18	2026-04-17	2026-01-22	0.000000	135	73
BH-WST	PM0000251	PET BOTTLE 2 LTR 80 GMS YELLOW HANDLE	105	686.000000	0.000000	13591.000000	2026-08-06	2026-07-24	2026-02-27	360.000000	37	24
BH-WST	FG0000012	MUSTARD PAKKI GHANI 5 LTR 4 PCS	102	17.000000	0.000000	12587.000000	2026-07-11	2026-04-17	2026-01-07	0.000000	135	50
BH-WST	PM0000584	PET BOTTLE 1 LTR 26 GM PLAIN	105	19214.000000	0.000000	11920.000000	2026-08-19	2026-04-17	2026-04-13	0.000000	135	11
BH-WST	FG0000295	MUSTARD KACHI GHANI 4 LTR 5 PCS	102	22.000000	0.000000	11306.000000	2026-07-11	2026-04-17	2026-01-07	0.000000	135	50
BH-WST	PM0000358	HDPE BOTTLE 5 LTR GOLD	105	284.000000	0.000000	11300.000000	2026-08-26	2026-04-17	2026-02-01	0.000000	135	4
BH-WST	PM0000309	POUCH 1 LTR MUSTARD ROLLS KGS	105	35.985000	0.000000	10218.000000	2026-08-18	2026-04-17	2026-01-16	0.000000	135	12
BH-WST	FG0000250	SOYABEAN OIL 15 KGS	102	5.000000	0.000000	10179.000000	2026-07-11	2026-04-17	2025-12-17	0.000000	135	50
BH-WST	PM0000195	PET BOTTLE 1 LTR 52 GMS GREEN	105	922.000000	0.000000	9170.000000	2026-08-26	2026-06-22	2026-02-10	114.000000	69	4
BH-WST	PM0000825	CARTON 1 LTR 20 PCS NEW	105	462.050000	0.000000	9152.000000	2026-08-27	2026-06-02	2026-01-19	3.000000	89	3
BH-WST	FG0000296	SUNFLOWER 4 LTR 5 PCS	102	17.000000	0.000000	8556.000000	2026-07-11	2026-04-17	2026-01-07	0.000000	135	50
BH-WST	PM0000113	HDPE BOTTLE 3 LTR	105	285.000000	0.000000	7769.000000	2026-08-19	2026-04-17	2026-02-01	0.000000	135	11
BH-WST	PM0000630	CARTON 1 LTR 12 PCS SANO	105	355.000000	0.000000	7455.000000	2026-06-19	2026-02-04	2026-01-24	0.000000	207	72
BH-WST	FG0000145	COLD PRESS 5 LTR + POMACE OLIVE 1 LTR 4 PCS	102	10.000000	0.000000	7266.000000	2026-06-18	2026-04-17	2026-04-09	0.000000	135	73
BH-WST	PM0000507	CARTON 5 LTR 4 PCS PLAIN	105	230.182900	0.000000	7136.000000	2026-08-25	2026-04-17	2026-01-24	0.000000	135	5
BH-WST	RM0000011	GROUNDNUT LOOSE OIL	106	55.000000	0.000000	6927.000000	2026-04-21	2026-04-21	2026-04-17	0.000000	131	131
BH-WST	RM0000021	LOOSE OIL GOLD	106	45.000000	0.000000	6444.000000	2026-04-17	NULL	2026-04-17	0.000000	NULL	135
BH-WST	RM0000053	LOOSE OIL SESAME SEED OIL (TOASTED)	106	36.000000	0.000000	6188.000000	2026-04-17	NULL	2026-04-17	0.000000	NULL	135
BH-WST	PM0000245	CARTON 5 LTR 4 PCS PET	105	199.750000	0.000000	5795.000000	2026-08-26	2026-08-24	2026-01-19	81.000000	6	4
BH-WST	FG0000383	REFINED OIL 13 KG	102	3.000000	0.000000	5786.000000	2026-05-13	NULL	2026-05-13	0.000000	NULL	109
BH-WST	PM0000009	CARTON 2 LTR 10 PCS	105	158.000000	0.000000	5767.000000	2026-08-21	2026-08-14	2026-01-24	84.000000	16	9
BH-WST	FG0000133	COLD PRESSED SUNFLOWER OIL 2 LTR 10 PCS HANDLE	102	19.000000	0.000000	5754.000000	2026-07-11	2026-04-17	2026-01-07	0.000000	135	50
BH-WST	PM0000229	CARTON 4 LTR 5 PCS	105	192.800000	0.000000	5687.000000	2026-07-24	2026-05-19	2026-04-17	0.000000	103	37
BH-WST	PM0000656	GLASS BOTTLE 250 ML	105	459.000000	0.000000	5451.000000	2026-08-20	2026-05-19	2026-01-20	0.000000	103	10
BH-WST	FG0000422	JIVO MUSTARD KACCHI GHANI 869 GMS 20 PCS	102	38.000000	0.000000	5295.000000	2026-06-18	NULL	2026-06-18	0.000000	NULL	73
BH-WST	PM0000235	CAPS 1 LTR WHITE AND YELLOW SMALL PLAIN	105	8257.000000	0.000000	5288.000000	2026-08-26	2026-08-17	2026-01-16	47376.000000	13	4
BH-WST	PM0000085	CAPS 1 OR 2 LTR WHITE AND YELLOW WITH LOGO	105	4185.000000	0.000000	5146.000000	2026-08-26	2026-08-22	2026-01-16	10221.000000	8	4
BH-WST	PM0000125	PET BOTTLE 500 MLS 34 GMS	105	702.000000	0.000000	4923.000000	2026-08-09	2026-04-17	2026-02-01	0.000000	135	21
BH-WST	FG0000405	COLD PRESS 4 LTR (NIRMAL RISHI ) + POMACE OLIVE 1 LTR 5 PCS	102	8.000000	0.000000	4583.000000	2026-06-23	NULL	2026-06-18	0.000000	NULL	68
BH-WST	PM0000426	LABEL 1 LTR GROUNDNUT BACK	105	12278.000000	0.000000	4449.000000	2026-08-26	2026-08-17	2026-02-21	202.000000	13	4
BH-WST	PM0000019	LABEL 1 LTR KACHCHI GHANI BACK	105	19928.000000	0.000000	4428.000000	2026-08-26	2026-08-19	2026-01-19	20000.000000	11	4
BH-WST	FG0000054	COLD PRESS 4 LTR + EXTRA LIGHT OLIVE 1 LTR 5 PCS	102	7.000000	0.000000	4347.000000	2026-06-23	2026-04-17	2026-01-07	0.000000	135	68
BH-WST	FG0000004	COLD PRESS 5 LTR 4 PCS	102	6.000000	0.000000	4326.000000	2026-06-18	2026-04-17	2026-01-07	0.000000	135	73
BH-WST	PM0000058	PET BOTTLE 200 MLS OLIVE OIL	105	1343.000000	0.000000	4246.000000	2026-08-26	2026-08-17	2026-01-20	676.000000	13	4
BH-WST	PM0000020	LABEL 1 LTR KACHCHI GHANI FRONT	105	18632.000000	0.000000	4142.000000	2026-08-26	2026-08-19	2026-01-19	20000.000000	11	4
BH-WST	PM0000425	LABEL 1 LTR GROUNDNUT FRONT	105	11160.000000	0.000000	4025.000000	2026-08-26	2026-04-17	2026-02-21	0.000000	135	4
BH-WST	FG0000151	SANO POMACE OLIVE 5 LTR TIN 4 PCS	102	5.000000	0.000000	4019.000000	2026-06-23	2026-04-17	2026-01-07	0.000000	135	68
BH-WST	FG0000418	SOYABEAN OIL 1 LTR 20 PCS ROUND BOTTLE	102	26.000000	0.000000	3980.000000	2026-06-23	NULL	2026-06-18	0.000000	NULL	68
BH-WST	PM0000050	LABEL 5 LTR PAKKI GHANI FRONT	105	243.000000	0.000000	3900.000000	2026-08-20	2026-04-17	2026-02-01	0.000000	135	10
BH-WST	PM0000424	CAP 5 LTR TIN IMPORTANT	105	583.000000	0.000000	3848.000000	2026-07-24	2026-04-17	2026-04-14	0.000000	135	37
BH-WST	FG0000023	COLD PRESS 5 LTR + EXTRA LIGHT OLIVE 1 LTR 3 PCS SHRINKED	102	4.000000	0.000000	3794.000000	2026-06-23	2026-04-17	2026-01-07	0.000000	135	68
BH-WST	PM0000506	CAPS 1 & 2 LTR FULL GREEN PLAIN	105	3603.000000	0.000000	3621.000000	2026-07-24	2026-05-19	2026-02-10	0.000000	103	37
BH-WST	PM0000254	CARTON 2 LTR 10 PCS HANDLE BOTTLE	105	96.500000	0.000000	3483.000000	2026-08-27	2026-04-17	2026-01-24	0.000000	135	3
BH-WST	FG0000389	JIVO GOLD 1 LTR 20 PCS ROUND BOTTLE	102	23.000000	0.000000	3473.000000	2026-06-18	NULL	2026-05-13	0.000000	NULL	73
BH-WST	PM0000270	LABEL 15 LTR COLD PRESS SUNFLOWER OIL	105	71.000000	0.000000	3466.000000	2026-07-27	NULL	2026-07-24	0.000000	NULL	34
BH-WST	FG0000241	SANO SOYABEAN OIL 869 GMS 20 PCS	102	16.000000	0.000000	3405.000000	2026-07-11	NULL	2026-07-11	0.000000	NULL	50
BH-WST	PM0000108	LABEL 1 LTR POMACE FRONT	105	9255.000000	0.000000	3395.000000	2026-08-24	2026-06-22	2026-01-16	3000.000000	69	6
BH-WST	FG0000136	SANO MUSTARD OIL 1 LTR 20 PCS	102	21.000000	0.000000	3200.000000	2026-06-23	2026-04-17	2026-01-22	0.000000	135	68
BH-WST	FG0000021	REFINED OIL 1 LTR POUCH 12 PCS	102	26.000000	0.000000	3195.000000	2026-06-23	2026-04-17	2026-01-07	0.000000	135	68
BH-WST	PM0000468	CAPS 5 LTR GREEN	105	5243.000000	0.000000	3042.000000	2026-08-24	2026-07-31	2026-01-19	1110.000000	30	6
BH-WST	FG0000029	MUSTARD PAKKI GHANI 2 LTR 10 PCS	102	10.000000	0.000000	2933.000000	2026-07-11	2026-04-17	2026-01-07	0.000000	135	50
BH-WST	PM0000018	LABEL 1 LTR EXTRA LIGHT FRONT	105	8020.000000	0.000000	2931.000000	2026-08-24	2026-04-17	2026-02-13	0.000000	135	6
BH-WST	FG0000138	SANO SUNFLOWER OIL 1 LTR 20 PCS	102	20.000000	0.000000	2916.000000	2026-07-11	NULL	2026-07-11	0.000000	NULL	50
BH-WST	RM0000007	RICE BRAN REFINED OIL	106	21.000000	0.000000	2833.000000	2026-04-17	NULL	2026-04-17	0.000000	NULL	135
BH-WST	PM0000055	PET BOTTLE 1 LTR 52 GMS	105	319.000000	0.000000	2823.000000	2026-07-24	2026-04-17	2026-02-01	0.000000	135	37
BH-WST	FG0000242	SANO SUNFLOWER OIL 869 GMS 20 PCS	102	20.000000	0.000000	2756.000000	2026-05-13	2026-04-17	2026-01-22	0.000000	135	109
BH-WST	FG0000194	SOYABEAN OIL 1 LTR POUCH 12 PCS	102	20.000000	0.000000	2653.000000	2026-06-18	2026-04-17	2026-01-07	0.000000	135	73
BH-WST	PM0000231	LABEL 1 LTR SUNFLOWER BACK	105	8743.000000	0.000000	2550.000000	2026-08-24	2026-05-19	2026-01-16	0.000000	103	6
BH-WST	PM0000060	CAPS 1 & 2 LTR WHITE AND BLUE WITH LOGO	105	2372.000000	0.000000	2507.000000	2026-08-19	2026-08-11	2026-02-12	2639.000000	19	11
BH-WST	PM0000017	LABEL 1 LTR EXTRA LIGHT BACK	105	6788.000000	0.000000	2494.000000	2026-08-24	2026-04-17	2026-02-13	0.000000	135	6
BH-WST	PM0000015	LABEL 1 LTR COLD PRESS FRONT	105	9005.000000	0.000000	2481.000000	2026-08-19	2026-05-19	2026-01-19	0.000000	103	11
BH-WST	PM0000158	LABEL 1 LTR EXTRA VIRGIN FRONT	105	2045.000000	0.000000	2427.000000	2026-08-26	2026-04-17	2026-03-30	0.000000	135	4
BH-WST	PM0000230	LABEL 1 LTR SUNFLOWER FRONT	105	8163.000000	0.000000	2387.000000	2026-08-24	2026-05-19	2026-01-16	0.000000	103	6
BH-WST	PM0000401	TIN 5 LTR OLIVE CLASSIC SANO	105	38.000000	0.000000	2356.000000	2026-07-24	2026-02-04	2026-02-01	0.000000	207	37
BH-WST	PM0000182	CARTON 3 LTR 6 PCS	105	82.836700	0.000000	2339.000000	2026-08-24	2026-08-14	2026-02-01	6.000000	16	6
BH-WST	PM0000107	LABEL 1 LTR POMACE BACK	105	6102.000000	0.000000	2251.000000	2026-08-24	2026-07-29	2026-01-16	6220.000000	32	6
BH-WST	FG0000011	MUSTARD KACCHI GHANI 5 LTR 4 PCS	102	3.000000	0.000000	2244.000000	2026-06-18	2026-04-17	2026-01-07	0.000000	135	73
BH-WST	PM0000014	LABEL 1 LTR COLD PRESS BACK 8181	105	8319.000000	0.000000	2211.000000	2026-08-19	2026-05-19	2026-01-19	0.000000	103	11
BH-WST	PM0000159	LABEL 1 LTR EXTRA VIRGIN BACK	105	1775.000000	0.000000	2081.000000	2026-08-26	2026-06-22	2026-02-12	300.000000	69	4
BH-WST	PM0000285	CARTON 500 MLS DESI GHEE 16 PCS	105	64.810000	0.000000	2074.000000	2026-07-24	2026-04-17	2026-02-01	0.000000	135	37
BH-WST	PM0000535	LABEL 5 LTR COLD PRESS BACK 994	105	3133.800000	0.000000	1996.000000	2026-08-25	2026-04-17	2026-02-27	0.000000	135	5
BH-WST	PM0000629	CARTON TIN TOP	105	654.000000	0.000000	1965.000000	2026-08-19	2026-04-17	2026-01-16	0.000000	135	11
BH-WST	PM0000357	HDPE BOTTLE 5 LTR DARK GREEN	105	57.000000	0.000000	1909.000000	2026-07-24	2026-04-17	2026-01-20	0.000000	135	37
BH-WST	FG0000316	SOYABEAN OIL 13 KGS (B)	102	1.000000	0.000000	1906.000000	2026-05-13	NULL	2026-05-13	0.000000	NULL	109
BH-WST	PM0000233	LABEL 5 LTR SUNFLOWER FRONT	105	1859.000000	0.000000	1876.000000	2026-08-21	2026-04-17	2026-02-01	0.000000	135	9
BH-WST	PM0000333	CAPS 250 MLS GLASS BOTTLE	105	454.000000	0.000000	1873.000000	2026-07-24	2026-05-19	2026-04-17	0.000000	103	37
BH-WST	FG0000408	COLD PRESS 1 LTR (NIRMAL RISHI ) 24 PCS	102	13.000000	0.000000	1811.000000	2026-06-18	NULL	2026-06-18	0.000000	NULL	73
BH-WST	FG0000106	MUSTARD KACHHI GHANI 1 LTR POUCH 12 PCS	102	13.000000	0.000000	1777.000000	2026-06-23	2026-04-17	2026-01-07	0.000000	135	68
BH-WST	FG0000047	COLD PRESS 3 LTR + EXTRA LIGHT OLIVE 1 LTR 6 PCS	102	4.000000	0.000000	1730.000000	2026-06-23	2026-04-17	2026-02-26	0.000000	135	68
BH-WST	PM0000187	SHRINKS 3 LTR/4 LTR	105	818.000000	0.000000	1652.000000	2026-08-19	2026-05-19	2026-02-01	0.000000	103	11
BH-WST	PM0000722	CARTON 1 LTR 20 PCS PET 75 GM	105	49.150000	0.000000	1597.000000	2026-08-19	2026-06-02	2026-02-01	25.000000	89	11
BH-WST	PM0000090	LABEL 2 LTR EXTRA LIGHT HANDLE BOTTLE BACK	105	1154.000000	0.000000	1525.000000	2026-07-24	2026-04-17	2026-02-27	0.000000	135	37
BH-WST	PM0000091	LABEL 2 LTR EXTRA LIGHT HANDLE BOTTLE FRONT	105	1132.000000	0.000000	1505.000000	2026-07-24	2026-04-17	2026-02-27	0.000000	135	37
BH-WST	PM0000657	CARTON 1 LTR 16 PCS SANO	105	87.880000	0.000000	1472.000000	2026-08-24	2026-08-17	2026-01-24	63.060000	13	6
BH-WST	PM0000632	CARTON 5 LTR TIN OLIVE 4 PCS SANO	105	223.750000	0.000000	1453.000000	2026-08-24	2026-04-17	2026-01-20	0.000000	135	6
BH-WST	PM0000059	CAPS 1 & 2 LTR WHITE AND ORANGE WITH LOGO	105	1378.000000	0.000000	1393.000000	2026-08-21	2026-04-17	2026-03-20	0.000000	135	9
BH-WST	FG0000038	MUSTARD KACCHI GHANI 2 LTR 10 PCS	102	5.000000	0.000000	1378.000000	2026-07-11	NULL	2026-06-18	0.000000	NULL	50
BH-WST	FG0000013	REFINED OIL 1000 MLS	102	0.500000	0.000000	1290.000000	2026-06-18	2026-04-17	2026-03-06	0.000000	135	73
BH-WST	FG0000033	COLD PRESS 1 LTR + 1 LTR COMBO 10 SET	102	4.000000	0.000000	1238.000000	2026-06-18	2026-04-17	2026-01-07	0.000000	135	73
BH-WST	PM0000835	TIN 5 LTR FP YELLOW MUSTARD OIL PRINTED	105	14.000000	0.000000	1210.000000	2026-08-26	2026-04-17	2026-02-11	0.000000	135	4
BH-WST	PM0000727	CAPS 1 & 2 LTR WHITE AND RED-ORANGE WITH LOGO YMO	105	1220.000000	0.000000	1209.000000	2026-08-26	2026-02-04	2026-02-01	0.000000	207	4
BH-WST	FG0000379	MUSTARD KACHI GHANI 1 LTR 20 PCS ROUND BOTTLE	102	9.000000	0.000000	1207.000000	2026-06-18	2026-04-17	2026-04-06	0.000000	135	73
BH-WST	PM0000150	GLASS BOTTLE 500 MLS	105	72.000000	0.000000	1204.000000	2026-04-17	2026-02-04	2026-02-01	0.000000	207	135
BH-WST	PM0000130	POUCH REFINED MULTI ROLLS KGS	105	3.901700	0.000000	1196.000000	2026-08-26	2026-04-17	2026-04-17	0.000000	135	4
BH-WST	PM0000669	LABEL 4 LTR KACHCHI GHANI BACK	105	581.000000	0.000000	1162.000000	2026-07-24	2026-04-17	2026-04-17	0.000000	135	37
BH-WST	PM0000824	LABEL 1 LTR KACHI GHANI FULL	105	5817.000000	0.000000	1157.000000	2026-08-19	2026-07-29	2026-01-19	1200.000000	32	11
BH-WST	RM0000056	JAITOON OIL (LOOSE)	106	5.000000	0.000000	1140.000000	2026-04-17	NULL	2026-04-17	0.000000	NULL	135
BH-WST	PM0000634	CARTON 1 LTR 20 PCS SANO	105	852.800000	0.000000	1101.000000	2026-08-27	2026-06-22	2026-01-24	20.000000	69	3
BH-WST	FG0000030	MUSTARD KACHI GHANI 1 LTR 20 PCS	102	8.000000	0.000000	1083.000000	2026-06-23	2026-04-17	2026-01-07	0.000000	135	68
BH-WST	PM0000471	CAPS 5 LTR BLUE	105	706.000000	0.000000	1066.000000	2026-08-19	2026-04-17	2026-02-01	0.000000	135	11
BH-WST	PM0000308	LABEL 1 LTR PRESSED YELLOW MUSTARD OIL FRONT	105	1645.000000	0.000000	1057.000000	2026-08-26	2026-04-17	2026-03-03	0.000000	135	4
BH-WST	PM0000232	LABEL 5 LTR SUNFLOWER BACK	105	998.000000	0.000000	1011.000000	2026-08-21	2026-06-02	2026-02-01	745.000000	89	9
BH-WST	PM0000307	LABEL 1 LTR PRESSED YELLOW MUSTARD OIL BACK	105	1542.000000	0.000000	987.000000	2026-08-26	2026-04-17	2026-02-20	0.000000	135	4
BH-WST	PM0000409	CARTON 1 LTR POMACE 16 PCS PLAIN	105	37.825900	0.000000	966.000000	2026-07-24	2026-04-17	2026-01-24	0.000000	135	37
BH-WST	PM0000494	LABEL 5 LTR COLD PRESS CANOLA FRONT B.B	105	319.000000	0.000000	925.000000	2026-07-24	2026-04-17	2026-02-27	0.000000	135	37
BH-WST	PM0000726	CAPS 1 & 2 LTR WHITE AND MINT-GREEN WITH LOGO SO	105	846.000000	0.000000	888.000000	2026-08-19	2026-02-04	2026-02-01	0.000000	207	11
BH-WST	PM0000074	TAPE CELLO	105	2214.422600	0.000000	877.000000	2026-08-24	2026-05-19	2026-01-19	0.000000	103	6
BH-WST	PM0000498	PET BOTTLE 500 MLS 34 GMS GREEN	105	119.000000	0.000000	845.000000	2026-07-24	2026-04-17	2026-01-20	0.000000	135	37
BH-WST	PM0000408	CAPS 1 & 2 LTR WHITE AND GREEN PLAIN	105	2264.000000	0.000000	787.000000	2026-08-24	2026-04-17	2026-02-11	0.000000	135	6
BH-WST	PM0000128	CARTON 500 MLS 24 PCS	105	30.460000	0.000000	777.000000	2026-08-09	2026-04-17	2026-01-24	0.000000	135	21
BH-WST	PM0000386	LABEL 1 LTR POMACE FRONT SANO	105	3208.000000	0.000000	765.000000	2026-08-19	2026-04-17	2026-02-19	0.000000	135	11
BH-WST	PM0000523	LABEL 1 LTR RICE BRAN OIL BACK	105	1788.000000	0.000000	731.000000	2026-08-24	2026-04-18	2026-03-18	0.000000	134	6
BH-WST	PM0000522	LABEL 1 LTR RICE BRAN OIL FRONT	105	1757.000000	0.000000	722.000000	2026-08-24	2026-04-18	2026-03-18	0.000000	134	6
BH-WST	FG0000081	COLD PRESS SUNFLOWER 1 LTR 20 PCS	102	5.000000	0.000000	713.000000	2026-06-23	2026-04-17	2026-01-22	0.000000	135	68
BH-WST	PM0000886	LABEL 869 GM CP MUSTARD OIL BACK	105	2330.000000	0.000000	699.000000	2026-08-19	NULL	2026-05-23	0.000000	NULL	11
BH-WST	FG0000128	JIVO GOLD 5 LTR 4 PCS	102	1.000000	0.000000	692.000000	2026-05-13	2026-04-17	2026-01-22	0.000000	135	109
BH-WST	PM0000407	CAPS 1 & 2 LTR WHITE AND YELLOW PLAIN	105	1312.000000	0.000000	683.000000	2026-08-09	2026-04-17	2026-02-25	0.000000	135	21
BH-WST	PM0000428	LABEL 5 LTR GROUNDNUT BACK	105	1381.000000	0.000000	680.000000	2026-08-26	2026-04-17	2026-02-01	0.000000	135	4
BH-WST	PM0000385	LABEL 1 LTR POMACE BACK SANO	105	2958.000000	0.000000	677.000000	2026-08-19	2026-04-17	2026-02-19	0.000000	135	11
BH-WST	FG0000020	REFINED OIL 5 LTR	102	0.250000	0.000000	676.000000	2026-06-18	2026-04-17	2026-03-06	0.000000	135	73
BH-WST	PM0000427	LABEL 5 LTR GROUNDNUT FRONT	105	1357.000000	0.000000	657.000000	2026-08-26	2026-04-17	2026-02-01	0.000000	135	4
BH-WST	PM0000046	LABEL 5 LTR COLD PRESS FRONT	105	634.000000	0.000000	653.000000	2026-08-25	2026-08-01	2026-02-27	3027.000000	29	5
BH-WST	FG0000320	YELLOW MUSTARD OIL 1 LTR 16 PCS	102	4.000000	0.000000	646.000000	2026-07-11	2026-04-17	2026-03-06	0.000000	135	50
BH-WST	FG0000226	RICE BRAN OIL 5 LTR 4 PCS	102	1.000000	0.000000	627.000000	2026-05-13	NULL	2026-05-13	0.000000	NULL	109
BH-WST	PM0000495	LABEL 5 LTR COLD PRESS CANOLA BACK B.B	105	319.000000	0.000000	622.000000	2026-07-24	2026-04-17	2026-01-20	0.000000	135	37
BH-WST	PM0000289	LABEL 5 LTR SOYABEAN FRONT	105	951.000000	0.000000	610.000000	2026-08-19	2026-04-17	2026-01-19	0.000000	135	11
BH-WST	PM0000819	CARTON 1 LTR 20 PCS PLAIN	105	17.200000	0.000000	609.000000	2026-07-24	2026-04-17	2026-03-03	0.000000	135	37
BH-WST	PM0000834	TIN 3 LTR EXTRA VIRGIN OLIVE OIL PRINTED	105	12.000000	0.000000	600.000000	2026-07-30	2026-02-04	2026-02-01	0.000000	207	31
BH-WST	FG0000222	JIVO DESI GHEE 500 MLS 16 PCS	102	3.000000	0.000000	595.000000	2026-05-13	NULL	2026-05-13	0.000000	NULL	109
BH-WST	PM0000863	LABEL 5 LTR CANOLA FRONT (NIRMAL RISHI)	105	628.000000	0.000000	595.000000	2026-07-24	2026-04-17	2026-03-30	0.000000	135	37
BH-WST	PM0000866	LABEL 200 ML CP GROUNDNUT OIL FRONT	105	3337.000000	0.000000	582.000000	2026-08-25	NULL	2026-07-10	0.000000	NULL	5
BH-WST	PM0000865	LABEL 200 ML CP GROUNDNUT OIL BACK	105	3332.000000	0.000000	581.000000	2026-08-25	NULL	2026-07-10	0.000000	NULL	5
BH-WST	PM0000490	LABEL 1 LTR COLD PRESS FRONT B.B	105	319.000000	0.000000	574.000000	2026-07-24	2026-04-17	2026-03-03	0.000000	135	37
BH-WST	FG0000407	COLD PRESS 1 LTR (NIRMAL RISHI )20 PCS	102	4.000000	0.000000	569.000000	2026-06-18	2026-04-17	2026-04-09	0.000000	135	73
BH-WST	PM0000670	LABEL 4 LTR KACHCHI GHANI FRONT	105	581.000000	0.000000	564.000000	2026-07-24	2026-04-17	2026-04-17	0.000000	135	37
BH-WST	FG0000114	POMACE OLIVE 2 LTR 10 PCS HANDLE	102	1.000000	0.000000	558.000000	2026-05-13	NULL	2026-05-13	0.000000	NULL	109
BH-WST	PM0000885	LABEL 869 GM CP MUSTARD OIL FRONT	105	1820.000000	0.000000	546.000000	2026-08-19	NULL	2026-05-23	0.000000	NULL	11
BH-WST	PM0000504	LABEL 1 LTR POMACE BACK ZANO	105	280.000000	0.000000	532.000000	2026-07-08	2026-04-17	2026-02-11	0.000000	135	53
BH-WST	PM0000503	LABEL 1 LTR POMACE FRONT ZANO	105	280.000000	0.000000	532.000000	2026-07-08	2026-04-17	2026-02-11	0.000000	135	53
BH-WST	PM0000288	LABEL 5 LTR SOYABEAN BACK	105	900.000000	0.000000	508.000000	2026-08-19	2026-08-17	2026-01-19	116.000000	13	11
BH-WST	FG0000028	POMACE OLIVE 1 LTR 16 PCS	102	3.000000	0.000000	495.000000	2026-06-18	2026-04-17	2026-01-22	0.000000	135	73
BH-WST	PM0000864	LABEL 1 LTR CANOLA FRONT (NIRMAL RISHI)	105	2151.000000	0.000000	493.000000	2026-07-24	2026-04-17	2026-03-25	0.000000	135	37
BH-WST	PM0000049	LABEL 5 LTR PAKKI GHANI BACK	105	243.000000	0.000000	447.000000	2026-08-20	2026-04-17	2026-02-01	0.000000	135	10
BH-WST	PM0000752	HDPE BOTTLE 5 LTRS BROWN VEDAKA	105	12.000000	0.000000	415.000000	2026-07-24	2026-01-31	2026-01-20	0.000000	211	37
BH-WST	PM0000658	CARTON 250 MLS GLASS BOTTLE 4 PCS	105	63.500000	0.000000	413.000000	2026-07-24	2026-04-17	2026-02-01	0.000000	135	37
BH-WST	PM0000051	LABEL 5 LTR REFINED BACK	105	199.000000	0.000000	398.000000	2026-08-03	2026-04-17	2026-02-01	0.000000	135	27
BH-WST	PM0000047	LABEL 5 LTR KACHCHI GHANI BACK	105	391.000000	0.000000	398.000000	2026-08-24	2026-08-01	2026-01-16	3724.000000	29	6
BH-WST	PM0000012	CARTON 5 LTR 3 PCS	105	12.669900	0.000000	393.000000	2026-08-19	2026-07-29	2026-01-24	26.000000	32	11
BH-WST	PM0000031	LABEL 15 LTR REFINED CANOLA	105	186.000000	0.000000	384.000000	2026-08-24	2026-04-17	2026-02-01	0.000000	135	6
BH-WST	PM0000048	LABEL 5 LTR KACHCHI GHANI FRONT	105	376.000000	0.000000	381.000000	2026-08-24	2026-08-01	2026-01-16	3648.000000	29	6
BH-WST	PM0000117	LABEL 3 LTR COLD PRESS BACK	105	381.000000	0.000000	370.000000	2026-08-19	2026-04-17	2026-02-21	0.000000	135	11
BH-WST	PM0000868	LABEL 15 LTR SANO POMACE	105	105.000000	0.000000	368.000000	2026-08-20	2026-04-17	2026-04-01	0.000000	135	10
BH-WST	FG0000161	EXTRA VIRGIN OLIVE 500 MLS 24 PCS	102	5.000000	0.000000	360.000000	2026-05-13	NULL	2026-05-13	0.000000	NULL	109
BH-WST	PM0000345	LABEL 1 LTR EXTRA VIRGIN COCONUT BACK	105	587.000000	0.000000	355.000000	2026-08-19	2026-04-17	2026-02-10	0.000000	135	11
BH-WST	PM0000118	LABEL 3 LTR COLD PRESS FRONT	105	355.000000	0.000000	344.000000	2026-08-19	2026-06-22	2026-02-21	31.000000	69	11
BH-WST	PM0000344	LABEL 1 LTR EXTRA VIRGIN COCONUT FRONT	105	587.000000	0.000000	341.000000	2026-08-19	2026-04-17	2026-02-10	0.000000	135	11
BH-WST	PM0000071	SHRINKS 1 LTR 235X310	105	291.000000	0.000000	336.000000	2026-08-17	2026-04-17	2026-01-19	0.000000	135	13
BH-WST	PM0000052	LABEL 5 LTR REFINED FRONT	105	169.000000	0.000000	334.000000	2026-08-03	2026-04-17	2026-02-12	0.000000	135	27
BH-WST	PM0000041	LABEL 2 LTR REFINED BACK	105	273.000000	0.000000	333.000000	2026-08-03	2026-05-19	2026-02-01	0.000000	103	27
BH-WST	PM0000536	TIN 13 KG	105	4.000000	0.000000	330.000000	2026-07-24	NULL	2026-07-24	0.000000	NULL	37
BH-WST	FG0000150	SANO POMACE OLIVE 1 LTR 16 PCS	102	2.000000	0.000000	329.000000	2026-06-18	2026-04-17	2026-01-07	0.000000	135	73
BH-WST	PM0000026	LABEL 1 LTR REFINED FRONT	105	361.000000	0.000000	325.000000	2026-08-03	2026-05-19	2026-03-06	0.000000	103	27
BH-WST	PM0000496	LABEL 1 LTR TIKKI B.B	105	319.000000	0.000000	319.000000	2026-07-24	NULL	2026-07-24	0.000000	NULL	37
BH-WST	PM0000491	LABEL 1 LTR COLD PRESS BACK B.B	105	319.000000	0.000000	319.000000	2026-07-24	2026-04-17	2026-01-20	0.000000	135	37
BH-WST	PM0000103	GLASS BOTTLE 100 MLS	105	46.000000	0.000000	312.000000	2026-04-17	2026-02-04	2026-01-20	0.000000	207	135
BH-WST	PM0000266	LABEL 2 LTR CP CANOLA HANDLE BOTTLE FRONT	105	218.000000	0.000000	293.000000	2026-08-19	2026-08-06	2026-01-20	56.000000	24	11
BH-WST	FG0000032	COLD PRESS 1 LTR 20 PCS	102	2.000000	0.000000	282.000000	2026-06-18	2026-04-17	2026-02-05	0.000000	135	73
BH-WST	PM0000036	LABEL 2 LTR KACHCHI GHANI FRONT	105	2361.000000	0.000000	282.000000	2026-08-19	NULL	2026-05-23	0.000000	NULL	11
BH-WST	FG0000064	EXTRA LIGHT OIVE 2 LTR 10 PCS HANDLE	102	1.000000	0.000000	274.000000	2026-05-13	2026-04-17	2026-01-07	0.000000	135	109
BH-WST	PM0000360	LABEL 5 LTR GOLD BACK NEW	105	285.000000	0.000000	271.000000	2026-08-26	2026-06-02	2026-02-20	215.000000	89	4
BH-WST	PM0000901	LABEL 200 ML CP KACHI GHANI BACK	105	1205.000000	0.000000	265.000000	2026-08-26	NULL	2026-07-27	0.000000	NULL	4
BH-WST	PM0000359	LABEL 5 LTR GOLD FRONT NEW	105	275.000000	0.000000	261.000000	2026-08-26	2026-06-02	2026-03-06	155.000000	89	4
BH-WST	PM0000008	CARTON 15 LTR 1 PCS	105	12.000000	0.000000	252.000000	2026-08-27	2026-08-17	2026-02-01	110.000000	13	3
BH-WST	PM0000370	LABEL 1 LTR MUSTARD FRONT SANO	105	1013.000000	0.000000	250.000000	2026-08-12	2026-04-17	2026-02-01	0.000000	135	18
BH-WST	PM0000369	LABEL 1 LTR MUSTARD BACK SANO	105	993.000000	0.000000	244.000000	2026-08-12	2026-04-17	2026-01-20	0.000000	135	18
BH-WST	PM0000072	SHRINKS 5 LTR 400X415 5+1 PCS	105	114.140000	0.000000	228.000000	2026-08-19	2026-04-17	2026-04-07	0.000000	135	11
BH-WST	PM0000859	LABEL 13 KG REFINED CANOLA	105	69.000000	0.000000	228.000000	2026-07-24	2026-04-17	2026-02-20	0.000000	135	37
BH-WST	PM0000900	LABEL 200 ML CP KACHI GHANI FRONT	105	970.000000	0.000000	213.000000	2026-08-26	NULL	2026-07-27	0.000000	NULL	4
BH-WST	PM0000843	LABEL 2 LTR CP MUSTARD OIL HANDLE BOTTLE BACK LA RASOI	105	112.000000	0.000000	213.000000	2026-06-25	2026-04-17	2026-02-01	0.000000	135	66
BH-WST	PM0000846	LABEL 2 LTR CP MUSTARD OIL HENDLE BOTTLE FRONT LA RASOI	105	112.000000	0.000000	213.000000	2026-06-25	2026-04-17	2026-02-01	0.000000	135	66
BH-WST	PM0000861	LABEL 1 LTR GOLD FULL	105	272.000000	0.000000	197.000000	2026-07-29	2026-04-17	2026-02-21	0.000000	135	32
BH-WST	PM0000247	CARTON 1 LTR 24 PCS	105	5.000000	0.000000	185.000000	2026-07-24	2026-02-04	2026-01-20	0.000000	207	37
BH-WST	PM0000227	LABEL 4 LTR COLD PRESS FRONT	105	92.000000	0.000000	184.000000	2026-07-24	2026-04-17	2026-03-28	0.000000	135	37
BH-WST	PM0000567	CAPS 1 LTR WHITE AND ORANGE (SMALL) PLAIN	105	2525.000000	0.000000	184.000000	2026-07-24	2026-04-17	2026-02-01	0.000000	135	37
BH-WST	PM0000029	LABEL 15 LTR COLD PRESS KACHCHI GHANI	105	107.000000	0.000000	177.000000	2026-07-24	NULL	2026-07-24	0.000000	NULL	37
BH-WST	PM0000348	LABEL 250 MLS EXTRA VIRGIN GLASS BOTTLE BACK	105	294.000000	0.000000	176.000000	2026-07-24	2026-04-17	2026-04-17	0.000000	135	37
BH-WST	PM0000347	LABEL 250 MLS EXTRA VIRGIN GLASS BOTTLE FRONT	105	294.000000	0.000000	176.000000	2026-07-24	2026-04-17	2026-04-17	0.000000	135	37
BH-WST	PM0000594	PREFORM 40 GMS 36 MM	105	27.000000	0.000000	167.000000	2026-08-25	NULL	2026-08-25	0.000000	NULL	5
BH-WST	FG0000042	EXTRA VIRGIN OLIVE 1 LTR 16 PCS	102	1.000000	0.000000	167.000000	2026-06-18	NULL	2026-06-18	0.000000	NULL	73
BH-WST	PM0000038	LABEL 2 LTR PAKKI GHANI BACK	105	524.000000	0.000000	158.000000	2026-08-21	2026-04-17	2026-04-17	0.000000	135	9
BH-WST	PM0000893	LABEL 1 LTR PRESSED SUNFLOWER OIL BACK	105	120.000000	0.000000	156.000000	2026-07-11	NULL	2026-07-10	0.000000	NULL	50
BH-WST	PM0000039	LABEL 2 LTR PAKKI GHANI FRONT	105	519.000000	0.000000	154.000000	2026-08-21	2026-04-17	2026-04-17	0.000000	135	9
BH-WST	FG0000142	COLD PRESS GROUNDNUT OIL 1 LTR 16 PCS	102	1.000000	0.000000	154.000000	2026-05-13	NULL	2026-05-13	0.000000	NULL	109
BH-WST	PM0000836	TIN 3 LTR EXTRA  VIRGIN CANOLA OIL PRINTED	105	3.000000	0.000000	150.000000	2026-07-14	NULL	2026-07-14	0.000000	NULL	47
BH-WST	PM0000025	LABEL 1 LTR REFINED BACK	105	282.000000	0.000000	149.000000	2026-08-03	2026-05-19	2026-02-20	0.000000	103	27
BH-WST	FG0000306	YELLOW MUSTARD OIL 1 LTR 20 PCS	102	1.000000	0.000000	148.000000	2026-05-13	2026-04-17	2026-04-06	0.000000	135	109
BH-WST	PM0000719	LABEL 1 LTR PRESSED MUSTARD OIL BACK	105	113.000000	0.000000	147.000000	2026-07-08	NULL	2026-06-26	0.000000	NULL	53
BH-WST	PM0000718	LABEL 1 LTR PRESSED MUSTARD OIL FRONT	105	108.000000	0.000000	140.000000	2026-07-08	2026-02-04	2026-02-01	0.000000	207	53
BH-WST	PM0000022	LABEL 1 LTR PAKKI GHANI BACK	105	2685.000000	0.000000	137.000000	2026-08-24	2026-04-17	2026-02-01	0.000000	135	6
BH-WST	FG0000227	RICE BRAN OIL 1 LTR 16 PCS	102	1.000000	0.000000	136.000000	2026-05-13	2026-04-17	2026-02-26	0.000000	135	109
BH-WST	PM0000023	LABEL 1 LTR PAKKI GHANI FRONT	105	2599.000000	0.000000	118.000000	2026-08-24	2026-04-17	2026-03-03	0.000000	135	6
BH-WST	PM0000226	LABEL 4 LTR COLD PRESS BACK	105	119.000000	0.000000	115.000000	2026-07-24	2026-06-22	2026-03-28	540.000000	69	37
BH-WST	PM0000396	LABEL 1 LTR GOLD BACK	105	443.000000	0.000000	111.000000	2026-08-24	2026-04-17	2026-01-16	0.000000	135	6
BH-WST	PM0000588	CARTON PET BOTTLE 100 ML 10 PCS	105	17.000000	0.000000	111.000000	2026-07-24	2026-02-04	2026-02-01	0.000000	207	37
BH-WST	FG0000300	SOYABEAN OIL 770 GMS POUCH 12 PCS	102	1.000000	0.000000	110.000000	2026-05-13	2026-04-17	2026-01-07	0.000000	135	109
BH-WST	PM0000852	PREFORM 49.5 GMS 36 MM	105	14.000000	0.000000	107.000000	2026-08-25	NULL	2026-08-25	0.000000	NULL	5
BH-WST	PM0000155	SHRINKS NECK 500 MLS PRINTED EXTRA VIRGIN OLIVE	105	254.000000	0.000000	102.000000	2026-07-24	2026-04-17	2026-01-20	0.000000	135	37
BH-WST	PM0000126	LABEL 500 MLS COLD PRESS FRONT	105	174.000000	0.000000	101.000000	2026-07-17	NULL	2026-07-16	0.000000	NULL	44
BH-WST	PM0000785	LABEL 1 LTR SO OLIVE BLENDED OLIVE OIL FRONT	105	219.000000	0.000000	98.000000	2026-08-24	2026-04-17	2026-04-10	0.000000	135	6
BH-WST	PM0000890	LABEL 12 KG REFINED SOYABEAN OIL	105	27.000000	0.000000	95.000000	2026-07-23	NULL	2026-06-16	0.000000	NULL	38
BH-WST	PM0000784	LABEL 1 LTR SO OLIVE BLENDED OLIVE OIL BACK	105	204.000000	0.000000	91.000000	2026-08-24	2026-04-17	2026-04-10	0.000000	135	6
BH-WST	PM0000102	CAPS 100 MLS GLASS BOTTLE RO 25 MM	105	46.000000	0.000000	82.000000	2026-04-17	2026-02-04	2026-01-20	0.000000	207	135
BH-WST	PM0000892	LABEL 1 LTR PRESSED SUNFLOWER OIL FRONT	105	63.000000	0.000000	82.000000	2026-07-11	NULL	2026-07-10	0.000000	NULL	50
BH-WST	PM0000663	CAPS INNER GLASS BOTTLE 100 MLS	105	454.000000	0.000000	82.000000	2026-07-24	2026-05-19	2026-02-01	0.000000	103	37
BH-WST	PM0000524	LABEL 5 LTR RICE BRAN OIL FRONT	105	389.000000	0.000000	81.000000	2026-08-19	2026-07-29	2026-04-11	439.000000	32	11
BH-WST	PM0000691	LABEL 1 LTR PRESSED SESAME OIL BACK	105	545.000000	0.000000	79.000000	2026-08-19	2026-04-17	2026-03-06	0.000000	135	11
BH-WST	PM0000681	LABEL DESI GHEE 500 GMS (KIRPA)	105	35.000000	0.000000	72.000000	2026-07-24	2026-04-17	2026-02-26	0.000000	135	37
BH-WST	PM0000193	TIKKI 1 LTR EXTRA LIGHT FREE	105	420.000000	0.000000	71.000000	2026-08-19	2026-04-17	2026-04-17	0.000000	135	11
BH-WST	PM0000265	LABEL 2 LTR CP CANOLA HANDLE BOTTLE BACK	105	39.000000	0.000000	55.000000	2026-08-19	2026-08-06	2026-01-20	259.000000	24	11
BH-WST	PM0000831	TIN 3 LTR EXTRA LIGHT OLIVE PRINTED	105	3.000000	0.000000	50.000000	2026-07-24	2026-04-17	2026-02-25	0.000000	135	37
BH-WST	PM0000724	CAPS 1 & 2 LTR WHITE AND LIGHT-BROWN WITH LOGO GO	105	47.000000	0.000000	49.000000	2026-07-24	2026-02-04	2026-01-20	0.000000	207	37
BH-WST	PM0000417	LABEL 2 LTR EXTRA VIRGIN OLIVE OIL FRONT	105	25.000000	0.000000	48.000000	2026-07-24	2026-04-17	2026-01-20	0.000000	135	37
BH-WST	PM0000418	LABEL 2 LTR EXTRA VIRGIN OLIVE OIL BACK	105	25.000000	0.000000	48.000000	2026-07-24	2026-04-17	2026-01-20	0.000000	135	37
BH-WST	PM0000609	LABEL 15 KGS REFINED SOYBEAN OIL PCS	105	21.000000	0.000000	34.000000	2026-08-19	2026-04-17	2026-02-21	0.000000	135	11
BH-WST	PM0000035	LABEL 2 LTR KACHCHI GHANI BACK	105	938.000000	0.000000	28.000000	2026-08-19	2026-08-17	2026-02-01	1025.000000	13	11
BH-WST	PM0000056	PET BOTTLE 100 MLS BOTTLES	105	10.000000	0.000000	27.000000	2026-07-24	2026-04-17	2026-03-03	0.000000	135	37
BH-WST	PM0000881	LABEL 2 LTR GROUNDNUT HANDLE BOTTLE FRONT	105	10.000000	0.000000	26.000000	2026-07-08	NULL	2026-07-08	0.000000	NULL	53
BH-WST	PM0000880	LABEL 2 LTR GROUNDNUT HANDLE BOTTLE BACK	105	10.000000	0.000000	26.000000	2026-07-08	NULL	2026-07-08	0.000000	NULL	53
BH-WST	PM0000402	TIKKI 1 LTR POMACE OLIVE FREE	105	137.000000	0.000000	23.000000	2026-08-19	2026-04-17	2026-04-17	0.000000	135	11
BH-WST	PM0000224	TIKKI 1+1 COMBO PACK 650	105	159.000000	0.000000	16.000000	2026-07-24	2026-04-17	2026-01-19	0.000000	135	37
BH-WST	PM0000668	LABEL 4 LTR SUNFLOWER OIL BACK	105	4.000000	0.000000	13.000000	2026-07-24	2026-04-17	2026-02-01	0.000000	135	37
BH-WST	PM0000667	LABEL 4 LTR SUNFLOWER OIL FRONT	105	4.000000	0.000000	13.000000	2026-07-24	2026-04-17	2026-02-01	0.000000	135	37
BH-WST	PM0000045	LABEL 5 LTR COLD PRESS BACK 365	105	13.000000	0.000000	13.000000	2026-08-19	2026-08-01	2026-03-21	768.000000	29	11
BH-WST	PM0000492	LABEL 5 LTR RICE BRAN & OLIVE OIL FRONT B.B	105	4.000000	0.000000	12.000000	2026-07-24	2026-04-17	2026-02-01	0.000000	135	37
BH-WST	PM0000660	TIN STRIP	105	5.554000	0.000000	9.000000	2026-08-19	2026-04-17	2026-01-16	0.000000	135	11
BH-WST	PM0000275	CAPS GLASS JAR 82 MM A2 DESI GHEE 1 LTR & 500 MLS	105	84.000000	0.000000	9.000000	2026-07-24	2026-02-04	2026-01-20	0.000000	207	37
BH-WST	PM0000493	LABEL 5 LTR RICE BRAN & OLIVE OIL BACK B.B	105	4.000000	0.000000	8.000000	2026-07-24	2026-04-17	2026-02-27	0.000000	135	37
BH-WST	PM0000394	CAP 100MLS/250MLS PET BOTTLE 1810 LONG NECK	105	10.000000	0.000000	7.000000	2026-07-24	NULL	2026-07-24	0.000000	NULL	37
BH-WST	PM0000184	LABEL 500 MLS EXTRA LIGHT BACK	105	21.000000	0.000000	5.000000	2026-08-09	NULL	2026-08-09	0.000000	NULL	21
BH-WST	PM0000183	LABEL 500 MLS EXTRA LIGHT FRONT	105	21.000000	0.000000	5.000000	2026-08-09	NULL	2026-08-09	0.000000	NULL	21
BH-WST	PM0000637	COUPON (LOHRI DHAMAKA OFFER) - SCRATCH CARD	105	6.000000	0.000000	4.000000	2026-04-17	2026-02-04	2026-01-20	0.000000	207	135
BH-WST	PM0000499	LABEL 1 LTR EXTRA VIRGIN FRONT ZANO	105	2.000000	0.000000	4.000000	2026-07-02	2026-06-30	2026-06-19	250.000000	61	59
BH-WST	PM0000729	CAPS INNER PET BOTTLE 250 MLS	105	10.000000	0.000000	2.000000	2026-07-24	NULL	2026-07-24	0.000000	NULL	37
BH-WST	PM0000219	LABEL 100 ML PET BOTTLE  EXTRA LIGHT BACK	105	10.000000	0.000000	2.000000	2026-07-24	NULL	2026-07-24	0.000000	NULL	37
BH-WST	PM0000218	LABEL 100 ML PET BOTTLE  EXTRA LIGHT FRONT	105	10.000000	0.000000	2.000000	2026-07-24	NULL	2026-07-24	0.000000	NULL	37
BH-WST	PM0000674	LABEL 5 LTR  JAITOON  OIL BACK	105	1.000000	0.000000	1.000000	2026-07-24	2026-04-17	2026-04-17	0.000000	135	37
BH-WST	PM0000673	LABEL 5 LTR  JAITOON  OIL FRONT	105	1.000000	0.000000	1.000000	2026-07-24	2026-04-17	2026-04-17	0.000000	135	37
BH-WST	PM0000604	POUCH SANO SOYABEAN OIL SANO 850 GMS 12 PCS	105	0.023500	0.000000	1.000000	2026-07-24	2026-04-17	2026-01-20	0.000000	135	37
BH-WST	PM0000110	CARTON 100 MLS GLASS BOTTLE 24 PCS	105	0.006700	0.000000	0.000000	2026-04-17	2026-04-17	2026-02-01	0.000000	135	135
BH-WST	PM0000004	CARTON 1 LTR 12 PCS POUCH SANO	105	0.253300	0.000000	0.000000	2026-07-24	2026-04-17	2026-01-20	0.000000	135	37
BH-WST	PM0000469	CAPS 5 LTR BROWN	105	5505.000000	0.000000	0.000000	2026-08-25	2026-07-30	2026-01-16	482.000000	31	5
BH-WST	PM0000783	LABEL 250 ML PRESSED SESAME OIL FRONT	105	40.000000	0.000000	0.000000	2026-07-24	NULL	2026-07-24	0.000000	NULL	37
BH-WST	PM0000806	GIFT BOX	105	40.000000	0.000000	0.000000	2026-07-24	2026-02-04	2026-02-01	0.000000	207	37
BH-WST	PM0000782	LABEL 250 ML PRESSED SESAME OIL BACK	105	40.000000	0.000000	0.000000	2026-07-24	NULL	2026-07-24	0.000000	NULL	37
BH-WST	PM0000820	CAPS DESI GHEE JAR 1000/500 ML	105	407.000000	0.000000	0.000000	2026-07-24	NULL	2026-07-24	0.000000	NULL	37
BH-WST	PM0000105	CARTON 1000 MLS DESI GHEE 12 PCS	105	109.750000	0.000000	0.000000	2026-07-24	2026-02-04	2026-02-01	0.000000	207	37
BH-WST	PM0000781	LABEL 250 ML PRESSED YELLOW MUSTARD OIL FRONT	105	40.000000	0.000000	0.000000	2026-07-24	NULL	2026-07-24	0.000000	NULL	37
BH-WST	PM0000780	LABEL 250 ML PRESSED YELLOW MUSTARD OIL BACK	105	40.000000	0.000000	0.000000	2026-07-24	NULL	2026-07-24	0.000000	NULL	37
BH-WST	PM0000779	LABEL 250 MLS EXTRA VIRGIN COCONUT FRONT	105	40.000000	0.000000	0.000000	2026-07-24	NULL	2026-07-24	0.000000	NULL	37
BH-WST	PM0000778	LABEL 250 MLS EXTRA VIRGIN COCONUT BACK	105	40.000000	0.000000	0.000000	2026-07-24	NULL	2026-07-24	0.000000	NULL	37
BH-WST	PM0000860	LABEL 1 LTR SOYABEAN FULL	105	6.000000	0.000000	0.000000	2026-07-24	2026-06-02	2026-04-21	425.000000	89	37
BH-WST	PM0000274	GLASS JAR 1000 MLS A2 DESI GHEE	105	78.000000	0.000000	0.000000	2026-07-24	2026-02-04	2026-01-20	0.000000	207	37
BH-WST	PM0000162	SHRINKS NECK MUSLI & DESI GHEE GLASS JAR	105	82.000000	0.000000	0.000000	2026-07-24	2026-02-04	2026-01-20	0.000000	207	37
BH-WST	PM0000560	PET BOTTLE 2 LTR 80 GRM (GREEN HANDLE)	105	32.000000	0.000000	0.000000	2026-08-19	2026-04-17	2026-02-01	0.000000	135	11
BH-WST	PM0000577	LABEL 900 GM  MUSTARD BACK  SANO	105	14340.000000	0.000000	0.000000	2026-08-19	2026-04-17	2026-01-20	0.000000	135	11
BH-WST	PM0000628	LABEL 15 KG REFIND SUNFLOWER OIL	105	1.000000	0.000000	0.000000	2026-07-24	NULL	2026-07-24	0.000000	NULL	37
BH-WST	PM0000397	LABEL 1 LTR GOLD FRONT	105	443.000000	0.000000	0.000000	2026-08-24	2026-04-17	2026-01-16	0.000000	135	6
BH-WST	PM0000578	LABEL 900 GM  MUSTARD FRONT  SANO	105	14340.000000	0.000000	0.000000	2026-08-19	2026-04-17	2026-01-20	0.000000	135	11
BH-WST	PM0000655	CARTON COFFEE JAR 100 GMS 15 PCS	105	0.330000	0.000000	0.000000	2026-08-19	NULL	2026-08-19	0.000000	NULL	11
BH-WST	PM0000687	LABEL 100 GMS COFFEE	105	5.000000	0.000000	0.000000	2026-08-19	2026-02-04	2026-02-01	0.000000	207	11
BH-WST	PM0000690	LABEL 1 LTR PRESSED SESAME OIL FRONT	105	445.000000	0.000000	0.000000	2026-08-19	2026-07-29	2026-03-06	100.000000	32	11
BH-WST	PM0000854	LABEL 10 ML EXTRA VIRGIN OLIVE OIL	105	5.000000	0.000000	0.000000	2026-08-19	2026-04-17	2026-03-03	0.000000	135	11
BH-WST	PM0000517	PET BOTTLE 1 LTR 75 GMS	105	5.000000	0.000000	0.000000	2026-08-19	2026-08-17	2026-03-03	1214.000000	13	11
BH-WST	PM0000470	CAPS 5 LTR ORANGE	105	2024.000000	0.000000	0.000000	2026-08-21	2026-05-19	2026-02-20	0.000000	103	9
BH-WST	PM0000862	CAP 10 ML	105	5.000000	0.000000	0.000000	2026-08-19	NULL	2026-08-19	0.000000	NULL	11
BH-WST	PM0000855	PET BOTTLE 10 ML	105	5.000000	0.000000	0.000000	2026-08-19	NULL	2026-08-19	0.000000	NULL	11
BH-WST	PM0000453	BLACK PEPPER EXTRA BOLD	106	0.800000	0.000000	0.000000	2026-07-24	NULL	2026-07-24	0.000000	NULL	37
BH-WST	PM0000434	LABEL DESI GHEE 1000 LTR (JIVO)	105	1628.000000	0.000000	0.000000	2026-07-24	NULL	2026-07-24	0.000000	NULL	37
BH-WST	PM0000433	LABEL DESI GHEE 500 GMS (JIVO)	105	315.000000	0.000000	0.000000	2026-07-24	NULL	2026-07-24	0.000000	NULL	37
BH-WST	PM0000423	PET JAR DESI GHEE 1000 MLS 47 GMS	105	372.000000	0.000000	0.000000	2026-07-24	2026-02-04	2026-01-20	0.000000	207	37
BH-WST	PM0000422	LABEL 500 MLS EXTRA VIRGIN OLIVE OIL BACK	105	119.000000	0.000000	0.000000	2026-07-24	2026-04-17	2026-01-20	0.000000	135	37
BH-WST	PM0000421	LABEL 500 MLS EXTRA VIRGIN OLIVE OIL FRONT	105	119.000000	0.000000	0.000000	2026-07-24	2026-04-17	2026-01-20	0.000000	135	37
BH-WST	PM0000416	LABEL 500 MLS EXTRA VIRGIN COCONUT BACK	105	12.000000	0.000000	0.000000	2026-07-24	2026-02-04	2026-01-20	0.000000	207	37
BH-WST	PM0000415	LABEL 500 MLS EXTRA VIRGIN COCONUT FRONT	105	12.000000	0.000000	0.000000	2026-07-24	2026-02-04	2026-01-20	0.000000	207	37
BH-WST	PM0000400	LABEL 1 LTR EXTRA LIGHT OLIVE FRONT SANO	105	128.000000	0.000000	0.000000	2026-07-24	2026-02-04	2026-01-20	0.000000	207	37
BH-WST	PM0000399	LABEL 1 LTR EXTRA LIGHT OLIVE BACK SANO	105	128.000000	0.000000	0.000000	2026-07-24	2026-02-04	2026-01-20	0.000000	207	37
BH-WST	PM0000380	LABEL 5 LTR SOYABEAN FRONT SANO	105	2.000000	0.000000	0.000000	2026-07-24	NULL	2026-07-24	0.000000	NULL	37
BH-WST	PM0000379	LABEL 5 LTR SOYABEAN BACK SANO	105	2.000000	0.000000	0.000000	2026-07-24	NULL	2026-07-24	0.000000	NULL	37
BH-WST	PM0000378	LABEL 1 LTR SOYABEAN FRONT SANO	105	134.000000	0.000000	0.000000	2026-07-24	2026-02-04	2026-01-20	0.000000	207	37
BH-WST	PM0000377	LABEL 1 LTR SOYABEAN BACK SANO	105	134.000000	0.000000	0.000000	2026-07-24	2026-02-04	2026-01-20	0.000000	207	37
BH-WST	PM0000376	LABEL 5 LTR SUNFLOWER BACK SANO	105	797.000000	0.000000	0.000000	2026-07-24	NULL	2026-07-24	0.000000	NULL	37
BH-WST	PM0000375	LABEL 5 LTR SUNFLOWER FRONT SANO	105	797.000000	0.000000	0.000000	2026-07-24	NULL	2026-07-24	0.000000	NULL	37
BH-WST	PM0000374	LABEL 1 LTR SUNFLOWER FRONT SANO	105	400.000000	0.000000	0.000000	2026-07-24	2026-02-04	2026-01-20	0.000000	207	37
BH-WST	PM0000777	LABEL 250 MLS EXTRA VIRGIN CANOLA OIL FRONT	105	40.000000	0.000000	0.000000	2026-07-24	NULL	2026-07-24	0.000000	NULL	37
BH-WST	PM0000775	LABEL 250 MLS EXTRA VIRGIN CANOLA OIL BACK	105	40.000000	0.000000	0.000000	2026-07-24	NULL	2026-07-24	0.000000	NULL	37
BH-WST	PM0000765	TIKKI BARCODE CSD 5 LTR CANOLA	105	4.000000	0.000000	0.000000	2026-07-24	2026-04-17	2026-04-17	0.000000	135	37
BH-WST	PM0000743	LABEL 5 LTR WP PNUT & GNUT OIL VEDAKA BACK	105	12.000000	0.000000	0.000000	2026-07-24	NULL	2026-07-24	0.000000	NULL	37
BH-WST	PM0000742	LABEL 5 LTR WP PNUT & GNUT OIL VEDAKA FRONT	105	12.000000	0.000000	0.000000	2026-07-24	NULL	2026-07-24	0.000000	NULL	37
BH-WST	PM0000709	LABEL 1 LTR POMACE BACK VEDAKA	105	359.000000	0.000000	0.000000	2026-07-24	NULL	2026-07-24	0.000000	NULL	37
BH-WST	PM0000708	LABEL 1 LTR POMACE FRONT VEDAKA	105	359.000000	0.000000	0.000000	2026-07-24	NULL	2026-07-24	0.000000	NULL	37
BH-WST	PM0000699	LABEL 2 LTR POMACE HANDLE BOTTLE BACK VEDAKA	105	20.000000	0.000000	0.000000	2026-07-24	2026-02-04	2026-01-20	0.000000	207	37
BH-WST	PM0000698	LABEL 2 LTR POMACE HANDLE BOTTLE FRONT VEDAKA	105	20.000000	0.000000	0.000000	2026-07-24	2026-02-04	2026-01-20	0.000000	207	37
BH-WST	PM0000682	LABEL DESI GHEE 1000 LTR (KIRPA)	105	372.000000	0.000000	0.000000	2026-07-24	2026-04-17	2026-02-20	0.000000	135	37
BH-WST	PM0000662	CAPS 1 AND 2 LTR WHITE AND BLUE PLAIN	105	1500.000000	0.000000	0.000000	2026-07-24	NULL	2026-07-24	0.000000	NULL	37
BH-WST	PM0000626	PET JAR DESI GHEE 1000 MLS (70 GMS)	105	1628.000000	0.000000	0.000000	2026-07-24	2026-04-17	2026-03-03	0.000000	135	37
BH-WST	PM0000576	LABEL 900 GMS SUNFLOWER BACK  SANO	105	2.000000	0.000000	0.000000	2026-07-24	2026-04-17	2026-01-20	0.000000	135	37
BH-WST	PM0000104	PET JAR DESI GHEE 500 MLS 29 GRM	105	350.000000	0.000000	0.000000	2026-07-24	2026-04-17	2026-03-03	0.000000	135	37
BH-WST	PM0000068	TIKKI 5 LTR + CANOLA 1 LTR	105	77.000000	0.000000	0.000000	2026-07-24	NULL	2026-07-24	0.000000	NULL	37
BH-WST	PM0000575	LABEL 900 GMS SUNFLOWER FRONT SANO	105	2.000000	0.000000	0.000000	2026-07-24	2026-04-17	2026-01-20	0.000000	135	37
BH-WST	PM0000373	LABEL 1 LTR SUNFLOWER BACK SANO	105	400.000000	0.000000	0.000000	2026-07-24	2026-02-04	2026-01-20	0.000000	207	37
BH-WST	PM0000278	CARTON MONO A2 DESI GHEE 500 MLS	105	4.000000	0.000000	0.000000	2026-07-24	2026-02-04	2026-02-01	0.000000	207	37
BH-WST	PM0000346	LABEL 15 LTR SOYBEAN OIL	105	104.000000	0.000000	0.000000	2026-07-24	2026-04-17	2026-04-15	0.000000	135	37
BH-WST	PM0000365	LABEL 1 LTR CANOLA BACK SANO	105	1500.000000	0.000000	0.000000	2026-07-24	2026-02-04	2026-02-01	0.000000	207	37
BH-WST	PM0000279	CARTON MONO A2 DESI GHEE 1 LTR	105	78.000000	0.000000	0.000000	2026-07-24	2026-02-04	2026-02-01	0.000000	207	37
BH-WST	PM0000281	LABEL 1 LTR A2 DESI GHEE ORGANIC	105	78.000000	0.000000	0.000000	2026-07-24	2026-04-17	2026-01-20	0.000000	135	37
BH-WST	PM0000366	LABEL 1 LTR CANOLA FRONT SANO	105	1500.000000	0.000000	0.000000	2026-07-24	2026-02-04	2026-02-01	0.000000	207	37
BH-WST	PM0000367	LABEL 5 LTR CANOLA BACK SANO	105	3.000000	0.000000	0.000000	2026-07-24	2026-04-17	2026-04-17	0.000000	135	37
BH-WST	PM0000282	SHRINK 500 MLS DESI GHEE 180*230	105	4.000000	0.000000	0.000000	2026-07-24	NULL	2026-07-24	0.000000	NULL	37
BH-WST	PM0000368	LABEL 5 LTR CANOLA FRONT SANO	105	3.000000	0.000000	0.000000	2026-07-24	2026-04-17	2026-04-17	0.000000	135	37
BH-WST	PM0000283	SHRINK 1 LTR DESI GHEE 240*300	105	78.000000	0.000000	0.000000	2026-07-24	2026-02-04	2026-01-20	0.000000	207	37
BH-WST	PM0000280	LABEL 500 MLS A2 DESI GHEE ORGANIC	105	4.000000	0.000000	0.000000	2026-07-24	2026-04-17	2026-04-09	0.000000	135	37
BH-WST	PM0000284	CARTON 1 LTR DESI GHEE 9 PCS	105	8.670000	0.000000	0.000000	2026-07-24	2026-04-17	2026-01-20	0.000000	135	37
BH-WST	PM0000371	LABEL 5 LTR MUSTARD BACK SANO	105	8.000000	0.000000	0.000000	2026-07-24	2026-02-04	2026-01-20	0.000000	207	37
BH-WST	PM0000372	LABEL 5 LTR MUSTARD FRONT SANO	105	8.000000	0.000000	0.000000	2026-07-24	2026-02-04	2026-01-20	0.000000	207	37
BH-WST	PM0000303	BLACK CHIA SEEDS	106	0.800000	0.000000	0.000000	2026-07-24	NULL	2026-07-24	0.000000	NULL	37
BH-WST	PM0000593	TIN 15 KGS/LTR MULTI CP KACCHI GHANI MUSTARD OIL  PRINTED	105	25.000000	0.000000	0.000000	2026-07-24	2026-08-17	2026-02-01	58.000000	13	37
BH-WST	PM0000349	LABEL 2 LTR POMACE HANDLE BOTTLE FRONT	105	534.000000	0.000000	0.000000	2026-07-27	2026-08-17	2026-01-20	30.000000	13	34
BH-WST	PM0000273	GLASS JAR 580 MLS A2 DESI GHEE	105	4.000000	0.000000	0.000000	2026-07-24	NULL	2026-07-24	0.000000	NULL	37
BH-WST	PM0000225	CARTON 5 LTR HDPE 1 PC	105	137.000000	0.000000	0.000000	2026-07-24	NULL	2026-07-24	0.000000	NULL	37
BH-WST	PM0000525	LABEL 5 LTR RICE BRAN OIL BACK	105	389.000000	0.000000	0.000000	2026-08-19	2026-07-29	2026-04-11	439.000000	32	11
BH-WST	PM0000335	TIKKI 250 MLS	105	4.000000	0.000000	0.000000	2026-07-24	2026-04-17	2026-02-12	0.000000	135	37
BH-WST	PM0000338	CAP COFFEE JAR 63 MM	105	5.000000	0.000000	0.000000	2026-08-19	2026-02-04	2026-02-01	0.000000	207	11
BH-WST	PM0000336	INSTANT COFFEE AGGLO	106	0.500000	0.000000	0.000000	2026-08-19	NULL	2026-08-19	0.000000	NULL	11
BH-WST	PM0000287	LABEL 1 LTR SOYABEAN BACK	105	212.000000	0.000000	0.000000	2026-08-19	2026-04-17	2026-02-11	0.000000	135	11
BH-WST	PM0000062	CAPS 5 LTR	105	3.000000	0.000000	0.000000	2026-08-19	2026-08-17	2026-02-01	534.000000	13	11
BH-WST	PM0000286	LABEL 1 LTR SOYABEAN FRONT	105	212.000000	0.000000	0.000000	2026-08-19	2026-04-17	2026-02-11	0.000000	135	11
BH-WST	PM0000276	CARTON CHOCO 375 GMS CHOCO 4 PCS	105	1.010000	0.000000	0.000000	2026-08-19	NULL	2026-07-24	0.000000	NULL	11
GP-FG	SF0000002	SOYABEAN OIL 15 KGS TIN IMP	115	12300.000000	10.000000	27684791.000000	2026-07-11	2026-06-05	2025-08-22	3000.000000	86	50
GP-FG	FG0000317	SOYABEAN OIL 15 KGS TIN IMP PCS	102	932.000000	8200.000000	2064598.000000	2026-06-05	2026-08-27	2025-08-26	3633.000000	3	86
GP-FG	SF0000001	SOYABEAN OIL 13 KGS TIN IMP	115	200.000000	0.000000	413333.000000	2026-06-27	2026-07-17	2025-07-24	3950.000000	44	64
GP-FG	FG0000015	REFINED OIL 15 LTR	102	1.000000	96.000000	327614.000000	2026-06-05	2026-06-06	2025-11-01	120.000000	85	86
GP-FG	FG0000297	SOYABEAN OIL 13 KGS TIN IMPORTED PCS	102	95.000000	1402.000000	196832.000000	2026-06-18	2026-07-29	2025-07-24	2055.000000	32	73
GP-FG	FG0000178	MUSTARD KACHI GHANI 15 KGS	102	63.000000	350.000000	152835.000000	2026-06-10	2026-08-05	2025-09-17	1051.000000	25	81
GP-FG	FG0000353	EXTRA VIRGIN COCONUT OIL 15 LTR	102	34.000000	0.000000	114779.000000	2025-12-18	NULL	2025-12-18	0.000000	NULL	255
GP-FG	FG0000006	POMACE OLIVE 200 LTR 1 PCS	102	2.000000	0.000000	114365.000000	2025-11-12	2026-01-13	2025-11-12	0.000000	229	291
GP-FG	FG0000299	SOYABEAN OIL 700 GMS POUCH 12 PCS	102	590.000000	38700.000000	65224.000000	2026-07-15	2026-07-21	2025-06-25	1495.000000	40	46
GP-FG	FG0000021	REFINED OIL 1 LTR POUCH 12 PCS	102	383.000000	8000.000000	52057.000000	2026-01-31	2026-08-10	2025-06-15	1328.000000	20	211
GP-FG	FG0000250	SOYABEAN OIL 15 KGS	102	16.000000	0.000000	32571.000000	2025-12-23	2026-07-11	2025-09-16	4.000000	50	250
GP-FG	FG0000316	SOYABEAN OIL 13 KGS (B)	102	14.000000	0.000000	28483.000000	2026-06-16	2026-05-31	2025-09-05	0.000000	91	75
GP-FG	FG0000194	SOYABEAN OIL 1 LTR POUCH 12 PCS	102	87.000000	50000.000000	26692.000000	2026-07-09	2026-06-26	2025-06-27	3.000000	65	52
GP-FG	FG0000359	SOYABEAN OIL 750 GMS 12 PCS POUCH	102	155.000000	17052.000000	24383.000000	2026-07-09	2026-06-18	2025-12-22	40.000000	73	52
GP-FG	PM0000076	TIN 15 LTR	105	196.000000	0.000000	17331.000000	2026-06-22	2026-07-16	2025-07-10	9.000000	45	69
GP-FG	PM0000074	TAPE CELLO	105	42875.000000	0.000000	16820.000000	2026-06-17	2026-06-18	2025-07-16	5150.000000	73	74
GP-FG	PM0000609	LABEL 15 KGS REFINED SOYBEAN OIL PCS	105	9500.000000	10.000000	15580.000000	2026-06-12	2026-06-05	2025-10-09	3000.000000	86	79
GP-FG	FG0000276	SANO SOYABEAN OIL 850 GMS POUCH 12 PCS	102	120.000000	0.000000	13314.000000	2025-09-27	2026-02-26	2025-06-30	0.000000	185	337
GP-FG	FG0000405	COLD PRESS 4 LTR (NIRMAL RISHI ) + POMACE OLIVE 1 LTR 5 PCS	102	21.000000	0.000000	12944.000000	2026-07-04	2026-08-29	2026-03-28	8155.000000	1	57
GP-FG	FG0000131	COLD PRESS 5 LTR + EXTRA LIGHT OLIVE 1 LTR 3 PCS SHRINKED PLAIN	102	14.000000	0.000000	12204.000000	2026-01-10	2026-02-26	2026-01-10	0.000000	185	232
GP-FG	PM0000629	CARTON TIN TOP	105	3554.000000	0.000000	11408.000000	2026-06-17	2026-06-18	2025-07-28	5150.000000	73	74
GP-FG	FG0000047	COLD PRESS 3 LTR + EXTRA LIGHT OLIVE 1 LTR 6 PCS	102	12.000000	0.000000	5757.000000	2026-07-09	2026-08-29	2025-06-20	6736.000000	1	52
GP-FG	FG0000169	REFINED COTTON SEED OIL 13 KGS	102	3.000000	0.000000	5325.000000	2026-03-26	2026-05-31	2025-06-15	0.000000	91	157
GP-FG	FG0000404	COLD PRESS 4 LTR (NIRMAL RISHI ) + EXTRA LIGHT OLIVE 1 LTR 5 PCS	102	8.000000	2.000000	4885.000000	2026-07-09	2026-07-25	2026-03-30	4886.000000	36	52
GP-FG	FG0000145	COLD PRESS 5 LTR + POMACE OLIVE 1 LTR 4 PCS	102	4.000000	0.000000	2989.000000	2026-07-24	2026-08-29	2025-07-10	3034.000000	1	37
GP-FG	PM0000075	TAPE LOGO PRINTED	105	6550.000000	0.000000	2891.000000	2026-06-05	2026-02-03	2025-07-10	0.000000	208	86
GP-FG	PM0000082	CARTON 5 LTR OLIVE 4 PCS	105	81.000000	0.000000	2140.000000	2026-07-08	2026-07-10	2025-07-17	120.000000	51	53
GP-FG	PM0000395	TIN 5 LTR POMACE OLIVE SANO	105	28.000000	0.000000	2012.000000	2026-07-02	2026-07-02	2026-05-21	74.000000	59	59
GP-FG	PM0000825	CARTON 1 LTR 20 PCS NEW	105	50.000000	30.000000	1894.000000	2026-07-08	2026-07-10	2026-01-28	575.000000	51	53
GP-FG	PM0000628	LABEL 15 KG REFIND SUNFLOWER OIL	105	500.000000	0.000000	1825.000000	2026-02-11	2026-03-17	2026-02-11	0.000000	166	200
GP-FG	PM0000247	CARTON 1 LTR 24 PCS	105	48.000000	0.000000	1776.000000	2026-05-02	2026-06-10	2025-08-12	2.000000	81	120
GP-FG	FG0000414	COLD PRESS 5 LTR (NIRMAL RISHI )+ POMACE OLIVE 1 LTR 4 PCS	102	2.000000	0.000000	1599.000000	2026-06-30	2026-07-04	2026-03-31	3242.000000	57	61
GP-FG	PM0000003	CARTON 1 LTR POMACE 16 PCS	105	54.000000	0.000000	1429.000000	2026-07-08	2026-07-10	2025-07-17	206.000000	51	53
GP-FG	FG0000088	COLD PRESS 1 LTR +1 LTR COMBO 10 SET PLAIN	102	5.000000	2500.000000	1346.000000	2026-01-21	2026-04-11	2025-06-21	0.000000	141	221
GP-FG	PM0000182	CARTON 3 LTR 6 PCS	105	36.000000	0.000000	1008.000000	2026-03-26	2026-06-10	2025-07-17	20.000000	81	157
GP-FG	PM0000411	CARTON 1 LTR 20 PCS PET 26GM	105	30.000000	0.000000	998.000000	2026-06-17	2026-02-03	2025-07-17	0.000000	208	74
GP-FG	FG0000352	SESAME OIL (TOASTED) 500 MLS 12 PCS	102	11.000000	0.000000	861.000000	2026-04-15	2026-06-25	2025-12-01	1.000000	66	137
GP-FG	PM0000593	TIN 15 KGS/LTR MULTI CP KACCHI GHANI MUSTARD OIL  PRINTED	105	8.000000	10.000000	832.000000	2026-07-01	2026-07-02	2026-07-01	8.000000	59	60
GP-FG	PM0000270	LABEL 15 LTR COLD PRESS SUNFLOWER OIL	105	500.000000	0.000000	825.000000	2026-03-16	NULL	2026-03-16	0.000000	NULL	167
GP-FG	PM0000466	LABEL 13 KGS REFINED SOYBEAN OIL	105	502.000000	0.000000	823.000000	2026-06-18	2026-07-01	2025-08-23	2154.000000	60	73
GP-FG	PM0000229	CARTON 4 LTR 5 PCS	105	20.000000	0.000000	589.000000	2026-07-08	2026-07-08	2025-07-17	70.000000	53	53
GP-FG	PM0000005	CARTON 1 LTR 12 POUCHES	105	25.000000	0.000000	570.000000	2026-07-08	2026-07-17	2025-07-17	587.000000	44	53
GP-FG	PM0000080	TIN 5 LTR POMACE OLIVE PRINTED	105	7.000000	0.000000	536.000000	2026-07-02	2026-07-02	2025-07-23	111.000000	59	59
GP-FG	PM0000405	CARTON 5 LTR HDPE WITH THERMOCOL	105	20.000000	0.000000	350.000000	2026-07-08	2026-04-29	2025-09-15	0.000000	123	53
GP-FG	PM0000722	CARTON 1 LTR 20 PCS PET 75 GM	105	10.000000	0.000000	325.000000	2026-05-02	2026-06-10	2026-04-14	15.000000	81	120
GP-FG	FG0000300	SOYABEAN OIL 770 GMS POUCH 12 PCS	102	39.000000	0.000000	221.000000	2026-07-09	2026-05-13	2025-06-15	0.000000	109	52
GP-FG	FG0000112	EXTRA VIRGIN OLIVE 250 MLS 4 PCS	102	4.000000	900.000000	215.000000	2026-05-25	2026-05-25	2025-08-05	0.000000	97	97
GP-FG	PM0000249	CARTON 5 LTR TIN 1 PCS WITH THERMOCOL	105	20.000000	0.000000	200.000000	2026-07-08	2026-04-29	2025-09-09	0.000000	123	53
GP-FG	PM0000505	LABEL 15 KGS COLD PRESS KACHI GHANI MUSTARD OIL	105	50.000000	0.000000	188.000000	2026-05-23	NULL	2026-05-23	0.000000	NULL	99
GP-FG	PM0000013	CARTON 5 LTR 4 PCS	105	5.000000	0.000000	161.000000	2026-07-08	2026-07-10	2025-07-17	615.000000	51	53
GP-FG	PM0000077	TIN 5 LTR EXTRA LIGHT OLIVE PRINTED	105	2.000000	0.000000	153.000000	2026-07-02	2026-08-01	2025-07-21	118.000000	29	59
GP-FG	PM0000078	CAPS 5 LTR/15 LTR	105	7.000000	0.000000	20.000000	2026-07-02	2026-08-01	2025-07-10	583.000000	29	59
GP-FG	PM0000408	CAPS 1 & 2 LTR WHITE AND GREEN PLAIN	105	2.000000	0.000000	2.000000	2026-04-21	NULL	2026-04-21	0.000000	NULL	131
GP-NM	PM0000075	TAPE LOGO PRINTED	105	550408.382800	0.000000	311545.000000	2026-08-19	NULL	2026-07-28	0.000000	NULL	11
GP-NM	PM0000074	TAPE CELLO	105	214984.360000	0.000000	93976.000000	2026-08-19	NULL	2026-07-28	0.000000	NULL	11
GP-NM	PM0000891	POUCH SOYABEAN MULTI  KGS	105	201.060000	0.000000	61122.000000	2026-08-17	NULL	2026-08-17	0.000000	NULL	13
GP-NM	PM0000899	CARTON 3 LTR OLIVE 3 PCS	105	1728.000000	0.000000	53827.000000	2026-08-17	2026-07-30	2026-07-27	157.000000	31	13
GP-NM	PM0000003	CARTON 1 LTR POMACE 16 PCS	105	1563.480000	0.000000	41385.000000	2026-08-17	2026-08-12	2026-07-28	209.000000	18	13
GP-NM	PM0000076	TIN 15 LTR	105	360.000000	0.000000	33480.000000	2026-08-17	NULL	2026-08-03	0.000000	NULL	13
GP-NM	PM0000094	SHRINKS 5 LTR 340X415 5 LTR SINGAL PCS	105	13169.350000	0.000000	32660.000000	2026-08-17	NULL	2026-07-28	0.000000	NULL	13
GP-NM	PM0000079	CAPS 1 & 2 LTR FULL GREEN WITH LOGO	105	25840.000000	0.000000	32300.000000	2026-07-28	2026-08-17	2026-07-27	3438.000000	13	33
GP-NM	PM0000506	CAPS 1 & 2 LTR FULL GREEN PLAIN	105	26621.000000	0.000000	28618.000000	2026-08-17	NULL	2026-07-27	0.000000	NULL	13
GP-NM	PM0000434	LABEL DESI GHEE 1000 LTR (JIVO)	105	2801.000000	0.000000	27499.000000	2026-08-17	NULL	2026-08-17	0.000000	NULL	13
GP-NM	PM0000125	PET BOTTLE 500 MLS 34 GMS	105	3813.000000	0.000000	26920.000000	2026-08-17	NULL	2026-08-17	0.000000	NULL	13
GP-NM	PM0000584	PET BOTTLE 1 LTR 26 GM PLAIN	105	6238.000000	0.000000	25712.000000	2026-08-17	NULL	2026-07-28	0.000000	NULL	13
GP-NM	PM0000851	PET BOTTLE 1 LTR 26 GM	105	4986.000000	0.000000	25429.000000	2026-08-17	NULL	2026-08-17	0.000000	NULL	13
GP-NM	PM0000046	LABEL 5 LTR COLD PRESS FRONT	105	28624.000000	0.000000	23867.000000	2026-08-17	2026-08-01	2024-09-30	5057.000000	29	13
GP-NM	PM0000395	TIN 5 LTR POMACE OLIVE SANO	105	325.000000	0.000000	23548.000000	2026-08-17	NULL	2026-07-27	0.000000	NULL	13
GP-NM	PM0000006	CARTON 1 LTR 20 PCS PET 40 GM	105	626.400000	0.000000	21110.000000	2026-08-17	2026-07-29	2026-07-28	876.000000	32	13
GP-NM	PM0000411	CARTON 1 LTR 20 PCS PET 26GM	105	634.150000	0.000000	21105.000000	2026-08-03	2026-08-17	2026-07-27	2569.850000	13	27
GP-NM	PM0000187	SHRINKS 3 LTR/4 LTR	105	8945.000000	0.000000	18069.000000	2026-08-17	NULL	2026-08-17	0.000000	NULL	13
GP-NM	PM0000722	CARTON 1 LTR 20 PCS PET 75 GM	105	541.500000	0.000000	17616.000000	2026-08-03	2026-08-17	2026-07-27	167.500000	13	27
GP-NM	PM0000080	TIN 5 LTR POMACE OLIVE PRINTED	105	217.000000	0.000000	16818.000000	2026-08-17	2026-08-22	2026-07-27	16.000000	8	13
GP-NM	PM0000013	CARTON 5 LTR 4 PCS	105	511.500000	0.000000	16286.000000	2026-08-17	NULL	2026-07-27	0.000000	NULL	13
GP-NM	PM0000662	CAPS 1 AND 2 LTR WHITE AND BLUE PLAIN	105	15075.000000	0.000000	15075.000000	2026-08-17	NULL	2026-07-28	0.000000	NULL	13
GP-NM	PM0000195	PET BOTTLE 1 LTR 52 GMS GREEN	105	1432.000000	0.000000	14893.000000	2026-08-17	NULL	2026-08-17	0.000000	NULL	13
GP-NM	PM0000071	SHRINKS 1 LTR 235X310	105	10795.000000	0.000000	13926.000000	2026-08-17	2026-08-18	2026-08-17	1770.000000	12	13
GP-NM	PM0000685	CAPS PLASTIC COFFEE JAR	105	2000.000000	0.000000	13066.000000	2026-08-17	NULL	2026-08-17	0.000000	NULL	13
GP-NM	PM0000358	HDPE BOTTLE 5 LTR GOLD	105	265.000000	0.000000	12491.000000	2026-08-17	2026-07-29	2026-07-28	92.000000	32	13
GP-NM	PM0000073	MS COATED DRUM 200 LTR	105	6.000000	0.000000	11850.000000	2026-07-28	NULL	2026-07-28	0.000000	NULL	33
GP-NM	PM0000504	LABEL 1 LTR POMACE BACK ZANO	105	5866.000000	0.000000	11145.000000	2026-08-17	NULL	2026-08-17	0.000000	NULL	13
GP-NM	PM0000005	CARTON 1 LTR 12 POUCHES	105	519.460000	0.000000	10919.000000	2026-08-17	2026-07-28	2026-07-27	3500.000000	33	13
GP-NM	PM0000014	LABEL 1 LTR COLD PRESS BACK 8181	105	38172.000000	0.000000	10747.000000	2026-08-17	NULL	2026-07-27	0.000000	NULL	13
GP-NM	PM0000251	PET BOTTLE 2 LTR 80 GMS YELLOW HANDLE	105	487.000000	0.000000	10523.000000	2026-08-17	NULL	2026-08-01	0.000000	NULL	13
GP-NM	PM0000341	POUCH 1 LTR SOYABEAN ROLLS KGS	105	42.580000	0.000000	10453.000000	2026-08-17	NULL	2026-08-17	0.000000	NULL	13
GP-NM	PM0000859	LABEL 13 KG REFINED CANOLA	105	2939.000000	0.000000	10287.000000	2026-08-17	NULL	2026-07-28	0.000000	NULL	13
GP-NM	PM0000078	CAPS 5 LTR/15 LTR	105	3546.000000	0.000000	10283.000000	2026-07-28	2026-08-27	2026-07-27	4374.000000	3	33
GP-NM	PM0000018	LABEL 1 LTR EXTRA LIGHT FRONT	105	33271.000000	0.000000	9699.000000	2026-08-17	2025-03-05	2024-09-30	0.000000	543	13
GP-NM	PM0000026	LABEL 1 LTR REFINED FRONT	105	10513.000000	0.000000	9462.000000	2026-08-17	2026-07-29	2026-07-28	1500.000000	32	13
GP-NM	PM0000017	LABEL 1 LTR EXTRA LIGHT BACK	105	30403.000000	0.000000	9243.000000	2026-08-17	2025-03-05	2024-09-30	0.000000	543	13
GP-NM	PM0000630	CARTON 1 LTR 12 PCS SANO	105	424.000000	0.000000	8904.000000	2026-07-28	NULL	2026-07-27	0.000000	NULL	33
GP-NM	PM0000082	CARTON 5 LTR OLIVE 4 PCS	105	327.000000	0.000000	8640.000000	2026-08-17	NULL	2026-08-03	0.000000	NULL	13
GP-NM	PM0000025	LABEL 1 LTR REFINED BACK	105	9442.000000	0.000000	8498.000000	2026-07-28	2026-08-17	2026-07-28	1618.000000	13	33
GP-NM	PM0000660	TIN STRIP	105	48.430000	0.000000	8304.000000	2026-08-17	2026-08-01	2026-07-27	18.000000	29	13
GP-NM	PM0000721	LABEL 1 LTR PRESSED COCONUT OIL BACK	105	6300.000000	0.000000	8190.000000	2026-07-27	NULL	2026-07-27	0.000000	NULL	34
GP-NM	PM0000720	LABEL 1 LTR PRESSED COCONUT OIL FRONT	105	6300.000000	0.000000	8190.000000	2026-07-27	NULL	2026-07-27	0.000000	NULL	34
GP-NM	PM0000230	LABEL 1 LTR SUNFLOWER FRONT	105	28156.000000	0.000000	8009.000000	2026-08-17	2026-07-29	2026-07-28	5500.000000	32	13
GP-NM	PM0000159	LABEL 1 LTR EXTRA VIRGIN BACK	105	5086.000000	0.000000	7426.000000	2026-08-17	2026-08-03	2026-07-27	33000.000000	27	13
GP-NM	PM0000150	GLASS BOTTLE 500 MLS	105	435.000000	0.000000	7274.000000	2026-08-17	NULL	2026-08-17	0.000000	NULL	13
GP-NM	PM0000507	CARTON 5 LTR 4 PCS PLAIN	105	229.730000	0.000000	7122.000000	2026-07-28	2026-08-17	2026-07-28	66.880000	13	33
GP-NM	PM0000270	LABEL 15 LTR COLD PRESS SUNFLOWER OIL	105	1964.000000	0.000000	6964.000000	2026-08-17	NULL	2026-07-27	0.000000	NULL	13
GP-NM	PM0000369	LABEL 1 LTR MUSTARD BACK SANO	105	30353.000000	0.000000	6951.000000	2026-08-17	NULL	2026-07-28	0.000000	NULL	13
GP-NM	PM0000407	CAPS 1 & 2 LTR WHITE AND YELLOW PLAIN	105	6574.000000	0.000000	6903.000000	2026-08-17	NULL	2026-07-28	0.000000	NULL	13
GP-NM	PM0000466	LABEL 13 KGS REFINED SOYBEAN OIL	105	4208.000000	0.000000	6901.000000	2026-08-17	2026-08-12	2026-07-27	2250.000000	18	13
GP-NM	PM0000640	LABEL 1000 MLS EXTRA VIRGIN FRONT VICTORY NEW	105	5300.000000	0.000000	6890.000000	2026-07-27	NULL	2026-07-27	0.000000	NULL	34
GP-NM	PM0000346	LABEL 15 LTR SOYBEAN OIL	105	3891.000000	0.000000	6226.000000	2026-08-17	NULL	2026-07-27	0.000000	NULL	13
GP-NM	PM0000641	LABEL  1000 MLS EXTRA VIRGIN BACK VICTORY NEW	105	4600.000000	0.000000	5980.000000	2026-07-27	NULL	2026-07-27	0.000000	NULL	34
GP-NM	PM0000333	CAPS 250 MLS GLASS BOTTLE	105	1442.000000	0.000000	5948.000000	2026-08-17	NULL	2026-08-17	0.000000	NULL	13
GP-NM	PM0000644	LABEL 1000 MLS EXTRA VIRGIN FRONT RC NEW	105	4500.000000	0.000000	5850.000000	2026-08-17	NULL	2026-08-17	0.000000	NULL	13
GP-NM	PM0000645	LABEL 1000 MLS EXTRA VIRGIN BACK RC NEW	105	4500.000000	0.000000	5850.000000	2026-08-17	NULL	2026-08-17	0.000000	NULL	13
GP-NM	PM0000247	CARTON 1 LTR 24 PCS	105	154.370000	0.000000	5712.000000	2026-08-17	NULL	2026-08-17	0.000000	NULL	13
GP-NM	PM0000158	LABEL 1 LTR EXTRA VIRGIN FRONT	105	3812.000000	0.000000	5566.000000	2026-08-17	2026-08-03	2026-07-27	33000.000000	27	13
GP-NM	PM0000055	PET BOTTLE 1 LTR 52 GMS	105	626.000000	0.000000	5478.000000	2026-08-17	NULL	2026-08-17	0.000000	NULL	13
GP-NM	PM0000184	LABEL 500 MLS EXTRA LIGHT BACK	105	25882.000000	0.000000	5463.000000	2026-08-17	NULL	2026-08-17	0.000000	NULL	13
GP-NM	PM0000183	LABEL 500 MLS EXTRA LIGHT FRONT	105	25882.000000	0.000000	5463.000000	2026-08-17	NULL	2026-08-17	0.000000	NULL	13
GP-NM	PM0000586	LABEL 13 KG REFINED SOYBEAN OIL SANO	105	3335.000000	0.000000	5336.000000	2026-08-17	NULL	2026-08-17	0.000000	NULL	13
GP-NM	PM0000471	CAPS 5 LTR BLUE	105	7725.000000	0.000000	5250.000000	2026-08-17	NULL	2026-07-27	0.000000	NULL	13
GP-NM	PM0000009	CARTON 2 LTR 10 PCS	105	140.000000	0.000000	5110.000000	2026-08-18	NULL	2026-08-18	0.000000	NULL	12
GP-NM	PM0000578	LABEL 900 GM  MUSTARD FRONT  SANO	105	22500.000000	0.000000	4950.000000	2026-07-27	NULL	2026-07-27	0.000000	NULL	34
GP-NM	PM0000762	LABEL 5 LTR CP SUNFLOWER SEEDS OIL BACK VEDAKA	105	1236.000000	0.000000	4944.000000	2026-08-17	NULL	2026-08-17	0.000000	NULL	13
GP-NM	PM0000824	LABEL 1 LTR KACHI GHANI FULL	105	5943.000000	0.000000	4933.000000	2026-08-17	NULL	2026-08-17	0.000000	NULL	13
GP-NM	PM0000047	LABEL 5 LTR KACHCHI GHANI BACK	105	4660.000000	0.000000	4893.000000	2026-08-03	2026-08-18	2026-08-03	1245.000000	12	27
GP-NM	PM0000371	LABEL 5 LTR MUSTARD BACK SANO	105	3023.000000	0.000000	4696.000000	2026-08-17	NULL	2026-08-17	0.000000	NULL	13
GP-NM	PM0000229	CARTON 4 LTR 5 PCS	105	156.000000	0.000000	4691.000000	2026-08-17	NULL	2026-07-28	0.000000	NULL	13
GP-NM	PM0000632	CARTON 5 LTR TIN OLIVE 4 PCS SANO	105	174.000000	0.000000	4597.000000	2026-08-03	2026-08-17	2026-07-27	368.000000	13	27
GP-NM	PM0000372	LABEL 5 LTR MUSTARD FRONT SANO	105	2927.000000	0.000000	4552.000000	2026-08-17	NULL	2026-08-17	0.000000	NULL	13
GP-NM	PM0000057	PET BOTTLE 2 LTR 66 GMS	105	296.000000	0.000000	4508.000000	2026-08-17	NULL	2026-08-01	0.000000	NULL	13
GP-NM	PM0000048	LABEL 5 LTR KACHCHI GHANI FRONT	105	4247.000000	0.000000	4459.000000	2026-08-03	2026-08-17	2026-08-03	957.000000	13	27
GP-NM	PM0000254	CARTON 2 LTR 10 PCS HANDLE BOTTLE	105	126.300000	0.000000	4376.000000	2026-08-17	2026-07-29	2026-07-28	12.000000	32	13
GP-NM	PM0000054	PET BOTTLE 1 LTR 23.8 GMS ROUND	105	938.000000	0.000000	3998.000000	2026-08-17	NULL	2026-08-17	0.000000	NULL	13
GP-NM	PM0000052	LABEL 5 LTR REFINED FRONT	105	1989.000000	0.000000	3978.000000	2026-07-27	2026-08-17	2026-07-27	861.000000	13	34
GP-NM	PM0000620	PET BOTTLE 1 LTR 55 GMS GREEN EXPORT	105	422.000000	0.000000	3925.000000	2026-08-17	NULL	2026-07-28	0.000000	NULL	13
GP-NM	PM0000186	HDPE BOTTLE 5 LTR OLIVE GREEN	105	88.000000	0.000000	3856.000000	2026-08-17	NULL	2026-08-17	0.000000	NULL	13
GP-NM	PM0000284	CARTON 1 LTR DESI GHEE 9 PCS	105	93.000000	0.000000	3813.000000	2026-08-17	2026-01-31	2026-01-31	0.000000	211	13
GP-NM	PM0000280	LABEL 500 MLS A2 DESI GHEE ORGANIC	105	1261.000000	0.000000	3657.000000	2026-08-17	NULL	2026-08-17	0.000000	NULL	13
GP-NM	PM0000651	LABEL 500 MLS EXTRA VIRGIN BACK RC OLD	105	3300.000000	0.000000	3630.000000	2026-08-17	NULL	2026-08-17	0.000000	NULL	13
GP-NM	PM0000649	LABEL 500 MLS EXTRA VIRGIN BACK VICTORY NEW	105	3300.000000	0.000000	3630.000000	2026-08-17	NULL	2026-08-17	0.000000	NULL	13
GP-NM	PM0000650	LABEL 500 MLS EXTRA VIRGIN FRONT RC OLD	105	3300.000000	0.000000	3630.000000	2026-08-17	NULL	2026-08-17	0.000000	NULL	13
GP-NM	PM0000648	LABEL 500 MLS EXTRA VIRGIN FRONT VICTORY NEW	105	3300.000000	0.000000	3630.000000	2026-08-17	NULL	2026-08-17	0.000000	NULL	13
GP-NM	PM0000609	LABEL 15 KGS REFINED SOYBEAN OIL PCS	105	2189.000000	0.000000	3545.000000	2026-07-28	NULL	2026-07-28	0.000000	NULL	33
GP-NM	PM0000128	CARTON 500 MLS 24 PCS	105	138.690000	0.000000	3537.000000	2026-08-17	2026-08-03	2026-07-27	765.000000	27	13
GP-NM	PM0000638	LABEL 1000 MLS  EXTRA VIRGIN FRONT VICTORY OLD	105	4300.000000	0.000000	3522.000000	2026-08-17	NULL	2026-07-27	0.000000	NULL	13
GP-NM	PM0000589	CARTON PET BOTTLE 100 ML 20 PCS	105	349.000000	0.000000	3440.000000	2026-08-17	NULL	2026-08-03	0.000000	NULL	13
GP-NM	PM0000652	LABEL 500 MLS EXTRA VIRGIN FRONT RC NEW	105	3100.000000	0.000000	3410.000000	2026-08-17	NULL	2026-08-17	0.000000	NULL	13
GP-NM	PM0000117	LABEL 3 LTR COLD PRESS BACK	105	3442.000000	0.000000	3339.000000	2026-08-17	NULL	2026-07-27	0.000000	NULL	13
GP-NM	PM0000232	LABEL 5 LTR SUNFLOWER BACK	105	3151.000000	0.000000	3309.000000	2026-08-17	NULL	2026-08-17	0.000000	NULL	13
GP-NM	PM0000503	LABEL 1 LTR POMACE FRONT ZANO	105	1723.000000	0.000000	3274.000000	2026-08-17	NULL	2026-08-17	0.000000	NULL	13
GP-NM	PM0000339	WAD GLASS JAR COFFEE 63 MM	105	2500.000000	0.000000	3250.000000	2026-08-17	NULL	2026-08-17	0.000000	NULL	13
GP-NM	PM0000577	LABEL 900 GM  MUSTARD BACK  SANO	105	14100.000000	0.000000	3102.000000	2026-07-27	NULL	2026-07-27	0.000000	NULL	34
GP-NM	PM0000629	CARTON TIN TOP	105	962.000000	0.000000	3088.000000	2026-08-17	NULL	2026-08-17	0.000000	NULL	13
GP-NM	PM0000646	LABEL 500 MLS EXTRA VIRGIN FRONT VICTORY OLD	105	2800.000000	0.000000	3080.000000	2026-08-17	NULL	2026-08-17	0.000000	NULL	13
GP-NM	PM0000647	LABEL 500 MLS EXTRA VIRGIN BACK VICTORY OLD	105	2800.000000	0.000000	3080.000000	2026-08-17	NULL	2026-08-17	0.000000	NULL	13
GP-NM	PM0000151	CAPS 31.5 MM	105	2444.000000	0.000000	2933.000000	2026-07-28	NULL	2026-07-28	0.000000	NULL	33
GP-NM	PM0000108	LABEL 1 LTR POMACE FRONT	105	7668.000000	0.000000	2914.000000	2026-08-17	NULL	2026-07-27	0.000000	NULL	13
GP-NM	PM0000038	LABEL 2 LTR PAKKI GHANI BACK	105	3725.000000	0.000000	2906.000000	2026-08-17	NULL	2026-07-28	0.000000	NULL	13
GP-NM	PM0000656	GLASS BOTTLE 250 ML	105	233.000000	0.000000	2767.000000	2026-08-17	NULL	2026-08-17	0.000000	NULL	13
GP-NM	PM0000444	WAD PET JAR 500 MLS DESI GHEE 73 MM	105	2000.000000	0.000000	2755.000000	2026-08-17	NULL	2026-08-17	0.000000	NULL	13
GP-NM	PM0000694	PET BOTTLE 1 LTR VEDAKA	105	184.000000	0.000000	2740.000000	2026-07-28	NULL	2026-07-28	0.000000	NULL	33
GP-NM	PM0000246	CARTON 5 LTR 5 PCS	105	82.400000	0.000000	2699.000000	2026-07-28	2026-08-17	2025-10-23	8.600000	13	33
GP-NM	PM0000020	LABEL 1 LTR KACHCHI GHANI FRONT	105	10669.000000	0.000000	2667.000000	2026-08-17	NULL	2026-08-17	0.000000	NULL	13
GP-NM	PM0000760	LABEL 5 LTR CP MUSTARD OIL VEDAKA BACK	105	630.000000	0.000000	2630.000000	2026-08-17	NULL	2026-07-27	0.000000	NULL	13
GP-NM	PM0000378	LABEL 1 LTR SOYABEAN FRONT SANO	105	2840.000000	0.000000	2414.000000	2026-08-17	NULL	2026-08-17	0.000000	NULL	13
GP-NM	PM0000029	LABEL 15 LTR COLD PRESS KACHCHI GHANI	105	891.000000	0.000000	2386.000000	2026-08-17	NULL	2026-07-27	0.000000	NULL	13
GP-NM	PM0000498	PET BOTTLE 500 MLS 34 GMS GREEN	105	339.000000	0.000000	2332.000000	2026-08-17	NULL	2026-08-17	0.000000	NULL	13
GP-NM	PM0000535	LABEL 5 LTR COLD PRESS BACK 994	105	2196.200000	0.000000	2314.000000	2026-08-17	2026-07-28	2026-07-27	6000.000000	33	13
GP-NM	PM0000059	CAPS 1 & 2 LTR WHITE AND ORANGE WITH LOGO	105	2178.000000	0.000000	2287.000000	2026-08-17	NULL	2026-08-17	0.000000	NULL	13
GP-NM	PM0000670	LABEL 4 LTR KACHCHI GHANI FRONT	105	1565.000000	0.000000	2239.000000	2026-08-17	NULL	2026-07-28	0.000000	NULL	13
GP-NM	PM0000409	CARTON 1 LTR POMACE 16 PCS PLAIN	105	85.180000	0.000000	2226.000000	2026-08-17	NULL	2026-07-27	0.000000	NULL	13
GP-NM	PM0000560	PET BOTTLE 2 LTR 80 GRM (GREEN HANDLE)	105	106.000000	0.000000	2215.000000	2026-08-17	NULL	2026-08-01	0.000000	NULL	13
GP-NM	PM0000642	LABEL 1000 MLS EXTRA VIRGIN FRONT RC OLD	105	2800.000000	0.000000	2209.000000	2026-08-17	NULL	2026-08-17	0.000000	NULL	13
GP-NM	PM0000643	LABEL 1000 MLS EXTRA VIRGIN BACK RC OLD	105	2800.000000	0.000000	2209.000000	2026-08-17	NULL	2026-08-17	0.000000	NULL	13
GP-NM	PM0000418	LABEL 2 LTR EXTRA VIRGIN OLIVE OIL BACK	105	1027.000000	0.000000	2157.000000	2026-08-17	NULL	2026-08-17	0.000000	NULL	13
GP-NM	PM0000522	LABEL 1 LTR RICE BRAN OIL FRONT	105	3570.000000	0.000000	2142.000000	2026-08-17	NULL	2026-08-17	0.000000	NULL	13
GP-NM	PM0000523	LABEL 1 LTR RICE BRAN OIL BACK	105	3539.000000	0.000000	2123.000000	2026-08-17	NULL	2026-08-17	0.000000	NULL	13
GP-NM	PM0000231	LABEL 1 LTR SUNFLOWER BACK	105	6865.000000	0.000000	2060.000000	2026-08-17	NULL	2026-07-27	0.000000	NULL	13
GP-NM	PM0000890	LABEL 12 KG REFINED SOYABEAN OIL	105	587.000000	0.000000	2055.000000	2026-08-17	NULL	2026-08-17	0.000000	NULL	13
GP-NM	PM0000022	LABEL 1 LTR PAKKI GHANI BACK	105	9309.000000	0.000000	2048.000000	2026-08-17	NULL	2026-07-28	0.000000	NULL	13
GP-NM	PM0000428	LABEL 5 LTR GROUNDNUT BACK	105	1926.000000	0.000000	2022.000000	2026-08-17	2026-07-29	2026-07-28	3150.000000	32	13
GP-NM	PM0000370	LABEL 1 LTR MUSTARD FRONT SANO	105	8233.000000	0.000000	1990.000000	2026-08-17	NULL	2026-07-28	0.000000	NULL	13
GP-NM	PM0000377	LABEL 1 LTR SOYABEAN BACK SANO	105	2840.000000	0.000000	1988.000000	2026-08-17	NULL	2026-08-17	0.000000	NULL	13
GP-NM	PM0000726	CAPS 1 & 2 LTR WHITE AND MINT-GREEN WITH LOGO SO	105	1836.000000	0.000000	1928.000000	2026-08-17	NULL	2026-08-17	0.000000	NULL	13
GP-NM	PM0000077	TIN 5 LTR EXTRA LIGHT OLIVE PRINTED	105	25.000000	0.000000	1913.000000	2026-07-27	2026-08-17	2026-07-27	237.000000	13	34
GP-NM	PM0000352	LABEL 250 MLS PAIN OIL BACK	105	1411.000000	0.000000	1905.000000	2026-08-17	NULL	2026-08-17	0.000000	NULL	13
GP-NM	PM0000351	LABEL 250 MLS PAIN OIL FRONT	105	1411.000000	0.000000	1905.000000	2026-08-17	NULL	2026-08-17	0.000000	NULL	13
GP-NM	PM0000259	TIN 5 LTR EXTRA VIRGIN OLIVE PRINTED IMPORTED	105	18.000000	0.000000	1890.000000	2026-07-27	2026-08-17	2026-07-27	20.000000	13	34
GP-NM	PM0000634	CARTON 1 LTR 20 PCS SANO	105	54.800000	0.000000	1818.000000	2026-08-12	2026-08-17	2026-07-27	1.200000	13	18
GP-NM	PM0000194	PET BOTTLE 1 LTR 40 GMS	105	264.000000	0.000000	1795.000000	2026-07-27	2026-07-31	2026-07-27	2198.000000	30	34
GP-NM	PM0000233	LABEL 5 LTR SUNFLOWER FRONT	105	1595.000000	0.000000	1675.000000	2026-08-17	NULL	2026-08-17	0.000000	NULL	13
GP-NM	PM0000492	LABEL 5 LTR RICE BRAN & OLIVE OIL FRONT B.B	105	573.000000	0.000000	1662.000000	2026-08-17	NULL	2026-08-17	0.000000	NULL	13
GP-NM	PM0000019	LABEL 1 LTR KACHCHI GHANI BACK	105	6588.000000	0.000000	1647.000000	2026-08-17	NULL	2026-08-17	0.000000	NULL	13
GP-NM	PM0000639	LABEL 1000 MLS EXTRA VIRGIN BACK VICTORY OLD	105	2000.000000	0.000000	1638.000000	2026-08-17	NULL	2026-08-17	0.000000	NULL	13
GP-NM	PM0000015	LABEL 1 LTR COLD PRESS FRONT	105	10549.000000	0.000000	1581.000000	2026-08-17	2026-07-31	2024-09-30	10000.000000	30	13
GP-NM	PM0000727	CAPS 1 & 2 LTR WHITE AND RED-ORANGE WITH LOGO YMO	105	1505.000000	0.000000	1580.000000	2026-08-17	NULL	2026-08-17	0.000000	NULL	13
GP-NM	PM0000864	LABEL 1 LTR CANOLA FRONT (NIRMAL RISHI)	105	5180.000000	0.000000	1554.000000	2026-08-17	2026-08-29	2026-07-28	32160.000000	1	13
GP-NM	PM0000838	CARTON 2 LTR 10 PCS HANDLE BOTTLE PLAIN	105	45.000000	0.000000	1530.000000	2026-08-17	NULL	2026-07-27	0.000000	NULL	13
GP-NM	PM0000427	LABEL 5 LTR GROUNDNUT FRONT	105	1441.000000	0.000000	1513.000000	2026-08-17	2026-07-29	2026-07-28	3550.000000	32	13
GP-NM	PM0000697	PET BOTTLE 2 LTR 80 GM OLIVE GREEN HANDLE VEDAKA	105	72.000000	0.000000	1454.000000	2026-08-17	NULL	2026-08-17	0.000000	NULL	13
GP-NM	PM0000861	LABEL 1 LTR GOLD FULL	105	1752.000000	0.000000	1419.000000	2026-08-17	NULL	2026-08-17	0.000000	NULL	13
GP-NM	PM0000524	LABEL 5 LTR RICE BRAN OIL FRONT	105	1495.000000	0.000000	1405.000000	2026-08-17	NULL	2026-08-17	0.000000	NULL	13
GP-NM	PM0000219	LABEL 100 ML PET BOTTLE  EXTRA LIGHT BACK	105	8940.000000	0.000000	1353.000000	2026-07-28	2026-08-17	2026-07-27	5448.000000	13	33
GP-NM	PM0000835	TIN 5 LTR FP YELLOW MUSTARD OIL PRINTED	105	15.000000	0.000000	1350.000000	2026-08-17	NULL	2026-08-17	0.000000	NULL	13
GP-NM	PM0000218	LABEL 100 ML PET BOTTLE  EXTRA LIGHT FRONT	105	8816.000000	0.000000	1322.000000	2026-07-28	2026-08-17	2026-07-27	5878.000000	13	33
GP-NM	PM0000012	CARTON 5 LTR 3 PCS	105	38.330000	0.000000	1271.000000	2026-08-17	NULL	2026-08-17	0.000000	NULL	13
GP-NM	PM0000525	LABEL 5 LTR RICE BRAN OIL BACK	105	1365.000000	0.000000	1251.000000	2026-08-17	NULL	2026-08-17	0.000000	NULL	13
GP-NM	PM0000039	LABEL 2 LTR PAKKI GHANI FRONT	105	1530.000000	0.000000	1193.000000	2026-08-17	NULL	2026-08-17	0.000000	NULL	13
GP-NM	PM0000424	CAP 5 LTR TIN IMPORTANT	105	177.000000	0.000000	1168.000000	2026-07-28	2026-01-14	2025-02-11	0.000000	228	33
GP-NM	PM0000567	CAPS 1 LTR WHITE AND ORANGE (SMALL) PLAIN	105	1855.000000	0.000000	1132.000000	2026-08-17	NULL	2026-08-17	0.000000	NULL	13
GP-NM	PM0000819	CARTON 1 LTR 20 PCS PLAIN	105	31.850000	0.000000	1128.000000	2026-08-17	NULL	2026-08-17	0.000000	NULL	13
GP-NM	PM0000056	PET BOTTLE 100 MLS BOTTLES	105	417.000000	0.000000	1126.000000	2026-08-17	NULL	2026-08-17	0.000000	NULL	13
GP-NM	PM0000417	LABEL 2 LTR EXTRA VIRGIN OLIVE OIL FRONT	105	527.000000	0.000000	1107.000000	2026-08-17	NULL	2026-08-17	0.000000	NULL	13
GP-NM	PM0000663	CAPS INNER GLASS BOTTLE 100 MLS	105	4936.000000	0.000000	1086.000000	2026-07-28	2026-08-17	2026-07-28	64.000000	13	33
GP-NM	PM0000696	CAPS 1 & 2 LTR  VEDAKA	105	1074.000000	0.000000	1074.000000	2026-07-28	NULL	2026-07-28	0.000000	NULL	33
GP-NM	PM0000279	CARTON MONO A2 DESI GHEE 1 LTR	105	22.000000	0.000000	1017.000000	2026-08-17	NULL	2026-08-17	0.000000	NULL	13
GP-NM	PM0000821	LABEL 15 LTR EXTRA VIRGIN COCONUT OIL	105	273.000000	0.000000	996.000000	2026-08-17	NULL	2026-08-17	0.000000	NULL	13
GP-NM	PM0000289	LABEL 5 LTR SOYABEAN FRONT	105	440.000000	0.000000	880.000000	2026-07-28	2026-08-17	2026-07-27	1187.000000	13	33
GP-NM	PM0000729	CAPS INNER PET BOTTLE 250 MLS	105	3961.000000	0.000000	871.000000	2026-07-27	2026-08-17	2026-07-27	6039.000000	13	34
GP-NM	PM0000107	LABEL 1 LTR POMACE BACK	105	2261.000000	0.000000	859.000000	2026-08-17	NULL	2026-08-17	0.000000	NULL	13
GP-NM	PM0000755	LABEL 1 LTR CP MUSTARD OIL VEDAKA FRONT	105	500.000000	0.000000	780.000000	2026-08-17	NULL	2026-08-17	0.000000	NULL	13
GP-NM	PM0000391	PET JAR 35 GMS 200 GMS SEEDS	105	59.000000	0.000000	748.000000	2026-07-28	NULL	2026-07-28	0.000000	NULL	33
GP-NM	PM0000854	LABEL 10 ML EXTRA VIRGIN OLIVE OIL	105	1060.000000	0.000000	742.000000	2026-08-17	NULL	2026-08-17	0.000000	NULL	13
GP-NM	PM0000402	TIKKI 1 LTR POMACE OLIVE FREE	105	4151.000000	0.000000	706.000000	2026-08-17	NULL	2026-07-28	0.000000	NULL	13
GP-NM	PM0000658	CARTON 250 MLS GLASS BOTTLE 4 PCS	105	107.000000	0.000000	696.000000	2026-08-17	NULL	2026-07-28	0.000000	NULL	13
GP-NM	PM0000751	LABEL 1 LTR POMACE BACK LE CHEF	105	432.000000	0.000000	691.000000	2026-08-17	NULL	2026-08-17	0.000000	NULL	13
GP-NM	PM0000750	LABEL 1 LTR POMACE FRONT LE CHEF	105	432.000000	0.000000	691.000000	2026-08-17	NULL	2026-08-17	0.000000	NULL	13
GP-NM	PM0000126	LABEL 500 MLS COLD PRESS FRONT	105	8142.000000	0.000000	690.000000	2026-08-17	2025-03-05	2024-09-30	0.000000	543	13
GP-NM	PM0000357	HDPE BOTTLE 5 LTR DARK GREEN	105	20.000000	0.000000	679.000000	2026-08-17	NULL	2026-08-17	0.000000	NULL	13
GP-NM	PM0000759	LABEL 5 LTR CP MUSTARD OIL VEDAKA FRONT	105	156.000000	0.000000	663.000000	2026-08-17	NULL	2026-07-27	0.000000	NULL	13
GP-NM	PM0000615	CARTON 1 LTR 12 PCS VICTORY	105	29.330000	0.000000	645.000000	2026-07-28	2026-08-17	2026-07-27	248.670000	13	33
GP-NM	PM0000886	LABEL 869 GM CP MUSTARD OIL BACK	105	2050.000000	0.000000	615.000000	2026-08-17	NULL	2026-08-17	0.000000	NULL	13
GP-NM	PM0000908	LABEL 500 ML CP GROUNDNUT FRONT	105	1808.000000	0.000000	615.000000	2026-08-17	NULL	2026-08-17	0.000000	NULL	13
GP-NM	PM0000909	LABEL 500 ML CP GROUNDNUT BACK	105	1808.000000	0.000000	615.000000	2026-08-17	NULL	2026-08-17	0.000000	NULL	13
GP-NM	PM0000182	CARTON 3 LTR 6 PCS	105	21.500000	0.000000	602.000000	2026-08-17	2026-08-05	2026-07-27	195.000000	25	13
GP-NM	PM0000756	LABEL 1 LTR CP MUSTARD OIL VEDAKA BACK	105	400.000000	0.000000	600.000000	2026-08-17	NULL	2026-08-17	0.000000	NULL	13
GP-NM	PM0000051	LABEL 5 LTR REFINED BACK	105	285.000000	0.000000	570.000000	2026-07-28	2026-08-17	2026-07-27	1121.000000	13	33
GP-NM	PM0000162	SHRINKS NECK MUSLI & DESI GHEE GLASS JAR	105	1600.000000	0.000000	560.000000	2026-08-17	NULL	2026-08-17	0.000000	NULL	13
GP-NM	PM0000681	LABEL DESI GHEE 500 GMS (KIRPA)	105	350.000000	0.000000	543.000000	2026-08-17	NULL	2026-08-17	0.000000	NULL	13
GP-NM	PM0000901	LABEL 200 ML CP KACHI GHANI BACK	105	2380.000000	0.000000	524.000000	2026-08-17	NULL	2026-08-17	0.000000	NULL	13
GP-NM	PM0000900	LABEL 200 ML CP KACHI GHANI FRONT	105	2360.000000	0.000000	519.000000	2026-08-17	NULL	2026-08-17	0.000000	NULL	13
GP-NM	PM0000104	PET JAR DESI GHEE 500 MLS 29 GRM	105	42.000000	0.000000	496.000000	2026-08-17	NULL	2026-07-28	0.000000	NULL	13
GP-NM	PM0000049	LABEL 5 LTR PAKKI GHANI BACK	105	246.000000	0.000000	492.000000	2026-08-17	NULL	2026-08-17	0.000000	NULL	13
GP-NM	PM0000050	LABEL 5 LTR PAKKI GHANI FRONT	105	245.000000	0.000000	490.000000	2026-08-17	NULL	2026-08-17	0.000000	NULL	13
GP-NM	PM0000626	PET JAR DESI GHEE 1000 MLS (70 GMS)	105	28.000000	0.000000	476.000000	2026-07-28	2026-08-17	2026-07-28	30.000000	13	33
GP-NM	PM0000885	LABEL 869 GM CP MUSTARD OIL FRONT	105	1560.000000	0.000000	468.000000	2026-08-17	NULL	2026-08-17	0.000000	NULL	13
GP-NM	PM0000416	LABEL 500 MLS EXTRA VIRGIN COCONUT BACK	105	1177.000000	0.000000	468.000000	2026-08-17	NULL	2026-08-17	0.000000	NULL	13
GP-NM	PM0000415	LABEL 500 MLS EXTRA VIRGIN COCONUT FRONT	105	1177.000000	0.000000	468.000000	2026-08-17	NULL	2026-08-17	0.000000	NULL	13
GP-NM	PM0000285	CARTON 500 MLS DESI GHEE 16 PCS	105	11.620000	0.000000	465.000000	2026-07-28	2026-08-17	2024-12-19	204.380000	13	33
GP-NM	PM0000520	LABEL 5 LTR SO OLIVE BACK	105	188.000000	0.000000	414.000000	2026-08-17	NULL	2026-08-17	0.000000	NULL	13
GP-NM	PM0000155	SHRINKS NECK 500 MLS PRINTED EXTRA VIRGIN OLIVE	105	1002.000000	0.000000	401.000000	2026-08-17	NULL	2026-08-17	0.000000	NULL	13
GP-NM	PM0000826	LABEL 15 LTR PRESSED SESAME OIL BACK	105	104.000000	0.000000	380.000000	2026-08-17	NULL	2026-08-17	0.000000	NULL	13
GP-NM	PM0000392	LABEL 100 MLS MUSTARD BACK	105	1860.000000	0.000000	372.000000	2026-08-17	NULL	2026-08-17	0.000000	NULL	13
GP-NM	PM0000118	LABEL 3 LTR COLD PRESS FRONT	105	379.000000	0.000000	368.000000	2026-08-17	NULL	2026-08-17	0.000000	NULL	13
GP-NM	PM0000348	LABEL 250 MLS EXTRA VIRGIN GLASS BOTTLE BACK	105	582.000000	0.000000	349.000000	2026-08-17	2026-07-29	2026-07-28	7300.000000	32	13
GP-NM	PM0000843	LABEL 2 LTR CP MUSTARD OIL HANDLE BOTTLE BACK LA RASOI	105	183.000000	0.000000	348.000000	2026-08-17	NULL	2026-08-17	0.000000	NULL	13
GP-NM	PM0000421	LABEL 500 MLS EXTRA VIRGIN OLIVE OIL FRONT	105	598.000000	0.000000	323.000000	2026-08-17	NULL	2026-08-17	0.000000	NULL	13
GP-NM	PM0000422	LABEL 500 MLS EXTRA VIRGIN OLIVE OIL BACK	105	598.000000	0.000000	323.000000	2026-08-17	NULL	2026-08-17	0.000000	NULL	13
GP-NM	PM0000880	LABEL 2 LTR GROUNDNUT HANDLE BOTTLE BACK	105	120.000000	0.000000	312.000000	2026-08-17	NULL	2026-08-17	0.000000	NULL	13
GP-NM	PM0000881	LABEL 2 LTR GROUNDNUT HANDLE BOTTLE FRONT	105	120.000000	0.000000	312.000000	2026-08-17	NULL	2026-08-17	0.000000	NULL	13
GP-NM	PM0000425	LABEL 1 LTR GROUNDNUT FRONT	105	817.000000	0.000000	310.000000	2026-07-28	2026-08-17	2026-07-28	1183.000000	13	33
GP-NM	PM0000892	LABEL 1 LTR PRESSED SUNFLOWER OIL FRONT	105	236.000000	0.000000	307.000000	2026-08-17	NULL	2026-08-17	0.000000	NULL	13
GP-NM	PM0000690	LABEL 1 LTR PRESSED SESAME OIL FRONT	105	231.000000	0.000000	300.000000	2026-08-17	NULL	2026-08-17	0.000000	NULL	13
GP-NM	PM0000834	TIN 3 LTR EXTRA VIRGIN OLIVE OIL PRINTED	105	6.000000	0.000000	300.000000	2026-08-17	NULL	2026-08-17	0.000000	NULL	13
GP-NM	PM0000224	TIKKI 1+1 COMBO PACK 650	105	892.000000	0.000000	285.000000	2026-08-17	NULL	2026-08-17	0.000000	NULL	13
GP-NM	PM0000240	CARTON 1 KGS RICE 4 PCS CSD	105	16.500000	0.000000	279.000000	2026-08-17	NULL	2026-08-17	0.000000	NULL	13
GP-NM	PM0000365	LABEL 1 LTR CANOLA BACK SANO	105	675.000000	0.000000	250.000000	2026-08-17	NULL	2026-07-28	0.000000	NULL	13
GP-NM	PM0000672	SHRINK ROLL POF GM	105	1.340000	0.000000	245.000000	2026-08-17	NULL	2026-08-17	0.000000	NULL	13
GP-NM	PM0000868	LABEL 15 LTR SANO POMACE	105	67.000000	0.000000	241.000000	2026-08-17	2026-07-29	2026-07-28	788.000000	32	13
GP-NM	PM0000893	LABEL 1 LTR PRESSED SUNFLOWER OIL BACK	105	179.000000	0.000000	233.000000	2026-08-17	NULL	2026-08-17	0.000000	NULL	13
GP-NM	PM0000863	LABEL 5 LTR CANOLA FRONT (NIRMAL RISHI)	105	237.000000	0.000000	225.000000	2026-08-17	2026-07-29	2026-07-28	200.000000	32	13
GP-NM	PM0000862	CAP 10 ML	105	237.000000	0.000000	213.000000	2026-08-17	NULL	2026-08-17	0.000000	NULL	13
GP-NM	PM0000689	LABEL 1 LTR POMACE BACK HANNA	105	300.000000	0.000000	209.000000	2026-07-28	NULL	2026-07-28	0.000000	NULL	33
GP-NM	PM0000688	LABEL 1 LTR POMACE FRONT HANNA	105	300.000000	0.000000	209.000000	2026-07-28	NULL	2026-07-28	0.000000	NULL	33
GP-NM	PM0000846	LABEL 2 LTR CP MUSTARD OIL HENDLE BOTTLE FRONT LA RASOI	105	105.000000	0.000000	200.000000	2026-08-17	NULL	2026-08-17	0.000000	NULL	13
GP-NM	PM0000604	POUCH SANO SOYABEAN OIL SANO 850 GMS 12 PCS	105	0.750000	0.000000	193.000000	2026-08-17	NULL	2026-08-17	0.000000	NULL	13
GP-NM	PM0000588	CARTON PET BOTTLE 100 ML 10 PCS	105	23.000000	0.000000	191.000000	2026-08-17	NULL	2026-08-17	0.000000	NULL	13
GP-NM	PM0000491	LABEL 1 LTR COLD PRESS BACK B.B	105	180.000000	0.000000	180.000000	2026-07-27	2026-08-17	2026-07-27	3820.000000	13	34
GP-NM	PM0000260	TIN 5 LTR SO OLIVE PRINTED	105	2.000000	0.000000	172.000000	2026-07-28	NULL	2026-07-27	0.000000	NULL	33
GP-NM	PM0000669	LABEL 4 LTR KACHCHI GHANI BACK	105	79.000000	0.000000	158.000000	2026-08-17	2026-07-29	2026-07-28	300.000000	32	13
GP-NM	PM0000041	LABEL 2 LTR REFINED BACK	105	127.000000	0.000000	155.000000	2026-07-27	2026-08-17	2026-07-27	373.000000	13	34
GP-NM	PM0000682	LABEL DESI GHEE 1000 LTR (KIRPA)	105	50.000000	0.000000	150.000000	2026-08-17	NULL	2026-08-17	0.000000	NULL	13
GP-NM	PM0000740	HDPE BOTTLE 5 LTR RED VEDAKA	105	4.000000	0.000000	139.000000	2026-08-17	NULL	2026-08-17	0.000000	NULL	13
GP-NM	PM0000866	LABEL 200 ML CP GROUNDNUT OIL FRONT	105	1130.000000	0.000000	136.000000	2026-07-28	2026-08-17	2026-07-28	2545.000000	13	33
GP-NM	PM0000865	LABEL 200 ML CP GROUNDNUT OIL BACK	105	1130.000000	0.000000	136.000000	2026-07-28	2026-08-17	2026-07-28	2545.000000	13	33
GP-NM	PM0000122	TIKKI 100 MLS	105	823.000000	0.000000	123.000000	2026-08-17	NULL	2026-08-17	0.000000	NULL	13
GP-NM	PM0000488	LABEL 1 LTR RICE BRAN & OLIVE OIL FRONT B.B	105	66.000000	0.000000	119.000000	2026-07-28	2026-08-17	2026-07-28	1934.000000	13	33
GP-NM	PM0000718	LABEL 1 LTR PRESSED MUSTARD OIL FRONT	105	91.000000	0.000000	118.000000	2026-08-17	NULL	2026-08-17	0.000000	NULL	13
GP-NM	PM0000719	LABEL 1 LTR PRESSED MUSTARD OIL BACK	105	86.000000	0.000000	112.000000	2026-08-17	NULL	2026-08-17	0.000000	NULL	13
GP-NM	PM0000494	LABEL 5 LTR COLD PRESS CANOLA FRONT B.B	105	38.000000	0.000000	110.000000	2026-08-17	NULL	2026-08-17	0.000000	NULL	13
GP-NM	PM0000393	LABEL 100 MLS MUSTARD FRONT	105	540.000000	0.000000	108.000000	2026-08-17	NULL	2026-08-17	0.000000	NULL	13
GP-NM	PM0000831	TIN 3 LTR EXTRA LIGHT OLIVE PRINTED	105	2.000000	0.000000	100.000000	2026-08-17	NULL	2026-08-17	0.000000	NULL	13
GP-NM	PM0000836	TIN 3 LTR EXTRA  VIRGIN CANOLA OIL PRINTED	105	2.000000	0.000000	100.000000	2026-08-17	NULL	2026-08-17	0.000000	NULL	13
GP-NM	PM0000385	LABEL 1 LTR POMACE BACK SANO	105	284.000000	0.000000	99.000000	2026-07-28	2026-08-17	2026-07-28	1228.000000	13	33
GP-NM	PM0000877	TIKKI BARCODE CSD KGMO 5 LTR	105	275.000000	0.000000	96.000000	2026-08-17	NULL	2026-07-28	0.000000	NULL	13
GP-NM	PM0000496	LABEL 1 LTR TIKKI B.B	105	86.000000	0.000000	86.000000	2026-08-17	NULL	2026-08-17	0.000000	NULL	13
GP-NM	PM0000403	TIKKI 100 MLS MUSTARD FREE	105	552.000000	0.000000	83.000000	2026-08-17	2026-08-01	2026-07-28	674.000000	29	13
GP-NM	PM0000495	LABEL 5 LTR COLD PRESS CANOLA BACK B.B	105	38.000000	0.000000	80.000000	2026-08-17	NULL	2026-08-17	0.000000	NULL	13
GP-NM	PM0000345	LABEL 1 LTR EXTRA VIRGIN COCONUT BACK	105	115.000000	0.000000	78.000000	2026-08-17	NULL	2026-08-17	0.000000	NULL	13
GP-NM	PM0000895	LABEL 15 KG REFINED RICE BRAN OIL	105	22.000000	0.000000	77.000000	2026-08-17	NULL	2026-08-17	0.000000	NULL	13
GP-NM	PM0000344	LABEL 1 LTR EXTRA VIRGIN COCONUT FRONT	105	115.000000	0.000000	75.000000	2026-08-17	NULL	2026-08-17	0.000000	NULL	13
GP-NM	PM0000007	CARTON 1 LTR 6 PCS	105	5.000000	0.000000	69.000000	2026-07-27	2026-02-24	2025-10-23	0.000000	187	34
GP-NM	PM0000287	LABEL 1 LTR SOYABEAN BACK	105	301.000000	0.000000	66.000000	2026-08-17	NULL	2026-08-01	0.000000	NULL	13
GP-NM	PM0000518	LABEL 1 LTR SO OLIVE FRONT	105	50.000000	0.000000	63.000000	2026-08-17	NULL	2026-08-17	0.000000	NULL	13
GP-NM	PM0000519	LABEL 1 LTR SO OLIVE BACK	105	50.000000	0.000000	63.000000	2026-08-17	NULL	2026-08-17	0.000000	NULL	13
GP-NM	PM0000281	LABEL 1 LTR A2 DESI GHEE ORGANIC	105	30.000000	0.000000	60.000000	2026-08-17	NULL	2026-08-17	0.000000	NULL	13
GP-NM	PM0000493	LABEL 5 LTR RICE BRAN & OLIVE OIL BACK B.B	105	28.000000	0.000000	55.000000	2026-08-17	NULL	2026-07-27	0.000000	NULL	13
GP-NM	PM0000490	LABEL 1 LTR COLD PRESS FRONT B.B	105	30.000000	0.000000	54.000000	2026-07-27	2026-08-17	2026-07-27	2070.000000	13	34
GP-NM	PM0000887	LABEL 200 LTR POMACE SANO	105	14.000000	0.000000	51.000000	2026-08-17	NULL	2026-07-27	0.000000	NULL	13
GP-NM	PM0000874	TIKKI BARCODE CSD 1 LTR EV	105	140.000000	0.000000	49.000000	2026-08-17	NULL	2026-07-28	0.000000	NULL	13
GP-NM	PM0000876	TIKKI BARCODE CSD EXTRA LIGHT 1 LTR	105	134.000000	0.000000	45.000000	2026-08-17	NULL	2026-07-28	0.000000	NULL	13
GP-NM	PM0000873	TIKKI BARCODE CSD 1 LTR POMACE	105	115.000000	0.000000	40.000000	2026-08-17	NULL	2026-07-28	0.000000	NULL	13
GP-NM	PM0000815	LABEL 500 ML PURE TOASTED SESAME OIL BACK	105	38.000000	0.000000	38.000000	2026-08-17	NULL	2026-08-17	0.000000	NULL	13
GP-NM	PM0000816	LABEL 500 ML PURE TOASTED SESAME OIL FRONT	105	38.000000	0.000000	38.000000	2026-08-17	NULL	2026-08-17	0.000000	NULL	13
GP-NM	PM0000875	TIKKI BARCODE CSD 500 ML EV	105	106.000000	0.000000	37.000000	2026-08-17	NULL	2026-07-28	0.000000	NULL	13
GP-NM	PM0000366	LABEL 1 LTR CANOLA FRONT SANO	105	92.000000	0.000000	34.000000	2026-08-17	NULL	2026-08-17	0.000000	NULL	13
GP-NM	PM0000394	CAP 100MLS/250MLS PET BOTTLE 1810 LONG NECK	105	31.000000	0.000000	29.000000	2026-08-17	NULL	2026-08-17	0.000000	NULL	13
GP-NM	PM0000275	CAPS GLASS JAR 82 MM A2 DESI GHEE 1 LTR & 500 MLS	105	6.000000	0.000000	27.000000	2026-08-17	NULL	2026-08-17	0.000000	NULL	13
GP-NM	PM0000871	TIKKI BARCODE CSD 1 LTR COCONUT EV	105	75.000000	0.000000	26.000000	2026-07-28	2026-08-17	2026-07-28	139.000000	13	33
GP-NM	PM0000379	LABEL 5 LTR SOYABEAN BACK SANO	105	11.000000	0.000000	24.000000	2026-08-17	NULL	2026-08-17	0.000000	NULL	13
GP-NM	PM0000380	LABEL 5 LTR SOYABEAN FRONT SANO	105	11.000000	0.000000	24.000000	2026-08-17	NULL	2026-08-17	0.000000	NULL	13
GP-NM	PM0000465	LABEL 13 KGS REFINED COTTON SEED OIL	105	11.000000	0.000000	18.000000	2026-08-17	NULL	2026-08-17	0.000000	NULL	13
GP-NM	PM0000286	LABEL 1 LTR SOYABEAN FRONT	105	80.000000	0.000000	18.000000	2026-08-17	2026-08-01	2026-07-28	3000.000000	29	13
GP-NM	PM0000367	LABEL 5 LTR CANOLA BACK SANO	105	8.000000	0.000000	11.000000	2026-07-28	NULL	2026-07-28	0.000000	NULL	33
GP-NM	PM0000724	CAPS 1 & 2 LTR WHITE AND LIGHT-BROWN WITH LOGO GO	105	9.000000	0.000000	9.000000	2026-08-17	NULL	2026-08-17	0.000000	NULL	13
GP-NM	PM0000245	CARTON 5 LTR 4 PCS PET	105	0.210000	0.000000	7.000000	2026-07-27	2026-08-24	2026-07-27	771.790000	6	34
GP-NM	PM0000396	LABEL 1 LTR GOLD BACK	105	15.000000	0.000000	3.000000	2026-08-17	NULL	2026-08-17	0.000000	NULL	13
GP-NM	PM0000671	POUCH SOYABEAN MULTI ROLLS KGS	105	0.010000	0.000000	3.000000	2026-08-17	NULL	2026-08-17	0.000000	NULL	13
GP-NM	PM0000397	LABEL 1 LTR GOLD FRONT	105	10.000000	0.000000	2.000000	2026-08-17	NULL	2026-08-17	0.000000	NULL	13
GP-NM	PM0000364	LABEL 2 LTR SUNFLOWER HANDEL BOTTLE FRONT	105	1.000000	0.000000	1.000000	2026-08-17	NULL	2026-08-17	0.000000	NULL	13
GP-NM	PM0000363	LABEL 2 LTR SUNFLOWER HANDEL BOTTLE BACK	105	1.000000	0.000000	1.000000	2026-08-17	NULL	2026-08-17	0.000000	NULL	13
GP-NM	PM0000674	LABEL 5 LTR  JAITOON  OIL BACK	105	1.000000	0.000000	1.000000	2026-08-17	NULL	2026-08-17	0.000000	NULL	13
GP-NM	PM0000673	LABEL 5 LTR  JAITOON  OIL FRONT	105	1.000000	0.000000	1.000000	2026-08-17	NULL	2026-08-17	0.000000	NULL	13
GP-NM	PM0000576	LABEL 900 GMS SUNFLOWER BACK  SANO	105	1.000000	0.000000	0.000000	2026-08-17	NULL	2026-08-17	0.000000	NULL	13
GP-NM	PM0000575	LABEL 900 GMS SUNFLOWER FRONT SANO	105	1.000000	0.000000	0.000000	2026-08-17	NULL	2026-08-17	0.000000	NULL	13
GP-NM	PM0000470	CAPS 5 LTR ORANGE	105	4318.000000	0.000000	0.000000	2026-08-17	2026-02-24	2026-02-24	0.000000	187	13
GP-NM	PM0000468	CAPS 5 LTR GREEN	105	6509.000000	0.000000	0.000000	2026-08-17	2026-07-28	2026-07-27	9380.000000	33	13
GP-NM	PM0000469	CAPS 5 LTR BROWN	105	21.000000	0.000000	0.000000	2026-08-17	NULL	2026-08-17	0.000000	NULL	13
GP-NM	PM0000084	PET BOTTLE 5 LTR	105	22.000000	0.000000	-454.000000	2026-08-17	2026-02-01	2024-09-30	0.000000	210	13
GP-NM	PM0000090	LABEL 2 LTR EXTRA LIGHT HANDLE BOTTLE BACK	105	1624.000000	0.000000	-734.000000	2026-08-17	2026-08-01	2024-09-30	5000.000000	29	13
GP-NM	PM0000036	LABEL 2 LTR KACHCHI GHANI FRONT	105	2353.000000	0.000000	-1047.000000	2026-08-17	2026-07-29	2024-09-30	300.000000	32	13
GP-NM	PM0000043	LABEL 200 LTR POMACE FRONT	105	2.000000	0.000000	-1374.000000	2026-07-28	2025-03-05	2024-09-30	0.000000	543	33
GP-NM	PM0000091	LABEL 2 LTR EXTRA LIGHT HANDLE BOTTLE FRONT	105	1645.000000	0.000000	-1469.000000	2026-08-17	2026-08-01	2024-09-30	5000.000000	29	13
GP-NM	PM0000179	CARTON OUTERBOX GIFT PACK 3 BOTTLES EXTRA VIRGIN 10 PCS	105	1.000000	0.000000	-1530.000000	2026-07-28	2026-07-27	2024-09-30	51.000000	34	33
GP-NM	PM0000226	LABEL 4 LTR COLD PRESS BACK	105	4683.000000	0.000000	-1937.000000	2026-08-17	2026-08-10	2024-09-30	20500.000000	20	13
GP-NM	PM0000227	LABEL 4 LTR COLD PRESS FRONT	105	2569.000000	0.000000	-4196.000000	2026-08-17	2026-08-01	2024-09-30	20796.000000	29	13
GP-NM	PM0000307	LABEL 1 LTR PRESSED YELLOW MUSTARD OIL BACK	105	1204.000000	0.000000	-4395.000000	2026-08-17	2025-03-05	2024-09-30	0.000000	543	13
GP-NM	PM0000045	LABEL 5 LTR COLD PRESS BACK 365	105	1956.000000	0.000000	-4447.000000	2026-08-17	2026-08-01	2024-09-30	30250.000000	29	13
GP-NM	PM0000308	LABEL 1 LTR PRESSED YELLOW MUSTARD OIL FRONT	105	1104.000000	0.000000	-4463.000000	2026-08-17	2025-03-05	2024-09-30	0.000000	543	13
GP-NM	PM0000276	CARTON CHOCO 375 GMS CHOCO 4 PCS	105	301.440000	0.000000	-4506.000000	2026-08-17	2026-02-24	2024-09-30	0.000000	187	13
GP-NM	PM0000359	LABEL 5 LTR GOLD FRONT NEW	105	1606.000000	0.000000	-5846.000000	2026-08-17	2025-03-05	2024-09-30	0.000000	543	13
GP-NM	PM0000360	LABEL 5 LTR GOLD BACK NEW	105	1596.000000	0.000000	-6244.000000	2026-08-17	2025-03-05	2024-09-30	0.000000	543	13
GP-NM	PM0000242	LABEL 1 LTR VEDAKA CANOLA BACK	105	1000.000000	0.000000	-6428.000000	2026-08-17	2025-03-05	2024-09-30	0.000000	543	13
GP-NM	PM0000241	LABEL 1 LTR VEDAKA CANOLA FRONT	105	500.000000	0.000000	-7114.000000	2026-08-17	2025-03-05	2024-09-30	0.000000	543	13
GP-NM	PM0000031	LABEL 15 LTR REFINED CANOLA	105	2369.000000	0.000000	-7185.000000	2026-08-17	2026-07-29	2024-09-30	20.000000	32	13
GP-NM	PM0000153	CARTON 500 MLS EXTRA VIRGIN 12 PCS	105	10.160000	0.000000	-15123.000000	2026-08-17	2024-10-25	2024-09-30	0.000000	674	13
GP-NM	PM0000294	TIN 200 MLS PLAIN	105	36.000000	0.000000	-21490.000000	2026-08-17	2026-07-27	2024-09-30	1551.000000	34	13
GP-PM	PM0000659	PET BOTTLE 200 MLS OLIVE OIL GREEN	105	42014.000000	0.000000	134445.000000	2026-02-04	2026-01-27	2025-02-17	0.000000	215	207
GP-PM	PM0000120	CARTON 200 GMS SOYA CHUNK 20 PCS	105	1500.000000	0.000000	44250.000000	2026-07-27	NULL	2026-07-27	0.000000	NULL	34
GP-PM	PM0000102	CAPS 100 MLS GLASS BOTTLE RO 25 MM	105	22999.000000	0.000000	41241.000000	2025-02-19	2026-01-22	2025-02-19	0.000000	220	557
GP-PM	PM0000129	SHRINKS 1 LTR CAP	105	303000.000000	0.000000	31590.000000	2026-07-27	NULL	2026-07-27	0.000000	NULL	34
GP-PM	PM0000294	TIN 200 MLS PLAIN	105	1535.000000	0.000000	21490.000000	2026-07-27	NULL	2026-07-27	0.000000	NULL	34
GP-PM	PM0000295	CAPS 200 MLS TIN	105	2999.000000	0.000000	20993.000000	2026-07-27	NULL	2026-07-27	0.000000	NULL	34
GP-PM	PM0000088	CARTON 200 GMS SOYA CHUNK SMALL	105	3400.000000	0.000000	19040.000000	2026-07-27	NULL	2026-07-27	0.000000	NULL	34
GP-PM	PM0000137	SHRINK 3 LTR COMBO PACK	105	10450.000000	0.000000	17556.000000	2026-07-27	NULL	2026-07-27	0.000000	NULL	34
GP-PM	PM0000209	TIN 5 LTR PLAIN	105	201.000000	0.000000	14472.000000	2026-07-27	NULL	2026-07-27	0.000000	NULL	34
GP-PM	PM0000618	CARTON 500 MLS 12 PCS RC	105	480.000000	0.000000	9840.000000	2026-02-04	2025-04-17	2024-11-16	0.000000	500	207
GP-PM	PM0000616	CARTON 500 MLS 12 PCS VICTORY	105	406.000000	0.000000	8323.000000	2024-11-16	2026-02-01	2024-11-16	0.000000	210	652
GP-PM	PM0000061	CAPS 200 MLS CLIP CAPS	105	35000.000000	0.000000	7237.000000	2026-07-27	NULL	2026-07-27	0.000000	NULL	34
GP-PM	PM0000293	GLASS BOTTLE 1 LTR	105	132.000000	0.000000	5940.000000	2026-07-27	NULL	2026-07-27	0.000000	NULL	34
GP-PM	PM0000099	PET BOTTLE 2 LTR 52 GMS	105	707.000000	0.000000	5840.000000	2026-07-27	NULL	2026-07-27	0.000000	NULL	34
GP-PM	PM0000615	CARTON 1 LTR 12 PCS VICTORY	105	193.000000	0.000000	5713.000000	2024-11-16	2025-10-02	2024-11-16	0.000000	332	652
GP-PM	PM0000153	CARTON 500 MLS EXTRA VIRGIN 12 PCS	105	1826.000000	0.000000	4626.000000	2026-02-03	2025-12-25	2024-09-30	0.000000	248	208
GP-PM	PM0000105	CARTON 1000 MLS DESI GHEE 12 PCS	105	92.000000	0.000000	2392.000000	2026-07-27	NULL	2026-07-27	0.000000	NULL	34
GP-PM	PM0000179	CARTON OUTERBOX GIFT PACK 3 BOTTLES EXTRA VIRGIN 10 PCS	105	51.000000	0.000000	1530.000000	2026-07-27	NULL	2026-07-27	0.000000	NULL	34
GP-PM	PM0000607	CARTON 4 LTR 5 PCS PLAIN	105	2100.000000	0.000000	0.000000	2026-07-27	2025-10-23	2024-10-15	0.000000	311	34
GP-PM	PM0000590	CARTON PET BOTTLE 250 ML 4 PCS	105	750.000000	0.000000	-193.000000	2026-07-27	2025-10-10	2024-09-30	0.000000	324	34
GP-PM	PM0000608	CARTON 3 LTR 6 PCS PLAIN	105	2484.000000	0.000000	-17273.000000	2026-07-27	2025-10-23	2024-10-11	0.000000	311	34
GP-PM	PM0000285	CARTON 500 MLS DESI GHEE 16 PCS	105	547.000000	0.000000	-40499.000000	2026-07-27	2025-02-19	2024-09-30	0.000000	557	34
GP-PM	PM0000274	GLASS JAR 1000 MLS A2 DESI GHEE	105	460.000000	0.000000	-76469.000000	2026-07-27	2026-08-22	2024-09-30	17.000000	8	34
GP-PM	PM0000150	GLASS BOTTLE 500 MLS	105	8680.000000	0.000000	-137709.000000	2026-02-03	2026-02-03	2024-09-30	0.000000	208	208
