surface	method	host	path	class	const	evidence_file
seller	UNKNOWN	seller.flipkart.com	/api/partnerPermissions/checkPartnerAccess	UNKNOWN	checkPartnerAccess	remote-manageProfile-617.e9731b9e51151edcea56.js
seller	UNKNOWN	seller.flipkart.com	/api/partnerPermissions/deletePartnerAccess	WRITE	deletePartnerAccess	remote-manageProfile-617.e9731b9e51151edcea56.js
seller	UNKNOWN	seller.flipkart.com	/api/partnerPermissions/invokePartnerAccess	UNKNOWN	invokePartnerAccess	remote-manageProfile-617.e9731b9e51151edcea56.js
seller	POST	seller.flipkart.com	/api/send-otp	UNKNOWN		90.4722bfd3fec2521faf2e.js
seller	POST	seller.flipkart.com	/api/validate-otp	UNKNOWN		90.4722bfd3fec2521faf2e.js
seller	UNKNOWN	seller.flipkart.com	/fed-ads/navbar/seller	UNKNOWN		90.4722bfd3fec2521faf2e.js
seller	UNKNOWN	seller.flipkart.com	/fed-ads/sellerpoc	UNKNOWN		90.4722bfd3fec2521faf2e.js
seller	UNKNOWN	seller.flipkart.com	/fed-ads/violet-lms/authenticate	UNKNOWN		731.f6104eadedda7632a7ac.js
seller	UNKNOWN	seller.flipkart.com	/napi/	UNKNOWN		171.83ac6fa44938bd3d361c.js
seller	UNKNOWN	seller.flipkart.com	/napi/alphaListing/getApprovalRequests	UNKNOWN_READLIKE	fetchApi	alpha-seller.b0644d02331f2e51fa3f.js
seller	UNKNOWN	seller.flipkart.com	/napi/alphaListing/updateApprovalRequestStatus	WRITE	updateApi	alpha-seller.b0644d02331f2e51fa3f.js
seller	GET	seller.flipkart.com	/napi/approval-store/latest-status	READ		5700.460cdf57b00102e6f476.js
seller	GET	seller.flipkart.com	/napi/approval-store/questions	READ		5700.460cdf57b00102e6f476.js
seller	UNKNOWN	seller.flipkart.com	/napi/approval-store/requestsV2	UNKNOWN		5700.460cdf57b00102e6f476.js
seller	UNKNOWN	seller.flipkart.com	/napi/approval-store/requestsV2-count	UNKNOWN_READLIKE		5700.460cdf57b00102e6f476.js
seller	GET	seller.flipkart.com	/napi/audit/auditDetails	READ		5700.460cdf57b00102e6f476.js
seller	GET	seller.flipkart.com	/napi/audit/auditMetaData	READ		5700.460cdf57b00102e6f476.js
seller	GET	seller.flipkart.com	/napi/audit/auditPQDetails	READ		5700.460cdf57b00102e6f476.js
seller	GET	seller.flipkart.com	/napi/audit/auditPQResults	READ		5700.460cdf57b00102e6f476.js
seller	UNKNOWN	seller.flipkart.com	/napi/audit/audits	UNKNOWN		5700.460cdf57b00102e6f476.js
seller	GET	seller.flipkart.com	/napi/audit/categoriesFilter	READ		5700.460cdf57b00102e6f476.js
seller	UNKNOWN	seller.flipkart.com	/napi/audit/updateAudit	WRITE		5700.460cdf57b00102e6f476.js
seller	UNKNOWN	seller.flipkart.com	/napi/cancelled_orders/fetchV2	WRITE	fetchApi	33.b2ae781739dbf1ef817b.js
seller	UNKNOWN	seller.flipkart.com	/napi/case-manager/general-tickets	UNKNOWN		731.f6104eadedda7632a7ac.js
seller	UNKNOWN	seller.flipkart.com	/napi/case-manager/getCreateTicketForm	WRITE		731.f6104eadedda7632a7ac.js
seller	UNKNOWN	seller.flipkart.com	/napi/case-manager/getSellerDetails	UNKNOWN_READLIKE	fetchApi	966.fec518d64c26baa001d8.js
seller	UNKNOWN	seller.flipkart.com	/napi/case-manager/issue-schema	UNKNOWN	fetchApi	966.fec518d64c26baa001d8.js
seller	UNKNOWN	seller.flipkart.com	/napi/case-manager/issue-seller-close	UNKNOWN		731.f6104eadedda7632a7ac.js
seller	UNKNOWN	seller.flipkart.com	/napi/case-manager/issue-thread	UNKNOWN	fetchApi	966.fec518d64c26baa001d8.js
seller	UNKNOWN	seller.flipkart.com	/napi/case-manager/issues-search	UNKNOWN_READLIKE	fetchApi	966.fec518d64c26baa001d8.js
seller	UNKNOWN	seller.flipkart.com	/napi/case-manager/spf-claims	WRITE	fetchApi	966.fec518d64c26baa001d8.js
seller	UNKNOWN	seller.flipkart.com	/napi/case-manager/sub-issue-types	UNKNOWN		966.fec518d64c26baa001d8.js
seller	UNKNOWN	seller.flipkart.com	/napi/case-manager/submitIssue	WRITE	customURL	966.fec518d64c26baa001d8.js
seller	UNKNOWN	seller.flipkart.com	/napi/case-manager/submitReply	WRITE	updateApi	966.fec518d64c26baa001d8.js
seller	UNKNOWN	seller.flipkart.com	/napi/consignment/	UNKNOWN		9258.26178f4d4422b76c6a94.js
seller	UNKNOWN	seller.flipkart.com	/napi/consignment/address/add	WRITE		9258.26178f4d4422b76c6a94.js
seller	GET	seller.flipkart.com	/napi/consignment/bulkConsignmentStatus	READ		9258.26178f4d4422b76c6a94.js
seller	GET	seller.flipkart.com	/napi/consignment/cancel	WRITE		9258.26178f4d4422b76c6a94.js
seller	GET	seller.flipkart.com	/napi/consignment/cancelPickUp	WRITE		9258.26178f4d4422b76c6a94.js
seller	UNKNOWN	seller.flipkart.com	/napi/consignment/create/empty	WRITE		9258.26178f4d4422b76c6a94.js
seller	UNKNOWN	seller.flipkart.com	/napi/consignment/createConsignmentFromSplits	WRITE		9258.26178f4d4422b76c6a94.js
seller	UNKNOWN	seller.flipkart.com	/napi/consignment/delete	WRITE		9258.26178f4d4422b76c6a94.js
seller	UNKNOWN	seller.flipkart.com	/napi/consignment/deleteConsignmentItem	WRITE		9258.26178f4d4422b76c6a94.js
seller	UNKNOWN	seller.flipkart.com	/napi/consignment/dispatchConsignment	UNKNOWN		9258.26178f4d4422b76c6a94.js
seller	UNKNOWN	seller.flipkart.com	/napi/consignment/downloadActiveListings	READ_FILE		9258.26178f4d4422b76c6a94.js
seller	UNKNOWN	seller.flipkart.com	/napi/consignment/downloadBulkErrorFile	READ_FILE		9258.26178f4d4422b76c6a94.js
seller	GET	seller.flipkart.com	/napi/consignment/downloadConsignmentDetails	READ_FILE		9258.26178f4d4422b76c6a94.js
seller	UNKNOWN	seller.flipkart.com	/napi/consignment/downloadConsignmentLabel	READ_FILE		9258.26178f4d4422b76c6a94.js
seller	UNKNOWN	seller.flipkart.com	/napi/consignment/downloadConsignmentListings	READ_FILE		9258.26178f4d4422b76c6a94.js
seller	UNKNOWN	seller.flipkart.com	/napi/consignment/downloadConsignmentVisibilityDetails	READ_FILE		9258.26178f4d4422b76c6a94.js
seller	UNKNOWN	seller.flipkart.com	/napi/consignment/downloadEWayBill	READ_FILE		9258.26178f4d4422b76c6a94.js
seller	UNKNOWN	seller.flipkart.com	/napi/consignment/downloadInvoiceCSV	READ_FILE		9258.26178f4d4422b76c6a94.js
seller	UNKNOWN	seller.flipkart.com	/napi/consignment/downloadInvoices	READ_FILE		9258.26178f4d4422b76c6a94.js
seller	GET	seller.flipkart.com	/napi/consignment/downloadPOP	READ_FILE		9258.26178f4d4422b76c6a94.js
seller	UNKNOWN	seller.flipkart.com	/napi/consignment/downloadQCFile	READ_FILE		9258.26178f4d4422b76c6a94.js
seller	UNKNOWN	seller.flipkart.com	/napi/consignment/downloadQCTickets	READ_FILE	QC_TICKETS	9258.26178f4d4422b76c6a94.js
seller	UNKNOWN	seller.flipkart.com	/napi/consignment/generateSplitForIntent	WRITE		9258.26178f4d4422b76c6a94.js
seller	UNKNOWN	seller.flipkart.com	/napi/consignment/getAllSkuListings	UNKNOWN_READLIKE		9258.26178f4d4422b76c6a94.js
seller	GET	seller.flipkart.com	/napi/consignment/getConsignmentDetails	READ		9258.26178f4d4422b76c6a94.js
seller	UNKNOWN	seller.flipkart.com	/napi/consignment/getConsignmentSummaryV2	UNKNOWN_READLIKE		9258.26178f4d4422b76c6a94.js
seller	GET	seller.flipkart.com	/napi/consignment/getConsignmentsList	READ		9258.26178f4d4422b76c6a94.js
seller	GET	seller.flipkart.com	/napi/consignment/getDedicatedSpace	READ		9258.26178f4d4422b76c6a94.js
seller	GET	seller.flipkart.com	/napi/consignment/getDownloadListingStatus	READ_FILE		9258.26178f4d4422b76c6a94.js
seller	GET	seller.flipkart.com	/napi/consignment/getFBFAddressByPincode	READ		remote-manageProfile-617.e9731b9e51151edcea56.js
seller	GET	seller.flipkart.com	/napi/consignment/getFbfGstinDocumentDetails	READ		9258.26178f4d4422b76c6a94.js
seller	GET	seller.flipkart.com	/napi/consignment/getInwardedListings	READ		9258.26178f4d4422b76c6a94.js
seller	GET	seller.flipkart.com	/napi/consignment/getInwardedQcCount	READ		9258.26178f4d4422b76c6a94.js
seller	GET	seller.flipkart.com	/napi/consignment/getListingPricingInfo	READ		9258.26178f4d4422b76c6a94.js
seller	UNKNOWN	seller.flipkart.com	/napi/consignment/getPickUpSlots	UNKNOWN_READLIKE		9258.26178f4d4422b76c6a94.js
seller	GET	seller.flipkart.com	/napi/consignment/getPromisableCapacities	READ		9258.26178f4d4422b76c6a94.js
seller	GET	seller.flipkart.com	/napi/consignment/getQCTickets	READ		9258.26178f4d4422b76c6a94.js
seller	GET	seller.flipkart.com	/napi/consignment/getRTDBoxDetails	READ		9258.26178f4d4422b76c6a94.js
seller	UNKNOWN	seller.flipkart.com	/napi/consignment/getRecoListings	UNKNOWN_READLIKE		9258.26178f4d4422b76c6a94.js
seller	UNKNOWN	seller.flipkart.com	/napi/consignment/getSlots	UNKNOWN_READLIKE		9258.26178f4d4422b76c6a94.js
seller	UNKNOWN	seller.flipkart.com	/napi/consignment/getZonalRecommendedListings	UNKNOWN_READLIKE		9258.26178f4d4422b76c6a94.js
seller	GET	seller.flipkart.com	/napi/consignment/isInvoiceAvailable	READ		9258.26178f4d4422b76c6a94.js
seller	PUT	seller.flipkart.com	/napi/consignment/markAsDefaultAddress	WRITE		remote-manageProfile-617.e9731b9e51151edcea56.js
seller	UNKNOWN	seller.flipkart.com	/napi/consignment/markRTD	UNKNOWN		9258.26178f4d4422b76c6a94.js
seller	UNKNOWN	seller.flipkart.com	/napi/consignment/scheduleConsignment	WRITE		9258.26178f4d4422b76c6a94.js
seller	GET	seller.flipkart.com	/napi/consignment/schedulingEligibility	READ		9258.26178f4d4422b76c6a94.js
seller	GET	seller.flipkart.com	/napi/consignment/search	READ		9258.26178f4d4422b76c6a94.js
seller	UNKNOWN	seller.flipkart.com	/napi/consignment/triggerInvoiceDownload	READ_FILE		9258.26178f4d4422b76c6a94.js
seller	UNKNOWN	seller.flipkart.com	/napi/consignment/triggerLabelDownload	READ_FILE		9258.26178f4d4422b76c6a94.js
seller	GET	seller.flipkart.com	/napi/consignment/triggerListingsDownload	READ_FILE		9258.26178f4d4422b76c6a94.js
seller	UNKNOWN	seller.flipkart.com	/napi/consignment/update	WRITE		9258.26178f4d4422b76c6a94.js
seller	UNKNOWN	seller.flipkart.com	/napi/consignment/updateConsignmentAddresses	WRITE		9258.26178f4d4422b76c6a94.js
seller	UNKNOWN	seller.flipkart.com	/napi/consignment/updateConsignmentBoxInfo	WRITE		9258.26178f4d4422b76c6a94.js
seller	UNKNOWN	seller.flipkart.com	/napi/consignment/updateQCTickets	WRITE		9258.26178f4d4422b76c6a94.js
seller	UNKNOWN	seller.flipkart.com	/napi/consignment/updateRTDBoxDetails	WRITE		9258.26178f4d4422b76c6a94.js
seller	UNKNOWN	seller.flipkart.com	/napi/consignment/uploadBulkConsignment	WRITE		9258.26178f4d4422b76c6a94.js
seller	UNKNOWN	seller.flipkart.com	/napi/consignment/uploadEInvoice	WRITE		9258.26178f4d4422b76c6a94.js
seller	UNKNOWN	seller.flipkart.com	/napi/consignment/uploadEWayBill	WRITE		9258.26178f4d4422b76c6a94.js
seller	UNKNOWN	seller.flipkart.com	/napi/contextualFaq/getFaqs	UNKNOWN_READLIKE	fetchApi	90.4722bfd3fec2521faf2e.js
seller	UNKNOWN	seller.flipkart.com	/napi/createProductV2/checkAutofillVerticals	WRITE		5700.460cdf57b00102e6f476.js
seller	UNKNOWN	seller.flipkart.com	/napi/createProductV2/create	WRITE		5700.460cdf57b00102e6f476.js
seller	UNKNOWN	seller.flipkart.com	/napi/createProductV2/create-variants	WRITE		5700.460cdf57b00102e6f476.js
seller	UNKNOWN	seller.flipkart.com	/napi/createProductV2/delete-variants-data	WRITE		5700.460cdf57b00102e6f476.js
seller	UNKNOWN	seller.flipkart.com	/napi/createProductV2/draft	WRITE		5700.460cdf57b00102e6f476.js
seller	UNKNOWN	seller.flipkart.com	/napi/createProductV2/fetch-autofill-external-images-status	WRITE		5700.460cdf57b00102e6f476.js
seller	UNKNOWN	seller.flipkart.com	/napi/createProductV2/fetch-autoqc-guidelines	WRITE		5700.460cdf57b00102e6f476.js
seller	UNKNOWN	seller.flipkart.com	/napi/createProductV2/fetch-conditional-mandatory-attributes	WRITE		5700.460cdf57b00102e6f476.js
seller	UNKNOWN	seller.flipkart.com	/napi/createProductV2/fetch-product-title-preview	WRITE		5700.460cdf57b00102e6f476.js
seller	UNKNOWN	seller.flipkart.com	/napi/createProductV2/fetch-variants-data	WRITE		5700.460cdf57b00102e6f476.js
seller	UNKNOWN	seller.flipkart.com	/napi/createProductV2/fetchAutofillAttributes	WRITE		5700.460cdf57b00102e6f476.js
seller	UNKNOWN	seller.flipkart.com	/napi/createProductV2/get-fsn-attributes	WRITE		5700.460cdf57b00102e6f476.js
seller	GET	seller.flipkart.com	/napi/createProductV2/get-model-vertical-guidelines	WRITE		5700.460cdf57b00102e6f476.js
seller	UNKNOWN	seller.flipkart.com	/napi/createProductV2/getPartialDraft	WRITE		5700.460cdf57b00102e6f476.js
seller	UNKNOWN	seller.flipkart.com	/napi/createProductV2/predict-vertical	WRITE		5700.460cdf57b00102e6f476.js
seller	UNKNOWN	seller.flipkart.com	/napi/createProductV2/save-recommended-vertical	WRITE		5700.460cdf57b00102e6f476.js
seller	UNKNOWN	seller.flipkart.com	/napi/createProductV2/save-variants-data	WRITE		5700.460cdf57b00102e6f476.js
seller	UNKNOWN	seller.flipkart.com	/napi/createProductV2/submit	WRITE		5700.460cdf57b00102e6f476.js
seller	UNKNOWN	seller.flipkart.com	/napi/createProductV2/updatePartial	WRITE		5700.460cdf57b00102e6f476.js
seller	UNKNOWN	seller.flipkart.com	/napi/createProductV2/v1/create-variant	WRITE		5700.460cdf57b00102e6f476.js
seller	UNKNOWN	seller.flipkart.com	/napi/createProductV2/v1/delete-variants	WRITE		5700.460cdf57b00102e6f476.js
seller	UNKNOWN	seller.flipkart.com	/napi/createProductV2/v1/fetch-variant-definition	WRITE		5700.460cdf57b00102e6f476.js
seller	GET	seller.flipkart.com	/napi/createProductV2/verticalDefinition	WRITE		5700.460cdf57b00102e6f476.js
seller	UNKNOWN	seller.flipkart.com	/napi/createProductV2/verticalDefinitionV2	WRITE		5700.460cdf57b00102e6f476.js
seller	UNKNOWN	seller.flipkart.com	/napi/darwin/finalTier	UNKNOWN	fetchDarwinApi	90.4722bfd3fec2521faf2e.js
seller	UNKNOWN	seller.flipkart.com	/napi/document/download	READ_FILE		5700.460cdf57b00102e6f476.js
seller	UNKNOWN	seller.flipkart.com	/napi/document/upload	WRITE	baseUrl	5700.460cdf57b00102e6f476.js
seller	UNKNOWN	seller.flipkart.com	/napi/edit-product/create-draft	WRITE		5700.460cdf57b00102e6f476.js
seller	UNKNOWN	seller.flipkart.com	/napi/edit-product/delete-request	WRITE	deleteApi	5700.460cdf57b00102e6f476.js
seller	UNKNOWN	seller.flipkart.com	/napi/edit-product/fetchQCInProgressStatus	WRITE		5700.460cdf57b00102e6f476.js
seller	UNKNOWN	seller.flipkart.com	/napi/edit-product/get-drafts	WRITE		5700.460cdf57b00102e6f476.js
seller	UNKNOWN	seller.flipkart.com	/napi/edit-product/get-summary	WRITE		5700.460cdf57b00102e6f476.js
seller	UNKNOWN	seller.flipkart.com	/napi/edit-product/is-fsn-owner	WRITE		5700.460cdf57b00102e6f476.js
seller	UNKNOWN	seller.flipkart.com	/napi/edit-product/is-fsn-owner-bulk	WRITE		remote-802.2d4188eb748944aba10c.js
seller	UNKNOWN	seller.flipkart.com	/napi/edit-product/save-draft	WRITE		5700.460cdf57b00102e6f476.js
seller	UNKNOWN	seller.flipkart.com	/napi/edit-product/search	WRITE		4334.d6eb70a751dec8ae847d.js
seller	UNKNOWN	seller.flipkart.com	/napi/edit-product/submit-draft	WRITE		5700.460cdf57b00102e6f476.js
seller	UNKNOWN	seller.flipkart.com	/napi/fbf/mdf/seller-requirements/bulk-approve	WRITE		9258.26178f4d4422b76c6a94.js
seller	UNKNOWN	seller.flipkart.com	/napi/fbf/mdf/seller-requirements/bulk-reject	WRITE		9258.26178f4d4422b76c6a94.js
seller	UNKNOWN	seller.flipkart.com	/napi/fbf/mdf/seller-requirements/filters	UNKNOWN_READLIKE		9258.26178f4d4422b76c6a94.js
seller	UNKNOWN	seller.flipkart.com	/napi/fbf/mdf/seller-requirements/search	UNKNOWN_READLIKE	r_e	9258.26178f4d4422b76c6a94.js
seller	GET	seller.flipkart.com	/napi/fbf/recall/delete	WRITE	updateApi	9258.26178f4d4422b76c6a94.js
seller	UNKNOWN	seller.flipkart.com	/napi/fbf/recall/downloadActionTemplate	READ_FILE		9258.26178f4d4422b76c6a94.js
seller	UNKNOWN	seller.flipkart.com	/napi/fbf/recall/downloadAutoEInvoice	READ_FILE		9258.26178f4d4422b76c6a94.js
seller	UNKNOWN	seller.flipkart.com	/napi/fbf/recall/downloadCostDetailsErrorFile	READ_FILE		9258.26178f4d4422b76c6a94.js
seller	UNKNOWN	seller.flipkart.com	/napi/fbf/recall/downloadCostDetailsTemplate	READ_FILE		9258.26178f4d4422b76c6a94.js
seller	UNKNOWN	seller.flipkart.com	/napi/fbf/recall/downloadRecallV2Report	READ_FILE		9258.26178f4d4422b76c6a94.js
seller	UNKNOWN	seller.flipkart.com	/napi/fbf/recall/filter	UNKNOWN_READLIKE		9258.26178f4d4422b76c6a94.js
seller	GET	seller.flipkart.com	/napi/fbf/recall/getDocumentStatus	READ_FILE		9258.26178f4d4422b76c6a94.js
seller	GET	seller.flipkart.com	/napi/fbf/recall/getInvoiceCostDetailsStatus	READ		9258.26178f4d4422b76c6a94.js
seller	UNKNOWN	seller.flipkart.com	/napi/fbf/recall/getStateCount	UNKNOWN_READLIKE		9258.26178f4d4422b76c6a94.js
seller	GET	seller.flipkart.com	/napi/fbf/recall/search	READ		9258.26178f4d4422b76c6a94.js
seller	PUT	seller.flipkart.com	/napi/fbf/recall/submitRecallDocs	WRITE		9258.26178f4d4422b76c6a94.js
seller	UNKNOWN	seller.flipkart.com	/napi/fbf/recall/updateInvoiceCostDetails	WRITE		9258.26178f4d4422b76c6a94.js
seller	PUT	seller.flipkart.com	/napi/fbf/recall/updateMetaAddress	WRITE		9258.26178f4d4422b76c6a94.js
seller	UNKNOWN	seller.flipkart.com	/napi/fbf/recall/uploadAutoEInvoice	WRITE		9258.26178f4d4422b76c6a94.js
seller	UNKNOWN	seller.flipkart.com	/napi/fbf/recall/uploadEInvoice	WRITE		9258.26178f4d4422b76c6a94.js
seller	UNKNOWN	seller.flipkart.com	/napi/fbf/recall/uploadEInvoiceDoc	WRITE		9258.26178f4d4422b76c6a94.js
seller	UNKNOWN	seller.flipkart.com	/napi/fbf/recall/uploadInvoiceCostDetails	WRITE		9258.26178f4d4422b76c6a94.js
seller	GET	seller.flipkart.com	/napi/fbf/recall/uploadSKUErrorFile	WRITE		9258.26178f4d4422b76c6a94.js
seller	GET	seller.flipkart.com	/napi/fbf/recall/validateSKU	READ		9258.26178f4d4422b76c6a94.js
seller	UNKNOWN	seller.flipkart.com	/napi/fbf/warehouseDetails	UNKNOWN_READLIKE		remote-345.87db87b7d58f48047a28.js
seller	UNKNOWN	seller.flipkart.com	/napi/fbfLite/audit/answers	UNKNOWN	submitAnswers	880.857b7aea12d938747f68.js
seller	UNKNOWN	seller.flipkart.com	/napi/fbfLite/audit/latest	UNKNOWN	fetchApi	880.857b7aea12d938747f68.js
seller	UNKNOWN	seller.flipkart.com	/napi/fbfLite/audit/questions	UNKNOWN	getQeastions	880.857b7aea12d938747f68.js
seller	UNKNOWN	seller.flipkart.com	/napi/fbfLite/closePicklist	UNKNOWN_READLIKE	updateApi	880.857b7aea12d938747f68.js
seller	UNKNOWN	seller.flipkart.com	/napi/fbfLite/create/pick_list	WRITE	fetchApi	880.857b7aea12d938747f68.js
seller	UNKNOWN	seller.flipkart.com	/napi/fbfLite/deleteGroupListing	WRITE	updateApi	880.857b7aea12d938747f68.js
seller	UNKNOWN	seller.flipkart.com	/napi/fbfLite/downloadBinTemplate	READ_FILE	AVAILABLE_BINS	880.857b7aea12d938747f68.js
seller	UNKNOWN	seller.flipkart.com	/napi/fbfLite/downloadGroupListingEditFile	WRITE		880.857b7aea12d938747f68.js
seller	UNKNOWN	seller.flipkart.com	/napi/fbfLite/fetchCloseablePicklist	UNKNOWN_READLIKE	fetchApi	880.857b7aea12d938747f68.js
seller	UNKNOWN	seller.flipkart.com	/napi/fbfLite/forceClosePicklist	UNKNOWN_READLIKE	updateApi	880.857b7aea12d938747f68.js
seller	GET	seller.flipkart.com	/napi/fbfLite/get/enrich	READ	fetchApi	880.857b7aea12d938747f68.js
seller	UNKNOWN	seller.flipkart.com	/napi/fbfLite/get/pending/pick_list	UNKNOWN_READLIKE	fetchApi	880.857b7aea12d938747f68.js
seller	UNKNOWN	seller.flipkart.com	/napi/fbfLite/get/pick_list	UNKNOWN_READLIKE	fetchApi	880.857b7aea12d938747f68.js
seller	GET	seller.flipkart.com	/napi/fbfLite/get/shipment/pick/list	READ	updateApi	880.857b7aea12d938747f68.js
seller	UNKNOWN	seller.flipkart.com	/napi/fbfLite/getGroupListingTemplate	UNKNOWN_READLIKE		880.857b7aea12d938747f68.js
seller	UNKNOWN	seller.flipkart.com	/napi/fbfLite/getInventoryAgeingReport	UNKNOWN_READLIKE	AGEING_REPORT	880.857b7aea12d938747f68.js
seller	UNKNOWN	seller.flipkart.com	/napi/fbfLite/getListingDetails	UNKNOWN_READLIKE	fetchApi	880.857b7aea12d938747f68.js
seller	GET	seller.flipkart.com	/napi/fbfLite/getRecallDetails	READ	fetchApi	880.857b7aea12d938747f68.js
seller	GET	seller.flipkart.com	/napi/fbfLite/inventory	READ	fetchApi	880.857b7aea12d938747f68.js
seller	UNKNOWN	seller.flipkart.com	/napi/fbfLite/inwardProducts	UNKNOWN	updateApi	880.857b7aea12d938747f68.js
seller	UNKNOWN	seller.flipkart.com	/napi/fbfLite/mark/pick_progress	UNKNOWN	updateApi	880.857b7aea12d938747f68.js
seller	UNKNOWN	seller.flipkart.com	/napi/fbfLite/markLostPicklistGroup	UNKNOWN_READLIKE	updateApi	880.857b7aea12d938747f68.js
seller	UNKNOWN	seller.flipkart.com	/napi/fbfLite/moveInventory	UNKNOWN	updateApi	880.857b7aea12d938747f68.js
seller	UNKNOWN	seller.flipkart.com	/napi/fbfLite/pick_list/preference	UNKNOWN_READLIKE	fetchApi	880.857b7aea12d938747f68.js
seller	GET	seller.flipkart.com	/napi/fbfLite/pick_list/shipment/pack	READ	updateApi	880.857b7aea12d938747f68.js
seller	UNKNOWN	seller.flipkart.com	/napi/fbfLite/pick_list/shipment/rts	UNKNOWN_READLIKE	updateApi	880.857b7aea12d938747f68.js
seller	UNKNOWN	seller.flipkart.com	/napi/fbfLite/picklist/allTypeCounts	UNKNOWN_READLIKE	fetchApi	880.857b7aea12d938747f68.js
seller	UNKNOWN	seller.flipkart.com	/napi/fbfLite/print/invoice	READ_FILE		880.857b7aea12d938747f68.js
seller	UNKNOWN	seller.flipkart.com	/napi/fbfLite/print/prn	UNKNOWN		880.857b7aea12d938747f68.js
seller	UNKNOWN	seller.flipkart.com	/napi/fbfLite/recallItems	UNKNOWN	updateApi	880.857b7aea12d938747f68.js
seller	GET	seller.flipkart.com	/napi/fbfLite/recalls	READ	fetchApi	880.857b7aea12d938747f68.js
seller	GET	seller.flipkart.com	/napi/fbfLite/shipments/is_confirm	WRITE	fetchApi	880.857b7aea12d938747f68.js
seller	GET	seller.flipkart.com	/napi/fbfLite/sidelinePicklistGroup	READ	updateApi	880.857b7aea12d938747f68.js
seller	UNKNOWN	seller.flipkart.com	/napi/fbfLite/uploadRecallFile	WRITE		880.857b7aea12d938747f68.js
seller	UNKNOWN	seller.flipkart.com	/napi/fbfLite/validateIMEI	UNKNOWN	fetchApi	880.857b7aea12d938747f68.js
seller	UNKNOWN	seller.flipkart.com	/napi/fbfOnboarding/allocateCA	UNKNOWN		9258.26178f4d4422b76c6a94.js
seller	UNKNOWN	seller.flipkart.com	/napi/fbfOnboarding/downloadDocument	READ_FILE		9258.26178f4d4422b76c6a94.js
seller	UNKNOWN	seller.flipkart.com	/napi/fbfOnboarding/downloadGstinDocument	READ_FILE		9258.26178f4d4422b76c6a94.js
seller	UNKNOWN	seller.flipkart.com	/napi/fbfOnboarding/fbfgstinDocumentUpload	WRITE		9258.26178f4d4422b76c6a94.js
seller	UNKNOWN	seller.flipkart.com	/napi/fbfOnboarding/generateRentalAgreement	WRITE		9258.26178f4d4422b76c6a94.js
seller	GET	seller.flipkart.com	/napi/fbfOnboarding/getAddressList	READ		9258.26178f4d4422b76c6a94.js
seller	UNKNOWN	seller.flipkart.com	/napi/fbfOnboarding/getCurrentState	UNKNOWN_READLIKE	fetchApi	9258.26178f4d4422b76c6a94.js
seller	GET	seller.flipkart.com	/napi/fbfOnboarding/getEInvoiceOnboardingDetails	READ		9258.26178f4d4422b76c6a94.js
seller	UNKNOWN	seller.flipkart.com	/napi/fbfOnboarding/getRequiredDocuments	UNKNOWN_READLIKE	fetchApi	9258.26178f4d4422b76c6a94.js
seller	GET	seller.flipkart.com	/napi/fbfOnboarding/getReturnAddressList	READ		9258.26178f4d4422b76c6a94.js
seller	UNKNOWN	seller.flipkart.com	/napi/fbfOnboarding/markLocationAsVerified	UNKNOWN		9258.26178f4d4422b76c6a94.js
seller	UNKNOWN	seller.flipkart.com	/napi/fbfOnboarding/saveAsDraft	WRITE		9258.26178f4d4422b76c6a94.js
seller	UNKNOWN	seller.flipkart.com	/napi/fbfOnboarding/saveTermsSelection	WRITE		9258.26178f4d4422b76c6a94.js
seller	UNKNOWN	seller.flipkart.com	/napi/fbfOnboarding/storeNicCredentials	UNKNOWN		9258.26178f4d4422b76c6a94.js
seller	UNKNOWN	seller.flipkart.com	/napi/fbfOnboarding/uploadDocument	WRITE		9258.26178f4d4422b76c6a94.js
seller	UNKNOWN	seller.flipkart.com	/napi/fbfOnboarding/uploadVeritas	WRITE		9258.26178f4d4422b76c6a94.js
seller	UNKNOWN	seller.flipkart.com	/napi/fbflite/generatePicklist	WRITE		880.857b7aea12d938747f68.js
seller	UNKNOWN	seller.flipkart.com	/napi/fbflite/getOrderHistory	UNKNOWN_READLIKE	fetchApi	fbflite.3ef917d2d7962b242054.js
seller	UNKNOWN	seller.flipkart.com	/napi/fbflite/printPickList	UNKNOWN_READLIKE		880.857b7aea12d938747f68.js
seller	UNKNOWN	seller.flipkart.com	/napi/fdp/batch-events	UNKNOWN	updateApi	90.4722bfd3fec2521faf2e.js
seller	UNKNOWN	seller.flipkart.com	/napi/fkgrowthcapital/acceptApplication	WRITE		304.fa6a0b601c260dd26c66.js
seller	UNKNOWN	seller.flipkart.com	/napi/fkgrowthcapital/create-lead	WRITE		304.fa6a0b601c260dd26c66.js
seller	UNKNOWN	seller.flipkart.com	/napi/fkgrowthcapital/declineApplication	WRITE		304.fa6a0b601c260dd26c66.js
seller	UNKNOWN	seller.flipkart.com	/napi/fkgrowthcapital/describe-offer	UNKNOWN		304.fa6a0b601c260dd26c66.js
seller	UNKNOWN	seller.flipkart.com	/napi/fkgrowthcapital/es-discovery	UNKNOWN	fetchApi	304.fa6a0b601c260dd26c66.js
seller	UNKNOWN	seller.flipkart.com	/napi/fkgrowthcapital/getOffers	UNKNOWN_READLIKE		304.fa6a0b601c260dd26c66.js
seller	UNKNOWN	seller.flipkart.com	/napi/fkpromo/delete-managed-listings	WRITE	deleteManagedFileApi	3404.a883c28f13dbef576c47.js
seller	UNKNOWN	seller.flipkart.com	/napi/fkpromo/download-darkstore-discount	READ_FILE		3404.a883c28f13dbef576c47.js
seller	UNKNOWN	seller.flipkart.com	/napi/fkpromo/download-eligible-listings	READ_FILE		3404.a883c28f13dbef576c47.js
seller	UNKNOWN	seller.flipkart.com	/napi/fkpromo/download-managed-listings	READ_FILE		3404.a883c28f13dbef576c47.js
seller	UNKNOWN	seller.flipkart.com	/napi/fkpromo/download-mapped-listings	READ_FILE		3404.a883c28f13dbef576c47.js
seller	UNKNOWN	seller.flipkart.com	/napi/fkpromo/download-recommended-listings	READ_FILE	downloadRecommendedFileApi	3404.a883c28f13dbef576c47.js
seller	UNKNOWN	seller.flipkart.com	/napi/fkpromo/fk-promotion-file-validation-status	UNKNOWN_READLIKE		3404.a883c28f13dbef576c47.js
seller	UNKNOWN	seller.flipkart.com	/napi/fkpromo/fk-promotion-file-validation-status-V3	UNKNOWN_READLIKE		3404.a883c28f13dbef576c47.js
seller	UNKNOWN	seller.flipkart.com	/napi/fkpromo/fk-promotion-opt-in	UNKNOWN		3404.a883c28f13dbef576c47.js
seller	UNKNOWN	seller.flipkart.com	/napi/fkpromo/fk-promotion-opt-in-mandate	UNKNOWN		3404.a883c28f13dbef576c47.js
seller	UNKNOWN	seller.flipkart.com	/napi/fkpromo/fk-promotion-opt-out	UNKNOWN		3404.a883c28f13dbef576c47.js
seller	UNKNOWN	seller.flipkart.com	/napi/fkpromo/fk-promotion-retry-validation	UNKNOWN	retryApi	3404.a883c28f13dbef576c47.js
seller	UNKNOWN	seller.flipkart.com	/napi/fkpromo/fk-promotion-update-listings	WRITE	updateManagedFileApi	3404.a883c28f13dbef576c47.js
seller	UNKNOWN	seller.flipkart.com	/napi/fkpromo/fk-promotion-upload-post-opt-in	WRITE	uploadManagedFilePostOptInApi	3404.a883c28f13dbef576c47.js
seller	UNKNOWN	seller.flipkart.com	/napi/fkpromo/get-fk-promotion-by-id	UNKNOWN_READLIKE		3404.a883c28f13dbef576c47.js
seller	UNKNOWN	seller.flipkart.com	/napi/fkpromo/get-fk-promotions	UNKNOWN_READLIKE		3404.a883c28f13dbef576c47.js
seller	UNKNOWN	seller.flipkart.com	/napi/fkpromo/upload-selsub-listings	WRITE	uploadManagedFileApi	3404.a883c28f13dbef576c47.js
seller	UNKNOWN	seller.flipkart.com	/napi/fulfilment-rest/self-ship/	UNKNOWN		33.b2ae781739dbf1ef817b.js
seller	UNKNOWN	seller.flipkart.com	/napi/fulfilment-rest/self-ship/reUploadRtoFile	WRITE		33.b2ae781739dbf1ef817b.js
seller	UNKNOWN	seller.flipkart.com	/napi/ga-content-manager/learning-pilot-faqs	UNKNOWN	fetchApi	90.4722bfd3fec2521faf2e.js
seller	UNKNOWN	seller.flipkart.com	/napi/ga-content-manager/sample-attachment	UNKNOWN	fetchApi	966.fec518d64c26baa001d8.js
seller	UNKNOWN	seller.flipkart.com	/napi/ga-content-manager/search-faqs	UNKNOWN_READLIKE	fetchApi	90.4722bfd3fec2521faf2e.js
seller	UNKNOWN	seller.flipkart.com	/napi/ga-content-manager/top-faqs	UNKNOWN	fetchApi	966.fec518d64c26baa001d8.js
seller	UNKNOWN	seller.flipkart.com	/napi/ga-content-manager/update-usage	WRITE	updateApi	966.fec518d64c26baa001d8.js
seller	UNKNOWN	seller.flipkart.com	/napi/ga/createBookmark	WRITE		731.f6104eadedda7632a7ac.js
seller	UNKNOWN	seller.flipkart.com	/napi/ga/createIncident_v2	WRITE		731.f6104eadedda7632a7ac.js
seller	UNKNOWN	seller.flipkart.com	/napi/ga/createInstanceHelpSection	WRITE		731.f6104eadedda7632a7ac.js
seller	UNKNOWN	seller.flipkart.com	/napi/ga/createInstance_v2	WRITE		731.f6104eadedda7632a7ac.js
seller	UNKNOWN	seller.flipkart.com	/napi/ga/deleteBookmark	WRITE		731.f6104eadedda7632a7ac.js
seller	UNKNOWN	seller.flipkart.com	/napi/ga/deleteInstance	WRITE		731.f6104eadedda7632a7ac.js
seller	UNKNOWN	seller.flipkart.com	/napi/ga/diagnosis	UNKNOWN	fetchApi	966.fec518d64c26baa001d8.js
seller	UNKNOWN	seller.flipkart.com	/napi/ga/gaFeedback	UNKNOWN		731.f6104eadedda7632a7ac.js
seller	UNKNOWN	seller.flipkart.com	/napi/ga/gaSearch_v2	UNKNOWN_READLIKE		731.f6104eadedda7632a7ac.js
seller	UNKNOWN	seller.flipkart.com	/napi/ga/get-config-service-data	UNKNOWN_READLIKE		731.f6104eadedda7632a7ac.js
seller	UNKNOWN	seller.flipkart.com	/napi/ga/get-questionnaires	UNKNOWN_READLIKE	fetchApi	966.fec518d64c26baa001d8.js
seller	UNKNOWN	seller.flipkart.com	/napi/ga/getAssistanceCategories	UNKNOWN_READLIKE	fetchApi	966.fec518d64c26baa001d8.js
seller	UNKNOWN	seller.flipkart.com	/napi/ga/getBookmarks	WRITE		731.f6104eadedda7632a7ac.js
seller	UNKNOWN	seller.flipkart.com	/napi/ga/getBulkUploadStatus	WRITE		731.f6104eadedda7632a7ac.js
seller	UNKNOWN	seller.flipkart.com	/napi/ga/getIssuesForFilter	UNKNOWN_READLIKE		966.fec518d64c26baa001d8.js
seller	UNKNOWN	seller.flipkart.com	/napi/ga/getNodeId	UNKNOWN_READLIKE		731.f6104eadedda7632a7ac.js
seller	UNKNOWN	seller.flipkart.com	/napi/ga/getNodeId_v2	UNKNOWN_READLIKE		731.f6104eadedda7632a7ac.js
seller	UNKNOWN	seller.flipkart.com	/napi/ga/getSubIssuesForFilter	UNKNOWN_READLIKE		966.fec518d64c26baa001d8.js
seller	UNKNOWN	seller.flipkart.com	/napi/ga/getVideos	UNKNOWN_READLIKE		731.f6104eadedda7632a7ac.js
seller	UNKNOWN	seller.flipkart.com	/napi/ga/issue-types	UNKNOWN		966.fec518d64c26baa001d8.js
seller	UNKNOWN	seller.flipkart.com	/napi/ga/selectInstanceNodeHelpSection	UNKNOWN		731.f6104eadedda7632a7ac.js
seller	UNKNOWN	seller.flipkart.com	/napi/ga/selectInstanceNode_v2	UNKNOWN		731.f6104eadedda7632a7ac.js
seller	UNKNOWN	seller.flipkart.com	/napi/ga/submitSurvey	WRITE	updateApi	966.fec518d64c26baa001d8.js
seller	UNKNOWN	seller.flipkart.com	/napi/ga/uploadAttachment	WRITE		731.f6104eadedda7632a7ac.js
seller	GET	seller.flipkart.com	/napi/get-locations	READ		484.a77f6a5493c8736e2163.js
seller	UNKNOWN	seller.flipkart.com	/napi/get-marketing-card	UNKNOWN_READLIKE	fetchApi	remote-coe-271.b947b95ea27b267f0117.js
seller	GET	seller.flipkart.com	/napi/get-notifications	READ		33.b2ae781739dbf1ef817b.js
seller	GET	seller.flipkart.com	/napi/get-notifications-count	READ	fetchApi	90.4722bfd3fec2521faf2e.js
seller	UNKNOWN	seller.flipkart.com	/napi/getCallBackDetails	UNKNOWN_READLIKE	fetchApi	966.fec518d64c26baa001d8.js
seller	UNKNOWN	seller.flipkart.com	/napi/getHomePageUpdates	WRITE	fetchApi	remote-coe-271.b947b95ea27b267f0117.js
seller	UNKNOWN	seller.flipkart.com	/napi/getRtbbdDetails	UNKNOWN_READLIKE	getRtbbdData	remote-45.45ea8488a4735893da09.js
seller	GET	seller.flipkart.com	/napi/getSellerStoriesDetails	READ		remote-coe-271.b947b95ea27b267f0117.js
seller	UNKNOWN	seller.flipkart.com	/napi/graphql	READ	fetchApi	887.8eeb808f4df68a93157c.js
seller	UNKNOWN	seller.flipkart.com	/napi/graphql-sse	UNKNOWN		995.5bb30edc681069835fcf.js
seller	GET	seller.flipkart.com	/napi/image-enricher/createDraft	WRITE		5700.460cdf57b00102e6f476.js
seller	GET	seller.flipkart.com	/napi/image-enricher/createPayment	WRITE		5700.460cdf57b00102e6f476.js
seller	GET	seller.flipkart.com	/napi/image-enricher/draft	READ		5700.460cdf57b00102e6f476.js
seller	GET	seller.flipkart.com	/napi/image-enricher/getServiceDetail	READ		5700.460cdf57b00102e6f476.js
seller	GET	seller.flipkart.com	/napi/image-enricher/rateCard	READ		5700.460cdf57b00102e6f476.js
seller	GET	seller.flipkart.com	/napi/image-enricher/saveDraft	WRITE		5700.460cdf57b00102e6f476.js
seller	GET	seller.flipkart.com	/napi/image-enricher/serviceDiscovery	READ		5700.460cdf57b00102e6f476.js
seller	GET	seller.flipkart.com	/napi/image-enricher/submitDraft	WRITE		5700.460cdf57b00102e6f476.js
seller	UNKNOWN	seller.flipkart.com	/napi/inventory-rest/	UNKNOWN		9258.26178f4d4422b76c6a94.js
seller	UNKNOWN	seller.flipkart.com	/napi/inventory-rest/consignment/handleDownloadSplitsCSV	READ_FILE		9258.26178f4d4422b76c6a94.js
seller	UNKNOWN	seller.flipkart.com	/napi/inventory-rest/download/fsn/label	READ_FILE		9258.26178f4d4422b76c6a94.js
seller	UNKNOWN	seller.flipkart.com	/napi/inventory-rest/recall/BulkRecallFileDownload	READ_FILE		9258.26178f4d4422b76c6a94.js
seller	UNKNOWN	seller.flipkart.com	/napi/inventory-rest/recall/BulkRecallFileUpload	WRITE		9258.26178f4d4422b76c6a94.js
seller	UNKNOWN	seller.flipkart.com	/napi/inventory-rest/recall/bulk/download	READ_FILE		9258.26178f4d4422b76c6a94.js
seller	UNKNOWN	seller.flipkart.com	/napi/inventory-rest/recall/downloadErrorSKUFile	READ_FILE		9258.26178f4d4422b76c6a94.js
seller	UNKNOWN	seller.flipkart.com	/napi/lbhw/updateV2	WRITE	updateApi	33.b2ae781739dbf1ef817b.js
seller	UNKNOWN	seller.flipkart.com	/napi/listing/addToGroup	WRITE		remote-802.2d4188eb748944aba10c.js
seller	UNKNOWN	seller.flipkart.com	/napi/listing/adopt-core-size-stock-reco	UNKNOWN_READLIKE		remote-listingsManagement-843.ac90229ed823f8648971.js
seller	UNKNOWN	seller.flipkart.com	/napi/listing/adopt-price-recommendations	UNKNOWN_READLIKE		3464.cdf8e4ca098a1a73e48a.js
seller	UNKNOWN	seller.flipkart.com	/napi/listing/adopt-stock-recommendations	UNKNOWN_READLIKE		remote-345.87db87b7d58f48047a28.js
seller	UNKNOWN	seller.flipkart.com	/napi/listing/bulk-edit-rate-limit	WRITE		remote-345.87db87b7d58f48047a28.js
seller	UNKNOWN	seller.flipkart.com	/napi/listing/catalogFileDownload	READ_FILE		remote-345.87db87b7d58f48047a28.js
seller	UNKNOWN	seller.flipkart.com	/napi/listing/commission-calc-mps	UNKNOWN_READLIKE	fetchCommissionApi	90.4722bfd3fec2521faf2e.js
seller	UNKNOWN	seller.flipkart.com	/napi/listing/conversion-insights	UNKNOWN_READLIKE		remote-345.87db87b7d58f48047a28.js
seller	UNKNOWN	seller.flipkart.com	/napi/listing/core-size-variant-for-a-groupid	UNKNOWN_READLIKE		remote-listingsManagement-843.ac90229ed823f8648971.js
seller	UNKNOWN	seller.flipkart.com	/napi/listing/create-update-listings	WRITE		731.f6104eadedda7632a7ac.js
seller	UNKNOWN	seller.flipkart.com	/napi/listing/deleteFeed	WRITE		5700.460cdf57b00102e6f476.js
seller	GET	seller.flipkart.com	/napi/listing/deleteRequest	WRITE	deleteApi	5700.460cdf57b00102e6f476.js
seller	UNKNOWN	seller.flipkart.com	/napi/listing/downloadErrorGroupingFile	READ_FILE	url	5700.460cdf57b00102e6f476.js
seller	UNKNOWN	seller.flipkart.com	/napi/listing/downloadNewGroupingTemplate	READ_FILE		remote-345.87db87b7d58f48047a28.js
seller	UNKNOWN	seller.flipkart.com	/napi/listing/downloadReport	EXPORT		remote-listingsManagement-843.ac90229ed823f8648971.js
seller	UNKNOWN	seller.flipkart.com	/napi/listing/enqueueDownload	EXPORT		remote-345.87db87b7d58f48047a28.js
seller	UNKNOWN	seller.flipkart.com	/napi/listing/entityDefinition	UNKNOWN_READLIKE		731.f6104eadedda7632a7ac.js
seller	UNKNOWN	seller.flipkart.com	/napi/listing/fadetails	UNKNOWN_READLIKE		2056.20eacbab222e3f0033e8.js
seller	UNKNOWN	seller.flipkart.com	/napi/listing/fassured/details	UNKNOWN_READLIKE		remote-345.87db87b7d58f48047a28.js
seller	UNKNOWN	seller.flipkart.com	/napi/listing/feed-listings-created/search	WRITE		5700.460cdf57b00102e6f476.js
seller	UNKNOWN	seller.flipkart.com	/napi/listing/fetch-deactivation-codes-count	UNKNOWN_READLIKE		remote-345.87db87b7d58f48047a28.js
seller	UNKNOWN	seller.flipkart.com	/napi/listing/fetch-default-location	UNKNOWN_READLIKE		remote-345.87db87b7d58f48047a28.js
seller	UNKNOWN	seller.flipkart.com	/napi/listing/fetch-recommendations-filter-count	UNKNOWN_READLIKE		remote-345.87db87b7d58f48047a28.js
seller	UNKNOWN	seller.flipkart.com	/napi/listing/fetch-seller-potential-sales-loss	UNKNOWN_READLIKE		remote-345.87db87b7d58f48047a28.js
seller	UNKNOWN	seller.flipkart.com	/napi/listing/fetchAllVariants	UNKNOWN_READLIKE		remote-802.2d4188eb748944aba10c.js
seller	UNKNOWN	seller.flipkart.com	/napi/listing/fetchAllVariantsData	UNKNOWN_READLIKE		5700.460cdf57b00102e6f476.js
seller	UNKNOWN	seller.flipkart.com	/napi/listing/fetchFsnGrade	UNKNOWN_READLIKE		remote-345.87db87b7d58f48047a28.js
seller	UNKNOWN	seller.flipkart.com	/napi/listing/fetchRecentBrands	UNKNOWN_READLIKE	fetchApi	5700.460cdf57b00102e6f476.js
seller	UNKNOWN	seller.flipkart.com	/napi/listing/filtered-inventory-info	UNKNOWN_READLIKE		remote-345.87db87b7d58f48047a28.js
seller	GET	seller.flipkart.com	/napi/listing/frequently-used-vertical	READ		5700.460cdf57b00102e6f476.js
seller	UNKNOWN	seller.flipkart.com	/napi/listing/get-complete-category-tree	UNKNOWN_READLIKE		4334.d6eb70a751dec8ae847d.js
seller	UNKNOWN	seller.flipkart.com	/napi/listing/get-listings-deactivation-rating	UNKNOWN_READLIKE		2056.20eacbab222e3f0033e8.js
seller	UNKNOWN	seller.flipkart.com	/napi/listing/get-listings-info-by-id	UNKNOWN_READLIKE		731.f6104eadedda7632a7ac.js
seller	UNKNOWN	seller.flipkart.com	/napi/listing/get-listings-suppresion-benchmark	UNKNOWN_READLIKE		2056.20eacbab222e3f0033e8.js
seller	UNKNOWN	seller.flipkart.com	/napi/listing/get-listings-tier	UNKNOWN_READLIKE		remote-802.2d4188eb748944aba10c.js
seller	UNKNOWN	seller.flipkart.com	/napi/listing/get-lqs-insight-recos	UNKNOWN_READLIKE		2056.20eacbab222e3f0033e8.js
seller	UNKNOWN	seller.flipkart.com	/napi/listing/get-minoq-realized-impact	UNKNOWN_READLIKE		remote-listingsManagement-843.ac90229ed823f8648971.js
seller	UNKNOWN	seller.flipkart.com	/napi/listing/get-minoq-social-impact	UNKNOWN_READLIKE		remote-listingsManagement-843.ac90229ed823f8648971.js
seller	UNKNOWN	seller.flipkart.com	/napi/listing/get-misc-card-reviews	UNKNOWN_READLIKE		remote-listingsManagement-843.ac90229ed823f8648971.js
seller	UNKNOWN	seller.flipkart.com	/napi/listing/get-product-base-info	UNKNOWN_READLIKE		2056.20eacbab222e3f0033e8.js
seller	UNKNOWN	seller.flipkart.com	/napi/listing/get-recommendations-impact	UNKNOWN_READLIKE		731.f6104eadedda7632a7ac.js
seller	UNKNOWN	seller.flipkart.com	/napi/listing/get-size-chart-categories	UNKNOWN_READLIKE		remote-802.2d4188eb748944aba10c.js
seller	UNKNOWN	seller.flipkart.com	/napi/listing/get-stock-reco-for-listing	UNKNOWN_READLIKE		remote-345.87db87b7d58f48047a28.js
seller	UNKNOWN	seller.flipkart.com	/napi/listing/get-stock-recommendations-impact	UNKNOWN_READLIKE		remote-listingsManagement-843.ac90229ed823f8648971.js
seller	GET	seller.flipkart.com	/napi/listing/getBrandSuggestions	READ		5700.460cdf57b00102e6f476.js
seller	GET	seller.flipkart.com	/napi/listing/getBulkVariantGroups	READ		5700.460cdf57b00102e6f476.js
seller	UNKNOWN	seller.flipkart.com	/napi/listing/getCatalogErrorFileStatus	UNKNOWN_READLIKE		5700.460cdf57b00102e6f476.js
seller	UNKNOWN	seller.flipkart.com	/napi/listing/getHSNDetailsBasedOnVertical	UNKNOWN_READLIKE		5700.460cdf57b00102e6f476.js
seller	UNKNOWN	seller.flipkart.com	/napi/listing/getProductsList	UNKNOWN_READLIKE	fetchApi	5700.460cdf57b00102e6f476.js
seller	UNKNOWN	seller.flipkart.com	/napi/listing/getSellerMPAffinityFlag	UNKNOWN_READLIKE	fetchApi	90.4722bfd3fec2521faf2e.js
seller	UNKNOWN	seller.flipkart.com	/napi/listing/getStockInsights	UNKNOWN_READLIKE		remote-345.87db87b7d58f48047a28.js
seller	UNKNOWN	seller.flipkart.com	/napi/listing/getTaxTags	UNKNOWN_READLIKE		731.f6104eadedda7632a7ac.js
seller	UNKNOWN	seller.flipkart.com	/napi/listing/getVariants	UNKNOWN_READLIKE	fetchApi	5700.460cdf57b00102e6f476.js
seller	GET	seller.flipkart.com	/napi/listing/getVerticalGuidelines	READ		5700.460cdf57b00102e6f476.js
seller	UNKNOWN	seller.flipkart.com	/napi/listing/getVerticalPredictions	UNKNOWN_READLIKE		5700.460cdf57b00102e6f476.js
seller	UNKNOWN	seller.flipkart.com	/napi/listing/image-uploader/feed-vc-action	WRITE		5700.460cdf57b00102e6f476.js
seller	UNKNOWN	seller.flipkart.com	/napi/listing/image-uploader/feed-vc-predict	WRITE		5700.460cdf57b00102e6f476.js
seller	GET	seller.flipkart.com	/napi/listing/image-uploader/images	WRITE		5700.460cdf57b00102e6f476.js
seller	UNKNOWN	seller.flipkart.com	/napi/listing/image-uploader/request-download-images-catalog-file	WRITE		5700.460cdf57b00102e6f476.js
seller	GET	seller.flipkart.com	/napi/listing/image-uploader/requested-images-catalog-file-download-status	WRITE		5700.460cdf57b00102e6f476.js
seller	UNKNOWN	seller.flipkart.com	/napi/listing/image-uploader/save-images	WRITE		5700.460cdf57b00102e6f476.js
seller	GET	seller.flipkart.com	/napi/listing/image-uploader/sku	WRITE		5700.460cdf57b00102e6f476.js
seller	GET	seller.flipkart.com	/napi/listing/inProgressBulkFeeds	READ		5700.460cdf57b00102e6f476.js
seller	UNKNOWN	seller.flipkart.com	/napi/listing/inProgressGroupingFeeds	UNKNOWN_READLIKE		5700.460cdf57b00102e6f476.js
seller	UNKNOWN	seller.flipkart.com	/napi/listing/inProgressSingle	UNKNOWN_READLIKE	updateApi	5700.460cdf57b00102e6f476.js
seller	UNKNOWN	seller.flipkart.com	/napi/listing/instantCatalogUploadStatus	WRITE		5700.460cdf57b00102e6f476.js
seller	GET	seller.flipkart.com	/napi/listing/instantGroupingStatus	READ	fetchApi	5700.460cdf57b00102e6f476.js
seller	UNKNOWN	seller.flipkart.com	/napi/listing/inventoryStock	UNKNOWN_READLIKE		remote-345.87db87b7d58f48047a28.js
seller	UNKNOWN	seller.flipkart.com	/napi/listing/is-shopsy-seller	UNKNOWN_READLIKE	fetchApi	5700.460cdf57b00102e6f476.js
seller	UNKNOWN	seller.flipkart.com	/napi/listing/isSellerNew	UNKNOWN_READLIKE		731.f6104eadedda7632a7ac.js
seller	UNKNOWN	seller.flipkart.com	/napi/listing/lag	UNKNOWN_READLIKE		remote-listingsManagement-843.ac90229ed823f8648971.js
seller	UNKNOWN	seller.flipkart.com	/napi/listing/listing-performance-details	UNKNOWN_READLIKE		2056.20eacbab222e3f0033e8.js
seller	UNKNOWN	seller.flipkart.com	/napi/listing/listing-price-recommendation	UNKNOWN_READLIKE		731.f6104eadedda7632a7ac.js
seller	UNKNOWN	seller.flipkart.com	/napi/listing/listings-price-recommendation	UNKNOWN_READLIKE		remote-345.87db87b7d58f48047a28.js
seller	UNKNOWN	seller.flipkart.com	/napi/listing/listingsCountForStates	UNKNOWN_READLIKE		remote-345.87db87b7d58f48047a28.js
seller	UNKNOWN	seller.flipkart.com	/napi/listing/listingsDataForStates	UNKNOWN_READLIKE		731.f6104eadedda7632a7ac.js
seller	UNKNOWN	seller.flipkart.com	/napi/listing/listingsDataForStock	UNKNOWN_READLIKE		remote-345.87db87b7d58f48047a28.js
seller	UNKNOWN	seller.flipkart.com	/napi/listing/listingsFilterValues	UNKNOWN_READLIKE		remote-345.87db87b7d58f48047a28.js
seller	UNKNOWN	seller.flipkart.com	/napi/listing/listingsStateViewTemplate	UNKNOWN_READLIKE		remote-345.87db87b7d58f48047a28.js
seller	UNKNOWN	seller.flipkart.com	/napi/listing/listingsStockCount	UNKNOWN_READLIKE		remote-345.87db87b7d58f48047a28.js
seller	UNKNOWN	seller.flipkart.com	/napi/listing/listingsStockRecoFilterValues	UNKNOWN_READLIKE		remote-345.87db87b7d58f48047a28.js
seller	UNKNOWN	seller.flipkart.com	/napi/listing/lqs-customers-liked	UNKNOWN_READLIKE		2056.20eacbab222e3f0033e8.js
seller	UNKNOWN	seller.flipkart.com	/napi/listing/lqs-grade	UNKNOWN_READLIKE		2056.20eacbab222e3f0033e8.js
seller	UNKNOWN	seller.flipkart.com	/napi/listing/lqs-grade-details	UNKNOWN_READLIKE		remote-345.87db87b7d58f48047a28.js
seller	GET	seller.flipkart.com	/napi/listing/lqs-insights-new	READ		2056.20eacbab222e3f0033e8.js
seller	UNKNOWN	seller.flipkart.com	/napi/listing/lqs-insights-new-bulk	UNKNOWN_READLIKE		remote-listingsManagement-843.ac90229ed823f8648971.js
seller	GET	seller.flipkart.com	/napi/listing/lqs-insights-reco-new	READ		2056.20eacbab222e3f0033e8.js
seller	GET	seller.flipkart.com	/napi/listing/lqs-insights-reco-new-adoption	READ		2056.20eacbab222e3f0033e8.js
seller	UNKNOWN	seller.flipkart.com	/napi/listing/lqs-insights-reco-new-adoption-bulk	UNKNOWN_READLIKE		remote-listingsManagement-843.ac90229ed823f8648971.js
seller	UNKNOWN	seller.flipkart.com	/napi/listing/lqs-insights-reco-new-bulk	UNKNOWN_READLIKE		remote-listingsManagement-843.ac90229ed823f8648971.js
seller	UNKNOWN	seller.flipkart.com	/napi/listing/lqs-metrics-impressions	UNKNOWN_READLIKE		2056.20eacbab222e3f0033e8.js
seller	UNKNOWN	seller.flipkart.com	/napi/listing/lqs-price-reco-update	WRITE		2056.20eacbab222e3f0033e8.js
seller	UNKNOWN	seller.flipkart.com	/napi/listing/lqs-ratings	UNKNOWN_READLIKE		2056.20eacbab222e3f0033e8.js
seller	UNKNOWN	seller.flipkart.com	/napi/listing/lqs-return-reco-update	WRITE		2056.20eacbab222e3f0033e8.js
seller	UNKNOWN	seller.flipkart.com	/napi/listing/lqs-returns	UNKNOWN_READLIKE		2056.20eacbab222e3f0033e8.js
seller	GET	seller.flipkart.com	/napi/listing/lqs-similar-listings	READ		2056.20eacbab222e3f0033e8.js
seller	UNKNOWN	seller.flipkart.com	/napi/listing/modifyFaSetting	UNKNOWN_READLIKE		remote-345.87db87b7d58f48047a28.js
seller	UNKNOWN	seller.flipkart.com	/napi/listing/modifyFaSettingSingleListing	UNKNOWN_READLIKE		3464.cdf8e4ca098a1a73e48a.js
seller	UNKNOWN	seller.flipkart.com	/napi/listing/modifyListingsSetting	UNKNOWN_READLIKE		remote-345.87db87b7d58f48047a28.js
seller	UNKNOWN	seller.flipkart.com	/napi/listing/moq-eligibility	UNKNOWN_READLIKE		731.f6104eadedda7632a7ac.js
seller	UNKNOWN	seller.flipkart.com	/napi/listing/mspEnabled	WRITE	fetchApi	90.4722bfd3fec2521faf2e.js
seller	UNKNOWN	seller.flipkart.com	/napi/listing/oosTopListingsCount	UNKNOWN_READLIKE		remote-345.87db87b7d58f48047a28.js
seller	GET	seller.flipkart.com	/napi/listing/overallScore	READ		2056.20eacbab222e3f0033e8.js
seller	GET	seller.flipkart.com	/napi/listing/overviewAPI	READ		2056.20eacbab222e3f0033e8.js
seller	UNKNOWN	seller.flipkart.com	/napi/listing/priceUpdateHistory	WRITE		remote-345.87db87b7d58f48047a28.js
seller	UNKNOWN	seller.flipkart.com	/napi/listing/pricing-reco-data	UNKNOWN_READLIKE		remote-345.87db87b7d58f48047a28.js
seller	UNKNOWN	seller.flipkart.com	/napi/listing/pricingInfo	UNKNOWN_READLIKE		remote-345.87db87b7d58f48047a28.js
seller	UNKNOWN	seller.flipkart.com	/napi/listing/quality-grade-percent	UNKNOWN_READLIKE		remote-listingsManagement-843.ac90229ed823f8648971.js
seller	UNKNOWN	seller.flipkart.com	/napi/listing/rate-card-identifier	UNKNOWN_READLIKE		731.f6104eadedda7632a7ac.js
seller	UNKNOWN	seller.flipkart.com	/napi/listing/recentCategoryTreeBulk	UNKNOWN_READLIKE	fetchApi	5700.460cdf57b00102e6f476.js
seller	UNKNOWN	seller.flipkart.com	/napi/listing/recentCategoryTreeSingle	UNKNOWN_READLIKE	fetchApi	5700.460cdf57b00102e6f476.js
seller	UNKNOWN	seller.flipkart.com	/napi/listing/removeFromGroup	WRITE		remote-802.2d4188eb748944aba10c.js
seller	UNKNOWN	seller.flipkart.com	/napi/listing/report/check-report	UNKNOWN_READLIKE		remote-listingsManagement-843.ac90229ed823f8648971.js
seller	UNKNOWN	seller.flipkart.com	/napi/listing/report/generate-report	EXPORT		remote-listingsManagement-843.ac90229ed823f8648971.js
seller	UNKNOWN	seller.flipkart.com	/napi/listing/requestCatalogErrorFile	UNKNOWN_READLIKE		5700.460cdf57b00102e6f476.js
seller	UNKNOWN	seller.flipkart.com	/napi/listing/return-insight-data	UNKNOWN_READLIKE		remote-listingsManagement-843.ac90229ed823f8648971.js
seller	UNKNOWN	seller.flipkart.com	/napi/listing/return-reason-filters	UNKNOWN_READLIKE		remote-listingsManagement-843.ac90229ed823f8648971.js
seller	UNKNOWN	seller.flipkart.com	/napi/listing/return-reason-percentage	UNKNOWN_READLIKE		remote-listingsManagement-843.ac90229ed823f8648971.js
seller	UNKNOWN	seller.flipkart.com	/napi/listing/return-reason-updated-time-duration	WRITE		remote-listingsManagement-843.ac90229ed823f8648971.js
seller	UNKNOWN	seller.flipkart.com	/napi/listing/return-reco-count-revenue	UNKNOWN_READLIKE		remote-802.2d4188eb748944aba10c.js
seller	UNKNOWN	seller.flipkart.com	/napi/listing/return-reco-count-revenue-listing-level	UNKNOWN_READLIKE		2056.20eacbab222e3f0033e8.js
seller	UNKNOWN	seller.flipkart.com	/napi/listing/return-reco-update	WRITE		remote-listingsManagement-843.ac90229ed823f8648971.js
seller	UNKNOWN	seller.flipkart.com	/napi/listing/risk-recommendation-data	UNKNOWN_READLIKE		remote-802.2d4188eb748944aba10c.js
seller	UNKNOWN	seller.flipkart.com	/napi/listing/risk-recommendation-data-count	UNKNOWN_READLIKE		remote-802.2d4188eb748944aba10c.js
seller	UNKNOWN	seller.flipkart.com	/napi/listing/saveVerticalPredictionsResponse	WRITE		5700.460cdf57b00102e6f476.js
seller	GET	seller.flipkart.com	/napi/listing/search-vertical	READ		4334.d6eb70a751dec8ae847d.js
seller	UNKNOWN	seller.flipkart.com	/napi/listing/searchProduct	UNKNOWN_READLIKE	fetchApi	5700.460cdf57b00102e6f476.js
seller	UNKNOWN	seller.flipkart.com	/napi/listing/searchVertical	UNKNOWN_READLIKE	treeAPI	5700.460cdf57b00102e6f476.js
seller	UNKNOWN	seller.flipkart.com	/napi/listing/seller-quality-latch-on	UNKNOWN_READLIKE	updateApi	5700.460cdf57b00102e6f476.js
seller	UNKNOWN	seller.flipkart.com	/napi/listing/sellerEligible	UNKNOWN_READLIKE	fetchApi	5700.460cdf57b00102e6f476.js
seller	UNKNOWN	seller.flipkart.com	/napi/listing/settlement-commissions	WRITE		731.f6104eadedda7632a7ac.js
seller	UNKNOWN	seller.flipkart.com	/napi/listing/settlement-commissions-landing-forward-flow-zone	WRITE		remote-802.2d4188eb748944aba10c.js
seller	UNKNOWN	seller.flipkart.com	/napi/listing/shopsy-budget/details	UNKNOWN_READLIKE		remote-345.87db87b7d58f48047a28.js
seller	UNKNOWN	seller.flipkart.com	/napi/listing/size-chart-definition	UNKNOWN_READLIKE	fetchApi	5700.460cdf57b00102e6f476.js
seller	UNKNOWN	seller.flipkart.com	/napi/listing/stockFileDownload	READ_FILE		remote-345.87db87b7d58f48047a28.js
seller	UNKNOWN	seller.flipkart.com	/napi/listing/stockFileDownloadNUploadHistory	WRITE		remote-345.87db87b7d58f48047a28.js
seller	UNKNOWN	seller.flipkart.com	/napi/listing/stockFileDownloadRequestStatus	READ_FILE		remote-345.87db87b7d58f48047a28.js
seller	UNKNOWN	seller.flipkart.com	/napi/listing/stockFileUploadRequestStatus	WRITE		remote-345.87db87b7d58f48047a28.js
seller	UNKNOWN	seller.flipkart.com	/napi/listing/stockRecoIngestionDate	UNKNOWN_READLIKE		remote-345.87db87b7d58f48047a28.js
seller	UNKNOWN	seller.flipkart.com	/napi/listing/submit-size-chart	WRITE	updateApi	remote-listingsManagement-307.b261693db46ec914efad.js
seller	UNKNOWN	seller.flipkart.com	/napi/listing/top-verticals	UNKNOWN_READLIKE		5700.460cdf57b00102e6f476.js
seller	UNKNOWN	seller.flipkart.com	/napi/listing/update-moq-fsp	WRITE		3464.cdf8e4ca098a1a73e48a.js
seller	UNKNOWN	seller.flipkart.com	/napi/listing/update-size-chart	WRITE	updateWithPutApi	remote-listingsManagement-307.b261693db46ec914efad.js
seller	UNKNOWN	seller.flipkart.com	/napi/listing/updateInventory	WRITE		remote-345.87db87b7d58f48047a28.js
seller	UNKNOWN	seller.flipkart.com	/napi/listing/updateSellingPrice	WRITE		3750.0df68f127a9462052f7b.js
seller	UNKNOWN	seller.flipkart.com	/napi/listing/uploadCatalogFileV2	WRITE		5700.460cdf57b00102e6f476.js
seller	UNKNOWN	seller.flipkart.com	/napi/listing/uploadGroupingFile	WRITE		remote-345.87db87b7d58f48047a28.js
seller	UNKNOWN	seller.flipkart.com	/napi/listing/uploadStockFile	WRITE		remote-345.87db87b7d58f48047a28.js
seller	UNKNOWN	seller.flipkart.com	/napi/listing/video-context-create	WRITE		remote-listingsManagement-843.ac90229ed823f8648971.js
seller	UNKNOWN	seller.flipkart.com	/napi/listing/voc-catalog-insight-adoption	UNKNOWN_READLIKE		remote-listingsManagement-843.ac90229ed823f8648971.js
seller	UNKNOWN	seller.flipkart.com	/napi/listingVideos/upload-video-chunk	WRITE		5700.460cdf57b00102e6f476.js
seller	UNKNOWN	seller.flipkart.com	/napi/listings-rest/fashion-trends-bulk-upload	WRITE		4334.d6eb70a751dec8ae847d.js
seller	UNKNOWN	seller.flipkart.com	/napi/manageProfile/	UNKNOWN_READLIKE	submitUrl	remote-manageProfile-617.e9731b9e51151edcea56.js
seller	GET	seller.flipkart.com	/napi/manageProfile/addSellerHoliday	WRITE	submitUrl	remote-manageProfile-617.e9731b9e51151edcea56.js
seller	UNKNOWN	seller.flipkart.com	/napi/manageProfile/check-serviceability	UNKNOWN_READLIKE	fetchApi	fa.b83d414be23e72fc6a93.js
seller	UNKNOWN	seller.flipkart.com	/napi/manageProfile/create-	WRITE	updateApi	remote-manageProfile-617.e9731b9e51151edcea56.js
seller	UNKNOWN	seller.flipkart.com	/napi/manageProfile/createRegisteredApplication	WRITE	updateApi	remote-manageProfile-617.e9731b9e51151edcea56.js
seller	GET	seller.flipkart.com	/napi/manageProfile/cygnetGstin	READ		9258.26178f4d4422b76c6a94.js
seller	UNKNOWN	seller.flipkart.com	/napi/manageProfile/deleteAccountWithOtp	WRITE	updateApi	remote-manageProfile-617.e9731b9e51151edcea56.js
seller	UNKNOWN	seller.flipkart.com	/napi/manageProfile/deleteAllAppSession	WRITE		remote-manageProfile-617.e9731b9e51151edcea56.js
seller	UNKNOWN	seller.flipkart.com	/napi/manageProfile/deleteAppSession	WRITE		remote-manageProfile-617.e9731b9e51151edcea56.js
seller	UNKNOWN	seller.flipkart.com	/napi/manageProfile/deleteCalendarHolidays	WRITE	submitUrl	remote-manageProfile-617.e9731b9e51151edcea56.js
seller	UNKNOWN	seller.flipkart.com	/napi/manageProfile/deleteOtherAppSession	WRITE		remote-manageProfile-617.e9731b9e51151edcea56.js
seller	UNKNOWN	seller.flipkart.com	/napi/manageProfile/deleteRegisteredApplication	WRITE		remote-manageProfile-617.e9731b9e51151edcea56.js
seller	GET	seller.flipkart.com	/napi/manageProfile/download-document/	READ_FILE		remote-manageProfile-617.e9731b9e51151edcea56.js
seller	UNKNOWN	seller.flipkart.com	/napi/manageProfile/dummyFileUpload-multilocation	WRITE	updateApi	remote-manageProfile-617.e9731b9e51151edcea56.js
seller	UNKNOWN	seller.flipkart.com	/napi/manageProfile/fieldExists	UNKNOWN_READLIKE	fetchApi	remote-manageProfile-617.e9731b9e51151edcea56.js
seller	UNKNOWN	seller.flipkart.com	/napi/manageProfile/fileUpload	WRITE		remote-835.7ee13e4db62466071a4a.js
seller	UNKNOWN	seller.flipkart.com	/napi/manageProfile/generateOTPSelfServePhone	WRITE	updateApi	remote-manageProfile-617.e9731b9e51151edcea56.js
seller	UNKNOWN	seller.flipkart.com	/napi/manageProfile/generateOtp	WRITE	updateApi	remote-manageProfile-617.e9731b9e51151edcea56.js
seller	UNKNOWN	seller.flipkart.com	/napi/manageProfile/get-location-rules	UNKNOWN_READLIKE	fetchApi	remote-manageProfile-617.e9731b9e51151edcea56.js
seller	UNKNOWN	seller.flipkart.com	/napi/manageProfile/get-location-tasks	UNKNOWN_READLIKE	fetchApi	remote-manageProfile-617.e9731b9e51151edcea56.js
seller	GET	seller.flipkart.com	/napi/manageProfile/get-pincode-details	READ		9258.26178f4d4422b76c6a94.js
seller	UNKNOWN	seller.flipkart.com	/napi/manageProfile/get-reactivation-clause	UNKNOWN_READLIKE	updateApi	remote-manageProfile-617.e9731b9e51151edcea56.js
seller	UNKNOWN	seller.flipkart.com	/napi/manageProfile/get-seller-pan	UNKNOWN_READLIKE	fetchApi	remote-manageProfile-617.e9731b9e51151edcea56.js
seller	GET	seller.flipkart.com	/napi/manageProfile/getAppSessions	READ		remote-manageProfile-617.e9731b9e51151edcea56.js
seller	UNKNOWN	seller.flipkart.com	/napi/manageProfile/getBankDetails	UNKNOWN_READLIKE	fetchApi	remote-manageProfile-617.e9731b9e51151edcea56.js
seller	UNKNOWN	seller.flipkart.com	/napi/manageProfile/getLocationsList	UNKNOWN_READLIKE	fetchApi	remote-manageProfile-617.e9731b9e51151edcea56.js
seller	GET	seller.flipkart.com	/napi/manageProfile/getNFBFLocation	READ		remote-manageProfile-617.e9731b9e51151edcea56.js
seller	GET	seller.flipkart.com	/napi/manageProfile/getRegisteredApplications	WRITE		remote-manageProfile-617.e9731b9e51151edcea56.js
seller	UNKNOWN	seller.flipkart.com	/napi/manageProfile/getReturnLocations	UNKNOWN_READLIKE	fetchApi	remote-manageProfile-617.e9731b9e51151edcea56.js
seller	GET	seller.flipkart.com	/napi/manageProfile/getSellerAccountDetails	READ	fetchApi	remote-manageProfile-617.e9731b9e51151edcea56.js
seller	GET	seller.flipkart.com	/napi/manageProfile/getSellerBusinessDetails	READ	fetchApi	remote-manageProfile-617.e9731b9e51151edcea56.js
seller	UNKNOWN	seller.flipkart.com	/napi/manageProfile/getSellerCalendarDetails	UNKNOWN_READLIKE	getUrl	remote-manageProfile-617.e9731b9e51151edcea56.js
seller	GET	seller.flipkart.com	/napi/manageProfile/getSellerIdentity	READ		remote-manageProfile-617.e9731b9e51151edcea56.js
seller	UNKNOWN	seller.flipkart.com	/napi/manageProfile/getSellerPreference	UNKNOWN_READLIKE		remote-manageProfile-617.e9731b9e51151edcea56.js
seller	UNKNOWN	seller.flipkart.com	/napi/manageProfile/getSellerSettingsDetails	UNKNOWN_READLIKE		remote-manageProfile-617.e9731b9e51151edcea56.js
seller	UNKNOWN	seller.flipkart.com	/napi/manageProfile/getTDSDocument	UNKNOWN_READLIKE	fetchApi	remote-manageProfile-617.e9731b9e51151edcea56.js
seller	UNKNOWN	seller.flipkart.com	/napi/manageProfile/goingWithoutGSTin	UNKNOWN_READLIKE	submitUrl	remote-manageProfile-617.e9731b9e51151edcea56.js
seller	UNKNOWN	seller.flipkart.com	/napi/manageProfile/gstinExists	UNKNOWN_READLIKE	fetchApi	remote-manageProfile-617.e9731b9e51151edcea56.js
seller	GET	seller.flipkart.com	/napi/manageProfile/kycGstin	READ	fetchApi	remote-manageProfile-617.e9731b9e51151edcea56.js
seller	UNKNOWN	seller.flipkart.com	/napi/manageProfile/partnerSearch	UNKNOWN_READLIKE	searchUrl	remote-manageProfile-617.e9731b9e51151edcea56.js
seller	UNKNOWN	seller.flipkart.com	/napi/manageProfile/requestAMREcallback	UNKNOWN_READLIKE	amreRCBUrl	remote-manageProfile-617.e9731b9e51151edcea56.js
seller	UNKNOWN	seller.flipkart.com	/napi/manageProfile/resendEmailVerification	UNKNOWN_READLIKE	verifyEmailUrl	remote-manageProfile-617.e9731b9e51151edcea56.js
seller	UNKNOWN	seller.flipkart.com	/napi/manageProfile/revokeRegisteredApplication	WRITE		remote-manageProfile-617.e9731b9e51151edcea56.js
seller	UNKNOWN	seller.flipkart.com	/napi/manageProfile/rules-confirmation	WRITE	updateApi	remote-manageProfile-617.e9731b9e51151edcea56.js
seller	UNKNOWN	seller.flipkart.com	/napi/manageProfile/saveLogisticsSetting	WRITE	submitUrl	remote-manageProfile-617.e9731b9e51151edcea56.js
seller	UNKNOWN	seller.flipkart.com	/napi/manageProfile/seller-has-gstin	UNKNOWN_READLIKE	fetchApi	remote-manageProfile-617.e9731b9e51151edcea56.js
seller	UNKNOWN	seller.flipkart.com	/napi/manageProfile/submitEmailDetails	WRITE	submitUrl	remote-manageProfile-617.e9731b9e51151edcea56.js
seller	UNKNOWN	seller.flipkart.com	/napi/manageProfile/update-gstin-loc-details	WRITE	fetchApi	remote-manageProfile-617.e9731b9e51151edcea56.js
seller	UNKNOWN	seller.flipkart.com	/napi/manageProfile/updateBankDetails	WRITE	submitUrl	remote-manageProfile-617.e9731b9e51151edcea56.js
seller	UNKNOWN	seller.flipkart.com	/napi/manageProfile/updateBusinessDetails	WRITE	submitUrl	remote-manageProfile-617.e9731b9e51151edcea56.js
seller	UNKNOWN	seller.flipkart.com	/napi/manageProfile/updateContactDetails	WRITE	submitUrl	remote-manageProfile-617.e9731b9e51151edcea56.js
seller	UNKNOWN	seller.flipkart.com	/napi/manageProfile/updateDisplayDetails	WRITE	submitUrl	remote-manageProfile-617.e9731b9e51151edcea56.js
seller	UNKNOWN	seller.flipkart.com	/napi/manageProfile/updateEmailOtp	WRITE	updateApi	remote-manageProfile-617.e9731b9e51151edcea56.js
seller	UNKNOWN	seller.flipkart.com	/napi/manageProfile/updateFADetails	WRITE	submitUrl	remote-manageProfile-617.e9731b9e51151edcea56.js
seller	UNKNOWN	seller.flipkart.com	/napi/manageProfile/updateGstin	WRITE		remote-manageProfile-617.e9731b9e51151edcea56.js
seller	UNKNOWN	seller.flipkart.com	/napi/manageProfile/updateInvoiceAddress	WRITE		remote-manageProfile-617.e9731b9e51151edcea56.js
seller	GET	seller.flipkart.com	/napi/manageProfile/updateOTPSelfServePhone	WRITE	submitUrl	remote-manageProfile-617.e9731b9e51151edcea56.js
seller	UNKNOWN	seller.flipkart.com	/napi/manageProfile/updatePocDetails	WRITE	updateApi	remote-manageProfile-617.e9731b9e51151edcea56.js
seller	UNKNOWN	seller.flipkart.com	/napi/manageProfile/updateSellerPreference	WRITE	updateApi	remote-manageProfile-617.e9731b9e51151edcea56.js
seller	UNKNOWN	seller.flipkart.com	/napi/manageProfile/updateTwoFactorDetails/v2	WRITE	updateApi	remote-manageProfile-617.e9731b9e51151edcea56.js
seller	UNKNOWN	seller.flipkart.com	/napi/manageProfile/updateWorkingHours	WRITE	submitUrl	remote-manageProfile-617.e9731b9e51151edcea56.js
seller	UNKNOWN	seller.flipkart.com	/napi/manageProfile/validateSellerHoliday	UNKNOWN_READLIKE	updateApi	remote-manageProfile-617.e9731b9e51151edcea56.js
seller	UNKNOWN	seller.flipkart.com	/napi/manageProfile/verifyEmailOtp	UNKNOWN_READLIKE	submitUrl	remote-manageProfile-617.e9731b9e51151edcea56.js
seller	UNKNOWN	seller.flipkart.com	/napi/manageProfile/verifyMobile	UNKNOWN_READLIKE	updateApi	remote-manageProfile-617.e9731b9e51151edcea56.js
seller	UNKNOWN	seller.flipkart.com	/napi/manageProfile/verifyOTPSelfServePhone	UNKNOWN_READLIKE	updateApi	remote-manageProfile-617.e9731b9e51151edcea56.js
seller	UNKNOWN	seller.flipkart.com	/napi/manageProfile/verifyProperty	UNKNOWN_READLIKE	fetchApi	remote-manageProfile-617.e9731b9e51151edcea56.js
seller	UNKNOWN	seller.flipkart.com	/napi/manageProfile/weekly-off-metadata	UNKNOWN_READLIKE	fetchApi	remote-manageProfile-617.e9731b9e51151edcea56.js
seller	UNKNOWN	seller.flipkart.com	/napi/mark-all-notifications	WRITE	updateApi	90.4722bfd3fec2521faf2e.js
seller	UNKNOWN	seller.flipkart.com	/napi/metrics-rest/category-mandate/settlement-file/initiate	WRITE		3750.0df68f127a9462052f7b.js
seller	GET	seller.flipkart.com	/napi/metrics-rest/category-mandate/settlement-file/poll	WRITE		3750.0df68f127a9462052f7b.js
seller	UNKNOWN	seller.flipkart.com	/napi/metrics-rest/competitor-products/bulk-upload	WRITE		484.a77f6a5493c8736e2163.js
seller	UNKNOWN	seller.flipkart.com	/napi/metrics-rest/settlement-template-upload/	WRITE		3750.0df68f127a9462052f7b.js
seller	UNKNOWN	seller.flipkart.com	/napi/metrics-rest/settlement-updated-file-upload/	WRITE		3750.0df68f127a9462052f7b.js
seller	UNKNOWN	seller.flipkart.com	/napi/metrics/bizReport/category/generatedReports	WRITE	generatedReportsFetchApi	484.a77f6a5493c8736e2163.js
seller	PUT	seller.flipkart.com	/napi/metrics/bizReport/deleteScheduledReport	WRITE		171.83ac6fa44938bd3d361c.js
seller	UNKNOWN	seller.flipkart.com	/napi/metrics/bizReport/downloadReport	EXPORT		304.fa6a0b601c260dd26c66.js
seller	UNKNOWN	seller.flipkart.com	/napi/metrics/bizReport/downloadReport/	EXPORT		171.83ac6fa44938bd3d361c.js
seller	PUT	seller.flipkart.com	/napi/metrics/bizReport/editScheduledReport	WRITE		171.83ac6fa44938bd3d361c.js
seller	UNKNOWN	seller.flipkart.com	/napi/metrics/bizReport/generatedReportsCount	EXPORT	fetchGeneratedReportsCountApi	484.a77f6a5493c8736e2163.js
seller	UNKNOWN	seller.flipkart.com	/napi/metrics/bizReport/getReportStatus	UNKNOWN_READLIKE		304.fa6a0b601c260dd26c66.js
seller	UNKNOWN	seller.flipkart.com	/napi/metrics/bizReport/getReportsCount	READ		171.83ac6fa44938bd3d361c.js
seller	GET	seller.flipkart.com	/napi/metrics/bizReport/getScheduledReports	WRITE		171.83ac6fa44938bd3d361c.js
seller	UNKNOWN	seller.flipkart.com	/napi/metrics/bizReport/report	UNKNOWN_READLIKE	updateApi	484.a77f6a5493c8736e2163.js
seller	GET	seller.flipkart.com	/napi/metrics/bizReport/report/2/detail	READ		171.83ac6fa44938bd3d361c.js
seller	UNKNOWN	seller.flipkart.com	/napi/metrics/bizReport/report/check-report	UNKNOWN_READLIKE	CHECK_API	3750.0df68f127a9462052f7b.js
seller	UNKNOWN	seller.flipkart.com	/napi/metrics/bizReport/report/checkConversionReports	UNKNOWN_READLIKE	CHECK_API	3750.0df68f127a9462052f7b.js
seller	UNKNOWN	seller.flipkart.com	/napi/metrics/bizReport/report/checkLatchOnReport	UNKNOWN_READLIKE	CHECK_API	3750.0df68f127a9462052f7b.js
seller	UNKNOWN	seller.flipkart.com	/napi/metrics/bizReport/report/checkOrdersReport	UNKNOWN_READLIKE	CHECK_API	484.a77f6a5493c8736e2163.js
seller	UNKNOWN	seller.flipkart.com	/napi/metrics/bizReport/report/checkOrdersReportOutput	UNKNOWN_READLIKE	CHECK_API	484.a77f6a5493c8736e2163.js
seller	UNKNOWN	seller.flipkart.com	/napi/metrics/bizReport/report/checkPriceRecoReport	UNKNOWN_READLIKE		3750.0df68f127a9462052f7b.js
seller	UNKNOWN	seller.flipkart.com	/napi/metrics/bizReport/report/checkReports	READ	CHECK_API	484.a77f6a5493c8736e2163.js
seller	UNKNOWN	seller.flipkart.com	/napi/metrics/bizReport/report/checkReturnsReport	UNKNOWN_READLIKE	CHECK_API	3750.0df68f127a9462052f7b.js
seller	UNKNOWN	seller.flipkart.com	/napi/metrics/bizReport/report/checkSettelmentPriceRecoReport	UNKNOWN_READLIKE		3750.0df68f127a9462052f7b.js
seller	UNKNOWN	seller.flipkart.com	/napi/metrics/bizReport/report/generate-report	EXPORT	GENERATE_API	3750.0df68f127a9462052f7b.js
seller	UNKNOWN	seller.flipkart.com	/napi/metrics/bizReport/report/generateCatalogueReport	EXPORT	GENERATE_API	3750.0df68f127a9462052f7b.js
seller	UNKNOWN	seller.flipkart.com	/napi/metrics/bizReport/report/generateConversionReport	EXPORT	GENERATE_API	3750.0df68f127a9462052f7b.js
seller	UNKNOWN	seller.flipkart.com	/napi/metrics/bizReport/report/generateInventoryReport	EXPORT	fetchApi	568.6240cd028e3ec8a1a88a.js
seller	UNKNOWN	seller.flipkart.com	/napi/metrics/bizReport/report/generateLatchOnReport	EXPORT	GENERATE_API	3750.0df68f127a9462052f7b.js
seller	UNKNOWN	seller.flipkart.com	/napi/metrics/bizReport/report/generateOrdersReport	EXPORT	GENERATE_API	484.a77f6a5493c8736e2163.js
seller	UNKNOWN	seller.flipkart.com	/napi/metrics/bizReport/report/generateOrdersReportOutput	EXPORT	GENERATE_API	484.a77f6a5493c8736e2163.js
seller	UNKNOWN	seller.flipkart.com	/napi/metrics/bizReport/report/generatePriceRecoReport	EXPORT		3750.0df68f127a9462052f7b.js
seller	UNKNOWN	seller.flipkart.com	/napi/metrics/bizReport/report/generateReport	EXPORT	GENERATE_API	484.a77f6a5493c8736e2163.js
seller	UNKNOWN	seller.flipkart.com	/napi/metrics/bizReport/report/generateReturnsReport	EXPORT	GENERATE_API	3750.0df68f127a9462052f7b.js
seller	UNKNOWN	seller.flipkart.com	/napi/metrics/bizReport/report/generateSettelmentPriceRecoReport	EXPORT		3750.0df68f127a9462052f7b.js
seller	UNKNOWN	seller.flipkart.com	/napi/metrics/bizReport/report/generatedReports	EXPORT	generatedReportsFetchApi	484.a77f6a5493c8736e2163.js
seller	UNKNOWN	seller.flipkart.com	/napi/metrics/bizReport/report/getReportsV2	READ		171.83ac6fa44938bd3d361c.js
seller	GET	seller.flipkart.com	/napi/metrics/bizReport/reportCategories	READ		171.83ac6fa44938bd3d361c.js
seller	UNKNOWN	seller.flipkart.com	/napi/metrics/bizReport/reports	UNKNOWN_READLIKE	fetchApiUrl	484.a77f6a5493c8736e2163.js
seller	GET	seller.flipkart.com	/napi/metrics/bizReport/reportsNew	READ		171.83ac6fa44938bd3d361c.js
seller	PUT	seller.flipkart.com	/napi/metrics/bizReport/retryReports	WRITE		171.83ac6fa44938bd3d361c.js
seller	GET	seller.flipkart.com	/napi/metrics/bizReport/submitReport	WRITE		171.83ac6fa44938bd3d361c.js
seller	UNKNOWN	seller.flipkart.com	/napi/metrics/darwin/getQuestionnaire	UNKNOWN_READLIKE		3750.0df68f127a9462052f7b.js
seller	UNKNOWN	seller.flipkart.com	/napi/metrics/darwin/metrics-data	UNKNOWN_READLIKE		3750.0df68f127a9462052f7b.js
seller	UNKNOWN	seller.flipkart.com	/napi/metrics/darwin/tiering-metrics	UNKNOWN_READLIKE		3750.0df68f127a9462052f7b.js
seller	UNKNOWN	seller.flipkart.com	/napi/metrics/darwin/updateQuetionnaireResponse	WRITE		3750.0df68f127a9462052f7b.js
seller	GET	seller.flipkart.com	/napi/metrics/darwin/v3/tiering-metrics	READ		484.a77f6a5493c8736e2163.js
seller	UNKNOWN	seller.flipkart.com	/napi/metrics/get-filters	UNKNOWN_READLIKE		3750.0df68f127a9462052f7b.js
seller	GET	seller.flipkart.com	/napi/metrics/homePage/goalsDetails	READ		remote-coe-271.b947b95ea27b267f0117.js
seller	UNKNOWN	seller.flipkart.com	/napi/metrics/insight/generalRecoCall	UNKNOWN_READLIKE	lastUpdatedTime	3750.0df68f127a9462052f7b.js
seller	UNKNOWN	seller.flipkart.com	/napi/metrics/insight/getImpact	UNKNOWN_READLIKE	impactURL	3750.0df68f127a9462052f7b.js
seller	UNKNOWN	seller.flipkart.com	/napi/metrics/insight/getImpactCsv	UNKNOWN_READLIKE	downloadCsv	3750.0df68f127a9462052f7b.js
seller	UNKNOWN	seller.flipkart.com	/napi/metrics/insight/getRUReccomendationCards	UNKNOWN_READLIKE	zoneApi	3750.0df68f127a9462052f7b.js
seller	UNKNOWN	seller.flipkart.com	/napi/metrics/insight/insightRecommendation	UNKNOWN_READLIKE		3750.0df68f127a9462052f7b.js
seller	UNKNOWN	seller.flipkart.com	/napi/metrics/insight/oosInsight	UNKNOWN_READLIKE		568.6240cd028e3ec8a1a88a.js
seller	UNKNOWN	seller.flipkart.com	/napi/metrics/insight/oosInsightData	UNKNOWN_READLIKE		568.6240cd028e3ec8a1a88a.js
seller	UNKNOWN	seller.flipkart.com	/napi/metrics/insight/priceRecommendationUpdate	WRITE	priceRecommendationUpdateRequestURL	3750.0df68f127a9462052f7b.js
seller	UNKNOWN	seller.flipkart.com	/napi/metrics/insight/pricing/automation/count	UNKNOWN_READLIKE		3750.0df68f127a9462052f7b.js
seller	UNKNOWN	seller.flipkart.com	/napi/metrics/insight/pricing/automation/create-rule	WRITE		3750.0df68f127a9462052f7b.js
seller	UNKNOWN	seller.flipkart.com	/napi/metrics/insight/pricing/automation/data	UNKNOWN_READLIKE		3750.0df68f127a9462052f7b.js
seller	UNKNOWN	seller.flipkart.com	/napi/metrics/insight/pricing/automation/delete-rule	WRITE		3750.0df68f127a9462052f7b.js
seller	UNKNOWN	seller.flipkart.com	/napi/metrics/insight/pricing/automation/filters	UNKNOWN_READLIKE		3750.0df68f127a9462052f7b.js
seller	UNKNOWN	seller.flipkart.com	/napi/metrics/insight/pricing/automation/update-rule	WRITE		3750.0df68f127a9462052f7b.js
seller	UNKNOWN	seller.flipkart.com	/napi/metrics/insight/pricing/data	UNKNOWN_READLIKE		3750.0df68f127a9462052f7b.js
seller	UNKNOWN	seller.flipkart.com	/napi/metrics/insight/pricing/history	UNKNOWN_READLIKE		3750.0df68f127a9462052f7b.js
seller	UNKNOWN	seller.flipkart.com	/napi/metrics/insight/pricing/recommendationData	UNKNOWN_READLIKE		3750.0df68f127a9462052f7b.js
seller	UNKNOWN	seller.flipkart.com	/napi/metrics/insight/updateOosInsightData	WRITE		484.a77f6a5493c8736e2163.js
seller	UNKNOWN	seller.flipkart.com	/napi/metrics/priceRecoErrorFileDownload	READ_FILE	PRICE_RECO_ERROR_FILE_DOWNLOAD_API	3750.0df68f127a9462052f7b.js
seller	UNKNOWN	seller.flipkart.com	/napi/metrics/priceRecoFileUploadRequestStatus	WRITE	PRICE_RECO_FILE_UPLOAD_STATUS	3750.0df68f127a9462052f7b.js
seller	UNKNOWN	seller.flipkart.com	/napi/metrics/productDetailsView	UNKNOWN_READLIKE		3750.0df68f127a9462052f7b.js
seller	UNKNOWN	seller.flipkart.com	/napi/metrics/returnsRecommendations	UNKNOWN_READLIKE		3750.0df68f127a9462052f7b.js
seller	UNKNOWN	seller.flipkart.com	/napi/metrics/rsppNotification	UNKNOWN_READLIKE		3750.0df68f127a9462052f7b.js
seller	UNKNOWN	seller.flipkart.com	/napi/metrics/sbpPriceRecoErrorFileDownload	READ_FILE		3750.0df68f127a9462052f7b.js
seller	UNKNOWN	seller.flipkart.com	/napi/metrics/sbpPriceRecoFileUploadStatus	WRITE		3750.0df68f127a9462052f7b.js
seller	POST	seller.flipkart.com	/napi/metrics/search	UNKNOWN		3750.0df68f127a9462052f7b.js
seller	UNKNOWN	seller.flipkart.com	/napi/metrics/search/min_max_dates	UNKNOWN_READLIKE		3750.0df68f127a9462052f7b.js
seller	UNKNOWN	seller.flipkart.com	/napi/metrics/sellerAnalytics/dropShipBreaches	UNKNOWN_READLIKE	dropShipBreaches	484.a77f6a5493c8736e2163.js
seller	UNKNOWN	seller.flipkart.com	/napi/metrics/sellerAnalytics/packageAdherence	UNKNOWN_READLIKE	packageAdherence	484.a77f6a5493c8736e2163.js
seller	UNKNOWN	seller.flipkart.com	/napi/metrics/sellerAnalytics/recommendations	UNKNOWN_READLIKE	zoneApi	3750.0df68f127a9462052f7b.js
seller	UNKNOWN	seller.flipkart.com	/napi/metrics/sellerAnalytics/zoneDetailForRU	UNKNOWN_READLIKE		484.a77f6a5493c8736e2163.js
seller	UNKNOWN	seller.flipkart.com	/napi/metrics/uploadDocumentImage	WRITE		484.a77f6a5493c8736e2163.js
seller	UNKNOWN	seller.flipkart.com	/napi/metrics/uploadPriceRecoFile	WRITE	PRICE_RECO_FILE_UPLOAD_API	3750.0df68f127a9462052f7b.js
seller	UNKNOWN	seller.flipkart.com	/napi/metrics/uploadPriceRecoSbpFile	WRITE		3750.0df68f127a9462052f7b.js
seller	UNKNOWN	seller.flipkart.com	/napi/metrics/yoda/actionHistory	UNKNOWN_READLIKE	yodaActionHistory	484.a77f6a5493c8736e2163.js
seller	UNKNOWN	seller.flipkart.com	/napi/metrics/yoda/sellerIncentive	UNKNOWN_READLIKE	sellerIncentive	484.a77f6a5493c8736e2163.js
seller	UNKNOWN	seller.flipkart.com	/napi/my-orders/bulk-orders-upload-validation	WRITE	fetchApi	33.b2ae781739dbf1ef817b.js
seller	UNKNOWN	seller.flipkart.com	/napi/my-orders/download-bulk-orders	READ_FILE	downloadApi	33.b2ae781739dbf1ef817b.js
seller	UNKNOWN	seller.flipkart.com	/napi/my-orders/download-errored-bulk-orders	READ_FILE	downloadApi	33.b2ae781739dbf1ef817b.js
seller	UNKNOWN	seller.flipkart.com	/napi/my-orders/fetch	UNKNOWN_READLIKE		33.b2ae781739dbf1ef817b.js
seller	UNKNOWN	seller.flipkart.com	/napi/my-orders/getBarcode	UNKNOWN_READLIKE		33.b2ae781739dbf1ef817b.js
seller	GET	seller.flipkart.com	/napi/my-orders/getSortedShipments	READ		33.b2ae781739dbf1ef817b.js
seller	GET	seller.flipkart.com	/napi/my-orders/getUniqueDBD	READ		33.b2ae781739dbf1ef817b.js
seller	UNKNOWN	seller.flipkart.com	/napi/my-orders/label-generation-status	READ_FILE	fetchApi	33.b2ae781739dbf1ef817b.js
seller	UNKNOWN	seller.flipkart.com	/napi/my-orders/print/invoice	READ_FILE	downloadApi	33.b2ae781739dbf1ef817b.js
seller	UNKNOWN	seller.flipkart.com	/napi/my-orders/reprint_labels	UNKNOWN	downloadApi	33.b2ae781739dbf1ef817b.js
seller	UNKNOWN	seller.flipkart.com	/napi/my-orders/revamped-orders-print	UNKNOWN		33.b2ae781739dbf1ef817b.js
seller	UNKNOWN	seller.flipkart.com	/napi/my-orders/search	UNKNOWN_READLIKE	updateApi	33.b2ae781739dbf1ef817b.js
seller	UNKNOWN	seller.flipkart.com	/napi/my-orders/state-counts	UNKNOWN_READLIKE	fetchApi	33.b2ae781739dbf1ef817b.js
seller	UNKNOWN	seller.flipkart.com	/napi/my-orders/upload-bulk-orders	WRITE		33.b2ae781739dbf1ef817b.js
seller	UNKNOWN	seller.flipkart.com	/napi/myp/create-promotion	WRITE	createApi	166.d0610b90d3ae6c69c8c0.js
seller	UNKNOWN	seller.flipkart.com	/napi/myp/delete-uploaded-listings	WRITE	deleteUploadedFile	166.d0610b90d3ae6c69c8c0.js
seller	UNKNOWN	seller.flipkart.com	/napi/myp/download-eligible-listings	READ_FILE	downloadListApi	166.d0610b90d3ae6c69c8c0.js
seller	UNKNOWN	seller.flipkart.com	/napi/myp/eligible-listings-count	UNKNOWN_READLIKE	eligibleListingsCount	166.d0610b90d3ae6c69c8c0.js
seller	UNKNOWN	seller.flipkart.com	/napi/myp/enable-disable-promotion	WRITE	enableDisableApi	166.d0610b90d3ae6c69c8c0.js
seller	UNKNOWN	seller.flipkart.com	/napi/myp/get-category-tree	UNKNOWN_READLIKE	categoryFetchApi	166.d0610b90d3ae6c69c8c0.js
seller	UNKNOWN	seller.flipkart.com	/napi/myp/get-promotion	UNKNOWN_READLIKE	fetchApi	166.d0610b90d3ae6c69c8c0.js
seller	UNKNOWN	seller.flipkart.com	/napi/myp/get-promotions	UNKNOWN_READLIKE	fetchApi	166.d0610b90d3ae6c69c8c0.js
seller	UNKNOWN	seller.flipkart.com	/napi/myp/get-seller-brands	UNKNOWN_READLIKE	brandsFetchApi	166.d0610b90d3ae6c69c8c0.js
seller	UNKNOWN	seller.flipkart.com	/napi/myp/search-by-listing-id	UNKNOWN_READLIKE	searchByListingIdApi	166.d0610b90d3ae6c69c8c0.js
seller	UNKNOWN	seller.flipkart.com	/napi/myp/search-by-sku	UNKNOWN_READLIKE	searchBySkuApi	166.d0610b90d3ae6c69c8c0.js
seller	UNKNOWN	seller.flipkart.com	/napi/notifications/action	UNKNOWN	updateApi	90.4722bfd3fec2521faf2e.js
seller	UNKNOWN	seller.flipkart.com	/napi/notifications/update	WRITE	updateApi	remote-coe-271.b947b95ea27b267f0117.js
seller	UNKNOWN	seller.flipkart.com	/napi/onboarding/fetchAllBankDetails	UNKNOWN_READLIKE		remote-835.7ee13e4db62466071a4a.js
seller	UNKNOWN	seller.flipkart.com	/napi/onboarding/generateOtpMobile	WRITE	checkNumberExistence	414.878c0ddff2f50b2b6b01.js
seller	GET	seller.flipkart.com	/napi/onboarding/getBranchByIFSC	READ	fetchApi	remote-manageProfile-617.e9731b9e51151edcea56.js
seller	UNKNOWN	seller.flipkart.com	/napi/onboarding/taskDetailsFirefly	UNKNOWN_READLIKE	fetchApi	90.4722bfd3fec2521faf2e.js
seller	UNKNOWN	seller.flipkart.com	/napi/onboarding/updateBookSellerBusinessDetails	WRITE		remote-835.7ee13e4db62466071a4a.js
seller	UNKNOWN	seller.flipkart.com	/napi/onboarding/updateSellerBankDetailsV3	WRITE		remote-835.7ee13e4db62466071a4a.js
seller	UNKNOWN	seller.flipkart.com	/napi/orders/cancel	WRITE	updateApi	33.b2ae781739dbf1ef817b.js
seller	UNKNOWN	seller.flipkart.com	/napi/orders/downloadBulkProofOfPickup	READ_FILE	downloadApi	33.b2ae781739dbf1ef817b.js
seller	GET	seller.flipkart.com	/napi/orders/downloadLabelsCreatedV2	WRITE	downloadApi	33.b2ae781739dbf1ef817b.js
seller	UNKNOWN	seller.flipkart.com	/napi/orders/downloadManifestPDFV2	READ_FILE	downloadApi	33.b2ae781739dbf1ef817b.js
seller	UNKNOWN	seller.flipkart.com	/napi/orders/download_csv_v3	READ_FILE	downloadApi	33.b2ae781739dbf1ef817b.js
seller	UNKNOWN	seller.flipkart.com	/napi/orders/download_upcoming_report	READ_FILE	downloadApi	33.b2ae781739dbf1ef817b.js
seller	UNKNOWN	seller.flipkart.com	/napi/orders/fetch	UNKNOWN_READLIKE	fetchApi	880.857b7aea12d938747f68.js
seller	UNKNOWN	seller.flipkart.com	/napi/orders/fetchV2	UNKNOWN_READLIKE	fetchApi	880.857b7aea12d938747f68.js
seller	UNKNOWN	seller.flipkart.com	/napi/orders/getGSTRates	UNKNOWN_READLIKE		33.b2ae781739dbf1ef817b.js
seller	UNKNOWN	seller.flipkart.com	/napi/orders/getGroupedCounts	UNKNOWN_READLIKE	fetchApi	33.b2ae781739dbf1ef817b.js
seller	UNKNOWN	seller.flipkart.com	/napi/orders/getHandoverCounts	UNKNOWN_READLIKE	fetchApi	33.b2ae781739dbf1ef817b.js
seller	UNKNOWN	seller.flipkart.com	/napi/orders/getOrdersCountForIntransit	UNKNOWN_READLIKE	updateApi	returns.ae2b76369fee76f7e7bf.js
seller	UNKNOWN	seller.flipkart.com	/napi/orders/health_report	UNKNOWN	fetchAPI	33.b2ae781739dbf1ef817b.js
seller	UNKNOWN	seller.flipkart.com	/napi/orders/histories	UNKNOWN	fetchApi	33.b2ae781739dbf1ef817b.js
seller	UNKNOWN	seller.flipkart.com	/napi/orders/search	UNKNOWN_READLIKE	fetchApi	33.b2ae781739dbf1ef817b.js
seller	UNKNOWN	seller.flipkart.com	/napi/orders/v3/rtsWithScanV2	UNKNOWN		33.b2ae781739dbf1ef817b.js
seller	GET	seller.flipkart.com	/napi/partner-master/categories	READ	GET_CATEGORIES	874.9b277a057d41c44d5607.js
seller	GET	seller.flipkart.com	/napi/partner-master/v0/ads	READ		304.fa6a0b601c260dd26c66.js
seller	GET	seller.flipkart.com	/napi/partner-master/v0/banner	READ		874.9b277a057d41c44d5607.js
seller	GET	seller.flipkart.com	/napi/partner-master/v0/feedback/factors/	READ		874.9b277a057d41c44d5607.js
seller	GET	seller.flipkart.com	/napi/partner-master/v0/feedback/ratings/	READ		874.9b277a057d41c44d5607.js
seller	GET	seller.flipkart.com	/napi/partner-master/v0/partner_categories	READ		874.9b277a057d41c44d5607.js
seller	GET	seller.flipkart.com	/napi/partner-master/v0/partners/summary	READ		874.9b277a057d41c44d5607.js
seller	GET	seller.flipkart.com	/napi/partner-master/v0/quotation/	READ		874.9b277a057d41c44d5607.js
seller	GET	seller.flipkart.com	/napi/partner-master/v0/quotes	READ		874.9b277a057d41c44d5607.js
seller	GET	seller.flipkart.com	/napi/partner-master/v0/service-orchestration/document/list	READ		874.9b277a057d41c44d5607.js
seller	GET	seller.flipkart.com	/napi/partner-master/v1/partner_categories/list	READ		874.9b277a057d41c44d5607.js
seller	GET	seller.flipkart.com	/napi/partner-master/v1/quotes/seller	READ		874.9b277a057d41c44d5607.js
seller	GET	seller.flipkart.com	/napi/partner-master/v1/quotes/unrated/seller/	READ		874.9b277a057d41c44d5607.js
seller	GET	seller.flipkart.com	/napi/partner-master/v1/quotes/{quote_id}/seller/audit	READ		874.9b277a057d41c44d5607.js
seller	GET	seller.flipkart.com	/napi/partner-master/v1/quotes/{quote_id}/seller/status	READ		874.9b277a057d41c44d5607.js
seller	GET	seller.flipkart.com	/napi/partner-master/v1/ratings	READ		874.9b277a057d41c44d5607.js
seller	GET	seller.flipkart.com	/napi/partner-master/v1/ratings/reviews	READ		874.9b277a057d41c44d5607.js
seller	GET	seller.flipkart.com	/napi/partner-master/v2/quotes/seller	READ		874.9b277a057d41c44d5607.js
seller	GET	seller.flipkart.com	/napi/partner-master/v2/quotes/seller/cta	READ		874.9b277a057d41c44d5607.js
seller	UNKNOWN	seller.flipkart.com	/napi/payments-rest/photoView	WRITE	PHOTO_VIEW_ENDPOINT	304.fa6a0b601c260dd26c66.js
seller	UNKNOWN	seller.flipkart.com	/napi/payments-rest/uploadSpfClaimFile	WRITE		540.2ba52339eb385139a876.js
seller	GET	seller.flipkart.com	/napi/payments/checkFyReportAvailableV2	WRITE		171.83ac6fa44938bd3d361c.js
seller	UNKNOWN	seller.flipkart.com	/napi/payments/downloadSellerStatements	WRITE		304.fa6a0b601c260dd26c66.js
seller	GET	seller.flipkart.com	/napi/payments/fetchBlockStatus	WRITE		304.fa6a0b601c260dd26c66.js
seller	UNKNOWN	seller.flipkart.com	/napi/payments/fetchLastPaymentDetails	WRITE		304.fa6a0b601c260dd26c66.js
seller	UNKNOWN	seller.flipkart.com	/napi/payments/fetchOutstandingPaymentDetails	WRITE		304.fa6a0b601c260dd26c66.js
seller	GET	seller.flipkart.com	/napi/payments/fetchSellerStatement	WRITE		304.fa6a0b601c260dd26c66.js
seller	UNKNOWN	seller.flipkart.com	/napi/price-scheduling/priceRuleCreate	WRITE	kRe	484.a77f6a5493c8736e2163.js
seller	UNKNOWN	seller.flipkart.com	/napi/price-scheduling/priceRuleUpdate	WRITE	NRe	484.a77f6a5493c8736e2163.js
seller	UNKNOWN	seller.flipkart.com	/napi/pricing/approvalJobStatus	UNKNOWN_READLIKE	getApprovalJobStatus	794.65937a9373b69908c37f.js
seller	UNKNOWN	seller.flipkart.com	/napi/pricing/approvePriceApproval	WRITE	approveApi	794.65937a9373b69908c37f.js
seller	UNKNOWN	seller.flipkart.com	/napi/pricing/createPriceApprovalJob	WRITE	createPriceApprovalJob	794.65937a9373b69908c37f.js
seller	UNKNOWN	seller.flipkart.com	/napi/pricing/disapproveApprovedListings	WRITE	disapproveApprovedListings	794.65937a9373b69908c37f.js
seller	UNKNOWN	seller.flipkart.com	/napi/pricing/disapprovePriceApproval	WRITE	disapproveApi	794.65937a9373b69908c37f.js
seller	UNKNOWN	seller.flipkart.com	/napi/pricing/pendingPriceApprovals	UNKNOWN	fetchApi	794.65937a9373b69908c37f.js
seller	UNKNOWN	seller.flipkart.com	/napi/pricing/priceApprovalHistory	UNKNOWN	fetchApi	794.65937a9373b69908c37f.js
seller	UNKNOWN	seller.flipkart.com	/napi/pricing/priceApprovalReviewCycle	UNKNOWN_READLIKE	fetchApi	pricing.f8c5106cb3b374dad91a.js
seller	UNKNOWN	seller.flipkart.com	/napi/pricing/priceApprovalSetThreshold	UNKNOWN	postApprovalThresholdApi	794.65937a9373b69908c37f.js
seller	UNKNOWN	seller.flipkart.com	/napi/pricing/priceApprovalThresholds	UNKNOWN	fetchApi	794.65937a9373b69908c37f.js
seller	UNKNOWN	seller.flipkart.com	/napi/pricing/reviewAction	UNKNOWN_READLIKE		pricing.f8c5106cb3b374dad91a.js
seller	UNKNOWN	seller.flipkart.com	/napi/pricing/updateLPOverride	WRITE	updateLPOverride	794.65937a9373b69908c37f.js
seller	UNKNOWN	seller.flipkart.com	/napi/printing/certificate	READ		fa.b83d414be23e72fc6a93.js
seller	UNKNOWN	seller.flipkart.com	/napi/promotions/check-flo-seller	UNKNOWN		3404.a883c28f13dbef576c47.js
seller	UNKNOWN	seller.flipkart.com	/napi/putlist/addItems	WRITE		880.857b7aea12d938747f68.js
seller	UNKNOWN	seller.flipkart.com	/napi/putlist/closePutlist	UNKNOWN_READLIKE		880.857b7aea12d938747f68.js
seller	UNKNOWN	seller.flipkart.com	/napi/putlist/createPutlist	WRITE		880.857b7aea12d938747f68.js
seller	UNKNOWN	seller.flipkart.com	/napi/putlist/deleteItem	WRITE		880.857b7aea12d938747f68.js
seller	UNKNOWN	seller.flipkart.com	/napi/putlist/downloadFile	READ_FILE		880.857b7aea12d938747f68.js
seller	UNKNOWN	seller.flipkart.com	/napi/putlist/downloadPutlist	READ_FILE		880.857b7aea12d938747f68.js
seller	GET	seller.flipkart.com	/napi/putlist/fetchPutlistItems	READ		880.857b7aea12d938747f68.js
seller	GET	seller.flipkart.com	/napi/putlist/getAllPutlists	READ		880.857b7aea12d938747f68.js
seller	GET	seller.flipkart.com	/napi/putlist/getBinCapacity	READ		880.857b7aea12d938747f68.js
seller	GET	seller.flipkart.com	/napi/putlist/getFileDownloadStatus	READ_FILE		880.857b7aea12d938747f68.js
seller	GET	seller.flipkart.com	/napi/putlist/triggerFileDownload	READ_FILE		880.857b7aea12d938747f68.js
seller	UNKNOWN	seller.flipkart.com	/napi/putlist/updateLBHW	WRITE		880.857b7aea12d938747f68.js
seller	UNKNOWN	seller.flipkart.com	/napi/putlist/validateListing	UNKNOWN_READLIKE		880.857b7aea12d938747f68.js
seller	GET	seller.flipkart.com	/napi/qnaStore/getDocumentsMetadata	READ_FILE		5700.460cdf57b00102e6f476.js
seller	GET	seller.flipkart.com	/napi/qnaStore/questions	READ		5700.460cdf57b00102e6f476.js
seller	GET	seller.flipkart.com	/napi/qnaStore/questionsV2	READ		5700.460cdf57b00102e6f476.js
seller	UNKNOWN	seller.flipkart.com	/napi/qnaStore/submit	WRITE		5700.460cdf57b00102e6f476.js
seller	UNKNOWN	seller.flipkart.com	/napi/rate-card/fetch-is-shopsy-fsn	UNKNOWN_READLIKE	fetchShopsyValidationURL	789.a4732b423d261ac38273.js
seller	UNKNOWN	seller.flipkart.com	/napi/rate-card/fetchRateCardFees	UNKNOWN_READLIKE	customURL	789.a4732b423d261ac38273.js
seller	UNKNOWN	seller.flipkart.com	/napi/rate-card/get-complete-category-tree	UNKNOWN_READLIKE		304.fa6a0b601c260dd26c66.js
seller	UNKNOWN	seller.flipkart.com	/napi/rate-card/getRateCardCategories	UNKNOWN_READLIKE	fetchRateCardCategoryURL	789.a4732b423d261ac38273.js
seller	UNKNOWN	seller.flipkart.com	/napi/rate-card/getRateCardSubCategories	UNKNOWN_READLIKE	fetchRateCardSubCategoryURL	789.a4732b423d261ac38273.js
seller	UNKNOWN	seller.flipkart.com	/napi/recall/downloadFile	READ_FILE		880.857b7aea12d938747f68.js
seller	GET	seller.flipkart.com	/napi/recall/getDownloadListingStatus	READ_FILE		880.857b7aea12d938747f68.js
seller	GET	seller.flipkart.com	/napi/recall/triggerListingsDownload	READ_FILE		880.857b7aea12d938747f68.js
seller	GET	seller.flipkart.com	/napi/regulation/approvalRequest	READ	fetchApi	5700.460cdf57b00102e6f476.js
seller	UNKNOWN	seller.flipkart.com	/napi/regulation/approvalStatus	UNKNOWN_READLIKE		5700.460cdf57b00102e6f476.js
seller	GET	seller.flipkart.com	/napi/regulation/approvalStatusWithProcessId	READ	fetchApi	5700.460cdf57b00102e6f476.js
seller	GET	seller.flipkart.com	/napi/regulation/auditDetails	READ		5700.460cdf57b00102e6f476.js
seller	UNKNOWN	seller.flipkart.com	/napi/requestForCallBack	UNKNOWN	updateApi	966.fec518d64c26baa001d8.js
seller	UNKNOWN	seller.flipkart.com	/napi/returns/cancelReturn	WRITE	updateApi	887.8eeb808f4df68a93157c.js
seller	UNKNOWN	seller.flipkart.com	/napi/returns/downloadBulkProofOfPickup	READ_FILE		887.8eeb808f4df68a93157c.js
seller	UNKNOWN	seller.flipkart.com	/napi/returns/downloadExportReport	EXPORT		887.8eeb808f4df68a93157c.js
seller	GET	seller.flipkart.com	/napi/returns/fetchExportStatus	EXPORT		887.8eeb808f4df68a93157c.js
seller	UNKNOWN	seller.flipkart.com	/napi/returns/fetchReturnsTotalCount	UNKNOWN_READLIKE	fetchApi	887.8eeb808f4df68a93157c.js
seller	UNKNOWN	seller.flipkart.com	/napi/returns/fetchReturnsV2	UNKNOWN_READLIKE		887.8eeb808f4df68a93157c.js
seller	UNKNOWN	seller.flipkart.com	/napi/returns/getSPFProductIssueType	UNKNOWN_READLIKE	url	887.8eeb808f4df68a93157c.js
seller	UNKNOWN	seller.flipkart.com	/napi/returns/getSPFProductType	UNKNOWN_READLIKE	url	887.8eeb808f4df68a93157c.js
seller	UNKNOWN	seller.flipkart.com	/napi/returns/primaryReturnsCount	UNKNOWN_READLIKE	fetchApi	887.8eeb808f4df68a93157c.js
seller	UNKNOWN	seller.flipkart.com	/napi/returns/replenish	UNKNOWN	updateApi	887.8eeb808f4df68a93157c.js
seller	UNKNOWN	seller.flipkart.com	/napi/returns/requested	UNKNOWN		887.8eeb808f4df68a93157c.js
seller	GET	seller.flipkart.com	/napi/returns/requestedStateCounts	READ	fetchApi	887.8eeb808f4df68a93157c.js
seller	UNKNOWN	seller.flipkart.com	/napi/returns/searchReturnsV2	UNKNOWN_READLIKE	fetchApi	887.8eeb808f4df68a93157c.js
seller	UNKNOWN	seller.flipkart.com	/napi/returns/techVisitNotes	UNKNOWN	fetchApi	887.8eeb808f4df68a93157c.js
seller	UNKNOWN	seller.flipkart.com	/napi/returns/techVisitNotesImages	UNKNOWN	fetchApi	887.8eeb808f4df68a93157c.js
seller	UNKNOWN	seller.flipkart.com	/napi/returns/triggerExport	EXPORT	fetchApi	887.8eeb808f4df68a93157c.js
seller	UNKNOWN	seller.flipkart.com	/napi/riddler/bookmarkQuestion	WRITE		sellerQnA.d71ecf8d613ae6e86754.js
seller	GET	seller.flipkart.com	/napi/riddler/fetchAssignedFsnsForSeller	WRITE		sellerQnA.d71ecf8d613ae6e86754.js
seller	UNKNOWN	seller.flipkart.com	/napi/riddler/fetchAssignedQuestionsCount	WRITE	fetchApi	90.4722bfd3fec2521faf2e.js
seller	GET	seller.flipkart.com	/napi/riddler/fetchAssignedQuestionsForProduct	WRITE		sellerQnA.d71ecf8d613ae6e86754.js
seller	UNKNOWN	seller.flipkart.com	/napi/riddler/fetchSellerQnACount	UNKNOWN_READLIKE	fetchApi	4661.5e0bbb2d2c278a0090b6.js
seller	UNKNOWN	seller.flipkart.com	/napi/riddler/markQuestionAsNotInterested	UNKNOWN		sellerQnA.d71ecf8d613ae6e86754.js
seller	UNKNOWN	seller.flipkart.com	/napi/riddler/notifyAnswerEvent	UNKNOWN		remote-345.87db87b7d58f48047a28.js
seller	UNKNOWN	seller.flipkart.com	/napi/scf/uploadImage	WRITE		5700.460cdf57b00102e6f476.js
seller	UNKNOWN	seller.flipkart.com	/napi/selfship-returns/return-acknowledge	WRITE	updateApi	887.8eeb808f4df68a93157c.js
seller	UNKNOWN	seller.flipkart.com	/napi/selfship-returns/return-cancel	WRITE	updateApi	887.8eeb808f4df68a93157c.js
seller	UNKNOWN	seller.flipkart.com	/napi/selfship-returns/return-pickup	UNKNOWN	updateApi	887.8eeb808f4df68a93157c.js
seller	UNKNOWN	seller.flipkart.com	/napi/selfship-returns/stateCounts	UNKNOWN_READLIKE	updateApi	887.8eeb808f4df68a93157c.js
seller	UNKNOWN	seller.flipkart.com	/napi/selfship/dispatchOrders	UNKNOWN		33.b2ae781739dbf1ef817b.js
seller	UNKNOWN	seller.flipkart.com	/napi/selfship/downloadInvoice	READ_FILE		33.b2ae781739dbf1ef817b.js
seller	UNKNOWN	seller.flipkart.com	/napi/selfship/download_csv_v3	READ_FILE		33.b2ae781739dbf1ef817b.js
seller	UNKNOWN	seller.flipkart.com	/napi/selfship/fetch	UNKNOWN_READLIKE		33.b2ae781739dbf1ef817b.js
seller	UNKNOWN	seller.flipkart.com	/napi/selfship/fetchStateCounts	UNKNOWN_READLIKE		33.b2ae781739dbf1ef817b.js
seller	UNKNOWN	seller.flipkart.com	/napi/selfship/fetchStateCountsV2	UNKNOWN_READLIKE		33.b2ae781739dbf1ef817b.js
seller	UNKNOWN	seller.flipkart.com	/napi/selfship/getBulkDispatchActionResult	UNKNOWN_READLIKE		33.b2ae781739dbf1ef817b.js
seller	GET	seller.flipkart.com	/napi/selfship/getDispatchBulkActionProgress	READ	fetchApi	33.b2ae781739dbf1ef817b.js
seller	GET	seller.flipkart.com	/napi/selfship/getDropshipVendors	READ	fetchApi	33.b2ae781739dbf1ef817b.js
seller	UNKNOWN	seller.flipkart.com	/napi/selfship/markDelivered	UNKNOWN	updateApi	33.b2ae781739dbf1ef817b.js
seller	UNKNOWN	seller.flipkart.com	/napi/selfship/markServiced	UNKNOWN	updateApi	33.b2ae781739dbf1ef817b.js
seller	UNKNOWN	seller.flipkart.com	/napi/selfship/orders	UNKNOWN		33.b2ae781739dbf1ef817b.js
seller	UNKNOWN	seller.flipkart.com	/napi/selfship/qrCode	UNKNOWN		33.b2ae781739dbf1ef817b.js
seller	UNKNOWN	seller.flipkart.com	/napi/selfship/search	UNKNOWN_READLIKE	fetchApi	33.b2ae781739dbf1ef817b.js
seller	UNKNOWN	seller.flipkart.com	/napi/selfship/serviceHistories	UNKNOWN	fetchApi	33.b2ae781739dbf1ef817b.js
seller	UNKNOWN	seller.flipkart.com	/napi/selfship/setDispatchDownloadFlag	READ_FILE	updateApi	33.b2ae781739dbf1ef817b.js
seller	UNKNOWN	seller.flipkart.com	/napi/selfship/shipmentHistories	UNKNOWN	fetchApi	33.b2ae781739dbf1ef817b.js
seller	UNKNOWN	seller.flipkart.com	/napi/selfship/updateShipment	WRITE	updateApi	33.b2ae781739dbf1ef817b.js
seller	POST	seller.flipkart.com	/napi/selfship/uploadBulkDispatchFile	WRITE		33.b2ae781739dbf1ef817b.js
seller	UNKNOWN	seller.flipkart.com	/napi/selfship_returns/update_tech_visit	WRITE		887.8eeb808f4df68a93157c.js
seller	UNKNOWN	seller.flipkart.com	/napi/seller-capability/fetch-capability	UNKNOWN_READLIKE	fetchApi	90.4722bfd3fec2521faf2e.js
seller	UNKNOWN	seller.flipkart.com	/napi/seller-insightsV2/bestseller-product-opportunities-v2	UNKNOWN		4334.d6eb70a751dec8ae847d.js
seller	UNKNOWN	seller.flipkart.com	/napi/seller-insightsV2/bookmark-product-opportunity	WRITE		4334.d6eb70a751dec8ae847d.js
seller	UNKNOWN	seller.flipkart.com	/napi/seller-insightsV2/bookmarks-product-opportunities-v2	WRITE		4334.d6eb70a751dec8ae847d.js
seller	UNKNOWN	seller.flipkart.com	/napi/seller-insightsV2/dismiss-product-opportunity	UNKNOWN		4334.d6eb70a751dec8ae847d.js
seller	GET	seller.flipkart.com	/napi/seller-insightsV2/downloadReport/	EXPORT		5700.460cdf57b00102e6f476.js
seller	UNKNOWN	seller.flipkart.com	/napi/seller-insightsV2/get-approval-status	UNKNOWN_READLIKE		4334.d6eb70a751dec8ae847d.js
seller	UNKNOWN	seller.flipkart.com	/napi/seller-insightsV2/get-seller-profile	UNKNOWN_READLIKE		4334.d6eb70a751dec8ae847d.js
seller	UNKNOWN	seller.flipkart.com	/napi/seller-insightsV2/msku-attribute-listings-view	UNKNOWN_READLIKE		4334.d6eb70a751dec8ae847d.js
seller	UNKNOWN	seller.flipkart.com	/napi/seller-insightsV2/msku-recommendations	UNKNOWN		4334.d6eb70a751dec8ae847d.js
seller	UNKNOWN	seller.flipkart.com	/napi/seller-insightsV2/oos-product-opportunities-v2	UNKNOWN		4334.d6eb70a751dec8ae847d.js
seller	UNKNOWN	seller.flipkart.com	/napi/seller-insightsV2/product-opportunities-filter-values	UNKNOWN_READLIKE		4334.d6eb70a751dec8ae847d.js
seller	UNKNOWN	seller.flipkart.com	/napi/seller-insightsV2/product-opportunities-impact	UNKNOWN		4334.d6eb70a751dec8ae847d.js
seller	UNKNOWN	seller.flipkart.com	/napi/seller-insightsV2/product-opportunities-v2	UNKNOWN		4334.d6eb70a751dec8ae847d.js
seller	UNKNOWN	seller.flipkart.com	/napi/seller-insightsV2/report/checkReports	UNKNOWN		4334.d6eb70a751dec8ae847d.js
seller	UNKNOWN	seller.flipkart.com	/napi/seller-insightsV2/report/generateReport	EXPORT		4334.d6eb70a751dec8ae847d.js
seller	UNKNOWN	seller.flipkart.com	/napi/seller-insightsV2/shopsy-product-opportunities-v2	UNKNOWN		4334.d6eb70a751dec8ae847d.js
seller	UNKNOWN	seller.flipkart.com	/napi/seller-insightsV2/supervalue-product-opportunities-v2	UNKNOWN		4334.d6eb70a751dec8ae847d.js
seller	UNKNOWN	seller.flipkart.com	/napi/seller-insightsV2/trending-product-opportunities-v2	UNKNOWN		4334.d6eb70a751dec8ae847d.js
seller	UNKNOWN	seller.flipkart.com	/napi/seller-insightsV2/trending_design_recommendations_v2	UNKNOWN		4334.d6eb70a751dec8ae847d.js
seller	UNKNOWN	seller.flipkart.com	/napi/seller-insightsV2/unbookmark-product-opportunity	WRITE		4334.d6eb70a751dec8ae847d.js
seller	UNKNOWN	seller.flipkart.com	/napi/seller-insightsV2/update-seller-intent-msku-opportunities	WRITE		4334.d6eb70a751dec8ae847d.js
seller	UNKNOWN	seller.flipkart.com	/napi/seller-insightsV2/update-seller-profile	WRITE		4334.d6eb70a751dec8ae847d.js
seller	UNKNOWN	seller.flipkart.com	/napi/seller-insightsV2/value-engg-opportunities-v2	UNKNOWN		4334.d6eb70a751dec8ae847d.js
seller	UNKNOWN	seller.flipkart.com	/napi/seller-products/bulk-edit/delete-feed	WRITE		5700.460cdf57b00102e6f476.js
seller	UNKNOWN	seller.flipkart.com	/napi/seller-products/bulk-edit/download-history	WRITE		remote-345.87db87b7d58f48047a28.js
seller	UNKNOWN	seller.flipkart.com	/napi/seller-products/bulk-edit/request-error-file	WRITE		5700.460cdf57b00102e6f476.js
seller	UNKNOWN	seller.flipkart.com	/napi/seller-products/bulk-edit/request-file	WRITE		remote-345.87db87b7d58f48047a28.js
seller	UNKNOWN	seller.flipkart.com	/napi/seller-products/bulk-edit/requested-error-file-status	WRITE		5700.460cdf57b00102e6f476.js
seller	UNKNOWN	seller.flipkart.com	/napi/seller-products/bulk-edit/requested-file-status	WRITE		remote-345.87db87b7d58f48047a28.js
seller	UNKNOWN	seller.flipkart.com	/napi/seller-products/bulk-edit/search	WRITE		5700.460cdf57b00102e6f476.js
seller	UNKNOWN	seller.flipkart.com	/napi/seller-products/bulk-edit/upload-file	WRITE		5700.460cdf57b00102e6f476.js
seller	UNKNOWN	seller.flipkart.com	/napi/seller-products/bulk-edit/upload-status	WRITE		5700.460cdf57b00102e6f476.js
seller	UNKNOWN	seller.flipkart.com	/napi/sellerBuyerCommunications/chatMeta	UNKNOWN	fetchApi	660.a1a4ffb722623c630605.js
seller	UNKNOWN	seller.flipkart.com	/napi/sellerBuyerCommunications/createConversation	WRITE	updateApi	660.a1a4ffb722623c630605.js
seller	UNKNOWN	seller.flipkart.com	/napi/sellerBuyerCommunications/createSirIncidents	WRITE	updateApi	660.a1a4ffb722623c630605.js
seller	UNKNOWN	seller.flipkart.com	/napi/sellerBuyerCommunications/existingBuyer	UNKNOWN	fetchApi	660.a1a4ffb722623c630605.js
seller	UNKNOWN	seller.flipkart.com	/napi/sellerBuyerCommunications/getActorState	UNKNOWN_READLIKE	fetchApi	9072.fb3d110856bae8b9cb01.js
seller	UNKNOWN	seller.flipkart.com	/napi/sellerBuyerCommunications/getBuyerList	UNKNOWN_READLIKE	fetchApi	660.a1a4ffb722623c630605.js
seller	UNKNOWN	seller.flipkart.com	/napi/sellerBuyerCommunications/getChatKey	READ	fetchApi	sir.52a39b01d596c6e21fa2.js
seller	UNKNOWN	seller.flipkart.com	/napi/sellerBuyerCommunications/getChatMessageCount	UNKNOWN_READLIKE	fetchApi	4661.5e0bbb2d2c278a0090b6.js
seller	UNKNOWN	seller.flipkart.com	/napi/sellerBuyerCommunications/getChatMessages	UNKNOWN_READLIKE	fetchApi	660.a1a4ffb722623c630605.js
seller	UNKNOWN	seller.flipkart.com	/napi/sellerBuyerCommunications/getConversationList	UNKNOWN_READLIKE	fetchApi	729.55673e673d46db1df59b.js
seller	UNKNOWN	seller.flipkart.com	/napi/sellerBuyerCommunications/getEvents	UNKNOWN_READLIKE	fetchApi	660.a1a4ffb722623c630605.js
seller	UNKNOWN	seller.flipkart.com	/napi/sellerBuyerCommunications/getLatestEvents	UNKNOWN_READLIKE	fetchApi	660.a1a4ffb722623c630605.js
seller	UNKNOWN	seller.flipkart.com	/napi/sellerBuyerCommunications/getListingForSeller	UNKNOWN_READLIKE	fetchApi	729.55673e673d46db1df59b.js
seller	UNKNOWN	seller.flipkart.com	/napi/sellerBuyerCommunications/getMetricsData	UNKNOWN_READLIKE	fetchApi	660.a1a4ffb722623c630605.js
seller	UNKNOWN	seller.flipkart.com	/napi/sellerBuyerCommunications/getPageBuyerList	UNKNOWN_READLIKE	fetchApi	660.a1a4ffb722623c630605.js
seller	UNKNOWN	seller.flipkart.com	/napi/sellerBuyerCommunications/isSellerEnabled	WRITE	fetchApi	90.4722bfd3fec2521faf2e.js
seller	UNKNOWN	seller.flipkart.com	/napi/sellerBuyerCommunications/postChatMessages	UNKNOWN	updateApi	660.a1a4ffb722623c630605.js
seller	UNKNOWN	seller.flipkart.com	/napi/sellerBuyerCommunications/proposeCancellation	WRITE	updateApi	660.a1a4ffb722623c630605.js
seller	UNKNOWN	seller.flipkart.com	/napi/sellerBuyerCommunications/searchReturnId	UNKNOWN_READLIKE	fetchApi	660.a1a4ffb722623c630605.js
seller	UNKNOWN	seller.flipkart.com	/napi/sellerBuyerCommunications/sellerHeartBeat	UNKNOWN	updateApi	90.4722bfd3fec2521faf2e.js
seller	UNKNOWN	seller.flipkart.com	/napi/sellerBuyerCommunications/sirCounts	UNKNOWN_READLIKE	fetchAPI	887.8eeb808f4df68a93157c.js
seller	UNKNOWN	seller.flipkart.com	/napi/sellerBuyerCommunications/updateActor	WRITE	updateApi	660.a1a4ffb722623c630605.js
seller	UNKNOWN	seller.flipkart.com	/napi/sellerBuyerCommunications/updateActorState	WRITE	updateApi	9072.fb3d110856bae8b9cb01.js
seller	UNKNOWN	seller.flipkart.com	/napi/sellerBuyerCommunications/updateConversation	WRITE	updateApi	660.a1a4ffb722623c630605.js
seller	UNKNOWN	seller.flipkart.com	/napi/sellerPromotions/uploaded-listings-status	WRITE	fileUploadStatus	166.d0610b90d3ae6c69c8c0.js
seller	GET	seller.flipkart.com	/napi/sfx/UIVFilterValues	READ		568.6240cd028e3ec8a1a88a.js
seller	UNKNOWN	seller.flipkart.com	/napi/sfx/address/add	WRITE	updateApi	9258.26178f4d4422b76c6a94.js
seller	UNKNOWN	seller.flipkart.com	/napi/sfx/bulkStockUpdateProcessStatus	WRITE		568.6240cd028e3ec8a1a88a.js
seller	UNKNOWN	seller.flipkart.com	/napi/sfx/bulkStockUpdateProcessStatusV2	WRITE		568.6240cd028e3ec8a1a88a.js
seller	UNKNOWN	seller.flipkart.com	/napi/sfx/downloadRecoReport	READ_FILE		568.6240cd028e3ec8a1a88a.js
seller	UNKNOWN	seller.flipkart.com	/napi/sfx/downloadStatusUIVReport	READ_FILE		568.6240cd028e3ec8a1a88a.js
seller	UNKNOWN	seller.flipkart.com	/napi/sfx/downloadUIVReport	READ_FILE		568.6240cd028e3ec8a1a88a.js
seller	GET	seller.flipkart.com	/napi/sfx/fetchDispatchAddress	READ		9258.26178f4d4422b76c6a94.js
seller	UNKNOWN	seller.flipkart.com	/napi/sfx/getAllStates	UNKNOWN_READLIKE		568.6240cd028e3ec8a1a88a.js
seller	UNKNOWN	seller.flipkart.com	/napi/sfx/getFbfGstinDocumentDetails	UNKNOWN_READLIKE	fetchApi	9258.26178f4d4422b76c6a94.js
seller	UNKNOWN	seller.flipkart.com	/napi/sfx/getUIVListDetails	UNKNOWN_READLIKE		568.6240cd028e3ec8a1a88a.js
seller	UNKNOWN	seller.flipkart.com	/napi/sfx/getUIVRecoListDetails	UNKNOWN_READLIKE		568.6240cd028e3ec8a1a88a.js
seller	UNKNOWN	seller.flipkart.com	/napi/sfx/processBulkStockUpdateFile	WRITE		568.6240cd028e3ec8a1a88a.js
seller	UNKNOWN	seller.flipkart.com	/napi/sfx/processBulkStockUpdateFileV2	WRITE		568.6240cd028e3ec8a1a88a.js
seller	UNKNOWN	seller.flipkart.com	/napi/sfx/recall/getRecallReturnDetails	UNKNOWN_READLIKE	fetchApi	9258.26178f4d4422b76c6a94.js
seller	UNKNOWN	seller.flipkart.com	/napi/sfx/recall/sellable	UNKNOWN	updateApi	9258.26178f4d4422b76c6a94.js
seller	UNKNOWN	seller.flipkart.com	/napi/sfx/recall/sellable/details	UNKNOWN_READLIKE	fetchApi	9258.26178f4d4422b76c6a94.js
seller	UNKNOWN	seller.flipkart.com	/napi/sfx/recall/unsellable	UNKNOWN	updateApi	9258.26178f4d4422b76c6a94.js
seller	UNKNOWN	seller.flipkart.com	/napi/sfx/recall/unsellable/details	UNKNOWN_READLIKE	fetchApi	9258.26178f4d4422b76c6a94.js
seller	UNKNOWN	seller.flipkart.com	/napi/sfx/reports/generateReport	EXPORT	updateApi	9258.26178f4d4422b76c6a94.js
seller	UNKNOWN	seller.flipkart.com	/napi/sfx/reports/getGeneratedReports	WRITE	fetchApi	9258.26178f4d4422b76c6a94.js
seller	UNKNOWN	seller.flipkart.com	/napi/sfx/reports/getReportGroup/details	UNKNOWN_READLIKE	fetchApiUrl	9258.26178f4d4422b76c6a94.js
seller	UNKNOWN	seller.flipkart.com	/napi/sfx/reports/getReportGroups	UNKNOWN_READLIKE	fetchBizReportsApi	9258.26178f4d4422b76c6a94.js
seller	UNKNOWN	seller.flipkart.com	/napi/sfx/seller/bulk/consignment/download	READ_FILE		568.6240cd028e3ec8a1a88a.js
seller	UNKNOWN	seller.flipkart.com	/napi/sfx/seller/bulk/recall/confirm	WRITE	updateApi	9258.26178f4d4422b76c6a94.js
seller	GET	seller.flipkart.com	/napi/sfx/seller/bulk/recall/delete	WRITE	updateApi	9258.26178f4d4422b76c6a94.js
seller	UNKNOWN	seller.flipkart.com	/napi/sfx/seller/bulk/recall/download	READ_FILE		568.6240cd028e3ec8a1a88a.js
seller	UNKNOWN	seller.flipkart.com	/napi/sfx/seller/bulk/recalls	UNKNOWN	fetchApi	9258.26178f4d4422b76c6a94.js
seller	UNKNOWN	seller.flipkart.com	/napi/sfx/seller/bulk/recalls/jobstatus	UNKNOWN_READLIKE	fetchApi	9258.26178f4d4422b76c6a94.js
seller	UNKNOWN	seller.flipkart.com	/napi/sfx/seller/recall/details	UNKNOWN_READLIKE		9258.26178f4d4422b76c6a94.js
seller	UNKNOWN	seller.flipkart.com	/napi/sfx/seller/recall/details/v2	UNKNOWN_READLIKE		9258.26178f4d4422b76c6a94.js
seller	UNKNOWN	seller.flipkart.com	/napi/sfx/seller/recalls	UNKNOWN		9258.26178f4d4422b76c6a94.js
seller	GET	seller.flipkart.com	/napi/sfx/seller/warehouseDetails	READ		568.6240cd028e3ec8a1a88a.js
seller	UNKNOWN	seller.flipkart.com	/napi/sfx/streamBulkStockUpdateFile	WRITE		568.6240cd028e3ec8a1a88a.js
seller	UNKNOWN	seller.flipkart.com	/napi/sfx/streamDownloadedUIVReport	READ_FILE		568.6240cd028e3ec8a1a88a.js
seller	UNKNOWN	seller.flipkart.com	/napi/sfx/triggerStockUpdateDownload	WRITE		568.6240cd028e3ec8a1a88a.js
seller	UNKNOWN	seller.flipkart.com	/napi/sfx/updateListingsInventory	WRITE		568.6240cd028e3ec8a1a88a.js
seller	UNKNOWN	seller.flipkart.com	/napi/sfx/updateListingsInventoryViaSigs	WRITE		484.a77f6a5493c8736e2163.js
seller	UNKNOWN	seller.flipkart.com	/napi/sfx/uploadBulkConsignment	WRITE		568.6240cd028e3ec8a1a88a.js
seller	UNKNOWN	seller.flipkart.com	/napi/sfx/uploadRecallFile	WRITE		568.6240cd028e3ec8a1a88a.js
seller	UNKNOWN	seller.flipkart.com	/napi/sfx/validateFbfGstin	UNKNOWN	fetchApi	remote-manageProfile-617.e9731b9e51151edcea56.js
seller	UNKNOWN	seller.flipkart.com	/napi/shipments/cancel	WRITE		33.b2ae781739dbf1ef817b.js
seller	UNKNOWN	seller.flipkart.com	/napi/shipments/confirmPackStatus	WRITE	fetchApi	33.b2ae781739dbf1ef817b.js
seller	UNKNOWN	seller.flipkart.com	/napi/shipments/getOTCDetails	UNKNOWN_READLIKE	updateApi	33.b2ae781739dbf1ef817b.js
seller	UNKNOWN	seller.flipkart.com	/napi/shipments/hyperlocalPack	UNKNOWN		33.b2ae781739dbf1ef817b.js
seller	UNKNOWN	seller.flipkart.com	/napi/shipments/packV2	UNKNOWN	updateApi	33.b2ae781739dbf1ef817b.js
seller	UNKNOWN	seller.flipkart.com	/napi/shipments/print_labels	UNKNOWN	downloadApi	33.b2ae781739dbf1ef817b.js
seller	UNKNOWN	seller.flipkart.com	/napi/shipments/print_only_invoices	UNKNOWN		33.b2ae781739dbf1ef817b.js
seller	UNKNOWN	seller.flipkart.com	/napi/shipments/print_only_labels	UNKNOWN		33.b2ae781739dbf1ef817b.js
seller	UNKNOWN	seller.flipkart.com	/napi/shipments/rtsV2	UNKNOWN		33.b2ae781739dbf1ef817b.js
seller	UNKNOWN	seller.flipkart.com	/napi/shipments/update_form_ack	WRITE	updateApi	33.b2ae781739dbf1ef817b.js
seller	UNKNOWN	seller.flipkart.com	/napi/shipments/v3/download3X5Labels	READ_FILE		33.b2ae781739dbf1ef817b.js
seller	UNKNOWN	seller.flipkart.com	/napi/shipments/v3/downloadInvoice	READ_FILE		33.b2ae781739dbf1ef817b.js
seller	UNKNOWN	seller.flipkart.com	/napi/shipments/v3/downloadLabels	READ_FILE		33.b2ae781739dbf1ef817b.js
seller	UNKNOWN	seller.flipkart.com	/napi/shipping/getShippingFee	UNKNOWN_READLIKE	updateApi	fbflite.3ef917d2d7962b242054.js
seller	UNKNOWN	seller.flipkart.com	/napi/smart-inwarding/downloadQCFile	READ_FILE		880.857b7aea12d938747f68.js
seller	GET	seller.flipkart.com	/napi/srm/GSTIN	READ	fetchApi	9258.26178f4d4422b76c6a94.js
seller	UNKNOWN	seller.flipkart.com	/napi/srm/changeRecallPreference	UNKNOWN		568.6240cd028e3ec8a1a88a.js
seller	UNKNOWN	seller.flipkart.com	/napi/srm/getFacilityList	UNKNOWN_READLIKE	fetchApi	33.b2ae781739dbf1ef817b.js
seller	UNKNOWN	seller.flipkart.com	/napi/srm/getQuestionnaireByFeature	UNKNOWN_READLIKE	getQuestionnaireByFeatureName	90.4722bfd3fec2521faf2e.js
seller	UNKNOWN	seller.flipkart.com	/napi/srm/getQuestionnaireData	UNKNOWN_READLIKE	getQuestionnaireData	90.4722bfd3fec2521faf2e.js
seller	GET	seller.flipkart.com	/napi/srm/getRecallPreference	READ		568.6240cd028e3ec8a1a88a.js
seller	UNKNOWN	seller.flipkart.com	/napi/srm/locationNames	UNKNOWN		remote-345.87db87b7d58f48047a28.js
seller	GET	seller.flipkart.com	/napi/srm/managerDetails	READ		3750.0df68f127a9462052f7b.js
seller	UNKNOWN	seller.flipkart.com	/napi/srm/preLoginIncident	UNKNOWN	contactSS	414.878c0ddff2f50b2b6b01.js
seller	UNKNOWN	seller.flipkart.com	/napi/srm/submitQuestionnaireV3	WRITE	submitQuestionnaire	90.4722bfd3fec2521faf2e.js
seller	UNKNOWN	seller.flipkart.com	/napi/srm/submitSkippedQuestionnaireV3	WRITE	submitSkippedQuestionnaire	90.4722bfd3fec2521faf2e.js
seller	UNKNOWN	seller.flipkart.com	/napi/srm/updateClosedQuestionnaire	WRITE	updateClosedQuestionnaire	90.4722bfd3fec2521faf2e.js
seller	UNKNOWN	seller.flipkart.com	/napi/tally-reports/api/reportRequests	UNKNOWN		171.83ac6fa44938bd3d361c.js
seller	UNKNOWN	seller.flipkart.com	/napi/tds/getClaimEligibilty	WRITE		731.f6104eadedda7632a7ac.js
seller	UNKNOWN	seller.flipkart.com	/napi/tds/getClaimHistory	WRITE		731.f6104eadedda7632a7ac.js
seller	UNKNOWN	seller.flipkart.com	/napi/tds/getTDSClaimData	WRITE	fetchApi	966.fec518d64c26baa001d8.js
seller	UNKNOWN	seller.flipkart.com	/napi/tds/postTdsUploadData	WRITE		731.f6104eadedda7632a7ac.js
seller	UNKNOWN	seller.flipkart.com	/napi/tracking/trackReturns	UNKNOWN	updateApi	fbflite.3ef917d2d7962b242054.js
seller	UNKNOWN	seller.flipkart.com	/napi/ugc/fetchAllAnswersForQuestion	UNKNOWN_READLIKE		remote-345.87db87b7d58f48047a28.js
seller	UNKNOWN	seller.flipkart.com	/napi/ugc/fetchAnsweredQuestionsForFSN	UNKNOWN_READLIKE		remote-345.87db87b7d58f48047a28.js
seller	GET	seller.flipkart.com	/napi/ugc/fetchSellerAnsweredProductIds	READ		sellerQnA.d71ecf8d613ae6e86754.js
seller	GET	seller.flipkart.com	/napi/ugc/fetchSellerAnsweredQuestions	READ		sellerQnA.d71ecf8d613ae6e86754.js
seller	UNKNOWN	seller.flipkart.com	/napi/ugc/fetchUnansweredQuestionsForFSN	UNKNOWN_READLIKE		remote-345.87db87b7d58f48047a28.js
seller	UNKNOWN	seller.flipkart.com	/napi/ugc/searchAnsweredQuestions	UNKNOWN_READLIKE		remote-345.87db87b7d58f48047a28.js
seller	UNKNOWN	seller.flipkart.com	/napi/ugc/submitAnswer	WRITE		remote-345.87db87b7d58f48047a28.js
seller	UNKNOWN	seller.flipkart.com	/napi/voice/translate	UNKNOWN		966.fec518d64c26baa001d8.js
seller	UNKNOWN	seller.flipkart.com	/napi/welcome/data	UNKNOWN_READLIKE	getViewData	414.878c0ddff2f50b2b6b01.js
seller	UNKNOWN	seller.flipkart.com	/napi/welcome/fetch-rate-card-fees	UNKNOWN_READLIKE	fetchRateCardFees	414.878c0ddff2f50b2b6b01.js
seller	UNKNOWN	seller.flipkart.com	/napi/welcome/get-commission	UNKNOWN_READLIKE	getCommission	414.878c0ddff2f50b2b6b01.js
seller	UNKNOWN	seller.flipkart.com	/napi/welcome/get-complete-category-tree	UNKNOWN_READLIKE	getAllCategories	414.878c0ddff2f50b2b6b01.js
seller	UNKNOWN	seller.flipkart.com	/napi/welcome/get-config-service-data	UNKNOWN_READLIKE	getConfigServiceData	414.878c0ddff2f50b2b6b01.js
seller	UNKNOWN	seller.flipkart.com	/napi/welcome/get-top-sellers-data	UNKNOWN_READLIKE	fetchTopSellers	414.878c0ddff2f50b2b6b01.js
seller	UNKNOWN	seller.flipkart.com	/napi/welcome/send-feedback	UNKNOWN	sendFeedbackData	414.878c0ddff2f50b2b6b01.js
vendorhub	UNKNOWN	vendorhub.flipkart.com	/api/	UNKNOWN		vendor.ab055c9ac469a574ec45.js
vendorhub	GET	vendorhub.flipkart.com	/retail-palantir/v1/request	READ	url	25.2ef106223724e04336f8.js
vendorhub	UNKNOWN	vendorhub.flipkart.com	/ryuk/v1/document/bulk_upload_template/client_reference_id/	WRITE		25.2ef106223724e04336f8.js
vendorhub	UNKNOWN	vendorhub.flipkart.com	/ryuk/v1/document/retail_fulfilment_asn_action_history/client_reference_id/	UNKNOWN		25.2ef106223724e04336f8.js
vendorhub	UNKNOWN	vendorhub.flipkart.com	/ryuk/v1/document/retail_fulfilment_report/client_reference_id/	UNKNOWN		25.2ef106223724e04336f8.js
vendorhub	UNKNOWN	vendorhub.flipkart.com	/triton/v1/feed/clientRefId/	UNKNOWN		25.2ef106223724e04336f8.js
vendorhub	POST	vendorhub.flipkart.com	/triton/v1/feed/processor/upload	WRITE	url	25.2ef106223724e04336f8.js
vendorhub	POST	vendorhub.flipkart.com	/triton/v1/feed/search	UNKNOWN	url	25.2ef106223724e04336f8.js
vendorhub	UNKNOWN	vendorhub.flipkart.com	/vendor-p/document-service/v1/retail/documents/upload	WRITE	url	blinx-main-a124d00a.js
vendorhub	UNKNOWN	vendorhub.flipkart.com	/vendor-p/download-file/	READ_FILE	href	blinx-main-a124d00a.js
vendorhub	UNKNOWN	vendorhub.flipkart.com	/vendor-p/getFile/v1/retail/documents/	READ_FILE		blinx-main-a124d00a.js
vendorhub	UNKNOWN	vendorhub.flipkart.com	/vendor-p/upload/legal-metrology/feed/upload	WRITE	url	blinx-main-a124d00a.js
vendorhub	UNKNOWN	vendorhub.flipkart.com	/vendor-portal/home	UNKNOWN		25.2ef106223724e04336f8.js
vendorhub	GET	vendorhub.flipkart.com	/vendor/accounting/debit-note/	READ		blinx-main-a124d00a.js
vendorhub	UNKNOWN	vendorhub.flipkart.com	/vendor/accounting/debit_note/details/id	UNKNOWN_READLIKE	fetchApi	blinx-main-a124d00a.js
vendorhub	UNKNOWN	vendorhub.flipkart.com	/vendor/aggregate-entities	READ	updateApi	blinx-main-a124d00a.js
vendorhub	UNKNOWN	vendorhub.flipkart.com	/vendor/analytics/aggregated-metrics	UNKNOWN_READLIKE		blinx-main-a124d00a.js
vendorhub	UNKNOWN	vendorhub.flipkart.com	/vendor/analytics/filter-data	UNKNOWN_READLIKE		blinx-main-a124d00a.js
vendorhub	UNKNOWN	vendorhub.flipkart.com	/vendor/analytics/product-details	UNKNOWN_READLIKE	fetchApi	blinx-main-a124d00a.js
vendorhub	UNKNOWN	vendorhub.flipkart.com	/vendor/analytics/report	EXPORT		blinx-main-a124d00a.js
vendorhub	UNKNOWN	vendorhub.flipkart.com	/vendor/analytics/sales-report	EXPORT		blinx-main-a124d00a.js
vendorhub	UNKNOWN	vendorhub.flipkart.com	/vendor/cataloging/browse-tree	READ		blinx-main-a124d00a.js
vendorhub	UNKNOWN	vendorhub.flipkart.com	/vendor/cataloging/check-template	UNKNOWN		blinx-main-a124d00a.js
vendorhub	UNKNOWN	vendorhub.flipkart.com	/vendor/cataloging/create-fsn	WRITE		blinx-main-a124d00a.js
vendorhub	UNKNOWN	vendorhub.flipkart.com	/vendor/cataloging/feed-list	READ	fetchApi	blinx-main-a124d00a.js
vendorhub	UNKNOWN	vendorhub.flipkart.com	/vendor/cataloging/vertical-attributes	UNKNOWN		blinx-main-a124d00a.js
vendorhub	UNKNOWN	vendorhub.flipkart.com	/vendor/config	UNKNOWN_READLIKE		25.2ef106223724e04336f8.js
vendorhub	UNKNOWN	vendorhub.flipkart.com	/vendor/config/sale-config	READ		blinx-main-a124d00a.js
vendorhub	POST	vendorhub.flipkart.com	/vendor/feeds/download-feed-file	READ_FILE	action	blinx-main-a124d00a.js
vendorhub	UNKNOWN	vendorhub.flipkart.com	/vendor/feeds/feed-list	UNKNOWN_READLIKE	fetchApi	blinx-main-a124d00a.js
vendorhub	UNKNOWN	vendorhub.flipkart.com	/vendor/feeds/feed-search	UNKNOWN_READLIKE		blinx-main-a124d00a.js
vendorhub	UNKNOWN	vendorhub.flipkart.com	/vendor/feeds/upload-feed-file	WRITE		blinx-main-a124d00a.js
vendorhub	UNKNOWN	vendorhub.flipkart.com	/vendor/operational-performance	READ	updateApi	blinx-main-a124d00a.js
vendorhub	UNKNOWN	vendorhub.flipkart.com	/vendor/purchase-orders-summary	READ		blinx-main-a124d00a.js
vendorhub	UNKNOWN	vendorhub.flipkart.com	/vendor/purchasing-trends	READ	updateApi	blinx-main-a124d00a.js
vendorhub	UNKNOWN	vendorhub.flipkart.com	/vendor/qc-norms/bis-list	READ	fetchApi	blinx-main-a124d00a.js
vendorhub	UNKNOWN	vendorhub.flipkart.com	/vendor/qc-norms/upload-bis-certificates	WRITE		blinx-main-a124d00a.js
vendorhub	UNKNOWN	vendorhub.flipkart.com	/vendor/qc-norms/upload-feed-file	WRITE		blinx-main-a124d00a.js
vendorhub	UNKNOWN	vendorhub.flipkart.com	/vendor/recon-tool/redirect	UNKNOWN	fetchApi	blinx-main-a124d00a.js
vendorhub	UNKNOWN	vendorhub.flipkart.com	/vendor/return-orders-summary	READ	fetchApi	blinx-main-a124d00a.js
vendorhub	UNKNOWN	vendorhub.flipkart.com	/vendor/support/send-mail	WRITE		blinx-main-a124d00a.js
vendorhub	UNKNOWN	vendorhub.flipkart.com	/vendor/ticketPortalUrl	READ	fetchApi	blinx-main-a124d00a.js
vendorhub	UNKNOWN	vendorhub.flipkart.com	/vendor/uam/isResourcesAuthorised	READ		blinx-main-a124d00a.js
vendorhub	UNKNOWN	vendorhub.flipkart.com	/vendor/user-management/change-password	WRITE		blinx-main-a124d00a.js
vendorhub	UNKNOWN	vendorhub.flipkart.com	/vendor/user-management/profile	READ		blinx-main-a124d00a.js
vendorhub	UNKNOWN	vendorhub.flipkart.com	/vendor/user-management/profile/my	READ		blinx-main-a124d00a.js
vendorhub	UNKNOWN	vendorhub.flipkart.com	/vendor/user-management/roles-and-warehouses	READ	fetchApi	blinx-main-a124d00a.js
vendorhub	UNKNOWN	vendorhub.flipkart.com	/vendor/user-management/update-user	WRITE		blinx-main-a124d00a.js
vendorhub	UNKNOWN	vendorhub.flipkart.com	/vendor/user-management/user	READ		blinx-main-a124d00a.js
vendorhub	UNKNOWN	vendorhub.flipkart.com	/vendor/user-management/user-activation/activate	WRITE		blinx-main-a124d00a.js
vendorhub	UNKNOWN	vendorhub.flipkart.com	/vendor/user-management/user-activation/suspend	WRITE		blinx-main-a124d00a.js
vendorhub	GET	vendorhub.flipkart.com	/vendor/user-management/user-data	READ	fetchApi	blinx-main-a124d00a.js
vendorhub	UNKNOWN	vendorhub.flipkart.com	/vendor/user-management/users/active	READ	fetchApi	blinx-main-a124d00a.js
vendorhub	UNKNOWN	vendorhub.flipkart.com	/vendor/user-management/users/suspended	READ	fetchApi	blinx-main-a124d00a.js
vendorhub	UNKNOWN	vendorhub.flipkart.com	/vendor/user-management/vendor-list	READ		blinx-main-a124d00a.js
