ItemCode	Warehouse	NET_AFTER_1	NET_AFTER_2	NET_AFTER_3	NET_AFTER_4	NET_AFTER_5	NET_AFTER_6
PM0000079	BH-PC	18081	11692	836	13663	18827	8845
PM0000003	BH-PC	3250.31	3078.31	2458.94	2872.81	2492	837
PM0000075	BH-PC	380591.34	287727.85	200228.4	127421.47	50056.6	-422.66
PM0000107	BH-PC	34727	34457	33868	33933	31280	-5947
PM0000108	BH-PC	39929	29674	29063	34558	31280	-5947
RM0000001	BH-PC	8776.43	16993.92	15036.01	12194.56	24339.42	-5782.53
FG0000028	BH-PF	5288	6264	6264	6264	6264	5074
PM0000228	BH-NM	0	0	0	0	-327	0
PM0000228	BH-PC	7473	7528	6348	7482	6791	0
PM0000079	BH-NM	0	0	0	-16000	-2400	0
PM0000408	BH-BS	-162094	-132094	-75090	-50000	2290	-27000
PM0000408	BH-PC	36344	36344	28208	31870	36342	27000
PM0000113	BH-BS	-4223	-1906	-1505	-3994	-914	0
PM0000113	BH-PC	20	60	60	60	-1220	-4
PM0000121	BH-PC	26443	20222	12249	21238	19588	26622
PM0000386	BH-PC	47170	42596	42576	46728	45377	10000
PM0000385	BH-PC	46018	41434	41314	46728	45377	10000
PM0000657	BH-PC	1280.81	1196.81	575	1032	1225	1125
PM0000074	BH-PC	63068.86	56199.62	45210.4	42255.83	33328.14	-7.57
FG0000150	BH-PF	2312	2312	2168	2312	2312	-12
RM0000002	BH-PC	-9243.41	5676.86	-2716.11	-15548.67	-10761.06	0
PM0000194	BH-PC	12536	4669	9175	16417	-4478	-107
PM0000015	BH-PC	36399	28149	29516	32666	29256	-300
PM0000014	BH-PC	54462	44317	47447	53417	50456	-310
PM0000006	BH-PC	1623.6	1330.4	1648.4	1620.4	1303.4	996
FG0000028	BH-EC	-5759	-8	-5	-66	0	0
FG0000150	BH-EC	-9700	-2649	0	0	-64	0
FG0000004	BH-PF	-834	160	160	160	156	0
FG0000004	BH-EC	-2447	-14	0	0	0	0
FG0000032	BH-PF	1464	1464	1464	-956	824	0
FG0000032	BH-EC	-4464	-32	0	0	0	0
PM0000117	BH-BS	-549	-2049	-6949	-16570	-12500	0
PM0000117	BH-PC	18417	18441	19428	19549	18349	5975
PM0000468	BH-PC	19863	15845	11548	11572	13556	-135
PM0000118	BH-PC	16639	16663	17860	17860	18160	5980
PM0000187	BH-PC	12717	10241	12180	12180	2480	0
PM0000182	BH-PC	-94.83	-10.83	14	19	-181	-8
PM0000193	BH-PC	39034	39166	38609	42646	39454	0
FG0000047	BH-PF	2	2	2	2	2	0
FG0000047	GP-FG	-4565	-359	-6132	-3850	-2138	0
FG0000374	BH-PF	0	0	-388	0	0	0
FG0000374	GP-FG	-108	-28	-812	-480	-284	0
FG0000404	BH-PF	0	0	0	0	0	0
FG0000404	GP-FG	8	-827	-333	-13	-1918	0
FG0000032	GP-FG	-671	-27	-22	-34	-5036	0
FG0000033	GP-FG	-12030	-1668	-4160	-2170	-5436	0
FG0000146	GP-FG	-1805	-53	19	-422	-1634	0
FG0000407	GP-FG	0	-18920	-459	-6	-3845	0
FG0000145	GP-FG	4	-696	-648	-2619	-872	0
FG0000028	GP-FG	-13976	-1206	-1895	-2770	-7114	0
FG0000005	GP-FG	-24156	-6679	-11960	-2705	-17654	0
FG0000003	GP-FG	-1737	-96	478	-1374	42	0
PM0000076	BH-PC	7927	7812	8091	8061	7010	0
PM0000078	BH-PC	430	-161	-2004	-1703	-358	-20
PM0000031	BH-PC	3885	3864	4003	3722	2025	0
PM0000008	BH-PC	-74	130	113	110	134	0
FG0000414	GP-FG	2	-430	-1626	-910	-142	0
FG0000015	BH-PF	130	395	433	442	-1318	-50
FG0000042	GP-FG	-1082	-4670	-1732	-1507	-2704	0
FG0000150	GP-FG	-13015	-12670	-13711	-8178	-11564	0
FG0000009	GP-FG	-1841	-1109	-2135	-1280	-3615	0
FG0000008	GP-FG	-2101	-1642	-555	-473	-3157	0
FG0000074	GP-FG	-88	-356	-1479	-1223	-515	0
FG0000142	GP-FG	-15	-467	-3671	-3927	-6843	0
FG0000004	GP-FG	2486	1793	2099	2207	-2437	0
FG0000151	GP-FG	-3502	-4321	-5305	-252	-1288	0
FG0000143	GP-FG	-429	-716	-962	-369	-352	0
FG0000023	GP-FG	-1788	258	-2115	-2924	-1551	-45
FG0000081	GP-FG	-12262	-20	-214	-44	-9651	0
FG0000297	GP-FG	-623	-5	75	95	-664	0
FG0000030	GP-FG	-624	-624	-38524	-4	-54550	0
FG0000053	GP-FG	-27	0	-331	-23	-1831	0
FG0000306	GP-FG	-6758	-7438	-2013	-13	-3086	0
FG0000405	GP-FG	46	-1349	-1595	-2590	-1482	0
FG0000226	GP-FG	-1093	-27	-2186	-765	-2469	0
FG0000128	GP-FG	-278	-13	-1	-268	-602	0
FG0000011	GP-FG	-1139	-692	-7199	-158	-3032	0
FG0000189	GP-FG	1667	1667	-3459	909	909	0
FG0000383	BH-PF	-202	1	5	-19	-335	0
FG0000178	GP-FG	46	-148	-46	88	-873	0
FG0000038	GP-FG	820	920	920	-90	-4359	0
FG0000192	GP-FG	0	-1500	-165	-4	-1247	0
SC0000064	GP-FG	-551	-551	-550	-343	-223	0
PM0000466	GP-FG	348	348	348	96	-4	0
PM0000851	BH-PM	29406	29406	29406	29406	7956	0
FG0000008	BH-GR	-3	-1	-1357	-1535	-1616	0
RM0000066	BH-GJ	0	0	0	0	0	0
RM0000016	BH-CRUDE	-109709.29	-846568.76	-527616.38	-1864.91	-205571.7	0
FG0000042	BH-EC	-4544	-3601	-28	-208	-544	0
FG0000042	BH-PF	-4907	-2399	108	-836	108	-11
FG0000161	GP-FG	-5	-77	-1211	-966	-725	0
FG0000161	BH-PF	13	13	-1754	-49	-35	0
PM0000226	BH-PM	-13800	-7800	4200	4200	0	300
PM0000894	BH-PM	21900	21900	21900	21900	0	0
PM0000890	BH-PM	0	0	0	0	-2500	0
PM0000859	BH-PM	2000	2000	2000	2000	0	0
PM0000430	BH-PM	0	0	0	0	-1000	0
PM0000868	BH-PM	0	0	0	0	-1000	0
RM0000015	BH-GJ	157.39	157.39	157.39	157.39	-315292.85	-846.15
RM0000015	BH-LO	148580.75	148580.75	148580.75	148580.75	103185.19	0
RM0000066	BH-LO	224275.59	224275.59	224275.59	224275.59	103274.59	0
PM0000228	BH-WST	46	20	39	59	0	0
PM0000468	BH-WST	4256	3941	3591	2153	1675	135
PM0000863	BH-PC	5501	4478	3194	5077	3990	0
PM0000863	BH-WST	628	518	628	298	52	0
PM0000226	BH-PC	14825	14640	13830	15340	14895	0
PM0000226	BH-WST	119	-61	119	-201	94	0
PM0000229	BH-PC	303.8	300.8	107.6	333.6	170.6	0
PM0000229	BH-WST	192.8	192.8	188.8	192.8	135.8	0
PM0000053	BH-PC	5352	11177	11241	10457	10276	-32
PM0000053	BH-WST	6920	6740	7026	6629	6031	9
PM0000045	BH-PC	40894	41014	34496	39697	39395	-162
PM0000045	BH-WST	0	-40	-60	-280	-11	-488
PM0000884	BH-PC	204.06	204.06	204.06	204.06	121.63	0
PM0000884	BH-WST	248.22	248.22	248.22	248.22	172.51	0
PM0000013	BH-PC	-20	1404.25	1590.25	1318	1265	-5.75
PM0000013	BH-WST	1820.25	1777.25	1871.25	1822.25	1735.25	0
PM0000121	BH-WST	20780	19955	19321	20444	18925	208
PM0000003	BH-WST	656.52	599.52	704.5	739.52	722.52	3
PM0000075	BH-WST	5724.13	5647.13	6030.2	5995.45	5943.45	0
PM0000107	BH-WST	390	260	1988	-679	1786	187
PM0000108	BH-WST	3241	3096	5293	2432	4122	187
PM0000079	BH-WST	8458	5629	9794	9468	6776	394
PM0000080	BH-PC	1001	931	978	1015	471	0
PM0000080	BH-WST	1687	1667	1689	1626	1665	0
PM0000082	BH-PC	1274.25	1263.25	783.75	792.75	1022.75	0
PM0000082	BH-WST	744	734	752	754	732	0
PM0000078	BH-WST	7147	7133	6940	6651	6365	0
PM0000076	BH-WST	3139	3070	3157	3081	2983	0
PM0000048	BH-PC	4456	3414	1220	4305	3280	-1086
PM0000048	BH-WST	-152	-542	-22	-55	-410	-3618
PM0000047	BH-PC	3826	2766	1424	3535	1873	-2108
PM0000047	BH-WST	-150	-522	-27	-65	-56	-3297
PM0000851	BH-PC	107149	108502	110367	98629	59702	0
PM0000851	BH-WST	43068	42877	43145	42777	27589	0
PM0000235	BH-PC	42958	40076	40325	35960	15442	-62
PM0000235	BH-WST	23383	19885	25629	24888	25728	0
PM0000020	BH-PC	33062	33062	33062	30072	-21162	0
PM0000020	BH-WST	33904	33904	33903	32834	24147	0
PM0000019	BH-PC	28571	28571	28571	25251	-21197	0
PM0000019	BH-WST	34394	34394	34394	33844	24182	0
PM0000408	BH-WST	2164	2164	2083	2083	1991	0
PM0000469	BH-PC	14942	14569	11759	17228	16672	-23
PM0000469	BH-WST	4777	4564	4900	4991	4986	0
PM0000194	BH-WST	12570	12007	11363	13150	10711	107
PM0000015	BH-WST	5938	4408	6763	8389	5219	300
PM0000014	BH-WST	5313	3378	6054	7253	6013	310
PM0000006	BH-WST	360.8	344.8	475.8	471.8	435.8	4
PM0000251	BH-PC	298	314	276	42	-501	0
PM0000251	BH-WST	664	655	651	631	596	0
PM0000091	BH-PC	7503	7503	6983	7903	6073	0
PM0000091	BH-WST	1096	1096	982	482	322	0
PM0000090	BH-PC	7481	7481	6961	7881	6051	0
PM0000090	BH-WST	1119	1119	1004	504	344	0
PM0000057	BH-PC	4471	4434	4359	4097	4091	0
PM0000057	BH-WST	2229	2226	2229	2224	2184	0
PM0000085	BH-PC	40296	45931	43222	45848	43378	32635
PM0000085	BH-WST	7332	7053	7016	7122	5314	365
PM0000036	BH-PC	7842	7842	7842	6952	5964	0
PM0000036	BH-WST	2266	2266	2266	1886	1844	0
PM0000035	BH-PC	4270	4270	4270	4270	4260	0
PM0000035	BH-WST	1868	1868	1868	1798	1748	0
PM0000054	BH-PC	15450	-1846	-136	9063	12390	-4
PM0000054	BH-WST	11014	3373	11779	10874	7547	0
PM0000018	BH-PC	63253	55441	58863	66423	65738	0
PM0000018	BH-WST	6365	6235	6222	4792	3569	0
PM0000017	BH-PC	67539	56693	60120	67478	66263	0
PM0000017	BH-WST	5379	5239	4965	4365	3372	0
PM0000060	BH-PC	12077	10773	17199	11459	9725	14450
PM0000060	BH-WST	1271	989	2189	2014	1792	-1970
PM0000182	BH-WST	79.51	79.51	71.5	62.5	42.5	8
PM0000470	BH-PM	0	0	-1875	0	-22425	0
PM0000470	BH-BS	0	-1000	-14020	-3350	-13500	0
PM0000053	BH-PM	-1250	-3330	0	-9500	-8037	0
PM0000053	BH-BS	-12851	-5516	-505	-3540	-26074	0
PM0000851	BH-BS	-44682	-38784	-34392	-25295	0	0
PM0000013	BH-PM	-4170	-3404	-4830	-1790	-12713	0
PM0000013	BH-BS	-110	-914	-612	-2250	0	0
PM0000013	GP-FG	-95	-85	-35	5	-25	0
PM0000825	BH-BS	-772	-476	-878	-1027	-582	0
PM0000825	GP-FG	50	50	50	50	40	0
PM0000593	BH-PM	-1741	-1741	-1741	-748	-1020	0
PM0000593	GP-FG	8	8	8	8	8	0
RM0000003	BH-GJ	0	0	0	-44021.93	0	0
RM0000003	BH-LO	5130.69	-16902.94	-54844.96	-108316.8	-124432.49	0
FG0000324	GP-FG	-2088	-10237	-11686	-6819	-1842	0
PM0000765	BH-PM	0	0	-1550	-1487	-3060	0
PM0000765	BH-BS	-2870	-2045	-970	-500	0	0
PM0000051	BH-PM	-1500	0	-5600	-3000	-3000	-1500
PM0000051	BH-BS	-1100	-1700	-543	-1250	50	0
PM0000589	BH-PM	-632	-237	-237	-137	-137	0
PM0000589	BH-BS	0	-120	-120	-156	0	0
PM0000873	BH-NM	0	0	0	0	-96	0
PM0000873	BH-BS	0	0	-52	-81	-33	0
PM0000875	BH-NM	0	0	0	0	-88	0
PM0000875	BH-BS	0	0	-64	-76	-44	0
PM0000393	BH-PM	-5000	-5000	-5000	-5000	-5000	0
PM0000393	BH-BS	-6050	0	0	0	0	0
RM0000025	BH-PC	-4493.18	3937.8	203.21	-20459.08	-31994.42	-4
PM0000891	BH-PC	843.82	843.82	843.82	843.82	364.8	0
PM0000005	BH-PC	4781.88	4791.88	5201.92	4441.92	-9307.08	2951.58
FG0000194	BH-PF	20283	20283	20283	19083	1503	-1526
PM0000466	BH-PC	7507	7514	7357	7335	5894	0
PM0000660	BH-PC	103.89	102.91	97.92	94.37	81.61	0
PM0000629	BH-PC	6230	6072	6164	5636	5018	0
FG0000316	BH-PF	-127	-23	26	-116	-2244	0
PM0000891	BH-PM	3470	3470	3470	3470	412.44	0
PM0000468	BH-PM	-3015	-3330	0	-9495	-12822	0
PM0000041	BH-BS	-900	-3650	0	0	-5500	0
PM0000041	BH-PC	8112	8062	7482	4732	8040	5100
PM0000042	BH-BS	-900	-3650	0	-600	-5582	0
PM0000042	BH-PC	8600	8550	8010	5860	8600	5100
PM0000057	BH-BS	-1664	-9414	-23000	-5626	9900	-21
PM0000075	BH-BS	-24000	-68000	-26800	-24500	-12600	0
PM0000335	BH-BS	-1080	-216	0	0	-4138	0
PM0000335	BH-PC	2757	2708	2908	2776	3226	0
PM0000765	BH-PC	2157	2132	2121	2148	2148	0
PM0000051	BH-PC	1726	1696	1633	1726	1448	1500
PM0000052	BH-BS	-2300	-2900	-1743	-3800	-2500	0
PM0000052	BH-PC	1981	1931	1863	1981	1708	1500
PM0000118	BH-BS	-69	-1569	-6669	-13169	-11700	0
PM0000884	BH-BS	0	0	0	-307.8	-97.2	0
PM0000588	BH-BS	-150	-91	-91	-264	-63	0
PM0000588	BH-PC	20	14	-236	-117	20	-9
PM0000589	BH-PC	-25	61	61	7	17	0
PM0000122	BH-BS	-4122	-1745	0	-4104	-6048	0
PM0000122	BH-PC	5133	4810	4662	4388	4048	0
PM0000766	BH-BS	-7500	-6614	-5394	-4854	-3654	0
PM0000766	BH-PC	2963	2901	2889	2894	2854	0
PM0000874	BH-BS	0	0	-52	-275	-126	0
PM0000874	BH-PC	382	382	382	357	353	0
PM0000876	BH-BS	0	0	-64	-76	-132	0
PM0000876	BH-PC	166	166	166	166	166	0
PM0000027	BH-BS	-5920	0	-14400	-15840	-9216	0
PM0000027	BH-PC	5794	4994	5774	5100	4716	0
PM0000006	BH-BS	-1072	-525	-1354	0	-439.8	0
PM0000009	BH-BS	-30	-72	-2	-260	-616	0
PM0000009	BH-PC	324	324	324	309	184	250
PM0000060	BH-BS	5500	2000	-73715	-19715	-50735	-12000
PM0000471	BH-BS	-3600	-2780	-1700	-470	-4550	0
PM0000471	BH-PC	6467	6464	6485	6321	3588	0
PM0000873	BH-PC	150	150	150	150	150	0
PM0000875	BH-PC	150	150	150	150	150	0
PM0000393	BH-PC	-2090	-920	-920	-720	2600	0
PM0000468	BH-BS	-55497	-32843	-7507	-14730	-1706	0
FG0000081	BH-EC	-8	-28	-9428	0	-18	0
RM0000037	BH-LO	3751.39	5870.73	3672.93	4799.5	-695	-5
RM0000037	BH-PC	-174.1	-1122.1	-38.6	-820.6	-708.6	-6.6
FG0000157	GP-FG	0	-696	-523	-348	-218	0
PM0000394	BH-PC	21607	23559	19460	21890	15974	-90
PM0000331	BH-PC	0	-68	-68	-886	-1314	0
PM0000332	BH-PC	0	-176	-176	-1072	-1440	0
PM0000729	BH-PC	416	1068	-5932	-4002	-6518	-90
PM0000590	BH-PC	0.34	-0.67	-0.67	-0.67	-250.67	-41.67
PM0000587	BH-PC	12116	12252	12252	11276	10924	0
FG0000105	BH-PF	265	265	265	265	265	0
FG0000226	BH-EC	-2595	-13	0	0	0	0
FG0000009	BH-EC	-933	-868	-1	0	-100	0
FG0000008	BH-EC	-2036	-21	-4	0	-100	0
FG0000151	BH-EC	-2197	-1247	0	0	0	0
FG0000005	BH-EC	0	-2350	-23	-1602	-80	0
FG0000106	BH-EC	-6280	-3756	-14	-350	0	0
PM0000251	BH-PM	0	0	0	-6804	-9030	0
FG0000250	BH-VA	0	0	0	0	0	0
FG0000005	BH-PF	927	927	927	-10993	927	0
FG0000402	GP-FG	0	0	-55	-5	-5	0
FG0000402	BH-PF	5	-15	5	5	5	0
FG0000386	BH-EC	0	-9	-3500	-4960	-4836	0
PM0000026	BH-PC	9521	7371	7891	9821	6021	7100
PM0000025	BH-PC	9100	6950	7520	9100	6600	7100
PM0000083	BH-PC	7311	7311	7290	7260	6806	0
PM0000403	BH-PC	3884	2864	3004	3030	440	2310
FG0000013	BH-PF	-1	1	1	1	0	0
FG0000030	BH-GR	-11160	-10956	-20346	-19334	-22251	0
PM0000498	BH-PC	7129	6955	6941	6941	6879	0
PM0000506	BH-PC	810	2814	8450	9250	9140	0
PM0000421	BH-PC	-365	-3061	134	134	72	0
PM0000422	BH-PC	135	-1561	134	134	72	0
PM0000128	BH-PC	416.67	384.33	388.54	388.54	385.96	-0.04
PM0000159	BH-PC	5124	1362	1581	3673	2985	0
PM0000158	BH-PC	4344	1172	1291	1483	3015	0
PM0000195	BH-PC	579	658	1164	1020	494	0
PM0000077	BH-BS	0	0	-462	-154	-36	0
FG0000383	BH-GR	0	0	0	0	-2	0
PM0000077	GP-FG	2	2	2	2	-12	-15
PM0000395	BH-PM	2831	-473	4243	5862	5652	0
PM0000395	GP-FG	28	28	28	28	-4	0
PM0000080	BH-PM	4278	4812	979	6646	-1971	0
PM0000080	GP-FG	7	7	7	7	0	0
PM0000500	BH-PM	3150	1050	50	50	0	0
PM0000499	BH-PM	3150	1050	50	50	0	0
PM0000504	BH-PM	0	-3700	-2100	-2100	-16000	0
PM0000503	BH-PM	0	-3700	-2100	-2100	-16000	0
FG0000299	GP-FG	502	-11330	-11751	-1447	-126	0
PM0000889	BH-PM	5500	5500	5500	5500	0	0
PM0000888	BH-PM	5500	5500	5500	5500	0	0
FG0000397	BH-PF	0	0	0	0	0	0
FG0000398	BH-PF	0	0	0	0	0	0
FG0000394	BH-PF	0	0	0	0	0	0
PM0000588	BH-NM	0	0	0	0	-66	0
FG0000194	BH-GR	-3	34	-117	-42	-76	0
FG0000299	BH-GR	168	20	20	-304	-400	0
FG0000005	BH-GR	-67	-79	-2754	-2515	-2714	0
RM0000003	BH-PC	1515.52	-11591.56	-9862.59	-33399.81	-44708.04	-653
PM0000411	BH-PC	4	-1	0	-459	-2647	0
FG0000030	BH-PF	200	199	200	200	200	0
FG0000398	GP-FG	0	0	0	0	0	0
FG0000397	GP-FG	1	1	0	0	0	0
FG0000394	GP-FG	3	3	0	0	0	0
FG0000105	GP-FG	-200	-438	-182	29	28	0
FG0000013	GP-FG	56.25	56.5	4.5	0.5	-5	0
PM0000080	BH-BS	-868	-619	-31	0	0	0
PM0000251	BH-BS	-2940	-21175	-3798	-9594	-1349	-161
PM0000006	BH-PM	1000	-6994	-9118	-1510	-8147	-1000
PM0000265	BH-PM	-3300	0	-3100	-3250	-3250	0
PM0000265	BH-BS	0	0	0	-170	-170	0
PM0000266	BH-PM	-3300	0	-3100	-3250	-3250	0
PM0000266	BH-BS	0	0	0	0	0	0
PM0000077	BH-PM	1847	-5975	-869	-6985	-604	0
PM0000254	BH-PM	-150	-4491	-3000	-2250	-1499	0
PM0000254	BH-BS	0	-165	-155	-109	0	0
PM0000078	BH-PM	-68400	-34200	0	0	-2000	0
PM0000078	BH-BS	-3597	-12500	-54541	-6000	0	0
PM0000008	BH-PM	-425	-1910	0	-175	-2809	0
PM0000008	BH-BS	-25	-123	-168	0	0	0
PM0000194	BH-PM	-34320	-25704	0	-32214	-1320	0
PM0000194	BH-BS	-35705	-25373	-6057	-3307	0	0
PM0000082	BH-BS	-706	-239	0	-2	-1022	0
PM0000864	BH-BS	0	-3000	-10000	0	-26400	0
PM0000864	BH-PC	33920	32070	33100	32660	33860	0
PM0000014	BH-BS	-40600	-25600	-48600	-15000	-48899	0
PM0000265	BH-PC	2199	2919	2919	3209	3209	0
PM0000266	BH-PC	2104	2604	2604	3104	3104	0
PM0000077	BH-PC	32	32	28	-33	-69	0
PM0000345	BH-BS	-5000	-5000	-5000	-5000	-4870	0
PM0000345	BH-PC	-630	-166	1802	3496	3478	0
PM0000344	BH-BS	-5000	-5000	-5000	-5000	-4870	0
PM0000344	BH-PC	-630	-166	1802	3496	3478	0
PM0000254	BH-PC	136.4	178.4	190.4	122.4	63.4	0
PM0000079	BH-BS	77000	59000	-121000	33000	57000	-15000
PM0000121	BH-BS	-35911	-7495	-6760	-42034	-24056	0
PM0000015	BH-BS	-27000	-9000	-21000	-5000	-15000	0
FG0000016	BH-PF	2	2	2	2	2	0
FG0000020	BH-PF	6	6	6	6	6	0
FG0000020	GP-FG	-41.5	58.75	48.75	4.75	3	0
FG0000016	GP-FG	17	84	42	25	-2	0
FG0000396	BH-PF	0	0	0	0	0	0
FG0000359	BH-GR	17	-28	-123	-223	-376	0
FG0000299	BH-PF	19830	19746	19890	18654	-16662	0
PM0000079	BH-PF	10	2	2	0	0	0
PM0000194	BH-PF	2	2	2	0	0	0
RM0000030	BH-PC	-239.81	-239.81	19.9	19.9	-1	0
RM0000030	BH-PF	0	0	0	0	0	0
PM0000588	BH-PM	-1225	-650	-400	-100	-100	0
PM0000003	GP-FG	54	54	54	54	10	0
PM0000871	BH-PM	0	0	0	0	-625	0
PM0000874	BH-PM	0	0	0	0	-150	0
PM0000873	BH-PM	0	0	0	0	-150	0
PM0000875	BH-PM	0	0	0	0	-150	0
PM0000876	BH-PM	0	0	0	0	-150	0
PM0000878	BH-PM	0	0	0	0	-1550	0
PM0000877	BH-PM	0	0	0	0	-1100	0
PM0000871	BH-BS	0	0	-118	-164	-118	0
PM0000878	BH-BS	0	0	-210	-418	0	0
PM0000877	BH-BS	0	0	-130	-568	-516	0
FG0000193	GP-FG	-5621	-2910	-907	-603	-201	0
FG0000031	GP-FG	-5980	-9861	-9416	-221	-6801	0
FG0000227	GP-FG	-4173	-2309	-31	-28	-10	0
FG0000116	GP-FG	-13	-474	-386	-127	-41	0
PM0000392	BH-PM	-5000	-5000	-5000	-5000	-5000	0
PM0000392	BH-BS	-7370	-4070	-4070	-4070	0	0
RM0000025	BH-LO	87706.01	48742.14	8804.15	-116179.24	-41773.55	4026.79
RM0000013	BH-LO	9139.43	-13268.43	2721.93	21521.93	25521.93	0
RM0000001	BH-LO	40209.03	7097.75	27634.43	12717.43	40175.71	0
RM0000002	BH-LO	-167239.22	-336532.56	-151932.51	-4075.68	-16156	0
PM0000469	BH-PM	-4500	0	0	0	-8787	0
PM0000469	BH-BS	-3068	-750	-14395	-10963	0	0
PM0000392	BH-PC	-770	3150	3150	3350	2600	0
PM0000874	BH-NM	0	0	0	0	-285	0
PM0000878	BH-PC	870	870	870	870	378	0
PM0000877	BH-PC	218	218	218	212	212	0
PM0000078	GP-FG	7	7	7	7	-4	-15
PM0000094	BH-PC	13323.35	14008	11508	9541	14657	-23
PM0000003	BH-PM	231	-3520	-1630	35	-3067	-1187
PM0000003	BH-BS	-903	-1646	-2273	-1450	-950	0
PM0000082	BH-PM	-1270	2000	-3440	3000	313	0
FG0000399	BH-PF	0	0	0	0	0	0
PM0000504	BH-BS	-4000	-4000	0	0	0	0
PM0000503	BH-BS	-4000	-4000	0	0	0	0
PM0000409	BH-PM	1300	1300	1315	1315	1315	0
PM0000409	BH-BS	-285	-285	-523	-496	-276	0
PM0000259	BH-BS	-184	-136	-601	-64	-62	0
PM0000259	GP-FG	0	0	0	0	0	0
PM0000082	GP-FG	-19	-19	61	61	61	0
PM0000832	BH-BS	0	0	0	0	-10	0
PM0000832	GP-FG	0	0	0	0	0	0
PM0000832	BH-PM	-68	-68	-68	-68	-48	42
PM0000594	BH-BS	137600	-30175	-23200	-301550	-131400	-25000
PM0000594	BH-SDL	53522	-16324	-1874	53522	-87125	25000
PM0000852	BH-BS	156753	28173	42745	-25267	-87000	-63600
PM0000852	BH-SDL	39730	1003	39730	21954	-51031	31010
FG0000008	BH-PF	835	-261	839	839	659	0
FG0000407	BH-PF	256	256	256	-1244	-1184	0
FG0000070	BH-PF	0	0	0	0	0	0
FG0000070	GP-FG	-354	-1034	28	-1522	-222	-10
FG0000226	BH-GR	0	0	-456	-470	-470	0
FG0000009	BH-GR	-2	-7	-607	-727	-769	0
FG0000106	BH-GR	-156	0	-315	-362	-363	0
FG0000151	BH-GR	-8	-6	-599	-644	-641	0
PM0000079	BH-PM	-213000	0	0	0	0	0
FG0000400	BH-PF	0	0	0	0	0	0
PM0000056	BH-PC	5501	6884	1340	1930	770	-90
FG0000154	BH-PF	1	-186	1	1	1	0
PM0000218	BH-PC	1500	1148	-2500	-1786	-2090	-90
PM0000219	BH-PC	1806	1454	-2194	-1408	-2090	-90
FG0000104	BH-PF	0	0	0	0	0	0
FG0000399	GP-FG	0	0	0	0	0	0
FG0000396	GP-FG	0	0	0	0	0	0
FG0000400	GP-FG	15	15	15	0	0	0
FG0000154	GP-FG	-55	-74	-137	9	3	0
FG0000104	GP-FG	67	-288	-28	11	2	0
PM0000871	BH-PC	505	505	505	505	505	0
FG0000395	BH-PF	0	0	0	0	0	0
FG0000143	BH-PF	413	193	413	13	237	23
FG0000395	GP-FG	0	0	0	0	0	0
FG0000222	BH-GR	0	0	-305	-305	-315	0
FG0000143	BH-GR	-16	-4	-457	-704	-707	0
FG0000193	BH-GR	0	-22	-78	-139	-142	0
FG0000081	BH-GR	0	-128	-711	-721	-728	0
FG0000032	BH-GR	-158	-199	-1506	-1664	-1771	0
FG0000004	BH-GR	-36	-84	-566	-933	-961	0
FG0000028	BH-GR	-39	-8	-2457	-2623	-3172	0
FG0000142	BH-GR	-2	-31	-136	-192	-137	0
FG0000042	BH-GR	0	-16	-215	-496	-518	0
FG0000192	BH-GR	-13	2	-584	-598	-610	0
FG0000227	BH-GR	0	0	-139	-183	-184	0
FG0000011	BH-GR	-640	-600	-2388	-2651	-3096	0
FG0000224	BH-GR	0	0	0	55	0	0
FG0000149	BH-GR	-16	-6	-317	-437	-440	0
FG0000053	BH-GR	-8	-1	-321	-321	-321	0
FG0000306	BH-GR	-1	0	-4	-23	-24	0
FG0000336	BH-GR	0	0	0	1	0	0
FG0000344	BH-GR	0	0	0	40	-40	0
FG0000338	BH-GR	0	0	0	5	0	0
RM0000025	BH-GJ	0	0	0	0	0	0
SF0000002	BH-GJ	0	0	0	0	0	0
PM0000015	BH-PM	10000	-37000	50000	-99000	30000	0
PM0000014	BH-PM	2500	-151500	-82900	-181900	-50000	0
PM0000071	BH-PM	-35000	-11000	-24500	-13400	-22850	0
PM0000071	BH-BS	0	-12000	-5900	0	0	0
PM0000072	BH-PM	-14500	-8500	-4500	0	0	1500
PM0000072	BH-BS	0	-4000	-4000	-3500	-2000	0
FG0000359	BH-PF	23199	11535	10215	20415	17331	0
PM0000017	BH-BS	-8044	-5000	0	-37700	-40000	0
PM0000018	BH-BS	-5000	-5000	0	-34800	-40500	0
FG0000418	GP-FG	0	0	-8000	-7400	-5969	0
FA0000373	DL-FA	1	1	1	1	0	0
RM0000007	BH-PC	-1284.04	-1300.04	67.96	65.96	-2147	0
PM0000059	BH-PC	29138	26692	28230	29017	24042	-2200
PM0000522	BH-PC	1090	3696	5378	4438	5232	0
PM0000523	BH-PC	1019	3603	5307	4377	5021	0
FG0000227	BH-PF	5440	5440	5440	5440	5440	0
RM0000035	BH-LO	0	0	0	0	-1549.36	0
PM0000058	BH-BS	49390	58790	39995	50072	52745	0
PM0000058	BH-PC	17329	17239	17239	7114	15172	-58
PM0000047	BH-BS	-3100	-3100	-3900	-6800	-4127	0
PM0000048	BH-BS	-3000	-3000	-3000	-6900	-4500	0
PM0000504	BH-PC	4543	4543	4600	4600	4600	0
PM0000503	BH-PC	4548	4548	4600	4600	4600	0
PM0000409	BH-PC	1	11	23	23	9	0
PM0000107	BH-BS	-1000	-26000	-16000	-25300	-20000	0
PM0000108	BH-BS	-10000	-25000	-15000	-26700	-20000	0
PM0000235	BH-BS	363000	479120	152600	310655	280865	0
PM0000226	BH-BS	-4800	-2300	-6697	-7900	-16415	0
PM0000228	BH-PM	0	0	0	0	0	0
PM0000071	BH-PC	-1330	-2550	-5690	-7700	-3700	0
PM0000235	BH-PM	-205000	0	0	0	-170000	0
FG0000088	BH-PF	1330	1330	1330	1330	1330	0
PM0000076	BH-PM	-880	888	-906	-3005	1393	0
FG0000088	BH-EC	-62	-2166	-28	-28	-28	0
FG0000030	BH-EC	-3832	-2972	-33	0	-9	0
SF0000002	GP-FG	12300	12300	12300	1000	1000	0
FG0000083	BH-PF	4	-1	-28	-28	-28	0
FG0000386	BH-SC	63564	63564	4755	6410	6297	0
FG0000283	BH-EC	-2	-2	-341	-281	-175	0
PM0000229	BH-BS	-176	-406	-620	-658	-498	0
PM0000402	BH-PC	25023	22560	24968	25652	24094	0
FG0000405	BH-PF	2	2	2	2	-473	0
PM0000094	BH-PM	-14500	1500	-16300	-12300	-29000	0
PM0000094	BH-BS	-4000	-6000	0	0	0	0
PM0000052	BH-WST	-205	-255	159	109	34	0
PM0000051	BH-WST	-180	-250	184	114	44	0
PM0000041	BH-WST	258	118	258	258	150	0
PM0000113	BH-WST	214	211	198	198	198	4
PM0000117	BH-WST	64	64	220	220	220	25
PM0000195	BH-WST	591	-35	752	752	752	0
PM0000499	BH-PC	0	0	0	0	-2	0
PM0000499	BH-WST	2	2	2	2	2	0
PM0000864	BH-WST	2151	1701	1801	1101	781	0
PM0000266	BH-WST	264	-556	264	64	64	0
PM0000265	BH-WST	259	-781	259	129	129	0
PM0000077	BH-WST	872	864	676	665	811	0
PM0000504	BH-WST	42	42	280	280	280	0
PM0000503	BH-WST	44	44	280	280	280	0
PM0000386	BH-WST	2373	1947	2578	2178	1953	0
PM0000385	BH-WST	2273	1857	2328	2178	1953	0
PM0000230	BH-PC	16936	17522	18468	17138	14396	0
PM0000230	BH-WST	5774	4944	5167	5594	3264	0
PM0000231	BH-PC	13565	11851	12891	11531	13909	0
PM0000231	BH-WST	5744	4914	5334	5494	3044	0
PM0000517	BH-PC	3058	3882	1580	3912	3749	-32
PM0000517	BH-WST	1112	639	1095	1006	889	32
PM0000727	BH-PC	1144	3510	-2430	2847	2998	2813
PM0000727	BH-WST	808	650	649	632	341	187
PM0000307	BH-PC	9092	8720	3780	7895	7120	-20
PM0000307	BH-WST	1076	-344	1376	1336	251	20
PM0000308	BH-PC	8632	8290	3350	7795	7125	-25
PM0000308	BH-WST	1476	26	1476	1436	246	25
PM0000824	BH-PC	388425	373175	381707	385518	385518	0
PM0000824	BH-WST	3405	-5	5011	4060	4060	0
PM0000411	BH-WST	1343.85	1340.85	1362.85	1360.85	1289.85	0
PM0000254	BH-WST	93.5	88.5	93.5	93.5	93.5	0
PM0000224	BH-PC	4139	1899	2710	-480	2879	0
FG0000033	BH-PF	3176	1016	3176	3176	3176	0
PM0000228	BH-BS	-8106	-2520	-14991	-10440	-30	0
PM0000224	BH-BS	-4000	-12000	-18600	-2900	-6889	0
PM0000229	BH-PM	-2900	-990	1760	3010	36	0
PM0000663	BH-PM	0	0	0	0	0	0
FG0000316	BH-GR	0	0	-3	-3	-3	0
PM0000005	BH-BS	-260	-608	-603	-85	0	0
FG0000189	BH-PF	3	3	3	3	3	0
PM0000075	BH-PM	-82000	-118000	14000	-59500	-156100	0
PM0000047	BH-PM	37905	16905	2905	11905	17805	5405
PM0000048	BH-PM	37204	16204	2204	11204	17104	4704
PM0000861	BH-PM	-1900	-1900	14100	-47999	-47999	0
PM0000861	BH-BS	-31773	-9000	0	0	0	0
PM0000690	BH-PM	-100	-500	4500	4500	4500	0
PM0000690	BH-BS	-2000	0	0	-3500	-3500	0
PM0000076	BH-BS	-4048	-842	-2342	0	0	0
PM0000058	BH-NM	0	0	0	0	-695	0
PM0000270	BH-PM	0	0	-504	0	0	0
PM0000270	BH-BS	-2000	-2000	-1096	-1600	0	0
PM0000073	BH-PM	127	174	244	60	59	0
PM0000073	BH-BS	0	-4	0	-90	-10	0
RM0000009	BH-LO	15.24	15.24	15	-7135	15	15
RM0000011	BH-LO	1.85	-32597	-1304.89	-45185	0	0
RM0000009	BH-PC	-11250.24	23850.76	24940	24886	22434	0
RM0000011	BH-PC	11252.11	11260.11	-14723.9	10314.1	12065	-115
PM0000507	BH-NM	0	0	0	0	-433.61	0
PM0000507	BH-PC	-113.37	-113.37	-49.12	-102.12	0	0
PM0000073	BH-PC	-1	-1	-1	-1	0	0
PM0000078	BH-NM	0	0	0	-2530	-4670	0
PM0000426	BH-BS	-5000	0	0	-14000	-15000	0
PM0000426	BH-PC	49518	48786	39639	45957	49444	-182
PM0000425	BH-BS	-5000	0	0	-14000	-15000	0
PM0000425	BH-PC	50522	50061	40886	47203	49544	-182
PM0000231	BH-BS	0	0	-25000	-5000	-38000	0
PM0000230	BH-BS	-22700	-25000	-45000	-5000	-30000	0
PM0000085	BH-BS	30000	-87000	31060	-98740	-14800	-33000
PM0000865	BH-BS	0	0	0	0	-8000	0
PM0000865	BH-PC	28520	28420	28420	28520	25020	0
PM0000866	BH-BS	0	0	0	0	-8000	0
PM0000866	BH-PC	28520	28420	28420	28520	25020	0
PM0000270	BH-PC	2098	2094	2028	2028	2028	0
PM0000861	BH-PC	9798	9609	10011	10011	10011	0
PM0000629	BH-BS	0	-1100	-1100	-1600	-500	0
PM0000691	BH-BS	-2000	0	0	-3800	-3800	0
PM0000691	BH-PC	3779	3779	-61	3739	3739	0
PM0000690	BH-PC	3879	3879	39	3539	3539	0
FG0000275	BH-PF	848	848	-16	848	848	0
FG0000130	BH-PF	0	0	0	0	0	0
FG0000011	BH-PF	1346	1346	-1686	1346	1346	0
FG0000011	BH-EC	-1700	-2	0	-3	0	0
FG0000142	BH-PF	992	992	992	992	992	0
PM0000629	BH-PM	4200	9400	2400	10221	4170	0
PM0000231	BH-PM	46600	-39400	67600	-57700	29600	0
PM0000230	BH-PM	29600	-29400	72600	-59700	29600	0
PM0000895	BH-PM	0	0	0	0	0	0
PM0000085	BH-PM	0	0	0	0	0	0
PM0000058	BH-PM	0	0	0	-13161	0	0
PM0000425	BH-PM	52500	92500	-21300	-59300	-31100	0
PM0000426	BH-PM	52500	92500	-21300	-59300	-31100	0
PM0000593	BH-BS	-962	-456	-154	-153	0	0
FG0000151	BH-PF	480	480	655	655	-921	-4
FG0000081	BH-PF	1571	1571	1571	1571	1571	-1149
PM0000729	BH-PM	0	0	0	0	-10000	0
PM0000852	BH-PM	0	0	0	0	0	0
PM0000594	BH-PM	-9975	0	0	0	0	0
PM0000407	BH-PC	-10764	-14090	-6175	-559	-559	0
PM0000407	BH-WST	1296	730	1297	1221	1221	0
PM0000426	BH-WST	7911	6351	7574	4584	2201	182
PM0000425	BH-WST	6616	4785	6327	3338	2101	182
PM0000567	BH-PC	44675	46919	46919	41919	45389	0
PM0000567	BH-WST	2525	2341	2525	2525	2335	0
PM0000023	BH-PC	-4180	-2455	-2455	-7450	-25	0
PM0000023	BH-WST	2399	1734	2399	2399	2249	0
PM0000022	BH-PC	-4171	-2441	-2441	-7441	-111	0
PM0000022	BH-WST	2485	1815	2485	2485	2335	0
FG0000054	GP-FG	-4010	-208	-22	83	-13	0
FG0000054	BH-PF	13	13	13	13	13	0
FG0000414	BH-PF	2	2	2	2	2	0
FG0000145	BH-PF	44	-392	-128	44	44	0
FG0000268	GP-FG	-175	-6	-6	-6	-0.5	0
FG0000268	BH-PF	0.5	0.5	0.5	0.5	0.5	0
FG0000305	GP-FG	3	4	-121	-121	-1	0
FG0000305	BH-PF	1	1	1	1	1	0
FG0000422	GP-FG	742	742	742	-10978	-6800	0
FG0000422	BH-PF	0	0	0	-1020	0	0
FG0000038	BH-PF	5	5	5	-2585	5	0
FG0000106	GP-FG	-1989	-1975	-833	-125	-604	0
FG0000106	BH-PF	56	56	-9244	656	656	653
FG0000012	GP-FG	-733	-1109	-988	-4	-412	0
FG0000012	BH-PF	0	0	0	0	0	-4
FG0000021	GP-FG	-4398	-2687	-1239	-728	-721	0
FG0000021	BH-PF	52	52	52	52	52	-2
FG0000134	GP-FG	-1	-1	-1	-1	-1	0
FG0000134	BH-PF	75	75	75	75	75	-18
FG0000136	GP-FG	-10330	-10330	-5682	-2082	139	0
FG0000136	BH-PF	9260	9260	9260	9260	9260	0
FG0000242	GP-FG	-21	-21	-21	-1	-1	0
FG0000242	BH-PF	1	1	1	1	1	0
FG0000324	BH-PF	-62	-62	455	455	455	0
FG0000228	GP-FG	-740	-3	-919	-7	-5	0
FG0000228	BH-PF	798	798	798	798	798	-8
FG0000192	BH-PF	39	39	39	39	39	0
FG0000032	BH-PS	-185	-220	-130	-405	-240	0
FG0000194	BH-EC	-3	-13483	-42	-2	-2	0
PM0000657	BH-PM	2532	2052	2917	4257	2200	-1125
PM0000657	BH-BS	-630	-515	0	0	0	0
PM0000593	BH-PC	1011	1009	1007	961	1010	0
PM0000825	BH-PC	1198.2	483.2	1166.6	1193.2	1197.2	-0.2
PM0000824	BH-BS	-2000	-11000	-26000	-13700	-13700	0
PM0000411	BH-BS	-443	-22	-762	-1553	-549	0
PM0000880	BH-BS	0	0	0	-2700	-2700	0
PM0000880	BH-PC	3820	3820	3820	3820	3820	0
PM0000881	BH-BS	0	0	0	-2700	-2700	0
PM0000881	BH-PC	3820	3820	3820	3820	3820	0
FG0000116	BH-GR	-160	-81	-81	-209	-483	0
FG0000116	BH-PF	508	508	508	-436	508	-2
FG0000112	BH-GR	0	0	-123	-134	-294	0
FG0000112	BH-PF	52	-2284	-1072	52	52	0
FG0000157	BH-GR	0	0	0	0	-264	0
FG0000157	BH-PF	505	-695	505	505	505	-48
FG0000319	BH-GR	0	0	-43	-43	-60	0
FG0000319	BH-PF	25	25	25	25	25	0
FG0000318	BH-GR	-154	3	0	-209	-377	0
FG0000318	BH-PF	152	152	152	152	152	0
FG0000324	BH-GR	0	0	-1	-759	-2759	0
PM0000006	BH-EC	0	0	0	-100	0	0
FG0000187	BH-PF	0	0	0	0	-400	0
FG0000187	GP-FG	1046	1056	1216	1216	0	0
FG0000074	BH-PF	481	481	481	481	477	0
FG0000053	BH-EC	-23	-57	-47	0	-165	0
FG0000192	BH-EC	-1	-2345	-11	-11	-1	0
FG0000389	BH-EC	-420	-15	0	0	-38	0
FG0000389	BH-GR	0	0	-20	-20	-22	0
FG0000295	BH-EC	-679	-4	-83	-83	-2	0
FG0000295	BH-GR	-15	-432	-462	-579	-580	0
RM0000007	BH-GJ	0	0	0	0	0	0
PM0000233	BH-PM	11100	-15900	-3900	-36000	-27900	0
PM0000233	BH-BS	-9150	-6150	-4650	-7050	-300	0
PM0000232	BH-PM	11100	-15900	-3900	-36000	-27900	0
PM0000232	BH-BS	-7560	-4560	-3060	-6210	0	0
PM0000020	BH-PM	270000	270000	270000	190000	140000	0
PM0000020	BH-BS	-4000	-4000	-50000	-1600	-15000	0
PM0000019	BH-PM	270000	270000	270000	190000	140000	0
PM0000019	BH-BS	0	0	-46000	-1100	-15000	0
PM0000309	BH-PM	-600	-600	-440	-440	-260	0
PM0000309	BH-BS	0	0	-40	-40	-140	0
FG0000021	BH-EC	-72	-12	-68	-68	-4	0
FG0000370	BH-EC	-1094	-1092	0	0	0	0
FG0000370	BH-GR	0	0	0	0	0	0
FG0000021	BH-GR	-36	0	-51	-41	-84	0
PM0000005	BH-PF	112	112	112	112	112	0
PM0000005	GP-FG	-225	-225	-595	-26	5	0
PM0000854	BH-PM	-2400	0	0	0	-6000	0
PM0000854	BH-BS	-4900	0	0	0	0	0
PM0000411	BH-PM	6602	2012	5452	3126	-2378	0
PM0000891	BH-BS	0	0	0	0	-181.46	0
RM0000007	BH-LO	5154.82	59809.81	27055.59	59824.59	59037.95	0
PM0000232	BH-PC	1955	7032	7780	7887	5096	0
PM0000233	BH-PC	1869	6936	7734	7666	5400	0
PM0000309	BH-PC	179.49	179.49	151.78	151.78	204.58	-5.44
PM0000470	BH-PC	1968	7680	8132	6644	6372	0
FG0000379	BH-GR	156	239	235	193	-3832	0
PM0000861	BH-WST	52	-252	263	263	263	0
PM0000417	BH-PC	1977	1977	1977	1977	-23	0
PM0000417	BH-WST	25	25	25	25	25	0
PM0000418	BH-PC	1977	1977	1977	1977	-23	0
PM0000418	BH-WST	25	25	25	25	25	0
PM0000009	BH-WST	236.9	234.9	238.9	238.9	234.9	0
PM0000726	BH-PC	6924	4264	5739	5739	5739	0
PM0000726	BH-WST	841	681	540	540	540	0
PM0000690	BH-WST	440	-480	440	440	440	0
PM0000691	BH-WST	540	-380	540	540	540	0
PM0000159	BH-WST	1125	1035	1315	815	815	0
PM0000158	BH-WST	1605	1525	1605	1105	785	0
PM0000005	BH-WST	4180.22	3365.22	4749	4428.21	2806.21	0
PM0000855	BH-NM	0	0	0	-137	-137	0
PM0000855	BH-PC	2379	4740	4741	4741	4741	0
PM0000470	BH-NM	0	0	0	-3932	-612	0
FG0000009	BH-PF	98	98	98	98	98	0
PM0000864	BH-NM	0	0	0	-3000	-3500	0
PM0000722	BH-PC	12.5	-132.1	-242.1	-144.1	-85.1	0
FG0000306	BH-PF	690	690	690	690	-30	-63
FG0000053	BH-PF	489	651	651	266	651	0
FA0000076	BH-FA	1	1	1	1	0	0
PM0000249	GP-FG	20	20	20	20	20	0
PM0000405	GP-FG	20	20	20	20	20	0
PM0000899	BH-PM	0	0	0	0	0	0
RM0000006	BH-PC	-10788.95	3640.56	3634.06	3634.06	3634.17	0
RM0000039	BH-PC	265.54	265.54	265.54	265.54	265.81	0
PM0000862	BH-PC	-4763	4279	4279	4279	4279	0
PM0000854	BH-PC	3960	5560	5560	5560	5560	0
RM0000006	BH-PF	0	-6.5	0	0	0	0
RM0000039	BH-PF	0	0	0	0	0	0
PM0000259	BH-EC	0	0	0	0	-180	0
FG0000441	BH-PF	10710	10710	10710	10710	10710	0
FG0000419	BH-PF	0	0	0	0	0	0
PM0000893	BH-PM	0	0	0	0	0	0
PM0000892	BH-PM	0	0	0	0	0	0
FG0000381	BH-EC	0	-10	-160	-160	-160	0
FG0000381	BH-PF	-900	0	0	0	0	0
PM0000012	BH-BS	-1	-751	-206	-562	-67	0
PM0000012	GP-FG	0	0	0	0	0	0
PM0000229	GP-FG	-80	-80	-60	-39	-29	0
PM0000125	GP-PM	-40752	-40752	-40752	-37872	-40752	0
PM0000125	GP-FG	0	0	0	0	0	0
PM0000058	GP-FG	0	0	0	0	0	0
PM0000060	GP-FG	0	0	0	0	0	0
PM0000235	GP-FG	0	0	0	-32855	0	0
PM0000855	BH-BS	-7274	-775	-775	-638	-638	0
PM0000855	GP-FG	0	0	0	0	0	0
PM0000862	BH-BS	0	-182	-182	-182	-182	0
PM0000862	GP-FG	0	0	0	0	0	0
FA0000183	BH-FA	1	1	1	1	1	0
PM0000884	BH-PM	745.2	745.2	745.2	97.2	405	0
RM0000012	BH-LO	-18152.27	-31457.75	-18460	-10900	-800	0
FA0000391	DL-FA	0	0	0	0	-2	0
FA0000391	BH-INT	0	0	0	0	0	0
RM0000021	BH-LO	1	1	-200	-50	0	0
FG0000444	BH-PF	1789	1789	1789	1789	133	0
RM0000021	BH-PC	-4786	-4226	-47	-292	-2	0
PM0000506	BH-PM	0	0	0	0	0	0
PM0000408	BH-PM	0	0	0	0	0	0
FG0000379	BH-PF	1668	-9612	-1532	1668	1668	0
FG0000070	BH-GR	0	0	-15	-20	-20	0
PM0000862	BH-PM	0	0	0	0	-5456	0
FG0000300	BH-PF	0	0	0	0	0	0
PM0000046	BH-PC	25357	22897	16104	19704	23871	-3446
FG0000003	BH-PF	0	0	0	0	0	0
PM0000072	BH-PC	3028.86	1214.86	2991	2122	1999	-1500
PM0000012	BH-PC	222.67	229.67	214.67	208.67	196.67	0
FG0000146	BH-PF	0	0	0	0	0	0
PM0000276	BH-PC	-294.56	-110.75	-110.75	-3.75	-3.75	0
SF0000001	GP-FG	200	200	200	200	-1800	0
SF0000001	BH-PF	1800	1800	1800	1800	1800	0
PM0000229	BH-NM	0	0	0	-112.2	-115.2	0
FG0000194	GP-FG	83	87	-9	22	25	0
FG0000379	GP-FG	-23	-19386	-40911	-390	-133	0
FG0000300	GP-FG	38	38	38	39	39	0
FG0000359	GP-FG	-70	-10612	-3657	29	69	0
PM0000370	BH-NM	0	0	0	0	-27000	0
PM0000370	BH-BS	-27000	-27000	-27000	-27000	0	0
PM0000470	BH-WST	1513	1288	1675	1412	1200	0
PM0000233	BH-WST	1564	1434	1794	1504	704	0
PM0000232	BH-WST	508	368	708	443	708	0
PM0000880	BH-WST	10	10	10	10	10	0
PM0000881	BH-WST	10	10	10	10	10	0
PM0000309	BH-WST	-8.41	-8.41	23.18	23.18	23.18	0
PM0000718	BH-PC	1291	1291	1291	1291	1131	0
PM0000718	BH-WST	108	108	108	108	68	0
PM0000719	BH-PC	1286	1286	1286	1286	1131	0
PM0000719	BH-WST	113	113	113	113	68	0
PM0000059	BH-WST	1340	1330	1290	783	712	0
PM0000523	BH-WST	1726	1686	1726	1436	636	0
PM0000094	BH-WST	4731	4630.35	4951	4925	4925	0
PM0000522	BH-WST	1655	1593	1655	1375	525	0
PM0000026	BH-WST	233	-57	233	233	233	0
PM0000369	BH-BS	-49100	-49100	-49100	-49100	-49100	0
PM0000369	BH-NM	0	0	0	0	0	0
PM0000428	BH-PM	13800	13800	21800	-8200	4300	0
PM0000428	BH-BS	-6700	-2700	-700	-4850	0	0
PM0000427	BH-PM	13800	13800	21800	-8200	4300	0
PM0000427	BH-BS	-7700	-3700	-1700	-3500	0	0
PM0000107	BH-PM	-45800	29200	-49000	-69000	-87500	0
PM0000108	BH-PM	-45800	29200	-49000	-72000	-90500	0
PM0000893	BH-BS	0	0	0	0	0	0
PM0000892	BH-BS	0	0	0	0	0	0
PM0000074	BH-PM	-6350	-114350	-78350	-139850	-42350	0
PM0000074	BH-BS	-26000	-24000	-28400	-18200	-350	0
FG0000169	BH-PF	-356	11	11	11	-601	0
RM0000002	BH-PF	0.5	0.5	0.5	-0.5	-0.5	0
PM0000517	BH-BS	-64348	-47811	-43992	-35252	-10515	69
PM0000428	BH-PC	10423	9647	8423	8998	9086	-23
PM0000427	BH-PC	11407	10631	9437	7637	9486	-23
PM0000660	BH-BS	0	-30	-80	-14.3	-76	0
PM0000893	BH-PC	179	179	179	179	179	0
PM0000892	BH-PC	236	236	236	236	236	0
PM0000722	BH-BS	-244.01	-240	-76	-50	-724	0
PM0000369	BH-PC	23283	23283	23283	23283	23283	0
PM0000370	BH-PC	24283	24283	24283	24283	24283	0
PM0000819	BH-BS	-230	-230	-248	-248	-248	0
PM0000819	BH-PC	618.85	671.05	689.05	689.05	689.05	0
PM0000294	GP-NM	-1571	-1551	-1551	-1551	-1551	0
PM0000294	BH-BS	0	-20	-20	-20	-20	0
PM0000427	BH-WST	1117	1117	1132	892	761	0
PM0000428	BH-WST	1110	1110	1146	881	761	0
PM0000370	BH-WST	703	703	703	703	703	0
PM0000369	BH-WST	703	703	703	703	703	0
PM0000892	BH-WST	63	63	63	63	63	0
PM0000893	BH-WST	120	120	120	120	120	0
PM0000593	BH-WST	83	83	83	80	68	0
PM0000506	BH-WST	3251	2251	3135	3523	3523	0
PM0000722	BH-PM	-2712.99	-1713	-1693	-1193	537	0
PM0000150	BH-PM	-2450	-2450	-2450	-2450	-2450	0
PM0000150	BH-BS	0	0	0	0	0	0
FG0000317	GP-FG	3121	3638	3642	2077	-778	0
FG0000178	BH-PF	661	661	661	505	661	0
PM0000358	BH-BS	0	-5	-5	0	-4440	0
PM0000358	BH-WST	206	135	216	204	139	0
PM0000659	BH-BS	-1274	-1274	-1274	-1274	-1274	0
PM0000659	BH-PC	1274	1274	1274	1274	1274	0
PM0000195	BH-BS	-4992	-9437	-13536	0	-19746	0
PM0000885	BH-PC	34090	34090	34090	34080	33020	0
PM0000886	BH-PC	33580	33580	33580	32320	31310	0
PM0000005	BH-PM	-2003	3997	2357	6557	5497	-3006
PM0000245	BH-PM	0	0	0	0	0	0
FG0000029	GP-FG	20	20	20	20	-2660	0
FG0000440	BH-PF	0	0	0	0	0	0
PM0000855	BH-PM	0	0	0	0	-5456	0
PM0000890	BH-BS	0	0	0	0	-646	0
PM0000819	BH-PM	-1380	-1380	-1380	-1380	-1380	0
PM0000815	BH-BS	-5070	-5070	-5070	-5072	-5072	0
PM0000815	BH-PC	3078	3078	3078	3080	3080	0
PM0000816	BH-BS	-5000	-5000	-5000	-5050	-5050	0
PM0000816	BH-PC	3008	3008	3008	3058	3058	0
PM0000890	BH-PC	343	343	343	343	143	0
PM0000525	BH-BS	-3200	-3200	-200	-5300	-6339	0
PM0000525	BH-PC	1104	1104	-971	1274	445	0
PM0000524	BH-BS	-3350	-3350	-350	-5307	-6246	0
PM0000524	BH-PC	1134	1134	-921	1186	352	0
PM0000150	BH-PC	457	457	457	457	457	0
PM0000155	BH-BS	-2800	-32664	-31064	-29064	-28704	0
PM0000155	BH-PC	26711.5	24239.5	26611.5	26699.5	26711.5	0
PM0000729	BH-BS	-4000	-9000	-12000	-11500	-2000	0
PM0000660	BH-PM	662	722	802	662	828	18
PM0000466	BH-PM	-2000	0	0	-20250	-12250	0
PM0000466	BH-BS	-2000	-1900	-1090	0	-200	0
PM0000017	BH-PM	26600	10800	55000	-38000	22000	0
PM0000018	BH-PM	26600	10800	55000	-38000	22000	0
PM0000524	BH-WST	183	183	104	54	183	0
PM0000525	BH-WST	183	183	104	59	183	0
PM0000125	BH-PM	0	0	0	0	0	0
FG0000297	BH-GR	0	0	0	0	-254	0
PM0000150	BH-PF	1	1	1	1	1	0
PM0000663	BH-PC	-1893	771	753	1341	713	0
PM0000663	BH-PF	1	1	1	1	1	0
PM0000333	BH-PC	2921	653	1635	-2277	1007	0
PM0000333	BH-PF	1	1	1	1	1	0
PM0000155	BH-PF	0.5	0.5	0.5	0.5	0.5	0
PM0000658	BH-PC	-122	69	83	-95	-2	0
PM0000658	BH-PF	2	2	2	2	2	0
FG0000226	BH-PF	239	239	239	239	239	-104
FG0000133	GP-FG	-19	-19	-19	-19	-19	0
FG0000133	BH-WST	18	18	19	19	19	0
FG0000038	BH-WST	5	5	5	5	4	0
FG0000295	GP-FG	-22	-22	-22	-22	-22	0
FG0000295	BH-WST	20	20	22	22	22	0
FG0000029	BH-WST	0	0	10	10	10	0
FG0000012	BH-WST	4	4	17	17	9	0
FG0000241	GP-FG	-16	-16	-16	-16	-16	0
FG0000241	BH-WST	16	16	16	16	16	0
FG0000138	GP-FG	-20	-20	-20	-20	-20	0
FG0000138	BH-WST	20	20	20	20	20	0
FG0000297	BH-WST	143	115	109	109	68	0
FG0000250	GP-FG	-36	-36	-5	-4	-4	0
FG0000250	BH-WST	-41	-41	5	4	4	0
FG0000317	BH-WST	204	197	193	193	48	0
FG0000191	GP-FG	-41	-41	-41	-41	-41	0
FG0000191	BH-WST	41	41	41	41	41	0
FG0000296	GP-FG	-20	-17	-17	-17	-17	0
FG0000296	BH-WST	15	12	17	17	17	0
FG0000320	GP-FG	-5	-4	-4	-4	-4	0
FG0000320	BH-WST	4	3	4	4	4	0
PM0000125	BH-BS	63238	65398	65398	62518	65398	0
PM0000026	BH-PM	-13800	-13800	-7300	-7300	-7100	-7100
PM0000026	BH-BS	-7300	-1800	-5000	-10600	0	0
PM0000863	BH-PM	18000	12000	-26600	-20600	-11000	0
PM0000863	BH-BS	0	-4500	-6000	-2828	-800	0
PM0000535	BH-BS	-174	-2374	-3100	-4200	-15998	0
PM0000535	BH-PC	8046.2	8978.2	8265.2	9330.2	9602	-15
PM0000357	BH-NM	-4200	-4200	-4200	-4200	-4200	0
PM0000357	BH-PC	17	17	17	17	17	0
PM0000281	BH-BS	-30	-30	-30	-30	-30	0
PM0000281	BH-PC	30	30	30	30	30	0
PM0000279	BH-BS	-1667	-1667	-1667	-1888	-1887	0
PM0000279	BH-PC	22	22	22	22	22	0
PM0000333	BH-BS	-1996	0	-6064	-88	-3000	0
FG0000034	BH-PF	0	0	0	0	0	0
PM0000006	BH-NM	0	0	0	-660.8	-580	0
PM0000506	BH-BS	-224499	-224499	-150499	-3000	-3000	0
FA0000392	BH-FA	1	1	1	1	1	0
PM0000357	BH-PM	-2900	-2900	-2897	-2897	-2897	0
PM0000357	BH-BS	0	0	0	0	0	0
PM0000385	BH-PM	-61000	-26000	12500	-60500	-20500	-10000
PM0000385	BH-BS	-15500	-15500	-10000	-12300	0	0
PM0000386	BH-PM	-61000	-26000	12500	-60500	-20500	-10000
PM0000386	BH-BS	-15400	-15400	-10000	-12500	0	0
PM0000899	BH-BS	0	0	0	0	0	0
PM0000817	BH-BS	223488	-177408	-239616	-239616	-239616	0
PM0000817	BH-SDL	-39113	13817	12986	29634	29634	0
PM0000053	BH-NM	0	-1440	-1468	-1069	-3329	0
PM0000468	BH-NM	0	0	0	-6362	-9777	0
RM0000009	BH-PF	1	1	1	1	0	0
FG0000382	BH-EC	-21992	-21643	-5057	-5057	-5037	0
FG0000142	BH-EC	-29	-40	0	0	-317	0
PM0000836	BH-BS	-1157	-1157	-1157	-1157	-1157	0
PM0000836	BH-PC	2	2	2	2	2	0
PM0000899	BH-PC	0	0	0	0	0	0
PM0000153	BH-BS	-130	-130	-130	-173	-170	0
PM0000153	BH-PC	2	2	2	2	2	0
PM0000401	GP-NM	-4224	-4224	-4224	-3552	-3552	0
PM0000401	BH-BS	0	0	0	-672	0	0
PM0000128	GP-PM	-2140	-2140	-1640	-1640	-1640	0
PM0000128	BH-BS	0	-27	-33	-33	-33	0
PM0000094	BH-NM	0	0	0	0	0	0
PM0000058	BH-JW	0	0	0	-15930	-983	0
PM0000058	BH-WST	1068	1068	1068	1068	1068	0
PM0000865	BH-JW	0	0	0	-23740	-1523	0
PM0000865	BH-WST	1523	1523	1523	1523	1523	0
PM0000866	BH-JW	0	0	0	-23740	-1523	0
PM0000866	BH-WST	1523	1523	1523	1523	1523	0
PM0000235	BH-JW	0	0	0	-12500	-983	0
PM0000507	BH-JW	0	0	0	-521.43	-44.43	0
PM0000507	BH-WST	228.18	228.18	228.18	228.18	128.18	0
PM0000057	BH-PM	0	0	0	0	0	0
PM0000891	BH-WST	61.7	61.7	61.7	61.7	34.27	0
PM0000357	BH-WST	57	57	57	57	57	0
PM0000836	BH-WST	3	3	3	3	3	0
FA0000306	DL-FA	1	1	1	1	0	0
PM0000522	BH-BS	0	0	0	-11500	-100	0
FG0000227	BH-EC	-2931	-26	0	0	0	0
FG0000344	BH-EC	-295	-295	-285	-285	-285	0
PM0000307	BH-BS	-10000	0	0	-5000	-5000	0
PM0000308	BH-BS	-10000	0	0	-5000	-5000	0
PM0000886	BH-BS	0	0	0	-32800	-12800	0
PM0000046	BH-BS	-15024	-18624	-15924	-11024	-6657	0
PM0000193	BH-BS	-25000	-15000	-25000	-17685	-39983	0
PM0000269	BH-PC	958	-10	-10	-8	-8	0
PM0000240	BH-PC	16.5	-2.5	-2.5	-2	-2	0
RM0000047	BH-PC	929	-10	-10	-8	-8	0
FG0000224	BH-PF	0	-2	-2	0	0	0
PM0000187	BH-PM	4500	11500	10000	14000	7000	0
PM0000187	BH-BS	0	0	-3500	-7500	0	0
PM0000054	BH-BS	-85198	-8459	-38218	0	0	0
RM0000053	BH-PC	2	2	-996	-996	-996	0
FG0000352	BH-PF	914	914	914	912	912	0
PM0000125	BH-PC	41306	42027	42257	42257	42257	-1
PM0000126	BH-BS	-8400	-8400	-8400	-8400	-8400	0
PM0000126	BH-PC	26642	26642	26642	26642	26642	0
PM0000284	BH-BS	-92	-92	-96	-96	-96	0
PM0000284	BH-PC	8	49	40	40	40	0
PM0000632	BH-PM	26	-4604	-1324	-114	966	0
FG0000161	BH-EC	-1588	-3	0	0	0	0
FG0000373	BH-PF	0	0	0	0	0	0
RM0000039	BH-GR	29.19	29.19	29.19	29.19	29.19	0
RM0000006	BH-GR	2457.83	2285.83	2285.83	2285.83	2285.83	0
PM0000584	BH-BS	-101490	-101490	-45098	-6122	-5094	0
PM0000584	BH-NM	0	0	0	0	-1028	0
FG0000045	BH-EC	-1967	-1967	-67	-67	-67	0
SC0000079	BH-EC	0	0	-492	-492	-492	0
FG0000083	BH-GR	0	15	-49	-48	-48	0
FG0000283	BH-WST	0	0	0	0	0	0
FA0000391	BH-FA	4	4	4	4	4	0
PM0000506	BH-NM	0	0	0	-28931	-28931	0
FG0000003	BH-GR	0	0	0	-24	-54	0
FG0000047	BH-GR	-7	-35	-35	-78	-145	0
FG0000389	BH-PF	5167	5167	5167	5167	5167	-4
FG0000221	BH-EC	0	0	-9	-9	-9	0
FG0000146	BH-GR	4	10	9	7	7	0
FG0000389	GP-FG	-4000	-3911	-15124	-4721	-661	0
FG0000004	BH-LR	-66	-14	-14	-14	-14	0
FG0000008	BH-LR	-1178	-10	-43	-44	-44	0
FG0000009	BH-LR	-298	0	-1	-1	-1	0
FG0000028	BH-LR	-15	0	-1	-1	-1	0
FG0000042	BH-LR	-35	-77	-6	-6	-6	0
FG0000053	BH-LR	-254	0	-153	-153	-153	0
FG0000064	BH-LR	-114	-22	-20	-25	-25	0
FG0000074	BH-LR	-403	-14	-4	-6	-6	0
FG0000114	BH-LR	-539	-8	-8	-8	-8	0
FG0000143	BH-LR	-137	-69	-69	-69	-69	0
FG0000192	BH-LR	-654	-22	-31	-34	-34	0
FG0000223	BH-LR	-309	-247	-118	-118	-118	0
FG0000128	BH-LR	-329	-310	-304	-305	-305	0
FG0000085	BH-LR	-7	-7	-7	-7	-7	0
PM0000125	BH-WST	168	159	168	168	168	0
PM0000126	BH-WST	174	174	174	174	174	0
PM0000535	BH-PM	-17050	-5050	6950	3452	6450	0
PM0000046	BH-PM	-24942	-942	-13842	-17342	-8342	5108
PM0000825	BH-PM	-1075	375	-8471	-5049	-5055	0
PM0000245	BH-BS	0	0	0	0	0	0
FG0000023	BH-GR	0	0	0	-3	-10	0
FG0000033	BH-GR	-10	0	0	-33	-95	0
PM0000868	BH-BS	0	-224	-224	-424	-411	0
PM0000868	BH-PC	2022	1984	1989	1989	1989	0
PM0000245	BH-PC	485	485	485	485	485	-5
PM0000076	GP-FG	196	196	196	146	-5	0
PM0000824	BH-PM	162000	178000	138000	-14200	-14200	0
FG0000083	GP-FG	-3	-6	-6	-4	-4	0
FG0000082	GP-FG	-12	-12	-11	-11	-11	0
FG0000082	BH-PF	-778	-5	11	11	11	0
PM0000887	BH-BS	0	0	0	-52	-18	0
PM0000887	BH-PC	110	110	110	110	85	0
FG0000328	BH-PF	-6	-6	0	0	-5	0
FG0000367	BH-PF	0	-8	-8	-8	-8	0
FG0000447	BH-PF	0	0	0	0	0	0
PM0000128	BH-PM	4933	5233	5093	5093	5093	0
FA0000020	BH-FA	11	11	11	5	5	0
PM0000632	BH-BS	-217.01	0	-580	-413	-27	0
PM0000395	BH-BS	0	0	-712	-2642	0	0
PM0000632	BH-PC	100.25	-38.75	89	14	36	0
PM0000395	BH-PC	13	11	-1	-15	-1	0
PM0000523	BH-PM	-10000	0	0	-6000	0	0
PM0000522	BH-PM	-10000	0	0	-6000	0	0
PM0000159	BH-PM	-3100	-10000	-5000	-18300	-11500	0
PM0000158	BH-PM	-3100	-10000	-5000	-18300	-11500	0
PM0000900	BH-PM	51000	51000	51000	51000	51000	0
PM0000901	BH-PM	51000	51000	51000	51000	51000	0
PM0000865	BH-PM	44800	44800	44800	44800	44800	0
PM0000866	BH-PM	44800	44800	44800	44800	44800	0
PM0000420	BH-PM	29500	29500	29500	29500	29500	0
PM0000419	BH-PM	29500	29500	29500	29500	29500	0
PM0000902	BH-PM	29500	29500	29500	29500	29500	0
PM0000903	BH-PM	29500	29500	29500	29500	29500	0
PM0000904	BH-PM	27000	27000	27000	27000	27000	0
PM0000905	BH-PM	27000	27000	27000	27000	27000	0
PM0000906	BH-PM	0	0	0	0	0	0
PM0000907	BH-PM	0	0	0	0	0	0
PM0000910	BH-PM	0	0	0	0	0	0
PM0000911	BH-PM	0	0	0	0	0	0
PM0000127	BH-PM	0	0	0	0	0	0
PM0000126	BH-PM	0	0	0	0	0	0
PM0000908	BH-PM	0	0	0	0	0	0
PM0000909	BH-PM	0	0	0	0	0	0
PM0000127	BH-BS	0	0	0	0	0	0
FG0000382	BH-SC	5036	5036	5036	5036	5036	0
FG0000283	BH-SC	142	142	142	142	142	0
FG0000318	BH-EC	-9	-9	-144	-24	-24	0
FG0000318	BH-SC	24	24	24	24	24	0
FG0000197	BH-EC	0	0	-7	-7	-7	0
FG0000197	BH-SC	7	7	7	7	7	0
FG0000221	BH-SC	155	155	7	7	7	0
PM0000466	BH-WST	885	880	885	90	290	0
PM0000535	BH-WST	2410.8	2230.8	2348.8	1603.8	1288	15
PM0000046	BH-WST	-55	-245	-132	-997	10	-1605
PM0000395	BH-WST	691	685	720	674	672	0
PM0000825	BH-WST	282.15	242.15	307.15	275.55	228.55	0
PM0000835	BH-PC	2	10	7	6	4	0
PM0000835	BH-WST	9	1	13	6	2	0
FG0000143	BH-EC	-24	-250	0	0	0	0
PM0000523	BH-BS	0	0	0	-11500	0	0
PM0000260	BH-PM	-1470	-1469	-1469	-1469	-1469	0
PM0000260	BH-BS	0	-1	-1	0	0	0
PM0000785	BH-PM	-26000	-26000	-15000	-15000	-15000	0
PM0000785	BH-BS	0	0	-5000	-5300	-5300	0
PM0000784	BH-PM	-26000	-26000	-15000	-15000	-15000	0
PM0000784	BH-BS	0	0	-5000	-5300	-5300	0
PM0000127	BH-PC	18416	18416	18416	18416	18416	0
PM0000401	BH-PC	7	7	7	7	7	0
FG0000243	PB-ST	0	0	0	0	0	0
FG0000015	BH-GR	-5	-1	-101	-104	-110	0
FG0000243	BH-INT	0	-380	0	0	0	0
PM0000517	BH-NM	0	0	0	0	-1217	0
FG0000443	BH-PF	0	0	0	0	0	0
FG0000150	BH-GR	-17	-62	-752	-909	-1099	0
FG0000147	BH-GR	-71	0	-10	-10	-16	0
PM0000260	BH-PC	0	0	0	0	0	-20
PM0000784	BH-PC	12543	12543	12002	12302	12302	0
PM0000785	BH-PC	12528	12528	11987	12287	12287	0
PM0000056	BH-PM	0	0	0	0	0	0
FG0000152	BH-PF	0	0	0	0	0	0
FG0000038	BH-GR	-1447	-1084	-1466	-1606	-1662	0
FG0000012	BH-GR	-4	0	-48	-48	-109	0
FG0000404	BH-GR	0	0	0	0	0	0
FG0000152	GP-FG	0	0	0	0	0	0
FG0000185	BH-EC	-300	-973	-982	-982	-982	0
FG0000185	BH-SC	0	0	0	0	0	0
FG0000186	BH-EC	-128	-128	-128	-128	-128	0
FG0000186	BH-SC	0	0	0	0	0	0
FG0000183	BH-EC	-520	-829	-839	-839	-839	0
FG0000183	BH-SC	0	0	0	0	0	0
FG0000184	BH-EC	-492	-492	-492	-492	-492	0
FG0000184	BH-SC	0	0	0	0	0	0
FG0000362	BH-EC	-30	-30	-30	-30	-30	0
FG0000362	BH-SC	0	0	0	0	0	0
FG0000312	BH-EC	-376	-376	-376	-376	-17	0
FG0000312	BH-SC	0	0	0	0	0	0
FG0000332	BH-EC	-32	-32	-32	-32	-32	0
FG0000332	BH-SC	0	0	0	0	0	0
FG0000334	BH-EC	-16	-16	-16	-16	-4	0
FG0000334	BH-SC	0	0	0	0	0	0
FG0000187	BH-EC	0	0	-10	-10	-10	0
FG0000187	BH-SC	0	0	0	0	0	0
PM0000825	BH-EC	0	0	-20	-20	-20	0
PM0000825	BH-SC	0	0	0	0	0	0
PM0000246	BH-EC	0	0	0	-36	-36	0
PM0000246	BH-SC	0	0	0	0	0	0
PM0000276	BH-EC	-240	-240	-240	-240	-240	0
PM0000276	BH-SC	0	0	0	0	0	0
FG0000344	BH-SC	0	0	0	-40	0	0
FG0000029	BH-EC	-60	-60	-60	-60	-60	0
FG0000029	BH-SC	0	0	0	0	0	0
FG0000352	BH-EC	-528	-518	-10	-10	-10	0
FG0000352	BH-SC	0	0	0	0	0	0
PM0000071	BH-EC	0	0	0	0	-7000	0
PM0000071	BH-SC	0	0	0	0	0	0
FG0000189	BH-EC	-576	-566	-10	-10	-10	0
FG0000189	BH-SC	0	0	0	0	0	0
FG0000088	BH-SC	0	0	0	0	0	0
FG0000047	BH-EC	-10	-10	-238	-238	-238	0
FG0000047	BH-SC	0	0	0	0	0	0
FG0000142	BH-SC	0	0	0	0	0	0
FG0000081	BH-SC	0	0	0	0	0	0
FG0000064	BH-EC	-3768	-9	0	-10	-10	0
FG0000064	BH-SC	0	0	0	0	0	0
FG0000149	BH-EC	-2347	-5	-14	-14	-14	0
FG0000149	BH-SC	0	0	0	0	0	0
FG0000038	BH-EC	-454	-4	-4	-4	-4	0
FG0000038	BH-SC	0	0	0	0	0	0
FG0000114	BH-EC	-26	-1586	-40	-40	-40	0
FG0000114	BH-SC	0	0	0	0	0	0
FG0000021	BH-SC	0	0	0	0	0	0
FG0000020	BH-EC	-5	-5	-5	-5	-5	0
FG0000020	BH-SC	0	0	0	0	0	0
FG0000232	BH-EC	-282	-4	0	-33	-33	0
FG0000232	BH-SC	0	0	0	0	0	0
FG0000194	BH-SC	0	0	0	0	0	0
FG0000374	BH-EC	-47	-5	-3	0	-100	0
FG0000374	BH-SC	0	0	0	0	0	0
PM0000722	BH-WST	48.9	43.9	48.9	23.9	30.9	0
PM0000401	BH-WST	38	38	38	38	38	0
PM0000629	BH-WST	630	630	630	630	630	0
PM0000784	BH-WST	203	203	52	52	52	0
PM0000785	BH-WST	218	218	67	67	67	0
PM0000409	BH-WST	12.4	2.4	32.82	32.82	32.82	0
FG0000388	BH-SC	159	159	-21	-21	-1	0
PM0000900	BH-BS	0	0	0	0	0	0
PM0000901	BH-BS	0	0	0	0	0	0
PM0000031	BH-PM	0	0	0	0	-4580	0
PM0000031	BH-BS	-2690	-865	-818	-3492	0	0
RM0000013	BH-GJ	0	0	0	0	0	0
RM0000040	BH-LO	-3	-3	0	0	0	0
RM0000040	BH-PC	23	23	62	62	62	-100
FG0000232	BH-PF	0	0	0	0	0	-75
FG0000232	GP-FG	0	0	-33	0	0	0
PM0000074	BH-SDL	13000	13000	7000	7000	3500	0
PM0000247	BH-PC	142.13	132.13	-85.88	-214.88	16.13	0
FG0000408	BH-PF	0	0	0	0	-441	0
FG0000035	BH-PF	984	984	984	984	984	0
FG0000175	BH-EC	-147	-147	-147	-147	-147	0
FG0000175	BH-PF	147	147	147	147	147	0
FG0000069	BH-EC	-51	-51	-51	-51	-51	0
FG0000069	BH-PF	1	1	1	1	1	-30
FG0000023	BH-EC	-50	-50	-10	-10	-10	0
FG0000023	BH-PF	7	-179	7	-383	7	0
FG0000409	BH-EC	0	0	-4900	0	-175	0
FG0000409	BH-PF	175	175	175	175	175	0
FG0000275	BH-EC	-40	-40	-20	-20	-1	0
FG0000133	BH-EC	-40	-40	-40	-40	-40	0
FG0000133	BH-PF	1	1	1	1	1	-39
FG0000039	BH-EC	-637	-513	-60	-60	-60	0
FG0000039	BH-PF	60	60	60	60	60	0
FG0000155	BH-EC	0	0	0	0	-100	0
FG0000155	BH-PF	290	290	290	-821	-300	0
FG0000014	BH-EC	-192	-192	-192	-192	-192	0
FG0000014	BH-PF	0	0	0	0	0	-192
FG0000295	BH-PF	265	265	265	265	265	0
FG0000148	BH-EC	-660	-650	-659	-659	-659	0
FG0000148	BH-PF	0	0	0	0	0	0
FG0000045	BH-PF	66	66	66	66	66	1
FB0000011	BH-EC	-160	-160	-160	-160	-160	0
FB0000011	BH-PF	160	160	160	160	160	0
FG0000306	BH-EC	-782	-358	-7	-7	-107	0
FG0000193	BH-EC	-2434	-1182	-92	-92	-92	0
FG0000193	BH-PF	101	101	101	101	101	0
FG0000023	BH-SC	0	0	0	0	0	0
FG0000069	BH-SC	0	0	0	0	0	0
FG0000148	BH-SC	0	0	0	0	0	0
FG0000161	BH-SC	0	0	0	0	0	0
FG0000193	BH-SC	0	0	0	0	0	0
FG0000389	BH-SC	0	0	0	0	0	0
PM0000003	BH-EC	0	0	-15	-30	-10	0
PM0000003	BH-SC	0	0	0	0	0	0
PM0000005	BH-EC	0	0	-70	-170	-240	0
PM0000005	BH-SC	0	0	0	0	0	0
PM0000013	BH-EC	0	0	-20	-20	-20	0
PM0000013	BH-SC	0	0	0	0	0	0
PM0000082	BH-EC	0	0	-20	-20	-20	0
PM0000082	BH-SC	0	0	0	0	0	0
PM0000249	BH-EC	-660	-660	-660	-660	-660	0
PM0000249	BH-SC	0	0	0	0	0	0
PM0000657	BH-EC	0	0	-15	-15	-15	0
PM0000657	BH-SC	0	0	0	0	0	0
PM0000909	BH-BS	0	0	0	0	0	0
PM0000908	BH-BS	0	0	0	0	0	0
SF0000009	BH-GJ	0	0	0	0	0	0
FA0000127	BH-FA	179	179	179	179	179	0
PM0000909	BH-PC	17824	17824	17824	17824	17824	0
PM0000908	BH-PC	17824	17824	17824	17824	17824	0
FG0000142	BH-BT	3082	3082	3082	3082	3082	0
FG0000081	BH-BT	1164	1164	1164	1164	1164	1149
FG0000226	BH-BT	2072	2072	2072	2072	2072	104
PM0000662	BH-NM	0	0	0	-15000	-15000	0
PM0000662	BH-PC	17	17	17	17	17	0
SF0000009	BH-LO	3249	3249	3249	3249	1749	0
FG0000039	GP-FG	-1610	-1610	-1610	-1370	-1370	0
FG0000149	GP-FG	-41	-1	-1966	-1685	-1083	0
FG0000114	GP-FG	-7	-7	-7	-6	-6	0
FG0000064	GP-FG	-3637	-30	-410	-819	-219	0
FG0000408	GP-FG	0	-10680	-10680	-2540	-2086	0
PM0000901	BH-PC	23250	23250	23250	23250	23250	0
PM0000900	BH-PC	23230	23230	23230	23230	23230	0
PM0000885	BH-BS	0	0	0	-34500	-14500	0
PM0000864	BH-PM	22500	-84500	-105900	-55900	-50000	0
PM0000886	BH-PM	20000	20000	20000	20000	-62000	0
PM0000885	BH-PM	20000	20000	20000	20000	-62000	0
PM0000885	BH-WST	1670	1670	1670	720	120	0
PM0000886	BH-WST	2180	2180	2180	780	130	0
PM0000890	BH-WST	27	27	27	27	10	0
FG0000151	BH-BT	3704	3704	3704	3704	3704	4
FG0000150	BH-BT	10228	10228	10228	10228	10228	12
FG0000004	BH-BT	97	97	97	97	97	0
FG0000032	BH-BT	29910	29910	29910	29910	29910	0
FG0000028	BH-BT	16674	16674	16674	16674	16674	686
FG0000227	BH-BT	5847	5847	5847	5847	5847	0
PM0000887	BH-PM	0	0	0	0	0	0
PM0000823	BH-NM	0	-380200	-380197	-380197	-380197	0
PM0000823	BH-PM	0	51200	51200	51200	51200	0
RM0000002	BH-GR	15698.16	14774.16	14329.16	15265.16	15265.16	0
PM0000053	BH-GR	0	-379	0	0	0	0
PM0000468	BH-GR	0	-28	0	0	0	0
PM0000046	BH-GR	0	-6	0	0	0	0
PM0000045	BH-GR	0	-6	0	0	0	0
PM0000094	BH-GR	0	-341	0	0	0	0
PM0000013	BH-GR	0	-46	0	-7.5	-7.5	0
PM0000075	BH-GR	0.41	-467.12	0.4	0.4	0.4	0
PM0000068	BH-GR	0	0	0	0	0	0
FG0000002	BH-GR	0	0	-36	-36	-36	0
PM0000884	BH-GR	0.01	0.01	0.01	0.01	0.01	0
PM0000193	BH-GR	0	-7	0	0	0	0
PM0000535	BH-GR	0	0	0	0	0	0
RM0000001	BH-GR	27788.61	27348.18	27348.18	27595.02	27595.02	0
PM0000121	BH-GR	0	-327	0	-3153	-3153	0
PM0000018	BH-GR	0	-83	0	0	0	0
PM0000017	BH-GR	0	-83	0	0	0	0
PM0000060	BH-GR	0	-239	0	-181	-181	0
PM0000003	BH-GR	0.01	-14.56	0	-56.02	-56.02	0
PM0000080	BH-GR	0	-14	0	0	0	0
PM0000082	BH-GR	0	-4	0	-12	-12	0
PM0000078	BH-GR	0	-68	-1652	-2284	-2284	0
FG0000185	BH-BT	982	982	982	982	982	0
FG0000186	BH-BT	128	128	128	128	128	0
FG0000183	BH-BT	839	839	839	839	839	0
FG0000184	BH-BT	492	492	492	492	492	0
FG0000362	BH-BT	30	30	30	30	30	0
FG0000312	BH-BT	17	17	17	17	17	0
FG0000332	BH-BT	32	32	32	32	32	0
FG0000334	BH-BT	4	4	4	4	4	0
FG0000187	BH-BT	10	10	10	10	10	0
PM0000825	BH-BT	110	110	110	110	110	0
PM0000246	BH-BT	36	36	36	36	36	0
PM0000276	BH-BT	240	240	240	240	240	0
FG0000344	BH-BT	282	282	282	282	282	0
FG0000029	BH-BT	60	60	60	60	60	0
FG0000352	BH-BT	10	10	10	10	10	0
PM0000071	BH-BT	7000	7000	7000	7000	7000	0
FG0000189	BH-BT	10	10	10	10	10	0
FG0000088	BH-BT	0	0	0	0	0	0
FG0000047	BH-BT	0	0	0	0	0	0
FG0000064	BH-BT	1599	1599	1599	1599	1599	0
FG0000149	BH-BT	14	14	14	14	14	0
FG0000038	BH-BT	1524	1524	1524	1524	1524	0
FG0000114	BH-BT	20	20	20	20	20	0
FG0000021	BH-BT	60	60	60	60	60	2
FG0000020	BH-BT	5	5	5	5	5	0
FG0000232	BH-BT	128	128	128	128	128	95
FG0000194	BH-BT	1528	1528	1528	1528	1528	1526
FG0000374	BH-BT	4	4	4	4	4	0
FG0000023	BH-BT	3	3	3	3	3	0
FG0000069	BH-BT	50	50	50	50	50	30
FG0000148	BH-BT	659	659	659	659	659	0
FG0000161	BH-BT	23	23	23	23	23	0
FG0000193	BH-BT	76	76	76	76	76	0
FG0000389	BH-BT	18	18	18	18	18	4
PM0000003	BH-BT	10	10	10	10	10	0
PM0000005	BH-BT	190	190	190	190	190	0
PM0000013	BH-BT	45	45	45	45	45	0
PM0000082	BH-BT	20	20	20	20	20	0
PM0000249	BH-BT	660	660	660	660	660	0
PM0000657	BH-BT	15	15	15	15	15	0
PM0000077	BH-GR	0	-2	0	0	0	0
RM0000003	BH-GR	66687.6	60278.28	60278.28	62524.28	62524.28	0
PM0000469	BH-GR	0	-364	0	0	0	0
PM0000048	BH-GR	0	-115	0	-16	-16	0
PM0000047	BH-GR	0	-115	0	-37	-37	0
FG0000441	GP-FG	0	0	0	0	0	0
FG0000005	BH-BT	0	0	0	0	0	0
FG0000106	BH-BT	274	274	274	274	274	0
FG0000143	BH-BT	519	519	519	519	519	0
FG0000441	BH-BT	0	0	0	0	0	0
FG0000379	BH-BT	97	97	97	97	97	0
FG0000418	BH-BT	5296	5296	5296	5296	5296	0
FG0000407	BH-BT	563	563	563	563	563	0
FG0000011	BH-BT	8577	8577	8577	8577	8577	0
FG0000039	BH-BT	294	294	294	294	294	0
FG0000074	BH-BT	177	177	177	177	177	0
FG0000009	BH-BT	1967	1967	1967	1967	1967	0
FG0000053	BH-BT	6587	6587	6587	6587	6587	0
FG0000349	BH-BT	2778	2778	2778	2778	2778	0
FG0000155	BH-BT	420	420	420	420	420	0
FG0000008	BH-BT	65	65	65	65	65	0
FG0000045	BH-BT	1900	1900	1900	1900	1900	0
FG0000386	BH-BT	0	0	0	0	0	0
FG0000136	BH-BT	4555	4555	4555	4555	4555	0
FG0000030	BH-BT	57	57	57	57	57	0
FG0000372	BH-BT	28	28	28	28	28	0
PM0000470	BH-GR	0	-73	0	0	0	0
PM0000050	BH-GR	0	-4	0	0	0	0
PM0000049	BH-GR	0	-4	0	0	0	0
FG0000002	BH-BT	20	20	20	20	20	0
FG0000018	BH-BT	58	58	58	58	58	0
FG0000035	BH-BT	0	0	0	0	0	0
FG0000123	BH-BT	960	960	960	960	960	0
FG0000138	BH-BT	33	33	33	33	33	0
FG0000319	BH-BT	2897	2897	2897	2897	2897	0
FG0000282	BH-BT	1578	1578	1578	1578	1578	58
FG0000433	BH-BT	0	0	0	0	0	0
FG0000440	BH-BT	0	0	0	0	0	0
FG0000408	BH-BT	3720	3720	3720	3720	3720	0
FG0000443	BH-BT	95	95	95	95	95	0
FG0000419	BH-BT	0	0	0	0	0	0
FG0000373	BH-BT	0	0	0	0	0	0
FG0000320	BH-BT	33	33	33	33	33	0
FG0000141	BH-BT	273	273	273	273	273	0
FG0000417	BH-BT	3	3	3	3	3	0
FG0000306	BH-BT	222	222	222	222	222	63
FG0000192	BH-BT	3	3	3	3	3	0
FG0000140	BH-BT	221	221	221	221	221	0
FG0000042	BH-BT	1862	1862	1862	1862	1862	11
FG0000434	BH-BT	0	0	0	0	0	0
FG0000295	BH-BT	21	21	21	21	21	0
PM0000076	BH-GR	0	-15	-1658	-2290	-2290	0
PM0000031	BH-GR	0	-6	0	0	0	0
PM0000008	BH-GR	0	-6	0	0	0	0
PM0000072	BH-GR	0	-6	0	0	0	0
PM0000012	BH-GR	0	-2	0	0	0	0
PM0000194	BH-GR	0	-229	0	-2440	-2440	0
PM0000079	BH-GR	0	-260	0	-351	-351	0
PM0000015	BH-GR	0	-178	0	-1956	-1956	0
PM0000014	BH-GR	0	-178	0	-1989	-1989	0
PM0000074	BH-GR	0.01	-119.03	0	-17.83	-17.83	0
FG0000018	BH-GR	0	0	-22	-41	-41	0
PM0000471	BH-GR	0	0	0	0	0	0
PM0000052	BH-GR	0	0	0	0	0	0
PM0000051	BH-GR	0	0	0	0	0	0
PM0000335	BH-GR	0	0	0	0	0	0
PM0000765	BH-GR	0	0	0	0	0	0
FG0000020	BH-GR	0	0	-1	-1	-1	0
PM0000005	BH-GR	0	-47.42	0	-458.71	-458.71	0
PM0000130	BH-GR	0	-0.3	0	0	0	0
PM0000029	BH-GR	0	-7	0	0	0	0
PM0000629	BH-GR	0	-9	0	0	0	0
PM0000660	BH-GR	0.01	-0.07	0	0	0	0
FG0000026	BH-GR	-7	0	-71	-91	-107	0
PM0000506	BH-GR	0	-560	0	-452	-452	0
PM0000107	BH-GR	0	-71	0	-257	-257	0
PM0000108	BH-GR	0	-71	0	-93	-93	0
PM0000057	BH-GR	0	-388	0	-17	-17	0
PM0000059	BH-GR	0	0	0	0	0	0
PM0000039	BH-GR	0	0	0	0	0	0
PM0000038	BH-GR	0	0	0	0	0	0
PM0000009	BH-GR	0	-38.8	0	0	0	0
FG0000029	BH-GR	2	2	-108	-108	-321	0
PM0000851	BH-GR	0	-3386	0	0	0	0
PM0000235	BH-GR	0	-3890	0	-294	-294	0
PM0000020	BH-GR	0	-3370	0	0	0	0
PM0000019	BH-GR	0	-3370	0	0	0	0
PM0000411	BH-GR	0	-169.3	0	0	0	0
PM0000567	BH-GR	0	0	0	0	0	0
PM0000023	BH-GR	0	0	0	0	0	0
PM0000022	BH-GR	0	0	0	0	0	0
FG0000031	BH-GR	0	0	-1854	-1854	-2224	0
PM0000006	BH-GR	0	-11.45	0	0	0	0
PM0000090	BH-PM	16700	16700	25000	-10200	-10200	5000
PM0000090	BH-BS	-7500	-7500	0	-10000	0	0
PM0000091	BH-PM	16700	16700	25000	-10200	-10200	5000
PM0000091	BH-BS	-7500	-7500	0	-10000	0	0
PM0000071	BH-GR	0	-10	0	0	0	0
PM0000224	BH-GR	0	-10	0	0	0	0
PM0000085	BH-GR	0	-378	0	-487	-487	0
PM0000036	BH-GR	0	-378	0	0	0	0
PM0000035	BH-GR	0	-378	0	0	0	0
PM0000159	BH-GR	0	0	0	0	0	0
PM0000158	BH-GR	0	0	0	0	0	0
PM0000195	BH-GR	0	0	0	0	0	0
PM0000113	BH-GR	0	-7	0	0	0	0
PM0000118	BH-GR	0	-7	0	0	0	0
PM0000117	BH-GR	0	-7	0	0	0	0
PM0000187	BH-GR	0	-287	0	0	0	0
PM0000182	BH-GR	0	-1.17	0	0	0	0
FG0000191	BH-PF	-7	-7	1	1	1	0
FG0000320	BH-PF	1	1	1	1	1	0
FG0000085	BH-PF	2	2	2	2	2	0
FG0000149	BH-PF	5	5	5	5	5	0
FG0000137	BH-PF	7	7	7	7	7	0
FG0000267	BH-PF	7	7	7	7	7	0
FG0000141	BH-PF	11	11	11	11	11	0
FG0000264	BH-PF	12	12	12	12	12	0
FG0000417	BH-PF	12	12	12	12	12	0
FG0000140	BH-PF	40	40	40	40	40	0
FG0000370	BH-PF	2	2	2	2	2	-79
FG0000064	BH-PF	108	108	108	108	108	0
FG0000434	BH-PF	152	152	152	152	152	0
FG0000128	BH-PF	266	266	266	266	266	-35
RM0000009	BH-GR	9931.22	9623.22	9623.22	8064.91	8064.91	0
PM0000233	BH-GR	0	-12	0	0	0	0
PM0000232	BH-GR	0	-12	0	0	0	0
PM0000228	BH-GR	383	103	383	383	383	0
PM0000227	BH-GR	0	-2	0	0	0	0
PM0000226	BH-GR	0	-2	0	0	0	0
PM0000229	BH-GR	0	-56	0	0	0	0
FG0000054	BH-GR	0	0	-4	-4	-4	0
PM0000062	BH-GR	0	-224	0	0	0	0
PM0000225	BH-GR	0	0	0	0	0	0
FG0000059	BH-GR	0	0	-50	-137	-137	0
PM0000251	BH-GR	0	-2	0	0	0	0
PM0000091	BH-GR	0	-2	0	0	0	0
PM0000090	BH-GR	0	-2	0	0	0	0
PM0000254	BH-GR	0	-0.2	0	0	0	0
FG0000064	BH-GR	8	0	-157	-135	-135	0
FG0000069	BH-GR	0	0	-21	-21	-21	0
PM0000266	BH-GR	0	0	0	0	0	0
PM0000265	BH-GR	0	0	0	0	0	0
PM0000259	BH-GR	0	0	0	0	0	0
PM0000424	BH-GR	0	0	0	0	0	0
FG0000074	BH-GR	0	-16	-548	-603	-577	0
PM0000230	BH-GR	0	-20	0	-983	-983	0
PM0000231	BH-GR	0	-20	0	-776	-776	0
PM0000273	BH-GR	0	0	0	0	0	0
PM0000275	BH-GR	0	-15	0	0	0	0
PM0000280	BH-GR	0	0	0	0	0	0
PM0000162	BH-GR	0	-15	0	0	0	0
PM0000278	BH-GR	0	0	0	0	0	0
PM0000282	BH-GR	0	0	0	0	0	0
PM0000285	BH-GR	0	0	0	0	0	0
FG0000082	BH-GR	0	0	-4	-4	-4	0
PM0000274	BH-GR	0	-15	0	0	0	0
PM0000281	BH-GR	0	-15	0	0	0	0
PM0000279	BH-GR	0	-15	0	0	0	0
PM0000283	BH-GR	0	-15	0	0	0	0
PM0000284	BH-GR	0	-1.66	0	0	0	0
RM0000025	BH-GR	6418.79	5992.55	5992.55	6418.55	6418.55	0
PM0000357	BH-GR	0	0	0	0	0	0
PM0000289	BH-GR	0	-15	0	0	0	0
PM0000288	BH-GR	0	-15	0	0	0	0
FG0000085	BH-GR	0	0	-15	-20	-20	0
FG0000088	BH-GR	0	0	-33	-33	-33	0
PM0000056	BH-GR	0	-20	0	0	0	0
PM0000394	BH-GR	0	-20	0	0	0	0
PM0000218	BH-GR	0	0	0	0	0	0
PM0000219	BH-GR	0	0	0	0	0	0
PM0000729	BH-GR	0	-20	0	0	0	0
PM0000588	BH-GR	0	0	0	-16	-16	0
FG0000104	BH-GR	0	-1	-1	-1	-1	0
PM0000309	BH-GR	0.01	-1.69	0.01	0.01	0.01	0
PM0000155	BH-GR	0	-3	0	0	0	0
PM0000333	BH-GR	0	-3	0	0	0	0
PM0000347	BH-GR	0	-3	0	0	0	0
PM0000348	BH-GR	0	-3	0	0	0	0
PM0000663	BH-GR	0	-3	0	0	0	0
PM0000656	BH-GR	0	-3	0	0	0	0
PM0000658	BH-GR	0	-0.75	0	0	0	0
PM0000349	BH-GR	0	0	0	0	0	0
PM0000350	BH-GR	0	0	0	0	0	0
FG0000114	BH-GR	0	0	-554	-554	-554	0
RM0000037	BH-GR	160	80	80	80	80	0
PM0000344	BH-GR	0	-80	0	0	0	0
PM0000345	BH-GR	0	-80	0	0	0	0
PM0000026	BH-GR	0	-20	0	-130	-130	0
PM0000025	BH-GR	0	-20	0	-130	-130	0
FG0000123	BH-GR	0	-12	-12	-12	-12	0
RM0000021	BH-GR	1123	1067	1067	1117	1117	0
PM0000358	BH-GR	0	-8	0	-3	-3	0
PM0000359	BH-GR	0	-8	0	0	0	0
PM0000360	BH-GR	0	-8	0	0	0	0
FG0000128	BH-GR	-8	-11	-94	-113	-128	0
FG0000131	BH-GR	0	0	-1	-1	-1	0
PM0000584	BH-GR	0	-86	0	0	0	0
PM0000366	BH-GR	0	0	0	0	0	0
PM0000365	BH-GR	0	0	0	0	0	0
PM0000634	BH-GR	0	-4.3	0	0	0	0
FG0000134	BH-GR	0	0	-1500	-1500	-1500	0
PM0000662	BH-GR	0	0	0	0	0	0
PM0000084	BH-GR	0	0	0	0	0	0
PM0000368	BH-GR	0	0	0	0	0	0
PM0000367	BH-GR	0	0	0	0	0	0
PM0000245	BH-GR	0	0	0	0	0	0
FG0000135	BH-GR	0	0	-3	-3	-3	0
PM0000370	BH-GR	0	0	0	0	0	0
PM0000369	BH-GR	0	0	0	0	0	0
PM0000819	BH-GR	0	-28	0	-15.95	-15.95	0
FG0000136	BH-GR	0	0	-3	-25	-25	0
PM0000372	BH-GR	0	0	0	0	0	0
PM0000371	BH-GR	0	0	0	0	0	0
FG0000137	BH-GR	0	0	-6	-8	-8	0
PM0000374	BH-GR	0	0	0	0	0	0
PM0000373	BH-GR	0	0	0	0	0	0
FG0000138	BH-GR	0	0	-400	-400	-400	0
PM0000407	BH-GR	0	-102	0	0	0	0
PM0000376	BH-GR	0	0	0	0	0	0
PM0000375	BH-GR	0	0	0	0	0	0
FG0000139	BH-GR	0	0	-797	-797	-797	0
PM0000378	BH-GR	0	-6	0	0	0	0
PM0000377	BH-GR	0	-6	0	0	0	0
FG0000140	BH-GR	-6	0	-124	-134	-134	0
PM0000379	BH-GR	0	0	0	0	0	0
PM0000380	BH-GR	0	0	0	0	0	0
FG0000141	BH-GR	0	0	-2	-2	-2	0
RM0000011	BH-GR	3846	3741	3741	3741	3741	0
PM0000425	BH-GR	0	-5	0	0	0	0
PM0000426	BH-GR	0	-5	0	0	0	0
PM0000427	BH-GR	0	-20	0	0	0	0
PM0000428	BH-GR	0	-20	0	0	0	0
PM0000672	BH-GR	0	-0.22	0	-36.27	-36.27	0
PM0000402	BH-GR	0	-6	0	0	0	0
FG0000145	BH-GR	0	0	-24	-24	-26	0
RM0000008	BH-GR	222	128	128	128	128	0
PM0000400	BH-GR	0	-71	0	0	0	0
PM0000399	BH-GR	0	-71	0	0	0	0
PM0000409	BH-GR	0	-4.44	-0.01	-0.01	-0.01	0
PM0000397	BH-GR	0	-16	0	0	0	0
PM0000396	BH-GR	0	-16	0	0	0	0
PM0000408	BH-GR	0	-17	0	0	0	0
PM0000386	BH-GR	0	-17	0	0	0	0
PM0000385	BH-GR	0	-17	0	0	0	0
PM0000657	BH-GR	0.01	-1.06	0.01	0.01	0.01	0
PM0000395	BH-GR	0	-37	0	0	0	0
PM0000632	BH-GR	0	-9.25	0	0	0	0
PM0000560	BH-GR	0	0	0	0	0	0
PM0000417	BH-GR	0	0	0	0	0	0
PM0000418	BH-GR	0	0	0	0	0	0
FG0000155	BH-GR	0	0	-2	-2	-2	0
PM0000125	BH-GR	0	-46	0	0	0	0
PM0000415	BH-GR	0	0	0	0	0	0
PM0000416	BH-GR	0	0	0	0	0	0
PM0000128	BH-GR	0.01	-1.91	0	0	0	0
FG0000160	BH-GR	-2	0	-8	-8	-8	0
PM0000498	BH-GR	0	0	0	0	0	0
PM0000421	BH-GR	0	0	0	0	0	0
PM0000422	BH-GR	0	0	0	0	0	0
FG0000161	BH-GR	0	-10	-66	-71	-119	0
PM0000466	BH-GR	0	0	0	0	0	0
PM0000536	BH-GR	0	0	0	0	0	0
FG0000170	BH-GR	3	3	-4	-4	-4	0
FG0000176	BH-GR	0	0	-80	-80	-80	0
PM0000593	BH-GR	0	0	0	0	0	0
FG0000178	BH-GR	0	0	-3	-3	-65	0
PM0000494	BH-GR	0	-60	0	0	0	0
PM0000495	BH-GR	0	-60	0	0	0	0
PM0000507	BH-GR	0	-53	0	0	0	0
FG0000184	BH-GR	-60	0	0	-319	-319	0
RM0000034	BH-GR	1160	0	0	20	20	0
PM0000492	BH-GR	0	-152	0	0	0	0
PM0000493	BH-GR	0	-152	0	0	0	0
FG0000186	BH-GR	-148	0	0	0	-4	0
PM0000346	BH-GR	0	0	0	0	0	0
FG0000191	BH-GR	-50	-50	-104	-104	-104	0
PM0000186	BH-GR	0	-15	0	0	0	0
PM0000286	BH-GR	0	0	0	0	0	0
PM0000287	BH-GR	0	0	0	0	0	0
PM0000891	BH-GR	0	0	0	0	0	0
PM0000104	BH-GR	0	0	0	0	0	0
PM0000433	BH-GR	0	0	0	0	0	0
PM0000626	BH-GR	0	0	0	0	0	0
PM0000434	BH-GR	0	0	0	0	0	0
FG0000223	BH-GR	0	0	-554	-683	-683	0
RM0000007	BH-GR	2549	2549	2549	2549	2549	0
PM0000524	BH-GR	0	0	0	0	0	0
PM0000525	BH-GR	0	0	0	0	0	0
PM0000522	BH-GR	0	0	0	0	0	0
PM0000523	BH-GR	0	0	0	0	0	0
RM0000040	BH-GR	1537	1537	1537	1537	1537	0
PM0000784	BH-GR	0	0	0	0	0	0
PM0000785	BH-GR	0	0	0	0	0	0
FG0000228	BH-GR	0	0	-12	-22	-22	0
PM0000260	BH-GR	0	0	0	0	0	0
FG0000232	BH-GR	0	-8	-420	-303	-303	0
PM0000575	BH-GR	0	0	0	0	0	0
PM0000576	BH-GR	0	0	0	0	0	0
FG0000242	BH-GR	0	0	-2	-2	-2	0
PM0000578	BH-GR	0	-80	0	0	0	0
PM0000577	BH-GR	0	-80	0	0	0	0
FG0000243	BH-GR	1580	1660	1180	1180	-2020	0
PM0000105	BH-GR	0	-13.08	0	0	0	0
FG0000255	BH-GR	0	0	-945	-945	-945	0
PM0000270	BH-GR	0	0	0	0	0	0
FG0000275	BH-GR	0	0	-39	-39	-39	0
PM0000604	BH-GR	0.01	0.01	0.01	0.01	0.01	0
PM0000004	BH-GR	0	0	0	0	0	0
FG0000276	BH-GR	0	0	-3	-3	-3	0
PM0000670	BH-GR	0	-221	0	0	0	0
PM0000669	BH-GR	0	-221	0	0	0	0
PM0000667	BH-GR	0	-57	0	0	0	0
PM0000668	BH-GR	0	-57	0	0	0	0
FG0000296	BH-GR	-5	0	-3	-4	-4	0
PM0000673	BH-GR	0	0	0	0	0	0
PM0000674	BH-GR	0	0	0	0	0	0
RM0000056	BH-GR	5	5	5	5	5	0
FG0000305	BH-GR	0	0	-1	-1	-1	0
PM0000517	BH-GR	0	-1	0	0	0	0
PM0000727	BH-GR	0	-1	0	0	0	0
PM0000307	BH-GR	0	-1	0	0	0	0
PM0000308	BH-GR	0	-1	0	0	0	0
PM0000722	BH-GR	0	-0.05	0	0	0	0
PM0000698	BH-GR	0	0	0	0	0	0
PM0000699	BH-GR	0	0	0	0	0	0
FG0000311	BH-GR	0	0	0	0	-20	0
PM0000708	BH-GR	0	0	0	0	0	0
PM0000709	BH-GR	0	0	0	0	0	0
FG0000312	BH-GR	0	0	0	0	-359	0
PM0000423	BH-GR	0	-157	0	0	0	0
PM0000682	BH-GR	0	-157	0	0	0	0
PM0000820	BH-GR	0	-157	0	0	0	0
PM0000681	BH-GR	0	0	0	0	0	0
PM0000724	BH-GR	0	0	0	0	0	0
FG0000320	BH-GR	0	-32	-32	-32	-32	0
RM0000054	BH-GR	489	489	489	489	489	0
PM0000726	BH-GR	0	0	0	0	0	0
PM0000690	BH-GR	0	0	0	0	0	0
PM0000691	BH-GR	0	0	0	0	0	0
PM0000752	BH-GR	0	0	0	0	0	0
PM0000742	BH-GR	0	0	0	0	0	0
PM0000743	BH-GR	0	0	0	0	0	0
FG0000334	BH-GR	0	0	0	0	-12	0
PM0000779	BH-GR	0	0	0	0	0	0
PM0000778	BH-GR	0	0	0	0	0	0
PM0000777	BH-GR	0	0	0	0	0	0
PM0000775	BH-GR	0	0	0	0	0	0
PM0000783	BH-GR	0	0	0	0	0	0
PM0000782	BH-GR	0	0	0	0	0	0
PM0000781	BH-GR	0	0	0	0	0	0
PM0000780	BH-GR	0	0	0	0	0	0
PM0000806	BH-GR	0	0	0	0	0	0
PM0000831	BH-GR	0	0	0	0	0	0
PM0000276	BH-GR	0	0	0	0	0	0
PM0000054	BH-GR	0	-424	0	0	0	0
PM0000824	BH-GR	0	-424	0	0	0	0
PM0000825	BH-GR	0	-21.2	0	0	0	0
PM0000859	BH-GR	0	0	0	0	0	0
PM0000861	BH-GR	0	0	0	0	0	0
PM0000863	BH-GR	0	0	0	0	0	0
PM0000864	BH-GR	0	0	0	0	0	0
FG0000407	BH-GR	0	0	0	0	-80	0
PM0000860	BH-GR	0	0	0	0	0	0
FG0000418	BH-GR	0	0	0	-6	-6	0
PM0000247	BH-GR	0	0	0	0	0	0
FG0000423	BH-GR	0	0	0	-24	-24	0
PM0000349	BH-PM	-8200	-8200	-8200	-8200	-8200	0
PM0000349	BH-BS	-5800	-3300	-3300	-3300	-3300	0
PM0000350	BH-PM	-8200	-8200	-8200	-8200	-8200	0
PM0000350	BH-BS	-5200	-2700	-2700	-2700	-2700	0
SF0000001	BH-GR	0	0	0	0	0	-264
SF0000002	BH-GR	0	0	0	0	0	-17
PM0000609	BH-GR	0	-2	0	0	0	0
FG0000317	BH-GR	0	0	0	0	-17	0
SF0000004	BH-GR	0	0	0	0	0	-1
PM0000628	BH-GR	0	0	0	0	0	0
FG0000387	BH-GR	0	-1	-1	-1	-1	0
PM0000345	BH-PM	5400	5400	5400	5400	5400	0
PM0000344	BH-PM	5400	5400	5400	5400	5400	0
PM0000691	BH-PM	-100	-500	4500	4500	4500	0
PM0000350	BH-PC	4665	4435	4445	4445	4445	0
PM0000349	BH-PC	4970	4740	4750	4750	4750	0
PM0000365	BH-BS	-600	-600	-600	-600	-600	0
PM0000365	BH-PC	17	17	17	17	17	0
PM0000366	BH-BS	-17	-17	-17	-17	-17	0
PM0000366	BH-PC	17	17	17	17	17	0
PM0000634	BH-BS	-900	-900	-850	-850	-5	0
PM0000634	BH-PC	575	575	575	575	575	0
PM0000004	BH-WST	0.25	0.25	0.25	0.25	0.25	0
PM0000008	BH-WST	113	113	115	115	115	0
PM0000012	BH-WST	4.34	4.34	7.33	7.33	7.33	0
PM0000025	BH-WST	104	-186	154	154	154	0
PM0000029	BH-WST	107	107	107	107	107	0
PM0000031	BH-WST	180	165	180	135	115	0
PM0000038	BH-WST	486	486	486	486	321	0
PM0000039	BH-WST	481	481	481	481	321	0
PM0000041	BH-GR	0	-10	0	-90	-90	0
PM0000042	BH-GR	0	-10	0	-90	-90	0
PM0000042	BH-WST	148	8	148	148	90	0
PM0000049	BH-WST	143	134	143	143	111	0
PM0000050	BH-WST	143	133	143	143	111	0
PM0000055	BH-GR	0	-560	0	-319	-319	0
PM0000055	BH-WST	315	259	319	319	319	0
PM0000056	BH-WST	10	7	10	10	10	0
PM0000062	BH-WST	423	392	512	512	512	10
PM0000068	BH-WST	77	77	77	77	77	0
PM0000071	BH-WST	-309	-309	141	141	141	0
PM0000072	BH-WST	101.14	101.14	100	100	100	0
PM0000074	BH-WST	1566.74	1566.74	1607.7	1607.74	1607.74	0
PM0000084	BH-WST	810	810	810	810	810	0
PM0000104	BH-WST	350	343	350	350	350	0
PM0000105	BH-WST	109.75	109.75	109.75	109.75	109.75	0
PM0000118	BH-WST	43	43	178	178	209	20
PM0000128	BH-WST	4.46	4.46	5.46	5.46	5.46	0
PM0000130	BH-WST	0.78	0.78	0.78	0.78	0.78	0
PM0000155	BH-WST	254	254	254	254	254	0
PM0000162	BH-WST	82	82	82	82	82	0
PM0000186	BH-WST	632	614	632	632	624	0
PM0000187	BH-WST	786	786	784	786	786	0
PM0000193	BH-WST	389	389	389	389	389	0
PM0000218	BH-WST	10	10	10	10	10	0
PM0000219	BH-WST	10	10	10	10	10	0
PM0000224	BH-WST	-91	-91	108	108	108	0
PM0000225	BH-WST	137	137	137	137	137	0
PM0000227	BH-WST	92	22	92	92	92	0
PM0000245	BH-WST	278.25	278.25	278.25	278.25	278.25	0
PM0000247	BH-WST	5	5	4	3	1	0
PM0000259	BH-WST	603	585	603	603	603	0
PM0000260	BH-WST	303	303	303	303	303	0
PM0000270	BH-WST	71	71	71	71	71	0
PM0000273	BH-WST	4	4	4	4	4	0
PM0000274	BH-WST	78	78	78	78	78	0
PM0000275	BH-WST	84	84	82	82	82	0
PM0000276	BH-WST	1	1	1	1	1	0
PM0000278	BH-WST	4	4	4	4	4	0
PM0000279	BH-WST	78	78	78	78	78	0
PM0000280	BH-WST	4	4	4	4	4	0
PM0000281	BH-WST	-222	-222	78	78	78	0
PM0000282	BH-WST	4	4	4	4	4	0
PM0000283	BH-WST	78	78	78	78	78	0
PM0000284	BH-WST	4.67	-36.33	8.67	8.67	8.67	0
PM0000285	BH-WST	-4.19	-6.19	64.81	64.81	64.81	0
PM0000286	BH-WST	-395	-395	146	146	146	0
PM0000287	BH-WST	-375	-375	146	146	146	0
PM0000288	BH-WST	994	734	994	994	644	0
PM0000289	BH-WST	934	699	934	934	644	0
PM0000303	BH-GR	0	-0.8	-0.8	-0.8	-0.8	0
PM0000303	BH-WST	0.8	0.8	0.8	0.8	0.8	0
PM0000333	BH-WST	454	454	374	454	454	0
PM0000335	BH-WST	-51	-66	4	4	4	0
PM0000344	BH-WST	-427	-427	64	64	64	0
PM0000345	BH-WST	-427	-427	64	64	64	0
PM0000346	BH-WST	104	104	104	104	104	0
PM0000347	BH-WST	294	294	294	294	294	0
PM0000348	BH-WST	294	294	294	294	294	0
PM0000349	BH-WST	564	564	564	564	564	0
PM0000350	BH-WST	569	569	569	569	569	0
PM0000359	BH-WST	128	-62	127	73	128	0
PM0000360	BH-WST	-77	-272	127	63	128	0
PM0000365	BH-WST	1500	1500	1500	1500	1500	0
PM0000366	BH-WST	1500	1500	1500	1500	1500	0
PM0000367	BH-WST	3	3	3	3	3	0
PM0000368	BH-WST	3	3	3	3	3	0
PM0000371	BH-WST	8	8	8	8	8	0
PM0000372	BH-WST	8	8	8	8	8	0
PM0000373	BH-WST	400	400	400	400	400	0
PM0000374	BH-WST	400	400	400	400	400	0
PM0000375	BH-WST	797	797	797	797	797	0
PM0000376	BH-WST	797	797	797	797	797	0
PM0000377	BH-WST	134	134	134	134	134	0
PM0000378	BH-WST	134	134	134	134	134	0
PM0000379	BH-WST	2	2	2	2	2	0
PM0000380	BH-WST	2	2	2	2	2	0
PM0000394	BH-WST	10	10	10	10	10	0
PM0000396	BH-WST	-228	-228	442	442	442	0
PM0000397	BH-WST	-233	-233	442	442	442	0
PM0000399	BH-WST	128	128	128	128	128	0
PM0000400	BH-WST	128	128	128	128	128	0
PM0000402	BH-WST	124	124	124	124	124	0
PM0000415	BH-WST	12	12	12	12	12	0
PM0000416	BH-WST	12	12	12	12	12	0
PM0000421	BH-WST	119	119	119	119	119	0
PM0000422	BH-WST	119	119	119	119	119	0
PM0000423	BH-WST	372	372	372	372	372	0
PM0000424	BH-WST	583	583	583	583	577	0
PM0000433	BH-WST	315	315	315	315	315	0
PM0000434	BH-WST	1628	1628	1628	1628	1628	0
PM0000453	BH-GR	0	-0.8	-0.8	-0.8	-0.8	0
PM0000453	BH-WST	0.8	0.8	0.8	0.8	0.8	0
PM0000471	BH-WST	494	477	644	638	628	0
PM0000490	BH-GR	0	-160	0	-319	-319	0
PM0000490	BH-WST	319	69	319	319	319	0
PM0000491	BH-GR	0	-160	0	-319	-319	0
PM0000491	BH-WST	319	119	319	319	319	0
PM0000492	BH-WST	-11	-11	4	4	4	0
PM0000493	BH-WST	-6	-6	4	4	4	0
PM0000494	BH-WST	249	249	319	319	319	0
PM0000495	BH-WST	249	249	319	319	319	0
PM0000496	BH-GR	0	-560	0	-319	-319	0
PM0000496	BH-WST	319	319	319	319	319	0
PM0000498	BH-WST	119	119	119	119	119	0
PM0000536	BH-WST	4	4	4	4	4	0
PM0000560	BH-WST	22	22	22	22	22	0
PM0000575	BH-WST	2	2	2	2	2	0
PM0000576	BH-WST	2	2	2	2	2	0
PM0000577	BH-WST	8180	8180	8180	8180	8180	0
PM0000578	BH-WST	8180	8180	8180	8180	8180	0
PM0000584	BH-WST	11616	11616	11616	11016	10216	0
PM0000588	BH-WST	17	17	17	17	17	0
PM0000604	BH-WST	0.02	0.02	0.02	0.02	0.02	0
PM0000609	BH-WST	7	7	17	17	17	0
PM0000626	BH-WST	1628	1623	1628	1628	1628	0
PM0000628	BH-WST	1	1	1	1	1	0
PM0000632	BH-WST	170.75	170.75	167.75	167.75	167.75	0
PM0000634	BH-WST	524.8	524.8	524.8	524.8	510.8	0
PM0000656	BH-WST	454	454	437	454	454	0
PM0000657	BH-WST	92.62	91.62	82.62	82.62	70.62	0
PM0000658	BH-WST	63.5	63.5	63.5	63.5	63.5	0
PM0000660	BH-WST	-4.53	-4.53	5.47	5.47	5.47	0
PM0000662	BH-WST	1500	1500	1500	1500	1500	0
PM0000663	BH-WST	454	454	374	454	454	0
PM0000667	BH-WST	4	4	4	4	4	0
PM0000668	BH-WST	4	4	4	4	4	0
PM0000669	BH-WST	581	581	581	581	581	0
PM0000670	BH-WST	581	581	581	581	581	0
PM0000671	BH-GR	0	-2.66	0	-27.02	-27.02	0
PM0000671	BH-WST	59.01	-17.36	33.97	27.97	27.02	0
PM0000672	BH-WST	358.9	344.54	466.47	338.23	121.97	0
PM0000673	BH-WST	1	1	1	1	1	0
PM0000674	BH-WST	1	1	1	1	1	0
PM0000681	BH-WST	-3	-3	35	35	35	0
PM0000682	BH-WST	272	272	372	372	372	0
PM0000698	BH-WST	20	20	20	20	20	0
PM0000699	BH-WST	20	20	20	20	20	0
PM0000708	BH-WST	359	359	359	359	359	0
PM0000709	BH-WST	359	359	359	359	359	0
PM0000724	BH-WST	47	47	32	32	32	0
PM0000729	BH-WST	10	10	10	10	10	0
PM0000742	BH-WST	12	12	12	12	12	0
PM0000743	BH-WST	12	12	12	12	12	0
PM0000752	BH-WST	12	12	12	12	12	0
PM0000765	BH-WST	4	4	4	4	4	0
PM0000775	BH-WST	40	40	40	40	40	0
PM0000777	BH-WST	40	40	40	40	40	0
PM0000778	BH-WST	40	40	40	40	40	0
PM0000779	BH-WST	40	40	40	40	40	0
PM0000780	BH-WST	40	40	40	40	40	0
PM0000781	BH-WST	40	40	40	40	40	0
PM0000782	BH-WST	40	40	40	40	40	0
PM0000783	BH-WST	40	40	40	40	40	0
PM0000806	BH-WST	40	40	40	40	40	0
PM0000819	BH-WST	17.2	15.2	17.2	17.2	17.2	0
PM0000820	BH-WST	407	407	407	407	407	0
PM0000831	BH-WST	0	0	3	2	2	0
PM0000859	BH-WST	56	56	69	54	4	0
PM0000860	BH-WST	6	6	-419	-419	6	0
PM0000029	BH-BS	-2000	0	-800	-4099	-3800	0
PM0000029	BH-PC	3204	1402	1456	3204	3204	0
FG0000026	BH-PF	0	0	0	0	0	0
PM0000251	BH-NM	0	0	0	0	-3420	0
PM0000224	BH-PM	-5200	10800	32000	-28300	-12300	0
PM0000832	BH-BT	0	0	0	0	0	0
PM0000085	BH-NM	0	0	0	0	-1060	0
SC0000078	GP-FG	-2338	-2338	-2338	-2338	-2338	0
SC0000078	BH-SC	2852	2852	2338	2338	2338	0
SC0000064	BH-SC	644	644	182	208	208	0
SC0000065	GP-FG	-600	-121	-64	-64	-64	0
SC0000065	BH-SC	64	64	64	64	64	0
SC0000091	GP-FG	-7	-7	-7	-7	-7	0
SC0000091	BH-SC	7	7	7	7	7	0
SC0000008	GP-FG	-2	-2	-2	-2	-2	0
SC0000008	BH-SC	5	97	2	2	2	0
SC0000005	GP-FG	-45	-45	-45	-45	-45	0
SC0000005	BH-SC	45	45	45	45	45	0
PM0000259	BH-PM	-4224	-3568	-1616	-1344	-1102	0
FG0000033	BH-BT	8670	8670	8670	8670	8670	0
PM0000259	BH-PC	107	105	114	-670	114	0
FG0000222	GP-FG	-579	-279	-219	-216	-216	0
FG0000222	BH-BT	216	216	216	216	216	0
FG0000318	GP-FG	-36	-1	-1	-1	-1	0
FG0000318	BH-BT	1	1	1	1	1	0
FG0000319	GP-FG	-32	-32	-32	-15	-15	0
PM0000424	BH-PM	0	-3000	-1350	-315	-115	0
PM0000424	BH-BS	0	0	-184	-415	-238	0
PM0000895	BH-BS	0	0	0	0	-180	0
PM0000430	BH-BS	0	0	0	0	0	0
PM0000907	BH-BS	0	0	0	0	0	0
PM0000906	BH-BS	0	0	0	0	0	0
PM0000911	BH-BS	0	0	0	0	0	0
PM0000910	BH-BS	0	0	0	0	0	0
PM0000056	BH-BS	0	0	-9430	-7630	-430	0
PM0000009	BH-PM	-150	100	352	2333	-368	-250
PM0000358	BH-PM	-6265	0	-2700	0	-1335	0
PM0000657	BH-NM	0	0	0	0	-365	0
PM0000182	BH-PM	-3756	-3506	-1250	-1250	-960	0
PM0000182	BH-BS	-750	-250	-216	-113	0	0
PM0000103	BH-PM	0	0	0	0	0	0
PM0000103	BH-BS	0	0	0	0	0	0
PM0000274	BH-PM	0	0	0	0	0	493
PM0000274	BH-BS	0	0	0	0	0	0
PM0000684	BH-PM	5	5	5	5	5	437
PM0000684	BH-BS	0	0	0	0	0	0
PM0000159	BH-BS	-3100	-7500	-2500	-5700	-10800	0
PM0000158	BH-BS	-2500	-7500	-2500	-3800	-10800	0
PM0000860	BH-PM	170220	114820	155820	1220	-3480	0
PM0000860	BH-BS	0	0	-12000	-12200	-8720	0
PM0000606	BH-PM	0	0	0	0	0	17000
PM0000606	BH-BS	0	0	0	0	0	0
PM0000348	BH-PM	-1400	7000	-8000	-8000	-300	0
PM0000348	BH-BS	0	-5700	0	0	0	0
PM0000347	BH-PM	-1400	7000	-8000	-8000	-300	0
PM0000347	BH-BS	0	-5700	0	0	0	0
PM0000045	BH-PM	45500	57500	-12000	-6000	-6000	30900
PM0000045	BH-BS	-5650	-7800	-7400	-36850	-33000	0
PM0000360	BH-PM	-12000	-12000	-12000	-6000	-6000	0
PM0000360	BH-BS	-9600	-3000	-3000	-1250	-700	0
PM0000359	BH-PM	-12000	-12000	-12000	-6000	-6000	0
PM0000359	BH-BS	-9805	-3000	-3000	-1450	-700	0
PM0000052	BH-PM	-1500	0	-5600	-3000	-3000	-1500
PM0000394	BH-BS	-26200	-12500	-8400	-8400	-22500	0
PM0000531	BH-BS	-10000	-10000	-10000	-2000	-2000	0
PM0000531	BH-PC	2000	2000	2000	2000	2000	0
PM0000424	BH-PC	0	0	-1	-785	-15	0
PM0000696	BH-BS	0	0	-11074	-10000	-10000	0
PM0000696	BH-PC	10000	10000	10000	10000	10000	0
PM0000726	BH-BS	-17500	-6000	-5800	-5800	-5800	0
PM0000059	BH-BS	-87500	-72500	-68900	-51900	-24400	2200
PM0000727	BH-BS	-57000	-51000	-45000	-39280	-21000	-3000
PM0000605	BH-BS	-5000	-5000	-5000	-5000	-5000	0
PM0000605	BH-PC	5000	5000	5000	5000	5000	0
PM0000567	BH-BS	-70500	-65500	-65500	-60500	-45500	0
PM0000820	BH-BS	-4850	-2732	-2732	-3832	-3832	0
PM0000820	BH-PC	2632	3832	3832	3832	3832	0
PM0000275	BH-BS	-198	-178	-178	-178	-178	0
PM0000275	BH-PC	176	176	178	178	178	0
PM0000663	BH-BS	-7000	-7000	-3214	-1714	-714	0
PM0000730	BH-BS	-20000	-20000	-20000	-20000	-20000	0
PM0000730	BH-PC	20000	20000	20000	20000	20000	0
PM0000685	BH-BS	-2000	-2000	-2000	-2000	-2000	0
PM0000685	BH-PC	2000	2000	2000	2000	2000	0
PM0000608	BH-BS	-113	-113	-113	-113	-113	0
PM0000608	BH-PC	113	113	113	113	113	0
PM0000839	BH-BS	-76	-76	-76	-76	-76	0
PM0000839	BH-PC	76	76	76	76	76	0
PM0000278	BH-BS	-3357	-3357	-3357	-3637	-3637	0
PM0000278	BH-PC	0	0	0	0	0	0
PM0000728	BH-BS	-1344	-1344	-1344	-1344	-1344	0
PM0000728	BH-PC	1344	1344	1344	1344	1344	0
PM0000399	BH-BS	-15000	-15000	-15000	-15000	-15000	0
PM0000399	BH-PC	0	0	0	0	0	0
PM0000400	BH-BS	-15000	-15000	-15000	-15000	-15000	0
PM0000400	BH-PC	0	0	0	0	0	0
PM0000719	BH-BS	-6500	-6500	-6500	-6500	-1200	0
PM0000718	BH-BS	-6500	-6500	-6500	-6500	-1200	0
PM0000519	BH-BS	-50	-50	-50	-50	-50	0
PM0000519	BH-PC	50	50	50	50	50	0
PM0000518	BH-BS	-50	-50	-50	-50	-50	0
PM0000518	BH-PC	50	50	50	50	50	0
PM0000860	BH-PC	12196	12196	11201	11401	12196	-4
PM0000373	BH-BS	-4400	-4400	-4400	-4400	-4400	0
PM0000373	BH-PC	0	0	0	0	0	0
PM0000374	BH-BS	-5000	-5000	-5000	-5000	-5000	0
PM0000374	BH-PC	0	0	0	0	0	0
PM0000211	BH-BS	-10600	-10600	-10600	-10600	-10600	0
PM0000211	BH-PC	10600	10600	10600	10600	10600	0
PM0000210	BH-BS	-10600	-10600	-10600	-10600	-10600	0
PM0000210	BH-PC	10600	10600	10600	10600	10600	0
PM0000101	BH-BS	-17325	-17325	-17325	-17325	-17325	0
PM0000101	BH-PC	0	0	0	0	0	0
PM0000100	BH-BS	-17325	-17325	-17325	-17325	-17325	0
PM0000100	BH-PC	0	0	0	0	0	0
PM0000895	BH-PC	2702	2702	2702	2702	2680	0
PM0000821	BH-BS	-274	-274	-274	-420	-420	0
PM0000821	BH-PC	273	273	273	273	273	-147
PM0000826	BH-BS	-104	-104	-104	-104	-104	0
PM0000826	BH-PC	104	104	104	104	104	0
PM0000363	BH-BS	-15600	-15600	-15600	-15600	-15600	0
PM0000363	BH-PC	0	0	0	0	0	0
PM0000364	BH-BS	-15600	-15600	-15600	-15600	-15600	0
PM0000364	BH-PC	0	0	0	0	0	0
PM0000043	BH-BS	0	0	0	-52	-50	0
PM0000043	BH-PC	50	50	50	50	50	0
PM0000413	BH-BS	-24692	-24692	-24692	-24692	-24692	0
PM0000413	BH-PC	24634	24634	24634	24634	24634	-58
PM0000414	BH-BS	-24692	-24692	-24692	-24692	-24692	0
PM0000414	BH-PC	24634	24634	24634	24634	24634	-58
PM0000420	BH-BS	-28927	-28927	-28927	-28927	-28227	0
PM0000420	BH-PC	28227	28227	28227	28227	28227	0
PM0000419	BH-BS	-30632	-30632	-30632	-30632	-28227	0
PM0000419	BH-PC	28227	28227	28227	28227	28227	0
PM0000381	BH-BS	-1100	-1100	-1100	-1100	-1100	0
PM0000381	BH-PC	0	0	0	0	0	0
PM0000352	BH-BS	-1411	-1411	-1411	-1411	-1411	0
PM0000352	BH-PC	1411	1411	1411	1411	1411	0
PM0000351	BH-BS	-1411	-1411	-1411	-1411	-1411	0
PM0000351	BH-PC	1411	1411	1411	1411	1411	0
PM0000582	BH-BS	-15000	-15000	-15000	-15000	-15000	0
PM0000582	BH-PC	15000	15000	15000	15000	15000	0
PM0000581	BH-BS	-15000	-15000	-15000	-15000	-15000	0
PM0000581	BH-PC	15000	15000	15000	15000	15000	0
PM0000227	BH-BS	-4800	-10800	-22797	-2500	-20700	0
PM0000227	BH-PC	17930	18000	18000	18000	18000	0
PM0000670	BH-BS	-3300	-3300	-3300	-3800	-2900	0
PM0000670	BH-PC	2400	2400	2400	2900	2900	0
PM0000674	BH-BS	-1500	-1500	-1500	-1500	-1500	0
PM0000674	BH-PC	1500	1500	1500	1500	1500	0
PM0000673	BH-BS	-1500	-1500	-1500	-1500	-1500	0
PM0000673	BH-PC	1500	1500	1500	1500	1500	0
PM0000367	BH-BS	-1508	-1508	-1508	-1500	-1500	0
PM0000367	BH-PC	0	0	0	0	0	0
PM0000368	BH-BS	-1508	-1508	-1508	-1508	-1508	0
PM0000368	BH-PC	0	0	0	0	0	0
PM0000495	BH-BS	0	0	0	-700	-700	0
PM0000495	BH-PC	-4	0	0	700	700	0
PM0000494	BH-BS	0	0	0	-700	-700	0
PM0000494	BH-PC	-4	0	0	700	700	0
PM0000360	BH-PC	8062	7717	7849	4579	6700	0
PM0000359	BH-PC	8272	7717	7849	4769	6700	0
PM0000371	BH-BS	-3016	-3016	-3016	-3016	-3016	0
PM0000371	BH-PC	3016	3016	3016	3016	3016	0
PM0000372	BH-BS	-2920	-2920	-2920	-2920	-2920	0
PM0000372	BH-PC	2920	2920	2920	2920	2920	0
PM0000493	BH-BS	200	200	200	-50	-374	0
PM0000493	BH-PC	-228	-224	-224	26	350	0
PM0000379	BH-BS	-2210	-2210	-2210	-2210	-2210	0
PM0000379	BH-PC	0	0	0	0	0	0
PM0000380	BH-BS	-2210	-2210	-2210	-2210	-2210	0
PM0000380	BH-PC	0	0	0	0	0	0
PM0000184	BH-BS	-6000	-6000	-6000	-6000	-6000	0
PM0000184	BH-PC	31700	31700	31700	31700	31700	0
PM0000183	BH-BS	-6000	-6000	-6000	-6000	-6000	0
PM0000183	BH-PC	31700	31700	31700	31700	31700	0
PM0000416	BH-BS	-10000	-5000	-5000	-5000	-5000	0
PM0000416	BH-PC	6898	4770	5000	5000	5000	0
PM0000415	BH-BS	-10000	-5000	-5000	-5000	-5000	0
PM0000415	BH-PC	6898	4770	5000	5000	5000	0
PM0000154	BH-BS	-8200	-8200	-8200	-8200	-8200	0
PM0000154	BH-PC	0	0	0	0	0	0
PM0000161	BH-BS	-10000	-10000	-10000	-10000	-10000	0
PM0000161	BH-PC	9999	9999	9999	9999	9999	-1
PM0000160	BH-BS	-5000	-5000	-5000	-5000	-5000	0
PM0000160	BH-PC	4999	4999	4999	4999	4999	-1
PM0000573	BH-BS	-9500	-9500	-9500	-9500	-9500	0
PM0000573	BH-PC	0	0	0	0	0	0
PM0000574	BH-BS	-9500	-9500	-9500	-9500	-9500	0
PM0000574	BH-PC	0	0	0	0	0	0
PM0000434	BH-BS	-2801	-2801	-2801	-2801	-2801	0
PM0000434	BH-PC	2801	2801	2801	2801	2801	0
PM0000682	BH-BS	-4200	-4200	-3975	-3975	-3975	0
PM0000682	BH-PC	4200	4200	3975	3975	3975	0
PM0000681	BH-BS	-7150	-4100	-4100	-5950	-5950	0
PM0000681	BH-PC	5338	5600	5600	5950	5950	0
PM0000620	BH-BS	-2329	-2329	-2329	-2329	-2141	0
PM0000620	BH-PC	2141	2141	2141	2141	2141	0
PM0000694	BH-BS	-184	-11258	-11258	-11074	-11074	0
PM0000694	BH-PC	11074	11074	11074	11074	11074	0
PM0000697	BH-BS	-3691	-3691	-3691	-3691	-3691	0
PM0000697	BH-PC	3691	3691	3691	3691	3691	0
PM0000560	BH-BS	-1978	-1978	-1978	-1978	-1978	-4
PM0000560	BH-PC	1974	1974	1974	1974	1974	0
PM0000738	BH-BS	-45	-45	-45	-45	-45	0
PM0000738	BH-PC	45	45	45	45	45	0
PM0000692	BH-BS	-5408	-5408	-5408	-548	-5408	0
PM0000692	BH-PC	5408	5408	5408	5408	5408	0
PM0000498	BH-BS	-3288	-200	-6807	-6807	-6807	0
PM0000626	BH-BS	-3794	-3784	-3784	-3784	-3726	0
PM0000626	BH-PC	3721	3722	3726	3726	3726	0
PM0000104	BH-BS	-6846	-6846	-6846	-6842	-6808	0
PM0000104	BH-PC	6775	6660	6812	6808	6808	0
PM0000622	BH-BS	-1080	-1080	-1080	-1080	-1080	0
PM0000622	BH-PC	1080	1080	1080	1080	1080	0
PM0000130	BH-BS	-120	-120	-120	-120	-120	0
PM0000130	BH-PC	119.56	119.56	119.56	119.56	119.56	0
PM0000604	BH-BS	-860.75	-860.75	-860.75	-860.75	-860.75	0
PM0000604	BH-PC	860.75	860.75	860.75	860.75	860.75	0
PM0000162	BH-BS	-800	-800	-800	-800	-800	0
PM0000162	BH-PC	770	800	800	800	800	0
PM0000402	BH-BS	-14920	0	-16000	-8500	-25000	0
PM0000403	BH-BS	-6048	-1968	-1648	-1634	-630	0
PM0000068	BH-BS	-16650	-16650	-15614	-15614	-15693	0
PM0000068	BH-PC	15693	15693	15614	15614	15693	0
PM0000294	BH-PC	36	36	36	36	36	0
PM0000339	BH-BS	-2500	-2500	-2500	-2500	-2500	0
PM0000339	BH-PC	2500	2500	2500	2500	2500	0
PM0000444	BH-BS	-2000	-2000	-2000	-2000	-2000	0
PM0000444	BH-PC	2000	2000	2000	2000	2000	0
PM0000907	BH-PC	28000	28000	28000	28000	28000	0
PM0000906	BH-PC	28000	28000	28000	28000	28000	0
PM0000911	BH-PC	27500	27500	27500	27500	27500	0
PM0000910	BH-PC	27500	27500	27500	27500	27500	0
PM0000358	BH-PC	5894	5765	5896	5831	5859	0
PM0000025	BH-BS	-10500	-5000	-8300	-10600	-1000	0
PM0000489	BH-BS	0	0	0	-2300	-2300	0
PM0000489	BH-PC	-680	39	39	2300	2300	0
PM0000488	BH-BS	0	0	0	-2500	-500	0
PM0000488	BH-PC	-1114	-400	-400	2100	2100	0
PM0000465	BH-BS	-2000	-2000	-2000	-2997	-997	0
PM0000465	BH-PC	207	210	210	1207	997	0
PM0000036	BH-BS	-14490	-14490	-14490	-8890	-1500	0
PM0000669	BH-BS	-7500	-7500	-7500	-7500	-7500	0
PM0000669	BH-PC	7200	7200	7200	7800	7800	0
PM0000587	BH-BS	-17856	-15840	-15840	-14824	-11270	0
PM0000083	BH-BS	-10085	-9473	-8748	-8428	-7306	0
PM0000348	BH-PC	7302	7266	5540	7628	7600	0
PM0000347	BH-PC	7302	7266	5540	7628	7600	0
PM0000756	BH-NM	-400	-400	-400	-400	-400	0
PM0000756	BH-PC	400	400	400	400	400	0
PM0000755	BH-NM	-500	-500	-500	-500	-500	0
PM0000755	BH-PC	500	500	500	500	500	0
PM0000017	BH-NM	-27600	-27600	-27600	-25328	-30628	0
PM0000018	BH-NM	-27600	-27600	-27600	-27600	-29800	0
PM0000353	BH-NM	-97000	-97000	-97000	-96960	-96960	0
PM0000353	BH-PC	96960	96960	96960	96960	96960	0
PM0000377	BH-NM	-2800	-2800	-2800	-2800	-2800	0
PM0000377	BH-PC	2800	2800	2800	2800	2800	0
PM0000378	BH-NM	-2800	-2800	-2800	-2800	-2800	0
PM0000378	BH-PC	2800	2800	2800	2800	2800	0
PM0000373	BH-NM	4400	4400	4400	4400	4400	0
PM0000374	BH-NM	5000	5000	5000	5000	5000	0
PM0000638	BH-NM	-1800	-1800	-1800	-1800	-1800	0
PM0000638	BH-PC	1800	1800	1800	1800	1800	0
PM0000645	BH-NM	-4500	-4500	-4500	-4500	-4500	0
PM0000645	BH-PC	4500	4500	4500	4500	4500	0
PM0000643	BH-NM	-2800	-2800	-2800	-2800	-2800	0
PM0000643	BH-PC	2800	2800	2800	2800	2800	0
PM0000639	BH-NM	-2000	-2000	-2000	-2000	-2000	0
PM0000639	BH-PC	2000	2000	2000	2000	2000	0
PM0000644	BH-NM	-4500	-4500	-4500	-4500	-4500	0
PM0000644	BH-PC	4500	4500	4500	4500	4500	0
PM0000642	BH-NM	-2800	-2800	-2800	-2800	-2800	0
PM0000642	BH-PC	2800	2800	2800	2800	2800	0
PM0000362	BH-NM	-105	-105	-105	-105	-105	0
PM0000362	BH-PC	105	105	105	105	105	0
PM0000762	BH-NM	-1236	-1236	-1236	-1236	-1236	0
PM0000762	BH-PC	1236	1236	1236	1236	1236	0
PM0000355	BH-NM	-25500	-25500	-25500	-25496	-25496	0
PM0000355	BH-PC	25496	25496	25496	25496	25496	0
PM0000356	BH-NM	-25500	-25500	-25500	-25496	-25496	0
PM0000356	BH-PC	25496	25496	25496	25496	25496	0
PM0000520	BH-NM	-2010	-2010	0	-1160	-1160	0
PM0000520	BH-PC	188	188	124	124	124	0
PM0000184	BH-NM	-25700	-25700	-25700	-25700	-25700	0
PM0000183	BH-NM	-25700	-25700	-25700	-25700	-25700	0
PM0000651	BH-NM	-3300	-3300	-3300	-3300	-3300	0
PM0000651	BH-PC	3300	3300	3300	3300	3300	0
PM0000649	BH-NM	-3300	-3300	-3300	-3300	-3300	0
PM0000649	BH-PC	3300	3300	3300	3300	3300	0
PM0000647	BH-NM	-2800	-2800	-2800	-2800	-2800	0
PM0000647	BH-PC	2800	2800	2800	2800	2800	0
PM0000652	BH-NM	-3100	-3100	-3100	-3100	-3100	0
PM0000652	BH-PC	3100	3100	3100	3100	3100	0
PM0000650	BH-NM	-3300	-3300	-3300	-3300	-3300	0
PM0000650	BH-PC	3300	3300	3300	3300	3300	0
PM0000648	BH-NM	-3300	-3300	-3300	-3300	-3300	0
PM0000648	BH-PC	3300	3300	3300	3300	3300	0
PM0000646	BH-NM	-2800	-2800	-2800	-2800	-2800	0
PM0000646	BH-PC	2800	2800	2800	2800	2800	0
PM0000354	BH-NM	-120000	-120000	-120000	-119960	-119960	0
PM0000354	BH-PC	119960	119960	119960	119960	119960	0
PM0000238	BH-NM	0	0	0	0	0	0
PM0000238	BH-PC	0	0	0	0	0	0
PM0000241	BH-NM	-500	-500	-500	-500	-500	0
PM0000241	BH-PC	500	500	500	500	500	0
PM0000242	BH-NM	-1000	-1000	-1000	-1000	-1000	0
PM0000242	BH-PC	1000	1000	1000	1000	1000	0
PM0000243	BH-NM	0	0	0	0	0	0
PM0000243	BH-PC	0	0	0	0	0	0
PM0000244	BH-NM	0	0	0	0	0	0
PM0000244	BH-PC	0	0	0	0	0	0
PM0000430	BH-NM	500	500	500	500	0	0
PM0000430	BH-PC	0	0	0	0	0	0
PM0000516	BH-NM	0	0	0	0	0	0
PM0000516	BH-PC	0	0	0	0	0	0
PM0000586	BH-NM	-7050	-7050	-7050	-7050	-7050	0
PM0000586	BH-PC	7050	7050	7050	7050	7050	0
PM0000603	BH-NM	0	0	0	0	0	0
PM0000603	BH-PC	0	0	0	0	0	0
PM0000612	BH-NM	-968	-968	-968	-968	-968	0
PM0000612	BH-PC	968	968	968	968	968	0
PM0000823	BH-PC	328997	328997	328997	328997	328997	0
PM0000824	BH-NM	0	-342000	-342000	-342000	-342000	0
PM0000278	BH-PM	3637	3637	3637	3637	3637	0
PM0000279	BH-PM	1865	1865	1865	1865	1865	0
FG0000454	BH-PF	576	576	576	576	576	0
PM0000525	BH-PM	8500	8500	14500	20600	26700	0
PM0000524	BH-PM	7850	7850	13850	19950	25950	0
FG0000449	BH-PF	11270	11270	11270	11270	11270	0
PM0000035	BH-PM	22000	22000	22000	10500	-10000	0
PM0000035	BH-BS	-10630	-10630	-10630	-6230	-200	0
PM0000036	BH-PM	22000	22000	22000	10500	-10000	0
PM0000401	BH-PM	3099	3099	3099	3099	3099	0
PM0000401	GP-PM	0	0	0	0	-672	0
PM0000061	GP-NM	-35000	-35000	-35000	-35000	-35000	0
PM0000061	GP-PM	35000	35000	35000	35000	35000	0
PM0000088	GP-NM	-3400	-3400	-3400	-3400	-3400	0
PM0000088	GP-PM	3400	3400	3400	3400	3400	0
PM0000099	GP-NM	-707	-707	-707	-707	-707	0
PM0000099	GP-PM	707	707	707	707	707	0
PM0000105	GP-NM	-92	-92	-92	-92	-92	0
PM0000105	GP-PM	92	92	92	92	92	0
PM0000120	GP-NM	-1500	-1500	-1500	-1500	-1500	0
PM0000120	GP-PM	1500	1500	1500	1500	1500	0
PM0000129	GP-NM	-303000	-303000	-303000	-303000	-303000	0
PM0000129	GP-PM	303000	303000	303000	303000	303000	0
PM0000137	GP-NM	-10450	-10450	-10450	-10450	-10450	0
PM0000137	GP-PM	10450	10450	10450	10450	10450	0
PM0000179	GP-NM	-51	-50	-50	-50	-50	0
PM0000179	GP-PM	51	51	51	51	51	0
PM0000196	GP-NM	-231.8	-231.8	-231.8	-231.8	-231.8	0
PM0000196	GP-PM	231.8	231.8	231.8	231.8	231.8	0
PM0000209	GP-NM	-201	-201	-201	-201	-201	0
PM0000209	GP-PM	201	201	201	201	201	0
PM0000274	GP-NM	-477	-477	-477	-477	-477	-493
PM0000274	GP-PM	477	477	477	477	477	0
PM0000285	GP-NM	62	62	62	62	62	0
PM0000285	GP-PM	77	77	77	77	77	0
PM0000293	GP-NM	-132	-132	-132	-132	-132	0
PM0000293	GP-PM	132	132	132	132	132	0
PM0000294	GP-PM	1535	1535	1535	1535	1535	0
PM0000295	GP-NM	-2999	-2999	-2999	-2999	-2999	0
PM0000295	GP-PM	2999	2999	2999	2999	2999	0
PM0000590	GP-NM	-750	-750	-750	-750	-750	0
PM0000590	GP-PM	750	750	750	750	750	0
PM0000607	GP-NM	-2100	-2100	-2100	-2100	-2100	0
PM0000607	GP-PM	2100	2100	2100	2100	2100	0
PM0000608	GP-NM	-2484	-2484	-2484	-2484	-2484	0
PM0000608	GP-PM	2484	2484	2484	2484	2484	0
PM0000506	GP-NM	26131	26131	26131	26131	26131	0
PM0000085	GP-NM	300	300	300	300	300	0
PM0000471	GP-NM	3060	3060	3060	3060	3060	0
PM0000470	GP-NM	2885	2885	2885	2885	2885	0
PM0000078	GP-NM	7920	7920	7920	7920	7920	0
PM0000729	GP-NM	10000	10000	10000	10000	10000	0
PM0000630	BH-BS	-127	-127	-127	-127	-53	0
PM0000630	GP-NM	424	424	424	424	424	0
PM0000615	BH-BS	-277	-277	-278	-278	-264	0
PM0000615	GP-NM	278	278	278	278	278	0
PM0000005	GP-NM	0	0	0	0	0	0
PM0000411	GP-NM	978	978	978	978	978	0
PM0000722	GP-NM	702	702	702	702	702	0
PM0000634	GP-NM	4	4	4	4	4	0
PM0000007	BH-BS	-5	-5	-5	0	-5	0
PM0000007	GP-NM	5	5	5	5	5	0
PM0000284	GP-NM	56	56	56	56	56	0
PM0000409	GP-NM	33	33	33	33	33	0
PM0000838	BH-BS	-100	-100	-74	-63	-1	0
PM0000838	GP-NM	12	12	12	12	12	0
PM0000182	GP-NM	216	216	216	216	216	0
PM0000899	GP-NM	1688	1688	1688	1688	1688	0
PM0000013	GP-NM	402	402	402	402	402	0
PM0000245	GP-NM	772	772	772	772	772	0
PM0000246	BH-BS	0	0	-374	-91	-83	0
PM0000246	GP-NM	-3109	-3109	91	91	91	0
PM0000632	GP-NM	540	540	540	540	540	0
PM0000128	GP-NM	765	765	765	765	765	0
PM0000285	BH-BS	-103	-103	-103	-139	-102	0
PM0000153	GP-NM	5	5	5	5	5	0
PM0000276	BH-BS	0	-159	-159	-103	-159	0
PM0000276	GP-NM	266	266	266	266	266	0
PM0000684	GP-NM	0	0	0	0	0	-432
PM0000641	BH-BS	-4600	-4600	-4600	-4600	-4600	0
PM0000641	GP-NM	4600	4600	4600	4600	4600	0
PM0000014	GP-NM	15699	15699	15699	15699	15699	0
PM0000491	BH-BS	0	0	0	-4000	-4000	0
PM0000491	GP-NM	4000	4000	4000	4000	4000	0
PM0000015	GP-NM	0	0	0	0	0	0
PM0000159	GP-NM	33000	33000	33000	33000	33000	0
PM0000158	GP-NM	33000	33000	33000	33000	33000	0
PM0000108	GP-NM	500	500	500	500	500	0
PM0000721	BH-BS	-6300	-6300	-6300	-6300	-6300	0
PM0000721	GP-NM	6300	6300	6300	6300	6300	0
PM0000720	BH-BS	-6300	-6300	-6300	-6300	-6300	0
PM0000720	GP-NM	6300	6300	6300	6300	6300	0
PM0000860	GP-NM	0	0	0	0	0	0
PM0000231	GP-NM	3000	3000	3000	3000	3000	0
PM0000219	BH-BS	-16512	-9880	-9304	0	-6598	0
PM0000219	GP-NM	14388	14388	14388	14388	14388	0
PM0000218	BH-BS	-16512	-9880	-9304	0	-6976	0
PM0000218	GP-NM	14694	14694	14694	14694	14694	0
PM0000638	BH-BS	-2500	-2500	-2500	-2500	-2500	0
PM0000638	GP-NM	2500	2500	2500	2500	2500	0
PM0000640	BH-BS	-5300	-5300	-5300	-5300	-5300	0
PM0000640	GP-NM	5300	5300	5300	5300	5300	0
PM0000466	GP-NM	4170	4170	4170	4170	4170	0
PM0000606	GP-NM	0	0	0	0	0	-17000
PM0000029	GP-NM	794	794	794	794	794	0
PM0000270	GP-NM	1617	1617	1617	1617	1617	0
PM0000430	GP-NM	1000	1000	1000	1000	1000	0
PM0000346	BH-BS	-3990	-3940	-3940	-3890	-3890	0
PM0000346	GP-NM	3890	3890	3890	3890	3890	0
PM0000090	GP-NM	0	0	0	0	0	-5000
PM0000091	GP-NM	0	0	0	0	0	-5000
PM0000035	GP-NM	200	200	200	200	200	0
PM0000699	BH-BS	-400	-400	-400	-400	-400	0
PM0000699	GP-NM	400	400	400	400	400	0
PM0000349	GP-NM	2500	2500	2500	2500	2500	0
PM0000698	BH-BS	-400	-400	-400	-400	-400	0
PM0000698	GP-NM	400	400	400	400	400	0
PM0000041	GP-NM	500	500	500	500	500	0
PM0000042	GP-NM	82	82	82	82	82	0
PM0000887	GP-NM	12	12	12	12	12	0
PM0000332	BH-BS	-11210	-8882	-8882	-7946	-6634	0
PM0000332	GP-NM	6038	6038	6038	6038	6038	0
PM0000331	BH-BS	-11154	-8934	-8934	-8076	-6704	0
PM0000331	GP-NM	5982	5982	5982	5982	5982	0
PM0000117	GP-NM	1670	1670	1670	1670	1670	0
PM0000226	GP-NM	608	608	608	608	608	-300
PM0000227	GP-NM	2001	2001	2001	2001	2001	-20796
PM0000045	GP-NM	0	0	0	0	0	-30250
PM0000535	GP-NM	498	498	498	498	498	0
PM0000046	GP-NM	0	0	0	0	0	-57
PM0000760	BH-BS	-630	-626	-626	-626	-626	0
PM0000760	GP-NM	626	626	626	626	626	0
PM0000759	BH-BS	-156	-152	-152	-152	-152	0
PM0000759	GP-NM	152	152	152	152	152	0
PM0000194	GP-NM	264	264	264	264	264	0
PM0000121	GP-NM	0	0	0	0	0	0
PM0000855	GP-NM	588	588	588	588	588	0
PM0000593	GP-NM	84	84	84	84	84	0
PM0000077	GP-NM	262	262	262	262	262	0
PM0000259	GP-NM	38	38	38	38	38	0
PM0000080	GP-NM	40	40	40	40	40	0
PM0000395	GP-NM	33	33	33	33	33	0
PM0000260	GP-NM	2	2	2	2	2	0
PM0000660	GP-NM	38	38	38	38	38	-18
PM0000079	GP-NM	29278	29278	29278	29278	29278	0
PM0000468	GP-NM	5297	5297	5297	5297	5297	0
PM0000752	BH-BS	-640	-640	-640	-640	-640	0
PM0000752	GP-NM	640	640	640	640	640	0
PM0000693	BH-BS	0	0	0	0	1123	0
PM0000693	GP-NM	0	0	0	0	0	0
PM0000490	BH-BS	0	0	0	-2100	-2100	0
PM0000490	GP-NM	2100	2100	2100	2100	2100	0
PM0000350	GP-NM	2200	2200	2200	2200	2200	0
PM0000051	GP-NM	1406	1406	1406	1406	1406	0
PM0000052	GP-NM	2850	2850	2850	2850	2850	0
PM0000493	GP-NM	24	24	24	24	24	0
PM0000288	BH-BS	300	300	300	300	-1100	0
PM0000288	GP-NM	1127	1127	1127	1127	1127	0
PM0000289	BH-BS	-200	300	300	-200	-1000	0
PM0000289	GP-NM	1627	1627	1627	1627	1627	0
PM0000577	BH-BS	-14100	-14100	-14100	-14100	-14100	0
PM0000577	GP-NM	14100	14100	14100	14100	14100	0
PM0000578	BH-BS	-22500	-22500	-22500	-22500	-22500	0
PM0000578	GP-NM	22500	22500	22500	22500	22500	0
PM0000517	GP-NM	1510	1510	1510	1510	1510	-69
PM0000058	GP-NM	1545	1545	1545	1545	1545	0
FG0000024	BH-PF	0	0	0	0	0	-54
PM0000050	BH-PC	-249	137	141	-1209	-1	0
PM0000049	BH-PC	-248	137	141	-1209	-1	0
FA0000390	BH-FA	1	1	1	1	1	0
FG0000194	PB-SG	-2674	-2933	-2933	-2933	-2933	0
FG0000030	PB-SG	-2107	-2408	-2408	-2408	-2408	0
FG0000194	PB-ST	-2936	-2936	-2936	-2936	-2936	0
FG0000136	PB-ST	-4131	-4131	-4131	-4131	-4131	0
FG0000136	PB-SG	-735	-991	-991	-991	-991	0
PM0000901	BH-WST	280	280	280	280	280	0
PM0000900	BH-WST	300	300	300	300	300	0
FG0000083	BH-SC	130	130	-22	-22	-1	0
FG0000379	PB-ST	0	-2500	-1200	-1200	-1200	0
FG0000379	PB-SG	-513	-530	-530	-530	-530	0
RM0000025	BH-OT	116175.71	116175.71	116175.71	116175.71	116175.71	0
RM0000001	BH-OT	-10989	-10989	-10989	-56791.15	-116175.71	0
PM0000831	BH-PM	1016	1016	1016	1016	1016	0
PM0000830	BH-PM	1017	1017	1017	1017	1017	0
PM0000053	GP-NM	632	632	632	632	632	0
PM0000365	GP-NM	583	583	583	583	583	0
PM0000038	BH-BS	-9000	-9000	-9000	-9000	-2100	0
PM0000038	GP-NM	2100	2100	2100	2100	2100	0
PM0000869	BH-NM	0	0	0	0	-44	0
PM0000869	BH-BS	2744	0	0	0	44	0
FG0000114	BH-PF	240	240	240	240	240	0
PM0000832	BH-PC	0	0	0	0	0	-42
PM0000724	BH-BS	-51000	-51000	-51000	-51000	-51000	0
PM0000724	BH-PC	8	8	8	8	8	0
PM0000520	BH-BS	1163	1163	-124	1036	1036	0
PM0000521	BH-PC	0	0	-53	-53	-53	0
PM0000521	BH-BS	1216	1216	53	53	53	0
FG0000283	BH-GR	0	0	0	0	0	0
PM0000073	GP-NM	6	6	6	6	6	0
FG0000386	BH-GR	0	0	0	0	-1672	0
FG0000283	GP-FG	-4	-2	-2	-2	-2	0
FG0000180	GP-FG	-13	-13	-13	-13	-13	0
FG0000180	BH-SC	-100	13	13	13	13	0
PM0000003	BH-NM	0	0	0	-1310	-1149	0
PM0000003	GP-NM	955	955	955	955	955	-13
PM0000005	BH-NM	0	0	0	-404	-244	0
PM0000006	GP-NM	523	523	523	523	523	70
PM0000008	BH-NM	0	0	0	0	-71	0
PM0000008	GP-NM	71	71	71	71	71	0
PM0000013	BH-NM	0	0	0	-228	-18	0
PM0000014	BH-NM	0	0	0	-14100	-15600	0
PM0000022	BH-NM	0	0	0	-2450	-9300	0
PM0000022	GP-NM	9300	9300	9300	9300	9300	0
PM0000025	BH-NM	0	0	0	0	-11060	0
PM0000025	GP-NM	10060	10060	10060	10060	10060	0
PM0000026	BH-NM	0	0	0	0	-10760	0
PM0000026	GP-NM	9260	9260	9260	9260	9260	0
PM0000029	BH-NM	0	0	0	0	-299	0
PM0000031	BH-NM	0	0	0	0	-823	0
PM0000031	GP-NM	803	803	803	803	803	0
PM0000036	BH-NM	0	0	0	0	-390	0
PM0000036	GP-NM	90	90	90	90	90	0
PM0000043	BH-NM	0	0	0	0	-2	0
PM0000043	GP-NM	2	2	2	2	2	0
PM0000051	BH-NM	0	0	0	-856	-856	0
PM0000060	BH-NM	0	0	0	0	-480	0
PM0000060	GP-NM	0	0	0	0	0	-480
PM0000062	BH-NM	0	0	0	-2968	-2968	0
PM0000062	GP-NM	2968	2968	2968	2968	2968	0
PM0000074	BH-NM	0	0	0	-32581.6	-99281.6	0
PM0000074	GP-NM	99281.6	99281.6	99281.6	99281.6	99281.6	0
PM0000075	BH-NM	0	0	0	-23513.33	-87500	0
PM0000075	GP-NM	87500	87500	87500	87500	87500	0
PM0000094	GP-NM	1000	1000	1000	1000	1000	0
PM0000104	BH-NM	0	0	0	0	-34	0
PM0000104	GP-NM	34	34	34	34	34	0
PM0000117	BH-NM	0	0	0	0	-1070	0
PM0000151	BH-NM	0	0	0	-2444	-2444	0
PM0000151	GP-NM	2444	2444	2444	2444	2444	0
PM0000153	BH-NM	0	0	0	0	-3	0
PM0000179	BH-NM	0	0	0	-1	-1	0
PM0000182	BH-NM	0	0	0	-103	-6	0
PM0000218	BH-NM	0	0	0	-8186	-7718	0
PM0000219	BH-NM	0	0	0	-8222	-7790	0
PM0000227	BH-NM	0	0	0	-20297	-20097	0
PM0000229	GP-NM	113.2	113.2	113.2	113.2	113.2	0
PM0000230	BH-NM	0	0	0	-20090	-25090	0
PM0000230	GP-NM	19590	19590	19590	19590	19590	0
PM0000246	BH-NM	0	0	0	0	-8	0
PM0000254	BH-NM	0	0	0	-31	-31	0
PM0000254	GP-NM	19	19	19	19	19	0
PM0000260	BH-NM	0	0	0	-1	-1	0
PM0000270	BH-NM	0	0	0	0	-1600	0
PM0000276	BH-NM	0	0	0	-163	-107	0
PM0000285	BH-NM	0	0	0	0	-37	0
PM0000286	BH-NM	0	0	0	0	-3000	0
PM0000286	GP-NM	0	0	0	0	0	-3000
PM0000288	BH-NM	0	0	0	0	-27	0
PM0000289	BH-NM	0	0	0	0	-627	0
PM0000347	BH-NM	0	0	0	0	-7300	0
PM0000347	GP-NM	0	0	0	0	0	0
PM0000348	BH-NM	0	0	0	0	-7300	0
PM0000348	GP-NM	0	0	0	0	0	0
PM0000358	BH-NM	0	0	0	0	-92	0
PM0000358	GP-NM	0	0	0	0	0	0
PM0000367	BH-NM	1500	1500	1500	1492	1492	0
PM0000367	GP-NM	8	8	8	8	8	0
PM0000369	GP-NM	29100	29100	29100	29100	29100	0
PM0000370	GP-NM	6000	6000	6000	6000	6000	0
PM0000385	BH-NM	0	0	0	-4212	-1512	0
PM0000385	GP-NM	1512	1512	1512	1512	1512	0
PM0000391	BH-NM	0	0	0	0	-59	0
PM0000391	GP-NM	59	59	59	59	59	0
PM0000395	BH-NM	0	0	0	0	-4	0
PM0000402	BH-NM	0	0	0	0	-3500	0
PM0000402	GP-NM	3500	3500	3500	3500	3500	0
PM0000403	BH-NM	0	0	0	0	-674	0
PM0000403	GP-NM	0	0	0	0	0	-674
PM0000407	BH-NM	0	0	0	-6300	-6300	0
PM0000407	GP-NM	6300	6300	6300	6300	6300	0
PM0000409	BH-NM	0	0	0	-27	-30	0
PM0000411	BH-NM	0	0	0	0	-240	0
PM0000419	BH-NM	0	0	0	0	-2405	0
PM0000419	GP-NM	2405	2405	2405	2405	2405	0
PM0000420	BH-NM	0	0	0	0	-700	0
PM0000420	GP-NM	700	700	700	700	700	0
PM0000424	BH-NM	0	0	0	0	-177	0
PM0000424	GP-NM	177	177	177	177	177	0
PM0000425	BH-NM	0	0	0	0	-2000	0
PM0000425	GP-NM	2000	2000	2000	2000	2000	0
PM0000426	BH-NM	0	0	0	0	-2000	0
PM0000426	GP-NM	2000	2000	2000	2000	2000	0
PM0000427	BH-NM	0	0	0	0	-3550	0
PM0000427	GP-NM	0	0	0	0	0	0
PM0000428	BH-NM	0	0	0	0	-3150	0
PM0000428	GP-NM	0	0	0	0	0	0
PM0000471	BH-NM	0	0	0	0	-3010	0
PM0000488	BH-NM	0	0	0	0	-2000	0
PM0000488	GP-NM	400	400	400	400	400	0
PM0000507	GP-NM	296.61	296.61	296.61	296.61	296.61	0
PM0000535	BH-NM	0	0	0	0	-300	0
PM0000584	GP-NM	6122	6122	6122	6122	6122	0
PM0000587	BH-NM	0	0	0	0	-2258	0
PM0000587	GP-NM	568	568	568	568	568	0
PM0000609	BH-NM	0	0	0	-1119	-2189	0
PM0000609	GP-NM	2189	2189	2189	2189	2189	0
PM0000615	BH-NM	0	0	0	0	-14	0
PM0000619	BH-NM	0	0	0	0	-1460	0
PM0000619	GP-NM	0	0	0	0	0	0
PM0000620	BH-NM	0	0	0	0	-188	0
PM0000620	GP-NM	188	188	188	188	188	0
PM0000626	BH-NM	0	0	0	0	-58	0
PM0000626	GP-NM	58	58	58	58	58	0
PM0000630	BH-NM	0	0	0	0	-371	0
PM0000658	BH-NM	0	0	0	-61	-62	0
PM0000658	GP-NM	62	62	62	62	62	0
PM0000662	GP-NM	14983	14983	14983	14983	14983	0
PM0000663	BH-NM	0	0	0	0	-5000	0
PM0000663	GP-NM	5000	5000	5000	5000	5000	0
PM0000669	BH-NM	0	0	0	-314	-314	0
PM0000669	GP-NM	14	14	14	14	14	0
PM0000670	BH-NM	0	0	0	0	-900	0
PM0000670	GP-NM	900	900	900	900	900	0
PM0000688	BH-NM	0	0	0	-300	-300	0
PM0000688	GP-NM	300	300	300	300	300	0
PM0000689	BH-NM	0	0	0	-300	-300	0
PM0000689	GP-NM	300	300	300	300	300	0
PM0000693	BH-NM	0	0	0	0	-1123	0
PM0000694	BH-NM	0	0	0	-184	-184	0
PM0000694	GP-NM	184	184	184	184	184	0
PM0000696	BH-NM	0	0	0	-1074	-1074	0
PM0000696	GP-NM	1074	1074	1074	1074	1074	0
PM0000838	BH-NM	0	0	0	-11	-11	0
PM0000852	BH-NM	0	0	0	0	-38400	0
PM0000852	GP-NM	38400	38400	38400	38400	38400	0
PM0000859	BH-NM	0	0	0	0	-819	0
PM0000859	GP-NM	819	819	819	819	819	0
PM0000863	BH-NM	0	0	0	-1604	-232	0
PM0000863	GP-NM	32	32	32	32	32	0
PM0000864	GP-NM	3420	3420	3420	3420	3420	0
PM0000865	BH-NM	0	0	0	0	-3675	0
PM0000865	GP-NM	3675	3675	3675	3675	3675	0
PM0000866	BH-NM	0	0	0	0	-3675	0
PM0000866	GP-NM	3675	3675	3675	3675	3675	0
PM0000868	BH-NM	0	0	0	0	-813	0
PM0000868	GP-NM	25	25	25	25	25	0
PM0000871	BH-NM	0	0	0	0	-214	0
PM0000871	GP-NM	104	104	104	104	104	0
PM0000873	GP-NM	49	49	49	49	49	0
PM0000874	GP-NM	116	116	116	116	116	0
PM0000875	GP-NM	72	72	72	72	72	0
PM0000876	BH-NM	0	0	0	0	-104	0
PM0000876	GP-NM	104	104	104	104	104	0
PM0000877	BH-NM	0	0	0	0	-222	0
PM0000877	GP-NM	222	222	222	222	222	0
PM0000884	BH-NM	0	0	0	0	-16.2	0
PM0000884	GP-NM	0	0	0	0	0	0
PM0000887	BH-NM	0	0	0	0	-9	0
PM0000101	BH-NM	17325	17325	17325	17325	17325	0
PM0000100	BH-NM	17325	17325	17325	17325	17325	0
PM0000154	BH-NM	8200	8200	8200	8200	8200	0
PM0000379	BH-NM	2210	2210	2210	2210	2210	0
PM0000380	BH-NM	2210	2210	2210	2210	2210	0
PM0000368	BH-NM	1508	1508	1508	1508	1508	0
PM0000381	BH-NM	1100	1100	1100	1100	1100	0
PM0000399	BH-NM	15000	15000	15000	15000	15000	0
PM0000400	BH-NM	15000	15000	15000	15000	15000	0
PM0000573	BH-NM	9500	9500	9500	9500	9500	0
PM0000574	BH-NM	9500	9500	9500	9500	9500	0
PM0000363	BH-NM	15600	15600	15600	15600	15600	0
PM0000364	BH-NM	15600	15600	15600	15600	15600	0
PM0000619	BH-BS	0	0	0	0	1460	0
PM0000336	BH-GR	0.5	0.5	0.5	0.5	0.5	0
PM0000684	BH-GR	0	0	0	0	0	-5
PM0000338	BH-GR	5	5	5	5	5	0
PM0000687	BH-GR	5	5	5	5	5	0
PM0000655	BH-GR	0.33	0.33	0.33	0.33	0.33	0
PM0000835	BH-BS	0	0	0	0	-242	0
PM0000054	BH-PF	0	0	0	0	0	0
PM0000484	BH-FG	75	-400	-400	-400	-400	0
PM0000484	BH-NM	400	400	400	400	400	0
PM0000485	BH-FG	107	-400	-400	-400	-400	0
PM0000485	BH-NM	400	400	400	400	400	0
PM0000486	BH-FG	0	-134	-134	-134	-134	0
PM0000486	BH-NM	134	134	134	134	134	0
PM0000473	BH-FG	0	-16	-16	-16	-16	0
PM0000473	BH-NM	16	16	16	16	16	0
PM0000481	BH-FG	0	-543	-543	-543	-543	0
PM0000481	BH-NM	543	543	543	543	543	0
PM0000483	BH-FG	0	-173	-173	-173	-173	0
PM0000483	BH-NM	173	173	173	173	173	0
PM0000482	BH-FG	0	-178	-178	-178	-178	0
PM0000482	BH-NM	178	178	178	178	178	0
PM0000475	BH-FG	241	-400	-400	-400	-400	0
PM0000475	BH-NM	400	400	400	400	400	0
PM0000476	BH-FG	0	-66	-66	-66	-66	0
PM0000476	BH-NM	66	66	66	66	66	0
PM0000477	BH-FG	0	-343	-343	-343	-343	0
PM0000477	BH-NM	343	343	343	343	343	0
PM0000480	BH-FG	0	-230	-230	-230	-230	0
PM0000480	BH-NM	230	230	230	230	230	0
FA0000398	DL-FA	1	1	1	1	1	0
PM0000517	GP-PM	-16800	-16800	-16800	-16800	-16800	0
PM0000369	BH-PM	0	0	0	0	0	0
PM0000370	BH-PM	0	0	0	0	0	0
PM0000880	BH-PM	0	0	0	0	0	0
PM0000881	BH-PM	0	0	0	0	0	0
PM0000835	BH-PM	0	-2066	-840	0	-1152	0
PM0000590	BH-PM	-1114	-764	-764	-564	-268	32
PM0000634	BH-PM	-3745	-3745	-3745	-3745	0	0
PM0000307	BH-PM	-12200	-12200	-7200	2800	-20000	0
PM0000308	BH-PM	-12200	-12200	-7200	2800	-20000	0
PM0000834	BH-BS	-1147	-1141	-1141	-1141	-1141	0
PM0000834	BH-PC	658	658	658	658	658	0
PM0000008	BH-PF	0	0	0	0	0	0
PM0000012	BH-PF	0	0	0	0	0	0
PM0000229	BH-PF	0	0	0	0	0	0
PM0000825	BH-PF	8	8	8	8	8	0
PM0000029	BH-PF	0	0	0	0	0	0
PM0000078	BH-PF	36	36	2	2	0	0
PM0000076	BH-PF	16	16	0	0	0	0
PM0000013	BH-PF	42	42	42	42	42	0
FA0000095	DL-FA	37	37	7	7	-4	0
FG0000446	BH-PF	471	471	471	471	471	0
FG0000145	PB-ST	-7	-7	0	-8	-8	0
FG0000145	PB-SG	-41	-41	-41	-41	-39	0
FG0000158	PB-ST	-2	-2	-2	-2	-2	0
FG0000158	PB-SG	0	0	0	0	0	0
FG0000011	PB-ST	-7	-3	-3	-3	-3	0
FG0000011	PB-SG	-52	-81	-81	-81	-81	0
FG0000028	PB-ST	0	-24	0	-8	-8	0
FG0000028	PB-SG	-219	-248	-248	-248	-248	0
FG0000042	PB-ST	0	0	0	-25	-25	0
FG0000042	PB-SG	-6	-6	-6	-6	-6	0
FG0000085	PB-ST	-13	-13	-13	-13	-13	0
FG0000085	PB-SG	-7	-7	-7	-7	-7	0
FG0000086	PB-ST	-101	-101	-101	-101	-101	0
FG0000086	PB-SG	-4	-4	-4	-4	-4	0
FG0000108	PB-ST	-3	-3	-3	-3	-3	0
FG0000108	PB-SG	0	0	0	0	0	0
FG0000191	PB-ST	-7	-7	-7	-7	-7	0
FG0000191	PB-SG	-13	-13	-13	-13	-13	0
FG0000193	PB-ST	-99	-99	-99	-99	-99	0
FG0000193	PB-SG	0	-60	-60	-60	-60	0
FG0000359	PB-ST	-575	-3	-3	-3	-3	0
FG0000359	PB-SG	-5	-82	-82	-82	-82	0
FG0000053	PB-ST	-1	-1	-1	-1	-1	0
FG0000053	PB-SG	0	0	0	0	0	0
FG0000005	PB-SG	-74	-91	-91	-91	-91	0
FG0000008	PB-SG	-56	-79	-79	-79	-79	0
FG0000009	PB-SG	-91	-91	-91	-91	-91	0
FG0000064	PB-SG	-30	-30	-30	-30	-30	0
FG0000170	PB-SG	-14	-14	-14	-14	-14	0
FG0000192	PB-SG	-126	-131	-131	-131	-131	0
FG0000109	PB-SG	-77	-77	-77	-77	-77	0
FG0000081	PB-SG	-10	-10	-10	-10	-10	0
FG0000169	PB-SG	-1	-1	-1	-1	-1	0
FG0000026	PB-SG	-55	-63	-63	-63	-63	0
FG0000002	PB-SG	-12	-12	-12	-12	-12	0
FG0000004	PB-SG	-186	-257	-257	-257	-257	0
FG0000015	PB-SG	-3	-15	-15	-15	-15	0
FG0000018	PB-SG	-116	-116	-116	-116	-116	0
FG0000022	PB-SG	-6	-6	-6	-6	-6	0
FG0000023	PB-SG	-48	-48	-48	-48	-48	0
FG0000032	PB-SG	-166	-207	-207	-207	-206	0
FG0000033	PB-SG	-39	-39	-39	-39	-39	0
FG0000054	PB-SG	-8	-8	-8	-8	-8	0
FG0000070	PB-SG	-21	-29	-29	-29	-29	0
FG0000146	PB-SG	-23	-23	-23	-23	-23	0
FG0000176	PB-SG	-24	-24	-23	-23	-23	0
PM0000832	BH-PF	0	0	0	0	0	0
PM0000113	BH-PM	0	0	0	0	0	0
FA0000399	BH-FA	2	2	2	2	2	0
PM0000117	BH-PM	-42500	-36500	-18500	-12000	-12000	-6000
PM0000118	BH-PM	-42500	-36500	-18500	-12000	-12000	-6000
PM0000834	BH-WST	12	12	12	12	12	0
PM0000012	BH-PM	3590	2210	-1735	-230	-230	0
PM0000003	BH-PF	0	0	0	0	0	0
PM0000632	BH-PF	0	0	0	0	0	0
PM0000062	BH-PC	-5089	-5050	-5050	-5050	-5050	-10
FG0000043	BH-PF	0	0	0	0	0	0
FG0000070	BH-BT	0	0	0	0	0	0
FG0000043	BH-BT	20	20	20	20	20	0
PM0000672	BH-PC	-12.31	-86.06	-130.69	-247.89	0	0
PM0000671	BH-PC	-82.33	-164.36	-144.1	-54.67	0	0
PM0000584	BH-PC	1438	1438	1436	-800	0	0
PM0000859	BH-PC	113	113	113	73	0	0
FG0000402	DL-INT	0	0	0	0	0	0
PM0000609	GP-FG	8300	8300	8300	7000	0	0
FG0000317	BH-PF	0	0	0	0	0	0
PM0000346	GP-FG	0	0	0	0	0	0
PM0000505	BH-BS	-50	-50	-50	0	0	0
PM0000505	GP-FG	50	50	50	0	0	0
PM0000507	BH-PM	-232	-232	-833	0	0	0
FG0000423	BH-EC	0	0	0	0	0	0
RM0000002	BH-GJ	-961.05	-1389.63	-46257.71	-93708.21	0	0
FG0000423	BH-PF	0	0	0	0	0	0
FG0000423	GP-FG	16	16	16	-20	0	0
PM0000629	GP-FG	2250	2250	2250	-150	0	0
PM0000074	GP-FG	35625	36000	34000	22850	0	0
PM0000193	BH-PM	0	-64200	-30000	-32000	0	0
FB0000014	BH-GR	0	0	0	0	0	0
PM0000507	BH-BS	0	0	-236	-40.38	0	0
PM0000672	BH-BS	0	-81.26	0	-16.2	0	0
PM0000393	BH-GR	0	-20	0	0	0	0
PM0000392	BH-GR	0	-20	0	0	0	0
PM0000589	BH-GR	0	-1	0	0	0	0
FG0000154	BH-GR	0	0	0	0	0	0
PM0000353	BH-GR	0	-11	0	0	0	0
PM0000354	BH-GR	0	-11	0	0	0	0
FG0000121	BH-GR	-11	0	0	0	0	0
PM0000356	BH-GR	0	-10	0	0	0	0
PM0000355	BH-GR	0	-10	0	0	0	0
FG0000118	BH-GR	-10	0	0	0	0	0
FB0000019	BH-GR	0	0	0	0	0	0
PM0000027	BH-GR	0	-30	0	0	0	0
PM0000083	BH-GR	0	-4	0	0	0	0
PM0000403	BH-GR	0	-20	0	0	0	0
FG0000013	BH-GR	0	0	0	0	0	0
PM0000122	BH-GR	0	-10	0	0	0	0
PM0000766	BH-GR	0	-4	0	0	0	0
FG0000016	BH-GR	0	0	0	0	0	0
FB0000018	BH-GR	16	0	0	0	0	0
RM0000003	BH-PF	2	2	2	2	0	0
PM0000517	BH-PF	3	3	3	3	0	0
PM0000085	BH-PF	3	3	3	3	0	0
FG0000112	GP-FG	-8	-8	0	0	0	0
FG0000074	BH-FG	516	-52	-36	0	0	0
PM0000671	BH-PM	-2216.3	-871.77	0	0	0	0
PM0000671	BH-BS	-271.9	-90.91	-48.46	-36.03	0	0
FG0000352	BH-GR	0	0	0	0	0	0
PM0000490	BH-PC	-2670	-2100	-2100	0	0	0
PM0000491	BH-PC	-4520	-4000	-4000	0	0	0
PM0000496	BH-PC	-1004	0	0	0	0	0
FG0000112	BH-EC	-16	-34	0	0	0	0
PM0000029	GP-FG	0	0	0	0	0	0
FG0000128	BH-EC	-21	-8	-3	0	0	0
FG0000348	GP-FG	-1085	-354	-300	0	0	0
FG0000015	BH-EC	0	0	0	0	0	0
FG0000417	BH-EC	0	0	0	0	0	0
FG0000324	BH-EC	0	-442	0	0	0	0
FG0000228	BH-EC	-21	-1	0	0	0	0
RM0000014	BH-LO	0	-18131.85	-10000	-460	0	0
RM0000011	BH-GJ	0	0	0	0	0	0
FG0000282	BH-EC	-1668	-1668	-1320	0	0	0
PM0000107	BH-NM	0	0	0	0	0	0
PM0000825	BH-NM	0	0	0	-333	0	0
FA0000356	BH-FA	1	1	1	0	0	0
FA0000359	BH-FA	10	10	10	0	0	0
FA0000360	BH-FA	10	10	10	0	0	0
FA0000361	BH-FA	2	2	2	0	0	0
FA0000363	BH-FA	11	11	11	-4	0	0
FA0000364	BH-FA	13	13	13	-2	0	0
FA0000362	BH-FA	5	5	5	0	0	0
FG0000418	BH-EC	0	0	0	0	0	0
FG0000035	BH-EC	-2400	-2400	-2400	0	0	0
RM0000011	BH-JW	0	0	0	-4821.5	0	0
PM0000632	BH-EC	0	0	0	0	0	0
FG0000352	GP-FG	-769	-769	-1203	-1	0	0
FG0000402	DL-PS	0	0	0	0	0	0
FA0000371	DL-FA	2	2	2	0	0	0
PM0000219	BH-PM	0	0	0	-9568	0	0
PM0000218	BH-PM	0	0	0	-9532	0	0
PM0000080	BH-NM	0	0	0	0	0	0
FG0000402	BH-INT	0	0	0	0	0	0
SF0000001	BH-GJ	0	0	0	0	0	0
PM0000084	BH-BS	-8579	-8575	-7853	0	0	0
PM0000058	BH-PF	0	0	0	0	0	0
PM0000866	BH-PF	0	0	0	0	0	0
PM0000865	BH-PF	0	0	0	0	0	0
PM0000235	BH-PF	0	0	0	0	0	0
PM0000507	BH-PF	0	0	0	0	0	0
PM0000058	DL-INT	0	0	0	-14000	0	0
PM0000866	DL-INT	0	0	0	-9500	0	0
PM0000865	DL-INT	0	0	0	-9500	0	0
PM0000235	DL-INT	0	0	0	-14000	0	0
PM0000507	DL-INT	0	0	0	-190	0	0
FG0000011	BH-LR	-1588	-147	0	0	0	0
FG0000139	BH-LR	-876	-660	0	0	0	0
FG0000151	BH-LR	-399	-379	0	0	0	0
FG0000402	BH-JW	0	0	0	0	0	0
PM0000590	BH-BS	-189	0	0	-190	0	0
FA0000367	BH-FA	1	1	1	0	0	0
FA0000122	BH-FA	0	0	0	-1	0	0
FA0000123	BH-FA	12	12	12	0	0	0
FA0000368	BH-FA	1	1	1	0	0	0
FA0000369	BH-FA	1	1	1	0	0	0
FG0000408	BH-EC	0	0	0	0	0	0
FG0000136	BH-EC	0	0	0	0	0	0
PM0000073	BH-JW	0	0	0	-75	0	0
PM0000195	BH-PM	0	0	0	-46032	0	0
PM0000075	BH-JW	0.56	0.56	0.56	0	0	0
FG0000224	BH-SC	-6	0	-4	-47	0	0
PM0000023	BH-BS	-22000	-16000	-16000	-11005	0	0
PM0000022	BH-BS	-31400	-25400	-25400	-17950	0	0
PM0000859	BH-BS	-42	-42	-42	-51	0	0
FG0000275	GP-FG	0	0	0	-145	0	0
FG0000014	GP-FG	-72	-72	-72	0	0	0
PM0000050	BH-BS	-2450	-2450	-2450	-1100	0	0
PM0000049	BH-BS	-2450	-2450	-2450	-1100	0	0
FG0000297	BH-PF	0	0	0	0	0	0
FG0000316	GP-FG	14	-88	-140	11	0	0
FG0000169	GP-FG	-8	-375	-375	0	0	0
PM0000408	GP-PM	0	0	-2	-2	0	0
PM0000468	GP-PM	0	0	-2	-2	0	0
PM0000228	GP-PM	0	0	-2	-2	0	0
PM0000194	GP-PM	0	0	-2	-2	0	0
FG0000409	BH-JW	2617	2617	2617	2617	0	0
RM0000036	BH-CRUDE	-0.51	-0.51	-0.51	-1465.51	0	0
FG0000441	BH-EC	0	0	0	0	0	0
FG0000178	BH-PC	0	0	0	0	0	0
PM0000630	BH-PM	-9880	-9880	-9880	-9880	0	0
PM0000039	BH-BS	-6800	-6800	-6800	-6800	0	0
PM0000039	BH-PC	1530	1530	1530	1530	0	0
PM0000038	BH-PC	1625	1625	1625	1625	0	0
PM0000609	BH-BS	-3400	-3400	-2494	-3070	0	0
PM0000609	BH-PC	-590	-590	-695	0	0	0
FG0000031	BH-PF	0	-180	0	0	0	0
PM0000076	BH-EC	0	0	0	0	0	0
PM0000078	BH-EC	0	0	0	0	0	0
FG0000032	BH-INT	-409	0	0	0	0	0
FG0000145	BH-INT	0	0	0	0	0	0
FG0000074	BH-EC	-1088	-777	0	0	0	0
FG0000150	BH-LR	-712	-74	0	0	0	0
FG0000232	BH-LR	-432	-12	0	0	0	0
PM0000025	BH-PM	-13800	-13800	-7300	-7300	-7100	-7100
PM0000403	BH-PM	-13456	-13456	-10396	-7236	-1636	-1636
PM0000247	BH-PM	-3000	-2400	-2000	-1100	0	0
PM0000247	BH-BS	0	-145	-326	0	0	0
FG0000029	BH-PF	0	0	0	0	0	0
PM0000003	GP-PM	0	0	0	0	0	0
PM0000013	GP-PM	0	0	0	0	0	0
PM0000078	GP-PM	0	0	0	0	0	0
PM0000077	GP-PM	0	0	0	0	0	0
PM0000259	GP-PM	0	0	0	0	0	0
PM0000076	GP-PM	0	0	0	0	0	0
PM0000080	GP-PM	0	0	0	0	0	0
PM0000395	GP-PM	0	0	0	0	0	0
PM0000825	GP-PM	0	0	0	0	0	0
PM0000006	GP-FG	0	0	0	-100	0	0
PM0000041	BH-PM	0	0	-5600	-5200	-5100	-5100
PM0000042	BH-PM	0	0	-5600	-5200	-5100	-5100
FG0000030	PB-JP	-8431	-2079	-2679	-2679	0	0
FG0000011	PB-JP	279	647	647	595	0	0
RM0000039	BH-EC	0	0	0	0	0	0
PM0000006	GP-PM	0	0	0	0	-70	-70
PM0000247	BH-NM	0	0	0	-276	0	0
FA0000363	GP-FA	4	4	4	4	0	0
FA0000364	GP-FA	2	2	2	2	0	0
PM0000609	BH-PM	22900	22900	22900	12900	0	0
FA0000370	BH-FA	1	1	1	1	0	0
FA0000079	BH-FA	1	1	1	1	0	0
FG0000006	BH-PF	0	0	0	0	0	0
PM0000335	BH-PM	-6480	-6480	-5832	-4640	0	0
PM0000471	BH-PM	-8000	-8000	-8000	-8000	0	0
PM0000660	BH-NM	0	0	0	-5.7	0	0
PM0000058	DL-PS	0	0	0	0	0	0
PM0000866	DL-PS	0	0	0	0	0	0
PM0000865	DL-PS	0	0	0	0	0	0
PM0000235	DL-PS	0	0	0	0	0	0
PM0000507	DL-PS	0	0	0	0	0	0
PM0000657	BH-FG	0	0	0	0	0	0
FG0000015	GP-FG	-1	-131	0	0	0	0
PM0000060	BH-PM	-105000	-51000	0	0	0	0
PM0000075	GP-FG	4550	4550	2550	800	0	0
FG0000379	BH-EC	-219	-13280	-6	-5	0	0
PM0000053	BH-PF	24	24	0	0	0	0
PM0000471	BH-PF	5	5	5	5	0	0
PM0000468	BH-PF	3	3	-5	-5	0	0
RM0000037	BH-GJ	0	0	0	1071.43	0	0
FA0000110	BH-FA	0	0	0	0	0	0
PM0000075	BH-EC	0	0	0	0	0	0
FG0000030	BH-INT	0	-6600	0	0	0	0
FG0000011	BH-INT	0	-1005	0	0	0	0
FG0000178	PB-JP	-65	-62	-62	-62	0	0
FG0000178	BH-INT	0	-3	0	0	0	0
FG0000026	PB-JP	-47	0	0	-16	0	0
FG0000026	BH-INT	0	-47	0	0	0	0
FG0000379	PB-JP	0	0	0	-4000	0	0
FG0000379	BH-INT	-121	0	0	0	0	0
FG0000011	PB-INT	-1528	-1100	-1100	-1000	0	0
FG0000031	PB-INT	-1000	-1000	-1000	-1000	0	0
FG0000031	PB-JP	-1372	630	630	630	0	0
FG0000031	BH-INT	0	-1854	0	0	0	0
FG0000029	PB-JP	-323	-213	-213	-213	0	0
FG0000029	BH-INT	0	-110	0	0	0	0
FG0000012	PB-JP	91	139	139	139	0	0
FG0000012	BH-INT	0	-48	0	0	0	0
FA0000138	BH-FA	-1	-1	-1	-1	0	0
PM0000020	BH-NM	0	0	0	-3741	0	0
PM0000019	BH-NM	0	0	0	-430	0	0
FG0000161	PB-JP	-48	-48	-48	-48	0	0
FG0000161	BH-INT	0	0	0	0	0	0
FG0000407	BH-EC	0	0	0	0	0	0
SC0000075	BH-SC	32	32	-1	0	0	0
PM0000058	BH-INT	0	0	0	0	0	0
PM0000235	BH-INT	0	0	0	0	0	0
PM0000507	BH-INT	0	0	0	0	0	0
PM0000865	BH-INT	0	0	0	0	0	0
PM0000866	BH-INT	0	0	0	0	0	0
FG0000033	BH-EC	-222	-222	0	0	0	0
PM0000122	BH-PM	-6	0	0	0	0	0
SF0000008	BH-OT	2000	2000	2000	1000	0	0
PM0000656	BH-PC	-571	-355	-396	-372	0	0
PM0000394	BH-PM	0	0	0	0	0	0
FA0000116	BH-FA	1	1	1	1	0	0
FA0000174	BH-FA	1	1	1	1	0	0
FA0000256	BH-FA	8	8	8	8	0	0
FG0000243	GP-FG	-2421	-2421	-3600	-3200	0	0
PM0000671	BH-NM	0	0	0	-45.84	0	0
PM0000630	BH-PC	222	222	222	222	0	0
FA0000026	BH-FA	1	1	1	1	0	0
RM0000035	BH-GJ	0	0	0	0	0	0
PM0000289	BH-PM	-1800	600	-3047	-3047	0	0
PM0000288	BH-PM	-1800	600	-3047	-3047	0	0
FA0000375	BH-FA	1	1	1	1	0	0
FA0000376	BH-FA	1	1	1	1	0	0
FA0000381	BH-FA	5	5	5	5	0	0
FA0000385	BH-FA	10	10	10	10	0	0
FA0000377	BH-FA	10	10	10	10	0	0
FA0000378	BH-FA	5	5	5	5	0	0
FA0000384	BH-FA	4	4	4	4	0	0
FA0000382	BH-FA	5	5	5	5	0	0
FA0000379	BH-FA	1	1	1	1	0	0
FA0000386	BH-FA	5	5	5	5	0	0
FA0000380	BH-FA	10	10	10	10	0	0
FA0000383	BH-FA	2	2	2	2	0	0
FA0000354	BH-FA	1	1	1	1	0	0
FA0000339	BH-FA	0	0	-2	-2	0	0
RM0000052	BH-OT	249949	0	0	0	0	0
PM0000186	BH-BS	-9349	-3287	-3287	-3287	0	0
PM0000186	BH-PC	56	52	52	52	0	0
PM0000288	BH-PC	-22	278	278	278	0	0
PM0000289	BH-PC	338	109	109	338	0	0
PM0000630	GP-FG	0	0	0	0	0	0
RM0000030	BH-LO	-32015.29	-27615.29	-25875	-350	0	0
PM0000121	BH-PM	-4872	-51912	0	0	0	0
SF0000009	GP-FG	0	0	0	0	0	0
FA0000346	BH-FA	1	1	1	1	0	0
PM0000186	BH-NM	-1965	-1965	-1965	-1965	0	0
FG0000198	BH-SC	216	216	-1	-1	0	0
PM0000411	GP-FG	30	30	30	30	0	0
FG0000083	BH-EC	-2	-2	0	0	0	0
RM0000062	BH-CRUDE	-13.21	-13.21	-13.21	-13.21	0	0
PM0000500	BH-BS	0	0	0	-150	0	0
PM0000499	BH-BS	0	0	0	-150	0	0
PM0000227	BH-PM	-15204	-9204	2796	2796	20796	20796
PM0000022	BH-PM	41500	41500	41500	41500	0	0
PM0000023	BH-PM	41500	41500	41500	41500	0	0
PM0000500	BH-PC	2	2	2	2	0	0
PM0000630	BH-WST	355	355	355	355	0	0
PM0000500	BH-WST	0	0	0	0	0	0
FG0000349	GP-FG	-6784	-6245	-6245	-6245	0	0
FG0000349	BH-EC	-551	-9	-53	-53	0	0
PM0000394	BH-NM	0	0	0	0	0	0
PM0000235	BH-NM	0	0	0	0	0	0
PM0000469	BH-NM	0	0	0	0	0	0
PM0000525	BH-NM	0	0	0	0	0	0
PM0000524	BH-NM	0	0	0	0	0	0
PM0000122	BH-NM	0	0	0	0	0	0
PM0000878	BH-NM	0	0	0	0	0	0
PM0000009	BH-NM	0	0	0	0	0	0
PM0000108	BH-NM	0	0	0	0	0	0
PM0000193	BH-NM	0	0	0	0	0	0
PM0000224	BH-NM	0	0	0	0	0	0
PM0000722	BH-NM	0	0	0	-25	0	0
PM0000012	BH-NM	0	0	0	-6	0	0
PM0000386	BH-NM	0	0	0	-2500	0	0
PM0000692	BH-NM	0	0	0	-4860	0	0
PM0000007	BH-NM	0	0	0	-5	0	0
PM0000658	BH-BS	0	-100	-100	-1	0	0
PM0000499	BH-NM	0	0	0	0	0	0
PM0000027	BH-NM	0	0	0	0	0	0
PM0000286	BH-BS	0	0	0	0	3000	3000
PM0000391	BH-BS	0	0	0	-59	0	0
PM0000424	BH-EC	0	0	0	0	0	0
PM0000073	BH-FG	0	0	-20	-20	0	0
PM0000182	GP-FG	36	-44	-24	-20	0	0
PM0000247	GP-FG	48	48	48	-2	0	0
PM0000507	GP-FG	0	0	0	-469	0	0
PM0000722	GP-FG	10	10	10	-15	0	0
FG0000408	BH-WST	13	13	13	13	0	0
FG0000407	BH-WST	4	4	4	1	0	0
FG0000033	BH-WST	3	1	4	4	0	0
FG0000032	BH-WST	-1	-1	2	1	0	0
FG0000047	BH-WST	3	3	4	2	0	0
FG0000405	BH-WST	8	8	8	8	0	0
FG0000054	BH-WST	-9	-11	7	4	0	0
FG0000023	BH-WST	1	0	4	3	0	0
FG0000004	BH-WST	-7	-11	6	3	0	0
FG0000145	BH-WST	10	10	10	8	0	0
FG0000042	BH-WST	1	1	1	1	0	0
FG0000389	BH-WST	23	23	23	20	0	0
FG0000011	BH-WST	-5	-7	3	3	0	0
FG0000030	BH-WST	-8	-8	8	8	0	0
FG0000379	BH-WST	9	9	9	6	0	0
FG0000028	BH-WST	1	1	3	3	0	0
FG0000008	BH-WST	28	21	53	52	0	0
FG0000021	BH-WST	7	-3	26	7	0	0
FG0000013	BH-WST	0.5	0.25	0.5	0.5	0	0
FG0000020	BH-WST	0.25	0	0.25	0.25	0	0
FG0000150	BH-WST	1	-2	2	2	0	0
FG0000418	BH-WST	26	26	26	26	0	0
FG0000194	BH-WST	-122	-126	20	1	0	0
FG0000299	BH-WST	94	70	137	73	0	0
FG0000359	BH-WST	80	50	114	40	0	0
FG0000422	BH-WST	38	38	38	38	0	0
FG0000012	PB-INT	-200	-200	-200	-200	0	0
FG0000081	BH-WST	4	2	5	2	0	0
FG0000268	BH-WST	5.5	5.5	5.5	5.5	0	0
FG0000106	BH-WST	-131	-145	13	1	0	0
FG0000136	BH-WST	1	1	21	21	0	0
FG0000151	BH-WST	-27	-29	5	4	0	0
PM0000838	BH-PM	-460	-460	-270	-270	0	0
PM0000846	BH-BS	-2900	-2900	0	-500	0	0
PM0000846	BH-PC	305	305	-452	48	0	0
PM0000843	BH-BS	-2900	-2900	0	-500	0	0
PM0000843	BH-PC	283	283	-452	48	0	0
PM0000838	BH-PC	33	33	28	28	0	0
RM0000001	BH-GJ	0	0	0	0	0	0
PM0000843	BH-PM	0	0	0	0	0	0
PM0000846	BH-PM	0	0	0	0	0	0
FG0000363	BH-PF	0	0	0	0	0	0
PM0000080	BH-PF	4	4	0	0	0	0
PM0000031	BH-PF	3	3	0	0	0	0
FA0000389	BH-FA	1	1	1	1	0	0
FA0000372	BH-FA	1	1	1	1	0	0
FG0000363	BH-EC	-30	-30	-30	-30	0	0
FG0000365	BH-EC	-400	-400	-400	-400	0	0
FG0000363	GP-FG	0	0	-110	-110	0	0
PM0000846	BH-WST	112	112	112	112	0	0
PM0000843	BH-WST	112	112	112	112	0	0
FG0000311	BH-EC	-20	-20	-20	-20	0	0
PM0000279	BH-PF	0	0	0	0	0	0
PM0000251	BH-PF	1	1	1	1	0	0
PM0000077	BH-PF	5	5	1	1	0	0
PM0000418	BH-BS	-2000	-2000	-2000	-2000	0	0
PM0000417	BH-BS	-2000	-2000	-2000	-2000	0	0
FG0000443	BH-EC	0	0	0	0	0	0
FA0000393	BH-FA	3	3	3	3	0	0
FA0000023	BH-FA	1	1	1	1	0	0
RM0000043	BH-GJ	0	0	0	0	0	0
PM0000402	BH-PM	-56000	-56000	-30000	-30000	0	0
FG0000445	BH-PF	0	0	0	0	0	0
FA0000197	DL-FA	1	1	1	1	0	0
RM0000043	BH-LO	6414.3	6414.3	5216.5	5494.5	0	0
PM0000634	GP-FG	0	0	-20	0	0	0
FG0000176	BH-INT	0	0	0	0	0	0
FG0000383	GP-FG	0	-203	-3	0	0	0
FG0000116	BH-EC	-930	-2	0	0	0	0
FG0000026	GP-FG	0	-18	-71	0	0	0
FG0000042	BH-FG	5046	2374	0	0	0	0
FG0000324	BH-FG	466	129	0	0	0	0
FG0000359	PB-SP	-177	-3	0	0	0	0
FG0000015	PB-SP	-8	-16	0	0	0	0
FG0000146	PB-SP	-24	-24	0	0	0	0
FG0000028	PB-SP	-50	-50	0	0	0	0
FG0000008	PB-SP	-33	-65	0	0	0	0
FG0000005	PB-SP	-149	-149	0	0	0	0
FG0000192	PB-SP	-278	-190	0	0	0	0
FG0000004	PB-SP	-96	-205	0	0	0	0
FG0000009	PB-SP	-242	-238	0	0	0	0
FG0000042	PB-SP	-400	-400	0	0	0	0
FG0000032	PB-SP	-770	-1022	0	0	0	0
FG0000004	BH-FG	978	-649	0	0	0	0
FG0000054	BH-EC	-57	-57	0	0	0	0
FG0000176	BH-EC	-20	-20	0	0	0	0
FG0000145	BH-EC	-64	-20	0	0	0	0
FG0000281	BH-EC	-9	-9	0	0	0	0
FA0000338	DL-FA	1	0	0	0	0	0
FG0000344	BH-PF	0	0	0	0	0	0
FG0000250	BH-PF	-92	-92	0	0	0	0
PM0000346	BH-PC	0	0	0	0	0	0
FG0000005	BH-FG	0	-298	0	0	0	0
FG0000008	BH-FG	0	-27	0	0	0	0
FG0000009	BH-FG	0	-81	0	0	0	0
FG0000015	BH-FG	0	-13	0	0	0	0
FG0000028	BH-FG	29	-234	0	0	0	0
FG0000032	BH-FG	90	-409	0	0	0	0
FG0000047	BH-FG	0	-343	0	0	0	0
FG0000082	BH-FG	0	-279	0	0	0	0
FG0000082	BH-EC	0	-729	0	0	0	0
FG0000083	BH-FG	0	-157	0	0	0	0
FG0000116	BH-FG	0	-50	0	0	0	0
FG0000282	BH-FG	0	-152	0	0	0	0
FG0000295	BH-FG	0	-139	0	0	0	0
FG0000305	BH-FG	0	-36	0	0	0	0
FG0000305	BH-EC	-90	-90	0	0	0	0
FG0000306	BH-FG	0	-22	0	0	0	0
FG0000318	BH-FG	0	-205	0	0	0	0
FG0000319	BH-FG	0	-4	0	0	0	0
FG0000319	BH-EC	-1778	-5010	-4934	0	0	0
FG0000349	BH-FG	0	-700	0	0	0	0
FG0000374	BH-FG	0	-59	0	0	0	0
FG0000379	BH-FG	0	-36	0	0	0	0
SC0000079	BH-FG	0	-492	0	0	0	0
FG0000372	DL-PS	2	0	0	0	0	0
FG0000372	BH-INT	0	0	0	0	0	0
FG0000011	BH-FG	0	0	0	0	0	0
FG0000039	BH-FG	0	0	0	0	0	0
FG0000064	BH-FG	0	0	0	0	0	0
FG0000081	BH-FG	0	0	0	0	0	0
FG0000112	BH-FG	0	0	0	0	0	0
FG0000114	BH-FG	0	0	0	0	0	0
FG0000142	BH-FG	0	0	0	0	0	0
FG0000148	BH-FG	0	0	0	0	0	0
FG0000149	BH-FG	0	0	0	0	0	0
FG0000150	BH-FG	0	0	0	0	0	0
FG0000157	BH-FG	0	0	0	0	0	0
FG0000157	BH-EC	-180	-863	0	0	0	0
FG0000161	BH-FG	0	0	0	0	0	0
FG0000183	BH-FG	0	0	0	0	0	0
FG0000185	BH-FG	0	0	0	0	0	0
FG0000187	BH-FG	0	0	0	0	0	0
FG0000189	BH-FG	0	0	0	0	0	0
FG0000192	BH-FG	0	0	0	0	0	0
FG0000193	BH-FG	0	0	0	0	0	0
FG0000194	BH-FG	0	0	0	0	0	0
FG0000197	BH-FG	-137	0	0	0	0	0
FG0000198	BH-FG	-79	-207	0	0	0	0
FG0000198	BH-EC	0	0	0	0	0	0
FG0000221	BH-FG	-105	-148	0	0	0	0
FG0000228	BH-FG	0	0	0	0	0	0
FG0000232	BH-FG	0	0	0	0	0	0
FG0000233	BH-FG	-246	-434	0	0	0	0
FG0000233	BH-EC	0	0	0	0	0	0
FG0000283	BH-FG	-59	-311	0	0	0	0
FG0000289	BH-FG	-159	-331	0	0	0	0
FG0000289	BH-EC	0	0	0	0	0	0
FG0000338	BH-FG	-1787	-2123	0	0	0	0
FG0000338	BH-EC	0	0	0	0	0	0
FG0000352	BH-FG	0	0	0	0	0	0
FG0000370	BH-FG	0	0	0	0	0	0
FG0000382	BH-FG	0	-2081	0	0	0	0
FG0000386	BH-FG	-1257	-21984	0	0	0	0
FG0000388	BH-FG	-374	-9	0	0	0	0
FG0000388	BH-EC	0	0	0	0	0	0
PM0000003	BH-FG	50	-20	0	0	0	0
PM0000013	BH-FG	-41	-121	-61	0	0	0
FG0000243	BH-EC	-1179	-1179	0	0	0	0
FG0000031	BH-EC	-175	-175	0	0	0	0
FG0000146	BH-EC	-134	-134	0	0	0	0
FG0000003	BH-EC	-105	-105	0	0	0	0
FG0000012	BH-EC	-39	-39	0	0	0	0
FG0000188	BH-EC	-34	-34	0	0	0	0
FG0000188	GP-FG	34	34	0	0	0	0
FG0000030	PB-RG	-404	-761	0	0	0	0
FG0000030	PB-SP	-815	-815	0	0	0	0
FG0000379	PB-RG	0	-735	0	0	0	0
FG0000379	PB-SP	-344	-6304	0	0	0	0
PM0000835	GP-FG	0	0	0	0	0	0
PM0000228	GP-FG	0	0	0	0	0	0
PM0000468	GP-FG	0	0	0	0	0	0
PM0000226	GP-FG	0	0	0	0	0	0
PM0000227	GP-FG	0	0	0	0	0	0
PM0000357	GP-FG	0	0	0	0	0	0
PM0000289	GP-FG	0	0	0	0	0	0
PM0000288	GP-FG	0	0	0	0	0	0
PM0000672	BH-PM	-453.6	-550.8	-162	0	0	0
PM0000521	BH-WST	0	0	0	0	0	0
PM0000520	BH-WST	0	0	0	0	0	0
PM0000817	BH-PM	0	0	0	0	0	0
SF0000006	BH-FG	0	-41960	0	0	0	0
SF0000006	BH-PC	0	0	0	0	0	0
PM0000853	BH-FG	150230	-361280	0	0	0	0
PM0000853	BH-PC	0	0	0	0	0	0
FG0000134	BH-EC	-398	-277	0	0	0	0
FG0000138	BH-EC	-48	-22	0	0	0	0
FG0000296	BH-EC	-139	-36	0	0	0	0
FG0000386	BH-PF	-10	0	0	0	0	0
FG0000106	BH-FG	600	600	0	0	0	0
FG0000151	BH-FG	175	175	0	0	0	0
PM0000246	BH-PC	53	53	-9	0	0	0
RM0000002	BH-WST	0	0	-799	0	0	0
FG0000003	BH-WST	-3	-4	0	0	0	0
RM0000001	BH-WST	637.88	637.88	0	0	0	0
FG0000005	BH-WST	-7	-7	0	0	0	0
PM0000235	BH-FG	0	-101120	0	0	0	0
PM0000078	BH-FG	-2	-2	0	0	0	0
PM0000615	BH-FG	-1	-1	0	0	0	0
PM0000411	BH-FG	0	-60	0	0	0	0
PM0000722	BH-FG	-2	-12	0	0	0	0
PM0000284	BH-FG	85.67	-13	0	0	0	0
PM0000012	BH-FG	0	-1	0	0	0	0
PM0000082	BH-FG	-105	-91	0	0	0	0
PM0000076	BH-FG	-2	-2	0	0	0	0
FG0000009	BH-WST	-9	-9	0	0	0	0
RM0000003	BH-WST	1049.03	1049.03	0	0	0	0
PM0000027	BH-WST	-200	-200	0	0	0	0
PM0000083	BH-WST	0	0	0	0	0	0
PM0000403	BH-WST	0	0	0	0	0	0
PM0000103	BH-WST	46	46	0	0	0	0
PM0000102	BH-WST	46	46	0	0	0	0
PM0000100	BH-WST	0	0	0	0	0	0
PM0000110	BH-WST	0.01	0.01	0	0	0	0
PM0000101	BH-WST	0	0	0	0	0	0
FG0000014	BH-WST	-46	-46	0	0	0	0
FG0000015	BH-WST	0	-2	0	0	0	0
FA0000089	DL-FA	1	1	0	0	0	0
RM0000009	BH-WST	0	0	-2014.31	0	0	0
FG0000053	BH-WST	-20	-20	0	0	0	0
FG0000064	BH-WST	-5	-6	1	0	0	0
FG0000070	BH-WST	-1	-1	0	0	0	0
FG0000074	BH-WST	-12	-12	0	0	0	0
RM0000025	BH-WST	1265.73	1265.73	0	0	0	0
FG0000085	BH-WST	-3	-3	0	0	0	0
FG0000112	BH-WST	-8	-8	0	0	0	0
RM0000021	BH-WST	45	45	0	0	0	0
FG0000128	BH-WST	-4	-5	1	0	0	0
FG0000131	BH-WST	-1	-1	0	0	0	0
PM0000364	BH-WST	0	0	0	0	0	0
PM0000363	BH-WST	0	0	0	0	0	0
FG0000135	BH-WST	-8	-8	0	0	0	0
RM0000011	BH-WST	55	55	0	0	0	0
FG0000143	BH-WST	-2	-3	0	0	0	0
FG0000146	BH-WST	-2	-2	0	0	0	0
FG0000155	BH-WST	-3	-3	0	0	0	0
FG0000160	BH-WST	-16	-16	0	0	0	0
PM0000397	BH-PC	-1200	-1200	0	0	0	0
PM0000396	BH-PC	0	0	0	0	0	0
FG0000176	BH-WST	-3	-4	0	0	0	0
FG0000192	BH-WST	-2	-2	0	0	0	0
FA0000341	DL-FA	240	240	0	0	0	0
RM0000007	BH-WST	21	21	0	0	0	0
FG0000227	BH-WST	0	0	1	0	0	0
RM0000040	BH-WST	7375	7375	0	0	0	0
FG0000232	BH-WST	-1475	-1475	0	0	0	0
RM0000054	BH-PC	-1138	-1958	0	0	0	0
FG0000242	BH-WST	5	5	20	0	0	0
FG0000243	BH-WST	-21	-21	0	0	0	0
FG0000276	BH-WST	-151	-151	0	0	0	0
PM0000636	BH-WST	0	0	0	0	0	0
PM0000637	BH-WST	6	6	0	0	0	0
FG0000281	BH-WST	-6	-6	0	0	0	0
FG0000300	BH-WST	-5	-5	1	0	0	0
RM0000056	BH-WST	5	5	0	0	0	0
FG0000305	BH-WST	0	-1	0	0	0	0
FG0000306	BH-WST	1	1	1	0	0	0
PM0000688	BH-WST	0	0	0	0	0	0
PM0000689	BH-WST	0	0	0	0	0	0
FG0000307	BH-WST	-1	-1	0	0	0	0
RM0000054	BH-WST	126	126	0	0	0	0
FG0000324	BH-WST	0	0	0	0	0	0
PM0000675	BH-WST	0	0	0	0	0	0
PM0000676	BH-WST	0	0	0	0	0	0
FG0000348	BH-WST	0	-1	0	0	0	0
RM0000053	BH-WST	36	36	0	0	0	0
PM0000150	BH-WST	72	72	0	0	0	0
PM0000816	BH-WST	0	0	0	0	0	0
PM0000815	BH-WST	0	0	0	0	0	0
PM0000153	BH-WST	0	0	0	0	0	0
FG0000352	BH-WST	-72	-72	0	0	0	0
FG0000404	BH-WST	0	0	0	0	0	0
PM0000246	BH-WST	0	0	0	0	0	0
PM0000508	BH-WST	-1.25	-1.25	0	0	0	0
PM0000587	BH-WST	-2	-2	0	0	0	0
PM0000830	BH-WST	-7	-7	0	0	0	0
FG0000015	PB-RG	-6	-21	0	0	0	0
FG0000009	PB-RG	-4	-10	0	0	0	0
FG0000008	PB-RG	-23	-27	0	0	0	0
FG0000004	PB-RG	-37	-99	0	0	0	0
FG0000192	PB-RG	-2	-9	0	0	0	0
FG0000042	PB-RG	-2	-2	0	0	0	0
FG0000005	PB-RG	-6	-11	0	0	0	0
FG0000028	PB-RG	-2	-2	0	0	0	0
FG0000032	PB-RG	-88	-107	0	0	0	0
FG0000011	PB-RG	-12	-51	0	0	0	0
FG0000026	PB-RG	-8	-15	0	0	0	0
FG0000070	PB-RG	-9	-13	0	0	0	0
FG0000031	PB-RG	-2	-2	0	0	0	0
FG0000081	PB-RG	-2	-2	0	0	0	0
FG0000116	PB-RG	-2	-2	0	0	0	0
FG0000142	PB-RG	-2	-2	0	0	0	0
FG0000227	PB-RG	-2	-2	0	0	0	0
FG0000255	PB-RG	-2	-2	0	0	0	0
FG0000083	PB-RG	-1	-1	0	0	0	0
FG0000222	PB-RG	-2	-2	0	0	0	0
FG0000082	PB-RG	-1	-1	0	0	0	0
FG0000136	PB-RG	-318	-428	0	0	0	0
FG0000136	PB-SP	-4932	-4932	-125	0	0	0
PM0000096	BH-WST	-1	-1	0	0	0	0
PM0000341	BH-WST	-1	-1	0	0	0	0
PM0000488	BH-WST	0	-30	0	0	0	0
PM0000489	BH-WST	0	-35	0	0	0	0
PM0000748	BH-WST	0	0	0	0	0	0
PM0000749	BH-WST	0	0	0	0	0	0
PM0000807	BH-WST	-13	-13	0	0	0	0
PM0000808	BH-WST	-13	-13	0	0	0	0
PM0000854	BH-WST	0	-40	0	0	0	0
PM0000868	BH-WST	0	0	0	0	0	0
PM0000808	BH-FG	70	-6	0	0	0	0
PM0000808	BH-BS	82	82	0	0	0	0
PM0000807	BH-FG	70	-6	0	0	0	0
PM0000807	BH-BS	82	82	0	0	0	0
PM0000696	BH-PM	0	-11074	0	0	0	0
PM0000234	BH-FG	0	0	0	0	0	0
PM0000234	GP-NM	-110	-109	0	0	0	0
PM0000110	BH-FG	0	0	0	0	0	0
PM0000110	GP-NM	0	0	-1610	0	0	0
PM0000292	BH-FG	0	0	0	0	0	0
PM0000292	GP-NM	-730	-730	0	0	0	0
PM0000225	BH-FG	0	0	0	0	0	0
PM0000225	GP-NM	-1726	-1726	0	0	0	0
PM0000405	BH-FG	0	0	0	0	0	0
PM0000405	GP-NM	0	0	0	0	0	0
PM0000249	BH-FG	0	0	0	0	0	0
PM0000249	GP-NM	-300	-300	0	0	0	0
PM0000431	BH-FG	0	0	0	0	0	0
PM0000431	GP-NM	-369	-369	-369	0	0	0
PM0000432	BH-FG	0	0	0	0	0	0
PM0000432	GP-NM	-365	-365	-365	0	0	0
PM0000656	BH-FG	118	-96	0	0	0	0
PM0000656	BH-BS	0	0	0	0	0	0
PM0000656	BH-PM	2256	-6000	-2064	0	0	0
PM0000663	BH-FG	0	-214	0	0	0	0
FA0000082	BH-FA	1	1	0	0	0	0
FG0000018	BH-EC	-4	-4	0	0	0	0
PM0000847	BH-PM	4400	2200	0	0	0	0
PM0000848	BH-PM	4400	2200	0	0	0	0
FG0000170	GP-FG	-106	-106	0	0	0	0
FA0000005	BH-FA	313.5	313.5	0	0	0	0
FA0000333	BH-FA	1	1	0	0	0	0
RM0000011	BH-FG	0	-53.5	-133.5	0	0	0
RM0000011	BH-PF	-2	-2	0	0	0	0
PM0000408	GP-FG	2	2	0	0	0	0
PM0000194	GP-FG	0	0	0	0	0	0
FG0000005	DL-PS	-58	-46	-4	0	0	0
FG0000005	BH-INT	-506	-15	0	0	0	0
RM0000054	BH-LO	-9202.5	297.5	0	0	0	0
FG0000418	BH-PF	4	4	-656	4	4	4
FG0000271	BH-GR	18	18	0	0	0	0
SF0000006	BH-PM	0	0	0	0	0	0
SF0000006	BH-PF	0	0	0	0	0	0
FG0000197	BH-GR	417	417	0	0	0	0
FG0000176	GP-FG	-1943	-17	0	0	0	0
FB0000013	BH-GR	4	4	2	0	0	0
FB0000001	BH-GR	18	18	8	0	0	0
FB0000002	BH-GR	5	5	2	0	0	0
FB0000003	BH-GR	6	6	3	0	0	0
FB0000009	BH-GR	1	1	0	0	0	0
FG0000196	BH-GR	125	125	0	0	0	0
SC0000007	BH-GR	16	16	0	0	0	0
FG0000372	BH-EC	-1090	-1088	0	0	0	0
FG0000141	BH-EC	-317	-317	0	0	0	0
FB0000004	BH-GR	4	4	0	0	0	0
FB0000006	BH-GR	2	2	0	0	0	0
FG0000093	BH-GR	4	4	0	0	0	0
FG0000165	BH-GR	153	153	0	0	0	0
FG0000166	BH-GR	37	37	0	0	0	0
FG0000167	BH-GR	465	466	0	0	0	0
FG0000179	BH-GR	80	80	0	0	0	0
FG0000180	BH-GR	40	40	0	0	0	0
FG0000181	BH-GR	132	132	0	0	0	0
FG0000182	BH-GR	2	2	0	0	0	0
FG0000195	BH-GR	96	96	0	0	0	0
FG0000198	BH-GR	22	10	0	0	0	0
FG0000199	BH-GR	105	105	0	0	0	0
FG0000217	BH-GR	344	344	0	0	0	0
FG0000218	BH-GR	209	209	0	0	0	0
FG0000240	BH-GR	6	6	0	0	0	0
FG0000237	BH-GR	141	141	0	0	0	0
FG0000258	BH-GR	56	56	0	0	0	0
FG0000216	BH-GR	87	87	0	0	0	0
FG0000190	BH-GR	934	934	0	0	0	0
PM0000628	BH-PM	0	0	0	0	0	0
FG0000319	BH-SC	0	0	0	0	0	0
PM0000075	BH-SC	2000	2000	0	0	0	0
FG0000082	BH-SC	1092	1092	0	0	0	0
FG0000380	BH-EC	-300	-300	0	0	0	0
FG0000380	BH-SC	300	300	0	0	0	0
RM0000047	BH-EC	0	-29	0	0	0	0
RM0000047	BH-SC	29	29	0	0	0	0
FG0000289	BH-SC	341	341	0	0	0	0
FG0000233	BH-SC	443	443	0	0	0	0
FG0000271	BH-EC	-8	-8	0	0	0	0
FG0000271	BH-SC	8	8	0	0	0	0
FG0000338	BH-SC	16	16	5	0	0	0
FG0000224	BH-FG	0	-8	0	0	0	0
FG0000236	BH-FG	0	-24	0	0	0	0
FG0000236	BH-SC	24	24	0	0	0	0
FG0000238	BH-FG	-303	-4	0	0	0	0
FG0000238	BH-SC	4	4	0	0	0	0
FG0000240	BH-FG	0	-10	0	0	0	0
FG0000240	BH-SC	-5	10	0	0	0	0
FG0000257	BH-FG	-156	-6	0	0	0	0
FG0000257	BH-SC	6	6	0	0	0	0
FG0000255	BH-FG	0	0	0	0	0	0
FG0000255	BH-SC	480	480	0	0	0	0
FG0000218	BH-FG	0	-76	0	0	0	0
FG0000218	BH-SC	152	152	0	0	0	0
SC0000075	BH-FG	-34	-33	0	0	0	0
SC0000009	BH-FG	-50	-118	0	0	0	0
SC0000009	BH-SC	-56	62	0	0	0	0
SC0000008	BH-FG	-7	-96	0	0	0	0
SC0000050	BH-FG	-42	-42	0	0	0	0
SC0000050	BH-SC	42	42	0	0	0	0
SC0000063	BH-FG	-669	-20	0	0	0	0
SC0000063	BH-SC	30	30	-1	0	0	0
SC0000064	BH-FG	-462	-462	0	0	0	0
SC0000066	BH-FG	-1	-1	0	0	0	0
SC0000066	BH-SC	1	1	0	0	0	0
SC0000067	BH-FG	-11	-11	0	0	0	0
SC0000067	BH-SC	11	11	0	0	0	0
SC0000069	BH-FG	-1027	-1027	0	0	0	0
SC0000069	BH-SC	1027	1027	0	0	0	0
SC0000070	BH-FG	-14	-14	0	0	0	0
SC0000070	BH-SC	14	14	0	0	0	0
SC0000078	BH-FG	-14	-514	0	0	0	0
FG0000223	BH-INT	0	-62	-129	0	0	0
FA0000285	BH-FA	1	1	0	0	0	0
FG0000219	BH-GR	24	24	0	0	0	0
FG0000145	BH-PS	0	0	0	0	0	0
SC0000069	BH-GR	1000	1000	0	0	0	0
PM0000632	GP-FG	0	0	0	0	0	0
PM0000009	GP-FG	0	0	0	0	0	0
RM0000025	BH-PF	2	2	2	0	0	0
SC0000063	BH-EC	0	0	0	0	0	0
FG0000320	BH-EC	-45	-45	0	0	0	0
FG0000002	BH-EC	-20	-20	0	0	0	0
FG0000135	BH-EC	-17	-3	0	0	0	0
FG0000139	BH-EC	-15	-15	0	0	0	0
FG0000140	BH-EC	-260	-250	0	0	0	0
PM0000507	BH-FG	-25	-122.13	-122.13	0	0	0
PM0000029	BH-PM	0	0	0	0	0	0
PM0000084	BH-FG	2	2	0	0	0	0
PM0000234	GP-FG	0	0	0	0	0	0
PM0000292	GP-FG	0	0	0	0	0	0
PM0000225	GP-FG	0	0	0	0	0	0
FG0000350	PB-JP	0	0	0	0	0	0
FG0000318	PB-JP	0	0	0	0	0	0
FG0000319	PB-JP	0	0	0	0	0	0
FG0000339	BH-FG	-4	0	0	0	0	0
FG0000340	BH-FG	0	0	0	0	0	0
FG0000337	BH-FG	0	0	0	0	0	0
FG0000336	BH-FG	-233	0	0	0	0	0
PM0000058	BH-FG	0	-101150	-42490	0	0	0
PM0000866	BH-FG	0	-104300	-44700	0	0	0
PM0000865	BH-FG	0	-104300	-44700	0	0	0
PM0000075	BH-FG	2049.07	-67.56	0	0	0	0
FG0000269	DL-INT	1	0	0	0	0	0
FG0000269	DL-PS	84	0	0	0	0	0
RM0000059	BH-SC	0.6	0.6	0	0	0	0
RM0000058	BH-SC	0.39	0.39	0	0	0	0
RM0000061	BH-SC	0.39	0.39	0	0	0	0
RM0000057	BH-SC	0.52	0.52	0	0	0	0
RM0000011	BH-SC	6	6	0	0	0	0
PM0000656	BH-SC	24	24	0	0	0	0
PM0000663	BH-SC	24	24	0	0	0	0
PM0000333	BH-SC	24	24	0	0	0	0
PM0000790	BH-SC	24	24	0	0	0	0
PM0000791	BH-SC	24	24	0	0	0	0
PM0000806	BH-SC	36	36	0	0	0	0
PM0000623	BH-SC	39	39	0	0	0	0
PM0000805	BH-SC	78	78	0	0	0	0
PM0000774	BH-SC	39	39	0	0	0	0
PM0000624	BH-SC	39	39	0	0	0	0
FA0000130	DL-FA	4	4	0	0	0	0
FA0000340	DL-FA	1	1	0	0	0	0
FA0000345	DL-FA	1	1	0	0	0	0
FA0000344	DL-FA	1	1	0	0	0	0
FA0000343	DL-FA	4	4	0	0	0	0
FA0000342	DL-FA	2	2	0	0	0	0
FA0000348	DL-FA	1	1	0	0	0	0
FA0000349	DL-FA	280	280	0	0	0	0
FG0000155	GP-FG	-1355	-1255	-831	0	0	0
FG0000070	BH-EC	0	-580	0	0	0	0
FG0000176	PB-ST	-327	-327	0	0	0	0
FG0000009	PB-ST	-148	-148	0	0	0	0
FG0000002	PB-ST	-94	-94	0	0	0	0
FG0000005	PB-ST	-93	-75	0	0	0	0
FG0000121	PB-ST	-70	-70	0	0	0	0
FG0000018	PB-ST	-52	-52	0	0	0	0
FG0000032	PB-ST	-180	-40	0	0	0	0
FG0000118	PB-ST	-37	-37	0	0	0	0
FG0000015	PB-ST	-25	-26	0	0	0	0
FG0000008	PB-ST	-24	-24	0	0	0	0
FG0000033	PB-ST	-8	-8	0	0	0	0
FG0000003	PB-ST	-3	-3	0	0	0	0
FG0000023	PB-ST	-2	-2	0	0	0	0
FG0000322	GP-FG	-1200	-1200	0	0	0	0
FG0000030	BH-PS	0	0	0	0	0	0
FG0000379	BH-PS	0	0	0	0	0	0
FG0000011	BH-PS	0	0	0	0	0	0
FG0000379	PB-INT	-11900	0	0	0	0	0
PM0000246	BH-PM	0	0	-500	0	0	0
FA0000073	DL-FA	1	1	0	0	0	0
EX0000007	DL-POP	600	0	0	0	0	0
PM0000110	GP-FG	0	0	0	0	0	0
PM0000431	GP-FG	0	0	0	0	0	0
PM0000432	GP-FG	0	0	0	0	0	0
FA0000351	DL-FA	1	1	0	0	0	0
FA0000098	DL-FA	2	2	0	0	0	0
PM0000407	BH-BS	-180000	-59000	-17000	0	0	0
FG0000322	BH-PS	0	0	0	0	0	0
FG0000323	BH-PS	0	0	0	0	0	0
PM0000083	BH-PM	775	775	0	0	0	0
PM0000766	BH-PM	1600	1600	0	0	0	0
PM0000027	BH-PM	0	0	0	0	0	0
FG0000243	BH-PS	0	0	0	0	0	0
FG0000194	PB-SP	-639	-639	-639	0	0	0
FG0000359	PB-RG	-290	-470	-470	0	0	0
PM0000084	BH-PC	0	0	-75	0	0	0
PM0000247	GP-PM	-1000	-1000	-1000	0	0	0
FA0000120	DL-FA	6	6	0	0	0	0
FA0000127	DL-FA	2	2	0	0	0	0
PM0000853	BH-PM	0	-241230	-241230	0	0	0
FG0000031	BH-WST	2195	2195	2195	0	0	0
FB0000017	BH-GR	0	-8	-8	0	0	0
FG0000032	DL-PS	-113	-26	-13	0	0	0
FG0000004	DL-PS	0	-13	-13	0	0	0
FG0000233	DL-PS	-199	-10	-1	0	0	0
FG0000283	DL-PS	-445	-24	-11	0	0	0
FG0000082	DL-PS	-541	-15	-5	0	0	0
FG0000282	DL-PS	-8	-8	-8	0	0	0
FG0000221	DL-PS	-129	-11	-2	0	0	0
FG0000382	DL-PS	-1965	-9	-1	0	0	0
FG0000386	DL-PS	-534	-18	-4	0	0	0
FG0000388	DL-PS	83	-196	-25	0	0	0
FG0000224	DL-PS	-277	-3	-3	0	0	0
FG0000338	DL-PS	-200	-12	-7	0	0	0
FG0000318	DL-PS	-24	-2	-2	0	0	0
FG0000379	DL-PS	-12	-12	-2	0	0	0
SC0000079	DL-PS	-28	-2	-2	0	0	0
PM0000853	BH-PF	0	0	0	0	0	0
PM0000280	BH-PC	-404	-404	-396	0	0	0
PM0000280	BH-BS	396	396	396	0	0	0
FG0000402	DL-J3	0	0	-25	0	0	0
PM0000058	DL-J3	0	0	-39060	0	0	0
PM0000235	DL-J3	0	0	-39060	0	0	0
PM0000865	DL-J3	0	0	-40000	0	0	0
PM0000866	DL-J3	0	0	-40000	0	0	0
PM0000507	DL-J3	0	0	-900	0	0	0
PM0000853	BH-JW	241230	241230	241230	0	0	0
PM0000865	GP-FG	0	0	0	0	0	0
PM0000866	GP-FG	0	0	0	0	0	0
FG0000409	DL-INT	0	0	0	0	0	0
RM0000048	BH-LO	-0.73	-0.73	-0.73	0	0	0
FA0000350	BH-FA	1	1	0	0	0	0
FG0000194	PB-RG	-701	-701	-701	0	0	0
PM0000662	BH-BS	-15000	-15000	-15000	0	0	0
PM0000151	BH-BS	-2444	-2444	-2444	0	0	0
PM0000062	BH-BS	-3300	-3295	-3295	0	0	0
PM0000179	BH-BS	0	-1	-1	0	0	0
PM0000194	BH-NM	0	0	0	0	0	0
PM0000233	BH-NM	0	0	0	0	0	0
PM0000689	BH-BS	-300	-300	-300	0	0	0
PM0000688	BH-BS	-300	-300	-300	0	0	0
PM0000077	BH-NM	0	0	0	0	0	0
PM0000629	BH-NM	0	0	0	0	0	0
PM0000082	BH-NM	0	0	0	0	0	0
PM0000333	BH-FG	190	-24	-24	0	0	0
PM0000632	BH-FG	0.01	-13	-13	0	0	0
PM0000113	BH-FG	-4	-4	-4	0	0	0
FA0000326	BH-FA	4	4	4	0	0	0
FG0000409	DL-PS	0	0	0	0	0	0
FG0000409	BH-INT	0	0	0	0	0	0
PM0000391	BH-FG	2419	-59	-59	0	0	0
PM0000389	BH-FG	851	-49	-49	0	0	0
PM0000389	BH-BS	49	49	49	0	0	0
FG0000142	BH-WST	1	1	1	0	0	0
FG0000161	BH-WST	5	5	5	0	0	0
FG0000222	BH-WST	3	3	3	0	0	0
FG0000114	BH-WST	1	1	1	0	0	0
FG0000383	BH-WST	3	3	3	0	0	0
FG0000226	BH-WST	1	1	1	0	0	0
FG0000316	BH-WST	1	1	1	0	0	0
PM0000287	BH-BS	0	0	0	-200	-200	-200
EX0000023	DL-POP	100	100	100	0	0	0
EX0000022	DL-POP	20	20	20	0	0	0
EX0000021	DL-POP	500	500	500	0	0	0
EX0000020	DL-POP	510	510	510	0	0	0
EX0000006	DL-POP	150	150	150	0	0	0
EX0000019	DL-POP	350	350	350	0	0	0
FG0000367	BH-FG	400	0	0	0	0	0
FG0000031	BH-FG	200	0	0	0	0	0
FG0000030	BH-FG	3380	0	0	0	0	0
FA0000353	DL-FA	1	1	1	0	0	0
FA0000352	DL-FA	1	1	0	0	0	0
PM0000055	BH-BS	-5298	-3620	-3620	0	0	0
PM0000055	BH-PC	4238	3620	3620	0	0	0
FA0000355	BH-FA	1	1	1	0	0	0
FA0000357	BH-FA	4	4	4	0	0	0
FA0000170	BH-FA	2	2	2	0	0	0
PM0000658	BH-PM	1799	1374	-701	0	0	0
FG0000178	PB-SP	-17	-17	-17	0	0	0
PM0000003	PB-SP	-20	-20	-20	0	0	0
PM0000004	PB-SP	-40	-40	-40	0	0	0
PM0000005	PB-SP	-140	-140	-140	0	0	0
PM0000006	PB-SP	-100	-100	-100	0	0	0
PM0000013	PB-SP	-185	-185	-185	0	0	0
PM0000074	PB-SP	-7200	-7200	-7200	0	0	0
PM0000075	PB-SP	-400	-400	-400	0	0	0
PM0000077	PB-SP	-4	-4	-4	0	0	0
PM0000082	PB-SP	-20	-20	-20	0	0	0
PM0000634	PB-SP	-80	-80	-80	0	0	0
FG0000193	PB-RG	-5	-353	-353	0	0	0
PM0000432	BH-EC	0	0	0	0	0	0
PM0000431	BH-EC	0	0	0	0	0	0
PM0000110	BH-EC	0	0	0	0	0	0
PM0000248	BH-EC	0	-3452	-3452	0	0	0
PM0000404	BH-EC	-3674	-3674	-3674	0	0	0
PM0000043	BH-PM	0	0	0	0	0	0
PM0000031	GP-FG	0	0	0	0	0	0
PM0000424	GP-FG	0	0	0	0	0	0
PM0000831	BH-PC	-1	-1	-1	0	0	0
FG0000336	BH-SC	1	1	1	0	0	0
PM0000821	BH-PM	1	1	1	147	147	147
FG0000282	BH-PF	0	0	0	0	0	0
FG0000024	BH-BT	54	54	54	54	54	54
FG0000116	BH-BT	2	2	2	2	2	2
FG0000157	BH-BT	48	48	48	48	48	48
FG0000128	BH-BT	35	35	35	35	35	35
FG0000012	BH-BT	4	4	4	4	4	4
FG0000015	BH-BT	50	50	50	50	50	50
FG0000134	BH-BT	18	18	18	18	18	18
FG0000133	BH-BT	39	39	39	39	39	39
FG0000370	BH-BT	79	79	79	79	79	79
FG0000104	BH-BT	9	9	9	9	9	9
FG0000014	BH-BT	192	192	192	192	192	192
FG0000228	BH-BT	8	8	8	8	8	8
PM0000287	GP-NM	200	200	200	200	200	200
PM0000057	GP-NM	21	21	21	21	21	21
PM0000251	GP-NM	161	161	161	161	161	161
PM0000560	GP-NM	4	4	4	4	4	4
PM0000005	BH-FG	120	-50	0	0	0	0
PM0000229	BH-FG	15	0	0	0	0	0
PM0000062	BH-FG	5	0	0	0	0	0
PM0000080	BH-FG	-1	-6	0	0	0	0
FG0000032	PB-INT	-712	0	0	0	0	0
FG0000004	PB-INT	-292	0	0	0	0	0
FG0000011	PB-SP	-1	0	0	0	0	0
FG0000015	PB-INT	-20	0	0	0	0	0
FG0000008	PB-INT	-40	0	0	0	0	0
FG0000236	BH-GR	3	0	0	0	0	0
PM0000054	BH-PM	-108888	0	0	0	0	0
FG0000070	PB-SP	-60	0	0	0	0	0
FG0000359	PB-INT	-2200	0	0	0	0	0
FG0000192	PB-ST	-56	0	0	0	0	0
FG0000070	PB-ST	-22	0	0	0	0	0
PM0000825	BH-FG	0	0	0	0	0	0
FG0000005	PB-INT	-552	0	0	0	0	0
FG0000028	PB-INT	-24	0	0	0	0	0
FG0000349	BH-INT	-700	0	0	0	0	0
FG0000004	BH-INT	-649	-52	0	0	0	0
FG0000306	BH-INT	-526	0	0	0	0	0
SC0000079	BH-INT	-492	0	0	0	0	0
FG0000324	BH-INT	-388	0	0	0	0	0
FG0000047	BH-INT	-343	0	0	0	0	0
FG0000318	BH-INT	-325	0	0	0	0	0
FG0000082	BH-INT	-251	0	0	0	0	0
FG0000083	BH-INT	-250	0	0	0	0	0
FG0000028	BH-INT	-234	-15	0	0	0	0
FG0000116	BH-INT	-222	0	0	0	0	0
FG0000042	BH-INT	-133	-23	0	0	0	0
FG0000282	BH-INT	-152	0	0	0	0	0
FG0000295	BH-INT	-139	0	0	0	0	0
FG0000009	BH-INT	-81	-285	0	0	0	0
FG0000374	BH-INT	-59	0	0	0	0	0
FG0000305	BH-INT	-36	0	0	0	0	0
FG0000008	BH-INT	-27	-1178	0	0	0	0
FG0000015	BH-INT	-18	-1	0	0	0	0
FG0000074	BH-INT	-16	-374	0	0	0	0
FG0000382	BH-INT	0	0	0	0	0	0
FG0000336	DL-PS	-600	0	0	0	0	0
FG0000336	BH-INT	0	0	0	0	0	0
SC0000078	DL-PS	-500	0	0	0	0	0
SC0000078	BH-INT	0	0	0	0	0	0
FG0000167	DL-PS	-390	0	0	0	0	0
FG0000167	BH-INT	0	0	0	0	0	0
FG0000283	BH-INT	0	0	0	0	0	0
FG0000180	DL-PS	-213	0	0	0	0	0
FG0000180	BH-INT	0	0	0	0	0	0
FG0000257	DL-PS	-200	0	0	0	0	0
FG0000257	BH-INT	0	0	0	0	0	0
FG0000179	DL-PS	-200	0	0	0	0	0
FG0000179	BH-INT	0	0	0	0	0	0
FG0000181	DL-PS	-200	0	0	0	0	0
FG0000181	BH-INT	0	0	0	0	0	0
FG0000182	DL-PS	-200	0	0	0	0	0
FG0000182	BH-INT	0	0	0	0	0	0
FG0000197	DL-PS	-197	-7	0	0	0	0
FG0000197	BH-INT	0	0	0	0	0	0
FG0000238	DL-PS	-200	0	0	0	0	0
FG0000238	BH-INT	0	0	0	0	0	0
FG0000165	DL-PS	-200	0	0	0	0	0
FG0000165	BH-INT	0	0	0	0	0	0
FG0000338	BH-INT	0	0	0	0	0	0
FG0000198	DL-PS	-200	-10	0	0	0	0
FG0000198	BH-INT	0	0	0	0	0	0
FG0000166	DL-PS	-200	0	0	0	0	0
FG0000166	BH-INT	0	0	0	0	0	0
FG0000233	BH-INT	0	0	0	0	0	0
FG0000289	DL-PS	-200	-10	0	0	0	0
FG0000289	BH-INT	0	0	0	0	0	0
FG0000258	DL-PS	-170	0	0	0	0	0
FG0000258	BH-INT	0	0	0	0	0	0
FG0000237	DL-PS	-160	0	0	0	0	0
FG0000237	BH-INT	0	0	0	0	0	0
FG0000244	DL-PS	-130	0	0	0	0	0
FG0000244	BH-INT	0	0	0	0	0	0
FG0000302	DL-PS	-126	0	0	0	0	0
FG0000302	BH-INT	0	0	0	0	0	0
FG0000221	BH-INT	0	0	0	0	0	0
FG0000236	DL-PS	-66	0	0	0	0	0
FG0000236	BH-INT	0	0	0	0	0	0
FG0000224	BH-INT	0	0	0	0	0	0
FG0000256	DL-PS	-20	0	0	0	0	0
FG0000256	BH-INT	0	0	0	0	0	0
FG0000319	DL-PS	-185	0	0	0	0	0
FG0000319	BH-INT	-16	0	0	0	0	0
FG0000303	DL-PS	-15	0	0	0	0	0
FG0000303	BH-INT	0	0	0	0	0	0
FG0000240	DL-PS	-1	0	0	0	0	0
FG0000240	BH-INT	0	0	0	0	0	0
EX0000017	BH-FG	-10450	0	0	0	0	0
EX0000018	BH-FG	-9600	0	0	0	0	0
FG0000167	BH-FG	-22	0	0	0	0	0
FG0000180	BH-FG	-92	0	0	0	0	0
FG0000179	BH-FG	-471	0	0	0	0	0
FG0000181	BH-FG	-343	0	0	0	0	0
FG0000182	BH-FG	-258	0	0	0	0	0
FG0000165	BH-FG	-136	0	0	0	0	0
FG0000166	BH-FG	-380	0	0	0	0	0
FG0000258	BH-FG	-18	0	0	0	0	0
FG0000237	BH-FG	-15	0	0	0	0	0
FG0000244	BH-FG	-48	0	0	0	0	0
FG0000302	BH-FG	0	0	0	0	0	0
FG0000256	BH-FG	0	0	0	0	0	0
FG0000303	BH-FG	0	0	0	0	0	0
FG0000387	GP-FG	-7	-61	0	0	0	0
FG0000387	BH-WST	9	1	0	0	0	0
FG0000142	DL-INT	0	0	0	0	0	0
FG0000143	DL-INT	0	0	0	0	0	0
FG0000143	DL-PS	0	0	0	0	0	0
FG0000142	DL-PS	0	-10	0	0	0	0
FG0000143	BH-INT	0	-68	0	0	0	0
FG0000142	BH-INT	0	0	0	0	0	0
FG0000197	BH-PF	0	0	0	0	0	0
FG0000198	BH-PF	0	0	0	0	0	0
FG0000233	BH-PF	0	0	0	0	0	0
FG0000283	BH-PF	0	0	0	0	0	0
FG0000179	BH-SC	-15	0	0	0	0	0
FG0000182	BH-SC	-17	0	0	0	0	0
PM0000850	BH-PM	3700	0	0	0	0	0
PM0000849	BH-PM	3700	0	0	0	0	0
PM0000346	BH-FG	0	0	0	0	0	0
PM0000031	BH-FG	0	0	0	0	0	0
FG0000382	BH-PF	-1	0	0	0	0	0
FG0000083	DL-INT	0	0	0	0	0	0
FG0000338	BH-PF	0	0	0	0	0	0
FG0000289	BH-PF	0	0	0	0	0	0
FG0000183	BH-PF	0	0	0	0	0	0
FG0000185	BH-PF	0	0	0	0	0	0
FG0000372	BH-PF	0	0	0	0	0	0
RM0000004	BH-GJ	-70	0	0	0	0	0
RM0000004	BH-LO	154	4	0	0	0	0
FG0000005	DL-INT	0	0	0	0	0	0
FG0000028	DL-INT	0	0	0	0	0	0
FG0000032	DL-INT	0	0	0	0	0	0
FG0000039	DL-INT	0	0	0	0	0	0
FG0000064	DL-INT	0	0	0	0	0	0
FG0000081	DL-INT	0	0	0	0	0	0
FG0000082	DL-INT	0	0	0	0	0	0
FG0000112	DL-INT	0	0	0	0	0	0
FG0000114	DL-INT	0	0	0	0	0	0
FG0000148	DL-INT	0	0	0	0	0	0
FG0000149	DL-INT	0	0	0	0	0	0
FG0000372	DL-INT	0	0	0	0	0	0
FG0000370	DL-INT	0	0	0	0	0	0
FG0000150	DL-INT	0	0	0	0	0	0
FG0000183	DL-INT	0	0	0	0	0	0
FG0000185	DL-INT	0	0	0	0	0	0
FG0000189	DL-INT	0	0	0	0	0	0
FG0000324	DL-INT	0	0	0	0	0	0
FG0000352	DL-INT	0	0	0	0	0	0
FG0000192	DL-INT	0	0	0	0	0	0
FG0000228	DL-INT	0	0	0	0	0	0
FG0000283	DL-INT	0	0	0	0	0	0
FG0000197	DL-INT	0	0	0	0	0	0
FG0000198	DL-INT	0	0	0	0	0	0
FG0000306	DL-INT	0	0	0	0	0	0
FG0000319	DL-INT	0	0	0	0	0	0
FG0000221	BH-PF	0	0	0	0	0	0
FG0000193	DL-INT	0	0	0	0	0	0
FG0000233	DL-INT	0	0	0	0	0	0
FG0000381	DL-INT	0	0	0	0	0	0
FG0000221	DL-INT	0	0	0	0	0	0
FG0000386	DL-INT	0	0	0	0	0	0
FG0000338	DL-INT	0	0	0	0	0	0
FG0000289	DL-INT	0	0	0	0	0	0
SC0000063	DL-INT	0	0	0	0	0	0
FG0000388	DL-INT	0	0	0	0	0	0
PM0000740	BH-BS	-4	0	0	0	0	0
PM0000740	BH-PC	0	0	0	0	0	0
PM0000759	BH-PC	0	0	0	0	0	0
PM0000760	BH-PC	0	0	0	0	0	0
PM0000046	BH-PF	4	4	0	0	0	0
PM0000535	BH-PF	4	4	0	0	0	0
PM0000259	BH-PF	4	4	0	0	0	0
PM0000186	BH-PF	4	4	0	0	0	0
PM0000288	BH-PF	4	4	0	0	0	0
PM0000466	BH-PF	4	4	0	0	0	0
PM0000358	BH-PF	4	4	0	0	0	0
PM0000469	BH-PF	8	8	0	0	0	0
PM0000359	BH-PF	4	4	0	0	0	0
PM0000360	BH-PF	4	4	0	0	0	0
PM0000465	BH-PF	3	3	0	0	0	0
PM0000470	BH-PF	12	12	0	0	0	0
PM0000233	BH-PF	8	8	0	0	0	0
PM0000232	BH-PF	8	8	0	0	0	0
PM0000395	BH-PF	4	4	0	0	0	0
PM0000084	BH-PF	4	0	0	0	0	0
PM0000740	BH-PF	4	4	0	0	0	0
PM0000759	BH-PF	4	4	0	0	0	0
PM0000760	BH-PF	4	4	0	0	0	0
PM0000062	BH-PF	8	8	0	0	0	0
PM0000492	BH-PC	-4	0	0	0	0	0
PM0000492	BH-PF	4	4	0	0	0	0
PM0000493	BH-PF	4	4	0	0	0	0
PM0000494	BH-PF	4	4	0	0	0	0
PM0000495	BH-PF	4	4	0	0	0	0
PM0000427	BH-PF	4	4	0	0	0	0
PM0000428	BH-PF	4	4	0	0	0	0
PM0000672	BH-PF	0.12	0.12	0	0	0	0
PM0000053	DL-INT	0	0	0	0	0	0
PM0000468	DL-INT	0	0	0	0	0	0
PM0000046	DL-INT	0	0	0	0	0	0
PM0000535	DL-INT	0	0	0	0	0	0
PM0000076	DL-INT	0	0	0	0	0	0
PM0000078	DL-INT	0	0	0	0	0	0
PM0000031	DL-INT	0	0	0	0	0	0
PM0000077	DL-INT	0	0	0	0	0	0
PM0000080	DL-INT	0	0	0	0	0	0
PM0000259	DL-INT	0	0	0	0	0	0
PM0000186	DL-INT	0	0	0	0	0	0
PM0000288	DL-INT	0	0	0	0	0	0
PM0000466	DL-INT	0	0	0	0	0	0
PM0000358	DL-INT	0	0	0	0	0	0
PM0000469	DL-INT	0	0	0	0	0	0
PM0000359	DL-INT	0	0	0	0	0	0
PM0000360	DL-INT	0	0	0	0	0	0
PM0000465	DL-INT	0	0	0	0	0	0
PM0000470	DL-INT	0	0	0	0	0	0
PM0000233	DL-INT	0	0	0	0	0	0
PM0000232	DL-INT	0	0	0	0	0	0
PM0000395	DL-INT	0	0	0	0	0	0
PM0000740	DL-INT	0	0	0	0	0	0
PM0000759	DL-INT	0	0	0	0	0	0
PM0000760	DL-INT	0	0	0	0	0	0
PM0000062	DL-INT	0	0	0	0	0	0
PM0000492	DL-INT	0	0	0	0	0	0
PM0000493	DL-INT	0	0	0	0	0	0
PM0000494	DL-INT	0	0	0	0	0	0
PM0000495	DL-INT	0	0	0	0	0	0
PM0000427	DL-INT	0	0	0	0	0	0
PM0000428	DL-INT	0	0	0	0	0	0
PM0000672	DL-INT	0	0	0	0	0	0
FG0000194	DL-INT	0	0	0	0	0	0
RM0000034	BH-PC	-2630	-1946	0	0	0	0
FG0000379	DL-INT	0	0	0	0	0	0
PM0000162	BH-PF	30	30	0	0	0	0
FG0000088	GP-FG	-505	-15	0	0	0	0
FG0000042	DL-INT	0	0	0	0	0	0
FG0000161	DL-INT	0	0	0	0	0	0
FG0000187	DL-INT	0	0	0	0	0	0
FG0000074	DL-INT	0	0	0	0	0	0
PM0000275	BH-PF	20	20	0	0	0	0
PM0000275	DL-INT	0	0	0	0	0	0
PM0000162	DL-INT	0	0	0	0	0	0
PM0000834	BH-PF	6	6	0	0	0	0
PM0000834	DL-INT	0	0	0	0	0	0
FG0000382	DL-INT	0	0	0	0	0	0
PM0000300	BH-FG	0	0	0	0	0	0
RM0000042	BH-FG	40.8	0	0	0	0	0
PM0000303	BH-FG	0	0	0	0	0	0
PM0000301	BH-FG	0.3	0	0	0	0	0
PM0000302	BH-FG	0	0	0	0	0	0
PM0000299	BH-FG	0	0	0	0	0	0
RM0000060	BH-FG	53.6	0	0	0	0	0
FG0000232	DL-INT	0	0	0	0	0	0
FG0000011	DL-INT	0	0	0	0	0	0
FG0000374	DL-INT	0	0	0	0	0	0
FG0000116	DL-INT	0	0	0	0	0	0
FG0000157	DL-INT	0	0	0	0	0	0
PM0000105	BH-FG	42.23	0	0	0	0	0
PM0000390	BH-FG	1323	0	0	0	0	0
PM0000472	BH-FG	418	0	0	0	0	0
PM0000478	BH-FG	279	0	0	0	0	0
PM0000479	BH-FG	555	0	0	0	0	0
PM0000511	BH-FG	304	0	0	0	0	0
PM0000664	BH-FG	122	0	0	0	0	0
PM0000665	BH-FG	1	0	0	0	0	0
PM0000666	BH-FG	20	0	0	0	0	0
RM0000050	BH-FG	-59	-177	0	0	0	0
PM0000694	BH-PM	0	0	0	0	0	0
FG0000088	BH-FG	32	0	0	0	0	0
FG0000255	BH-PF	-140	0	0	0	0	0
FG0000271	BH-PF	-8	0	0	0	0	0
FG0000269	BH-FG	-85	0	0	0	0	0
PM0000285	BH-PC	5.63	0	0	0	0	0
PM0000299	BH-SC	-65	0	0	0	0	0
PM0000300	BH-SC	-76	0	0	0	0	0
PM0000301	BH-SC	-51	0	0	0	0	0
PM0000302	BH-SC	-98	0	0	0	0	0
PM0000303	BH-SC	-0.88	0	0	0	0	0
FB0000016	BH-GR	0	0	0	0	0	0
FG0000015	DL-PS	0	0	0	0	0	0
FG0000306	DL-PS	-142	-10	0	0	0	0
PM0000823	BH-BS	0	0	0	0	0	0
FG0000305	DL-PS	-4	0	0	0	0	0
FG0000374	DL-PS	-1	-2	0	0	0	0
PM0000074	DL-PS	-800	0	0	0	0	0
PM0000336	DL-PS	-5	0	0	0	0	0
FG0000085	GP-FG	-1	0	0	0	0	0
EX0000012	DL-POP	-1700	0	0	0	0	0
EX0000013	DL-POP	-2500	0	0	0	0	0
EX0000015	DL-POP	-4000	0	0	0	0	0
EX0000016	DL-POP	-22	0	0	0	0	0
FG0000298	DL-POP	-27	0	0	0	0	0
PM0000058	GP-PM	-13720	0	0	0	0	0
PM0000245	BH-FG	0	-210	0	0	0	0
FG0000383	PB-INT	0	0	0	0	0	0
FG0000386	PB-INT	0	0	0	0	0	0
FG0000178	PB-INT	0	0	0	0	0	0
FG0000382	PB-INT	0	0	0	0	0	0
FG0000083	DL-PS	5	-20	0	0	0	0
FG0000028	DL-PS	1	-9	0	0	0	0
FG0000039	DL-PS	3	-7	0	0	0	0
FG0000064	DL-PS	0	-5	0	0	0	0
FG0000081	DL-PS	7	-3	0	0	0	0
FG0000112	DL-PS	0	-10	0	0	0	0
FG0000114	DL-PS	1	-4	0	0	0	0
FG0000148	DL-PS	1	-9	0	0	0	0
FG0000149	DL-PS	1	-9	0	0	0	0
FG0000370	DL-PS	0	-2	0	0	0	0
FG0000150	DL-PS	1	-9	0	0	0	0
FG0000183	DL-PS	0	-10	0	0	0	0
FG0000185	DL-PS	1	-9	0	0	0	0
FG0000189	DL-PS	0	-10	0	0	0	0
FG0000324	DL-PS	0	-10	0	0	0	0
FG0000352	DL-PS	0	-10	0	0	0	0
FG0000192	DL-PS	2	-8	0	0	0	0
FG0000228	DL-PS	0	-10	0	0	0	0
PM0000270	GP-FG	500	0	0	0	0	0
SC0000063	DL-PS	179	-21	0	0	0	0
PM0000053	DL-PS	0	-24	0	0	0	0
PM0000468	DL-PS	0	-8	0	0	0	0
PM0000046	DL-PS	0	-4	0	0	0	0
PM0000535	DL-PS	0	-4	0	0	0	0
PM0000076	DL-PS	0	-16	0	0	0	0
PM0000078	DL-PS	0	-34	0	0	0	0
PM0000031	DL-PS	0	-3	0	0	0	0
PM0000077	DL-PS	0	-4	0	0	0	0
PM0000080	DL-PS	0	-4	0	0	0	0
PM0000259	DL-PS	0	-4	0	0	0	0
PM0000186	DL-PS	0	-4	0	0	0	0
PM0000288	DL-PS	0	-4	0	0	0	0
PM0000466	DL-PS	0	-4	0	0	0	0
PM0000358	DL-PS	0	-4	0	0	0	0
PM0000469	DL-PS	0	-8	0	0	0	0
PM0000359	DL-PS	0	-4	0	0	0	0
PM0000360	DL-PS	0	-4	0	0	0	0
PM0000465	DL-PS	0	-3	0	0	0	0
PM0000470	DL-PS	0	-12	0	0	0	0
PM0000233	DL-PS	0	-8	0	0	0	0
PM0000232	DL-PS	0	-8	0	0	0	0
PM0000395	DL-PS	0	-4	0	0	0	0
PM0000740	DL-PS	0	-4	0	0	0	0
PM0000759	DL-PS	0	-4	0	0	0	0
PM0000760	DL-PS	0	-4	0	0	0	0
PM0000062	DL-PS	0	-8	0	0	0	0
PM0000492	DL-PS	0	-4	0	0	0	0
PM0000493	DL-PS	0	-4	0	0	0	0
PM0000494	DL-PS	0	-4	0	0	0	0
PM0000495	DL-PS	0	-4	0	0	0	0
PM0000427	DL-PS	0	-4	0	0	0	0
PM0000428	DL-PS	0	-4	0	0	0	0
PM0000672	DL-PS	0.01	-0.12	0	0	0	0
FG0000194	DL-PS	0	-10	0	0	0	0
FG0000193	DL-PS	0	-10	0	0	0	0
FG0000381	DL-PS	900	0	0	0	0	0
FG0000042	DL-PS	2	-8	0	0	0	0
FG0000161	DL-PS	3	-7	0	0	0	0
FG0000187	DL-PS	0	-10	0	0	0	0
FG0000074	DL-PS	0	-10	0	0	0	0
PM0000275	DL-PS	0	-20	0	0	0	0
PM0000162	DL-PS	0	-30	0	0	0	0
PM0000834	DL-PS	0	-6	0	0	0	0
FG0000232	DL-PS	0	-2	0	0	0	0
FG0000011	DL-PS	0	-2	0	0	0	0
FG0000116	DL-PS	3	-7	0	0	0	0
FG0000157	DL-PS	2	-8	0	0	0	0
FG0000336	BH-PF	0	0	0	0	0	0
FG0000339	BH-PF	0	0	0	0	0	0
FG0000340	BH-PF	0	0	0	0	0	0
FG0000337	BH-PF	0	0	0	0	0	0
FA0000008	BH-FA	170	0	0	0	0	0
SF0000004	GP-FG	-500	0	0	0	0	0
PM0000628	GP-FG	-500	0	0	0	0	0
FG0000387	BH-PF	0	0	0	0	0	0
FG0000142	PB-JP	-966	0	0	0	0	0
FG0000002	GP-FG	-440	-140	0	0	0	0
RM0000061	BH-PC	-7.12	0	0	0	0	0
RM0000061	BH-FG	-7.82	0	0	0	0	0
RM0000058	BH-PC	-7.12	0	0	0	0	0
RM0000058	BH-FG	-7.82	0	0	0	0	0
RM0000059	BH-PC	-2.8	0	0	0	0	0
RM0000059	BH-FG	-0.3	0	0	0	0	0
RM0000057	BH-PC	-2.8	0	0	0	0	0
RM0000057	BH-FG	-0.62	0	0	0	0	0
PM0000806	BH-FG	522	74	0	0	0	0
PM0000790	BH-FG	214	0	0	0	0	0
PM0000791	BH-FG	214	0	0	0	0	0
PM0000623	BH-FG	140	0	0	0	0	0
PM0000805	BH-FG	280	0	0	0	0	0
PM0000774	BH-FG	2313	0	0	0	0	0
PM0000624	BH-FG	771	0	0	0	0	0
RM0000034	BH-LO	14946	1946	0	0	0	0
PM0000074	BH-FG	5200	2000	0	0	0	0
PM0000730	BH-PM	0	0	0	0	0	0
RM0000060	BH-PC	-30	0	0	0	0	0
FG0000222	BH-EC	-2	0	0	0	0	0
PM0000155	BH-PM	-35000	0	0	0	0	0
PM0000626	BH-PF	6	0	0	0	0	0
PM0000820	BH-PF	6	0	0	0	0	0
FG0000222	BH-PF	-3434	0	0	0	0	0
FG0000038	PB-JP	-381	0	0	0	0	0
FG0000038	BH-INT	0	-381	0	0	0	0
FG0000243	PB-JP	-380	0	0	0	0	0
FG0000015	PB-PS	0	0	0	0	0	0
FG0000383	PB-PS	0	0	0	0	0	0
FG0000386	PB-PS	6	0	0	0	0	0
FG0000178	PB-PS	0	0	0	0	0	0
FG0000382	PB-PS	0	0	0	0	0	0
PM0000498	BH-PF	9	1	0	0	0	0
FG0000281	GP-FG	-180	-158	0	0	0	0
PM0000488	BH-PM	6500	0	0	0	0	0
PM0000489	BH-PM	6500	0	0	0	0	0
FA0000322	BH-FA	-7	0	0	0	0	0
FA0000313	BH-FA	-8	0	0	0	0	0
FG0000042	BH-PS	0	0	0	0	0	0
FG0000359	BH-INT	0	0	0	0	0	0
PM0000183	BH-GR	0	-46	0	0	0	0
PM0000184	BH-GR	0	-46	0	0	0	0
FG0000039	BH-GR	-46	0	0	0	0	0
FG0000386	BH-INT	0	0	0	0	0	0
FG0000183	BH-GR	-160	0	0	0	0	0
PM0000488	BH-GR	0	-400	0	0	0	0
PM0000489	BH-GR	0	-400	0	0	0	0
FG0000185	BH-GR	-400	0	0	0	0	0
PM0000514	BH-GR	0	-8	0	0	0	0
FG0000383	BH-INT	0	0	0	0	0	0
FG0000250	BH-GR	-2	0	0	0	0	0
FA0000185	DL-FA	10	0	0	0	0	0
PM0000234	BH-BS	0	-1	0	0	0	0
PM0000869	BH-PM	0	0	0	0	0	0
PM0000389	BH-GR	0	-1	0	0	0	0
PM0000480	BH-GR	0	-1	0	0	0	0
PM0000006	BH-FG	-20	-40	0	0	0	0
FA0000330	DL-FA	12	0	0	0	0	0
FG0000005	BH-LR	-15	0	0	0	0	0
FG0000053	BH-INT	0	-254	0	0	0	0
FG0000064	BH-INT	0	-13	0	0	0	0
FG0000114	BH-INT	0	-530	0	0	0	0
FG0000150	BH-INT	0	-483	0	0	0	0
FG0000192	BH-INT	0	-581	0	0	0	0
FG0000232	BH-INT	0	-397	0	0	0	0
PM0000422	BH-PM	-4600	0	0	0	0	0
PM0000422	BH-BS	0	0	0	0	0	0
PM0000421	BH-PM	-4600	0	0	0	0	0
PM0000421	BH-BS	-1000	0	0	0	0	0
PM0000333	BH-PM	0	-9064	0	0	0	0
FG0000284	BH-FG	76	0	0	0	0	0
PM0000813	BH-FG	0	-76	0	0	0	0
PM0000814	BH-FG	0	-76	0	0	0	0
PM0000162	BH-FG	0	-76	0	0	0	0
FG0000347	BH-FG	-76	0	0	0	0	0
FB0000017	BH-EC	-430	0	0	0	0	0
FB0000017	BH-FG	430	0	0	0	0	0
FB0000015	BH-EC	-32	0	0	0	0	0
FB0000015	BH-FG	32	0	0	0	0	0
FB0000014	BH-EC	-106	0	0	0	0	0
FB0000014	BH-FG	106	0	0	0	0	0
PM0000346	BH-PM	0	0	0	0	0	0
FG0000145	PB-INT	0	0	0	0	0	0
PM0000780	BH-BS	-2	0	0	0	0	0
PM0000780	BH-PC	0	-2	0	0	0	0
PM0000781	BH-BS	-2	0	0	0	0	0
PM0000781	BH-PC	0	-2	0	0	0	0
PM0000778	BH-BS	-2	0	0	0	0	0
PM0000778	BH-PC	0	-2	0	0	0	0
PM0000779	BH-BS	-2	0	0	0	0	0
PM0000779	BH-PC	0	-2	0	0	0	0
PM0000775	BH-BS	-2	0	0	0	0	0
PM0000775	BH-PC	0	-2	0	0	0	0
PM0000777	BH-BS	-2	0	0	0	0	0
PM0000777	BH-PC	0	-2	0	0	0	0
PM0000782	BH-BS	-2	0	0	0	0	0
PM0000782	BH-PC	0	-2	0	0	0	0
PM0000783	BH-BS	-2	0	0	0	0	0
PM0000783	BH-PC	0	-2	0	0	0	0
FG0000136	BH-INT	0	0	0	0	0	0
FG0000194	BH-INT	0	0	0	0	0	0
FG0000002	BH-INT	0	0	0	0	0	0
FG0000018	BH-INT	0	0	0	0	0	0
FG0000146	PB-ST	-134	-134	0	0	0	0
FG0000146	BH-INT	0	0	0	0	0	0
FA0000134	DL-FA	1	0	0	0	0	0
PM0000823	BH-PF	0	0	0	0	0	0
PM0000824	BH-PF	0	0	0	0	0	0
PM0000806	BH-PC	0	0	0	0	0	0
FG0000344	BH-FG	0	0	0	0	0	0
FG0000345	BH-FG	76	76	0	0	0	0
FG0000346	BH-FG	-76	-76	0	0	0	0
FG0000416	BH-PF	0	0	0	0	0	0
FG0000416	BH-FG	0	0	0	0	0	0
RM0000014	BH-GJ	0	0	0	0	0	0
RM0000012	BH-GJ	0	0	0	0	0	0
FG0000296	BH-PF	0	0	0	0	0	0
RM0000004	BH-PC	-4	-4	0	0	0	0
RM0000008	BH-PC	-44.5	-44.5	0	0	0	0
RM0000008	BH-LO	44.5	44.5	0	0	0	0
RM0000010	BH-PC	-17	-17	0	0	0	0
RM0000010	BH-LO	17	17	0	0	0	0
RM0000014	BH-PC	-1	-1	0	0	0	0
PM0000060	BH-PF	1	1	0	0	0	0
PM0000056	BH-PF	1	1	0	0	0	0
PM0000394	BH-PF	1	1	0	0	0	0
PM0000855	BH-PF	1	1	0	0	0	0
FG0000402	BH-FG	0	0	0	0	0	0
FG0000409	BH-FG	70	70	0	0	0	0
RM0000053	BH-LO	-998	-998	0	0	0	0
FG0000039	BH-INT	0	0	0	0	0	0
FG0000081	BH-INT	0	0	0	0	0	0
FG0000112	BH-INT	0	0	0	0	0	0
FG0000148	BH-INT	0	0	0	0	0	0
FG0000149	BH-INT	0	0	0	0	0	0
FG0000157	BH-INT	0	0	0	0	0	0
FG0000183	BH-INT	0	0	0	0	0	0
FG0000185	BH-INT	0	0	0	0	0	0
FG0000187	BH-INT	0	0	0	0	0	0
FG0000189	BH-INT	0	0	0	0	0	0
FG0000193	BH-INT	0	0	0	0	0	0
FG0000228	BH-INT	0	0	0	0	0	0
FG0000352	BH-INT	0	0	0	0	0	0
FG0000370	BH-INT	0	0	0	0	0	0
FG0000388	BH-INT	0	0	0	0	0	0
FG0000018	BH-PF	0	0	0	0	0	0
PM0000031	BH-INT	0	0	0	0	0	0
PM0000046	BH-INT	0	0	0	0	0	0
PM0000053	BH-INT	0	0	0	0	0	0
PM0000062	BH-INT	0	0	0	0	0	0
PM0000076	BH-INT	0	0	0	0	0	0
PM0000077	BH-INT	0	0	0	0	0	0
PM0000078	BH-INT	0	0	0	0	0	0
PM0000080	BH-INT	0	0	0	0	0	0
PM0000162	BH-INT	0	0	0	0	0	0
PM0000186	BH-INT	0	0	0	0	0	0
PM0000232	BH-INT	0	0	0	0	0	0
PM0000233	BH-INT	0	0	0	0	0	0
PM0000259	BH-INT	0	0	0	0	0	0
PM0000275	BH-INT	0	0	0	0	0	0
PM0000288	BH-INT	0	0	0	0	0	0
PM0000358	BH-INT	0	0	0	0	0	0
PM0000359	BH-INT	0	0	0	0	0	0
PM0000360	BH-INT	0	0	0	0	0	0
PM0000395	BH-INT	0	0	0	0	0	0
PM0000427	BH-INT	0	0	0	0	0	0
PM0000428	BH-INT	0	0	0	0	0	0
PM0000465	BH-INT	0	0	0	0	0	0
PM0000466	BH-INT	0	0	0	0	0	0
PM0000468	BH-INT	0	0	0	0	0	0
PM0000469	BH-INT	0	0	0	0	0	0
PM0000470	BH-INT	0	0	0	0	0	0
PM0000492	BH-INT	0	0	0	0	0	0
PM0000493	BH-INT	0	0	0	0	0	0
PM0000494	BH-INT	0	0	0	0	0	0
PM0000495	BH-INT	0	0	0	0	0	0
PM0000535	BH-INT	0	0	0	0	0	0
PM0000672	BH-INT	0	0	0	0	0	0
PM0000740	BH-INT	0	0	0	0	0	0
PM0000759	BH-INT	0	0	0	0	0	0
PM0000760	BH-INT	0	0	0	0	0	0
PM0000834	BH-INT	0	0	0	0	0	0
PM0000292	BH-BS	0	0	0	0	0	0
PM0000225	BH-BS	0	0	0	0	0	0
PM0000249	BH-BS	0	0	0	0	0	0
PM0000431	BH-BS	0	0	0	0	0	0
PM0000432	BH-BS	0	0	0	0	0	0
PM0000110	BH-PM	-1610	-1610	0	0	0	0
PM0000110	BH-BS	0	0	0	0	0	0
PM0000405	BH-PM	-430	-430	0	0	0	0
PM0000405	BH-BS	0	0	0	0	0	0
PM0000249	BH-PM	-20	-20	0	0	0	0
FA0000335	DL-FA	1	1	0	0	0	0
FG0000226	BH-LR	0	0	0	0	0	0
FG0000222	BH-LR	0	0	0	0	0	0
PM0000498	BH-PM	0	0	0	0	0	0
FG0000151	BH-INT	0	0	0	0	0	0
FG0000139	BH-INT	0	0	0	0	0	0
FG0000226	BH-INT	0	0	0	0	0	0
FG0000222	BH-INT	0	0	0	0	0	0
FG0000030	PB-INT	0	0	0	0	0	0
FA0000171	DL-FA	1	0	0	0	0	0
PM0000748	BH-PC	0	0	0	0	0	0
PM0000749	BH-PC	0	0	0	0	0	0
FG0000323	BH-PF	-1520	-1520	0	0	0	0
FA0000336	DL-FA	1	0	0	0	0	0
FG0000176	PB-RG	0	0	0	0	0	0
PM0000521	BH-NM	-1875	-1875	0	0	0	0
FG0000224	BH-PS	0	0	0	0	0	0
SC0000063	BH-INT	0	0	0	0	0	0
RM0000012	BH-FG	2800	0	0	0	0	0
RM0000014	BH-FG	2000	0	0	0	0	0
FG0000024	GP-FG	-696	-696	0	0	0	0
FG0000159	GP-FG	-34	-34	0	0	0	0
FG0000160	GP-FG	-20	-20	0	0	0	0
FG0000018	GP-FG	-26	-26	0	0	0	0
FG0000069	GP-FG	-48	-48	0	0	0	0
FA0000337	BH-FA	1	0	0	0	0	0
FG0000176	BH-PF	-5	-5	0	0	0	0
FA0000325	DL-FA	0	0	0	0	0	0
FA0000286	DL-FA	0	0	0	0	0	0
FA0000332	DL-FA	0	0	0	0	0	0
FA0000331	DL-FA	0	0	0	0	0	0
FG0000316	BH-VA	0	0	0	0	0	0
FA0000321	BH-FA	0	0	0	0	0	0
FG0000386	BH-PS	0	0	0	0	0	0
SF0000005	BH-PM	0	0	0	0	0	0
