timestamp	method	url	initiating_page	request_body_shape_redacted	response_status	walk_pass
2026-07-29T22:09:55.855Z	POST	https://insights-collector.newrelic.com/v1/accounts/737486/events	/im-vendor/po-dashboard	[{networkType:string,saveData:string,eventType:string,dashboardType:string,isCanary:string,name:string,pageUrl:string,originTime:number,loadTime:number,account_id:string,appURL:string,appPathName:string,deviceContext:string,user_id:string}]	200	walk4
2026-07-29T22:09:55.867Z	POST	https://insights-collector.newrelic.com/v1/accounts/737486/events	/im-vendor/po-dashboard	[{appName:string,appVCode:string,agent:string,platform:string,user_id:string,s_id:string,account_id:string,clarity_url:string,isCanary:string,appURL:string,appHost:string,appPathName:string,userAgent:string,networkType:string,saveData:string,eventType:string,dashboardType:string,name:string,loadTime:number,app:string,deviceContext:string}]	200	walk4
2026-07-29T22:09:56.303Z	POST	https://insights-collector.newrelic.com/v1/accounts/737486/events	/im-vendor/po-dashboard	[{appName:string,appVCode:string,agent:string,platform:string,user_id:string,s_id:string,account_id:string,clarity_url:string,isCanary:string,appURL:string,appHost:string,appPathName:string,userAgent:string,networkType:string,saveData:string,eventType:string,name:string,value:number}]	200	walk4
2026-07-29T22:09:56.419Z	POST	https://brand-portal-service-http.swiggy.com/api/v1/account/permissions	/im-vendor/po-dashboard	{}	200	walk4
2026-07-29T22:09:56.427Z	POST	https://insights-collector.newrelic.com/v1/accounts/737486/events	/im-vendor/po-dashboard	[{appName:string,appVCode:string,agent:string,platform:string,user_id:string,s_id:string,account_id:string,clarity_url:string,isCanary:string,appURL:string,appHost:string,appPathName:string,userAgent:string,networkType:string,saveData:string,eventType:string,dashboardType:string,name:string,url:string,method:string,duration:number,statusCode:number,requestId:string,appVersion:string}]	200	walk4
2026-07-29T22:09:56.457Z	POST	https://insights-collector.newrelic.com/v1/accounts/737486/events	/im-vendor/po-dashboard	[{appName:string,appVCode:string,agent:string,platform:string,user_id:string,s_id:string,account_id:string,clarity_url:string,isCanary:string,appURL:string,appHost:string,appPathName:string,userAgent:string,networkType:string,saveData:string,eventType:string,dashboardType:string,name:string,error_type:string,context:string,login_type:string,email:string,session_info:string,error_message:string}]	200	walk4
2026-07-29T22:09:56.709Z	POST	https://insights-collector.newrelic.com/v1/accounts/737486/events	/im-vendor/po-dashboard	[{appName:string,appVCode:string,agent:string,platform:string,user_id:string,s_id:string,account_id:string,clarity_url:string,isCanary:string,appURL:string,appHost:string,appPathName:string,userAgent:string,networkType:string,saveData:string,eventType:string,dashboardType:string,name:string,url:string,method:string,duration:number,statusCode:number,requestId:string,appVersion:string}]	200	walk4
2026-07-29T22:09:56.924Z	POST	https://insights-collector.newrelic.com/v1/accounts/737486/events	/im-vendor/po-dashboard	[{appName:string,appVCode:string,agent:string,platform:string,user_id:string,s_id:string,account_id:string,clarity_url:string,isCanary:string,appURL:string,appHost:string,appPathName:string,userAgent:string,networkType:string,saveData:string,eventType:string,dashboardType:string,name:string,remoteName:string,loadTime:number,status:string,deviceContext:string}]	200	walk4
2026-07-29T22:09:57.161Z	POST	https://insights-collector.newrelic.com/v1/accounts/737486/events	/im-vendor/po-dashboard	[{networkType:string,saveData:string,eventType:string,brand_company_id:string,supplier_id:string,user_type:string,isCanary:string,name:string,data:string}]	200	walk4
2026-07-29T22:09:57.166Z	POST	https://insights-collector.newrelic.com/v1/accounts/737486/events	/im-vendor/po-dashboard	[{appName:string,appVCode:string,agent:string,platform:string,user_id:string,s_id:string,isCanary:string,appURL:string,appHost:string,appPathName:string,userAgent:string,networkType:string,saveData:string,eventType:string,name:string,value:number}]	200	walk4
2026-07-29T22:09:57.492Z	POST	https://insights-collector.newrelic.com/v1/accounts/737486/events	/im-vendor/po-dashboard	[{appName:string,appVCode:string,agent:string,platform:string,user_id:string,s_id:string,account_id:string,clarity_url:string,isCanary:string,appURL:string,appHost:string,appPathName:string,userAgent:string,networkType:string,saveData:string,eventType:string,dashboardType:string,name:string,url:string,method:string,duration:number,statusCode:number,requestId:string,appVersion:string}]	200	walk4
2026-07-29T22:09:57.497Z	POST	https://insights-collector.newrelic.com/v1/accounts/737486/events	/im-vendor/po-dashboard	[{appName:string,appVCode:string,agent:string,platform:string,user_id:string,s_id:string,isCanary:string,appURL:string,appHost:string,appPathName:string,userAgent:string,networkType:string,saveData:string,eventType:string,brand_company_id:string,supplier_id:string,user_type:string,name:string,data:string}]	200	walk4
2026-07-29T22:10:34.789Z	POST	https://insights-collector.newrelic.com/v1/accounts/737486/events	/im-vendor/po-booking	[{networkType:string,saveData:string,eventType:string,dashboardType:string,isCanary:string,name:string,pageUrl:string,originTime:number,loadTime:number,account_id:string,appURL:string,appPathName:string,deviceContext:string,user_id:string}]	200	walk4
2026-07-29T22:10:34.824Z	POST	https://insights-collector.newrelic.com/v1/accounts/737486/events	/im-vendor/po-booking	[{appName:string,appVCode:string,agent:string,platform:string,user_id:string,s_id:string,account_id:string,clarity_url:string,isCanary:string,appURL:string,appHost:string,appPathName:string,userAgent:string,networkType:string,saveData:string,eventType:string,dashboardType:string,name:string,loadTime:number,app:string,deviceContext:string}]	200	walk4
2026-07-29T22:10:34.852Z	POST	https://insights-collector.newrelic.com/v1/accounts/737486/events	/im-vendor/po-booking	[{appName:string,appVCode:string,agent:string,platform:string,user_id:string,s_id:string,account_id:string,clarity_url:string,isCanary:string,appURL:string,appHost:string,appPathName:string,userAgent:string,networkType:string,saveData:string,eventType:string,name:string,value:number}]	200	walk4
2026-07-29T22:10:34.912Z	POST	https://insights-collector.newrelic.com/v1/accounts/737486/events	/im-vendor/po-booking	[{appName:string,appVCode:string,agent:string,platform:string,user_id:string,s_id:string,account_id:string,clarity_url:string,isCanary:string,appURL:string,appHost:string,appPathName:string,userAgent:string,networkType:string,saveData:string,eventType:string,name:string,value:number}]	200	walk4
2026-07-29T22:10:35.298Z	POST	https://brand-portal-service-http.swiggy.com/api/v1/account/permissions	/im-vendor/po-booking	{}	200	walk4
2026-07-29T22:10:35.319Z	POST	https://insights-collector.newrelic.com/v1/accounts/737486/events	/im-vendor/po-booking	[{appName:string,appVCode:string,agent:string,platform:string,user_id:string,s_id:string,account_id:string,clarity_url:string,isCanary:string,appURL:string,appHost:string,appPathName:string,userAgent:string,networkType:string,saveData:string,eventType:string,dashboardType:string,name:string,url:string,method:string,duration:number,statusCode:number,requestId:string,appVersion:string}]	200	walk4
2026-07-29T22:10:35.326Z	POST	https://insights-collector.newrelic.com/v1/accounts/737486/events	/im-vendor/po-booking	[{appName:string,appVCode:string,agent:string,platform:string,user_id:string,s_id:string,account_id:string,clarity_url:string,isCanary:string,appURL:string,appHost:string,appPathName:string,userAgent:string,networkType:string,saveData:string,eventType:string,dashboardType:string,name:string,error_type:string,context:string,login_type:string,email:string,session_info:string,error_message:string}]	200	walk4
2026-07-29T22:10:35.573Z	POST	https://insights-collector.newrelic.com/v1/accounts/737486/events	/im-vendor/po-booking	[{appName:string,appVCode:string,agent:string,platform:string,user_id:string,s_id:string,account_id:string,clarity_url:string,isCanary:string,appURL:string,appHost:string,appPathName:string,userAgent:string,networkType:string,saveData:string,eventType:string,dashboardType:string,name:string,url:string,method:string,duration:number,statusCode:number,requestId:string,appVersion:string}]	200	walk4
2026-07-29T22:10:35.729Z	POST	https://insights-collector.newrelic.com/v1/accounts/737486/events	/im-vendor/po-booking	[{appName:string,appVCode:string,agent:string,platform:string,user_id:string,s_id:string,account_id:string,clarity_url:string,isCanary:string,appURL:string,appHost:string,appPathName:string,userAgent:string,networkType:string,saveData:string,eventType:string,dashboardType:string,name:string,remoteName:string,loadTime:number,status:string,deviceContext:string}]	200	walk4
2026-07-29T22:10:35.894Z	POST	https://insights-collector.newrelic.com/v1/accounts/737486/events	/im-vendor/po-booking	[{networkType:string,saveData:string,eventType:string,brand_company_id:string,supplier_id:string,user_type:string,isCanary:string,name:string,data:string}]	200	walk4
2026-07-29T22:10:35.928Z	POST	https://insights-collector.newrelic.com/v1/accounts/737486/events	/im-vendor/po-booking	[{appName:string,appVCode:string,agent:string,platform:string,user_id:string,s_id:string,isCanary:string,appURL:string,appHost:string,appPathName:string,userAgent:string,networkType:string,saveData:string,eventType:string,name:string,value:number}]	200	walk4
2026-07-29T22:10:35.967Z	POST	https://insights-collector.newrelic.com/v1/accounts/737486/events	/im-vendor/po-booking	[{appName:string,appVCode:string,agent:string,platform:string,user_id:string,s_id:string,account_id:string,clarity_url:string,isCanary:string,appURL:string,appHost:string,appPathName:string,userAgent:string,networkType:string,saveData:string,eventType:string,name:string,value:number}]	200	walk4
2026-07-29T22:10:36.168Z	POST	https://insights-collector.newrelic.com/v1/accounts/737486/events	/im-vendor/po-booking	[{appName:string,appVCode:string,agent:string,platform:string,user_id:string,s_id:string,account_id:string,clarity_url:string,isCanary:string,appURL:string,appHost:string,appPathName:string,userAgent:string,networkType:string,saveData:string,eventType:string,dashboardType:string,name:string,url:string,method:string,duration:number,statusCode:number,requestId:string,appVersion:string}]	200	walk4
2026-07-29T22:10:36.244Z	POST	https://insights-collector.newrelic.com/v1/accounts/737486/events	/im-vendor/po-booking	[{appName:string,appVCode:string,agent:string,platform:string,user_id:string,s_id:string,isCanary:string,appURL:string,appHost:string,appPathName:string,userAgent:string,networkType:string,saveData:string,eventType:string,brand_company_id:string,supplier_id:string,user_type:string,name:string,data:string}]	200	walk4
2026-07-29T22:10:36.672Z	POST	https://picker.swiggy.com/api/v1/searchPurchaseOrder	/im-vendor/po-booking	{filters:{status:string,receiving_status:[string]},pagination:{size:number,next_page_token:number,page_number:number},sort:[{sort_by:string,sort_order:string}],query:{id:string,ship_to_party.name:string},include_appointments:boolean}	200	walk4
2026-07-29T22:10:37.090Z	POST	https://picker.swiggy.com/api/v1/listAllFCs	/im-vendor/po-booking	{type:string,business_line_id:string,pagination:{offset:string,size:number}}	200	walk4
2026-07-29T22:10:37.794Z	POST	https://picker.swiggy.com/api/v1/listAllFCs	/im-vendor/po-booking	{type:string,business_line_id:string,pagination:{offset:string,size:number}}	200	walk4
2026-07-29T22:10:38.069Z	POST	https://picker.swiggy.com/api/v1/listAllFCs	/im-vendor/po-booking	{type:string,business_line_id:string,pagination:{offset:string,size:number}}	200	walk4
2026-07-29T22:10:53.348Z	POST	https://insights-collector.newrelic.com/v1/accounts/737486/events	/im-vendor/grn	[{networkType:string,saveData:string,eventType:string,dashboardType:string,isCanary:string,name:string,pageUrl:string,originTime:number,loadTime:number,account_id:string,appURL:string,appPathName:string,deviceContext:string,user_id:string}]	200	walk4
2026-07-29T22:10:53.398Z	POST	https://insights-collector.newrelic.com/v1/accounts/737486/events	/im-vendor/grn	[{appName:string,appVCode:string,agent:string,platform:string,user_id:string,s_id:string,account_id:string,clarity_url:string,isCanary:string,appURL:string,appHost:string,appPathName:string,userAgent:string,networkType:string,saveData:string,eventType:string,dashboardType:string,name:string,loadTime:number,app:string,deviceContext:string}]	200	walk4
2026-07-29T22:10:53.495Z	POST	https://insights-collector.newrelic.com/v1/accounts/737486/events	/im-vendor/grn	[{appName:string,appVCode:string,agent:string,platform:string,user_id:string,s_id:string,account_id:string,clarity_url:string,isCanary:string,appURL:string,appHost:string,appPathName:string,userAgent:string,networkType:string,saveData:string,eventType:string,name:string,value:number}]	200	walk4
2026-07-29T22:10:53.858Z	POST	https://brand-portal-service-http.swiggy.com/api/v1/account/permissions	/im-vendor/grn	{}	200	walk4
2026-07-29T22:10:53.875Z	POST	https://insights-collector.newrelic.com/v1/accounts/737486/events	/im-vendor/grn	[{appName:string,appVCode:string,agent:string,platform:string,user_id:string,s_id:string,account_id:string,clarity_url:string,isCanary:string,appURL:string,appHost:string,appPathName:string,userAgent:string,networkType:string,saveData:string,eventType:string,dashboardType:string,name:string,url:string,method:string,duration:number,statusCode:number,requestId:string,appVersion:string}]	200	walk4
2026-07-29T22:10:53.882Z	POST	https://insights-collector.newrelic.com/v1/accounts/737486/events	/im-vendor/grn	[{appName:string,appVCode:string,agent:string,platform:string,user_id:string,s_id:string,account_id:string,clarity_url:string,isCanary:string,appURL:string,appHost:string,appPathName:string,userAgent:string,networkType:string,saveData:string,eventType:string,dashboardType:string,name:string,error_type:string,context:string,login_type:string,email:string,session_info:string,error_message:string}]	200	walk4
2026-07-29T22:10:54.151Z	POST	https://insights-collector.newrelic.com/v1/accounts/737486/events	/im-vendor/grn	[{appName:string,appVCode:string,agent:string,platform:string,user_id:string,s_id:string,account_id:string,clarity_url:string,isCanary:string,appURL:string,appHost:string,appPathName:string,userAgent:string,networkType:string,saveData:string,eventType:string,dashboardType:string,name:string,url:string,method:string,duration:number,statusCode:number,requestId:string,appVersion:string}]	200	walk4
2026-07-29T22:10:54.307Z	POST	https://insights-collector.newrelic.com/v1/accounts/737486/events	/im-vendor/grn	[{appName:string,appVCode:string,agent:string,platform:string,user_id:string,s_id:string,account_id:string,clarity_url:string,isCanary:string,appURL:string,appHost:string,appPathName:string,userAgent:string,networkType:string,saveData:string,eventType:string,dashboardType:string,name:string,remoteName:string,loadTime:number,status:string,deviceContext:string}]	200	walk4
2026-07-29T22:10:54.455Z	POST	https://insights-collector.newrelic.com/v1/accounts/737486/events	/im-vendor/grn	[{networkType:string,saveData:string,eventType:string,brand_company_id:string,supplier_id:string,user_type:string,isCanary:string,name:string,data:string}]	200	walk4
2026-07-29T22:10:54.497Z	POST	https://insights-collector.newrelic.com/v1/accounts/737486/events	/im-vendor/grn	[{appName:string,appVCode:string,agent:string,platform:string,user_id:string,s_id:string,account_id:string,clarity_url:string,isCanary:string,appURL:string,appHost:string,appPathName:string,userAgent:string,networkType:string,saveData:string,eventType:string,name:string,value:number}]	200	walk4
2026-07-29T22:10:54.503Z	POST	https://insights-collector.newrelic.com/v1/accounts/737486/events	/im-vendor/grn	[{appName:string,appVCode:string,agent:string,platform:string,user_id:string,s_id:string,isCanary:string,appURL:string,appHost:string,appPathName:string,userAgent:string,networkType:string,saveData:string,eventType:string,name:string,value:number}]	200	walk4
2026-07-29T22:10:54.744Z	POST	https://insights-collector.newrelic.com/v1/accounts/737486/events	/im-vendor/grn	[{appName:string,appVCode:string,agent:string,platform:string,user_id:string,s_id:string,account_id:string,clarity_url:string,isCanary:string,appURL:string,appHost:string,appPathName:string,userAgent:string,networkType:string,saveData:string,eventType:string,dashboardType:string,name:string,url:string,method:string,duration:number,statusCode:number,requestId:string,appVersion:string}]	200	walk4
2026-07-29T22:10:54.857Z	POST	https://insights-collector.newrelic.com/v1/accounts/737486/events	/im-vendor/grn	[{appName:string,appVCode:string,agent:string,platform:string,user_id:string,s_id:string,isCanary:string,appURL:string,appHost:string,appPathName:string,userAgent:string,networkType:string,saveData:string,eventType:string,brand_company_id:string,supplier_id:string,user_type:string,name:string,data:string}]	200	walk4
2026-07-29T22:11:01.762Z	POST	https://insights-collector.newrelic.com/v1/accounts/737486/events	/im-vendor/stock-on-hand	[{networkType:string,saveData:string,eventType:string,dashboardType:string,isCanary:string,name:string,pageUrl:string,originTime:number,loadTime:number,account_id:string,appURL:string,appPathName:string,deviceContext:string,user_id:string}]	200	walk4
2026-07-29T22:11:01.819Z	POST	https://insights-collector.newrelic.com/v1/accounts/737486/events	/im-vendor/stock-on-hand	[{appName:string,appVCode:string,agent:string,platform:string,user_id:string,s_id:string,account_id:string,clarity_url:string,isCanary:string,appURL:string,appHost:string,appPathName:string,userAgent:string,networkType:string,saveData:string,eventType:string,dashboardType:string,name:string,loadTime:number,app:string,deviceContext:string}]	200	walk4
2026-07-29T22:11:01.905Z	POST	https://insights-collector.newrelic.com/v1/accounts/737486/events	/im-vendor/stock-on-hand	[{appName:string,appVCode:string,agent:string,platform:string,user_id:string,s_id:string,account_id:string,clarity_url:string,isCanary:string,appURL:string,appHost:string,appPathName:string,userAgent:string,networkType:string,saveData:string,eventType:string,name:string,value:number}]	200	walk4
2026-07-29T22:11:02.298Z	POST	https://brand-portal-service-http.swiggy.com/api/v1/account/permissions	/im-vendor/stock-on-hand	{}	200	walk4
2026-07-29T22:11:02.307Z	POST	https://insights-collector.newrelic.com/v1/accounts/737486/events	/im-vendor/stock-on-hand	[{appName:string,appVCode:string,agent:string,platform:string,user_id:string,s_id:string,account_id:string,clarity_url:string,isCanary:string,appURL:string,appHost:string,appPathName:string,userAgent:string,networkType:string,saveData:string,eventType:string,dashboardType:string,name:string,url:string,method:string,duration:number,statusCode:number,requestId:string,appVersion:string}]	200	walk4
2026-07-29T22:11:02.336Z	POST	https://insights-collector.newrelic.com/v1/accounts/737486/events	/im-vendor/stock-on-hand	[{appName:string,appVCode:string,agent:string,platform:string,user_id:string,s_id:string,account_id:string,clarity_url:string,isCanary:string,appURL:string,appHost:string,appPathName:string,userAgent:string,networkType:string,saveData:string,eventType:string,dashboardType:string,name:string,error_type:string,context:string,login_type:string,email:string,session_info:string,error_message:string}]	200	walk4
2026-07-29T22:11:02.578Z	POST	https://insights-collector.newrelic.com/v1/accounts/737486/events	/im-vendor/stock-on-hand	[{appName:string,appVCode:string,agent:string,platform:string,user_id:string,s_id:string,account_id:string,clarity_url:string,isCanary:string,appURL:string,appHost:string,appPathName:string,userAgent:string,networkType:string,saveData:string,eventType:string,dashboardType:string,name:string,url:string,method:string,duration:number,statusCode:number,requestId:string,appVersion:string}]	200	walk4
2026-07-29T22:11:02.754Z	POST	https://insights-collector.newrelic.com/v1/accounts/737486/events	/im-vendor/stock-on-hand	[{appName:string,appVCode:string,agent:string,platform:string,user_id:string,s_id:string,account_id:string,clarity_url:string,isCanary:string,appURL:string,appHost:string,appPathName:string,userAgent:string,networkType:string,saveData:string,eventType:string,dashboardType:string,name:string,remoteName:string,loadTime:number,status:string,deviceContext:string}]	200	walk4
2026-07-29T22:11:02.943Z	POST	https://insights-collector.newrelic.com/v1/accounts/737486/events	/im-vendor/stock-on-hand	[{networkType:string,saveData:string,eventType:string,brand_company_id:string,supplier_id:string,user_type:string,isCanary:string,name:string,data:string}]	200	walk4
2026-07-29T22:11:02.969Z	POST	https://insights-collector.newrelic.com/v1/accounts/737486/events	/im-vendor/stock-on-hand	[{appName:string,appVCode:string,agent:string,platform:string,user_id:string,s_id:string,isCanary:string,appURL:string,appHost:string,appPathName:string,userAgent:string,networkType:string,saveData:string,eventType:string,name:string,value:number}]	200	walk4
2026-07-29T22:11:02.970Z	POST	https://insights-collector.newrelic.com/v1/accounts/737486/events	/im-vendor/stock-on-hand	[{appName:string,appVCode:string,agent:string,platform:string,user_id:string,s_id:string,account_id:string,clarity_url:string,isCanary:string,appURL:string,appHost:string,appPathName:string,userAgent:string,networkType:string,saveData:string,eventType:string,name:string,value:number}]	200	walk4
2026-07-29T22:11:03.194Z	POST	https://insights-collector.newrelic.com/v1/accounts/737486/events	/im-vendor/stock-on-hand	[{appName:string,appVCode:string,agent:string,platform:string,user_id:string,s_id:string,account_id:string,clarity_url:string,isCanary:string,appURL:string,appHost:string,appPathName:string,userAgent:string,networkType:string,saveData:string,eventType:string,dashboardType:string,name:string,url:string,method:string,duration:number,statusCode:number,requestId:string,appVersion:string}]	200	walk4
2026-07-29T22:11:03.240Z	POST	https://insights-collector.newrelic.com/v1/accounts/737486/events	/im-vendor/stock-on-hand	[{appName:string,appVCode:string,agent:string,platform:string,user_id:string,s_id:string,isCanary:string,appURL:string,appHost:string,appPathName:string,userAgent:string,networkType:string,saveData:string,eventType:string,brand_company_id:string,supplier_id:string,user_type:string,name:string,data:string}]	200	walk4
2026-07-29T22:11:20.343Z	POST	https://insights-collector.newrelic.com/v1/accounts/737486/events	/im-vendor/low-stock	[{networkType:string,saveData:string,eventType:string,dashboardType:string,isCanary:string,name:string,pageUrl:string,originTime:number,loadTime:number,account_id:string,appURL:string,appPathName:string,deviceContext:string,user_id:string}]	200	walk4
2026-07-29T22:11:20.367Z	POST	https://insights-collector.newrelic.com/v1/accounts/737486/events	/im-vendor/low-stock	[{appName:string,appVCode:string,agent:string,platform:string,user_id:string,s_id:string,account_id:string,clarity_url:string,isCanary:string,appURL:string,appHost:string,appPathName:string,userAgent:string,networkType:string,saveData:string,eventType:string,dashboardType:string,name:string,loadTime:number,app:string,deviceContext:string}]	200	walk4
2026-07-29T22:11:20.390Z	POST	https://insights-collector.newrelic.com/v1/accounts/737486/events	/im-vendor/low-stock	[{appName:string,appVCode:string,agent:string,platform:string,user_id:string,s_id:string,account_id:string,clarity_url:string,isCanary:string,appURL:string,appHost:string,appPathName:string,userAgent:string,networkType:string,saveData:string,eventType:string,name:string,value:number}]	200	walk4
2026-07-29T22:11:20.487Z	POST	https://insights-collector.newrelic.com/v1/accounts/737486/events	/im-vendor/low-stock	[{appName:string,appVCode:string,agent:string,platform:string,user_id:string,s_id:string,account_id:string,clarity_url:string,isCanary:string,appURL:string,appHost:string,appPathName:string,userAgent:string,networkType:string,saveData:string,eventType:string,name:string,value:number}]	200	walk4
2026-07-29T22:11:20.837Z	POST	https://brand-portal-service-http.swiggy.com/api/v1/account/permissions	/im-vendor/low-stock	{}	200	walk4
2026-07-29T22:11:20.844Z	POST	https://insights-collector.newrelic.com/v1/accounts/737486/events	/im-vendor/low-stock	[{appName:string,appVCode:string,agent:string,platform:string,user_id:string,s_id:string,account_id:string,clarity_url:string,isCanary:string,appURL:string,appHost:string,appPathName:string,userAgent:string,networkType:string,saveData:string,eventType:string,dashboardType:string,name:string,url:string,method:string,duration:number,statusCode:number,requestId:string,appVersion:string}]	200	walk4
2026-07-29T22:11:20.866Z	POST	https://insights-collector.newrelic.com/v1/accounts/737486/events	/im-vendor/low-stock	[{appName:string,appVCode:string,agent:string,platform:string,user_id:string,s_id:string,account_id:string,clarity_url:string,isCanary:string,appURL:string,appHost:string,appPathName:string,userAgent:string,networkType:string,saveData:string,eventType:string,dashboardType:string,name:string,error_type:string,context:string,login_type:string,email:string,session_info:string,error_message:string}]	200	walk4
2026-07-29T22:11:21.121Z	POST	https://insights-collector.newrelic.com/v1/accounts/737486/events	/im-vendor/low-stock	[{appName:string,appVCode:string,agent:string,platform:string,user_id:string,s_id:string,account_id:string,clarity_url:string,isCanary:string,appURL:string,appHost:string,appPathName:string,userAgent:string,networkType:string,saveData:string,eventType:string,dashboardType:string,name:string,url:string,method:string,duration:number,statusCode:number,requestId:string,appVersion:string}]	200	walk4
2026-07-29T22:11:21.266Z	POST	https://insights-collector.newrelic.com/v1/accounts/737486/events	/im-vendor/low-stock	[{appName:string,appVCode:string,agent:string,platform:string,user_id:string,s_id:string,account_id:string,clarity_url:string,isCanary:string,appURL:string,appHost:string,appPathName:string,userAgent:string,networkType:string,saveData:string,eventType:string,dashboardType:string,name:string,remoteName:string,loadTime:number,status:string,deviceContext:string}]	200	walk4
2026-07-29T22:11:21.467Z	POST	https://insights-collector.newrelic.com/v1/accounts/737486/events	/im-vendor/low-stock	[{networkType:string,saveData:string,eventType:string,brand_company_id:string,supplier_id:string,user_type:string,isCanary:string,name:string,data:string}]	200	walk4
2026-07-29T22:11:21.488Z	POST	https://insights-collector.newrelic.com/v1/accounts/737486/events	/im-vendor/low-stock	[{appName:string,appVCode:string,agent:string,platform:string,user_id:string,s_id:string,isCanary:string,appURL:string,appHost:string,appPathName:string,userAgent:string,networkType:string,saveData:string,eventType:string,name:string,value:number}]	200	walk4
2026-07-29T22:11:21.489Z	POST	https://insights-collector.newrelic.com/v1/accounts/737486/events	/im-vendor/low-stock	[{appName:string,appVCode:string,agent:string,platform:string,user_id:string,s_id:string,account_id:string,clarity_url:string,isCanary:string,appURL:string,appHost:string,appPathName:string,userAgent:string,networkType:string,saveData:string,eventType:string,name:string,value:number}]	200	walk4
2026-07-29T22:11:21.653Z	POST	https://insights-collector.newrelic.com/v1/accounts/737486/events	/im-vendor/low-stock	[{appName:string,appVCode:string,agent:string,platform:string,user_id:string,s_id:string,isCanary:string,appURL:string,appHost:string,appPathName:string,userAgent:string,networkType:string,saveData:string,eventType:string,brand_company_id:string,supplier_id:string,user_type:string,name:string,data:string}]	200	walk4
2026-07-29T22:11:21.732Z	POST	https://insights-collector.newrelic.com/v1/accounts/737486/events	/im-vendor/low-stock	[{appName:string,appVCode:string,agent:string,platform:string,user_id:string,s_id:string,account_id:string,clarity_url:string,isCanary:string,appURL:string,appHost:string,appPathName:string,userAgent:string,networkType:string,saveData:string,eventType:string,dashboardType:string,name:string,url:string,method:string,duration:number,statusCode:number,requestId:string,appVersion:string}]	200	walk4
2026-07-29T22:11:28.692Z	POST	https://insights-collector.newrelic.com/v1/accounts/737486/events	/im-vendor/availability	[{networkType:string,saveData:string,eventType:string,dashboardType:string,isCanary:string,name:string,pageUrl:string,originTime:number,loadTime:number,account_id:string,appURL:string,appPathName:string,deviceContext:string,user_id:string}]	200	walk4
2026-07-29T22:11:28.699Z	POST	https://insights-collector.newrelic.com/v1/accounts/737486/events	/im-vendor/availability	[{appName:string,appVCode:string,agent:string,platform:string,user_id:string,s_id:string,account_id:string,clarity_url:string,isCanary:string,appURL:string,appHost:string,appPathName:string,userAgent:string,networkType:string,saveData:string,eventType:string,dashboardType:string,name:string,loadTime:number,app:string,deviceContext:string}]	200	walk4
2026-07-29T22:11:28.730Z	POST	https://insights-collector.newrelic.com/v1/accounts/737486/events	/im-vendor/availability	[{appName:string,appVCode:string,agent:string,platform:string,user_id:string,s_id:string,account_id:string,clarity_url:string,isCanary:string,appURL:string,appHost:string,appPathName:string,userAgent:string,networkType:string,saveData:string,eventType:string,name:string,value:number}]	200	walk4
2026-07-29T22:11:28.803Z	POST	https://insights-collector.newrelic.com/v1/accounts/737486/events	/im-vendor/availability	[{appName:string,appVCode:string,agent:string,platform:string,user_id:string,s_id:string,account_id:string,clarity_url:string,isCanary:string,appURL:string,appHost:string,appPathName:string,userAgent:string,networkType:string,saveData:string,eventType:string,name:string,value:number}]	200	walk4
2026-07-29T22:11:29.196Z	POST	https://insights-collector.newrelic.com/v1/accounts/737486/events	/im-vendor/availability	[{appName:string,appVCode:string,agent:string,platform:string,user_id:string,s_id:string,account_id:string,clarity_url:string,isCanary:string,appURL:string,appHost:string,appPathName:string,userAgent:string,networkType:string,saveData:string,eventType:string,dashboardType:string,name:string,error_type:string,context:string,login_type:string,email:string,session_info:string,error_message:string}]	200	walk4
2026-07-29T22:11:29.198Z	POST	https://insights-collector.newrelic.com/v1/accounts/737486/events	/im-vendor/availability	[{appName:string,appVCode:string,agent:string,platform:string,user_id:string,s_id:string,account_id:string,clarity_url:string,isCanary:string,appURL:string,appHost:string,appPathName:string,userAgent:string,networkType:string,saveData:string,eventType:string,dashboardType:string,name:string,url:string,method:string,duration:number,statusCode:number,requestId:string,appVersion:string}]	200	walk4
2026-07-29T22:11:29.198Z	POST	https://brand-portal-service-http.swiggy.com/api/v1/account/permissions	/im-vendor/availability	{}	200	walk4
2026-07-29T22:11:29.484Z	POST	https://insights-collector.newrelic.com/v1/accounts/737486/events	/im-vendor/availability	[{appName:string,appVCode:string,agent:string,platform:string,user_id:string,s_id:string,account_id:string,clarity_url:string,isCanary:string,appURL:string,appHost:string,appPathName:string,userAgent:string,networkType:string,saveData:string,eventType:string,dashboardType:string,name:string,url:string,method:string,duration:number,statusCode:number,requestId:string,appVersion:string}]	200	walk4
2026-07-29T22:11:29.643Z	POST	https://insights-collector.newrelic.com/v1/accounts/737486/events	/im-vendor/availability	[{appName:string,appVCode:string,agent:string,platform:string,user_id:string,s_id:string,account_id:string,clarity_url:string,isCanary:string,appURL:string,appHost:string,appPathName:string,userAgent:string,networkType:string,saveData:string,eventType:string,dashboardType:string,name:string,remoteName:string,loadTime:number,status:string,deviceContext:string}]	200	walk4
2026-07-29T22:11:29.875Z	POST	https://insights-collector.newrelic.com/v1/accounts/737486/events	/im-vendor/availability	[{appName:string,appVCode:string,agent:string,platform:string,user_id:string,s_id:string,isCanary:string,appURL:string,appHost:string,appPathName:string,userAgent:string,networkType:string,saveData:string,eventType:string,name:string,value:number}]	200	walk4
2026-07-29T22:11:29.877Z	POST	https://insights-collector.newrelic.com/v1/accounts/737486/events	/im-vendor/availability	[{appName:string,appVCode:string,agent:string,platform:string,user_id:string,s_id:string,account_id:string,clarity_url:string,isCanary:string,appURL:string,appHost:string,appPathName:string,userAgent:string,networkType:string,saveData:string,eventType:string,name:string,value:number}]	200	walk4
2026-07-29T22:11:30.091Z	POST	https://insights-collector.newrelic.com/v1/accounts/737486/events	/im-vendor/availability	[{appName:string,appVCode:string,agent:string,platform:string,user_id:string,s_id:string,account_id:string,clarity_url:string,isCanary:string,appURL:string,appHost:string,appPathName:string,userAgent:string,networkType:string,saveData:string,eventType:string,dashboardType:string,name:string,url:string,method:string,duration:number,statusCode:number,requestId:string,appVersion:string}]	200	walk4
2026-07-29T22:11:30.147Z	POST	https://insights-collector.newrelic.com/v1/accounts/737486/events	/im-vendor/availability	[{appName:string,appVCode:string,agent:string,platform:string,user_id:string,s_id:string,isCanary:string,appURL:string,appHost:string,appPathName:string,userAgent:string,networkType:string,saveData:string,eventType:string,brand_company_id:string,supplier_id:string,user_type:string,name:string,data:string}]	200	walk4
2026-07-29T22:11:30.403Z	POST	https://picker.swiggy.com/api/v1/searchInventoryAvailabilityMetrics	/im-vendor/availability	{aggregation_level:string,filters:{aggregation_period:string,product_type:string,l1_category_id:string,brand_company_id:string,brand_id:string,city_id:string},pagination:{page_number:number,size:number},sort:[{sort_by:string,sort_order:string}]}	403	walk4
2026-07-29T22:11:30.697Z	POST	https://insights-collector.newrelic.com/v1/accounts/737486/events	/im-vendor/availability	[{appName:string,appVCode:string,agent:string,platform:string,user_id:string,s_id:string,isCanary:string,appURL:string,appHost:string,appPathName:string,userAgent:string,networkType:string,saveData:string,eventType:string,brand_company_id:string,supplier_id:string,user_type:string,name:string,url:string,params:string,method:string,message:string,statusCode:number}]	200	walk4
2026-07-29T22:11:37.070Z	POST	https://insights-collector.newrelic.com/v1/accounts/737486/events	/im-vendor/rtv	[{networkType:string,saveData:string,eventType:string,dashboardType:string,isCanary:string,name:string,pageUrl:string,originTime:number,loadTime:number,account_id:string,appURL:string,appPathName:string,deviceContext:string,user_id:string}]	200	walk4
2026-07-29T22:11:37.101Z	POST	https://insights-collector.newrelic.com/v1/accounts/737486/events	/im-vendor/rtv	[{appName:string,appVCode:string,agent:string,platform:string,user_id:string,s_id:string,account_id:string,clarity_url:string,isCanary:string,appURL:string,appHost:string,appPathName:string,userAgent:string,networkType:string,saveData:string,eventType:string,dashboardType:string,name:string,loadTime:number,app:string,deviceContext:string}]	200	walk4
2026-07-29T22:11:37.130Z	POST	https://insights-collector.newrelic.com/v1/accounts/737486/events	/im-vendor/rtv	[{appName:string,appVCode:string,agent:string,platform:string,user_id:string,s_id:string,account_id:string,clarity_url:string,isCanary:string,appURL:string,appHost:string,appPathName:string,userAgent:string,networkType:string,saveData:string,eventType:string,name:string,value:number}]	200	walk4
2026-07-29T22:11:37.204Z	POST	https://insights-collector.newrelic.com/v1/accounts/737486/events	/im-vendor/rtv	[{appName:string,appVCode:string,agent:string,platform:string,user_id:string,s_id:string,account_id:string,clarity_url:string,isCanary:string,appURL:string,appHost:string,appPathName:string,userAgent:string,networkType:string,saveData:string,eventType:string,name:string,value:number}]	200	walk4
2026-07-29T22:11:37.574Z	POST	https://brand-portal-service-http.swiggy.com/api/v1/account/permissions	/im-vendor/rtv	{}	200	walk4
2026-07-29T22:11:37.604Z	POST	https://insights-collector.newrelic.com/v1/accounts/737486/events	/im-vendor/rtv	[{appName:string,appVCode:string,agent:string,platform:string,user_id:string,s_id:string,account_id:string,clarity_url:string,isCanary:string,appURL:string,appHost:string,appPathName:string,userAgent:string,networkType:string,saveData:string,eventType:string,dashboardType:string,name:string,url:string,method:string,duration:number,statusCode:number,requestId:string,appVersion:string}]	200	walk4
2026-07-29T22:11:37.614Z	POST	https://insights-collector.newrelic.com/v1/accounts/737486/events	/im-vendor/rtv	[{appName:string,appVCode:string,agent:string,platform:string,user_id:string,s_id:string,account_id:string,clarity_url:string,isCanary:string,appURL:string,appHost:string,appPathName:string,userAgent:string,networkType:string,saveData:string,eventType:string,dashboardType:string,name:string,error_type:string,context:string,login_type:string,email:string,session_info:string,error_message:string}]	200	walk4
2026-07-29T22:11:37.853Z	POST	https://insights-collector.newrelic.com/v1/accounts/737486/events	/im-vendor/rtv	[{appName:string,appVCode:string,agent:string,platform:string,user_id:string,s_id:string,account_id:string,clarity_url:string,isCanary:string,appURL:string,appHost:string,appPathName:string,userAgent:string,networkType:string,saveData:string,eventType:string,dashboardType:string,name:string,url:string,method:string,duration:number,statusCode:number,requestId:string,appVersion:string}]	200	walk4
2026-07-29T22:11:38.005Z	POST	https://insights-collector.newrelic.com/v1/accounts/737486/events	/im-vendor/rtv	[{appName:string,appVCode:string,agent:string,platform:string,user_id:string,s_id:string,account_id:string,clarity_url:string,isCanary:string,appURL:string,appHost:string,appPathName:string,userAgent:string,networkType:string,saveData:string,eventType:string,dashboardType:string,name:string,remoteName:string,loadTime:number,status:string,deviceContext:string}]	200	walk4
2026-07-29T22:11:38.201Z	POST	https://insights-collector.newrelic.com/v1/accounts/737486/events	/im-vendor/rtv	[{networkType:string,saveData:string,eventType:string,brand_company_id:string,supplier_id:string,user_type:string,isCanary:string,name:string,data:string}]	200	walk4
2026-07-29T22:11:38.207Z	POST	https://insights-collector.newrelic.com/v1/accounts/737486/events	/im-vendor/rtv	[{appName:string,appVCode:string,agent:string,platform:string,user_id:string,s_id:string,account_id:string,clarity_url:string,isCanary:string,appURL:string,appHost:string,appPathName:string,userAgent:string,networkType:string,saveData:string,eventType:string,name:string,value:number}]	200	walk4
2026-07-29T22:11:38.219Z	POST	https://insights-collector.newrelic.com/v1/accounts/737486/events	/im-vendor/rtv	[{appName:string,appVCode:string,agent:string,platform:string,user_id:string,s_id:string,isCanary:string,appURL:string,appHost:string,appPathName:string,userAgent:string,networkType:string,saveData:string,eventType:string,name:string,value:number}]	200	walk4
2026-07-29T22:11:38.456Z	POST	https://insights-collector.newrelic.com/v1/accounts/737486/events	/im-vendor/rtv	[{appName:string,appVCode:string,agent:string,platform:string,user_id:string,s_id:string,account_id:string,clarity_url:string,isCanary:string,appURL:string,appHost:string,appPathName:string,userAgent:string,networkType:string,saveData:string,eventType:string,dashboardType:string,name:string,url:string,method:string,duration:number,statusCode:number,requestId:string,appVersion:string}]	200	walk4
2026-07-29T22:11:38.514Z	POST	https://insights-collector.newrelic.com/v1/accounts/737486/events	/im-vendor/rtv	[{appName:string,appVCode:string,agent:string,platform:string,user_id:string,s_id:string,isCanary:string,appURL:string,appHost:string,appPathName:string,userAgent:string,networkType:string,saveData:string,eventType:string,brand_company_id:string,supplier_id:string,user_type:string,name:string,data:string}]	200	walk4
2026-07-29T22:11:45.467Z	POST	https://insights-collector.newrelic.com/v1/accounts/737486/events	/im-vendor/purchase-returns	[{networkType:string,saveData:string,eventType:string,dashboardType:string,isCanary:string,name:string,pageUrl:string,originTime:number,loadTime:number,account_id:string,appURL:string,appPathName:string,deviceContext:string,user_id:string}]	200	walk4
2026-07-29T22:11:45.488Z	POST	https://insights-collector.newrelic.com/v1/accounts/737486/events	/im-vendor/purchase-returns	[{appName:string,appVCode:string,agent:string,platform:string,user_id:string,s_id:string,account_id:string,clarity_url:string,isCanary:string,appURL:string,appHost:string,appPathName:string,userAgent:string,networkType:string,saveData:string,eventType:string,dashboardType:string,name:string,loadTime:number,app:string,deviceContext:string}]	200	walk4
2026-07-29T22:11:45.501Z	POST	https://insights-collector.newrelic.com/v1/accounts/737486/events	/im-vendor/purchase-returns	[{appName:string,appVCode:string,agent:string,platform:string,user_id:string,s_id:string,account_id:string,clarity_url:string,isCanary:string,appURL:string,appHost:string,appPathName:string,userAgent:string,networkType:string,saveData:string,eventType:string,name:string,value:number}]	200	walk4
2026-07-29T22:11:45.606Z	POST	https://insights-collector.newrelic.com/v1/accounts/737486/events	/im-vendor/purchase-returns	[{appName:string,appVCode:string,agent:string,platform:string,user_id:string,s_id:string,account_id:string,clarity_url:string,isCanary:string,appURL:string,appHost:string,appPathName:string,userAgent:string,networkType:string,saveData:string,eventType:string,name:string,value:number}]	200	walk4
2026-07-29T22:11:45.980Z	POST	https://brand-portal-service-http.swiggy.com/api/v1/account/permissions	/im-vendor/purchase-returns	{}	200	walk4
2026-07-29T22:11:45.988Z	POST	https://insights-collector.newrelic.com/v1/accounts/737486/events	/im-vendor/purchase-returns	[{appName:string,appVCode:string,agent:string,platform:string,user_id:string,s_id:string,account_id:string,clarity_url:string,isCanary:string,appURL:string,appHost:string,appPathName:string,userAgent:string,networkType:string,saveData:string,eventType:string,dashboardType:string,name:string,url:string,method:string,duration:number,statusCode:number,requestId:string,appVersion:string}]	200	walk4
2026-07-29T22:11:46.006Z	POST	https://insights-collector.newrelic.com/v1/accounts/737486/events	/im-vendor/purchase-returns	[{appName:string,appVCode:string,agent:string,platform:string,user_id:string,s_id:string,account_id:string,clarity_url:string,isCanary:string,appURL:string,appHost:string,appPathName:string,userAgent:string,networkType:string,saveData:string,eventType:string,dashboardType:string,name:string,error_type:string,context:string,login_type:string,email:string,session_info:string,error_message:string}]	200	walk4
2026-07-29T22:11:46.269Z	POST	https://insights-collector.newrelic.com/v1/accounts/737486/events	/im-vendor/purchase-returns	[{appName:string,appVCode:string,agent:string,platform:string,user_id:string,s_id:string,account_id:string,clarity_url:string,isCanary:string,appURL:string,appHost:string,appPathName:string,userAgent:string,networkType:string,saveData:string,eventType:string,dashboardType:string,name:string,url:string,method:string,duration:number,statusCode:number,requestId:string,appVersion:string}]	200	walk4
2026-07-29T22:11:46.409Z	POST	https://insights-collector.newrelic.com/v1/accounts/737486/events	/im-vendor/purchase-returns	[{appName:string,appVCode:string,agent:string,platform:string,user_id:string,s_id:string,account_id:string,clarity_url:string,isCanary:string,appURL:string,appHost:string,appPathName:string,userAgent:string,networkType:string,saveData:string,eventType:string,dashboardType:string,name:string,remoteName:string,loadTime:number,status:string,deviceContext:string}]	200	walk4
2026-07-29T22:11:46.598Z	POST	https://insights-collector.newrelic.com/v1/accounts/737486/events	/im-vendor/purchase-returns	[{networkType:string,saveData:string,eventType:string,brand_company_id:string,supplier_id:string,user_type:string,isCanary:string,name:string,data:string}]	200	walk4
2026-07-29T22:11:46.599Z	POST	https://insights-collector.newrelic.com/v1/accounts/737486/events	/im-vendor/purchase-returns	[{appName:string,appVCode:string,agent:string,platform:string,user_id:string,s_id:string,account_id:string,clarity_url:string,isCanary:string,appURL:string,appHost:string,appPathName:string,userAgent:string,networkType:string,saveData:string,eventType:string,name:string,value:number}]	200	walk4
2026-07-29T22:11:46.613Z	POST	https://insights-collector.newrelic.com/v1/accounts/737486/events	/im-vendor/purchase-returns	[{appName:string,appVCode:string,agent:string,platform:string,user_id:string,s_id:string,isCanary:string,appURL:string,appHost:string,appPathName:string,userAgent:string,networkType:string,saveData:string,eventType:string,name:string,value:number}]	200	walk4
2026-07-29T22:11:46.867Z	POST	https://insights-collector.newrelic.com/v1/accounts/737486/events	/im-vendor/purchase-returns	[{appName:string,appVCode:string,agent:string,platform:string,user_id:string,s_id:string,account_id:string,clarity_url:string,isCanary:string,appURL:string,appHost:string,appPathName:string,userAgent:string,networkType:string,saveData:string,eventType:string,dashboardType:string,name:string,url:string,method:string,duration:number,statusCode:number,requestId:string,appVersion:string}]	200	walk4
2026-07-29T22:11:46.919Z	POST	https://insights-collector.newrelic.com/v1/accounts/737486/events	/im-vendor/purchase-returns	[{appName:string,appVCode:string,agent:string,platform:string,user_id:string,s_id:string,isCanary:string,appURL:string,appHost:string,appPathName:string,userAgent:string,networkType:string,saveData:string,eventType:string,brand_company_id:string,supplier_id:string,user_type:string,name:string,data:string}]	200	walk4
2026-07-29T22:11:53.857Z	POST	https://insights-collector.newrelic.com/v1/accounts/737486/events	/im-vendor/downloads	[{networkType:string,saveData:string,eventType:string,dashboardType:string,isCanary:string,name:string,pageUrl:string,originTime:number,loadTime:number,account_id:string,appURL:string,appPathName:string,deviceContext:string,user_id:string}]	200	walk4
2026-07-29T22:11:53.885Z	POST	https://insights-collector.newrelic.com/v1/accounts/737486/events	/im-vendor/downloads	[{appName:string,appVCode:string,agent:string,platform:string,user_id:string,s_id:string,account_id:string,clarity_url:string,isCanary:string,appURL:string,appHost:string,appPathName:string,userAgent:string,networkType:string,saveData:string,eventType:string,dashboardType:string,name:string,loadTime:number,app:string,deviceContext:string}]	200	walk4
2026-07-29T22:11:53.912Z	POST	https://insights-collector.newrelic.com/v1/accounts/737486/events	/im-vendor/downloads	[{appName:string,appVCode:string,agent:string,platform:string,user_id:string,s_id:string,account_id:string,clarity_url:string,isCanary:string,appURL:string,appHost:string,appPathName:string,userAgent:string,networkType:string,saveData:string,eventType:string,name:string,value:number}]	200	walk4
2026-07-29T22:11:54.010Z	POST	https://insights-collector.newrelic.com/v1/accounts/737486/events	/im-vendor/downloads	[{appName:string,appVCode:string,agent:string,platform:string,user_id:string,s_id:string,account_id:string,clarity_url:string,isCanary:string,appURL:string,appHost:string,appPathName:string,userAgent:string,networkType:string,saveData:string,eventType:string,name:string,value:number}]	200	walk4
2026-07-29T22:11:54.367Z	POST	https://brand-portal-service-http.swiggy.com/api/v1/account/permissions	/im-vendor/downloads	{}	200	walk4
2026-07-29T22:11:54.369Z	POST	https://insights-collector.newrelic.com/v1/accounts/737486/events	/im-vendor/downloads	[{appName:string,appVCode:string,agent:string,platform:string,user_id:string,s_id:string,account_id:string,clarity_url:string,isCanary:string,appURL:string,appHost:string,appPathName:string,userAgent:string,networkType:string,saveData:string,eventType:string,dashboardType:string,name:string,url:string,method:string,duration:number,statusCode:number,requestId:string,appVersion:string}]	200	walk4
2026-07-29T22:11:54.386Z	POST	https://insights-collector.newrelic.com/v1/accounts/737486/events	/im-vendor/downloads	[{appName:string,appVCode:string,agent:string,platform:string,user_id:string,s_id:string,account_id:string,clarity_url:string,isCanary:string,appURL:string,appHost:string,appPathName:string,userAgent:string,networkType:string,saveData:string,eventType:string,dashboardType:string,name:string,error_type:string,context:string,login_type:string,email:string,session_info:string,error_message:string}]	200	walk4
2026-07-29T22:11:54.650Z	POST	https://insights-collector.newrelic.com/v1/accounts/737486/events	/im-vendor/downloads	[{appName:string,appVCode:string,agent:string,platform:string,user_id:string,s_id:string,account_id:string,clarity_url:string,isCanary:string,appURL:string,appHost:string,appPathName:string,userAgent:string,networkType:string,saveData:string,eventType:string,dashboardType:string,name:string,url:string,method:string,duration:number,statusCode:number,requestId:string,appVersion:string}]	200	walk4
2026-07-29T22:11:54.801Z	POST	https://insights-collector.newrelic.com/v1/accounts/737486/events	/im-vendor/downloads	[{appName:string,appVCode:string,agent:string,platform:string,user_id:string,s_id:string,account_id:string,clarity_url:string,isCanary:string,appURL:string,appHost:string,appPathName:string,userAgent:string,networkType:string,saveData:string,eventType:string,dashboardType:string,name:string,remoteName:string,loadTime:number,status:string,deviceContext:string}]	200	walk4
2026-07-29T22:11:54.964Z	POST	https://insights-collector.newrelic.com/v1/accounts/737486/events	/im-vendor/downloads	[{networkType:string,saveData:string,eventType:string,brand_company_id:string,supplier_id:string,user_type:string,isCanary:string,name:string,data:string}]	200	walk4
2026-07-29T22:11:55.039Z	POST	https://insights-collector.newrelic.com/v1/accounts/737486/events	/im-vendor/downloads	[{appName:string,appVCode:string,agent:string,platform:string,user_id:string,s_id:string,isCanary:string,appURL:string,appHost:string,appPathName:string,userAgent:string,networkType:string,saveData:string,eventType:string,name:string,value:number}]	200	walk4
2026-07-29T22:11:55.234Z	POST	https://insights-collector.newrelic.com/v1/accounts/737486/events	/im-vendor/downloads	[{appName:string,appVCode:string,agent:string,platform:string,user_id:string,s_id:string,account_id:string,clarity_url:string,isCanary:string,appURL:string,appHost:string,appPathName:string,userAgent:string,networkType:string,saveData:string,eventType:string,dashboardType:string,name:string,url:string,method:string,duration:number,statusCode:number,requestId:string,appVersion:string}]	200	walk4
2026-07-29T22:11:55.323Z	POST	https://insights-collector.newrelic.com/v1/accounts/737486/events	/im-vendor/downloads	[{appName:string,appVCode:string,agent:string,platform:string,user_id:string,s_id:string,isCanary:string,appURL:string,appHost:string,appPathName:string,userAgent:string,networkType:string,saveData:string,eventType:string,brand_company_id:string,supplier_id:string,user_type:string,name:string,data:string}]	200	walk4
2026-07-29T22:12:02.270Z	POST	https://insights-collector.newrelic.com/v1/accounts/737486/events	/im-vendor/faq	[{networkType:string,saveData:string,eventType:string,dashboardType:string,isCanary:string,name:string,pageUrl:string,originTime:number,loadTime:number,account_id:string,appURL:string,appPathName:string,deviceContext:string,user_id:string}]	200	walk4
2026-07-29T22:12:02.308Z	POST	https://insights-collector.newrelic.com/v1/accounts/737486/events	/im-vendor/faq	[{appName:string,appVCode:string,agent:string,platform:string,user_id:string,s_id:string,account_id:string,clarity_url:string,isCanary:string,appURL:string,appHost:string,appPathName:string,userAgent:string,networkType:string,saveData:string,eventType:string,dashboardType:string,name:string,loadTime:number,app:string,deviceContext:string}]	200	walk4
2026-07-29T22:12:02.330Z	POST	https://insights-collector.newrelic.com/v1/accounts/737486/events	/im-vendor/faq	[{appName:string,appVCode:string,agent:string,platform:string,user_id:string,s_id:string,account_id:string,clarity_url:string,isCanary:string,appURL:string,appHost:string,appPathName:string,userAgent:string,networkType:string,saveData:string,eventType:string,name:string,value:number}]	200	walk4
2026-07-29T22:12:02.398Z	POST	https://insights-collector.newrelic.com/v1/accounts/737486/events	/im-vendor/faq	[{appName:string,appVCode:string,agent:string,platform:string,user_id:string,s_id:string,account_id:string,clarity_url:string,isCanary:string,appURL:string,appHost:string,appPathName:string,userAgent:string,networkType:string,saveData:string,eventType:string,name:string,value:number}]	200	walk4
2026-07-29T22:12:02.774Z	POST	https://brand-portal-service-http.swiggy.com/api/v1/account/permissions	/im-vendor/faq	{}	200	walk4
2026-07-29T22:12:02.781Z	POST	https://insights-collector.newrelic.com/v1/accounts/737486/events	/im-vendor/faq	[{appName:string,appVCode:string,agent:string,platform:string,user_id:string,s_id:string,account_id:string,clarity_url:string,isCanary:string,appURL:string,appHost:string,appPathName:string,userAgent:string,networkType:string,saveData:string,eventType:string,dashboardType:string,name:string,url:string,method:string,duration:number,statusCode:number,requestId:string,appVersion:string}]	200	walk4
2026-07-29T22:12:02.789Z	POST	https://insights-collector.newrelic.com/v1/accounts/737486/events	/im-vendor/faq	[{appName:string,appVCode:string,agent:string,platform:string,user_id:string,s_id:string,account_id:string,clarity_url:string,isCanary:string,appURL:string,appHost:string,appPathName:string,userAgent:string,networkType:string,saveData:string,eventType:string,dashboardType:string,name:string,error_type:string,context:string,login_type:string,email:string,session_info:string,error_message:string}]	200	walk4
2026-07-29T22:12:03.072Z	POST	https://insights-collector.newrelic.com/v1/accounts/737486/events	/im-vendor/faq	[{appName:string,appVCode:string,agent:string,platform:string,user_id:string,s_id:string,account_id:string,clarity_url:string,isCanary:string,appURL:string,appHost:string,appPathName:string,userAgent:string,networkType:string,saveData:string,eventType:string,dashboardType:string,name:string,url:string,method:string,duration:number,statusCode:number,requestId:string,appVersion:string}]	200	walk4
2026-07-29T22:12:03.229Z	POST	https://insights-collector.newrelic.com/v1/accounts/737486/events	/im-vendor/faq	[{appName:string,appVCode:string,agent:string,platform:string,user_id:string,s_id:string,account_id:string,clarity_url:string,isCanary:string,appURL:string,appHost:string,appPathName:string,userAgent:string,networkType:string,saveData:string,eventType:string,dashboardType:string,name:string,remoteName:string,loadTime:number,status:string,deviceContext:string}]	200	walk4
2026-07-29T22:12:03.385Z	POST	https://insights-collector.newrelic.com/v1/accounts/737486/events	/im-vendor/faq	[{networkType:string,saveData:string,eventType:string,brand_company_id:string,supplier_id:string,user_type:string,isCanary:string,name:string,data:string}]	200	walk4
2026-07-29T22:12:03.428Z	POST	https://insights-collector.newrelic.com/v1/accounts/737486/events	/im-vendor/faq	[{appName:string,appVCode:string,agent:string,platform:string,user_id:string,s_id:string,isCanary:string,appURL:string,appHost:string,appPathName:string,userAgent:string,networkType:string,saveData:string,eventType:string,name:string,value:number}]	200	walk4
2026-07-29T22:12:03.656Z	POST	https://insights-collector.newrelic.com/v1/accounts/737486/events	/im-vendor/faq	[{appName:string,appVCode:string,agent:string,platform:string,user_id:string,s_id:string,account_id:string,clarity_url:string,isCanary:string,appURL:string,appHost:string,appPathName:string,userAgent:string,networkType:string,saveData:string,eventType:string,dashboardType:string,name:string,url:string,method:string,duration:number,statusCode:number,requestId:string,appVersion:string}]	200	walk4
2026-07-29T22:12:03.704Z	POST	https://insights-collector.newrelic.com/v1/accounts/737486/events	/im-vendor/faq	[{appName:string,appVCode:string,agent:string,platform:string,user_id:string,s_id:string,isCanary:string,appURL:string,appHost:string,appPathName:string,userAgent:string,networkType:string,saveData:string,eventType:string,brand_company_id:string,supplier_id:string,user_type:string,name:string,data:string}]	200	walk4
2026-07-29T22:12:10.646Z	POST	https://insights-collector.newrelic.com/v1/accounts/737486/events	/im-vendor/performance-vendor-scores	[{networkType:string,saveData:string,eventType:string,dashboardType:string,isCanary:string,name:string,pageUrl:string,originTime:number,loadTime:number,account_id:string,appURL:string,appPathName:string,deviceContext:string,user_id:string}]	200	walk4
2026-07-29T22:12:10.676Z	POST	https://insights-collector.newrelic.com/v1/accounts/737486/events	/im-vendor/performance-vendor-scores	[{appName:string,appVCode:string,agent:string,platform:string,user_id:string,s_id:string,account_id:string,clarity_url:string,isCanary:string,appURL:string,appHost:string,appPathName:string,userAgent:string,networkType:string,saveData:string,eventType:string,dashboardType:string,name:string,loadTime:number,app:string,deviceContext:string}]	200	walk4
2026-07-29T22:12:10.695Z	POST	https://insights-collector.newrelic.com/v1/accounts/737486/events	/im-vendor/performance-vendor-scores	[{appName:string,appVCode:string,agent:string,platform:string,user_id:string,s_id:string,account_id:string,clarity_url:string,isCanary:string,appURL:string,appHost:string,appPathName:string,userAgent:string,networkType:string,saveData:string,eventType:string,name:string,value:number}]	200	walk4
2026-07-29T22:12:10.808Z	POST	https://insights-collector.newrelic.com/v1/accounts/737486/events	/im-vendor/performance-vendor-scores	[{appName:string,appVCode:string,agent:string,platform:string,user_id:string,s_id:string,account_id:string,clarity_url:string,isCanary:string,appURL:string,appHost:string,appPathName:string,userAgent:string,networkType:string,saveData:string,eventType:string,name:string,value:number}]	200	walk4
2026-07-29T22:12:11.138Z	POST	https://brand-portal-service-http.swiggy.com/api/v1/account/permissions	/im-vendor/performance-vendor-scores	{}	200	walk4
2026-07-29T22:12:11.164Z	POST	https://insights-collector.newrelic.com/v1/accounts/737486/events	/im-vendor/performance-vendor-scores	[{appName:string,appVCode:string,agent:string,platform:string,user_id:string,s_id:string,account_id:string,clarity_url:string,isCanary:string,appURL:string,appHost:string,appPathName:string,userAgent:string,networkType:string,saveData:string,eventType:string,dashboardType:string,name:string,url:string,method:string,duration:number,statusCode:number,requestId:string,appVersion:string}]	200	walk4
2026-07-29T22:12:11.422Z	POST	https://insights-collector.newrelic.com/v1/accounts/737486/events	/im-vendor/performance-vendor-scores	[{appName:string,appVCode:string,agent:string,platform:string,user_id:string,s_id:string,account_id:string,clarity_url:string,isCanary:string,appURL:string,appHost:string,appPathName:string,userAgent:string,networkType:string,saveData:string,eventType:string,dashboardType:string,name:string,url:string,method:string,duration:number,statusCode:number,requestId:string,appVersion:string}]	200	walk4
2026-07-29T22:12:11.567Z	POST	https://insights-collector.newrelic.com/v1/accounts/737486/events	/im-vendor/performance-vendor-scores	[{appName:string,appVCode:string,agent:string,platform:string,user_id:string,s_id:string,account_id:string,clarity_url:string,isCanary:string,appURL:string,appHost:string,appPathName:string,userAgent:string,networkType:string,saveData:string,eventType:string,dashboardType:string,name:string,remoteName:string,loadTime:number,status:string,deviceContext:string}]	200	walk4
2026-07-29T22:12:11.762Z	POST	https://insights-collector.newrelic.com/v1/accounts/737486/events	/im-vendor/performance-vendor-scores	[{networkType:string,saveData:string,eventType:string,brand_company_id:string,supplier_id:string,user_type:string,isCanary:string,name:string,data:string}]	200	walk4
2026-07-29T22:12:11.767Z	POST	https://insights-collector.newrelic.com/v1/accounts/737486/events	/im-vendor/performance-vendor-scores	[{appName:string,appVCode:string,agent:string,platform:string,user_id:string,s_id:string,isCanary:string,appURL:string,appHost:string,appPathName:string,userAgent:string,networkType:string,saveData:string,eventType:string,name:string,value:number}]	200	walk4
2026-07-29T22:12:12.037Z	POST	https://insights-collector.newrelic.com/v1/accounts/737486/events	/im-vendor/performance-vendor-scores	[{appName:string,appVCode:string,agent:string,platform:string,user_id:string,s_id:string,account_id:string,clarity_url:string,isCanary:string,appURL:string,appHost:string,appPathName:string,userAgent:string,networkType:string,saveData:string,eventType:string,dashboardType:string,name:string,url:string,method:string,duration:number,statusCode:number,requestId:string,appVersion:string}]	200	walk4
2026-07-29T22:12:12.078Z	POST	https://insights-collector.newrelic.com/v1/accounts/737486/events	/im-vendor/performance-vendor-scores	[{appName:string,appVCode:string,agent:string,platform:string,user_id:string,s_id:string,isCanary:string,appURL:string,appHost:string,appPathName:string,userAgent:string,networkType:string,saveData:string,eventType:string,brand_company_id:string,supplier_id:string,user_type:string,name:string,data:string}]	200	walk4
2026-07-29T22:12:19.040Z	POST	https://insights-collector.newrelic.com/v1/accounts/737486/events	/im-vendor/performance-item-list-view	[{networkType:string,saveData:string,eventType:string,dashboardType:string,isCanary:string,name:string,pageUrl:string,originTime:number,loadTime:number,account_id:string,appURL:string,appPathName:string,deviceContext:string,user_id:string}]	200	walk4
2026-07-29T22:12:19.077Z	POST	https://insights-collector.newrelic.com/v1/accounts/737486/events	/im-vendor/performance-item-list-view	[{appName:string,appVCode:string,agent:string,platform:string,user_id:string,s_id:string,account_id:string,clarity_url:string,isCanary:string,appURL:string,appHost:string,appPathName:string,userAgent:string,networkType:string,saveData:string,eventType:string,dashboardType:string,name:string,loadTime:number,app:string,deviceContext:string}]	200	walk4
2026-07-29T22:12:19.078Z	POST	https://insights-collector.newrelic.com/v1/accounts/737486/events	/im-vendor/performance-item-list-view	[{appName:string,appVCode:string,agent:string,platform:string,user_id:string,s_id:string,account_id:string,clarity_url:string,isCanary:string,appURL:string,appHost:string,appPathName:string,userAgent:string,networkType:string,saveData:string,eventType:string,name:string,value:number}]	200	walk4
2026-07-29T22:12:19.177Z	POST	https://insights-collector.newrelic.com/v1/accounts/737486/events	/im-vendor/performance-item-list-view	[{appName:string,appVCode:string,agent:string,platform:string,user_id:string,s_id:string,account_id:string,clarity_url:string,isCanary:string,appURL:string,appHost:string,appPathName:string,userAgent:string,networkType:string,saveData:string,eventType:string,name:string,value:number}]	200	walk4
2026-07-29T22:12:19.548Z	POST	https://brand-portal-service-http.swiggy.com/api/v1/account/permissions	/im-vendor/performance-item-list-view	{}	200	walk4
2026-07-29T22:12:19.564Z	POST	https://insights-collector.newrelic.com/v1/accounts/737486/events	/im-vendor/performance-item-list-view	[{appName:string,appVCode:string,agent:string,platform:string,user_id:string,s_id:string,account_id:string,clarity_url:string,isCanary:string,appURL:string,appHost:string,appPathName:string,userAgent:string,networkType:string,saveData:string,eventType:string,dashboardType:string,name:string,url:string,method:string,duration:number,statusCode:number,requestId:string,appVersion:string}]	200	walk4
2026-07-29T22:12:19.572Z	POST	https://insights-collector.newrelic.com/v1/accounts/737486/events	/im-vendor/performance-item-list-view	[{appName:string,appVCode:string,agent:string,platform:string,user_id:string,s_id:string,account_id:string,clarity_url:string,isCanary:string,appURL:string,appHost:string,appPathName:string,userAgent:string,networkType:string,saveData:string,eventType:string,dashboardType:string,name:string,error_type:string,context:string,login_type:string,email:string,session_info:string,error_message:string}]	200	walk4
2026-07-29T22:12:19.837Z	POST	https://insights-collector.newrelic.com/v1/accounts/737486/events	/im-vendor/performance-item-list-view	[{appName:string,appVCode:string,agent:string,platform:string,user_id:string,s_id:string,account_id:string,clarity_url:string,isCanary:string,appURL:string,appHost:string,appPathName:string,userAgent:string,networkType:string,saveData:string,eventType:string,dashboardType:string,name:string,url:string,method:string,duration:number,statusCode:number,requestId:string,appVersion:string}]	200	walk4
2026-07-29T22:12:19.986Z	POST	https://insights-collector.newrelic.com/v1/accounts/737486/events	/im-vendor/performance-item-list-view	[{appName:string,appVCode:string,agent:string,platform:string,user_id:string,s_id:string,account_id:string,clarity_url:string,isCanary:string,appURL:string,appHost:string,appPathName:string,userAgent:string,networkType:string,saveData:string,eventType:string,dashboardType:string,name:string,remoteName:string,loadTime:number,status:string,deviceContext:string}]	200	walk4
2026-07-29T22:12:20.165Z	POST	https://insights-collector.newrelic.com/v1/accounts/737486/events	/im-vendor/performance-item-list-view	[{networkType:string,saveData:string,eventType:string,brand_company_id:string,supplier_id:string,user_type:string,isCanary:string,name:string,data:string}]	200	walk4
2026-07-29T22:12:20.171Z	POST	https://insights-collector.newrelic.com/v1/accounts/737486/events	/im-vendor/performance-item-list-view	[{appName:string,appVCode:string,agent:string,platform:string,user_id:string,s_id:string,isCanary:string,appURL:string,appHost:string,appPathName:string,userAgent:string,networkType:string,saveData:string,eventType:string,name:string,value:number}]	200	walk4
2026-07-29T22:12:20.176Z	POST	https://insights-collector.newrelic.com/v1/accounts/737486/events	/im-vendor/performance-item-list-view	[{appName:string,appVCode:string,agent:string,platform:string,user_id:string,s_id:string,account_id:string,clarity_url:string,isCanary:string,appURL:string,appHost:string,appPathName:string,userAgent:string,networkType:string,saveData:string,eventType:string,name:string,value:number}]	200	walk4
2026-07-29T22:12:20.421Z	POST	https://insights-collector.newrelic.com/v1/accounts/737486/events	/im-vendor/performance-item-list-view	[{appName:string,appVCode:string,agent:string,platform:string,user_id:string,s_id:string,account_id:string,clarity_url:string,isCanary:string,appURL:string,appHost:string,appPathName:string,userAgent:string,networkType:string,saveData:string,eventType:string,dashboardType:string,name:string,url:string,method:string,duration:number,statusCode:number,requestId:string,appVersion:string}]	200	walk4
2026-07-29T22:12:20.498Z	POST	https://insights-collector.newrelic.com/v1/accounts/737486/events	/im-vendor/performance-item-list-view	[{appName:string,appVCode:string,agent:string,platform:string,user_id:string,s_id:string,isCanary:string,appURL:string,appHost:string,appPathName:string,userAgent:string,networkType:string,saveData:string,eventType:string,brand_company_id:string,supplier_id:string,user_type:string,name:string,data:string}]	200	walk4
2026-07-29T22:12:27.434Z	POST	https://insights-collector.newrelic.com/v1/accounts/737486/events	/im-vendor/performance-facility-view	[{networkType:string,saveData:string,eventType:string,dashboardType:string,isCanary:string,name:string,pageUrl:string,originTime:number,loadTime:number,account_id:string,appURL:string,appPathName:string,deviceContext:string,user_id:string}]	200	walk4
2026-07-29T22:12:27.453Z	POST	https://insights-collector.newrelic.com/v1/accounts/737486/events	/im-vendor/performance-facility-view	[{appName:string,appVCode:string,agent:string,platform:string,user_id:string,s_id:string,account_id:string,clarity_url:string,isCanary:string,appURL:string,appHost:string,appPathName:string,userAgent:string,networkType:string,saveData:string,eventType:string,name:string,value:number}]	200	walk4
2026-07-29T22:12:27.572Z	POST	https://insights-collector.newrelic.com/v1/accounts/737486/events	/im-vendor/performance-facility-view	[{appName:string,appVCode:string,agent:string,platform:string,user_id:string,s_id:string,account_id:string,clarity_url:string,isCanary:string,appURL:string,appHost:string,appPathName:string,userAgent:string,networkType:string,saveData:string,eventType:string,name:string,value:number}]	200	walk4
2026-07-29T22:12:27.910Z	POST	https://brand-portal-service-http.swiggy.com/api/v1/account/permissions	/im-vendor/performance-facility-view	{}	200	walk4
2026-07-29T22:12:27.931Z	POST	https://insights-collector.newrelic.com/v1/accounts/737486/events	/im-vendor/performance-facility-view	[{appName:string,appVCode:string,agent:string,platform:string,user_id:string,s_id:string,account_id:string,clarity_url:string,isCanary:string,appURL:string,appHost:string,appPathName:string,userAgent:string,networkType:string,saveData:string,eventType:string,dashboardType:string,name:string,url:string,method:string,duration:number,statusCode:number,requestId:string,appVersion:string}]	200	walk4
2026-07-29T22:12:28.197Z	POST	https://insights-collector.newrelic.com/v1/accounts/737486/events	/im-vendor/performance-facility-view	[{appName:string,appVCode:string,agent:string,platform:string,user_id:string,s_id:string,account_id:string,clarity_url:string,isCanary:string,appURL:string,appHost:string,appPathName:string,userAgent:string,networkType:string,saveData:string,eventType:string,dashboardType:string,name:string,url:string,method:string,duration:number,statusCode:number,requestId:string,appVersion:string}]	200	walk4
2026-07-29T22:12:28.351Z	POST	https://insights-collector.newrelic.com/v1/accounts/737486/events	/im-vendor/performance-facility-view	[{appName:string,appVCode:string,agent:string,platform:string,user_id:string,s_id:string,account_id:string,clarity_url:string,isCanary:string,appURL:string,appHost:string,appPathName:string,userAgent:string,networkType:string,saveData:string,eventType:string,dashboardType:string,name:string,remoteName:string,loadTime:number,status:string,deviceContext:string}]	200	walk4
2026-07-29T22:12:28.519Z	POST	https://insights-collector.newrelic.com/v1/accounts/737486/events	/im-vendor/performance-facility-view	[{appName:string,appVCode:string,agent:string,platform:string,user_id:string,s_id:string,account_id:string,clarity_url:string,isCanary:string,appURL:string,appHost:string,appPathName:string,userAgent:string,networkType:string,saveData:string,eventType:string,name:string,value:number}]	200	walk4
2026-07-29T22:12:28.525Z	POST	https://insights-collector.newrelic.com/v1/accounts/737486/events	/im-vendor/performance-facility-view	[{appName:string,appVCode:string,agent:string,platform:string,user_id:string,s_id:string,isCanary:string,appURL:string,appHost:string,appPathName:string,userAgent:string,networkType:string,saveData:string,eventType:string,name:string,value:number}]	200	walk4
2026-07-29T22:12:28.526Z	POST	https://insights-collector.newrelic.com/v1/accounts/737486/events	/im-vendor/performance-facility-view	[{networkType:string,saveData:string,eventType:string,brand_company_id:string,supplier_id:string,user_type:string,isCanary:string,name:string,data:string}]	200	walk4
2026-07-29T22:12:28.774Z	POST	https://insights-collector.newrelic.com/v1/accounts/737486/events	/im-vendor/performance-facility-view	[{appName:string,appVCode:string,agent:string,platform:string,user_id:string,s_id:string,account_id:string,clarity_url:string,isCanary:string,appURL:string,appHost:string,appPathName:string,userAgent:string,networkType:string,saveData:string,eventType:string,dashboardType:string,name:string,url:string,method:string,duration:number,statusCode:number,requestId:string,appVersion:string}]	200	walk4
2026-07-29T22:12:28.845Z	POST	https://insights-collector.newrelic.com/v1/accounts/737486/events	/im-vendor/performance-facility-view	[{appName:string,appVCode:string,agent:string,platform:string,user_id:string,s_id:string,isCanary:string,appURL:string,appHost:string,appPathName:string,userAgent:string,networkType:string,saveData:string,eventType:string,brand_company_id:string,supplier_id:string,user_type:string,name:string,data:string}]	200	walk4
2026-07-29T22:12:35.932Z	POST	https://insights-collector.newrelic.com/v1/accounts/737486/events	/im-vendor/local-buying/home	[{networkType:string,saveData:string,eventType:string,dashboardType:string,isCanary:string,name:string,pageUrl:string,originTime:number,loadTime:number,account_id:string,appURL:string,appPathName:string,deviceContext:string,user_id:string}]	200	walk4
2026-07-29T22:12:35.965Z	POST	https://insights-collector.newrelic.com/v1/accounts/737486/events	/im-vendor/local-buying/home	[{appName:string,appVCode:string,agent:string,platform:string,user_id:string,s_id:string,account_id:string,clarity_url:string,isCanary:string,appURL:string,appHost:string,appPathName:string,userAgent:string,networkType:string,saveData:string,eventType:string,dashboardType:string,name:string,loadTime:number,app:string,deviceContext:string}]	200	walk4
2026-07-29T22:12:35.971Z	POST	https://insights-collector.newrelic.com/v1/accounts/737486/events	/im-vendor/local-buying/home	[{appName:string,appVCode:string,agent:string,platform:string,user_id:string,s_id:string,account_id:string,clarity_url:string,isCanary:string,appURL:string,appHost:string,appPathName:string,userAgent:string,networkType:string,saveData:string,eventType:string,name:string,value:number}]	200	walk4
2026-07-29T22:12:36.059Z	POST	https://insights-collector.newrelic.com/v1/accounts/737486/events	/im-vendor/local-buying/home	[{appName:string,appVCode:string,agent:string,platform:string,user_id:string,s_id:string,account_id:string,clarity_url:string,isCanary:string,appURL:string,appHost:string,appPathName:string,userAgent:string,networkType:string,saveData:string,eventType:string,dashboardType:string,name:string,remoteName:string,loadTime:number,status:string,deviceContext:string}]	200	walk4
2026-07-29T22:12:36.259Z	POST	https://insights-collector.newrelic.com/v1/accounts/737486/events	/im-vendor/local-buying/home	[{appName:string,appVCode:string,agent:string,platform:string,user_id:string,s_id:string,isCanary:string,appURL:string,appHost:string,appPathName:string,userAgent:string,networkType:string,saveData:string,eventType:string,brand_company_id:string,supplier_id:string,user_type:string,name:string,pageUrl:string,originTime:number,loadTime:number,loadMode:string}]	200	walk4
2026-07-29T22:12:36.305Z	POST	https://insights-collector.newrelic.com/v1/accounts/737486/events	/im-vendor/local-buying/home	[{appName:string,appVCode:string,agent:string,platform:string,user_id:string,s_id:string,isCanary:string,appURL:string,appHost:string,appPathName:string,userAgent:string,networkType:string,saveData:string,eventType:string,name:string,value:number}]	200	walk4
2026-07-29T22:12:36.306Z	POST	https://insights-collector.newrelic.com/v1/accounts/737486/events	/im-vendor/local-buying/home	[{appName:string,appVCode:string,agent:string,platform:string,user_id:string,s_id:string,account_id:string,clarity_url:string,isCanary:string,appURL:string,appHost:string,appPathName:string,userAgent:string,networkType:string,saveData:string,eventType:string,name:string,value:number}]	200	walk4
2026-07-29T22:12:36.605Z	POST	https://insights-collector.newrelic.com/v1/accounts/737486/events	/im-vendor/local-buying/home	[{appName:string,appVCode:string,agent:string,platform:string,user_id:string,s_id:string,isCanary:string,appURL:string,appHost:string,appPathName:string,userAgent:string,networkType:string,saveData:string,eventType:string,brand_company_id:string,supplier_id:string,user_type:string,name:string,url:string,method:string,message:string,statusCode:number,params:string}]	200	walk4
2026-07-29T22:12:44.313Z	POST	https://insights-collector.newrelic.com/v1/accounts/737486/events	/im-vendor/local-buying/po-summary	[{networkType:string,saveData:string,eventType:string,dashboardType:string,isCanary:string,name:string,pageUrl:string,originTime:number,loadTime:number,account_id:string,appURL:string,appPathName:string,deviceContext:string,user_id:string}]	200	walk4
2026-07-29T22:12:44.353Z	POST	https://insights-collector.newrelic.com/v1/accounts/737486/events	/im-vendor/local-buying/po-summary	[{appName:string,appVCode:string,agent:string,platform:string,user_id:string,s_id:string,account_id:string,clarity_url:string,isCanary:string,appURL:string,appHost:string,appPathName:string,userAgent:string,networkType:string,saveData:string,eventType:string,dashboardType:string,name:string,loadTime:number,app:string,deviceContext:string}]	200	walk4
2026-07-29T22:12:44.354Z	POST	https://insights-collector.newrelic.com/v1/accounts/737486/events	/im-vendor/local-buying/po-summary	[{appName:string,appVCode:string,agent:string,platform:string,user_id:string,s_id:string,account_id:string,clarity_url:string,isCanary:string,appURL:string,appHost:string,appPathName:string,userAgent:string,networkType:string,saveData:string,eventType:string,name:string,value:number}]	200	walk4
2026-07-29T22:12:44.456Z	POST	https://insights-collector.newrelic.com/v1/accounts/737486/events	/im-vendor/local-buying/po-summary	[{appName:string,appVCode:string,agent:string,platform:string,user_id:string,s_id:string,account_id:string,clarity_url:string,isCanary:string,appURL:string,appHost:string,appPathName:string,userAgent:string,networkType:string,saveData:string,eventType:string,dashboardType:string,name:string,remoteName:string,loadTime:number,status:string,deviceContext:string}]	200	walk4
2026-07-29T22:12:44.631Z	POST	https://insights-collector.newrelic.com/v1/accounts/737486/events	/im-vendor/local-buying/po-summary	[{appName:string,appVCode:string,agent:string,platform:string,user_id:string,s_id:string,isCanary:string,appURL:string,appHost:string,appPathName:string,userAgent:string,networkType:string,saveData:string,eventType:string,brand_company_id:string,supplier_id:string,user_type:string,name:string,pageUrl:string,originTime:number,loadTime:number,loadMode:string}]	200	walk4
2026-07-29T22:12:44.697Z	POST	https://insights-collector.newrelic.com/v1/accounts/737486/events	/im-vendor/local-buying/po-summary	[{appName:string,appVCode:string,agent:string,platform:string,user_id:string,s_id:string,account_id:string,clarity_url:string,isCanary:string,appURL:string,appHost:string,appPathName:string,userAgent:string,networkType:string,saveData:string,eventType:string,name:string,value:number}]	200	walk4
2026-07-29T22:12:44.700Z	POST	https://insights-collector.newrelic.com/v1/accounts/737486/events	/im-vendor/local-buying/po-summary	[{appName:string,appVCode:string,agent:string,platform:string,user_id:string,s_id:string,isCanary:string,appURL:string,appHost:string,appPathName:string,userAgent:string,networkType:string,saveData:string,eventType:string,name:string,value:number}]	200	walk4
2026-07-29T22:12:52.694Z	POST	https://insights-collector.newrelic.com/v1/accounts/737486/events	/im-vendor/local-buying/request-summary	[{networkType:string,saveData:string,eventType:string,dashboardType:string,isCanary:string,name:string,pageUrl:string,originTime:number,loadTime:number,account_id:string,appURL:string,appPathName:string,deviceContext:string,user_id:string}]	200	walk4
2026-07-29T22:12:52.735Z	POST	https://insights-collector.newrelic.com/v1/accounts/737486/events	/im-vendor/local-buying/request-summary	[{appName:string,appVCode:string,agent:string,platform:string,user_id:string,s_id:string,account_id:string,clarity_url:string,isCanary:string,appURL:string,appHost:string,appPathName:string,userAgent:string,networkType:string,saveData:string,eventType:string,dashboardType:string,name:string,loadTime:number,app:string,deviceContext:string}]	200	walk4
2026-07-29T22:12:52.747Z	POST	https://insights-collector.newrelic.com/v1/accounts/737486/events	/im-vendor/local-buying/request-summary	[{appName:string,appVCode:string,agent:string,platform:string,user_id:string,s_id:string,account_id:string,clarity_url:string,isCanary:string,appURL:string,appHost:string,appPathName:string,userAgent:string,networkType:string,saveData:string,eventType:string,name:string,value:number}]	200	walk4
2026-07-29T22:12:52.817Z	POST	https://insights-collector.newrelic.com/v1/accounts/737486/events	/im-vendor/local-buying/request-summary	[{appName:string,appVCode:string,agent:string,platform:string,user_id:string,s_id:string,account_id:string,clarity_url:string,isCanary:string,appURL:string,appHost:string,appPathName:string,userAgent:string,networkType:string,saveData:string,eventType:string,dashboardType:string,name:string,remoteName:string,loadTime:number,status:string,deviceContext:string}]	200	walk4
2026-07-29T22:12:52.837Z	POST	https://insights-collector.newrelic.com/v1/accounts/737486/events	/im-vendor/local-buying/request-summary	[{appName:string,appVCode:string,agent:string,platform:string,user_id:string,s_id:string,account_id:string,clarity_url:string,isCanary:string,appURL:string,appHost:string,appPathName:string,userAgent:string,networkType:string,saveData:string,eventType:string,name:string,value:number}]	200	walk4
2026-07-29T22:12:53.011Z	POST	https://insights-collector.newrelic.com/v1/accounts/737486/events	/im-vendor/local-buying/request-summary	[{appName:string,appVCode:string,agent:string,platform:string,user_id:string,s_id:string,isCanary:string,appURL:string,appHost:string,appPathName:string,userAgent:string,networkType:string,saveData:string,eventType:string,brand_company_id:string,supplier_id:string,user_type:string,name:string,pageUrl:string,originTime:number,loadTime:number,loadMode:string}]	200	walk4
2026-07-29T22:12:53.059Z	POST	https://insights-collector.newrelic.com/v1/accounts/737486/events	/im-vendor/local-buying/request-summary	[{appName:string,appVCode:string,agent:string,platform:string,user_id:string,s_id:string,account_id:string,clarity_url:string,isCanary:string,appURL:string,appHost:string,appPathName:string,userAgent:string,networkType:string,saveData:string,eventType:string,name:string,value:number}]	200	walk4
2026-07-29T22:12:53.066Z	POST	https://insights-collector.newrelic.com/v1/accounts/737486/events	/im-vendor/local-buying/request-summary	[{appName:string,appVCode:string,agent:string,platform:string,user_id:string,s_id:string,isCanary:string,appURL:string,appHost:string,appPathName:string,userAgent:string,networkType:string,saveData:string,eventType:string,name:string,value:number}]	200	walk4
2026-07-29T22:13:01.058Z	POST	https://insights-collector.newrelic.com/v1/accounts/737486/events	/im-vendor/local-buying/request-summary	[{networkType:string,saveData:string,eventType:string,dashboardType:string,isCanary:string,name:string,pageUrl:string,originTime:number,loadTime:number,account_id:string,appURL:string,appPathName:string,deviceContext:string,user_id:string}]	200	walk4
2026-07-29T22:13:01.080Z	POST	https://insights-collector.newrelic.com/v1/accounts/737486/events	/im-vendor/local-buying/request-summary	[{appName:string,appVCode:string,agent:string,platform:string,user_id:string,s_id:string,account_id:string,clarity_url:string,isCanary:string,appURL:string,appHost:string,appPathName:string,userAgent:string,networkType:string,saveData:string,eventType:string,dashboardType:string,name:string,loadTime:number,app:string,deviceContext:string}]	200	walk4
2026-07-29T22:13:01.101Z	POST	https://insights-collector.newrelic.com/v1/accounts/737486/events	/im-vendor/local-buying/request-summary	[{appName:string,appVCode:string,agent:string,platform:string,user_id:string,s_id:string,account_id:string,clarity_url:string,isCanary:string,appURL:string,appHost:string,appPathName:string,userAgent:string,networkType:string,saveData:string,eventType:string,name:string,value:number}]	200	walk4
2026-07-29T22:13:01.201Z	POST	https://insights-collector.newrelic.com/v1/accounts/737486/events	/im-vendor/local-buying/request-summary	[{appName:string,appVCode:string,agent:string,platform:string,user_id:string,s_id:string,account_id:string,clarity_url:string,isCanary:string,appURL:string,appHost:string,appPathName:string,userAgent:string,networkType:string,saveData:string,eventType:string,name:string,value:number}]	200	walk4
2026-07-29T22:13:01.576Z	POST	https://brand-portal-service-http.swiggy.com/api/v1/account/permissions	/im-vendor/local-buying/request-summary	{}	200	walk4
2026-07-29T22:13:01.584Z	POST	https://insights-collector.newrelic.com/v1/accounts/737486/events	/im-vendor/local-buying/request-summary	[{appName:string,appVCode:string,agent:string,platform:string,user_id:string,s_id:string,account_id:string,clarity_url:string,isCanary:string,appURL:string,appHost:string,appPathName:string,userAgent:string,networkType:string,saveData:string,eventType:string,dashboardType:string,name:string,url:string,method:string,duration:number,statusCode:number,requestId:string,appVersion:string}]	200	walk4
2026-07-29T22:13:01.593Z	POST	https://insights-collector.newrelic.com/v1/accounts/737486/events	/im-vendor/local-buying/request-summary	[{appName:string,appVCode:string,agent:string,platform:string,user_id:string,s_id:string,account_id:string,clarity_url:string,isCanary:string,appURL:string,appHost:string,appPathName:string,userAgent:string,networkType:string,saveData:string,eventType:string,dashboardType:string,name:string,error_type:string,context:string,login_type:string,email:string,session_info:string,error_message:string}]	200	walk4
2026-07-29T22:13:01.857Z	POST	https://brand-portal-service-http.swiggy.com/api/v1/account/permissions	/im-vendor/local-buying/request-summary	{}	200	walk4
2026-07-29T22:13:01.881Z	POST	https://insights-collector.newrelic.com/v1/accounts/737486/events	/im-vendor/local-buying/request-summary	[{appName:string,appVCode:string,agent:string,platform:string,user_id:string,s_id:string,account_id:string,clarity_url:string,isCanary:string,appURL:string,appHost:string,appPathName:string,userAgent:string,networkType:string,saveData:string,eventType:string,dashboardType:string,name:string,url:string,method:string,duration:number,statusCode:number,requestId:string,appVersion:string}]	200	walk4
2026-07-29T22:13:02.149Z	POST	https://brand-portal-service-http.swiggy.com/api/v1/account/permissions	/im-vendor/local-buying/request-summary	{}	200	walk4
2026-07-29T22:13:02.162Z	POST	https://insights-collector.newrelic.com/v1/accounts/737486/events	/im-vendor/local-buying/request-summary	[{appName:string,appVCode:string,agent:string,platform:string,user_id:string,s_id:string,account_id:string,clarity_url:string,isCanary:string,appURL:string,appHost:string,appPathName:string,userAgent:string,networkType:string,saveData:string,eventType:string,name:string,value:number}]	200	walk4
2026-07-29T22:13:02.448Z	POST	https://insights-collector.newrelic.com/v1/accounts/737486/events	/im-vendor/local-buying/request-summary	[{appName:string,appVCode:string,agent:string,platform:string,user_id:string,s_id:string,account_id:string,clarity_url:string,isCanary:string,appURL:string,appHost:string,appPathName:string,userAgent:string,networkType:string,saveData:string,eventType:string,dashboardType:string,name:string,url:string,method:string,duration:number,statusCode:number,requestId:string,appVersion:string}]	200	walk4
2026-07-29T22:13:02.728Z	POST	https://insights-collector.newrelic.com/v1/accounts/737486/events	/im-vendor/local-buying/request-summary	[{appName:string,appVCode:string,agent:string,platform:string,user_id:string,s_id:string,account_id:string,clarity_url:string,isCanary:string,appURL:string,appHost:string,appPathName:string,userAgent:string,networkType:string,saveData:string,eventType:string,dashboardType:string,name:string,url:string,method:string,duration:number,statusCode:number,requestId:string,appVersion:string}]	200	walk4
2026-07-29T22:13:06.466Z	POST	https://brand-portal-service-http.swiggy.com/api/v1/account/permissions	/im-vendor/local-buying/request-summary	{account_id:string}	200	walk4
2026-07-29T22:13:06.823Z	POST	https://insights-collector.newrelic.com/v1/accounts/737486/events	/im-vendor/local-buying/request-summary	[{appName:string,appVCode:string,agent:string,platform:string,user_id:string,s_id:string,account_id:string,clarity_url:string,isCanary:string,appURL:string,appHost:string,appPathName:string,userAgent:string,networkType:string,saveData:string,eventType:string,dashboardType:string,name:string,url:string,method:string,duration:number,statusCode:number,requestId:string,appVersion:string}]	200	walk4
2026-07-29T22:13:06.975Z	POST	https://insights-collector.newrelic.com/v1/accounts/737486/events	/im-vendor/local-buying/request-summary	[{appName:string,appVCode:string,agent:string,platform:string,user_id:string,s_id:string,account_id:string,clarity_url:string,isCanary:string,appURL:string,appHost:string,appPathName:string,userAgent:string,networkType:string,saveData:string,eventType:string,dashboardType:string,name:string,remoteName:string,loadTime:number,status:string,deviceContext:string}]	200	walk4
2026-07-29T22:13:07.229Z	POST	https://insights-collector.newrelic.com/v1/accounts/737486/events	/im-vendor/local-buying/request-summary	[{appName:string,platform:string,user_id:string,s_id:string,account_id:string,clarity_url:string,loginType:string,appVCode:string,appURL:string,appHost:string,appPathName:string,userAgent:string,networkType:string,saveData:string,eventType:string,dashboardType:string,isCanary:string,name:string,pageUrl:string,originTime:number,loadTime:number,loadMode:string,network_status:string}]	200	walk4
2026-07-29T22:13:07.762Z	POST	https://insights-collector.newrelic.com/v1/accounts/737486/events	/im-vendor/local-buying/request-summary	[{appName:string,platform:string,user_id:string,s_id:string,account_id:string,clarity_url:string,loginType:string,appVCode:string,appURL:string,appHost:string,appPathName:string,userAgent:string,networkType:string,saveData:string,eventType:string,host:string,path:string,cached:string,redirect_time:number,dns_lookup_time:number,tcp_time:number,response_time:number,fetch_until_res_end_time:number,req_start_until_res_end_time:string}]	200	walk4
2026-07-29T22:13:07.824Z	POST	https://brand-portal-service-http.swiggy.com/api/v1/advertiser/metrics	/im-vendor/local-buying/request-summary	{request_context:{request_id:string,client_id:string},account_id:string,advertiser_metrics_query:{metrics:[object],dimensions:[],filters:{logical_operator:string,filters:array}}}	200	walk4
2026-07-29T22:13:07.854Z	POST	https://brand-portal-service-http.swiggy.com/api/v1/advertiser/metrics/batch	/im-vendor/local-buying/request-summary	{request_context:{request_id:string,client_id:string},account_id:string,advertiser_metrics_queries:[{query_id:string,metrics:array,dimensions:array,filters:object,sort:object}]}	200	walk4
2026-07-29T22:13:07.855Z	POST	https://brand-portal-service-http.swiggy.com/api/v1/campaigns	/im-vendor/local-buying/request-summary	{request_context:{request_id:string,client_id:string},account_id:string,metrics:[{name:string}],filters:{logical_operator:string,filters:[object]},pagination_context:{offset:string,size:number},sort:{sort_order:string,ads_campaign_attribute:string}}	200	walk4
2026-07-29T22:13:08.278Z	POST	https://insights-collector.newrelic.com/v1/accounts/737486/events	/im-vendor/local-buying/request-summary	[{appName:string,platform:string,user_id:string,s_id:string,account_id:string,clarity_url:string,loginType:string,appVCode:string,appURL:string,appHost:string,appPathName:string,userAgent:string,networkType:string,saveData:string,eventType:string,host:string,path:string,cached:string,redirect_time:number,dns_lookup_time:number,tcp_time:number,response_time:number,fetch_until_res_end_time:number,req_start_until_res_end_time:string}]	200	walk4
2026-07-29T22:13:12.865Z	POST	https://insights-collector.newrelic.com/v1/accounts/737486/events	/instamart [Jivo Mart Pvt. Ltd]	[{networkType:string,saveData:string,eventType:string,dashboardType:string,isCanary:string,name:string,pageUrl:string,originTime:number,loadTime:number,account_id:string,appURL:string,appPathName:string,deviceContext:string,user_id:string}]	200	walk4
2026-07-29T22:13:12.895Z	POST	https://insights-collector.newrelic.com/v1/accounts/737486/events	/instamart [Jivo Mart Pvt. Ltd]	[{appName:string,appVCode:string,agent:string,platform:string,user_id:string,s_id:string,account_id:string,clarity_url:string,isCanary:string,appURL:string,appHost:string,appPathName:string,userAgent:string,networkType:string,saveData:string,eventType:string,dashboardType:string,name:string,loadTime:number,app:string,deviceContext:string}]	200	walk4
2026-07-29T22:13:12.932Z	POST	https://insights-collector.newrelic.com/v1/accounts/737486/events	/instamart [Jivo Mart Pvt. Ltd]	[{appName:string,appVCode:string,agent:string,platform:string,user_id:string,s_id:string,account_id:string,clarity_url:string,isCanary:string,appURL:string,appHost:string,appPathName:string,userAgent:string,networkType:string,saveData:string,eventType:string,name:string,value:number}]	200	walk4
2026-07-29T22:13:13.013Z	POST	https://insights-collector.newrelic.com/v1/accounts/737486/events	/instamart [Jivo Mart Pvt. Ltd]	[{appName:string,appVCode:string,agent:string,platform:string,user_id:string,s_id:string,account_id:string,clarity_url:string,isCanary:string,appURL:string,appHost:string,appPathName:string,userAgent:string,networkType:string,saveData:string,eventType:string,name:string,value:number}]	200	walk4
2026-07-29T22:13:13.390Z	POST	https://brand-portal-service-http.swiggy.com/api/v1/account/permissions	/instamart [Jivo Mart Pvt. Ltd]	{}	200	walk4
2026-07-29T22:13:13.426Z	POST	https://insights-collector.newrelic.com/v1/accounts/737486/events	/instamart [Jivo Mart Pvt. Ltd]	[{appName:string,appVCode:string,agent:string,platform:string,user_id:string,s_id:string,account_id:string,clarity_url:string,isCanary:string,appURL:string,appHost:string,appPathName:string,userAgent:string,networkType:string,saveData:string,eventType:string,dashboardType:string,name:string,url:string,method:string,duration:number,statusCode:number,requestId:string,appVersion:string}]	200	walk4
2026-07-29T22:13:13.670Z	POST	https://insights-collector.newrelic.com/v1/accounts/737486/events	/instamart [Jivo Mart Pvt. Ltd]	[{appName:string,appVCode:string,agent:string,platform:string,user_id:string,s_id:string,account_id:string,clarity_url:string,isCanary:string,appURL:string,appHost:string,appPathName:string,userAgent:string,networkType:string,saveData:string,eventType:string,dashboardType:string,name:string,url:string,method:string,duration:number,statusCode:number,requestId:string,appVersion:string}]	200	walk4
2026-07-29T22:13:13.671Z	POST	https://brand-portal-service-http.swiggy.com/api/v1/account/permissions	/instamart [Jivo Mart Pvt. Ltd]	{account_id:string}	200	walk4
2026-07-29T22:13:14.022Z	POST	https://insights-collector.newrelic.com/v1/accounts/737486/events	/instamart [Jivo Mart Pvt. Ltd]	[{appName:string,appVCode:string,agent:string,platform:string,user_id:string,s_id:string,account_id:string,clarity_url:string,isCanary:string,appURL:string,appHost:string,appPathName:string,userAgent:string,networkType:string,saveData:string,eventType:string,dashboardType:string,name:string,url:string,method:string,duration:number,statusCode:number,requestId:string,appVersion:string}]	200	walk4
2026-07-29T22:13:14.148Z	POST	https://insights-collector.newrelic.com/v1/accounts/737486/events	/instamart [Jivo Mart Pvt. Ltd]	[{appName:string,appVCode:string,agent:string,platform:string,user_id:string,s_id:string,account_id:string,clarity_url:string,isCanary:string,appURL:string,appHost:string,appPathName:string,userAgent:string,networkType:string,saveData:string,eventType:string,name:string,value:number}]	200	walk4
2026-07-29T22:13:14.307Z	POST	https://insights-collector.newrelic.com/v1/accounts/737486/events	/instamart [Jivo Mart Pvt. Ltd]	[{appName:string,appVCode:string,agent:string,platform:string,user_id:string,s_id:string,account_id:string,clarity_url:string,isCanary:string,appURL:string,appHost:string,appPathName:string,userAgent:string,networkType:string,saveData:string,eventType:string,dashboardType:string,name:string,url:string,method:string,duration:number,statusCode:number,requestId:string,appVersion:string}]	200	walk4
2026-07-29T22:13:14.333Z	POST	https://insights-collector.newrelic.com/v1/accounts/737486/events	/instamart [Jivo Mart Pvt. Ltd]	[{appName:string,platform:string,user_id:string,s_id:string,account_id:string,clarity_url:string,loginType:string,appVCode:string,appURL:string,appHost:string,appPathName:string,userAgent:string,networkType:string,saveData:string,eventType:string,dashboardType:string,isCanary:string,name:string,pageUrl:string,originTime:number,loadTime:number,loadMode:string,network_status:string}]	200	walk4
2026-07-29T22:13:15.009Z	POST	https://insights-collector.newrelic.com/v1/accounts/737486/events	/instamart [Jivo Mart Pvt. Ltd]	[{appName:string,platform:string,user_id:string,s_id:string,account_id:string,clarity_url:string,loginType:string,appVCode:string,appURL:string,appHost:string,appPathName:string,userAgent:string,networkType:string,saveData:string,eventType:string,value:number,dashboardType:string}]	200	walk4
2026-07-29T22:13:15.254Z	POST	https://insights-collector.newrelic.com/v1/accounts/737486/events	/instamart [Jivo Mart Pvt. Ltd]	[{appName:string,platform:string,user_id:string,s_id:string,account_id:string,clarity_url:string,loginType:string,appVCode:string,appURL:string,appHost:string,appPathName:string,userAgent:string,networkType:string,saveData:string,eventType:string,host:string,path:string,cached:string,redirect_time:number,dns_lookup_time:number,tcp_time:number,response_time:number,fetch_until_res_end_time:number,req_start_until_res_end_time:string}]	200	walk4
2026-07-29T22:13:15.496Z	POST	https://brand-portal-service-http.swiggy.com/api/v1/sales/metric	/instamart [Jivo Mart Pvt. Ltd]	{accountId:string,requestContext:{requestId:string,clientId:string,requestTime:string},salesMetricsQuery:{filter:{logicalOperator:string,filters:array},dimensions:[],metrics:[string],paginationContext:{offset:string,size:number},tagFilters:[]}}	200	walk4
2026-07-29T22:13:15.550Z	POST	https://brand-portal-service-http.swiggy.com/api/v1/sales/metric	/instamart [Jivo Mart Pvt. Ltd]	{accountId:string,requestContext:{requestId:string,clientId:string,requestTime:string},salesMetricsQuery:{filter:{logicalOperator:string,filters:array},dimensions:[string],metrics:[string],tagFilters:[]}}	200	walk4
2026-07-29T22:13:15.551Z	POST	https://brand-portal-service-http.swiggy.com/api/v1/sales/metric	/instamart [Jivo Mart Pvt. Ltd]	{accountId:string,requestContext:{requestId:string,clientId:string,requestTime:string},salesMetricsQuery:{filter:{logicalOperator:string,filters:array},dimensions:[string],metrics:[string],paginationContext:{offset:string,size:number},tagFilters:[]}}	200	walk4
2026-07-29T22:13:15.651Z	POST	https://brand-portal-service-http.swiggy.com/api/v1/sales/metric	/instamart [Jivo Mart Pvt. Ltd]	{accountId:string,requestContext:{requestId:string,clientId:string,requestTime:string},salesMetricsQuery:{filter:{logicalOperator:string,filters:array},dimensions:[string],metrics:[string],paginationContext:{offset:string,size:number},tagFilters:[]}}	200	walk4
2026-07-29T22:13:15.654Z	POST	https://insights-collector.newrelic.com/v1/accounts/737486/events	/instamart [Jivo Mart Pvt. Ltd]	[{appName:string,platform:string,user_id:string,s_id:string,account_id:string,clarity_url:string,loginType:string,appVCode:string,appURL:string,appHost:string,appPathName:string,userAgent:string,networkType:string,saveData:string,eventType:string,dashboardType:string,isCanary:string,name:string,message:string,load_time_ms:number,network_status:string}]	200	walk4
2026-07-29T22:13:15.794Z	POST	https://maps.googleapis.com/$rpc/google.internal.maps.mapsjs.v1.MapsJsInternalService/GetViewportInfo	/instamart [Jivo Mart Pvt. Ltd]	[[[number]]]	200	walk4
2026-07-29T22:13:15.843Z	POST	https://insights-collector.newrelic.com/v1/accounts/737486/events	/instamart [Jivo Mart Pvt. Ltd]	[{appName:string,platform:string,user_id:string,s_id:string,account_id:string,clarity_url:string,loginType:string,appVCode:string,appURL:string,appHost:string,appPathName:string,userAgent:string,networkType:string,saveData:string,eventType:string,host:string,path:string,cached:string,redirect_time:number,dns_lookup_time:number,tcp_time:number,response_time:number,fetch_until_res_end_time:number,req_start_until_res_end_time:string}]	200	walk4
2026-07-29T22:13:15.844Z	POST	https://brand-portal-service-http.swiggy.com/api/v1/sales/filters	/instamart [Jivo Mart Pvt. Ltd]	{accountId:string,requestContext:{requestId:string,clientId:string,requestTime:string},filterScopes:[{dateRange:object}],brands:{paginationContext:{offset:string,size:number},searchValue:string},cities:{paginationContext:{offset:string,size:number},searchValue:string},categories:{paginationContext:{offset:string,size:number},searchValue:string},products:{paginationContext:{offset:string,size:number},searchValue:string}}	200	walk4
2026-07-29T22:13:15.887Z	POST	https://insights-collector.newrelic.com/v1/accounts/737486/events	/instamart [Jivo Mart Pvt. Ltd]	[{appName:string,platform:string,user_id:string,s_id:string,account_id:string,clarity_url:string,loginType:string,appVCode:string,appURL:string,appHost:string,appPathName:string,userAgent:string,networkType:string,saveData:string,eventType:string,host:string,path:string,cached:string,redirect_time:number,dns_lookup_time:number,tcp_time:number,response_time:number,fetch_until_res_end_time:number,req_start_until_res_end_time:string}]	200	walk4
2026-07-29T22:13:16.056Z	POST	https://insights-collector.newrelic.com/v1/accounts/737486/events	/instamart [Jivo Mart Pvt. Ltd]	[{appName:string,platform:string,user_id:string,s_id:string,account_id:string,clarity_url:string,loginType:string,appVCode:string,appURL:string,appHost:string,appPathName:string,userAgent:string,networkType:string,saveData:string,eventType:string,host:string,path:string,cached:string,redirect_time:number,dns_lookup_time:number,tcp_time:number,response_time:number,fetch_until_res_end_time:number,req_start_until_res_end_time:string}]	200	walk4
2026-07-29T22:13:16.403Z	POST	https://insights-collector.newrelic.com/v1/accounts/737486/events	/instamart [Jivo Mart Pvt. Ltd]	[{appName:string,platform:string,user_id:string,s_id:string,account_id:string,clarity_url:string,loginType:string,appVCode:string,appURL:string,appHost:string,appPathName:string,userAgent:string,networkType:string,saveData:string,eventType:string,host:string,path:string,cached:string,redirect_time:number,dns_lookup_time:number,tcp_time:number,response_time:number,fetch_until_res_end_time:number,req_start_until_res_end_time:string}]	200	walk4
2026-07-29T22:13:21.595Z	POST	https://insights-collector.newrelic.com/v1/accounts/737486/events	/instamart/sales [Jivo Mart Pvt. Ltd]	[{networkType:string,saveData:string,eventType:string,dashboardType:string,isCanary:string,name:string,pageUrl:string,originTime:number,loadTime:number,account_id:string,appURL:string,appPathName:string,deviceContext:string,user_id:string}]	200	walk4
2026-07-29T22:13:21.629Z	POST	https://insights-collector.newrelic.com/v1/accounts/737486/events	/instamart/sales [Jivo Mart Pvt. Ltd]	[{appName:string,appVCode:string,agent:string,platform:string,user_id:string,s_id:string,account_id:string,clarity_url:string,isCanary:string,appURL:string,appHost:string,appPathName:string,userAgent:string,networkType:string,saveData:string,eventType:string,dashboardType:string,name:string,loadTime:number,app:string,deviceContext:string}]	200	walk4
2026-07-29T22:13:21.647Z	POST	https://insights-collector.newrelic.com/v1/accounts/737486/events	/instamart/sales [Jivo Mart Pvt. Ltd]	[{appName:string,appVCode:string,agent:string,platform:string,user_id:string,s_id:string,account_id:string,clarity_url:string,isCanary:string,appURL:string,appHost:string,appPathName:string,userAgent:string,networkType:string,saveData:string,eventType:string,name:string,value:number}]	200	walk4
2026-07-29T22:13:21.746Z	POST	https://insights-collector.newrelic.com/v1/accounts/737486/events	/instamart/sales [Jivo Mart Pvt. Ltd]	[{appName:string,appVCode:string,agent:string,platform:string,user_id:string,s_id:string,account_id:string,clarity_url:string,isCanary:string,appURL:string,appHost:string,appPathName:string,userAgent:string,networkType:string,saveData:string,eventType:string,name:string,value:number}]	200	walk4
2026-07-29T22:13:22.099Z	POST	https://insights-collector.newrelic.com/v1/accounts/737486/events	/instamart/sales [Jivo Mart Pvt. Ltd]	[{appName:string,appVCode:string,agent:string,platform:string,user_id:string,s_id:string,account_id:string,clarity_url:string,isCanary:string,appURL:string,appHost:string,appPathName:string,userAgent:string,networkType:string,saveData:string,eventType:string,dashboardType:string,name:string,url:string,method:string,duration:number,statusCode:number,requestId:string,appVersion:string}]	200	walk4
2026-07-29T22:13:22.104Z	POST	https://brand-portal-service-http.swiggy.com/api/v1/account/permissions	/instamart/sales [Jivo Mart Pvt. Ltd]	{}	200	walk4
2026-07-29T22:13:22.119Z	POST	https://insights-collector.newrelic.com/v1/accounts/737486/events	/instamart/sales [Jivo Mart Pvt. Ltd]	[{appName:string,appVCode:string,agent:string,platform:string,user_id:string,s_id:string,account_id:string,clarity_url:string,isCanary:string,appURL:string,appHost:string,appPathName:string,userAgent:string,networkType:string,saveData:string,eventType:string,dashboardType:string,name:string,error_type:string,context:string,login_type:string,email:string,session_info:string,error_message:string}]	200	walk4
2026-07-29T22:13:22.383Z	POST	https://brand-portal-service-http.swiggy.com/api/v1/account/permissions	/instamart/sales [Jivo Mart Pvt. Ltd]	{account_id:string}	200	walk4
2026-07-29T22:13:22.559Z	POST	https://insights-collector.newrelic.com/v1/accounts/737486/events	/instamart/sales [Jivo Mart Pvt. Ltd]	[{appName:string,appVCode:string,agent:string,platform:string,user_id:string,s_id:string,account_id:string,clarity_url:string,isCanary:string,appURL:string,appHost:string,appPathName:string,userAgent:string,networkType:string,saveData:string,eventType:string,dashboardType:string,name:string,url:string,method:string,duration:number,statusCode:number,requestId:string,appVersion:string}]	200	walk4
2026-07-29T22:13:22.749Z	POST	https://insights-collector.newrelic.com/v1/accounts/737486/events	/instamart/sales [Jivo Mart Pvt. Ltd]	[{appName:string,appVCode:string,agent:string,platform:string,user_id:string,s_id:string,account_id:string,clarity_url:string,isCanary:string,appURL:string,appHost:string,appPathName:string,userAgent:string,networkType:string,saveData:string,eventType:string,name:string,value:number}]	200	walk4
2026-07-29T22:13:22.750Z	POST	https://insights-collector.newrelic.com/v1/accounts/737486/events	/instamart/sales [Jivo Mart Pvt. Ltd]	[{appName:string,appVCode:string,agent:string,platform:string,user_id:string,s_id:string,account_id:string,clarity_url:string,isCanary:string,appURL:string,appHost:string,appPathName:string,userAgent:string,networkType:string,saveData:string,eventType:string,dashboardType:string,name:string,url:string,method:string,duration:number,statusCode:number,requestId:string,appVersion:string}]	200	walk4
2026-07-29T22:13:22.950Z	POST	https://insights-collector.newrelic.com/v1/accounts/737486/events	/instamart/sales [Jivo Mart Pvt. Ltd]	[{appName:string,appVCode:string,agent:string,platform:string,user_id:string,s_id:string,account_id:string,clarity_url:string,isCanary:string,appURL:string,appHost:string,appPathName:string,userAgent:string,networkType:string,saveData:string,eventType:string,dashboardType:string,name:string,remoteName:string,loadTime:number,status:string,deviceContext:string}]	200	walk4
2026-07-29T22:13:23.037Z	POST	https://insights-collector.newrelic.com/v1/accounts/737486/events	/instamart/sales [Jivo Mart Pvt. Ltd]	[{appName:string,platform:string,user_id:string,s_id:string,account_id:string,clarity_url:string,loginType:string,appVCode:string,appURL:string,appHost:string,appPathName:string,userAgent:string,networkType:string,saveData:string,eventType:string,dashboardType:string,isCanary:string,name:string,pageUrl:string,originTime:number,loadTime:number,loadMode:string,network_status:string}]	200	walk4
2026-07-29T22:13:23.043Z	POST	https://insights-collector.newrelic.com/v1/accounts/737486/events	/instamart/sales [Jivo Mart Pvt. Ltd]	[{appName:string,platform:string,user_id:string,s_id:string,account_id:string,clarity_url:string,loginType:string,appVCode:string,appURL:string,appHost:string,appPathName:string,userAgent:string,networkType:string,saveData:string,eventType:string,host:string,path:string,cached:string,redirect_time:number,dns_lookup_time:number,tcp_time:number,response_time:number,fetch_until_res_end_time:number,req_start_until_res_end_time:string}]	200	walk4
2026-07-29T22:13:23.047Z	POST	https://insights-collector.newrelic.com/v1/accounts/737486/events	/instamart/sales [Jivo Mart Pvt. Ltd]	[{appName:string,appVCode:string,agent:string,platform:string,user_id:string,s_id:string,account_id:string,clarity_url:string,isCanary:string,appURL:string,appHost:string,appPathName:string,userAgent:string,networkType:string,saveData:string,eventType:string,dashboardType:string,name:string,url:string,method:string,duration:number,statusCode:number,requestId:string,appVersion:string}]	200	walk4
2026-07-29T22:13:23.686Z	POST	https://insights-collector.newrelic.com/v1/accounts/737486/events	/instamart/sales [Jivo Mart Pvt. Ltd]	[{appName:string,platform:string,user_id:string,s_id:string,account_id:string,clarity_url:string,loginType:string,appVCode:string,appURL:string,appHost:string,appPathName:string,userAgent:string,networkType:string,saveData:string,eventType:string,metric_name:string,value:number,dashboardType:string}]	200	walk4
2026-07-29T22:13:23.921Z	POST	https://insights-collector.newrelic.com/v1/accounts/737486/events	/instamart/sales [Jivo Mart Pvt. Ltd]	[{appName:string,platform:string,user_id:string,s_id:string,account_id:string,clarity_url:string,loginType:string,appVCode:string,appURL:string,appHost:string,appPathName:string,userAgent:string,networkType:string,saveData:string,eventType:string,host:string,path:string,cached:string,redirect_time:number,dns_lookup_time:number,tcp_time:number,response_time:number,fetch_until_res_end_time:number,req_start_until_res_end_time:string}]	200	walk4
2026-07-29T22:13:23.955Z	POST	https://brand-portal-service-http.swiggy.com/api/v1/sales/reports	/instamart/sales [Jivo Mart Pvt. Ltd]	{request_context:{request_id:string,client_id:string,request_time:string},account_id:string,user:{user_id:string,email:string,user_pool:string},pagination:{offset:string,size:number}}	200	walk4
2026-07-29T22:13:24.238Z	POST	https://insights-collector.newrelic.com/v1/accounts/737486/events	/instamart/sales [Jivo Mart Pvt. Ltd]	[{appName:string,platform:string,user_id:string,s_id:string,account_id:string,clarity_url:string,loginType:string,appVCode:string,appURL:string,appHost:string,appPathName:string,userAgent:string,networkType:string,saveData:string,eventType:string,host:string,path:string,cached:string,redirect_time:number,dns_lookup_time:number,tcp_time:number,response_time:number,fetch_until_res_end_time:number,req_start_until_res_end_time:string}]	200	walk4
2026-07-29T22:13:30.012Z	POST	https://insights-collector.newrelic.com/v1/accounts/737486/events	/instamart/sales-insights [Jivo Mart Pvt. Ltd]	[{networkType:string,saveData:string,eventType:string,dashboardType:string,isCanary:string,name:string,pageUrl:string,originTime:number,loadTime:number,account_id:string,appURL:string,appPathName:string,deviceContext:string,user_id:string}]	200	walk4
2026-07-29T22:13:30.047Z	POST	https://insights-collector.newrelic.com/v1/accounts/737486/events	/instamart/sales-insights [Jivo Mart Pvt. Ltd]	[{appName:string,appVCode:string,agent:string,platform:string,user_id:string,s_id:string,account_id:string,clarity_url:string,isCanary:string,appURL:string,appHost:string,appPathName:string,userAgent:string,networkType:string,saveData:string,eventType:string,dashboardType:string,name:string,loadTime:number,app:string,deviceContext:string}]	200	walk4
2026-07-29T22:13:30.053Z	POST	https://insights-collector.newrelic.com/v1/accounts/737486/events	/instamart/sales-insights [Jivo Mart Pvt. Ltd]	[{appName:string,appVCode:string,agent:string,platform:string,user_id:string,s_id:string,account_id:string,clarity_url:string,isCanary:string,appURL:string,appHost:string,appPathName:string,userAgent:string,networkType:string,saveData:string,eventType:string,name:string,value:number}]	200	walk4
2026-07-29T22:13:30.155Z	POST	https://insights-collector.newrelic.com/v1/accounts/737486/events	/instamart/sales-insights [Jivo Mart Pvt. Ltd]	[{appName:string,appVCode:string,agent:string,platform:string,user_id:string,s_id:string,account_id:string,clarity_url:string,isCanary:string,appURL:string,appHost:string,appPathName:string,userAgent:string,networkType:string,saveData:string,eventType:string,name:string,value:number}]	200	walk4
2026-07-29T22:13:30.500Z	POST	https://brand-portal-service-http.swiggy.com/api/v1/account/permissions	/instamart/sales-insights [Jivo Mart Pvt. Ltd]	{}	200	walk4
2026-07-29T22:13:30.511Z	POST	https://insights-collector.newrelic.com/v1/accounts/737486/events	/instamart/sales-insights [Jivo Mart Pvt. Ltd]	[{appName:string,appVCode:string,agent:string,platform:string,user_id:string,s_id:string,account_id:string,clarity_url:string,isCanary:string,appURL:string,appHost:string,appPathName:string,userAgent:string,networkType:string,saveData:string,eventType:string,dashboardType:string,name:string,error_type:string,context:string,login_type:string,email:string,session_info:string,error_message:string}]	200	walk4
2026-07-29T22:13:30.518Z	POST	https://insights-collector.newrelic.com/v1/accounts/737486/events	/instamart/sales-insights [Jivo Mart Pvt. Ltd]	[{appName:string,appVCode:string,agent:string,platform:string,user_id:string,s_id:string,account_id:string,clarity_url:string,isCanary:string,appURL:string,appHost:string,appPathName:string,userAgent:string,networkType:string,saveData:string,eventType:string,dashboardType:string,name:string,url:string,method:string,duration:number,statusCode:number,requestId:string,appVersion:string}]	200	walk4
2026-07-29T22:13:30.770Z	POST	https://brand-portal-service-http.swiggy.com/api/v1/account/permissions	/instamart/sales-insights [Jivo Mart Pvt. Ltd]	{account_id:string}	200	walk4
2026-07-29T22:13:30.792Z	POST	https://insights-collector.newrelic.com/v1/accounts/737486/events	/instamart/sales-insights [Jivo Mart Pvt. Ltd]	[{appName:string,appVCode:string,agent:string,platform:string,user_id:string,s_id:string,account_id:string,clarity_url:string,isCanary:string,appURL:string,appHost:string,appPathName:string,userAgent:string,networkType:string,saveData:string,eventType:string,dashboardType:string,name:string,url:string,method:string,duration:number,statusCode:number,requestId:string,appVersion:string}]	200	walk4
2026-07-29T22:13:31.108Z	POST	https://insights-collector.newrelic.com/v1/accounts/737486/events	/instamart/sales-insights [Jivo Mart Pvt. Ltd]	[{appName:string,appVCode:string,agent:string,platform:string,user_id:string,s_id:string,account_id:string,clarity_url:string,isCanary:string,appURL:string,appHost:string,appPathName:string,userAgent:string,networkType:string,saveData:string,eventType:string,dashboardType:string,name:string,url:string,method:string,duration:number,statusCode:number,requestId:string,appVersion:string}]	200	walk4
2026-07-29T22:13:31.223Z	POST	https://insights-collector.newrelic.com/v1/accounts/737486/events	/instamart/sales-insights [Jivo Mart Pvt. Ltd]	[{appName:string,appVCode:string,agent:string,platform:string,user_id:string,s_id:string,account_id:string,clarity_url:string,isCanary:string,appURL:string,appHost:string,appPathName:string,userAgent:string,networkType:string,saveData:string,eventType:string,name:string,value:number}]	200	walk4
2026-07-29T22:13:31.400Z	POST	https://insights-collector.newrelic.com/v1/accounts/737486/events	/instamart/sales-insights [Jivo Mart Pvt. Ltd]	[{appName:string,appVCode:string,agent:string,platform:string,user_id:string,s_id:string,account_id:string,clarity_url:string,isCanary:string,appURL:string,appHost:string,appPathName:string,userAgent:string,networkType:string,saveData:string,eventType:string,dashboardType:string,name:string,url:string,method:string,duration:number,statusCode:number,requestId:string,appVersion:string}]	200	walk4
2026-07-29T22:13:31.450Z	POST	https://insights-collector.newrelic.com/v1/accounts/737486/events	/instamart/sales-insights [Jivo Mart Pvt. Ltd]	[{appName:string,platform:string,user_id:string,s_id:string,account_id:string,clarity_url:string,loginType:string,appVCode:string,appURL:string,appHost:string,appPathName:string,userAgent:string,networkType:string,saveData:string,eventType:string,dashboardType:string,isCanary:string,name:string,pageUrl:string,originTime:number,loadTime:number,loadMode:string,network_status:string}]	200	walk4
2026-07-29T22:13:31.733Z	POST	https://insights-collector.newrelic.com/v1/accounts/737486/events	/instamart/sales-insights [Jivo Mart Pvt. Ltd]	[{appName:string,platform:string,user_id:string,s_id:string,account_id:string,clarity_url:string,loginType:string,appVCode:string,appURL:string,appHost:string,appPathName:string,userAgent:string,networkType:string,saveData:string,eventType:string,value:number,dashboardType:string}]	200	walk4
2026-07-29T22:13:32.000Z	POST	https://insights-collector.newrelic.com/v1/accounts/737486/events	/instamart/sales-insights [Jivo Mart Pvt. Ltd]	[{appName:string,platform:string,user_id:string,s_id:string,account_id:string,clarity_url:string,loginType:string,appVCode:string,appURL:string,appHost:string,appPathName:string,userAgent:string,networkType:string,saveData:string,eventType:string,host:string,path:string,cached:string,redirect_time:number,dns_lookup_time:number,tcp_time:number,response_time:number,fetch_until_res_end_time:number,req_start_until_res_end_time:string}]	200	walk4
2026-07-29T22:13:32.105Z	POST	https://brand-portal-service-http.swiggy.com/api/v1/sales/filters	/instamart/sales-insights [Jivo Mart Pvt. Ltd]	{accountId:string,requestContext:{requestId:string,clientId:string,requestTime:string},filterScopes:[{dateRange:object}],brands:{paginationContext:{offset:string,size:number},searchValue:string},cities:{paginationContext:{offset:string,size:number},searchValue:string},categories:{paginationContext:{offset:string,size:number},searchValue:string},products:{paginationContext:{offset:string,size:number},searchValue:string}}	200	walk4
2026-07-29T22:13:32.260Z	POST	https://brand-portal-service-http.swiggy.com/api/v1/sales/metric	/instamart/sales-insights [Jivo Mart Pvt. Ltd]	{accountId:string,requestContext:{requestId:string,clientId:string,requestTime:string},salesMetricsQuery:{filter:{logicalOperator:string,filters:array},dimensions:[string],metrics:[string],tagFilters:[]}}	200	walk4
2026-07-29T22:13:32.282Z	POST	https://insights-collector.newrelic.com/v1/accounts/737486/events	/instamart/sales-insights [Jivo Mart Pvt. Ltd]	[{appName:string,platform:string,user_id:string,s_id:string,account_id:string,clarity_url:string,loginType:string,appVCode:string,appURL:string,appHost:string,appPathName:string,userAgent:string,networkType:string,saveData:string,eventType:string,dashboardType:string,isCanary:string,name:string,message:string,load_time_ms:number,network_status:string}]	200	walk4
2026-07-29T22:13:32.402Z	POST	https://brand-portal-service-http.swiggy.com/api/v1/sales/metric	/instamart/sales-insights [Jivo Mart Pvt. Ltd]	{accountId:string,requestContext:{requestId:string,clientId:string,requestTime:string},salesMetricsQuery:{filter:{logicalOperator:string,filters:array},dimensions:[string],metrics:[string],paginationContext:{offset:string,size:number},tagFilters:[]}}	200	walk4
2026-07-29T22:13:32.489Z	POST	https://insights-collector.newrelic.com/v1/accounts/737486/events	/instamart/sales-insights [Jivo Mart Pvt. Ltd]	[{appName:string,platform:string,user_id:string,s_id:string,account_id:string,clarity_url:string,loginType:string,appVCode:string,appURL:string,appHost:string,appPathName:string,userAgent:string,networkType:string,saveData:string,eventType:string,host:string,path:string,cached:string,redirect_time:number,dns_lookup_time:number,tcp_time:number,response_time:number,fetch_until_res_end_time:number,req_start_until_res_end_time:string}]	200	walk4
2026-07-29T22:13:32.501Z	POST	https://maps.googleapis.com/$rpc/google.internal.maps.mapsjs.v1.MapsJsInternalService/GetViewportInfo	/instamart/sales-insights [Jivo Mart Pvt. Ltd]	[[[number]]]	200	walk4
2026-07-29T22:13:32.554Z	POST	https://insights-collector.newrelic.com/v1/accounts/737486/events	/instamart/sales-insights [Jivo Mart Pvt. Ltd]	[{appName:string,platform:string,user_id:string,s_id:string,account_id:string,clarity_url:string,loginType:string,appVCode:string,appURL:string,appHost:string,appPathName:string,userAgent:string,networkType:string,saveData:string,eventType:string,host:string,path:string,cached:string,redirect_time:number,dns_lookup_time:number,tcp_time:number,response_time:number,fetch_until_res_end_time:number,req_start_until_res_end_time:string}]	200	walk4
2026-07-29T22:13:32.684Z	POST	https://brand-portal-service-http.swiggy.com/api/v1/sales/metric	/instamart/sales-insights [Jivo Mart Pvt. Ltd]	{accountId:string,requestContext:{requestId:string,clientId:string,requestTime:string},salesMetricsQuery:{filter:{logicalOperator:string,filters:array},dimensions:[string],metrics:[string],paginationContext:{offset:string,size:number},tagFilters:[]}}	200	walk4
2026-07-29T22:13:32.905Z	POST	https://insights-collector.newrelic.com/v1/accounts/737486/events	/instamart/sales-insights [Jivo Mart Pvt. Ltd]	[{appName:string,platform:string,user_id:string,s_id:string,account_id:string,clarity_url:string,loginType:string,appVCode:string,appURL:string,appHost:string,appPathName:string,userAgent:string,networkType:string,saveData:string,eventType:string,host:string,path:string,cached:string,redirect_time:number,dns_lookup_time:number,tcp_time:number,response_time:number,fetch_until_res_end_time:number,req_start_until_res_end_time:string}]	200	walk4
2026-07-29T22:13:32.992Z	POST	https://insights-collector.newrelic.com/v1/accounts/737486/events	/instamart/sales-insights [Jivo Mart Pvt. Ltd]	[{appName:string,platform:string,user_id:string,s_id:string,account_id:string,clarity_url:string,loginType:string,appVCode:string,appURL:string,appHost:string,appPathName:string,userAgent:string,networkType:string,saveData:string,eventType:string,host:string,path:string,cached:string,redirect_time:number,dns_lookup_time:number,tcp_time:number,response_time:number,fetch_until_res_end_time:number,req_start_until_res_end_time:string}]	200	walk4
2026-07-29T22:13:58.854Z	POST	https://insights-collector.newrelic.com/v1/accounts/737486/events	/instamart/reports [Jivo Mart Pvt. Ltd]	[{networkType:string,saveData:string,eventType:string,dashboardType:string,isCanary:string,name:string,pageUrl:string,originTime:number,loadTime:number,account_id:string,appURL:string,appPathName:string,deviceContext:string,user_id:string}]	200	walk4
2026-07-29T22:13:58.912Z	POST	https://insights-collector.newrelic.com/v1/accounts/737486/events	/instamart/reports [Jivo Mart Pvt. Ltd]	[{appName:string,appVCode:string,agent:string,platform:string,user_id:string,s_id:string,account_id:string,clarity_url:string,isCanary:string,appURL:string,appHost:string,appPathName:string,userAgent:string,networkType:string,saveData:string,eventType:string,name:string,value:number}]	200	walk4
2026-07-29T22:13:58.977Z	POST	https://insights-collector.newrelic.com/v1/accounts/737486/events	/instamart/reports [Jivo Mart Pvt. Ltd]	[{appName:string,appVCode:string,agent:string,platform:string,user_id:string,s_id:string,account_id:string,clarity_url:string,isCanary:string,appURL:string,appHost:string,appPathName:string,userAgent:string,networkType:string,saveData:string,eventType:string,name:string,value:number}]	200	walk4
2026-07-29T22:13:58.991Z	POST	https://insights-collector.newrelic.com/v1/accounts/737486/events	/instamart/reports [Jivo Mart Pvt. Ltd]	[{appName:string,appVCode:string,agent:string,platform:string,user_id:string,s_id:string,account_id:string,clarity_url:string,isCanary:string,appURL:string,appHost:string,appPathName:string,userAgent:string,networkType:string,saveData:string,eventType:string,dashboardType:string,name:string,loadTime:number,app:string,deviceContext:string}]	200	walk4
2026-07-29T22:13:59.376Z	POST	https://brand-portal-service-http.swiggy.com/api/v1/account/permissions	/instamart/reports [Jivo Mart Pvt. Ltd]	{}	200	walk4
2026-07-29T22:13:59.385Z	POST	https://insights-collector.newrelic.com/v1/accounts/737486/events	/instamart/reports [Jivo Mart Pvt. Ltd]	[{appName:string,appVCode:string,agent:string,platform:string,user_id:string,s_id:string,account_id:string,clarity_url:string,isCanary:string,appURL:string,appHost:string,appPathName:string,userAgent:string,networkType:string,saveData:string,eventType:string,dashboardType:string,name:string,url:string,method:string,duration:number,statusCode:number,requestId:string,appVersion:string}]	200	walk4
2026-07-29T22:13:59.398Z	POST	https://insights-collector.newrelic.com/v1/accounts/737486/events	/instamart/reports [Jivo Mart Pvt. Ltd]	[{appName:string,appVCode:string,agent:string,platform:string,user_id:string,s_id:string,account_id:string,clarity_url:string,isCanary:string,appURL:string,appHost:string,appPathName:string,userAgent:string,networkType:string,saveData:string,eventType:string,dashboardType:string,name:string,error_type:string,context:string,login_type:string,email:string,session_info:string,error_message:string}]	200	walk4
2026-07-29T22:13:59.664Z	POST	https://insights-collector.newrelic.com/v1/accounts/737486/events	/instamart/reports [Jivo Mart Pvt. Ltd]	[{appName:string,appVCode:string,agent:string,platform:string,user_id:string,s_id:string,account_id:string,clarity_url:string,isCanary:string,appURL:string,appHost:string,appPathName:string,userAgent:string,networkType:string,saveData:string,eventType:string,dashboardType:string,name:string,url:string,method:string,duration:number,statusCode:number,requestId:string,appVersion:string}]	200	walk4
2026-07-29T22:13:59.673Z	POST	https://brand-portal-service-http.swiggy.com/api/v1/account/permissions	/instamart/reports [Jivo Mart Pvt. Ltd]	{account_id:string}	200	walk4
2026-07-29T22:14:00.107Z	POST	https://insights-collector.newrelic.com/v1/accounts/737486/events	/instamart/reports [Jivo Mart Pvt. Ltd]	[{appName:string,appVCode:string,agent:string,platform:string,user_id:string,s_id:string,account_id:string,clarity_url:string,isCanary:string,appURL:string,appHost:string,appPathName:string,userAgent:string,networkType:string,saveData:string,eventType:string,dashboardType:string,name:string,url:string,method:string,duration:number,statusCode:number,requestId:string,appVersion:string}]	200	walk4
2026-07-29T22:14:00.179Z	POST	https://insights-collector.newrelic.com/v1/accounts/737486/events	/instamart/reports [Jivo Mart Pvt. Ltd]	[{appName:string,appVCode:string,agent:string,platform:string,user_id:string,s_id:string,account_id:string,clarity_url:string,isCanary:string,appURL:string,appHost:string,appPathName:string,userAgent:string,networkType:string,saveData:string,eventType:string,dashboardType:string,name:string,remoteName:string,loadTime:number,status:string,deviceContext:string}]	200	walk4
2026-07-29T22:14:00.275Z	POST	https://insights-collector.newrelic.com/v1/accounts/737486/events	/instamart/reports [Jivo Mart Pvt. Ltd]	[{appName:string,appVCode:string,agent:string,platform:string,user_id:string,s_id:string,account_id:string,clarity_url:string,isCanary:string,appURL:string,appHost:string,appPathName:string,userAgent:string,networkType:string,saveData:string,eventType:string,dashboardType:string,name:string,url:string,method:string,duration:number,statusCode:number,requestId:string,appVersion:string}]	200	walk4
2026-07-29T22:14:00.320Z	POST	https://insights-collector.newrelic.com/v1/accounts/737486/events	/instamart/reports [Jivo Mart Pvt. Ltd]	[{appName:string,platform:string,user_id:string,s_id:string,account_id:string,clarity_url:string,loginType:string,appVCode:string,appURL:string,appHost:string,appPathName:string,userAgent:string,networkType:string,saveData:string,eventType:string,dashboardType:string,isCanary:string,name:string,pageUrl:string,originTime:number,loadTime:number,loadMode:string,network_status:string}]	200	walk4
2026-07-29T22:14:00.605Z	POST	https://insights-collector.newrelic.com/v1/accounts/737486/events	/instamart/reports [Jivo Mart Pvt. Ltd]	[{appName:string,platform:string,user_id:string,s_id:string,account_id:string,clarity_url:string,loginType:string,appVCode:string,appURL:string,appHost:string,appPathName:string,userAgent:string,networkType:string,saveData:string,eventType:string,metric_name:string,value:number,dashboardType:string}]	200	walk4
2026-07-29T22:14:00.830Z	POST	https://insights-collector.newrelic.com/v1/accounts/737486/events	/instamart/reports [Jivo Mart Pvt. Ltd]	[{appName:string,platform:string,user_id:string,s_id:string,account_id:string,clarity_url:string,loginType:string,appVCode:string,appURL:string,appHost:string,appPathName:string,userAgent:string,networkType:string,saveData:string,eventType:string,host:string,path:string,cached:string,redirect_time:number,dns_lookup_time:number,tcp_time:number,response_time:number,fetch_until_res_end_time:number,req_start_until_res_end_time:string}]	200	walk4
2026-07-29T22:14:00.857Z	POST	https://brand-portal-service-http.swiggy.com/api/v1/advertiser/metrics/report/list	/instamart/reports [Jivo Mart Pvt. Ltd]	{request_context:{request_id:string,request_time:string,client_id:string},pagination:{offset:string,size:number},account_id:string,user:{user_id:string,email:string}}	200	walk4
2026-07-29T22:14:01.150Z	POST	https://insights-collector.newrelic.com/v1/accounts/737486/events	/instamart/reports [Jivo Mart Pvt. Ltd]	[{appName:string,platform:string,user_id:string,s_id:string,account_id:string,clarity_url:string,loginType:string,appVCode:string,appURL:string,appHost:string,appPathName:string,userAgent:string,networkType:string,saveData:string,eventType:string,host:string,path:string,cached:string,redirect_time:number,dns_lookup_time:number,tcp_time:number,response_time:number,fetch_until_res_end_time:number,req_start_until_res_end_time:string}]	200	walk4
2026-07-29T22:14:12.313Z	POST	https://insights-collector.newrelic.com/v1/accounts/737486/events	/instamart/bdpo [Jivo Mart Pvt. Ltd]	[{networkType:string,saveData:string,eventType:string,dashboardType:string,isCanary:string,name:string,pageUrl:string,originTime:number,loadTime:number,account_id:string,appURL:string,appPathName:string,deviceContext:string,user_id:string}]	200	walk4
2026-07-29T22:14:12.359Z	POST	https://insights-collector.newrelic.com/v1/accounts/737486/events	/instamart/bdpo [Jivo Mart Pvt. Ltd]	[{appName:string,appVCode:string,agent:string,platform:string,user_id:string,s_id:string,account_id:string,clarity_url:string,isCanary:string,appURL:string,appHost:string,appPathName:string,userAgent:string,networkType:string,saveData:string,eventType:string,dashboardType:string,name:string,loadTime:number,app:string,deviceContext:string}]	200	walk4
2026-07-29T22:14:12.370Z	POST	https://insights-collector.newrelic.com/v1/accounts/737486/events	/instamart/bdpo [Jivo Mart Pvt. Ltd]	[{appName:string,appVCode:string,agent:string,platform:string,user_id:string,s_id:string,account_id:string,clarity_url:string,isCanary:string,appURL:string,appHost:string,appPathName:string,userAgent:string,networkType:string,saveData:string,eventType:string,name:string,value:number}]	200	walk4
2026-07-29T22:14:12.561Z	POST	https://insights-collector.newrelic.com/v1/accounts/737486/events	/instamart/bdpo [Jivo Mart Pvt. Ltd]	[{appName:string,appVCode:string,agent:string,platform:string,user_id:string,s_id:string,account_id:string,clarity_url:string,isCanary:string,appURL:string,appHost:string,appPathName:string,userAgent:string,networkType:string,saveData:string,eventType:string,name:string,value:number}]	200	walk4
2026-07-29T22:14:12.805Z	POST	https://brand-portal-service-http.swiggy.com/api/v1/account/permissions	/instamart/bdpo [Jivo Mart Pvt. Ltd]	{}	200	walk4
2026-07-29T22:14:12.816Z	POST	https://insights-collector.newrelic.com/v1/accounts/737486/events	/instamart/bdpo [Jivo Mart Pvt. Ltd]	[{appName:string,appVCode:string,agent:string,platform:string,user_id:string,s_id:string,account_id:string,clarity_url:string,isCanary:string,appURL:string,appHost:string,appPathName:string,userAgent:string,networkType:string,saveData:string,eventType:string,dashboardType:string,name:string,url:string,method:string,duration:number,statusCode:number,requestId:string,appVersion:string}]	200	walk4
2026-07-29T22:14:12.839Z	POST	https://insights-collector.newrelic.com/v1/accounts/737486/events	/instamart/bdpo [Jivo Mart Pvt. Ltd]	[{appName:string,appVCode:string,agent:string,platform:string,user_id:string,s_id:string,account_id:string,clarity_url:string,isCanary:string,appURL:string,appHost:string,appPathName:string,userAgent:string,networkType:string,saveData:string,eventType:string,dashboardType:string,name:string,error_type:string,context:string,login_type:string,email:string,session_info:string,error_message:string}]	200	walk4
2026-07-29T22:14:13.085Z	POST	https://brand-portal-service-http.swiggy.com/api/v1/account/permissions	/instamart/bdpo [Jivo Mart Pvt. Ltd]	{account_id:string}	200	walk4
2026-07-29T22:14:13.137Z	POST	https://insights-collector.newrelic.com/v1/accounts/737486/events	/instamart/bdpo [Jivo Mart Pvt. Ltd]	[{appName:string,appVCode:string,agent:string,platform:string,user_id:string,s_id:string,account_id:string,clarity_url:string,isCanary:string,appURL:string,appHost:string,appPathName:string,userAgent:string,networkType:string,saveData:string,eventType:string,dashboardType:string,name:string,url:string,method:string,duration:number,statusCode:number,requestId:string,appVersion:string}]	200	walk4
2026-07-29T22:14:13.559Z	POST	https://insights-collector.newrelic.com/v1/accounts/737486/events	/instamart/bdpo [Jivo Mart Pvt. Ltd]	[{appName:string,appVCode:string,agent:string,platform:string,user_id:string,s_id:string,account_id:string,clarity_url:string,isCanary:string,appURL:string,appHost:string,appPathName:string,userAgent:string,networkType:string,saveData:string,eventType:string,dashboardType:string,name:string,url:string,method:string,duration:number,statusCode:number,requestId:string,appVersion:string}]	200	walk4
2026-07-29T22:14:13.614Z	POST	https://insights-collector.newrelic.com/v1/accounts/737486/events	/instamart/bdpo [Jivo Mart Pvt. Ltd]	[{appName:string,appVCode:string,agent:string,platform:string,user_id:string,s_id:string,account_id:string,clarity_url:string,isCanary:string,appURL:string,appHost:string,appPathName:string,userAgent:string,networkType:string,saveData:string,eventType:string,dashboardType:string,name:string,remoteName:string,loadTime:number,status:string,deviceContext:string}]	200	walk4
2026-07-29T22:14:13.725Z	POST	https://insights-collector.newrelic.com/v1/accounts/737486/events	/instamart/bdpo [Jivo Mart Pvt. Ltd]	[{appName:string,appVCode:string,agent:string,platform:string,user_id:string,s_id:string,account_id:string,clarity_url:string,isCanary:string,appURL:string,appHost:string,appPathName:string,userAgent:string,networkType:string,saveData:string,eventType:string,dashboardType:string,name:string,url:string,method:string,duration:number,statusCode:number,requestId:string,appVersion:string}]	200	walk4
2026-07-29T22:14:13.737Z	POST	https://insights-collector.newrelic.com/v1/accounts/737486/events	/instamart/bdpo [Jivo Mart Pvt. Ltd]	[{appName:string,platform:string,user_id:string,s_id:string,account_id:string,clarity_url:string,loginType:string,appVCode:string,appURL:string,appHost:string,appPathName:string,userAgent:string,networkType:string,saveData:string,eventType:string,dashboardType:string,isCanary:string,name:string,pageUrl:string,originTime:number,loadTime:number,loadMode:string,network_status:string}]	200	walk4
2026-07-29T22:14:14.342Z	POST	https://insights-collector.newrelic.com/v1/accounts/737486/events	/instamart/bdpo [Jivo Mart Pvt. Ltd]	[{appName:string,platform:string,user_id:string,s_id:string,account_id:string,clarity_url:string,loginType:string,appVCode:string,appURL:string,appHost:string,appPathName:string,userAgent:string,networkType:string,saveData:string,eventType:string,metric_name:string,value:number,dashboardType:string}]	200	walk4
2026-07-29T22:14:14.598Z	POST	https://brand-portal-service-http.swiggy.com/api/v1/discount/reports	/instamart/bdpo [Jivo Mart Pvt. Ltd]	{request_context:{request_id:string,client_id:string,request_time:string},account_id:string,user:{user_id:string,email:string,user_pool:string},pagination:{offset:string,size:number}}	200	walk4
2026-07-29T22:14:14.603Z	POST	https://insights-collector.newrelic.com/v1/accounts/737486/events	/instamart/bdpo [Jivo Mart Pvt. Ltd]	[{appName:string,platform:string,user_id:string,s_id:string,account_id:string,clarity_url:string,loginType:string,appVCode:string,appURL:string,appHost:string,appPathName:string,userAgent:string,networkType:string,saveData:string,eventType:string,host:string,path:string,cached:string,redirect_time:number,dns_lookup_time:number,tcp_time:number,response_time:number,fetch_until_res_end_time:number,req_start_until_res_end_time:string}]	200	walk4
2026-07-29T22:14:14.876Z	POST	https://insights-collector.newrelic.com/v1/accounts/737486/events	/instamart/bdpo [Jivo Mart Pvt. Ltd]	[{appName:string,platform:string,user_id:string,s_id:string,account_id:string,clarity_url:string,loginType:string,appVCode:string,appURL:string,appHost:string,appPathName:string,userAgent:string,networkType:string,saveData:string,eventType:string,host:string,path:string,cached:string,redirect_time:number,dns_lookup_time:number,tcp_time:number,response_time:number,fetch_until_res_end_time:number,req_start_until_res_end_time:string}]	200	walk4
2026-07-29T22:14:20.701Z	POST	https://insights-collector.newrelic.com/v1/accounts/737486/events	/instamart/campaign/list [Jivo Mart Pvt. Ltd]	[{networkType:string,saveData:string,eventType:string,dashboardType:string,isCanary:string,name:string,pageUrl:string,originTime:number,loadTime:number,account_id:string,appURL:string,appPathName:string,deviceContext:string,user_id:string}]	200	walk4
2026-07-29T22:14:20.726Z	POST	https://insights-collector.newrelic.com/v1/accounts/737486/events	/instamart/campaign/list [Jivo Mart Pvt. Ltd]	[{appName:string,appVCode:string,agent:string,platform:string,user_id:string,s_id:string,account_id:string,clarity_url:string,isCanary:string,appURL:string,appHost:string,appPathName:string,userAgent:string,networkType:string,saveData:string,eventType:string,dashboardType:string,name:string,loadTime:number,app:string,deviceContext:string}]	200	walk4
2026-07-29T22:14:20.760Z	POST	https://insights-collector.newrelic.com/v1/accounts/737486/events	/instamart/campaign/list [Jivo Mart Pvt. Ltd]	[{appName:string,appVCode:string,agent:string,platform:string,user_id:string,s_id:string,account_id:string,clarity_url:string,isCanary:string,appURL:string,appHost:string,appPathName:string,userAgent:string,networkType:string,saveData:string,eventType:string,name:string,value:number}]	200	walk4
2026-07-29T22:14:20.851Z	POST	https://insights-collector.newrelic.com/v1/accounts/737486/events	/instamart/campaign/list [Jivo Mart Pvt. Ltd]	[{appName:string,appVCode:string,agent:string,platform:string,user_id:string,s_id:string,account_id:string,clarity_url:string,isCanary:string,appURL:string,appHost:string,appPathName:string,userAgent:string,networkType:string,saveData:string,eventType:string,name:string,value:number}]	200	walk4
2026-07-29T22:14:21.224Z	POST	https://brand-portal-service-http.swiggy.com/api/v1/account/permissions	/instamart/campaign/list [Jivo Mart Pvt. Ltd]	{}	200	walk4
2026-07-29T22:14:21.234Z	POST	https://insights-collector.newrelic.com/v1/accounts/737486/events	/instamart/campaign/list [Jivo Mart Pvt. Ltd]	[{appName:string,appVCode:string,agent:string,platform:string,user_id:string,s_id:string,account_id:string,clarity_url:string,isCanary:string,appURL:string,appHost:string,appPathName:string,userAgent:string,networkType:string,saveData:string,eventType:string,dashboardType:string,name:string,url:string,method:string,duration:number,statusCode:number,requestId:string,appVersion:string}]	200	walk4
2026-07-29T22:14:21.498Z	POST	https://brand-portal-service-http.swiggy.com/api/v1/account/permissions	/instamart/campaign/list [Jivo Mart Pvt. Ltd]	{account_id:string}	200	walk4
2026-07-29T22:14:21.533Z	POST	https://insights-collector.newrelic.com/v1/accounts/737486/events	/instamart/campaign/list [Jivo Mart Pvt. Ltd]	[{appName:string,appVCode:string,agent:string,platform:string,user_id:string,s_id:string,account_id:string,clarity_url:string,isCanary:string,appURL:string,appHost:string,appPathName:string,userAgent:string,networkType:string,saveData:string,eventType:string,dashboardType:string,name:string,url:string,method:string,duration:number,statusCode:number,requestId:string,appVersion:string}]	200	walk4
2026-07-29T22:14:21.833Z	POST	https://insights-collector.newrelic.com/v1/accounts/737486/events	/instamart/campaign/list [Jivo Mart Pvt. Ltd]	[{appName:string,appVCode:string,agent:string,platform:string,user_id:string,s_id:string,account_id:string,clarity_url:string,isCanary:string,appURL:string,appHost:string,appPathName:string,userAgent:string,networkType:string,saveData:string,eventType:string,dashboardType:string,name:string,url:string,method:string,duration:number,statusCode:number,requestId:string,appVersion:string}]	200	walk4
2026-07-29T22:14:21.869Z	POST	https://insights-collector.newrelic.com/v1/accounts/737486/events	/instamart/campaign/list [Jivo Mart Pvt. Ltd]	[{appName:string,appVCode:string,agent:string,platform:string,user_id:string,s_id:string,account_id:string,clarity_url:string,isCanary:string,appURL:string,appHost:string,appPathName:string,userAgent:string,networkType:string,saveData:string,eventType:string,dashboardType:string,name:string,remoteName:string,loadTime:number,status:string,deviceContext:string}]	200	walk4
2026-07-29T22:14:22.114Z	POST	https://insights-collector.newrelic.com/v1/accounts/737486/events	/instamart/campaign/list [Jivo Mart Pvt. Ltd]	[{appName:string,appVCode:string,agent:string,platform:string,user_id:string,s_id:string,account_id:string,clarity_url:string,isCanary:string,appURL:string,appHost:string,appPathName:string,userAgent:string,networkType:string,saveData:string,eventType:string,dashboardType:string,name:string,url:string,method:string,duration:number,statusCode:number,requestId:string,appVersion:string}]	200	walk4
2026-07-29T22:14:22.193Z	POST	https://insights-collector.newrelic.com/v1/accounts/737486/events	/instamart/campaign/list [Jivo Mart Pvt. Ltd]	[{appName:string,platform:string,user_id:string,s_id:string,account_id:string,clarity_url:string,loginType:string,appVCode:string,appURL:string,appHost:string,appPathName:string,userAgent:string,networkType:string,saveData:string,eventType:string,dashboardType:string,isCanary:string,name:string,pageUrl:string,originTime:number,loadTime:number,loadMode:string,network_status:string}]	200	walk4
2026-07-29T22:14:22.194Z	POST	https://insights-collector.newrelic.com/v1/accounts/737486/events	/instamart/campaign/list [Jivo Mart Pvt. Ltd]	[{appName:string,platform:string,user_id:string,s_id:string,account_id:string,clarity_url:string,loginType:string,appVCode:string,appURL:string,appHost:string,appPathName:string,userAgent:string,networkType:string,saveData:string,eventType:string,name:string,value:number}]	200	walk4
2026-07-29T22:14:22.721Z	POST	https://insights-collector.newrelic.com/v1/accounts/737486/events	/instamart/campaign/list [Jivo Mart Pvt. Ltd]	[{appName:string,platform:string,user_id:string,s_id:string,account_id:string,clarity_url:string,loginType:string,appVCode:string,appURL:string,appHost:string,appPathName:string,userAgent:string,networkType:string,saveData:string,eventType:string,host:string,path:string,cached:string,redirect_time:number,dns_lookup_time:number,tcp_time:number,response_time:number,fetch_until_res_end_time:number,req_start_until_res_end_time:string}]	200	walk4
2026-07-29T22:14:22.747Z	POST	https://brand-portal-service-http.swiggy.com/api/v1/advertiser/metrics/batch	/instamart/campaign/list [Jivo Mart Pvt. Ltd]	{request_context:{request_id:string,client_id:string},account_id:string,advertiser_metrics_queries:[{query_id:string,metrics:array,dimensions:array,filters:object,sort:object}]}	200	walk4
2026-07-29T22:14:22.794Z	POST	https://brand-portal-service-http.swiggy.com/api/v1/advertiser/metrics	/instamart/campaign/list [Jivo Mart Pvt. Ltd]	{request_context:{request_id:string,client_id:string},account_id:string,advertiser_metrics_query:{metrics:[object],dimensions:[],filters:{logical_operator:string,filters:array}}}	200	walk4
2026-07-29T22:14:22.829Z	POST	https://brand-portal-service-http.swiggy.com/api/v1/campaigns	/instamart/campaign/list [Jivo Mart Pvt. Ltd]	{request_context:{request_id:string,client_id:string},account_id:string,metrics:[{name:string}],filters:{logical_operator:string,filters:[object]},pagination_context:{offset:string,size:number},sort:{sort_order:string,ads_campaign_attribute:string}}	200	walk4
2026-07-29T22:14:23.169Z	POST	https://insights-collector.newrelic.com/v1/accounts/737486/events	/instamart/campaign/list [Jivo Mart Pvt. Ltd]	[{appName:string,platform:string,user_id:string,s_id:string,account_id:string,clarity_url:string,loginType:string,appVCode:string,appURL:string,appHost:string,appPathName:string,userAgent:string,networkType:string,saveData:string,eventType:string,host:string,path:string,cached:string,redirect_time:number,dns_lookup_time:number,tcp_time:number,response_time:number,fetch_until_res_end_time:number,req_start_until_res_end_time:string}]	200	walk4
2026-07-29T22:14:29.216Z	POST	https://insights-collector.newrelic.com/v1/accounts/737486/events	/instamart/ads [Jivo Mart Pvt. Ltd]	[{networkType:string,saveData:string,eventType:string,dashboardType:string,isCanary:string,name:string,pageUrl:string,originTime:number,loadTime:number,account_id:string,appURL:string,appPathName:string,deviceContext:string,user_id:string}]	200	walk4
2026-07-29T22:14:29.252Z	POST	https://insights-collector.newrelic.com/v1/accounts/737486/events	/instamart/ads [Jivo Mart Pvt. Ltd]	[{appName:string,appVCode:string,agent:string,platform:string,user_id:string,s_id:string,account_id:string,clarity_url:string,isCanary:string,appURL:string,appHost:string,appPathName:string,userAgent:string,networkType:string,saveData:string,eventType:string,dashboardType:string,name:string,loadTime:number,app:string,deviceContext:string}]	200	walk4
2026-07-29T22:14:29.262Z	POST	https://insights-collector.newrelic.com/v1/accounts/737486/events	/instamart/ads [Jivo Mart Pvt. Ltd]	[{appName:string,appVCode:string,agent:string,platform:string,user_id:string,s_id:string,account_id:string,clarity_url:string,isCanary:string,appURL:string,appHost:string,appPathName:string,userAgent:string,networkType:string,saveData:string,eventType:string,name:string,value:number}]	200	walk4
2026-07-29T22:14:29.366Z	POST	https://insights-collector.newrelic.com/v1/accounts/737486/events	/instamart/ads [Jivo Mart Pvt. Ltd]	[{appName:string,appVCode:string,agent:string,platform:string,user_id:string,s_id:string,account_id:string,clarity_url:string,isCanary:string,appURL:string,appHost:string,appPathName:string,userAgent:string,networkType:string,saveData:string,eventType:string,name:string,value:number}]	200	walk4
2026-07-29T22:14:29.743Z	POST	https://brand-portal-service-http.swiggy.com/api/v1/account/permissions	/instamart/ads [Jivo Mart Pvt. Ltd]	{}	200	walk4
2026-07-29T22:14:29.750Z	POST	https://insights-collector.newrelic.com/v1/accounts/737486/events	/instamart/ads [Jivo Mart Pvt. Ltd]	[{appName:string,appVCode:string,agent:string,platform:string,user_id:string,s_id:string,account_id:string,clarity_url:string,isCanary:string,appURL:string,appHost:string,appPathName:string,userAgent:string,networkType:string,saveData:string,eventType:string,dashboardType:string,name:string,url:string,method:string,duration:number,statusCode:number,requestId:string,appVersion:string}]	200	walk4
2026-07-29T22:14:29.773Z	POST	https://insights-collector.newrelic.com/v1/accounts/737486/events	/instamart/ads [Jivo Mart Pvt. Ltd]	[{appName:string,appVCode:string,agent:string,platform:string,user_id:string,s_id:string,account_id:string,clarity_url:string,isCanary:string,appURL:string,appHost:string,appPathName:string,userAgent:string,networkType:string,saveData:string,eventType:string,dashboardType:string,name:string,error_type:string,context:string,login_type:string,email:string,session_info:string,error_message:string}]	200	walk4
2026-07-29T22:14:30.014Z	POST	https://brand-portal-service-http.swiggy.com/api/v1/account/permissions	/instamart/ads [Jivo Mart Pvt. Ltd]	{account_id:string}	200	walk4
2026-07-29T22:14:30.052Z	POST	https://insights-collector.newrelic.com/v1/accounts/737486/events	/instamart/ads [Jivo Mart Pvt. Ltd]	[{appName:string,appVCode:string,agent:string,platform:string,user_id:string,s_id:string,account_id:string,clarity_url:string,isCanary:string,appURL:string,appHost:string,appPathName:string,userAgent:string,networkType:string,saveData:string,eventType:string,dashboardType:string,name:string,url:string,method:string,duration:number,statusCode:number,requestId:string,appVersion:string}]	200	walk4
2026-07-29T22:14:30.343Z	POST	https://insights-collector.newrelic.com/v1/accounts/737486/events	/instamart/ads [Jivo Mart Pvt. Ltd]	[{appName:string,appVCode:string,agent:string,platform:string,user_id:string,s_id:string,account_id:string,clarity_url:string,isCanary:string,appURL:string,appHost:string,appPathName:string,userAgent:string,networkType:string,saveData:string,eventType:string,dashboardType:string,name:string,url:string,method:string,duration:number,statusCode:number,requestId:string,appVersion:string}]	200	walk4
2026-07-29T22:14:30.444Z	POST	https://insights-collector.newrelic.com/v1/accounts/737486/events	/instamart/ads [Jivo Mart Pvt. Ltd]	[{appName:string,appVCode:string,agent:string,platform:string,user_id:string,s_id:string,account_id:string,clarity_url:string,isCanary:string,appURL:string,appHost:string,appPathName:string,userAgent:string,networkType:string,saveData:string,eventType:string,dashboardType:string,name:string,remoteName:string,loadTime:number,status:string,deviceContext:string}]	200	walk4
2026-07-29T22:14:30.618Z	POST	https://insights-collector.newrelic.com/v1/accounts/737486/events	/instamart/ads [Jivo Mart Pvt. Ltd]	[{appName:string,appVCode:string,agent:string,platform:string,user_id:string,s_id:string,account_id:string,clarity_url:string,isCanary:string,appURL:string,appHost:string,appPathName:string,userAgent:string,networkType:string,saveData:string,eventType:string,dashboardType:string,name:string,url:string,method:string,duration:number,statusCode:number,requestId:string,appVersion:string}]	200	walk4
2026-07-29T22:14:30.728Z	POST	https://insights-collector.newrelic.com/v1/accounts/737486/events	/instamart/ads [Jivo Mart Pvt. Ltd]	[{appName:string,platform:string,user_id:string,s_id:string,account_id:string,clarity_url:string,loginType:string,appVCode:string,appURL:string,appHost:string,appPathName:string,userAgent:string,networkType:string,saveData:string,eventType:string,dashboardType:string,isCanary:string,name:string,pageUrl:string,originTime:number,loadTime:number,loadMode:string,network_status:string}]	200	walk4
2026-07-29T22:14:31.259Z	POST	https://insights-collector.newrelic.com/v1/accounts/737486/events	/instamart/ads [Jivo Mart Pvt. Ltd]	[{appName:string,platform:string,user_id:string,s_id:string,account_id:string,clarity_url:string,loginType:string,appVCode:string,appURL:string,appHost:string,appPathName:string,userAgent:string,networkType:string,saveData:string,eventType:string,host:string,path:string,cached:string,redirect_time:number,dns_lookup_time:number,tcp_time:number,response_time:number,fetch_until_res_end_time:number,req_start_until_res_end_time:string}]	200	walk4
2026-07-29T22:14:31.276Z	POST	https://brand-portal-service-http.swiggy.com/api/v1/advertiser/metrics/batch	/instamart/ads [Jivo Mart Pvt. Ltd]	{request_context:{request_id:string,client_id:string},account_id:string,advertiser_metrics_queries:[{query_id:string,metrics:array,dimensions:array,filters:object,sort:object}]}	200	walk4
2026-07-29T22:14:31.324Z	POST	https://brand-portal-service-http.swiggy.com/api/v1/campaigns	/instamart/ads [Jivo Mart Pvt. Ltd]	{request_context:{request_id:string,client_id:string},account_id:string,metrics:[{name:string}],filters:{logical_operator:string,filters:[object]},pagination_context:{offset:string,size:number},sort:{sort_order:string,ads_campaign_attribute:string}}	200	walk4
2026-07-29T22:14:31.351Z	POST	https://brand-portal-service-http.swiggy.com/api/v1/advertiser/metrics	/instamart/ads [Jivo Mart Pvt. Ltd]	{request_context:{request_id:string,client_id:string},account_id:string,advertiser_metrics_query:{metrics:[object],dimensions:[],filters:{logical_operator:string,filters:array}}}	200	walk4
2026-07-29T22:14:31.701Z	POST	https://insights-collector.newrelic.com/v1/accounts/737486/events	/instamart/ads [Jivo Mart Pvt. Ltd]	[{appName:string,platform:string,user_id:string,s_id:string,account_id:string,clarity_url:string,loginType:string,appVCode:string,appURL:string,appHost:string,appPathName:string,userAgent:string,networkType:string,saveData:string,eventType:string,host:string,path:string,cached:string,redirect_time:number,dns_lookup_time:number,tcp_time:number,response_time:number,fetch_until_res_end_time:number,req_start_until_res_end_time:string}]	200	walk4
2026-07-29T22:14:37.712Z	POST	https://insights-collector.newrelic.com/v1/accounts/737486/events	/instamart/requisition-orders [Jivo Mart Pvt. Ltd]	[{networkType:string,saveData:string,eventType:string,dashboardType:string,isCanary:string,name:string,pageUrl:string,originTime:number,loadTime:number,account_id:string,appURL:string,appPathName:string,deviceContext:string,user_id:string}]	200	walk4
2026-07-29T22:14:37.740Z	POST	https://insights-collector.newrelic.com/v1/accounts/737486/events	/instamart/requisition-orders [Jivo Mart Pvt. Ltd]	[{appName:string,appVCode:string,agent:string,platform:string,user_id:string,s_id:string,account_id:string,clarity_url:string,isCanary:string,appURL:string,appHost:string,appPathName:string,userAgent:string,networkType:string,saveData:string,eventType:string,dashboardType:string,name:string,loadTime:number,app:string,deviceContext:string}]	200	walk4
2026-07-29T22:14:37.749Z	POST	https://insights-collector.newrelic.com/v1/accounts/737486/events	/instamart/requisition-orders [Jivo Mart Pvt. Ltd]	[{appName:string,appVCode:string,agent:string,platform:string,user_id:string,s_id:string,account_id:string,clarity_url:string,isCanary:string,appURL:string,appHost:string,appPathName:string,userAgent:string,networkType:string,saveData:string,eventType:string,name:string,value:number}]	200	walk4
2026-07-29T22:14:37.810Z	POST	https://insights-collector.newrelic.com/v1/accounts/737486/events	/instamart/requisition-orders [Jivo Mart Pvt. Ltd]	[{appName:string,appVCode:string,agent:string,platform:string,user_id:string,s_id:string,account_id:string,clarity_url:string,isCanary:string,appURL:string,appHost:string,appPathName:string,userAgent:string,networkType:string,saveData:string,eventType:string,name:string,value:number}]	200	walk4
2026-07-29T22:14:38.263Z	POST	https://brand-portal-service-http.swiggy.com/api/v1/account/permissions	/instamart/requisition-orders [Jivo Mart Pvt. Ltd]	{}	200	walk4
2026-07-29T22:14:38.277Z	POST	https://insights-collector.newrelic.com/v1/accounts/737486/events	/instamart/requisition-orders [Jivo Mart Pvt. Ltd]	[{appName:string,appVCode:string,agent:string,platform:string,user_id:string,s_id:string,account_id:string,clarity_url:string,isCanary:string,appURL:string,appHost:string,appPathName:string,userAgent:string,networkType:string,saveData:string,eventType:string,dashboardType:string,name:string,url:string,method:string,duration:number,statusCode:number,requestId:string,appVersion:string}]	200	walk4
2026-07-29T22:14:38.283Z	POST	https://insights-collector.newrelic.com/v1/accounts/737486/events	/instamart/requisition-orders [Jivo Mart Pvt. Ltd]	[{appName:string,appVCode:string,agent:string,platform:string,user_id:string,s_id:string,account_id:string,clarity_url:string,isCanary:string,appURL:string,appHost:string,appPathName:string,userAgent:string,networkType:string,saveData:string,eventType:string,dashboardType:string,name:string,error_type:string,context:string,login_type:string,email:string,session_info:string,error_message:string}]	200	walk4
2026-07-29T22:14:38.535Z	POST	https://brand-portal-service-http.swiggy.com/api/v1/account/permissions	/instamart/requisition-orders [Jivo Mart Pvt. Ltd]	{account_id:string}	200	walk4
2026-07-29T22:14:38.609Z	POST	https://insights-collector.newrelic.com/v1/accounts/737486/events	/instamart/requisition-orders [Jivo Mart Pvt. Ltd]	[{appName:string,appVCode:string,agent:string,platform:string,user_id:string,s_id:string,account_id:string,clarity_url:string,isCanary:string,appURL:string,appHost:string,appPathName:string,userAgent:string,networkType:string,saveData:string,eventType:string,dashboardType:string,name:string,url:string,method:string,duration:number,statusCode:number,requestId:string,appVersion:string}]	200	walk4
2026-07-29T22:14:38.911Z	POST	https://insights-collector.newrelic.com/v1/accounts/737486/events	/instamart/requisition-orders [Jivo Mart Pvt. Ltd]	[{appName:string,appVCode:string,agent:string,platform:string,user_id:string,s_id:string,account_id:string,clarity_url:string,isCanary:string,appURL:string,appHost:string,appPathName:string,userAgent:string,networkType:string,saveData:string,eventType:string,dashboardType:string,name:string,url:string,method:string,duration:number,statusCode:number,requestId:string,appVersion:string}]	200	walk4
2026-07-29T22:14:39.007Z	POST	https://insights-collector.newrelic.com/v1/accounts/737486/events	/instamart/requisition-orders [Jivo Mart Pvt. Ltd]	[{appName:string,appVCode:string,agent:string,platform:string,user_id:string,s_id:string,account_id:string,clarity_url:string,isCanary:string,appURL:string,appHost:string,appPathName:string,userAgent:string,networkType:string,saveData:string,eventType:string,dashboardType:string,name:string,remoteName:string,loadTime:number,status:string,deviceContext:string}]	200	walk4
2026-07-29T22:14:39.177Z	POST	https://insights-collector.newrelic.com/v1/accounts/737486/events	/instamart/requisition-orders [Jivo Mart Pvt. Ltd]	[{appName:string,appVCode:string,agent:string,platform:string,user_id:string,s_id:string,account_id:string,clarity_url:string,isCanary:string,appURL:string,appHost:string,appPathName:string,userAgent:string,networkType:string,saveData:string,eventType:string,dashboardType:string,name:string,url:string,method:string,duration:number,statusCode:number,requestId:string,appVersion:string}]	200	walk4
2026-07-29T22:14:39.220Z	POST	https://insights-collector.newrelic.com/v1/accounts/737486/events	/instamart/requisition-orders [Jivo Mart Pvt. Ltd]	[{appName:string,platform:string,user_id:string,s_id:string,account_id:string,clarity_url:string,loginType:string,appVCode:string,appURL:string,appHost:string,appPathName:string,userAgent:string,networkType:string,saveData:string,eventType:string,dashboardType:string,isCanary:string,name:string,pageUrl:string,originTime:number,loadTime:number,loadMode:string,network_status:string}]	200	walk4
2026-07-29T22:14:40.192Z	POST	https://insights-collector.newrelic.com/v1/accounts/737486/events	/instamart/requisition-orders [Jivo Mart Pvt. Ltd]	[{appName:string,platform:string,user_id:string,s_id:string,account_id:string,clarity_url:string,loginType:string,appVCode:string,appURL:string,appHost:string,appPathName:string,userAgent:string,networkType:string,saveData:string,eventType:string,value:number,dashboardType:string}]	200	walk4
2026-07-29T22:14:40.402Z	POST	https://insights-collector.newrelic.com/v1/accounts/737486/events	/instamart/requisition-orders [Jivo Mart Pvt. Ltd]	[{appName:string,platform:string,user_id:string,s_id:string,account_id:string,clarity_url:string,loginType:string,appVCode:string,appURL:string,appHost:string,appPathName:string,userAgent:string,networkType:string,saveData:string,eventType:string,host:string,path:string,cached:string,redirect_time:number,dns_lookup_time:number,tcp_time:number,response_time:number,fetch_until_res_end_time:number,req_start_until_res_end_time:string}]	200	walk4
2026-07-29T22:14:40.584Z	POST	https://brand-portal-service-http.swiggy.com/api/v1/sales/filters	/instamart/requisition-orders [Jivo Mart Pvt. Ltd]	{accountId:string,requestContext:{requestId:string,clientId:string,requestTime:string},filterScopes:[{dateRange:object}],brands:{paginationContext:{offset:string,size:number},searchValue:string},cities:{paginationContext:{offset:string,size:number},searchValue:string},categories:{paginationContext:{offset:string,size:number},searchValue:string},products:{paginationContext:{offset:string,size:number},searchValue:string}}	200	walk4
2026-07-29T22:14:40.678Z	POST	https://insights-collector.newrelic.com/v1/accounts/737486/events	/instamart/requisition-orders [Jivo Mart Pvt. Ltd]	[{appName:string,platform:string,user_id:string,s_id:string,account_id:string,clarity_url:string,loginType:string,appVCode:string,appURL:string,appHost:string,appPathName:string,userAgent:string,networkType:string,saveData:string,eventType:string,dashboardType:string,isCanary:string,name:string,message:string,load_time_ms:number,network_status:string}]	200	walk4
2026-07-29T22:14:40.735Z	POST	https://brand-portal-service-http.swiggy.com/api/v1/sales/metric	/instamart/requisition-orders [Jivo Mart Pvt. Ltd]	{accountId:string,requestContext:{requestId:string,clientId:string,requestTime:string},salesMetricsQuery:{filter:{logicalOperator:string,filters:array},dimensions:[],metrics:[string],paginationContext:{offset:string,size:number},tagFilters:[]}}	200	walk4
2026-07-29T22:14:40.775Z	POST	https://brand-portal-service-http.swiggy.com/api/v1/sales/metric	/instamart/requisition-orders [Jivo Mart Pvt. Ltd]	{accountId:string,requestContext:{requestId:string,clientId:string,requestTime:string},salesMetricsQuery:{filter:{logicalOperator:string,filters:array},dimensions:[string],metrics:[string],tagFilters:[]}}	200	walk4
2026-07-29T22:14:40.858Z	POST	https://brand-portal-service-http.swiggy.com/api/v1/sales/metric	/instamart/requisition-orders [Jivo Mart Pvt. Ltd]	{accountId:string,requestContext:{requestId:string,clientId:string,requestTime:string},salesMetricsQuery:{filter:{logicalOperator:string,filters:array},dimensions:[string],metrics:[string],paginationContext:{offset:string,size:number},tagFilters:[]}}	200	walk4
2026-07-29T22:14:40.894Z	POST	https://maps.googleapis.com/$rpc/google.internal.maps.mapsjs.v1.MapsJsInternalService/GetViewportInfo	/instamart/requisition-orders [Jivo Mart Pvt. Ltd]	[[[number]]]	200	walk4
2026-07-29T22:14:40.898Z	POST	https://insights-collector.newrelic.com/v1/accounts/737486/events	/instamart/requisition-orders [Jivo Mart Pvt. Ltd]	[{appName:string,platform:string,user_id:string,s_id:string,account_id:string,clarity_url:string,loginType:string,appVCode:string,appURL:string,appHost:string,appPathName:string,userAgent:string,networkType:string,saveData:string,eventType:string,host:string,path:string,cached:string,redirect_time:number,dns_lookup_time:number,tcp_time:number,response_time:number,fetch_until_res_end_time:number,req_start_until_res_end_time:string}]	200	walk4
2026-07-29T22:14:41.080Z	POST	https://insights-collector.newrelic.com/v1/accounts/737486/events	/instamart/requisition-orders [Jivo Mart Pvt. Ltd]	[{appName:string,platform:string,user_id:string,s_id:string,account_id:string,clarity_url:string,loginType:string,appVCode:string,appURL:string,appHost:string,appPathName:string,userAgent:string,networkType:string,saveData:string,eventType:string,host:string,path:string,cached:string,redirect_time:number,dns_lookup_time:number,tcp_time:number,response_time:number,fetch_until_res_end_time:number,req_start_until_res_end_time:string}]	200	walk4
2026-07-29T22:14:41.080Z	POST	https://brand-portal-service-http.swiggy.com/api/v1/sales/metric	/instamart/requisition-orders [Jivo Mart Pvt. Ltd]	{accountId:string,requestContext:{requestId:string,clientId:string,requestTime:string},salesMetricsQuery:{filter:{logicalOperator:string,filters:array},dimensions:[string],metrics:[string],paginationContext:{offset:string,size:number},tagFilters:[]}}	200	walk4
2026-07-29T22:14:41.088Z	POST	https://insights-collector.newrelic.com/v1/accounts/737486/events	/instamart/requisition-orders [Jivo Mart Pvt. Ltd]	[{appName:string,platform:string,user_id:string,s_id:string,account_id:string,clarity_url:string,loginType:string,appVCode:string,appURL:string,appHost:string,appPathName:string,userAgent:string,networkType:string,saveData:string,eventType:string,host:string,path:string,cached:string,redirect_time:number,dns_lookup_time:number,tcp_time:number,response_time:number,fetch_until_res_end_time:number,req_start_until_res_end_time:string}]	200	walk4
2026-07-29T22:14:41.514Z	POST	https://insights-collector.newrelic.com/v1/accounts/737486/events	/instamart/requisition-orders [Jivo Mart Pvt. Ltd]	[{appName:string,platform:string,user_id:string,s_id:string,account_id:string,clarity_url:string,loginType:string,appVCode:string,appURL:string,appHost:string,appPathName:string,userAgent:string,networkType:string,saveData:string,eventType:string,host:string,path:string,cached:string,redirect_time:number,dns_lookup_time:number,tcp_time:number,response_time:number,fetch_until_res_end_time:number,req_start_until_res_end_time:string}]	200	walk4
2026-07-29T22:14:46.322Z	POST	https://insights-collector.newrelic.com/v1/accounts/737486/events	/instamart/npi [Jivo Mart Pvt. Ltd]	[{networkType:string,saveData:string,eventType:string,dashboardType:string,isCanary:string,name:string,pageUrl:string,originTime:number,loadTime:number,account_id:string,appURL:string,appPathName:string,deviceContext:string,user_id:string}]	200	walk4
2026-07-29T22:14:46.333Z	POST	https://insights-collector.newrelic.com/v1/accounts/737486/events	/instamart/npi [Jivo Mart Pvt. Ltd]	[{appName:string,appVCode:string,agent:string,platform:string,user_id:string,s_id:string,account_id:string,clarity_url:string,isCanary:string,appURL:string,appHost:string,appPathName:string,userAgent:string,networkType:string,saveData:string,eventType:string,dashboardType:string,name:string,loadTime:number,app:string,deviceContext:string}]	200	walk4
2026-07-29T22:14:46.358Z	POST	https://insights-collector.newrelic.com/v1/accounts/737486/events	/instamart/npi [Jivo Mart Pvt. Ltd]	[{appName:string,appVCode:string,agent:string,platform:string,user_id:string,s_id:string,account_id:string,clarity_url:string,isCanary:string,appURL:string,appHost:string,appPathName:string,userAgent:string,networkType:string,saveData:string,eventType:string,name:string,value:number}]	200	walk4
2026-07-29T22:14:46.447Z	POST	https://insights-collector.newrelic.com/v1/accounts/737486/events	/instamart/npi [Jivo Mart Pvt. Ltd]	[{appName:string,appVCode:string,agent:string,platform:string,user_id:string,s_id:string,account_id:string,clarity_url:string,isCanary:string,appURL:string,appHost:string,appPathName:string,userAgent:string,networkType:string,saveData:string,eventType:string,name:string,value:number}]	200	walk4
2026-07-29T22:14:46.854Z	POST	https://brand-portal-service-http.swiggy.com/api/v1/account/permissions	/instamart/npi [Jivo Mart Pvt. Ltd]	{}	200	walk4
2026-07-29T22:14:46.856Z	POST	https://insights-collector.newrelic.com/v1/accounts/737486/events	/instamart/npi [Jivo Mart Pvt. Ltd]	[{appName:string,appVCode:string,agent:string,platform:string,user_id:string,s_id:string,account_id:string,clarity_url:string,isCanary:string,appURL:string,appHost:string,appPathName:string,userAgent:string,networkType:string,saveData:string,eventType:string,dashboardType:string,name:string,url:string,method:string,duration:number,statusCode:number,requestId:string,appVersion:string}]	200	walk4
2026-07-29T22:14:46.865Z	POST	https://insights-collector.newrelic.com/v1/accounts/737486/events	/instamart/npi [Jivo Mart Pvt. Ltd]	[{appName:string,appVCode:string,agent:string,platform:string,user_id:string,s_id:string,account_id:string,clarity_url:string,isCanary:string,appURL:string,appHost:string,appPathName:string,userAgent:string,networkType:string,saveData:string,eventType:string,dashboardType:string,name:string,error_type:string,context:string,login_type:string,email:string,session_info:string,error_message:string}]	200	walk4
2026-07-29T22:14:47.134Z	POST	https://brand-portal-service-http.swiggy.com/api/v1/account/permissions	/instamart/npi [Jivo Mart Pvt. Ltd]	{account_id:string}	200	walk4
2026-07-29T22:14:47.151Z	POST	https://insights-collector.newrelic.com/v1/accounts/737486/events	/instamart/npi [Jivo Mart Pvt. Ltd]	[{appName:string,appVCode:string,agent:string,platform:string,user_id:string,s_id:string,account_id:string,clarity_url:string,isCanary:string,appURL:string,appHost:string,appPathName:string,userAgent:string,networkType:string,saveData:string,eventType:string,dashboardType:string,name:string,url:string,method:string,duration:number,statusCode:number,requestId:string,appVersion:string}]	200	walk4
2026-07-29T22:14:47.420Z	POST	https://insights-collector.newrelic.com/v1/accounts/737486/events	/instamart/npi [Jivo Mart Pvt. Ltd]	[{appName:string,appVCode:string,agent:string,platform:string,user_id:string,s_id:string,account_id:string,clarity_url:string,isCanary:string,appURL:string,appHost:string,appPathName:string,userAgent:string,networkType:string,saveData:string,eventType:string,dashboardType:string,name:string,url:string,method:string,duration:number,statusCode:number,requestId:string,appVersion:string}]	200	walk4
2026-07-29T22:14:47.505Z	POST	https://insights-collector.newrelic.com/v1/accounts/737486/events	/instamart/npi [Jivo Mart Pvt. Ltd]	[{appName:string,appVCode:string,agent:string,platform:string,user_id:string,s_id:string,account_id:string,clarity_url:string,isCanary:string,appURL:string,appHost:string,appPathName:string,userAgent:string,networkType:string,saveData:string,eventType:string,dashboardType:string,name:string,remoteName:string,loadTime:number,status:string,deviceContext:string}]	200	walk4
2026-07-29T22:14:47.719Z	POST	https://insights-collector.newrelic.com/v1/accounts/737486/events	/instamart/npi [Jivo Mart Pvt. Ltd]	[{appName:string,appVCode:string,agent:string,platform:string,user_id:string,s_id:string,account_id:string,clarity_url:string,isCanary:string,appURL:string,appHost:string,appPathName:string,userAgent:string,networkType:string,saveData:string,eventType:string,dashboardType:string,name:string,url:string,method:string,duration:number,statusCode:number,requestId:string,appVersion:string}]	200	walk4
2026-07-29T22:14:47.744Z	POST	https://insights-collector.newrelic.com/v1/accounts/737486/events	/instamart/npi [Jivo Mart Pvt. Ltd]	[{appName:string,appVCode:string,agent:string,platform:string,user_id:string,s_id:string,account_id:string,clarity_url:string,isCanary:string,appURL:string,appHost:string,appPathName:string,userAgent:string,networkType:string,saveData:string,eventType:string,name:string,value:number}]	200	walk4
2026-07-29T22:14:47.751Z	POST	https://insights-collector.newrelic.com/v1/accounts/737486/events	/instamart/npi [Jivo Mart Pvt. Ltd]	[{appName:string,platform:string,user_id:string,s_id:string,account_id:string,clarity_url:string,loginType:string,appVCode:string,appURL:string,appHost:string,appPathName:string,userAgent:string,networkType:string,saveData:string,eventType:string,dashboardType:string,isCanary:string,name:string,pageUrl:string,originTime:number,loadTime:number,loadMode:string,network_status:string}]	200	walk4
2026-07-29T22:14:47.768Z	POST	https://insights-collector.newrelic.com/v1/accounts/737486/events	/instamart/npi [Jivo Mart Pvt. Ltd]	[{appName:string,platform:string,user_id:string,s_id:string,account_id:string,clarity_url:string,loginType:string,appVCode:string,appURL:string,appHost:string,appPathName:string,userAgent:string,networkType:string,saveData:string,eventType:string,name:string,value:number}]	200	walk4
2026-07-29T22:14:54.614Z	POST	https://insights-collector.newrelic.com/v1/accounts/737486/events	/im-discounts [Jivo Mart Pvt. Ltd]	[{networkType:string,saveData:string,eventType:string,dashboardType:string,isCanary:string,name:string,pageUrl:string,originTime:number,loadTime:number,account_id:string,appURL:string,appPathName:string,deviceContext:string,user_id:string}]	200	walk4
2026-07-29T22:14:54.648Z	POST	https://insights-collector.newrelic.com/v1/accounts/737486/events	/im-discounts [Jivo Mart Pvt. Ltd]	[{appName:string,appVCode:string,agent:string,platform:string,user_id:string,s_id:string,account_id:string,clarity_url:string,isCanary:string,appURL:string,appHost:string,appPathName:string,userAgent:string,networkType:string,saveData:string,eventType:string,dashboardType:string,name:string,loadTime:number,app:string,deviceContext:string}]	200	walk4
2026-07-29T22:14:54.657Z	POST	https://insights-collector.newrelic.com/v1/accounts/737486/events	/im-discounts [Jivo Mart Pvt. Ltd]	[{appName:string,appVCode:string,agent:string,platform:string,user_id:string,s_id:string,account_id:string,clarity_url:string,isCanary:string,appURL:string,appHost:string,appPathName:string,userAgent:string,networkType:string,saveData:string,eventType:string,name:string,value:number}]	200	walk4
2026-07-29T22:14:54.755Z	POST	https://insights-collector.newrelic.com/v1/accounts/737486/events	/im-discounts [Jivo Mart Pvt. Ltd]	[{appName:string,appVCode:string,agent:string,platform:string,user_id:string,s_id:string,account_id:string,clarity_url:string,isCanary:string,appURL:string,appHost:string,appPathName:string,userAgent:string,networkType:string,saveData:string,eventType:string,name:string,value:number}]	200	walk4
2026-07-29T22:14:55.127Z	POST	https://brand-portal-service-http.swiggy.com/api/v1/account/permissions	/im-discounts [Jivo Mart Pvt. Ltd]	{}	200	walk4
2026-07-29T22:14:55.136Z	POST	https://insights-collector.newrelic.com/v1/accounts/737486/events	/im-discounts [Jivo Mart Pvt. Ltd]	[{appName:string,appVCode:string,agent:string,platform:string,user_id:string,s_id:string,account_id:string,clarity_url:string,isCanary:string,appURL:string,appHost:string,appPathName:string,userAgent:string,networkType:string,saveData:string,eventType:string,dashboardType:string,name:string,url:string,method:string,duration:number,statusCode:number,requestId:string,appVersion:string}]	200	walk4
2026-07-29T22:14:55.211Z	POST	https://insights-collector.newrelic.com/v1/accounts/737486/events	/im-discounts [Jivo Mart Pvt. Ltd]	[{appName:string,appVCode:string,agent:string,platform:string,user_id:string,s_id:string,account_id:string,clarity_url:string,isCanary:string,appURL:string,appHost:string,appPathName:string,userAgent:string,networkType:string,saveData:string,eventType:string,dashboardType:string,name:string,error_type:string,context:string,login_type:string,email:string,session_info:string,error_message:string}]	200	walk4
2026-07-29T22:14:55.409Z	POST	https://brand-portal-service-http.swiggy.com/api/v1/account/permissions	/im-discounts [Jivo Mart Pvt. Ltd]	{account_id:string}	200	walk4
2026-07-29T22:14:55.450Z	POST	https://insights-collector.newrelic.com/v1/accounts/737486/events	/im-discounts [Jivo Mart Pvt. Ltd]	[{appName:string,appVCode:string,agent:string,platform:string,user_id:string,s_id:string,account_id:string,clarity_url:string,isCanary:string,appURL:string,appHost:string,appPathName:string,userAgent:string,networkType:string,saveData:string,eventType:string,dashboardType:string,name:string,url:string,method:string,duration:number,statusCode:number,requestId:string,appVersion:string}]	200	walk4
2026-07-29T22:14:55.752Z	POST	https://insights-collector.newrelic.com/v1/accounts/737486/events	/im-discounts [Jivo Mart Pvt. Ltd]	[{appName:string,appVCode:string,agent:string,platform:string,user_id:string,s_id:string,account_id:string,clarity_url:string,isCanary:string,appURL:string,appHost:string,appPathName:string,userAgent:string,networkType:string,saveData:string,eventType:string,dashboardType:string,name:string,url:string,method:string,duration:number,statusCode:number,requestId:string,appVersion:string}]	200	walk4
2026-07-29T22:14:55.889Z	POST	https://insights-collector.newrelic.com/v1/accounts/737486/events	/im-discounts [Jivo Mart Pvt. Ltd]	[{appName:string,appVCode:string,agent:string,platform:string,user_id:string,s_id:string,account_id:string,clarity_url:string,isCanary:string,appURL:string,appHost:string,appPathName:string,userAgent:string,networkType:string,saveData:string,eventType:string,name:string,value:number}]	200	walk4
2026-07-29T22:14:56.044Z	POST	https://insights-collector.newrelic.com/v1/accounts/737486/events	/im-discounts [Jivo Mart Pvt. Ltd]	[{appName:string,appVCode:string,agent:string,platform:string,user_id:string,s_id:string,account_id:string,clarity_url:string,isCanary:string,appURL:string,appHost:string,appPathName:string,userAgent:string,networkType:string,saveData:string,eventType:string,dashboardType:string,name:string,url:string,method:string,duration:number,statusCode:number,requestId:string,appVersion:string}]	200	walk4
2026-07-29T22:15:03.026Z	POST	https://insights-collector.newrelic.com/v1/accounts/737486/events	/im-discounts/performance [Jivo Mart Pvt. Ltd]	[{networkType:string,saveData:string,eventType:string,dashboardType:string,isCanary:string,name:string,pageUrl:string,originTime:number,loadTime:number,account_id:string,appURL:string,appPathName:string,deviceContext:string,user_id:string}]	200	walk4
2026-07-29T22:15:03.060Z	POST	https://insights-collector.newrelic.com/v1/accounts/737486/events	/im-discounts/performance [Jivo Mart Pvt. Ltd]	[{appName:string,appVCode:string,agent:string,platform:string,user_id:string,s_id:string,account_id:string,clarity_url:string,isCanary:string,appURL:string,appHost:string,appPathName:string,userAgent:string,networkType:string,saveData:string,eventType:string,dashboardType:string,name:string,loadTime:number,app:string,deviceContext:string}]	200	walk4
2026-07-29T22:15:03.127Z	POST	https://insights-collector.newrelic.com/v1/accounts/737486/events	/im-discounts/performance [Jivo Mart Pvt. Ltd]	[{appName:string,appVCode:string,agent:string,platform:string,user_id:string,s_id:string,account_id:string,clarity_url:string,isCanary:string,appURL:string,appHost:string,appPathName:string,userAgent:string,networkType:string,saveData:string,eventType:string,name:string,value:number}]	200	walk4
2026-07-29T22:15:03.164Z	POST	https://insights-collector.newrelic.com/v1/accounts/737486/events	/im-discounts/performance [Jivo Mart Pvt. Ltd]	[{appName:string,appVCode:string,agent:string,platform:string,user_id:string,s_id:string,account_id:string,clarity_url:string,isCanary:string,appURL:string,appHost:string,appPathName:string,userAgent:string,networkType:string,saveData:string,eventType:string,name:string,value:number}]	200	walk4
2026-07-29T22:15:03.558Z	POST	https://brand-portal-service-http.swiggy.com/api/v1/account/permissions	/im-discounts/performance [Jivo Mart Pvt. Ltd]	{}	200	walk4
2026-07-29T22:15:03.585Z	POST	https://insights-collector.newrelic.com/v1/accounts/737486/events	/im-discounts/performance [Jivo Mart Pvt. Ltd]	[{appName:string,appVCode:string,agent:string,platform:string,user_id:string,s_id:string,account_id:string,clarity_url:string,isCanary:string,appURL:string,appHost:string,appPathName:string,userAgent:string,networkType:string,saveData:string,eventType:string,dashboardType:string,name:string,error_type:string,context:string,login_type:string,email:string,session_info:string,error_message:string}]	200	walk4
2026-07-29T22:15:03.586Z	POST	https://insights-collector.newrelic.com/v1/accounts/737486/events	/im-discounts/performance [Jivo Mart Pvt. Ltd]	[{appName:string,appVCode:string,agent:string,platform:string,user_id:string,s_id:string,account_id:string,clarity_url:string,isCanary:string,appURL:string,appHost:string,appPathName:string,userAgent:string,networkType:string,saveData:string,eventType:string,dashboardType:string,name:string,url:string,method:string,duration:number,statusCode:number,requestId:string,appVersion:string}]	200	walk4
2026-07-29T22:15:03.849Z	POST	https://brand-portal-service-http.swiggy.com/api/v1/account/permissions	/im-discounts/performance [Jivo Mart Pvt. Ltd]	{account_id:string}	200	walk4
2026-07-29T22:15:03.850Z	POST	https://insights-collector.newrelic.com/v1/accounts/737486/events	/im-discounts/performance [Jivo Mart Pvt. Ltd]	[{appName:string,appVCode:string,agent:string,platform:string,user_id:string,s_id:string,account_id:string,clarity_url:string,isCanary:string,appURL:string,appHost:string,appPathName:string,userAgent:string,networkType:string,saveData:string,eventType:string,dashboardType:string,name:string,url:string,method:string,duration:number,statusCode:number,requestId:string,appVersion:string}]	200	walk4
2026-07-29T22:15:04.202Z	POST	https://insights-collector.newrelic.com/v1/accounts/737486/events	/im-discounts/performance [Jivo Mart Pvt. Ltd]	[{appName:string,appVCode:string,agent:string,platform:string,user_id:string,s_id:string,account_id:string,clarity_url:string,isCanary:string,appURL:string,appHost:string,appPathName:string,userAgent:string,networkType:string,saveData:string,eventType:string,dashboardType:string,name:string,url:string,method:string,duration:number,statusCode:number,requestId:string,appVersion:string}]	200	walk4
2026-07-29T22:15:04.296Z	POST	https://insights-collector.newrelic.com/v1/accounts/737486/events	/im-discounts/performance [Jivo Mart Pvt. Ltd]	[{appName:string,appVCode:string,agent:string,platform:string,user_id:string,s_id:string,account_id:string,clarity_url:string,isCanary:string,appURL:string,appHost:string,appPathName:string,userAgent:string,networkType:string,saveData:string,eventType:string,name:string,value:number}]	200	walk4
2026-07-29T22:15:04.371Z	POST	https://insights-collector.newrelic.com/v1/accounts/737486/events	/im-discounts/performance [Jivo Mart Pvt. Ltd]	[{appName:string,appVCode:string,agent:string,platform:string,user_id:string,s_id:string,account_id:string,clarity_url:string,isCanary:string,appURL:string,appHost:string,appPathName:string,userAgent:string,networkType:string,saveData:string,eventType:string,dashboardType:string,name:string,remoteName:string,loadTime:number,status:string,deviceContext:string}]	200	walk4
2026-07-29T22:15:04.486Z	POST	https://insights-collector.newrelic.com/v1/accounts/737486/events	/im-discounts/performance [Jivo Mart Pvt. Ltd]	[{appName:string,appVCode:string,agent:string,platform:string,user_id:string,s_id:string,account_id:string,clarity_url:string,isCanary:string,appURL:string,appHost:string,appPathName:string,userAgent:string,networkType:string,saveData:string,eventType:string,dashboardType:string,name:string,url:string,method:string,duration:number,statusCode:number,requestId:string,appVersion:string}]	200	walk4
2026-07-29T22:15:11.449Z	POST	https://insights-collector.newrelic.com/v1/accounts/737486/events	/im-discounts/feedbacks [Jivo Mart Pvt. Ltd]	[{networkType:string,saveData:string,eventType:string,dashboardType:string,isCanary:string,name:string,pageUrl:string,originTime:number,loadTime:number,account_id:string,appURL:string,appPathName:string,deviceContext:string,user_id:string}]	200	walk4
2026-07-29T22:15:11.477Z	POST	https://insights-collector.newrelic.com/v1/accounts/737486/events	/im-discounts/feedbacks [Jivo Mart Pvt. Ltd]	[{appName:string,appVCode:string,agent:string,platform:string,user_id:string,s_id:string,account_id:string,clarity_url:string,isCanary:string,appURL:string,appHost:string,appPathName:string,userAgent:string,networkType:string,saveData:string,eventType:string,dashboardType:string,name:string,loadTime:number,app:string,deviceContext:string}]	200	walk4
2026-07-29T22:15:11.497Z	POST	https://insights-collector.newrelic.com/v1/accounts/737486/events	/im-discounts/feedbacks [Jivo Mart Pvt. Ltd]	[{appName:string,appVCode:string,agent:string,platform:string,user_id:string,s_id:string,account_id:string,clarity_url:string,isCanary:string,appURL:string,appHost:string,appPathName:string,userAgent:string,networkType:string,saveData:string,eventType:string,name:string,value:number}]	200	walk4
2026-07-29T22:15:11.589Z	POST	https://insights-collector.newrelic.com/v1/accounts/737486/events	/im-discounts/feedbacks [Jivo Mart Pvt. Ltd]	[{appName:string,appVCode:string,agent:string,platform:string,user_id:string,s_id:string,account_id:string,clarity_url:string,isCanary:string,appURL:string,appHost:string,appPathName:string,userAgent:string,networkType:string,saveData:string,eventType:string,name:string,value:number}]	200	walk4
2026-07-29T22:15:11.953Z	POST	https://brand-portal-service-http.swiggy.com/api/v1/account/permissions	/im-discounts/feedbacks [Jivo Mart Pvt. Ltd]	{}	200	walk4
2026-07-29T22:15:11.966Z	POST	https://insights-collector.newrelic.com/v1/accounts/737486/events	/im-discounts/feedbacks [Jivo Mart Pvt. Ltd]	[{appName:string,appVCode:string,agent:string,platform:string,user_id:string,s_id:string,account_id:string,clarity_url:string,isCanary:string,appURL:string,appHost:string,appPathName:string,userAgent:string,networkType:string,saveData:string,eventType:string,dashboardType:string,name:string,url:string,method:string,duration:number,statusCode:number,requestId:string,appVersion:string}]	200	walk4
2026-07-29T22:15:12.223Z	POST	https://brand-portal-service-http.swiggy.com/api/v1/account/permissions	/im-discounts/feedbacks [Jivo Mart Pvt. Ltd]	{account_id:string}	200	walk4
2026-07-29T22:15:12.268Z	POST	https://insights-collector.newrelic.com/v1/accounts/737486/events	/im-discounts/feedbacks [Jivo Mart Pvt. Ltd]	[{appName:string,appVCode:string,agent:string,platform:string,user_id:string,s_id:string,account_id:string,clarity_url:string,isCanary:string,appURL:string,appHost:string,appPathName:string,userAgent:string,networkType:string,saveData:string,eventType:string,dashboardType:string,name:string,url:string,method:string,duration:number,statusCode:number,requestId:string,appVersion:string}]	200	walk4
2026-07-29T22:15:12.568Z	POST	https://insights-collector.newrelic.com/v1/accounts/737486/events	/im-discounts/feedbacks [Jivo Mart Pvt. Ltd]	[{appName:string,appVCode:string,agent:string,platform:string,user_id:string,s_id:string,account_id:string,clarity_url:string,isCanary:string,appURL:string,appHost:string,appPathName:string,userAgent:string,networkType:string,saveData:string,eventType:string,dashboardType:string,name:string,url:string,method:string,duration:number,statusCode:number,requestId:string,appVersion:string}]	200	walk4
2026-07-29T22:15:12.681Z	POST	https://insights-collector.newrelic.com/v1/accounts/737486/events	/im-discounts/feedbacks [Jivo Mart Pvt. Ltd]	[{appName:string,appVCode:string,agent:string,platform:string,user_id:string,s_id:string,account_id:string,clarity_url:string,isCanary:string,appURL:string,appHost:string,appPathName:string,userAgent:string,networkType:string,saveData:string,eventType:string,name:string,value:number}]	200	walk4
2026-07-29T22:15:12.724Z	POST	https://insights-collector.newrelic.com/v1/accounts/737486/events	/im-discounts/feedbacks [Jivo Mart Pvt. Ltd]	[{appName:string,appVCode:string,agent:string,platform:string,user_id:string,s_id:string,account_id:string,clarity_url:string,isCanary:string,appURL:string,appHost:string,appPathName:string,userAgent:string,networkType:string,saveData:string,eventType:string,dashboardType:string,name:string,remoteName:string,loadTime:number,status:string,deviceContext:string}]	200	walk4
2026-07-29T22:15:12.843Z	POST	https://insights-collector.newrelic.com/v1/accounts/737486/events	/im-discounts/feedbacks [Jivo Mart Pvt. Ltd]	[{appName:string,appVCode:string,agent:string,platform:string,user_id:string,s_id:string,account_id:string,clarity_url:string,isCanary:string,appURL:string,appHost:string,appPathName:string,userAgent:string,networkType:string,saveData:string,eventType:string,dashboardType:string,name:string,url:string,method:string,duration:number,statusCode:number,requestId:string,appVersion:string}]	200	walk4
2026-07-29T22:15:19.849Z	POST	https://insights-collector.newrelic.com/v1/accounts/737486/events	/im-sampling [Jivo Mart Pvt. Ltd]	[{networkType:string,saveData:string,eventType:string,dashboardType:string,isCanary:string,name:string,pageUrl:string,originTime:number,loadTime:number,account_id:string,appURL:string,appPathName:string,deviceContext:string,user_id:string}]	200	walk4
2026-07-29T22:15:19.868Z	POST	https://insights-collector.newrelic.com/v1/accounts/737486/events	/im-sampling [Jivo Mart Pvt. Ltd]	[{appName:string,appVCode:string,agent:string,platform:string,user_id:string,s_id:string,account_id:string,clarity_url:string,isCanary:string,appURL:string,appHost:string,appPathName:string,userAgent:string,networkType:string,saveData:string,eventType:string,dashboardType:string,name:string,loadTime:number,app:string,deviceContext:string}]	200	walk4
2026-07-29T22:15:19.880Z	POST	https://insights-collector.newrelic.com/v1/accounts/737486/events	/im-sampling [Jivo Mart Pvt. Ltd]	[{appName:string,appVCode:string,agent:string,platform:string,user_id:string,s_id:string,account_id:string,clarity_url:string,isCanary:string,appURL:string,appHost:string,appPathName:string,userAgent:string,networkType:string,saveData:string,eventType:string,name:string,value:number}]	200	walk4
2026-07-29T22:15:19.964Z	POST	https://insights-collector.newrelic.com/v1/accounts/737486/events	/im-sampling [Jivo Mart Pvt. Ltd]	[{appName:string,appVCode:string,agent:string,platform:string,user_id:string,s_id:string,account_id:string,clarity_url:string,isCanary:string,appURL:string,appHost:string,appPathName:string,userAgent:string,networkType:string,saveData:string,eventType:string,name:string,value:number}]	200	walk4
2026-07-29T22:15:20.352Z	POST	https://brand-portal-service-http.swiggy.com/api/v1/account/permissions	/im-sampling [Jivo Mart Pvt. Ltd]	{}	200	walk4
2026-07-29T22:15:20.361Z	POST	https://insights-collector.newrelic.com/v1/accounts/737486/events	/im-sampling [Jivo Mart Pvt. Ltd]	[{appName:string,appVCode:string,agent:string,platform:string,user_id:string,s_id:string,account_id:string,clarity_url:string,isCanary:string,appURL:string,appHost:string,appPathName:string,userAgent:string,networkType:string,saveData:string,eventType:string,dashboardType:string,name:string,url:string,method:string,duration:number,statusCode:number,requestId:string,appVersion:string}]	200	walk4
2026-07-29T22:15:20.363Z	POST	https://insights-collector.newrelic.com/v1/accounts/737486/events	/im-sampling [Jivo Mart Pvt. Ltd]	[{appName:string,appVCode:string,agent:string,platform:string,user_id:string,s_id:string,account_id:string,clarity_url:string,isCanary:string,appURL:string,appHost:string,appPathName:string,userAgent:string,networkType:string,saveData:string,eventType:string,dashboardType:string,name:string,error_type:string,context:string,login_type:string,email:string,session_info:string,error_message:string}]	200	walk4
2026-07-29T22:15:20.627Z	POST	https://brand-portal-service-http.swiggy.com/api/v1/account/permissions	/im-sampling [Jivo Mart Pvt. Ltd]	{account_id:string}	200	walk4
2026-07-29T22:15:20.652Z	POST	https://insights-collector.newrelic.com/v1/accounts/737486/events	/im-sampling [Jivo Mart Pvt. Ltd]	[{appName:string,appVCode:string,agent:string,platform:string,user_id:string,s_id:string,account_id:string,clarity_url:string,isCanary:string,appURL:string,appHost:string,appPathName:string,userAgent:string,networkType:string,saveData:string,eventType:string,dashboardType:string,name:string,url:string,method:string,duration:number,statusCode:number,requestId:string,appVersion:string}]	200	walk4
2026-07-29T22:15:21.024Z	POST	https://insights-collector.newrelic.com/v1/accounts/737486/events	/im-sampling [Jivo Mart Pvt. Ltd]	[{appName:string,appVCode:string,agent:string,platform:string,user_id:string,s_id:string,account_id:string,clarity_url:string,isCanary:string,appURL:string,appHost:string,appPathName:string,userAgent:string,networkType:string,saveData:string,eventType:string,dashboardType:string,name:string,url:string,method:string,duration:number,statusCode:number,requestId:string,appVersion:string}]	200	walk4
2026-07-29T22:15:21.109Z	POST	https://insights-collector.newrelic.com/v1/accounts/737486/events	/im-sampling [Jivo Mart Pvt. Ltd]	[{appName:string,appVCode:string,agent:string,platform:string,user_id:string,s_id:string,account_id:string,clarity_url:string,isCanary:string,appURL:string,appHost:string,appPathName:string,userAgent:string,networkType:string,saveData:string,eventType:string,name:string,value:number}]	200	walk4
2026-07-29T22:15:21.197Z	POST	https://insights-collector.newrelic.com/v1/accounts/737486/events	/im-sampling [Jivo Mart Pvt. Ltd]	[{appName:string,appVCode:string,agent:string,platform:string,user_id:string,s_id:string,account_id:string,clarity_url:string,isCanary:string,appURL:string,appHost:string,appPathName:string,userAgent:string,networkType:string,saveData:string,eventType:string,dashboardType:string,name:string,remoteName:string,loadTime:number,status:string,deviceContext:string}]	200	walk4
2026-07-29T22:15:21.307Z	POST	https://insights-collector.newrelic.com/v1/accounts/737486/events	/im-sampling [Jivo Mart Pvt. Ltd]	[{appName:string,appVCode:string,agent:string,platform:string,user_id:string,s_id:string,account_id:string,clarity_url:string,isCanary:string,appURL:string,appHost:string,appPathName:string,userAgent:string,networkType:string,saveData:string,eventType:string,dashboardType:string,name:string,url:string,method:string,duration:number,statusCode:number,requestId:string,appVersion:string}]	200	walk4
2026-07-29T22:15:21.339Z	POST	https://insights-collector.newrelic.com/v1/accounts/737486/events	/im-sampling [Jivo Mart Pvt. Ltd]	[{appName:string,platform:string,user_id:string,account_id:string,user_email:string,appVCode:string,appURL:string,appHost:string,appPathName:string,userAgent:string,networkType:string,saveData:string,eventType:string,dashboardType:string,name:string,pageUrl:string,originTime:number,loadTime:number,network_status:string}]	200	walk4
2026-07-29T22:15:21.625Z	POST	https://brand-portal-service-http.swiggy.com/api/v1/campaigns	/im-sampling [Jivo Mart Pvt. Ltd]	{request_context:{request_id:string,request_time:string,client_id:string},account_id:string,metrics:[{name:string}],filters:{logical_operator:string,filters:[object]},pagination_context:{offset:string,size:number},sort:{sort_order:string,ads_campaign_attribute:string}}	200	walk4
2026-07-29T22:15:21.635Z	POST	https://insights-collector.newrelic.com/v1/accounts/737486/events	/im-sampling [Jivo Mart Pvt. Ltd]	[{appName:string,platform:string,user_id:string,account_id:string,user_email:string,appVCode:string,appURL:string,appHost:string,appPathName:string,userAgent:string,networkType:string,saveData:string,eventType:string,host:string,path:string,cached:string,redirect_time:number,dns_lookup_time:number,tcp_time:number,response_time:number,fetch_until_res_end_time:number,req_start_until_res_end_time:string,start_until_res_end_time:number,status_code:number}]	200	walk4
2026-07-29T22:15:21.928Z	POST	https://insights-collector.newrelic.com/v1/accounts/737486/events	/im-sampling [Jivo Mart Pvt. Ltd]	[{appName:string,platform:string,user_id:string,account_id:string,user_email:string,appVCode:string,appURL:string,appHost:string,appPathName:string,userAgent:string,networkType:string,saveData:string,eventType:string,dashboardType:string,name:string,url:string,method:string,duration:number,statusCode:number,requestId:string,network_status:string}]	200	walk4
2026-07-29T22:15:21.986Z	POST	https://brand-portal-service-http.swiggy.com/api/v1/advertiser/metrics	/im-sampling [Jivo Mart Pvt. Ltd]	{request_context:{request_id:string,request_time:string,client_id:string},account_id:string,advertiser_metrics_query:{metrics:[object],dimensions:[string],filters:{logical_operator:string,filters:array}}}	200	walk4
2026-07-29T22:15:22.276Z	POST	https://insights-collector.newrelic.com/v1/accounts/737486/events	/im-sampling [Jivo Mart Pvt. Ltd]	[{appName:string,platform:string,user_id:string,account_id:string,user_email:string,appVCode:string,appURL:string,appHost:string,appPathName:string,userAgent:string,networkType:string,saveData:string,eventType:string,dashboardType:string,name:string,url:string,method:string,duration:number,statusCode:number,requestId:string,network_status:string}]	200	walk4
2026-07-29T22:15:28.295Z	POST	https://insights-collector.newrelic.com/v1/accounts/737486/events	/im-sampling/reports [Jivo Mart Pvt. Ltd]	[{networkType:string,saveData:string,eventType:string,dashboardType:string,isCanary:string,name:string,pageUrl:string,originTime:number,loadTime:number,account_id:string,appURL:string,appPathName:string,deviceContext:string,user_id:string}]	200	walk4
2026-07-29T22:15:28.330Z	POST	https://insights-collector.newrelic.com/v1/accounts/737486/events	/im-sampling/reports [Jivo Mart Pvt. Ltd]	[{appName:string,appVCode:string,agent:string,platform:string,user_id:string,s_id:string,account_id:string,clarity_url:string,isCanary:string,appURL:string,appHost:string,appPathName:string,userAgent:string,networkType:string,saveData:string,eventType:string,dashboardType:string,name:string,loadTime:number,app:string,deviceContext:string}]	200	walk4
2026-07-29T22:15:28.338Z	POST	https://insights-collector.newrelic.com/v1/accounts/737486/events	/im-sampling/reports [Jivo Mart Pvt. Ltd]	[{appName:string,appVCode:string,agent:string,platform:string,user_id:string,s_id:string,account_id:string,clarity_url:string,isCanary:string,appURL:string,appHost:string,appPathName:string,userAgent:string,networkType:string,saveData:string,eventType:string,name:string,value:number}]	200	walk4
2026-07-29T22:15:28.428Z	POST	https://insights-collector.newrelic.com/v1/accounts/737486/events	/im-sampling/reports [Jivo Mart Pvt. Ltd]	[{appName:string,appVCode:string,agent:string,platform:string,user_id:string,s_id:string,account_id:string,clarity_url:string,isCanary:string,appURL:string,appHost:string,appPathName:string,userAgent:string,networkType:string,saveData:string,eventType:string,name:string,value:number}]	200	walk4
2026-07-29T22:15:28.797Z	POST	https://brand-portal-service-http.swiggy.com/api/v1/account/permissions	/im-sampling/reports [Jivo Mart Pvt. Ltd]	{}	200	walk4
2026-07-29T22:15:28.805Z	POST	https://insights-collector.newrelic.com/v1/accounts/737486/events	/im-sampling/reports [Jivo Mart Pvt. Ltd]	[{appName:string,appVCode:string,agent:string,platform:string,user_id:string,s_id:string,account_id:string,clarity_url:string,isCanary:string,appURL:string,appHost:string,appPathName:string,userAgent:string,networkType:string,saveData:string,eventType:string,dashboardType:string,name:string,url:string,method:string,duration:number,statusCode:number,requestId:string,appVersion:string}]	200	walk4
2026-07-29T22:15:28.819Z	POST	https://insights-collector.newrelic.com/v1/accounts/737486/events	/im-sampling/reports [Jivo Mart Pvt. Ltd]	[{appName:string,appVCode:string,agent:string,platform:string,user_id:string,s_id:string,account_id:string,clarity_url:string,isCanary:string,appURL:string,appHost:string,appPathName:string,userAgent:string,networkType:string,saveData:string,eventType:string,dashboardType:string,name:string,error_type:string,context:string,login_type:string,email:string,session_info:string,error_message:string}]	200	walk4
2026-07-29T22:15:29.079Z	POST	https://brand-portal-service-http.swiggy.com/api/v1/account/permissions	/im-sampling/reports [Jivo Mart Pvt. Ltd]	{account_id:string}	200	walk4
2026-07-29T22:15:29.129Z	POST	https://insights-collector.newrelic.com/v1/accounts/737486/events	/im-sampling/reports [Jivo Mart Pvt. Ltd]	[{appName:string,appVCode:string,agent:string,platform:string,user_id:string,s_id:string,account_id:string,clarity_url:string,isCanary:string,appURL:string,appHost:string,appPathName:string,userAgent:string,networkType:string,saveData:string,eventType:string,dashboardType:string,name:string,url:string,method:string,duration:number,statusCode:number,requestId:string,appVersion:string}]	200	walk4
2026-07-29T22:15:29.439Z	POST	https://insights-collector.newrelic.com/v1/accounts/737486/events	/im-sampling/reports [Jivo Mart Pvt. Ltd]	[{appName:string,appVCode:string,agent:string,platform:string,user_id:string,s_id:string,account_id:string,clarity_url:string,isCanary:string,appURL:string,appHost:string,appPathName:string,userAgent:string,networkType:string,saveData:string,eventType:string,dashboardType:string,name:string,url:string,method:string,duration:number,statusCode:number,requestId:string,appVersion:string}]	200	walk4
2026-07-29T22:15:29.559Z	POST	https://insights-collector.newrelic.com/v1/accounts/737486/events	/im-sampling/reports [Jivo Mart Pvt. Ltd]	[{appName:string,appVCode:string,agent:string,platform:string,user_id:string,s_id:string,account_id:string,clarity_url:string,isCanary:string,appURL:string,appHost:string,appPathName:string,userAgent:string,networkType:string,saveData:string,eventType:string,dashboardType:string,name:string,remoteName:string,loadTime:number,status:string,deviceContext:string}]	200	walk4
2026-07-29T22:15:29.715Z	POST	https://insights-collector.newrelic.com/v1/accounts/737486/events	/im-sampling/reports [Jivo Mart Pvt. Ltd]	[{appName:string,appVCode:string,agent:string,platform:string,user_id:string,s_id:string,account_id:string,clarity_url:string,isCanary:string,appURL:string,appHost:string,appPathName:string,userAgent:string,networkType:string,saveData:string,eventType:string,dashboardType:string,name:string,url:string,method:string,duration:number,statusCode:number,requestId:string,appVersion:string}]	200	walk4
2026-07-29T22:15:29.739Z	POST	https://insights-collector.newrelic.com/v1/accounts/737486/events	/im-sampling/reports [Jivo Mart Pvt. Ltd]	[{appName:string,platform:string,user_id:string,account_id:string,user_email:string,appVCode:string,appURL:string,appHost:string,appPathName:string,userAgent:string,networkType:string,saveData:string,eventType:string,dashboardType:string,name:string,pageUrl:string,originTime:number,loadTime:number,network_status:string}]	200	walk4
2026-07-29T22:15:29.792Z	POST	https://insights-collector.newrelic.com/v1/accounts/737486/events	/im-sampling/reports [Jivo Mart Pvt. Ltd]	[{appName:string,platform:string,user_id:string,account_id:string,user_email:string,appVCode:string,appURL:string,appHost:string,appPathName:string,userAgent:string,networkType:string,saveData:string,eventType:string,metric_name:string,value:number,dashboardType:string}]	200	walk4
2026-07-29T22:15:29.984Z	POST	https://brand-portal-service-http.swiggy.com/api/v1/advertiser/metrics/report/list	/im-sampling/reports [Jivo Mart Pvt. Ltd]	{request_context:{request_id:string,request_time:string,client_id:string},pagination:{offset:string,size:number},account_id:string,user:{user_id:string,email:string},source:string}	200	walk4
2026-07-29T22:15:30.024Z	POST	https://insights-collector.newrelic.com/v1/accounts/737486/events	/im-sampling/reports [Jivo Mart Pvt. Ltd]	[{appName:string,platform:string,user_id:string,account_id:string,user_email:string,appVCode:string,appURL:string,appHost:string,appPathName:string,userAgent:string,networkType:string,saveData:string,eventType:string,host:string,path:string,cached:string,redirect_time:number,dns_lookup_time:number,tcp_time:number,response_time:number,fetch_until_res_end_time:number,req_start_until_res_end_time:string,start_until_res_end_time:number,status_code:number}]	200	walk4
2026-07-29T22:15:30.270Z	POST	https://insights-collector.newrelic.com/v1/accounts/737486/events	/im-sampling/reports [Jivo Mart Pvt. Ltd]	[{appName:string,platform:string,user_id:string,account_id:string,user_email:string,appVCode:string,appURL:string,appHost:string,appPathName:string,userAgent:string,networkType:string,saveData:string,eventType:string,dashboardType:string,name:string,url:string,method:string,duration:number,statusCode:number,requestId:string,network_status:string}]	200	walk4
2026-07-29T22:15:36.701Z	POST	https://insights-collector.newrelic.com/v1/accounts/737486/events	/brandverse/overview [Jivo Mart Pvt. Ltd]	[{networkType:string,saveData:string,eventType:string,dashboardType:string,isCanary:string,name:string,pageUrl:string,originTime:number,loadTime:number,account_id:string,appURL:string,appPathName:string,deviceContext:string,user_id:string}]	200	walk4
2026-07-29T22:15:36.723Z	POST	https://insights-collector.newrelic.com/v1/accounts/737486/events	/brandverse/overview [Jivo Mart Pvt. Ltd]	[{appName:string,appVCode:string,agent:string,platform:string,user_id:string,s_id:string,account_id:string,clarity_url:string,isCanary:string,appURL:string,appHost:string,appPathName:string,userAgent:string,networkType:string,saveData:string,eventType:string,dashboardType:string,name:string,loadTime:number,app:string,deviceContext:string}]	200	walk4
2026-07-29T22:15:36.751Z	POST	https://insights-collector.newrelic.com/v1/accounts/737486/events	/brandverse/overview [Jivo Mart Pvt. Ltd]	[{appName:string,appVCode:string,agent:string,platform:string,user_id:string,s_id:string,account_id:string,clarity_url:string,isCanary:string,appURL:string,appHost:string,appPathName:string,userAgent:string,networkType:string,saveData:string,eventType:string,name:string,value:number}]	200	walk4
2026-07-29T22:15:36.821Z	POST	https://insights-collector.newrelic.com/v1/accounts/737486/events	/brandverse/overview [Jivo Mart Pvt. Ltd]	[{appName:string,appVCode:string,agent:string,platform:string,user_id:string,s_id:string,account_id:string,clarity_url:string,isCanary:string,appURL:string,appHost:string,appPathName:string,userAgent:string,networkType:string,saveData:string,eventType:string,name:string,value:number}]	200	walk4
2026-07-29T22:15:37.192Z	POST	https://brand-portal-service-http.swiggy.com/api/v1/account/permissions	/brandverse/overview [Jivo Mart Pvt. Ltd]	{}	200	walk4
2026-07-29T22:15:37.198Z	POST	https://insights-collector.newrelic.com/v1/accounts/737486/events	/brandverse/overview [Jivo Mart Pvt. Ltd]	[{appName:string,appVCode:string,agent:string,platform:string,user_id:string,s_id:string,account_id:string,clarity_url:string,isCanary:string,appURL:string,appHost:string,appPathName:string,userAgent:string,networkType:string,saveData:string,eventType:string,dashboardType:string,name:string,url:string,method:string,duration:number,statusCode:number,requestId:string,appVersion:string}]	200	walk4
2026-07-29T22:15:37.207Z	POST	https://insights-collector.newrelic.com/v1/accounts/737486/events	/brandverse/overview [Jivo Mart Pvt. Ltd]	[{appName:string,appVCode:string,agent:string,platform:string,user_id:string,s_id:string,account_id:string,clarity_url:string,isCanary:string,appURL:string,appHost:string,appPathName:string,userAgent:string,networkType:string,saveData:string,eventType:string,dashboardType:string,name:string,error_type:string,context:string,login_type:string,email:string,session_info:string,error_message:string}]	200	walk4
2026-07-29T22:15:37.471Z	POST	https://brand-portal-service-http.swiggy.com/api/v1/account/permissions	/brandverse/overview [Jivo Mart Pvt. Ltd]	{account_id:string}	200	walk4
2026-07-29T22:15:37.493Z	POST	https://insights-collector.newrelic.com/v1/accounts/737486/events	/brandverse/overview [Jivo Mart Pvt. Ltd]	[{appName:string,appVCode:string,agent:string,platform:string,user_id:string,s_id:string,account_id:string,clarity_url:string,isCanary:string,appURL:string,appHost:string,appPathName:string,userAgent:string,networkType:string,saveData:string,eventType:string,dashboardType:string,name:string,url:string,method:string,duration:number,statusCode:number,requestId:string,appVersion:string}]	200	walk4
2026-07-29T22:15:37.815Z	POST	https://insights-collector.newrelic.com/v1/accounts/737486/events	/brandverse/overview [Jivo Mart Pvt. Ltd]	[{appName:string,appVCode:string,agent:string,platform:string,user_id:string,s_id:string,account_id:string,clarity_url:string,isCanary:string,appURL:string,appHost:string,appPathName:string,userAgent:string,networkType:string,saveData:string,eventType:string,dashboardType:string,name:string,url:string,method:string,duration:number,statusCode:number,requestId:string,appVersion:string}]	200	walk4
2026-07-29T22:15:37.841Z	POST	https://insights-collector.newrelic.com/v1/accounts/737486/events	/brandverse/overview [Jivo Mart Pvt. Ltd]	[{appName:string,appVCode:string,agent:string,platform:string,user_id:string,s_id:string,account_id:string,clarity_url:string,isCanary:string,appURL:string,appHost:string,appPathName:string,userAgent:string,networkType:string,saveData:string,eventType:string,name:string,value:number}]	200	walk4
2026-07-29T22:15:37.975Z	POST	https://insights-collector.newrelic.com/v1/accounts/737486/events	/brandverse/overview [Jivo Mart Pvt. Ltd]	[{appName:string,appVCode:string,agent:string,platform:string,user_id:string,s_id:string,account_id:string,clarity_url:string,isCanary:string,appURL:string,appHost:string,appPathName:string,userAgent:string,networkType:string,saveData:string,eventType:string,dashboardType:string,name:string,remoteName:string,loadTime:number,status:string,deviceContext:string}]	200	walk4
2026-07-29T22:15:38.083Z	POST	https://brand-portal-service-http.swiggy.com/api/v1/3p/advertiser/metrics/batch	/brandverse/overview [Jivo Mart Pvt. Ltd]	{request_context:{request_id:string,client_id:string},third_party_advertiser_metrics_queries:[{query_id:string,metrics:array,dimensions:array,filters:object,metric_period:object}],account_id:string,market_place_context:{marketplace_id:string,business_line_id:string}}	403	walk4
2026-07-29T22:15:38.094Z	POST	https://insights-collector.newrelic.com/v1/accounts/737486/events	/brandverse/overview [Jivo Mart Pvt. Ltd]	[{appName:string,appVCode:string,agent:string,platform:string,user_id:string,s_id:string,account_id:string,clarity_url:string,isCanary:string,appURL:string,appHost:string,appPathName:string,userAgent:string,networkType:string,saveData:string,eventType:string,dashboardType:string,name:string,url:string,method:string,duration:number,statusCode:number,requestId:string,appVersion:string}]	200	walk4
2026-07-29T22:15:38.352Z	POST	https://brand-portal-service-http.swiggy.com/api/v1/3p/advertiser/metrics/batch	/brandverse/overview [Jivo Mart Pvt. Ltd]	{request_context:{request_id:string,client_id:string},third_party_advertiser_metrics_queries:[{query_id:string,metrics:array,dimensions:array,filters:object,metric_period:object}],account_id:string,market_place_context:{marketplace_id:string,business_line_id:string}}	403	walk4
2026-07-29T22:15:38.626Z	POST	https://brand-portal-service-http.swiggy.com/api/v1/3p/advertiser/metrics/batch	/brandverse/overview [Jivo Mart Pvt. Ltd]	{request_context:{request_id:string,client_id:string},third_party_advertiser_metrics_queries:[{query_id:string,metrics:array,dimensions:array,filters:object,metric_period:object}],account_id:string,market_place_context:{marketplace_id:string,business_line_id:string}}	403	walk4
2026-07-29T22:15:45.033Z	POST	https://insights-collector.newrelic.com/v1/accounts/737486/events	/brandverse/campaign-metrics [Jivo Mart Pvt. Ltd]	[{networkType:string,saveData:string,eventType:string,dashboardType:string,isCanary:string,name:string,pageUrl:string,originTime:number,loadTime:number,account_id:string,appURL:string,appPathName:string,deviceContext:string,user_id:string}]	200	walk4
2026-07-29T22:15:45.071Z	POST	https://insights-collector.newrelic.com/v1/accounts/737486/events	/brandverse/campaign-metrics [Jivo Mart Pvt. Ltd]	[{appName:string,appVCode:string,agent:string,platform:string,user_id:string,s_id:string,account_id:string,clarity_url:string,isCanary:string,appURL:string,appHost:string,appPathName:string,userAgent:string,networkType:string,saveData:string,eventType:string,dashboardType:string,name:string,loadTime:number,app:string,deviceContext:string}]	200	walk4
2026-07-29T22:15:45.090Z	POST	https://insights-collector.newrelic.com/v1/accounts/737486/events	/brandverse/campaign-metrics [Jivo Mart Pvt. Ltd]	[{appName:string,appVCode:string,agent:string,platform:string,user_id:string,s_id:string,account_id:string,clarity_url:string,isCanary:string,appURL:string,appHost:string,appPathName:string,userAgent:string,networkType:string,saveData:string,eventType:string,name:string,value:number}]	200	walk4
2026-07-29T22:15:45.267Z	POST	https://insights-collector.newrelic.com/v1/accounts/737486/events	/brandverse/campaign-metrics [Jivo Mart Pvt. Ltd]	[{appName:string,appVCode:string,agent:string,platform:string,user_id:string,s_id:string,account_id:string,clarity_url:string,isCanary:string,appURL:string,appHost:string,appPathName:string,userAgent:string,networkType:string,saveData:string,eventType:string,name:string,value:number}]	200	walk4
2026-07-29T22:15:45.519Z	POST	https://brand-portal-service-http.swiggy.com/api/v1/account/permissions	/brandverse/campaign-metrics [Jivo Mart Pvt. Ltd]	{}	200	walk4
2026-07-29T22:15:45.539Z	POST	https://insights-collector.newrelic.com/v1/accounts/737486/events	/brandverse/campaign-metrics [Jivo Mart Pvt. Ltd]	[{appName:string,appVCode:string,agent:string,platform:string,user_id:string,s_id:string,account_id:string,clarity_url:string,isCanary:string,appURL:string,appHost:string,appPathName:string,userAgent:string,networkType:string,saveData:string,eventType:string,dashboardType:string,name:string,url:string,method:string,duration:number,statusCode:number,requestId:string,appVersion:string}]	200	walk4
2026-07-29T22:15:45.549Z	POST	https://insights-collector.newrelic.com/v1/accounts/737486/events	/brandverse/campaign-metrics [Jivo Mart Pvt. Ltd]	[{appName:string,appVCode:string,agent:string,platform:string,user_id:string,s_id:string,account_id:string,clarity_url:string,isCanary:string,appURL:string,appHost:string,appPathName:string,userAgent:string,networkType:string,saveData:string,eventType:string,dashboardType:string,name:string,error_type:string,context:string,login_type:string,email:string,session_info:string,error_message:string}]	200	walk4
2026-07-29T22:15:45.792Z	POST	https://brand-portal-service-http.swiggy.com/api/v1/account/permissions	/brandverse/campaign-metrics [Jivo Mart Pvt. Ltd]	{account_id:string}	200	walk4
2026-07-29T22:15:45.828Z	POST	https://insights-collector.newrelic.com/v1/accounts/737486/events	/brandverse/campaign-metrics [Jivo Mart Pvt. Ltd]	[{appName:string,appVCode:string,agent:string,platform:string,user_id:string,s_id:string,account_id:string,clarity_url:string,isCanary:string,appURL:string,appHost:string,appPathName:string,userAgent:string,networkType:string,saveData:string,eventType:string,dashboardType:string,name:string,url:string,method:string,duration:number,statusCode:number,requestId:string,appVersion:string}]	200	walk4
2026-07-29T22:15:46.138Z	POST	https://insights-collector.newrelic.com/v1/accounts/737486/events	/brandverse/campaign-metrics [Jivo Mart Pvt. Ltd]	[{appName:string,appVCode:string,agent:string,platform:string,user_id:string,s_id:string,account_id:string,clarity_url:string,isCanary:string,appURL:string,appHost:string,appPathName:string,userAgent:string,networkType:string,saveData:string,eventType:string,dashboardType:string,name:string,url:string,method:string,duration:number,statusCode:number,requestId:string,appVersion:string}]	200	walk4
2026-07-29T22:15:46.239Z	POST	https://insights-collector.newrelic.com/v1/accounts/737486/events	/brandverse/campaign-metrics [Jivo Mart Pvt. Ltd]	[{appName:string,appVCode:string,agent:string,platform:string,user_id:string,s_id:string,account_id:string,clarity_url:string,isCanary:string,appURL:string,appHost:string,appPathName:string,userAgent:string,networkType:string,saveData:string,eventType:string,dashboardType:string,name:string,remoteName:string,loadTime:number,status:string,deviceContext:string}]	200	walk4
2026-07-29T22:15:46.391Z	POST	https://brand-portal-service-http.swiggy.com/api/v1/3p/advertiser/metrics/batch	/brandverse/campaign-metrics [Jivo Mart Pvt. Ltd]	{request_context:{request_id:string,client_id:string},third_party_advertiser_metrics_queries:[{query_id:string,metrics:array,dimensions:array,filters:object,metric_period:object}],account_id:string,market_place_context:{marketplace_id:string,business_line_id:string}}	403	walk4
2026-07-29T22:15:46.424Z	POST	https://insights-collector.newrelic.com/v1/accounts/737486/events	/brandverse/campaign-metrics [Jivo Mart Pvt. Ltd]	[{appName:string,appVCode:string,agent:string,platform:string,user_id:string,s_id:string,account_id:string,clarity_url:string,isCanary:string,appURL:string,appHost:string,appPathName:string,userAgent:string,networkType:string,saveData:string,eventType:string,dashboardType:string,name:string,url:string,method:string,duration:number,statusCode:number,requestId:string,appVersion:string}]	200	walk4
2026-07-29T22:15:46.675Z	POST	https://brand-portal-service-http.swiggy.com/api/v1/3p/advertiser/metrics/batch	/brandverse/campaign-metrics [Jivo Mart Pvt. Ltd]	{request_context:{request_id:string,client_id:string},third_party_advertiser_metrics_queries:[{query_id:string,metrics:array,dimensions:array,filters:object,metric_period:object}],account_id:string,market_place_context:{marketplace_id:string,business_line_id:string}}	403	walk4
2026-07-29T22:15:46.943Z	POST	https://brand-portal-service-http.swiggy.com/api/v1/3p/advertiser/metrics/batch	/brandverse/campaign-metrics [Jivo Mart Pvt. Ltd]	{request_context:{request_id:string,client_id:string},third_party_advertiser_metrics_queries:[{query_id:string,metrics:array,dimensions:array,filters:object,metric_period:object}],account_id:string,market_place_context:{marketplace_id:string,business_line_id:string}}	403	walk4
2026-07-29T22:15:53.462Z	POST	https://insights-collector.newrelic.com/v1/accounts/737486/events	/im-catalog [Jivo Mart Pvt. Ltd]	[{networkType:string,saveData:string,eventType:string,dashboardType:string,isCanary:string,name:string,pageUrl:string,originTime:number,loadTime:number,account_id:string,appURL:string,appPathName:string,deviceContext:string,user_id:string}]	200	walk4
2026-07-29T22:15:53.482Z	POST	https://insights-collector.newrelic.com/v1/accounts/737486/events	/im-catalog [Jivo Mart Pvt. Ltd]	[{appName:string,appVCode:string,agent:string,platform:string,user_id:string,s_id:string,account_id:string,clarity_url:string,isCanary:string,appURL:string,appHost:string,appPathName:string,userAgent:string,networkType:string,saveData:string,eventType:string,dashboardType:string,name:string,loadTime:number,app:string,deviceContext:string}]	200	walk4
2026-07-29T22:15:53.501Z	POST	https://insights-collector.newrelic.com/v1/accounts/737486/events	/im-catalog [Jivo Mart Pvt. Ltd]	[{appName:string,appVCode:string,agent:string,platform:string,user_id:string,s_id:string,account_id:string,clarity_url:string,isCanary:string,appURL:string,appHost:string,appPathName:string,userAgent:string,networkType:string,saveData:string,eventType:string,name:string,value:number}]	200	walk4
2026-07-29T22:15:53.577Z	POST	https://insights-collector.newrelic.com/v1/accounts/737486/events	/im-catalog [Jivo Mart Pvt. Ltd]	[{appName:string,appVCode:string,agent:string,platform:string,user_id:string,s_id:string,account_id:string,clarity_url:string,isCanary:string,appURL:string,appHost:string,appPathName:string,userAgent:string,networkType:string,saveData:string,eventType:string,name:string,value:number}]	200	walk4
2026-07-29T22:15:53.984Z	POST	https://brand-portal-service-http.swiggy.com/api/v1/account/permissions	/im-catalog [Jivo Mart Pvt. Ltd]	{}	200	walk4
2026-07-29T22:15:54.003Z	POST	https://insights-collector.newrelic.com/v1/accounts/737486/events	/im-catalog [Jivo Mart Pvt. Ltd]	[{appName:string,appVCode:string,agent:string,platform:string,user_id:string,s_id:string,account_id:string,clarity_url:string,isCanary:string,appURL:string,appHost:string,appPathName:string,userAgent:string,networkType:string,saveData:string,eventType:string,dashboardType:string,name:string,url:string,method:string,duration:number,statusCode:number,requestId:string,appVersion:string}]	200	walk4
2026-07-29T22:15:54.022Z	POST	https://insights-collector.newrelic.com/v1/accounts/737486/events	/im-catalog [Jivo Mart Pvt. Ltd]	[{appName:string,appVCode:string,agent:string,platform:string,user_id:string,s_id:string,account_id:string,clarity_url:string,isCanary:string,appURL:string,appHost:string,appPathName:string,userAgent:string,networkType:string,saveData:string,eventType:string,dashboardType:string,name:string,error_type:string,context:string,login_type:string,email:string,session_info:string,error_message:string}]	200	walk4
2026-07-29T22:15:54.267Z	POST	https://brand-portal-service-http.swiggy.com/api/v1/account/permissions	/im-catalog [Jivo Mart Pvt. Ltd]	{account_id:string}	200	walk4
2026-07-29T22:15:54.326Z	POST	https://insights-collector.newrelic.com/v1/accounts/737486/events	/im-catalog [Jivo Mart Pvt. Ltd]	[{appName:string,appVCode:string,agent:string,platform:string,user_id:string,s_id:string,account_id:string,clarity_url:string,isCanary:string,appURL:string,appHost:string,appPathName:string,userAgent:string,networkType:string,saveData:string,eventType:string,dashboardType:string,name:string,url:string,method:string,duration:number,statusCode:number,requestId:string,appVersion:string}]	200	walk4
2026-07-29T22:15:54.630Z	POST	https://insights-collector.newrelic.com/v1/accounts/737486/events	/im-catalog [Jivo Mart Pvt. Ltd]	[{appName:string,appVCode:string,agent:string,platform:string,user_id:string,s_id:string,account_id:string,clarity_url:string,isCanary:string,appURL:string,appHost:string,appPathName:string,userAgent:string,networkType:string,saveData:string,eventType:string,dashboardType:string,name:string,url:string,method:string,duration:number,statusCode:number,requestId:string,appVersion:string}]	200	walk4
2026-07-29T22:15:54.653Z	POST	https://insights-collector.newrelic.com/v1/accounts/737486/events	/im-catalog [Jivo Mart Pvt. Ltd]	[{appName:string,appVCode:string,agent:string,platform:string,user_id:string,s_id:string,account_id:string,clarity_url:string,isCanary:string,appURL:string,appHost:string,appPathName:string,userAgent:string,networkType:string,saveData:string,eventType:string,name:string,value:number}]	200	walk4
2026-07-29T22:15:54.728Z	POST	https://insights-collector.newrelic.com/v1/accounts/737486/events	/im-catalog [Jivo Mart Pvt. Ltd]	[{appName:string,appVCode:string,agent:string,platform:string,user_id:string,s_id:string,account_id:string,clarity_url:string,isCanary:string,appURL:string,appHost:string,appPathName:string,userAgent:string,networkType:string,saveData:string,eventType:string,dashboardType:string,name:string,remoteName:string,loadTime:number,status:string,deviceContext:string}]	200	walk4
2026-07-29T22:15:54.925Z	POST	https://insights-collector.newrelic.com/v1/accounts/737486/events	/im-catalog [Jivo Mart Pvt. Ltd]	[{appName:string,appVCode:string,agent:string,platform:string,user_id:string,s_id:string,account_id:string,clarity_url:string,isCanary:string,appURL:string,appHost:string,appPathName:string,userAgent:string,networkType:string,saveData:string,eventType:string,dashboardType:string,name:string,url:string,method:string,duration:number,statusCode:number,requestId:string,appVersion:string}]	200	walk4
2026-07-29T22:15:55.263Z	POST	https://brand-portal-service-http.swiggy.com/v1/list_spins	/im-catalog [Jivo Mart Pvt. Ltd]	{requestContext:{requestId:string,clientId:string,channel:string,idempotencyId:string},mpContext:{marketplaceId:string,businessLineId:string},filters:{compositeFilter:{logicalOperator:string,filters:array}},paginationContext:{offset:string,size:number}}	200	walk4
2026-07-29T22:15:55.300Z	POST	https://brand-portal-service-http.swiggy.com/v1/search_categories	/im-catalog [Jivo Mart Pvt. Ltd]	{requestContext:{requestId:string,clientId:string,channel:string,idempotencyId:string},mpContext:{marketplaceId:string,businessLineId:string},filters:{compositeFilter:{logicalOperator:string,filters:array}},paginationContext:{offset:string,size:number}}	200	walk4
2026-07-29T22:15:55.810Z	POST	https://brand-portal-service-http.swiggy.com/v1/get_spin_metrics	/im-catalog [Jivo Mart Pvt. Ltd]	{requestContext:{requestId:string,clientId:string,channel:string,idempotencyId:string},mpContext:{marketplaceId:string,businessLineId:string},metricsContext:string,metricsQueries:[{metricName:string,groupByDimension:string,dimensionMask:array}],filters:{fieldFilter:{key:string,values:array,comparisonOperator:string}}}	200	walk4
2026-07-29T22:16:01.862Z	POST	https://insights-collector.newrelic.com/v1/accounts/737486/events	/im-catalog/approvals [Jivo Mart Pvt. Ltd]	[{networkType:string,saveData:string,eventType:string,dashboardType:string,isCanary:string,name:string,pageUrl:string,originTime:number,loadTime:number,account_id:string,appURL:string,appPathName:string,deviceContext:string,user_id:string}]	200	walk4
2026-07-29T22:16:01.899Z	POST	https://insights-collector.newrelic.com/v1/accounts/737486/events	/im-catalog/approvals [Jivo Mart Pvt. Ltd]	[{appName:string,appVCode:string,agent:string,platform:string,user_id:string,s_id:string,account_id:string,clarity_url:string,isCanary:string,appURL:string,appHost:string,appPathName:string,userAgent:string,networkType:string,saveData:string,eventType:string,dashboardType:string,name:string,loadTime:number,app:string,deviceContext:string}]	200	walk4
2026-07-29T22:16:01.906Z	POST	https://insights-collector.newrelic.com/v1/accounts/737486/events	/im-catalog/approvals [Jivo Mart Pvt. Ltd]	[{appName:string,appVCode:string,agent:string,platform:string,user_id:string,s_id:string,account_id:string,clarity_url:string,isCanary:string,appURL:string,appHost:string,appPathName:string,userAgent:string,networkType:string,saveData:string,eventType:string,name:string,value:number}]	200	walk4
2026-07-29T22:16:02.293Z	POST	https://insights-collector.newrelic.com/v1/accounts/737486/events	/im-catalog/approvals [Jivo Mart Pvt. Ltd]	[{appName:string,appVCode:string,agent:string,platform:string,user_id:string,s_id:string,account_id:string,clarity_url:string,isCanary:string,appURL:string,appHost:string,appPathName:string,userAgent:string,networkType:string,saveData:string,eventType:string,name:string,value:number}]	200	walk4
2026-07-29T22:16:02.357Z	POST	https://brand-portal-service-http.swiggy.com/api/v1/account/permissions	/im-catalog/approvals [Jivo Mart Pvt. Ltd]	{}	200	walk4
2026-07-29T22:16:02.365Z	POST	https://insights-collector.newrelic.com/v1/accounts/737486/events	/im-catalog/approvals [Jivo Mart Pvt. Ltd]	[{appName:string,appVCode:string,agent:string,platform:string,user_id:string,s_id:string,account_id:string,clarity_url:string,isCanary:string,appURL:string,appHost:string,appPathName:string,userAgent:string,networkType:string,saveData:string,eventType:string,dashboardType:string,name:string,url:string,method:string,duration:number,statusCode:number,requestId:string,appVersion:string}]	200	walk4
2026-07-29T22:16:02.401Z	POST	https://insights-collector.newrelic.com/v1/accounts/737486/events	/im-catalog/approvals [Jivo Mart Pvt. Ltd]	[{appName:string,appVCode:string,agent:string,platform:string,user_id:string,s_id:string,account_id:string,clarity_url:string,isCanary:string,appURL:string,appHost:string,appPathName:string,userAgent:string,networkType:string,saveData:string,eventType:string,dashboardType:string,name:string,error_type:string,context:string,login_type:string,email:string,session_info:string,error_message:string}]	200	walk4
2026-07-29T22:16:02.628Z	POST	https://brand-portal-service-http.swiggy.com/api/v1/account/permissions	/im-catalog/approvals [Jivo Mart Pvt. Ltd]	{account_id:string}	200	walk4
2026-07-29T22:16:02.638Z	POST	https://insights-collector.newrelic.com/v1/accounts/737486/events	/im-catalog/approvals [Jivo Mart Pvt. Ltd]	[{appName:string,appVCode:string,agent:string,platform:string,user_id:string,s_id:string,account_id:string,clarity_url:string,isCanary:string,appURL:string,appHost:string,appPathName:string,userAgent:string,networkType:string,saveData:string,eventType:string,dashboardType:string,name:string,url:string,method:string,duration:number,statusCode:number,requestId:string,appVersion:string}]	200	walk4
2026-07-29T22:16:02.910Z	POST	https://insights-collector.newrelic.com/v1/accounts/737486/events	/im-catalog/approvals [Jivo Mart Pvt. Ltd]	[{appName:string,appVCode:string,agent:string,platform:string,user_id:string,s_id:string,account_id:string,clarity_url:string,isCanary:string,appURL:string,appHost:string,appPathName:string,userAgent:string,networkType:string,saveData:string,eventType:string,dashboardType:string,name:string,url:string,method:string,duration:number,statusCode:number,requestId:string,appVersion:string}]	200	walk4
2026-07-29T22:16:02.978Z	POST	https://insights-collector.newrelic.com/v1/accounts/737486/events	/im-catalog/approvals [Jivo Mart Pvt. Ltd]	[{appName:string,appVCode:string,agent:string,platform:string,user_id:string,s_id:string,account_id:string,clarity_url:string,isCanary:string,appURL:string,appHost:string,appPathName:string,userAgent:string,networkType:string,saveData:string,eventType:string,dashboardType:string,name:string,url:string,method:string,duration:number,statusCode:number,requestId:string,appVersion:string}]	200	walk4
2026-07-29T22:16:02.992Z	POST	https://insights-collector.newrelic.com/v1/accounts/737486/events	/im-catalog/approvals [Jivo Mart Pvt. Ltd]	[{appName:string,appVCode:string,agent:string,platform:string,user_id:string,s_id:string,account_id:string,clarity_url:string,isCanary:string,appURL:string,appHost:string,appPathName:string,userAgent:string,networkType:string,saveData:string,eventType:string,name:string,value:number}]	200	walk4
2026-07-29T22:16:03.056Z	POST	https://insights-collector.newrelic.com/v1/accounts/737486/events	/im-catalog/approvals [Jivo Mart Pvt. Ltd]	[{appName:string,appVCode:string,agent:string,platform:string,user_id:string,s_id:string,account_id:string,clarity_url:string,isCanary:string,appURL:string,appHost:string,appPathName:string,userAgent:string,networkType:string,saveData:string,eventType:string,dashboardType:string,name:string,remoteName:string,loadTime:number,status:string,deviceContext:string}]	200	walk4
2026-07-29T22:16:03.248Z	POST	https://insights-collector.newrelic.com/v1/accounts/737486/events	/im-catalog/approvals [Jivo Mart Pvt. Ltd]	[{appName:string,appVCode:string,agent:string,platform:string,user_id:string,s_id:string,account_id:string,clarity_url:string,isCanary:string,appURL:string,appHost:string,appPathName:string,userAgent:string,networkType:string,saveData:string,eventType:string,dashboardType:string,name:string,url:string,method:string,duration:number,statusCode:number,requestId:string,appVersion:string}]	200	walk4
2026-07-29T22:16:10.270Z	POST	https://insights-collector.newrelic.com/v1/accounts/737486/events	/im-catalog/update-requests [Jivo Mart Pvt. Ltd]	[{networkType:string,saveData:string,eventType:string,dashboardType:string,isCanary:string,name:string,pageUrl:string,originTime:number,loadTime:number,account_id:string,appURL:string,appPathName:string,deviceContext:string,user_id:string}]	200	walk4
2026-07-29T22:16:10.292Z	POST	https://insights-collector.newrelic.com/v1/accounts/737486/events	/im-catalog/update-requests [Jivo Mart Pvt. Ltd]	[{appName:string,appVCode:string,agent:string,platform:string,user_id:string,s_id:string,account_id:string,clarity_url:string,isCanary:string,appURL:string,appHost:string,appPathName:string,userAgent:string,networkType:string,saveData:string,eventType:string,dashboardType:string,name:string,loadTime:number,app:string,deviceContext:string}]	200	walk4
2026-07-29T22:16:10.315Z	POST	https://insights-collector.newrelic.com/v1/accounts/737486/events	/im-catalog/update-requests [Jivo Mart Pvt. Ltd]	[{appName:string,appVCode:string,agent:string,platform:string,user_id:string,s_id:string,account_id:string,clarity_url:string,isCanary:string,appURL:string,appHost:string,appPathName:string,userAgent:string,networkType:string,saveData:string,eventType:string,name:string,value:number}]	200	walk4
2026-07-29T22:16:10.420Z	POST	https://insights-collector.newrelic.com/v1/accounts/737486/events	/im-catalog/update-requests [Jivo Mart Pvt. Ltd]	[{appName:string,appVCode:string,agent:string,platform:string,user_id:string,s_id:string,account_id:string,clarity_url:string,isCanary:string,appURL:string,appHost:string,appPathName:string,userAgent:string,networkType:string,saveData:string,eventType:string,name:string,value:number}]	200	walk4
2026-07-29T22:16:10.791Z	POST	https://brand-portal-service-http.swiggy.com/api/v1/account/permissions	/im-catalog/update-requests [Jivo Mart Pvt. Ltd]	{}	200	walk4
2026-07-29T22:16:10.812Z	POST	https://insights-collector.newrelic.com/v1/accounts/737486/events	/im-catalog/update-requests [Jivo Mart Pvt. Ltd]	[{appName:string,appVCode:string,agent:string,platform:string,user_id:string,s_id:string,account_id:string,clarity_url:string,isCanary:string,appURL:string,appHost:string,appPathName:string,userAgent:string,networkType:string,saveData:string,eventType:string,dashboardType:string,name:string,error_type:string,context:string,login_type:string,email:string,session_info:string,error_message:string}]	200	walk4
2026-07-29T22:16:10.816Z	POST	https://insights-collector.newrelic.com/v1/accounts/737486/events	/im-catalog/update-requests [Jivo Mart Pvt. Ltd]	[{appName:string,appVCode:string,agent:string,platform:string,user_id:string,s_id:string,account_id:string,clarity_url:string,isCanary:string,appURL:string,appHost:string,appPathName:string,userAgent:string,networkType:string,saveData:string,eventType:string,dashboardType:string,name:string,url:string,method:string,duration:number,statusCode:number,requestId:string,appVersion:string}]	200	walk4
2026-07-29T22:16:11.066Z	POST	https://brand-portal-service-http.swiggy.com/api/v1/account/permissions	/im-catalog/update-requests [Jivo Mart Pvt. Ltd]	{account_id:string}	200	walk4
2026-07-29T22:16:11.111Z	POST	https://insights-collector.newrelic.com/v1/accounts/737486/events	/im-catalog/update-requests [Jivo Mart Pvt. Ltd]	[{appName:string,appVCode:string,agent:string,platform:string,user_id:string,s_id:string,account_id:string,clarity_url:string,isCanary:string,appURL:string,appHost:string,appPathName:string,userAgent:string,networkType:string,saveData:string,eventType:string,dashboardType:string,name:string,url:string,method:string,duration:number,statusCode:number,requestId:string,appVersion:string}]	200	walk4
2026-07-29T22:16:11.417Z	POST	https://insights-collector.newrelic.com/v1/accounts/737486/events	/im-catalog/update-requests [Jivo Mart Pvt. Ltd]	[{appName:string,appVCode:string,agent:string,platform:string,user_id:string,s_id:string,account_id:string,clarity_url:string,isCanary:string,appURL:string,appHost:string,appPathName:string,userAgent:string,networkType:string,saveData:string,eventType:string,dashboardType:string,name:string,url:string,method:string,duration:number,statusCode:number,requestId:string,appVersion:string}]	200	walk4
2026-07-29T22:16:11.508Z	POST	https://insights-collector.newrelic.com/v1/accounts/737486/events	/im-catalog/update-requests [Jivo Mart Pvt. Ltd]	[{appName:string,appVCode:string,agent:string,platform:string,user_id:string,s_id:string,account_id:string,clarity_url:string,isCanary:string,appURL:string,appHost:string,appPathName:string,userAgent:string,networkType:string,saveData:string,eventType:string,name:string,value:number}]	200	walk4
2026-07-29T22:16:11.689Z	POST	https://insights-collector.newrelic.com/v1/accounts/737486/events	/im-catalog/update-requests [Jivo Mart Pvt. Ltd]	[{appName:string,appVCode:string,agent:string,platform:string,user_id:string,s_id:string,account_id:string,clarity_url:string,isCanary:string,appURL:string,appHost:string,appPathName:string,userAgent:string,networkType:string,saveData:string,eventType:string,dashboardType:string,name:string,url:string,method:string,duration:number,statusCode:number,requestId:string,appVersion:string}]	200	walk4
2026-07-29T22:16:12.167Z	POST	https://brand-portal-service-http.swiggy.com/v1/list_spin_change_requests	/im-catalog/update-requests [Jivo Mart Pvt. Ltd]	{requestContext:{requestId:string,clientId:string,channel:string,idempotencyId:string},mpContext:{marketplaceId:string,businessLineId:string},filters:{compositeFilter:{logicalOperator:string,filters:array}},sort:[{sortBy:string,sortOrder:string}],paginationContext:{offset:string,size:number}}	200	walk4
2026-07-29T22:16:12.612Z	POST	https://brand-portal-service-http.swiggy.com/v1/get_spin_metrics	/im-catalog/update-requests [Jivo Mart Pvt. Ltd]	{requestContext:{requestId:string,clientId:string,channel:string,idempotencyId:string},mpContext:{marketplaceId:string,businessLineId:string},metricsContext:string,metricsQueries:[{metricName:string,groupByDimension:string,dimensionMask:array}],filters:{fieldFilter:{key:string,values:array,comparisonOperator:string}}}	200	walk4
2026-07-29T22:16:18.664Z	POST	https://insights-collector.newrelic.com/v1/accounts/737486/events	/im-catalog/update-requests [Jivo Mart Pvt. Ltd]	[{networkType:string,saveData:string,eventType:string,dashboardType:string,isCanary:string,name:string,pageUrl:string,originTime:number,loadTime:number,account_id:string,appURL:string,appPathName:string,deviceContext:string,user_id:string}]	200	walk4
2026-07-29T22:16:18.698Z	POST	https://insights-collector.newrelic.com/v1/accounts/737486/events	/im-catalog/update-requests [Jivo Mart Pvt. Ltd]	[{appName:string,appVCode:string,agent:string,platform:string,user_id:string,s_id:string,account_id:string,clarity_url:string,isCanary:string,appURL:string,appHost:string,appPathName:string,userAgent:string,networkType:string,saveData:string,eventType:string,dashboardType:string,name:string,loadTime:number,app:string,deviceContext:string}]	200	walk4
2026-07-29T22:16:18.708Z	POST	https://insights-collector.newrelic.com/v1/accounts/737486/events	/im-catalog/update-requests [Jivo Mart Pvt. Ltd]	[{appName:string,appVCode:string,agent:string,platform:string,user_id:string,s_id:string,account_id:string,clarity_url:string,isCanary:string,appURL:string,appHost:string,appPathName:string,userAgent:string,networkType:string,saveData:string,eventType:string,name:string,value:number}]	200	walk4
2026-07-29T22:16:18.807Z	POST	https://insights-collector.newrelic.com/v1/accounts/737486/events	/im-catalog/update-requests [Jivo Mart Pvt. Ltd]	[{appName:string,appVCode:string,agent:string,platform:string,user_id:string,s_id:string,account_id:string,clarity_url:string,isCanary:string,appURL:string,appHost:string,appPathName:string,userAgent:string,networkType:string,saveData:string,eventType:string,name:string,value:number}]	200	walk4
2026-07-29T22:16:19.167Z	POST	https://brand-portal-service-http.swiggy.com/api/v1/account/permissions	/im-catalog/update-requests [Jivo Mart Pvt. Ltd]	{}	200	walk4
2026-07-29T22:16:19.177Z	POST	https://insights-collector.newrelic.com/v1/accounts/737486/events	/im-catalog/update-requests [Jivo Mart Pvt. Ltd]	[{appName:string,appVCode:string,agent:string,platform:string,user_id:string,s_id:string,account_id:string,clarity_url:string,isCanary:string,appURL:string,appHost:string,appPathName:string,userAgent:string,networkType:string,saveData:string,eventType:string,dashboardType:string,name:string,url:string,method:string,duration:number,statusCode:number,requestId:string,appVersion:string}]	200	walk4
2026-07-29T22:16:19.198Z	POST	https://insights-collector.newrelic.com/v1/accounts/737486/events	/im-catalog/update-requests [Jivo Mart Pvt. Ltd]	[{appName:string,appVCode:string,agent:string,platform:string,user_id:string,s_id:string,account_id:string,clarity_url:string,isCanary:string,appURL:string,appHost:string,appPathName:string,userAgent:string,networkType:string,saveData:string,eventType:string,dashboardType:string,name:string,error_type:string,context:string,login_type:string,email:string,session_info:string,error_message:string}]	200	walk4
2026-07-29T22:16:19.475Z	POST	https://brand-portal-service-http.swiggy.com/api/v1/account/permissions	/im-catalog/update-requests [Jivo Mart Pvt. Ltd]	{account_id:string}	200	walk4
2026-07-29T22:16:19.476Z	POST	https://insights-collector.newrelic.com/v1/accounts/737486/events	/im-catalog/update-requests [Jivo Mart Pvt. Ltd]	[{appName:string,appVCode:string,agent:string,platform:string,user_id:string,s_id:string,account_id:string,clarity_url:string,isCanary:string,appURL:string,appHost:string,appPathName:string,userAgent:string,networkType:string,saveData:string,eventType:string,dashboardType:string,name:string,url:string,method:string,duration:number,statusCode:number,requestId:string,appVersion:string}]	200	walk4
2026-07-29T22:16:19.746Z	POST	https://insights-collector.newrelic.com/v1/accounts/737486/events	/im-catalog/update-requests [Jivo Mart Pvt. Ltd]	[{appName:string,appVCode:string,agent:string,platform:string,user_id:string,s_id:string,account_id:string,clarity_url:string,isCanary:string,appURL:string,appHost:string,appPathName:string,userAgent:string,networkType:string,saveData:string,eventType:string,dashboardType:string,name:string,url:string,method:string,duration:number,statusCode:number,requestId:string,appVersion:string}]	200	walk4
2026-07-29T22:16:19.781Z	POST	https://brand-portal-service-http.swiggy.com/api/v1/account/permissions	/im-catalog/update-requests [Jivo Mart Pvt. Ltd]	{account_id:string}	200	walk4
2026-07-29T22:16:19.797Z	POST	https://insights-collector.newrelic.com/v1/accounts/737486/events	/im-catalog/update-requests [Jivo Mart Pvt. Ltd]	[{appName:string,appVCode:string,agent:string,platform:string,user_id:string,s_id:string,account_id:string,clarity_url:string,isCanary:string,appURL:string,appHost:string,appPathName:string,userAgent:string,networkType:string,saveData:string,eventType:string,dashboardType:string,name:string,url:string,method:string,duration:number,statusCode:number,requestId:string,appVersion:string}]	200	walk4
2026-07-29T22:16:20.074Z	POST	https://insights-collector.newrelic.com/v1/accounts/737486/events	/im-catalog/update-requests [Jivo Mart Pvt. Ltd]	[{appName:string,appVCode:string,agent:string,platform:string,user_id:string,s_id:string,account_id:string,clarity_url:string,isCanary:string,appURL:string,appHost:string,appPathName:string,userAgent:string,networkType:string,saveData:string,eventType:string,dashboardType:string,name:string,url:string,method:string,duration:number,statusCode:number,requestId:string,appVersion:string}]	200	walk4
2026-07-29T22:16:20.081Z	POST	https://insights-collector.newrelic.com/v1/accounts/737486/events	/im-catalog/update-requests [Jivo Mart Pvt. Ltd]	[{appName:string,appVCode:string,agent:string,platform:string,user_id:string,s_id:string,account_id:string,clarity_url:string,isCanary:string,appURL:string,appHost:string,appPathName:string,userAgent:string,networkType:string,saveData:string,eventType:string,dashboardType:string,name:string,url:string,method:string,duration:number,statusCode:number,requestId:string,appVersion:string}]	200	walk4
2026-07-29T22:16:20.340Z	POST	https://insights-collector.newrelic.com/v1/accounts/737486/events	/im-catalog/update-requests [Jivo Mart Pvt. Ltd]	[{appName:string,appVCode:string,agent:string,platform:string,user_id:string,s_id:string,account_id:string,clarity_url:string,isCanary:string,appURL:string,appHost:string,appPathName:string,userAgent:string,networkType:string,saveData:string,eventType:string,dashboardType:string,name:string,url:string,method:string,duration:number,statusCode:number,requestId:string,appVersion:string}]	200	walk4
2026-07-29T22:16:20.377Z	POST	https://insights-collector.newrelic.com/v1/accounts/737486/events	/im-catalog/update-requests [Jivo Mart Pvt. Ltd]	[{appName:string,appVCode:string,agent:string,platform:string,user_id:string,s_id:string,account_id:string,clarity_url:string,isCanary:string,appURL:string,appHost:string,appPathName:string,userAgent:string,networkType:string,saveData:string,eventType:string,name:string,value:number}]	200	walk4
2026-07-29T22:16:24.082Z	POST	https://brand-portal-service-http.swiggy.com/api/v1/account/permissions	/im-catalog/update-requests [Jivo Mart Pvt. Ltd]	{account_id:string}	200	walk4
2026-07-29T22:16:24.406Z	POST	https://insights-collector.newrelic.com/v1/accounts/737486/events	/im-catalog/update-requests [Jivo Mart Pvt. Ltd]	[{appName:string,appVCode:string,agent:string,platform:string,user_id:string,s_id:string,account_id:string,clarity_url:string,isCanary:string,appURL:string,appHost:string,appPathName:string,userAgent:string,networkType:string,saveData:string,eventType:string,dashboardType:string,name:string,url:string,method:string,duration:number,statusCode:number,requestId:string,appVersion:string}]	200	walk4
2026-07-29T22:16:24.584Z	POST	https://insights-collector.newrelic.com/v1/accounts/737486/events	/im-catalog/update-requests [Jivo Mart Pvt. Ltd]	[{appName:string,appVCode:string,agent:string,platform:string,user_id:string,s_id:string,account_id:string,clarity_url:string,isCanary:string,appURL:string,appHost:string,appPathName:string,userAgent:string,networkType:string,saveData:string,eventType:string,dashboardType:string,name:string,remoteName:string,loadTime:number,status:string,deviceContext:string}]	200	walk4
2026-07-29T22:16:24.783Z	POST	https://insights-collector.newrelic.com/v1/accounts/737486/events	/im-catalog/update-requests [Jivo Mart Pvt. Ltd]	[{appName:string,platform:string,user_id:string,s_id:string,account_id:string,clarity_url:string,loginType:string,appVCode:string,appURL:string,appHost:string,appPathName:string,userAgent:string,networkType:string,saveData:string,eventType:string,dashboardType:string,isCanary:string,name:string,pageUrl:string,originTime:number,loadTime:number,loadMode:string,network_status:string}]	200	walk4
2026-07-29T22:16:25.293Z	POST	https://insights-collector.newrelic.com/v1/accounts/737486/events	/im-catalog/update-requests [Jivo Mart Pvt. Ltd]	[{appName:string,platform:string,user_id:string,s_id:string,account_id:string,clarity_url:string,loginType:string,appVCode:string,appURL:string,appHost:string,appPathName:string,userAgent:string,networkType:string,saveData:string,eventType:string,host:string,path:string,cached:string,redirect_time:number,dns_lookup_time:number,tcp_time:number,response_time:number,fetch_until_res_end_time:number,req_start_until_res_end_time:string}]	200	walk4
2026-07-29T22:16:25.315Z	POST	https://brand-portal-service-http.swiggy.com/api/v1/advertiser/metrics	/im-catalog/update-requests [Jivo Mart Pvt. Ltd]	{request_context:{request_id:string,client_id:string},account_id:string,advertiser_metrics_query:{metrics:[object],dimensions:[],filters:{logical_operator:string,filters:array}}}	200	walk4
2026-07-29T22:16:25.343Z	POST	https://brand-portal-service-http.swiggy.com/api/v1/advertiser/metrics/batch	/im-catalog/update-requests [Jivo Mart Pvt. Ltd]	{request_context:{request_id:string,client_id:string},account_id:string,advertiser_metrics_queries:[{query_id:string,metrics:array,dimensions:array,filters:object,sort:object}]}	200	walk4
2026-07-29T22:16:25.431Z	POST	https://brand-portal-service-http.swiggy.com/api/v1/campaigns	/im-catalog/update-requests [Jivo Mart Pvt. Ltd]	{request_context:{request_id:string,client_id:string},account_id:string,metrics:[{name:string}],filters:{logical_operator:string,filters:[object]},pagination_context:{offset:string,size:number},sort:{sort_order:string,ads_campaign_attribute:string}}	200	walk4
2026-07-29T22:16:25.709Z	POST	https://insights-collector.newrelic.com/v1/accounts/737486/events	/im-catalog/update-requests [Jivo Mart Pvt. Ltd]	[{appName:string,platform:string,user_id:string,s_id:string,account_id:string,clarity_url:string,loginType:string,appVCode:string,appURL:string,appHost:string,appPathName:string,userAgent:string,networkType:string,saveData:string,eventType:string,host:string,path:string,cached:string,redirect_time:number,dns_lookup_time:number,tcp_time:number,response_time:number,fetch_until_res_end_time:number,req_start_until_res_end_time:string}]	200	walk4
2026-07-29T22:16:25.920Z	POST	https://insights-collector.newrelic.com/v1/accounts/737486/events	/im-catalog/update-requests [Jivo Mart Pvt. Ltd]	[{appName:string,platform:string,user_id:string,s_id:string,account_id:string,clarity_url:string,loginType:string,appVCode:string,appURL:string,appHost:string,appPathName:string,userAgent:string,networkType:string,saveData:string,eventType:string,host:string,path:string,cached:string,redirect_time:number,dns_lookup_time:number,tcp_time:number,response_time:number,fetch_until_res_end_time:number,req_start_until_res_end_time:string}]	200	walk4
2026-07-29T22:16:30.535Z	POST	https://insights-collector.newrelic.com/v1/accounts/737486/events	/instamart [Jivo Wellness]	[{networkType:string,saveData:string,eventType:string,dashboardType:string,isCanary:string,name:string,pageUrl:string,originTime:number,loadTime:number,account_id:string,appURL:string,appPathName:string,deviceContext:string,user_id:string}]	200	walk4
2026-07-29T22:16:30.555Z	POST	https://insights-collector.newrelic.com/v1/accounts/737486/events	/instamart [Jivo Wellness]	[{appName:string,appVCode:string,agent:string,platform:string,user_id:string,s_id:string,account_id:string,clarity_url:string,isCanary:string,appURL:string,appHost:string,appPathName:string,userAgent:string,networkType:string,saveData:string,eventType:string,dashboardType:string,name:string,loadTime:number,app:string,deviceContext:string}]	200	walk4
2026-07-29T22:16:30.575Z	POST	https://insights-collector.newrelic.com/v1/accounts/737486/events	/instamart [Jivo Wellness]	[{appName:string,appVCode:string,agent:string,platform:string,user_id:string,s_id:string,account_id:string,clarity_url:string,isCanary:string,appURL:string,appHost:string,appPathName:string,userAgent:string,networkType:string,saveData:string,eventType:string,name:string,value:number}]	200	walk4
2026-07-29T22:16:30.655Z	POST	https://insights-collector.newrelic.com/v1/accounts/737486/events	/instamart [Jivo Wellness]	[{appName:string,appVCode:string,agent:string,platform:string,user_id:string,s_id:string,account_id:string,clarity_url:string,isCanary:string,appURL:string,appHost:string,appPathName:string,userAgent:string,networkType:string,saveData:string,eventType:string,name:string,value:number}]	200	walk4
2026-07-29T22:16:31.023Z	POST	https://brand-portal-service-http.swiggy.com/api/v1/account/permissions	/instamart [Jivo Wellness]	{}	200	walk4
2026-07-29T22:16:31.029Z	POST	https://insights-collector.newrelic.com/v1/accounts/737486/events	/instamart [Jivo Wellness]	[{appName:string,appVCode:string,agent:string,platform:string,user_id:string,s_id:string,account_id:string,clarity_url:string,isCanary:string,appURL:string,appHost:string,appPathName:string,userAgent:string,networkType:string,saveData:string,eventType:string,dashboardType:string,name:string,url:string,method:string,duration:number,statusCode:number,requestId:string,appVersion:string}]	200	walk4
2026-07-29T22:16:31.043Z	POST	https://insights-collector.newrelic.com/v1/accounts/737486/events	/instamart [Jivo Wellness]	[{appName:string,appVCode:string,agent:string,platform:string,user_id:string,s_id:string,account_id:string,clarity_url:string,isCanary:string,appURL:string,appHost:string,appPathName:string,userAgent:string,networkType:string,saveData:string,eventType:string,dashboardType:string,name:string,error_type:string,context:string,login_type:string,email:string,session_info:string,error_message:string}]	200	walk4
2026-07-29T22:16:31.298Z	POST	https://brand-portal-service-http.swiggy.com/api/v1/account/permissions	/instamart [Jivo Wellness]	{account_id:string}	200	walk4
2026-07-29T22:16:31.349Z	POST	https://insights-collector.newrelic.com/v1/accounts/737486/events	/instamart [Jivo Wellness]	[{appName:string,appVCode:string,agent:string,platform:string,user_id:string,s_id:string,account_id:string,clarity_url:string,isCanary:string,appURL:string,appHost:string,appPathName:string,userAgent:string,networkType:string,saveData:string,eventType:string,dashboardType:string,name:string,url:string,method:string,duration:number,statusCode:number,requestId:string,appVersion:string}]	200	walk4
2026-07-29T22:16:31.645Z	POST	https://insights-collector.newrelic.com/v1/accounts/737486/events	/instamart [Jivo Wellness]	[{appName:string,appVCode:string,agent:string,platform:string,user_id:string,s_id:string,account_id:string,clarity_url:string,isCanary:string,appURL:string,appHost:string,appPathName:string,userAgent:string,networkType:string,saveData:string,eventType:string,dashboardType:string,name:string,url:string,method:string,duration:number,statusCode:number,requestId:string,appVersion:string}]	200	walk4
2026-07-29T22:16:31.761Z	POST	https://insights-collector.newrelic.com/v1/accounts/737486/events	/instamart [Jivo Wellness]	[{appName:string,appVCode:string,agent:string,platform:string,user_id:string,s_id:string,account_id:string,clarity_url:string,isCanary:string,appURL:string,appHost:string,appPathName:string,userAgent:string,networkType:string,saveData:string,eventType:string,dashboardType:string,name:string,remoteName:string,loadTime:number,status:string,deviceContext:string}]	200	walk4
2026-07-29T22:16:31.970Z	POST	https://insights-collector.newrelic.com/v1/accounts/737486/events	/instamart [Jivo Wellness]	[{appName:string,appVCode:string,agent:string,platform:string,user_id:string,s_id:string,account_id:string,clarity_url:string,isCanary:string,appURL:string,appHost:string,appPathName:string,userAgent:string,networkType:string,saveData:string,eventType:string,dashboardType:string,name:string,url:string,method:string,duration:number,statusCode:number,requestId:string,appVersion:string}]	200	walk4
2026-07-29T22:16:31.995Z	POST	https://insights-collector.newrelic.com/v1/accounts/737486/events	/instamart [Jivo Wellness]	[{appName:string,platform:string,user_id:string,s_id:string,account_id:string,clarity_url:string,loginType:string,appVCode:string,appURL:string,appHost:string,appPathName:string,userAgent:string,networkType:string,saveData:string,eventType:string,dashboardType:string,isCanary:string,name:string,pageUrl:string,originTime:number,loadTime:number,loadMode:string,network_status:string}]	200	walk4
2026-07-29T22:16:32.620Z	POST	https://insights-collector.newrelic.com/v1/accounts/737486/events	/instamart [Jivo Wellness]	[{appName:string,platform:string,user_id:string,s_id:string,account_id:string,clarity_url:string,loginType:string,appVCode:string,appURL:string,appHost:string,appPathName:string,userAgent:string,networkType:string,saveData:string,eventType:string,value:number,dashboardType:string}]	200	walk4
2026-07-29T22:16:32.830Z	POST	https://insights-collector.newrelic.com/v1/accounts/737486/events	/instamart [Jivo Wellness]	[{appName:string,platform:string,user_id:string,s_id:string,account_id:string,clarity_url:string,loginType:string,appVCode:string,appURL:string,appHost:string,appPathName:string,userAgent:string,networkType:string,saveData:string,eventType:string,host:string,path:string,cached:string,redirect_time:number,dns_lookup_time:number,tcp_time:number,response_time:number,fetch_until_res_end_time:number,req_start_until_res_end_time:string}]	200	walk4
2026-07-29T22:16:33.029Z	POST	https://brand-portal-service-http.swiggy.com/api/v1/sales/metric	/instamart [Jivo Wellness]	{accountId:string,requestContext:{requestId:string,clientId:string,requestTime:string},salesMetricsQuery:{filter:{logicalOperator:string,filters:array},dimensions:[],metrics:[string],paginationContext:{offset:string,size:number},tagFilters:[]}}	200	walk4
2026-07-29T22:16:33.040Z	POST	https://brand-portal-service-http.swiggy.com/api/v1/sales/metric	/instamart [Jivo Wellness]	{accountId:string,requestContext:{requestId:string,clientId:string,requestTime:string},salesMetricsQuery:{filter:{logicalOperator:string,filters:array},dimensions:[string],metrics:[string],paginationContext:{offset:string,size:number},tagFilters:[]}}	200	walk4
2026-07-29T22:16:33.066Z	POST	https://brand-portal-service-http.swiggy.com/api/v1/sales/metric	/instamart [Jivo Wellness]	{accountId:string,requestContext:{requestId:string,clientId:string,requestTime:string},salesMetricsQuery:{filter:{logicalOperator:string,filters:array},dimensions:[string],metrics:[string],tagFilters:[]}}	200	walk4
2026-07-29T22:16:33.156Z	POST	https://insights-collector.newrelic.com/v1/accounts/737486/events	/instamart [Jivo Wellness]	[{appName:string,platform:string,user_id:string,s_id:string,account_id:string,clarity_url:string,loginType:string,appVCode:string,appURL:string,appHost:string,appPathName:string,userAgent:string,networkType:string,saveData:string,eventType:string,dashboardType:string,isCanary:string,name:string,message:string,load_time_ms:number,network_status:string}]	200	walk4
2026-07-29T22:16:34.441Z	POST	https://brand-portal-service-http.swiggy.com/api/v1/sales/metric	/instamart [Jivo Wellness]	{accountId:string,requestContext:{requestId:string,clientId:string,requestTime:string},salesMetricsQuery:{filter:{logicalOperator:string,filters:array},dimensions:[string],metrics:[string],paginationContext:{offset:string,size:number},tagFilters:[]}}	200	walk4
2026-07-29T22:16:34.448Z	POST	https://maps.googleapis.com/$rpc/google.internal.maps.mapsjs.v1.MapsJsInternalService/GetViewportInfo	/instamart [Jivo Wellness]	[[[number]]]	200	walk4
2026-07-29T22:16:34.449Z	POST	https://insights-collector.newrelic.com/v1/accounts/737486/events	/instamart [Jivo Wellness]	[{appName:string,platform:string,user_id:string,s_id:string,account_id:string,clarity_url:string,loginType:string,appVCode:string,appURL:string,appHost:string,appPathName:string,userAgent:string,networkType:string,saveData:string,eventType:string,host:string,path:string,cached:string,redirect_time:number,dns_lookup_time:number,tcp_time:number,response_time:number,fetch_until_res_end_time:number,req_start_until_res_end_time:string}]	200	walk4
2026-07-29T22:16:34.450Z	POST	https://insights-collector.newrelic.com/v1/accounts/737486/events	/instamart [Jivo Wellness]	[{appName:string,platform:string,user_id:string,s_id:string,account_id:string,clarity_url:string,loginType:string,appVCode:string,appURL:string,appHost:string,appPathName:string,userAgent:string,networkType:string,saveData:string,eventType:string,host:string,path:string,cached:string,redirect_time:number,dns_lookup_time:number,tcp_time:number,response_time:number,fetch_until_res_end_time:number,req_start_until_res_end_time:string}]	200	walk4
2026-07-29T22:16:34.450Z	POST	https://brand-portal-service-http.swiggy.com/api/v1/sales/filters	/instamart [Jivo Wellness]	{accountId:string,requestContext:{requestId:string,clientId:string,requestTime:string},filterScopes:[{dateRange:object}],brands:{paginationContext:{offset:string,size:number},searchValue:string},cities:{paginationContext:{offset:string,size:number},searchValue:string},categories:{paginationContext:{offset:string,size:number},searchValue:string},products:{paginationContext:{offset:string,size:number},searchValue:string}}	200	walk4
2026-07-29T22:16:35.092Z	POST	https://insights-collector.newrelic.com/v1/accounts/737486/events	/instamart [Jivo Wellness]	[{appName:string,platform:string,user_id:string,s_id:string,account_id:string,clarity_url:string,loginType:string,appVCode:string,appURL:string,appHost:string,appPathName:string,userAgent:string,networkType:string,saveData:string,eventType:string,host:string,path:string,cached:string,redirect_time:number,dns_lookup_time:number,tcp_time:number,response_time:number,fetch_until_res_end_time:number,req_start_until_res_end_time:string}]	200	walk4
2026-07-29T22:16:39.253Z	POST	https://insights-collector.newrelic.com/v1/accounts/737486/events	/instamart/sales [Jivo Wellness]	[{networkType:string,saveData:string,eventType:string,dashboardType:string,isCanary:string,name:string,pageUrl:string,originTime:number,loadTime:number,account_id:string,appURL:string,appPathName:string,deviceContext:string,user_id:string}]	200	walk4
2026-07-29T22:16:39.275Z	POST	https://insights-collector.newrelic.com/v1/accounts/737486/events	/instamart/sales [Jivo Wellness]	[{appName:string,appVCode:string,agent:string,platform:string,user_id:string,s_id:string,account_id:string,clarity_url:string,isCanary:string,appURL:string,appHost:string,appPathName:string,userAgent:string,networkType:string,saveData:string,eventType:string,dashboardType:string,name:string,loadTime:number,app:string,deviceContext:string}]	200	walk4
2026-07-29T22:16:39.286Z	POST	https://insights-collector.newrelic.com/v1/accounts/737486/events	/instamart/sales [Jivo Wellness]	[{appName:string,appVCode:string,agent:string,platform:string,user_id:string,s_id:string,account_id:string,clarity_url:string,isCanary:string,appURL:string,appHost:string,appPathName:string,userAgent:string,networkType:string,saveData:string,eventType:string,name:string,value:number}]	200	walk4
2026-07-29T22:16:39.377Z	POST	https://insights-collector.newrelic.com/v1/accounts/737486/events	/instamart/sales [Jivo Wellness]	[{appName:string,appVCode:string,agent:string,platform:string,user_id:string,s_id:string,account_id:string,clarity_url:string,isCanary:string,appURL:string,appHost:string,appPathName:string,userAgent:string,networkType:string,saveData:string,eventType:string,name:string,value:number}]	200	walk4
2026-07-29T22:16:39.754Z	POST	https://brand-portal-service-http.swiggy.com/api/v1/account/permissions	/instamart/sales [Jivo Wellness]	{}	200	walk4
2026-07-29T22:16:39.768Z	POST	https://insights-collector.newrelic.com/v1/accounts/737486/events	/instamart/sales [Jivo Wellness]	[{appName:string,appVCode:string,agent:string,platform:string,user_id:string,s_id:string,account_id:string,clarity_url:string,isCanary:string,appURL:string,appHost:string,appPathName:string,userAgent:string,networkType:string,saveData:string,eventType:string,dashboardType:string,name:string,url:string,method:string,duration:number,statusCode:number,requestId:string,appVersion:string}]	200	walk4
2026-07-29T22:16:39.774Z	POST	https://insights-collector.newrelic.com/v1/accounts/737486/events	/instamart/sales [Jivo Wellness]	[{appName:string,appVCode:string,agent:string,platform:string,user_id:string,s_id:string,account_id:string,clarity_url:string,isCanary:string,appURL:string,appHost:string,appPathName:string,userAgent:string,networkType:string,saveData:string,eventType:string,dashboardType:string,name:string,error_type:string,context:string,login_type:string,email:string,session_info:string,error_message:string}]	200	walk4
2026-07-29T22:16:40.034Z	POST	https://brand-portal-service-http.swiggy.com/api/v1/account/permissions	/instamart/sales [Jivo Wellness]	{account_id:string}	200	walk4
2026-07-29T22:16:40.085Z	POST	https://insights-collector.newrelic.com/v1/accounts/737486/events	/instamart/sales [Jivo Wellness]	[{appName:string,appVCode:string,agent:string,platform:string,user_id:string,s_id:string,account_id:string,clarity_url:string,isCanary:string,appURL:string,appHost:string,appPathName:string,userAgent:string,networkType:string,saveData:string,eventType:string,dashboardType:string,name:string,url:string,method:string,duration:number,statusCode:number,requestId:string,appVersion:string}]	200	walk4
2026-07-29T22:16:40.378Z	POST	https://insights-collector.newrelic.com/v1/accounts/737486/events	/instamart/sales [Jivo Wellness]	[{appName:string,appVCode:string,agent:string,platform:string,user_id:string,s_id:string,account_id:string,clarity_url:string,isCanary:string,appURL:string,appHost:string,appPathName:string,userAgent:string,networkType:string,saveData:string,eventType:string,dashboardType:string,name:string,url:string,method:string,duration:number,statusCode:number,requestId:string,appVersion:string}]	200	walk4
2026-07-29T22:16:40.395Z	POST	https://insights-collector.newrelic.com/v1/accounts/737486/events	/instamart/sales [Jivo Wellness]	[{appName:string,appVCode:string,agent:string,platform:string,user_id:string,s_id:string,account_id:string,clarity_url:string,isCanary:string,appURL:string,appHost:string,appPathName:string,userAgent:string,networkType:string,saveData:string,eventType:string,name:string,value:number}]	200	walk4
2026-07-29T22:16:40.496Z	POST	https://insights-collector.newrelic.com/v1/accounts/737486/events	/instamart/sales [Jivo Wellness]	[{appName:string,appVCode:string,agent:string,platform:string,user_id:string,s_id:string,account_id:string,clarity_url:string,isCanary:string,appURL:string,appHost:string,appPathName:string,userAgent:string,networkType:string,saveData:string,eventType:string,dashboardType:string,name:string,remoteName:string,loadTime:number,status:string,deviceContext:string}]	200	walk4
2026-07-29T22:16:40.653Z	POST	https://insights-collector.newrelic.com/v1/accounts/737486/events	/instamart/sales [Jivo Wellness]	[{appName:string,appVCode:string,agent:string,platform:string,user_id:string,s_id:string,account_id:string,clarity_url:string,isCanary:string,appURL:string,appHost:string,appPathName:string,userAgent:string,networkType:string,saveData:string,eventType:string,dashboardType:string,name:string,url:string,method:string,duration:number,statusCode:number,requestId:string,appVersion:string}]	200	walk4
2026-07-29T22:16:40.665Z	POST	https://insights-collector.newrelic.com/v1/accounts/737486/events	/instamart/sales [Jivo Wellness]	[{appName:string,platform:string,user_id:string,s_id:string,account_id:string,clarity_url:string,loginType:string,appVCode:string,appURL:string,appHost:string,appPathName:string,userAgent:string,networkType:string,saveData:string,eventType:string,dashboardType:string,isCanary:string,name:string,pageUrl:string,originTime:number,loadTime:number,loadMode:string,network_status:string}]	200	walk4
2026-07-29T22:16:40.988Z	POST	https://insights-collector.newrelic.com/v1/accounts/737486/events	/instamart/sales [Jivo Wellness]	[{appName:string,platform:string,user_id:string,s_id:string,account_id:string,clarity_url:string,loginType:string,appVCode:string,appURL:string,appHost:string,appPathName:string,userAgent:string,networkType:string,saveData:string,eventType:string,metric_name:string,value:number,dashboardType:string}]	200	walk4
2026-07-29T22:16:41.228Z	POST	https://insights-collector.newrelic.com/v1/accounts/737486/events	/instamart/sales [Jivo Wellness]	[{appName:string,platform:string,user_id:string,s_id:string,account_id:string,clarity_url:string,loginType:string,appVCode:string,appURL:string,appHost:string,appPathName:string,userAgent:string,networkType:string,saveData:string,eventType:string,host:string,path:string,cached:string,redirect_time:number,dns_lookup_time:number,tcp_time:number,response_time:number,fetch_until_res_end_time:number,req_start_until_res_end_time:string}]	200	walk4
2026-07-29T22:16:41.400Z	POST	https://brand-portal-service-http.swiggy.com/api/v1/sales/reports	/instamart/sales [Jivo Wellness]	{request_context:{request_id:string,client_id:string,request_time:string},account_id:string,user:{user_id:string,email:string,user_pool:string},pagination:{offset:string,size:number}}	200	walk4
2026-07-29T22:16:41.681Z	POST	https://insights-collector.newrelic.com/v1/accounts/737486/events	/instamart/sales [Jivo Wellness]	[{appName:string,platform:string,user_id:string,s_id:string,account_id:string,clarity_url:string,loginType:string,appVCode:string,appURL:string,appHost:string,appPathName:string,userAgent:string,networkType:string,saveData:string,eventType:string,host:string,path:string,cached:string,redirect_time:number,dns_lookup_time:number,tcp_time:number,response_time:number,fetch_until_res_end_time:number,req_start_until_res_end_time:string}]	200	walk4
2026-07-29T22:16:47.668Z	POST	https://insights-collector.newrelic.com/v1/accounts/737486/events	/instamart/sales-insights [Jivo Wellness]	[{networkType:string,saveData:string,eventType:string,dashboardType:string,isCanary:string,name:string,pageUrl:string,originTime:number,loadTime:number,account_id:string,appURL:string,appPathName:string,deviceContext:string,user_id:string}]	200	walk4
2026-07-29T22:16:47.700Z	POST	https://insights-collector.newrelic.com/v1/accounts/737486/events	/instamart/sales-insights [Jivo Wellness]	[{appName:string,appVCode:string,agent:string,platform:string,user_id:string,s_id:string,account_id:string,clarity_url:string,isCanary:string,appURL:string,appHost:string,appPathName:string,userAgent:string,networkType:string,saveData:string,eventType:string,dashboardType:string,name:string,loadTime:number,app:string,deviceContext:string}]	200	walk4
2026-07-29T22:16:47.722Z	POST	https://insights-collector.newrelic.com/v1/accounts/737486/events	/instamart/sales-insights [Jivo Wellness]	[{appName:string,appVCode:string,agent:string,platform:string,user_id:string,s_id:string,account_id:string,clarity_url:string,isCanary:string,appURL:string,appHost:string,appPathName:string,userAgent:string,networkType:string,saveData:string,eventType:string,name:string,value:number}]	200	walk4
2026-07-29T22:16:47.792Z	POST	https://insights-collector.newrelic.com/v1/accounts/737486/events	/instamart/sales-insights [Jivo Wellness]	[{appName:string,appVCode:string,agent:string,platform:string,user_id:string,s_id:string,account_id:string,clarity_url:string,isCanary:string,appURL:string,appHost:string,appPathName:string,userAgent:string,networkType:string,saveData:string,eventType:string,name:string,value:number}]	200	walk4
2026-07-29T22:16:48.179Z	POST	https://brand-portal-service-http.swiggy.com/api/v1/account/permissions	/instamart/sales-insights [Jivo Wellness]	{}	200	walk4
2026-07-29T22:16:48.189Z	POST	https://insights-collector.newrelic.com/v1/accounts/737486/events	/instamart/sales-insights [Jivo Wellness]	[{appName:string,appVCode:string,agent:string,platform:string,user_id:string,s_id:string,account_id:string,clarity_url:string,isCanary:string,appURL:string,appHost:string,appPathName:string,userAgent:string,networkType:string,saveData:string,eventType:string,dashboardType:string,name:string,url:string,method:string,duration:number,statusCode:number,requestId:string,appVersion:string}]	200	walk4
2026-07-29T22:16:48.207Z	POST	https://insights-collector.newrelic.com/v1/accounts/737486/events	/instamart/sales-insights [Jivo Wellness]	[{appName:string,appVCode:string,agent:string,platform:string,user_id:string,s_id:string,account_id:string,clarity_url:string,isCanary:string,appURL:string,appHost:string,appPathName:string,userAgent:string,networkType:string,saveData:string,eventType:string,dashboardType:string,name:string,error_type:string,context:string,login_type:string,email:string,session_info:string,error_message:string}]	200	walk4
2026-07-29T22:16:48.462Z	POST	https://insights-collector.newrelic.com/v1/accounts/737486/events	/instamart/sales-insights [Jivo Wellness]	[{appName:string,appVCode:string,agent:string,platform:string,user_id:string,s_id:string,account_id:string,clarity_url:string,isCanary:string,appURL:string,appHost:string,appPathName:string,userAgent:string,networkType:string,saveData:string,eventType:string,dashboardType:string,name:string,url:string,method:string,duration:number,statusCode:number,requestId:string,appVersion:string}]	200	walk4
2026-07-29T22:16:48.470Z	POST	https://brand-portal-service-http.swiggy.com/api/v1/account/permissions	/instamart/sales-insights [Jivo Wellness]	{account_id:string}	200	walk4
2026-07-29T22:16:48.813Z	POST	https://insights-collector.newrelic.com/v1/accounts/737486/events	/instamart/sales-insights [Jivo Wellness]	[{appName:string,appVCode:string,agent:string,platform:string,user_id:string,s_id:string,account_id:string,clarity_url:string,isCanary:string,appURL:string,appHost:string,appPathName:string,userAgent:string,networkType:string,saveData:string,eventType:string,dashboardType:string,name:string,url:string,method:string,duration:number,statusCode:number,requestId:string,appVersion:string}]	200	walk4
2026-07-29T22:16:48.969Z	POST	https://insights-collector.newrelic.com/v1/accounts/737486/events	/instamart/sales-insights [Jivo Wellness]	[{appName:string,appVCode:string,agent:string,platform:string,user_id:string,s_id:string,account_id:string,clarity_url:string,isCanary:string,appURL:string,appHost:string,appPathName:string,userAgent:string,networkType:string,saveData:string,eventType:string,name:string,value:number}]	200	walk4
2026-07-29T22:16:49.100Z	POST	https://insights-collector.newrelic.com/v1/accounts/737486/events	/instamart/sales-insights [Jivo Wellness]	[{appName:string,appVCode:string,agent:string,platform:string,user_id:string,s_id:string,account_id:string,clarity_url:string,isCanary:string,appURL:string,appHost:string,appPathName:string,userAgent:string,networkType:string,saveData:string,eventType:string,dashboardType:string,name:string,url:string,method:string,duration:number,statusCode:number,requestId:string,appVersion:string}]	200	walk4
2026-07-29T22:16:49.159Z	POST	https://insights-collector.newrelic.com/v1/accounts/737486/events	/instamart/sales-insights [Jivo Wellness]	[{appName:string,platform:string,user_id:string,s_id:string,account_id:string,clarity_url:string,loginType:string,appVCode:string,appURL:string,appHost:string,appPathName:string,userAgent:string,networkType:string,saveData:string,eventType:string,dashboardType:string,isCanary:string,name:string,pageUrl:string,originTime:number,loadTime:number,loadMode:string,network_status:string}]	200	walk4
2026-07-29T22:16:49.451Z	POST	https://insights-collector.newrelic.com/v1/accounts/737486/events	/instamart/sales-insights [Jivo Wellness]	[{appName:string,platform:string,user_id:string,s_id:string,account_id:string,clarity_url:string,loginType:string,appVCode:string,appURL:string,appHost:string,appPathName:string,userAgent:string,networkType:string,saveData:string,eventType:string,value:number,dashboardType:string}]	200	walk4
2026-07-29T22:16:49.630Z	POST	https://insights-collector.newrelic.com/v1/accounts/737486/events	/instamart/sales-insights [Jivo Wellness]	[{appName:string,platform:string,user_id:string,s_id:string,account_id:string,clarity_url:string,loginType:string,appVCode:string,appURL:string,appHost:string,appPathName:string,userAgent:string,networkType:string,saveData:string,eventType:string,dashboardType:string,isCanary:string,name:string,message:string,load_time_ms:number,network_status:string}]	200	walk4
2026-07-29T22:16:49.676Z	POST	https://insights-collector.newrelic.com/v1/accounts/737486/events	/instamart/sales-insights [Jivo Wellness]	[{appName:string,platform:string,user_id:string,s_id:string,account_id:string,clarity_url:string,loginType:string,appVCode:string,appURL:string,appHost:string,appPathName:string,userAgent:string,networkType:string,saveData:string,eventType:string,host:string,path:string,cached:string,redirect_time:number,dns_lookup_time:number,tcp_time:number,response_time:number,fetch_until_res_end_time:number,req_start_until_res_end_time:string}]	200	walk4
2026-07-29T22:16:49.795Z	POST	https://brand-portal-service-http.swiggy.com/api/v1/sales/filters	/instamart/sales-insights [Jivo Wellness]	{accountId:string,requestContext:{requestId:string,clientId:string,requestTime:string},filterScopes:[{dateRange:object}],brands:{paginationContext:{offset:string,size:number},searchValue:string},cities:{paginationContext:{offset:string,size:number},searchValue:string},categories:{paginationContext:{offset:string,size:number},searchValue:string},products:{paginationContext:{offset:string,size:number},searchValue:string}}	200	walk4
2026-07-29T22:16:49.857Z	POST	https://maps.googleapis.com/$rpc/google.internal.maps.mapsjs.v1.MapsJsInternalService/GetViewportInfo	/instamart/sales-insights [Jivo Wellness]	[[[number]]]	200	walk4
2026-07-29T22:16:49.906Z	POST	https://brand-portal-service-http.swiggy.com/api/v1/sales/metric	/instamart/sales-insights [Jivo Wellness]	{accountId:string,requestContext:{requestId:string,clientId:string,requestTime:string},salesMetricsQuery:{filter:{logicalOperator:string,filters:array},dimensions:[],metrics:[string],paginationContext:{offset:string,size:number},tagFilters:[]}}	200	walk4
2026-07-29T22:16:49.938Z	POST	https://brand-portal-service-http.swiggy.com/api/v1/sales/metric	/instamart/sales-insights [Jivo Wellness]	{accountId:string,requestContext:{requestId:string,clientId:string,requestTime:string},salesMetricsQuery:{filter:{logicalOperator:string,filters:array},dimensions:[string],metrics:[string],paginationContext:{offset:string,size:number},tagFilters:[]}}	200	walk4
2026-07-29T22:16:50.015Z	POST	https://brand-portal-service-http.swiggy.com/api/v1/sales/metric	/instamart/sales-insights [Jivo Wellness]	{accountId:string,requestContext:{requestId:string,clientId:string,requestTime:string},salesMetricsQuery:{filter:{logicalOperator:string,filters:array},dimensions:[string],metrics:[string],tagFilters:[]}}	200	walk4
2026-07-29T22:16:50.018Z	POST	https://brand-portal-service-http.swiggy.com/api/v1/sales/metric	/instamart/sales-insights [Jivo Wellness]	{accountId:string,requestContext:{requestId:string,clientId:string,requestTime:string},salesMetricsQuery:{filter:{logicalOperator:string,filters:array},dimensions:[string],metrics:[string],paginationContext:{offset:string,size:number},tagFilters:[]}}	200	walk4
2026-07-29T22:16:50.214Z	POST	https://insights-collector.newrelic.com/v1/accounts/737486/events	/instamart/sales-insights [Jivo Wellness]	[{appName:string,platform:string,user_id:string,s_id:string,account_id:string,clarity_url:string,loginType:string,appVCode:string,appURL:string,appHost:string,appPathName:string,userAgent:string,networkType:string,saveData:string,eventType:string,host:string,path:string,cached:string,redirect_time:number,dns_lookup_time:number,tcp_time:number,response_time:number,fetch_until_res_end_time:number,req_start_until_res_end_time:string}]	200	walk4
2026-07-29T22:16:51.816Z	POST	https://insights-collector.newrelic.com/v1/accounts/737486/events	/instamart/sales-insights [Jivo Wellness]	[{appName:string,platform:string,user_id:string,s_id:string,account_id:string,clarity_url:string,loginType:string,appVCode:string,appURL:string,appHost:string,appPathName:string,userAgent:string,networkType:string,saveData:string,eventType:string,host:string,path:string,cached:string,redirect_time:number,dns_lookup_time:number,tcp_time:number,response_time:number,fetch_until_res_end_time:number,req_start_until_res_end_time:string}]	200	walk4
2026-07-29T22:17:16.615Z	POST	https://insights-collector.newrelic.com/v1/accounts/737486/events	/instamart/reports [Jivo Wellness]	[{networkType:string,saveData:string,eventType:string,dashboardType:string,isCanary:string,name:string,pageUrl:string,originTime:number,loadTime:number,account_id:string,appURL:string,appPathName:string,deviceContext:string,user_id:string}]	200	walk4
2026-07-29T22:17:16.660Z	POST	https://insights-collector.newrelic.com/v1/accounts/737486/events	/instamart/reports [Jivo Wellness]	[{appName:string,appVCode:string,agent:string,platform:string,user_id:string,s_id:string,account_id:string,clarity_url:string,isCanary:string,appURL:string,appHost:string,appPathName:string,userAgent:string,networkType:string,saveData:string,eventType:string,dashboardType:string,name:string,loadTime:number,app:string,deviceContext:string}]	200	walk4
2026-07-29T22:17:16.761Z	POST	https://insights-collector.newrelic.com/v1/accounts/737486/events	/instamart/reports [Jivo Wellness]	[{appName:string,appVCode:string,agent:string,platform:string,user_id:string,s_id:string,account_id:string,clarity_url:string,isCanary:string,appURL:string,appHost:string,appPathName:string,userAgent:string,networkType:string,saveData:string,eventType:string,name:string,value:number}]	200	walk4
2026-07-29T22:17:17.121Z	POST	https://insights-collector.newrelic.com/v1/accounts/737486/events	/instamart/reports [Jivo Wellness]	[{appName:string,appVCode:string,agent:string,platform:string,user_id:string,s_id:string,account_id:string,clarity_url:string,isCanary:string,appURL:string,appHost:string,appPathName:string,userAgent:string,networkType:string,saveData:string,eventType:string,dashboardType:string,name:string,url:string,method:string,duration:number,statusCode:number,requestId:string,appVersion:string}]	200	walk4
2026-07-29T22:17:17.124Z	POST	https://brand-portal-service-http.swiggy.com/api/v1/account/permissions	/instamart/reports [Jivo Wellness]	{}	200	walk4
2026-07-29T22:17:17.141Z	POST	https://insights-collector.newrelic.com/v1/accounts/737486/events	/instamart/reports [Jivo Wellness]	[{appName:string,appVCode:string,agent:string,platform:string,user_id:string,s_id:string,account_id:string,clarity_url:string,isCanary:string,appURL:string,appHost:string,appPathName:string,userAgent:string,networkType:string,saveData:string,eventType:string,dashboardType:string,name:string,error_type:string,context:string,login_type:string,email:string,session_info:string,error_message:string}]	200	walk4
2026-07-29T22:17:17.403Z	POST	https://brand-portal-service-http.swiggy.com/api/v1/account/permissions	/instamart/reports [Jivo Wellness]	{account_id:string}	200	walk4
2026-07-29T22:17:17.456Z	POST	https://insights-collector.newrelic.com/v1/accounts/737486/events	/instamart/reports [Jivo Wellness]	[{appName:string,appVCode:string,agent:string,platform:string,user_id:string,s_id:string,account_id:string,clarity_url:string,isCanary:string,appURL:string,appHost:string,appPathName:string,userAgent:string,networkType:string,saveData:string,eventType:string,dashboardType:string,name:string,url:string,method:string,duration:number,statusCode:number,requestId:string,appVersion:string}]	200	walk4
2026-07-29T22:17:17.736Z	POST	https://insights-collector.newrelic.com/v1/accounts/737486/events	/instamart/reports [Jivo Wellness]	[{appName:string,appVCode:string,agent:string,platform:string,user_id:string,s_id:string,account_id:string,clarity_url:string,isCanary:string,appURL:string,appHost:string,appPathName:string,userAgent:string,networkType:string,saveData:string,eventType:string,dashboardType:string,name:string,url:string,method:string,duration:number,statusCode:number,requestId:string,appVersion:string}]	200	walk4
2026-07-29T22:17:17.762Z	POST	https://insights-collector.newrelic.com/v1/accounts/737486/events	/instamart/reports [Jivo Wellness]	[{appName:string,appVCode:string,agent:string,platform:string,user_id:string,s_id:string,account_id:string,clarity_url:string,isCanary:string,appURL:string,appHost:string,appPathName:string,userAgent:string,networkType:string,saveData:string,eventType:string,name:string,value:number}]	200	walk4
2026-07-29T22:17:17.853Z	POST	https://insights-collector.newrelic.com/v1/accounts/737486/events	/instamart/reports [Jivo Wellness]	[{appName:string,appVCode:string,agent:string,platform:string,user_id:string,s_id:string,account_id:string,clarity_url:string,isCanary:string,appURL:string,appHost:string,appPathName:string,userAgent:string,networkType:string,saveData:string,eventType:string,dashboardType:string,name:string,remoteName:string,loadTime:number,status:string,deviceContext:string}]	200	walk4
2026-07-29T22:17:18.027Z	POST	https://insights-collector.newrelic.com/v1/accounts/737486/events	/instamart/reports [Jivo Wellness]	[{appName:string,platform:string,user_id:string,s_id:string,account_id:string,clarity_url:string,loginType:string,appVCode:string,appURL:string,appHost:string,appPathName:string,userAgent:string,networkType:string,saveData:string,eventType:string,dashboardType:string,isCanary:string,name:string,pageUrl:string,originTime:number,loadTime:number,loadMode:string,network_status:string}]	200	walk4
2026-07-29T22:17:18.096Z	POST	https://insights-collector.newrelic.com/v1/accounts/737486/events	/instamart/reports [Jivo Wellness]	[{appName:string,appVCode:string,agent:string,platform:string,user_id:string,s_id:string,account_id:string,clarity_url:string,isCanary:string,appURL:string,appHost:string,appPathName:string,userAgent:string,networkType:string,saveData:string,eventType:string,dashboardType:string,name:string,url:string,method:string,duration:number,statusCode:number,requestId:string,appVersion:string}]	200	walk4
2026-07-29T22:17:18.343Z	POST	https://insights-collector.newrelic.com/v1/accounts/737486/events	/instamart/reports [Jivo Wellness]	[{appName:string,platform:string,user_id:string,s_id:string,account_id:string,clarity_url:string,loginType:string,appVCode:string,appURL:string,appHost:string,appPathName:string,userAgent:string,networkType:string,saveData:string,eventType:string,metric_name:string,value:number,dashboardType:string}]	200	walk4
2026-07-29T22:17:18.578Z	POST	https://insights-collector.newrelic.com/v1/accounts/737486/events	/instamart/reports [Jivo Wellness]	[{appName:string,platform:string,user_id:string,s_id:string,account_id:string,clarity_url:string,loginType:string,appVCode:string,appURL:string,appHost:string,appPathName:string,userAgent:string,networkType:string,saveData:string,eventType:string,host:string,path:string,cached:string,redirect_time:number,dns_lookup_time:number,tcp_time:number,response_time:number,fetch_until_res_end_time:number,req_start_until_res_end_time:string}]	200	walk4
2026-07-29T22:17:18.882Z	POST	https://brand-portal-service-http.swiggy.com/api/v1/advertiser/metrics/report/list	/instamart/reports [Jivo Wellness]	{request_context:{request_id:string,request_time:string,client_id:string},pagination:{offset:string,size:number},account_id:string,user:{user_id:string,email:string}}	200	walk4
2026-07-29T22:17:19.192Z	POST	https://insights-collector.newrelic.com/v1/accounts/737486/events	/instamart/reports [Jivo Wellness]	[{appName:string,platform:string,user_id:string,s_id:string,account_id:string,clarity_url:string,loginType:string,appVCode:string,appURL:string,appHost:string,appPathName:string,userAgent:string,networkType:string,saveData:string,eventType:string,host:string,path:string,cached:string,redirect_time:number,dns_lookup_time:number,tcp_time:number,response_time:number,fetch_until_res_end_time:number,req_start_until_res_end_time:string}]	200	walk4
2026-07-29T22:17:30.122Z	POST	https://insights-collector.newrelic.com/v1/accounts/737486/events	/instamart/bdpo [Jivo Wellness]	[{appName:string,appVCode:string,agent:string,platform:string,user_id:string,s_id:string,account_id:string,clarity_url:string,isCanary:string,appURL:string,appHost:string,appPathName:string,userAgent:string,networkType:string,saveData:string,eventType:string,dashboardType:string,name:string,loadTime:number,app:string,deviceContext:string}]	200	walk4
2026-07-29T22:17:30.123Z	POST	https://insights-collector.newrelic.com/v1/accounts/737486/events	/instamart/bdpo [Jivo Wellness]	[{networkType:string,saveData:string,eventType:string,dashboardType:string,isCanary:string,name:string,pageUrl:string,originTime:number,loadTime:number,account_id:string,appURL:string,appPathName:string,deviceContext:string,user_id:string}]	200	walk4
2026-07-29T22:17:30.150Z	POST	https://insights-collector.newrelic.com/v1/accounts/737486/events	/instamart/bdpo [Jivo Wellness]	[{appName:string,appVCode:string,agent:string,platform:string,user_id:string,s_id:string,account_id:string,clarity_url:string,isCanary:string,appURL:string,appHost:string,appPathName:string,userAgent:string,networkType:string,saveData:string,eventType:string,name:string,value:number}]	200	walk4
2026-07-29T22:17:30.242Z	POST	https://insights-collector.newrelic.com/v1/accounts/737486/events	/instamart/bdpo [Jivo Wellness]	[{appName:string,appVCode:string,agent:string,platform:string,user_id:string,s_id:string,account_id:string,clarity_url:string,isCanary:string,appURL:string,appHost:string,appPathName:string,userAgent:string,networkType:string,saveData:string,eventType:string,name:string,value:number}]	200	walk4
2026-07-29T22:17:30.599Z	POST	https://brand-portal-service-http.swiggy.com/api/v1/account/permissions	/instamart/bdpo [Jivo Wellness]	{}	200	walk4
2026-07-29T22:17:30.615Z	POST	https://insights-collector.newrelic.com/v1/accounts/737486/events	/instamart/bdpo [Jivo Wellness]	[{appName:string,appVCode:string,agent:string,platform:string,user_id:string,s_id:string,account_id:string,clarity_url:string,isCanary:string,appURL:string,appHost:string,appPathName:string,userAgent:string,networkType:string,saveData:string,eventType:string,dashboardType:string,name:string,url:string,method:string,duration:number,statusCode:number,requestId:string,appVersion:string}]	200	walk4
2026-07-29T22:17:30.632Z	POST	https://insights-collector.newrelic.com/v1/accounts/737486/events	/instamart/bdpo [Jivo Wellness]	[{appName:string,appVCode:string,agent:string,platform:string,user_id:string,s_id:string,account_id:string,clarity_url:string,isCanary:string,appURL:string,appHost:string,appPathName:string,userAgent:string,networkType:string,saveData:string,eventType:string,dashboardType:string,name:string,error_type:string,context:string,login_type:string,email:string,session_info:string,error_message:string}]	200	walk4
2026-07-29T22:17:30.865Z	POST	https://brand-portal-service-http.swiggy.com/api/v1/account/permissions	/instamart/bdpo [Jivo Wellness]	{account_id:string}	200	walk4
2026-07-29T22:17:30.912Z	POST	https://insights-collector.newrelic.com/v1/accounts/737486/events	/instamart/bdpo [Jivo Wellness]	[{appName:string,appVCode:string,agent:string,platform:string,user_id:string,s_id:string,account_id:string,clarity_url:string,isCanary:string,appURL:string,appHost:string,appPathName:string,userAgent:string,networkType:string,saveData:string,eventType:string,dashboardType:string,name:string,url:string,method:string,duration:number,statusCode:number,requestId:string,appVersion:string}]	200	walk4
2026-07-29T22:17:31.217Z	POST	https://insights-collector.newrelic.com/v1/accounts/737486/events	/instamart/bdpo [Jivo Wellness]	[{appName:string,appVCode:string,agent:string,platform:string,user_id:string,s_id:string,account_id:string,clarity_url:string,isCanary:string,appURL:string,appHost:string,appPathName:string,userAgent:string,networkType:string,saveData:string,eventType:string,dashboardType:string,name:string,url:string,method:string,duration:number,statusCode:number,requestId:string,appVersion:string}]	200	walk4
2026-07-29T22:17:31.310Z	POST	https://insights-collector.newrelic.com/v1/accounts/737486/events	/instamart/bdpo [Jivo Wellness]	[{appName:string,appVCode:string,agent:string,platform:string,user_id:string,s_id:string,account_id:string,clarity_url:string,isCanary:string,appURL:string,appHost:string,appPathName:string,userAgent:string,networkType:string,saveData:string,eventType:string,name:string,value:number}]	200	walk4
2026-07-29T22:17:31.496Z	POST	https://insights-collector.newrelic.com/v1/accounts/737486/events	/instamart/bdpo [Jivo Wellness]	[{appName:string,appVCode:string,agent:string,platform:string,user_id:string,s_id:string,account_id:string,clarity_url:string,isCanary:string,appURL:string,appHost:string,appPathName:string,userAgent:string,networkType:string,saveData:string,eventType:string,dashboardType:string,name:string,url:string,method:string,duration:number,statusCode:number,requestId:string,appVersion:string}]	200	walk4
2026-07-29T22:17:31.559Z	POST	https://insights-collector.newrelic.com/v1/accounts/737486/events	/instamart/bdpo [Jivo Wellness]	[{appName:string,platform:string,user_id:string,s_id:string,account_id:string,clarity_url:string,loginType:string,appVCode:string,appURL:string,appHost:string,appPathName:string,userAgent:string,networkType:string,saveData:string,eventType:string,dashboardType:string,isCanary:string,name:string,pageUrl:string,originTime:number,loadTime:number,loadMode:string,network_status:string}]	200	walk4
2026-07-29T22:17:31.818Z	POST	https://insights-collector.newrelic.com/v1/accounts/737486/events	/instamart/bdpo [Jivo Wellness]	[{appName:string,platform:string,user_id:string,s_id:string,account_id:string,clarity_url:string,loginType:string,appVCode:string,appURL:string,appHost:string,appPathName:string,userAgent:string,networkType:string,saveData:string,eventType:string,metric_name:string,value:number,dashboardType:string}]	200	walk4
2026-07-29T22:17:32.050Z	POST	https://insights-collector.newrelic.com/v1/accounts/737486/events	/instamart/bdpo [Jivo Wellness]	[{appName:string,platform:string,user_id:string,s_id:string,account_id:string,clarity_url:string,loginType:string,appVCode:string,appURL:string,appHost:string,appPathName:string,userAgent:string,networkType:string,saveData:string,eventType:string,host:string,path:string,cached:string,redirect_time:number,dns_lookup_time:number,tcp_time:number,response_time:number,fetch_until_res_end_time:number,req_start_until_res_end_time:string}]	200	walk4
2026-07-29T22:17:32.098Z	POST	https://brand-portal-service-http.swiggy.com/api/v1/discount/reports	/instamart/bdpo [Jivo Wellness]	{request_context:{request_id:string,client_id:string,request_time:string},account_id:string,user:{user_id:string,email:string,user_pool:string},pagination:{offset:string,size:number}}	200	walk4
2026-07-29T22:17:32.383Z	POST	https://insights-collector.newrelic.com/v1/accounts/737486/events	/instamart/bdpo [Jivo Wellness]	[{appName:string,platform:string,user_id:string,s_id:string,account_id:string,clarity_url:string,loginType:string,appVCode:string,appURL:string,appHost:string,appPathName:string,userAgent:string,networkType:string,saveData:string,eventType:string,host:string,path:string,cached:string,redirect_time:number,dns_lookup_time:number,tcp_time:number,response_time:number,fetch_until_res_end_time:number,req_start_until_res_end_time:string}]	200	walk4
2026-07-29T22:17:38.573Z	POST	https://insights-collector.newrelic.com/v1/accounts/737486/events	/instamart/campaign/list [Jivo Wellness]	[{networkType:string,saveData:string,eventType:string,dashboardType:string,isCanary:string,name:string,pageUrl:string,originTime:number,loadTime:number,account_id:string,appURL:string,appPathName:string,deviceContext:string,user_id:string}]	200	walk4
2026-07-29T22:17:38.604Z	POST	https://insights-collector.newrelic.com/v1/accounts/737486/events	/instamart/campaign/list [Jivo Wellness]	[{appName:string,appVCode:string,agent:string,platform:string,user_id:string,s_id:string,account_id:string,clarity_url:string,isCanary:string,appURL:string,appHost:string,appPathName:string,userAgent:string,networkType:string,saveData:string,eventType:string,dashboardType:string,name:string,loadTime:number,app:string,deviceContext:string}]	200	walk4
2026-07-29T22:17:38.706Z	POST	https://insights-collector.newrelic.com/v1/accounts/737486/events	/instamart/campaign/list [Jivo Wellness]	[{appName:string,appVCode:string,agent:string,platform:string,user_id:string,s_id:string,account_id:string,clarity_url:string,isCanary:string,appURL:string,appHost:string,appPathName:string,userAgent:string,networkType:string,saveData:string,eventType:string,name:string,value:number}]	200	walk4
2026-07-29T22:17:39.060Z	POST	https://brand-portal-service-http.swiggy.com/api/v1/account/permissions	/instamart/campaign/list [Jivo Wellness]	{}	200	walk4
2026-07-29T22:17:39.068Z	POST	https://insights-collector.newrelic.com/v1/accounts/737486/events	/instamart/campaign/list [Jivo Wellness]	[{appName:string,appVCode:string,agent:string,platform:string,user_id:string,s_id:string,account_id:string,clarity_url:string,isCanary:string,appURL:string,appHost:string,appPathName:string,userAgent:string,networkType:string,saveData:string,eventType:string,dashboardType:string,name:string,url:string,method:string,duration:number,statusCode:number,requestId:string,appVersion:string}]	200	walk4
2026-07-29T22:17:39.082Z	POST	https://insights-collector.newrelic.com/v1/accounts/737486/events	/instamart/campaign/list [Jivo Wellness]	[{appName:string,appVCode:string,agent:string,platform:string,user_id:string,s_id:string,account_id:string,clarity_url:string,isCanary:string,appURL:string,appHost:string,appPathName:string,userAgent:string,networkType:string,saveData:string,eventType:string,dashboardType:string,name:string,error_type:string,context:string,login_type:string,email:string,session_info:string,error_message:string}]	200	walk4
2026-07-29T22:17:39.337Z	POST	https://brand-portal-service-http.swiggy.com/api/v1/account/permissions	/instamart/campaign/list [Jivo Wellness]	{account_id:string}	200	walk4
2026-07-29T22:17:39.339Z	POST	https://insights-collector.newrelic.com/v1/accounts/737486/events	/instamart/campaign/list [Jivo Wellness]	[{appName:string,appVCode:string,agent:string,platform:string,user_id:string,s_id:string,account_id:string,clarity_url:string,isCanary:string,appURL:string,appHost:string,appPathName:string,userAgent:string,networkType:string,saveData:string,eventType:string,dashboardType:string,name:string,url:string,method:string,duration:number,statusCode:number,requestId:string,appVersion:string}]	200	walk4
2026-07-29T22:17:39.633Z	POST	https://insights-collector.newrelic.com/v1/accounts/737486/events	/instamart/campaign/list [Jivo Wellness]	[{appName:string,appVCode:string,agent:string,platform:string,user_id:string,s_id:string,account_id:string,clarity_url:string,isCanary:string,appURL:string,appHost:string,appPathName:string,userAgent:string,networkType:string,saveData:string,eventType:string,dashboardType:string,name:string,url:string,method:string,duration:number,statusCode:number,requestId:string,appVersion:string}]	200	walk4
2026-07-29T22:17:39.713Z	POST	https://insights-collector.newrelic.com/v1/accounts/737486/events	/instamart/campaign/list [Jivo Wellness]	[{appName:string,appVCode:string,agent:string,platform:string,user_id:string,s_id:string,account_id:string,clarity_url:string,isCanary:string,appURL:string,appHost:string,appPathName:string,userAgent:string,networkType:string,saveData:string,eventType:string,dashboardType:string,name:string,remoteName:string,loadTime:number,status:string,deviceContext:string}]	200	walk4
2026-07-29T22:17:39.964Z	POST	https://insights-collector.newrelic.com/v1/accounts/737486/events	/instamart/campaign/list [Jivo Wellness]	[{appName:string,appVCode:string,agent:string,platform:string,user_id:string,s_id:string,account_id:string,clarity_url:string,isCanary:string,appURL:string,appHost:string,appPathName:string,userAgent:string,networkType:string,saveData:string,eventType:string,dashboardType:string,name:string,url:string,method:string,duration:number,statusCode:number,requestId:string,appVersion:string}]	200	walk4
2026-07-29T22:17:40.050Z	POST	https://insights-collector.newrelic.com/v1/accounts/737486/events	/instamart/campaign/list [Jivo Wellness]	[{appName:string,platform:string,user_id:string,s_id:string,account_id:string,clarity_url:string,loginType:string,appVCode:string,appURL:string,appHost:string,appPathName:string,userAgent:string,networkType:string,saveData:string,eventType:string,dashboardType:string,isCanary:string,name:string,pageUrl:string,originTime:number,loadTime:number,loadMode:string,network_status:string}]	200	walk4
2026-07-29T22:17:40.057Z	POST	https://insights-collector.newrelic.com/v1/accounts/737486/events	/instamart/campaign/list [Jivo Wellness]	[{appName:string,appVCode:string,agent:string,platform:string,user_id:string,s_id:string,account_id:string,clarity_url:string,isCanary:string,appURL:string,appHost:string,appPathName:string,userAgent:string,networkType:string,saveData:string,eventType:string,name:string,value:number}]	200	walk4
2026-07-29T22:17:40.087Z	POST	https://insights-collector.newrelic.com/v1/accounts/737486/events	/instamart/campaign/list [Jivo Wellness]	[{appName:string,platform:string,user_id:string,s_id:string,account_id:string,clarity_url:string,loginType:string,appVCode:string,appURL:string,appHost:string,appPathName:string,userAgent:string,networkType:string,saveData:string,eventType:string,name:string,value:number}]	200	walk4
2026-07-29T22:17:40.551Z	POST	https://insights-collector.newrelic.com/v1/accounts/737486/events	/instamart/campaign/list [Jivo Wellness]	[{appName:string,platform:string,user_id:string,s_id:string,account_id:string,clarity_url:string,loginType:string,appVCode:string,appURL:string,appHost:string,appPathName:string,userAgent:string,networkType:string,saveData:string,eventType:string,host:string,path:string,cached:string,redirect_time:number,dns_lookup_time:number,tcp_time:number,response_time:number,fetch_until_res_end_time:number,req_start_until_res_end_time:string}]	200	walk4
2026-07-29T22:17:40.593Z	POST	https://brand-portal-service-http.swiggy.com/api/v1/advertiser/metrics	/instamart/campaign/list [Jivo Wellness]	{request_context:{request_id:string,client_id:string},account_id:string,advertiser_metrics_query:{metrics:[object],dimensions:[],filters:{logical_operator:string,filters:array}}}	200	walk4
2026-07-29T22:17:40.621Z	POST	https://brand-portal-service-http.swiggy.com/api/v1/advertiser/metrics/batch	/instamart/campaign/list [Jivo Wellness]	{request_context:{request_id:string,client_id:string},account_id:string,advertiser_metrics_queries:[{query_id:string,metrics:array,dimensions:array,filters:object,sort:object}]}	200	walk4
2026-07-29T22:17:40.700Z	POST	https://brand-portal-service-http.swiggy.com/api/v1/campaigns	/instamart/campaign/list [Jivo Wellness]	{request_context:{request_id:string,client_id:string},account_id:string,metrics:[{name:string}],filters:{logical_operator:string,filters:[object]},pagination_context:{offset:string,size:number},sort:{sort_order:string,ads_campaign_attribute:string}}	200	walk4
2026-07-29T22:17:41.074Z	POST	https://insights-collector.newrelic.com/v1/accounts/737486/events	/instamart/campaign/list [Jivo Wellness]	[{appName:string,platform:string,user_id:string,s_id:string,account_id:string,clarity_url:string,loginType:string,appVCode:string,appURL:string,appHost:string,appPathName:string,userAgent:string,networkType:string,saveData:string,eventType:string,host:string,path:string,cached:string,redirect_time:number,dns_lookup_time:number,tcp_time:number,response_time:number,fetch_until_res_end_time:number,req_start_until_res_end_time:string}]	200	walk4
2026-07-29T22:17:47.107Z	POST	https://insights-collector.newrelic.com/v1/accounts/737486/events	/instamart/ads [Jivo Wellness]	[{networkType:string,saveData:string,eventType:string,dashboardType:string,isCanary:string,name:string,pageUrl:string,originTime:number,loadTime:number,account_id:string,appURL:string,appPathName:string,deviceContext:string,user_id:string}]	200	walk4
2026-07-29T22:17:47.149Z	POST	https://insights-collector.newrelic.com/v1/accounts/737486/events	/instamart/ads [Jivo Wellness]	[{appName:string,appVCode:string,agent:string,platform:string,user_id:string,s_id:string,account_id:string,clarity_url:string,isCanary:string,appURL:string,appHost:string,appPathName:string,userAgent:string,networkType:string,saveData:string,eventType:string,dashboardType:string,name:string,loadTime:number,app:string,deviceContext:string}]	200	walk4
2026-07-29T22:17:47.153Z	POST	https://insights-collector.newrelic.com/v1/accounts/737486/events	/instamart/ads [Jivo Wellness]	[{appName:string,appVCode:string,agent:string,platform:string,user_id:string,s_id:string,account_id:string,clarity_url:string,isCanary:string,appURL:string,appHost:string,appPathName:string,userAgent:string,networkType:string,saveData:string,eventType:string,name:string,value:number}]	200	walk4
2026-07-29T22:17:47.262Z	POST	https://insights-collector.newrelic.com/v1/accounts/737486/events	/instamart/ads [Jivo Wellness]	[{appName:string,appVCode:string,agent:string,platform:string,user_id:string,s_id:string,account_id:string,clarity_url:string,isCanary:string,appURL:string,appHost:string,appPathName:string,userAgent:string,networkType:string,saveData:string,eventType:string,name:string,value:number}]	200	walk4
2026-07-29T22:17:47.622Z	POST	https://brand-portal-service-http.swiggy.com/api/v1/account/permissions	/instamart/ads [Jivo Wellness]	{}	200	walk4
2026-07-29T22:17:47.628Z	POST	https://insights-collector.newrelic.com/v1/accounts/737486/events	/instamart/ads [Jivo Wellness]	[{appName:string,appVCode:string,agent:string,platform:string,user_id:string,s_id:string,account_id:string,clarity_url:string,isCanary:string,appURL:string,appHost:string,appPathName:string,userAgent:string,networkType:string,saveData:string,eventType:string,dashboardType:string,name:string,url:string,method:string,duration:number,statusCode:number,requestId:string,appVersion:string}]	200	walk4
2026-07-29T22:17:47.646Z	POST	https://insights-collector.newrelic.com/v1/accounts/737486/events	/instamart/ads [Jivo Wellness]	[{appName:string,appVCode:string,agent:string,platform:string,user_id:string,s_id:string,account_id:string,clarity_url:string,isCanary:string,appURL:string,appHost:string,appPathName:string,userAgent:string,networkType:string,saveData:string,eventType:string,dashboardType:string,name:string,error_type:string,context:string,login_type:string,email:string,session_info:string,error_message:string}]	200	walk4
2026-07-29T22:17:47.892Z	POST	https://brand-portal-service-http.swiggy.com/api/v1/account/permissions	/instamart/ads [Jivo Wellness]	{account_id:string}	200	walk4
2026-07-29T22:17:47.944Z	POST	https://insights-collector.newrelic.com/v1/accounts/737486/events	/instamart/ads [Jivo Wellness]	[{appName:string,appVCode:string,agent:string,platform:string,user_id:string,s_id:string,account_id:string,clarity_url:string,isCanary:string,appURL:string,appHost:string,appPathName:string,userAgent:string,networkType:string,saveData:string,eventType:string,dashboardType:string,name:string,url:string,method:string,duration:number,statusCode:number,requestId:string,appVersion:string}]	200	walk4
2026-07-29T22:17:48.341Z	POST	https://insights-collector.newrelic.com/v1/accounts/737486/events	/instamart/ads [Jivo Wellness]	[{appName:string,appVCode:string,agent:string,platform:string,user_id:string,s_id:string,account_id:string,clarity_url:string,isCanary:string,appURL:string,appHost:string,appPathName:string,userAgent:string,networkType:string,saveData:string,eventType:string,dashboardType:string,name:string,url:string,method:string,duration:number,statusCode:number,requestId:string,appVersion:string}]	200	walk4
2026-07-29T22:17:48.410Z	POST	https://insights-collector.newrelic.com/v1/accounts/737486/events	/instamart/ads [Jivo Wellness]	[{appName:string,appVCode:string,agent:string,platform:string,user_id:string,s_id:string,account_id:string,clarity_url:string,isCanary:string,appURL:string,appHost:string,appPathName:string,userAgent:string,networkType:string,saveData:string,eventType:string,dashboardType:string,name:string,remoteName:string,loadTime:number,status:string,deviceContext:string}]	200	walk4
2026-07-29T22:17:48.514Z	POST	https://insights-collector.newrelic.com/v1/accounts/737486/events	/instamart/ads [Jivo Wellness]	[{appName:string,appVCode:string,agent:string,platform:string,user_id:string,s_id:string,account_id:string,clarity_url:string,isCanary:string,appURL:string,appHost:string,appPathName:string,userAgent:string,networkType:string,saveData:string,eventType:string,dashboardType:string,name:string,url:string,method:string,duration:number,statusCode:number,requestId:string,appVersion:string}]	200	walk4
2026-07-29T22:17:48.613Z	POST	https://insights-collector.newrelic.com/v1/accounts/737486/events	/instamart/ads [Jivo Wellness]	[{appName:string,platform:string,user_id:string,s_id:string,account_id:string,clarity_url:string,loginType:string,appVCode:string,appURL:string,appHost:string,appPathName:string,userAgent:string,networkType:string,saveData:string,eventType:string,dashboardType:string,isCanary:string,name:string,pageUrl:string,originTime:number,loadTime:number,loadMode:string,network_status:string}]	200	walk4
2026-07-29T22:17:49.122Z	POST	https://insights-collector.newrelic.com/v1/accounts/737486/events	/instamart/ads [Jivo Wellness]	[{appName:string,platform:string,user_id:string,s_id:string,account_id:string,clarity_url:string,loginType:string,appVCode:string,appURL:string,appHost:string,appPathName:string,userAgent:string,networkType:string,saveData:string,eventType:string,host:string,path:string,cached:string,redirect_time:number,dns_lookup_time:number,tcp_time:number,response_time:number,fetch_until_res_end_time:number,req_start_until_res_end_time:string}]	200	walk4
2026-07-29T22:17:49.174Z	POST	https://brand-portal-service-http.swiggy.com/api/v1/advertiser/metrics	/instamart/ads [Jivo Wellness]	{request_context:{request_id:string,client_id:string},account_id:string,advertiser_metrics_query:{metrics:[object],dimensions:[],filters:{logical_operator:string,filters:array}}}	200	walk4
2026-07-29T22:17:49.201Z	POST	https://brand-portal-service-http.swiggy.com/api/v1/campaigns	/instamart/ads [Jivo Wellness]	{request_context:{request_id:string,client_id:string},account_id:string,metrics:[{name:string}],filters:{logical_operator:string,filters:[object]},pagination_context:{offset:string,size:number},sort:{sort_order:string,ads_campaign_attribute:string}}	200	walk4
2026-07-29T22:17:49.239Z	POST	https://brand-portal-service-http.swiggy.com/api/v1/advertiser/metrics/batch	/instamart/ads [Jivo Wellness]	{request_context:{request_id:string,client_id:string},account_id:string,advertiser_metrics_queries:[{query_id:string,metrics:array,dimensions:array,filters:object,sort:object}]}	200	walk4
2026-07-29T22:17:49.487Z	POST	https://insights-collector.newrelic.com/v1/accounts/737486/events	/instamart/ads [Jivo Wellness]	[{appName:string,platform:string,user_id:string,s_id:string,account_id:string,clarity_url:string,loginType:string,appVCode:string,appURL:string,appHost:string,appPathName:string,userAgent:string,networkType:string,saveData:string,eventType:string,host:string,path:string,cached:string,redirect_time:number,dns_lookup_time:number,tcp_time:number,response_time:number,fetch_until_res_end_time:number,req_start_until_res_end_time:string}]	200	walk4
2026-07-29T22:17:49.655Z	POST	https://insights-collector.newrelic.com/v1/accounts/737486/events	/instamart/ads [Jivo Wellness]	[{appName:string,platform:string,user_id:string,s_id:string,account_id:string,clarity_url:string,loginType:string,appVCode:string,appURL:string,appHost:string,appPathName:string,userAgent:string,networkType:string,saveData:string,eventType:string,host:string,path:string,cached:string,redirect_time:number,dns_lookup_time:number,tcp_time:number,response_time:number,fetch_until_res_end_time:number,req_start_until_res_end_time:string}]	200	walk4
2026-07-29T22:17:55.690Z	POST	https://insights-collector.newrelic.com/v1/accounts/737486/events	/instamart/requisition-orders [Jivo Wellness]	[{networkType:string,saveData:string,eventType:string,dashboardType:string,isCanary:string,name:string,pageUrl:string,originTime:number,loadTime:number,account_id:string,appURL:string,appPathName:string,deviceContext:string,user_id:string}]	200	walk4
2026-07-29T22:17:55.727Z	POST	https://insights-collector.newrelic.com/v1/accounts/737486/events	/instamart/requisition-orders [Jivo Wellness]	[{appName:string,appVCode:string,agent:string,platform:string,user_id:string,s_id:string,account_id:string,clarity_url:string,isCanary:string,appURL:string,appHost:string,appPathName:string,userAgent:string,networkType:string,saveData:string,eventType:string,name:string,value:number}]	200	walk4
2026-07-29T22:17:55.806Z	POST	https://insights-collector.newrelic.com/v1/accounts/737486/events	/instamart/requisition-orders [Jivo Wellness]	[{appName:string,appVCode:string,agent:string,platform:string,user_id:string,s_id:string,account_id:string,clarity_url:string,isCanary:string,appURL:string,appHost:string,appPathName:string,userAgent:string,networkType:string,saveData:string,eventType:string,name:string,value:number}]	200	walk4
2026-07-29T22:17:56.175Z	POST	https://insights-collector.newrelic.com/v1/accounts/737486/events	/instamart/requisition-orders [Jivo Wellness]	[{appName:string,appVCode:string,agent:string,platform:string,user_id:string,s_id:string,account_id:string,clarity_url:string,isCanary:string,appURL:string,appHost:string,appPathName:string,userAgent:string,networkType:string,saveData:string,eventType:string,dashboardType:string,name:string,error_type:string,context:string,login_type:string,email:string,session_info:string,error_message:string}]	200	walk4
2026-07-29T22:17:56.187Z	POST	https://brand-portal-service-http.swiggy.com/api/v1/account/permissions	/instamart/requisition-orders [Jivo Wellness]	{}	200	walk4
2026-07-29T22:17:56.205Z	POST	https://insights-collector.newrelic.com/v1/accounts/737486/events	/instamart/requisition-orders [Jivo Wellness]	[{appName:string,appVCode:string,agent:string,platform:string,user_id:string,s_id:string,account_id:string,clarity_url:string,isCanary:string,appURL:string,appHost:string,appPathName:string,userAgent:string,networkType:string,saveData:string,eventType:string,dashboardType:string,name:string,url:string,method:string,duration:number,statusCode:number,requestId:string,appVersion:string}]	200	walk4
2026-07-29T22:17:56.461Z	POST	https://brand-portal-service-http.swiggy.com/api/v1/account/permissions	/instamart/requisition-orders [Jivo Wellness]	{account_id:string}	200	walk4
2026-07-29T22:17:56.503Z	POST	https://insights-collector.newrelic.com/v1/accounts/737486/events	/instamart/requisition-orders [Jivo Wellness]	[{appName:string,appVCode:string,agent:string,platform:string,user_id:string,s_id:string,account_id:string,clarity_url:string,isCanary:string,appURL:string,appHost:string,appPathName:string,userAgent:string,networkType:string,saveData:string,eventType:string,dashboardType:string,name:string,url:string,method:string,duration:number,statusCode:number,requestId:string,appVersion:string}]	200	walk4
2026-07-29T22:17:56.788Z	POST	https://insights-collector.newrelic.com/v1/accounts/737486/events	/instamart/requisition-orders [Jivo Wellness]	[{appName:string,appVCode:string,agent:string,platform:string,user_id:string,s_id:string,account_id:string,clarity_url:string,isCanary:string,appURL:string,appHost:string,appPathName:string,userAgent:string,networkType:string,saveData:string,eventType:string,dashboardType:string,name:string,url:string,method:string,duration:number,statusCode:number,requestId:string,appVersion:string}]	200	walk4
2026-07-29T22:17:56.891Z	POST	https://insights-collector.newrelic.com/v1/accounts/737486/events	/instamart/requisition-orders [Jivo Wellness]	[{appName:string,appVCode:string,agent:string,platform:string,user_id:string,s_id:string,account_id:string,clarity_url:string,isCanary:string,appURL:string,appHost:string,appPathName:string,userAgent:string,networkType:string,saveData:string,eventType:string,dashboardType:string,name:string,remoteName:string,loadTime:number,status:string,deviceContext:string}]	200	walk4
2026-07-29T22:17:57.092Z	POST	https://insights-collector.newrelic.com/v1/accounts/737486/events	/instamart/requisition-orders [Jivo Wellness]	[{appName:string,appVCode:string,agent:string,platform:string,user_id:string,s_id:string,account_id:string,clarity_url:string,isCanary:string,appURL:string,appHost:string,appPathName:string,userAgent:string,networkType:string,saveData:string,eventType:string,dashboardType:string,name:string,url:string,method:string,duration:number,statusCode:number,requestId:string,appVersion:string}]	200	walk4
2026-07-29T22:17:57.119Z	POST	https://insights-collector.newrelic.com/v1/accounts/737486/events	/instamart/requisition-orders [Jivo Wellness]	[{appName:string,platform:string,user_id:string,s_id:string,account_id:string,clarity_url:string,loginType:string,appVCode:string,appURL:string,appHost:string,appPathName:string,userAgent:string,networkType:string,saveData:string,eventType:string,dashboardType:string,isCanary:string,name:string,pageUrl:string,originTime:number,loadTime:number,loadMode:string,network_status:string}]	200	walk4
2026-07-29T22:17:58.061Z	POST	https://insights-collector.newrelic.com/v1/accounts/737486/events	/instamart/requisition-orders [Jivo Wellness]	[{appName:string,platform:string,user_id:string,s_id:string,account_id:string,clarity_url:string,loginType:string,appVCode:string,appURL:string,appHost:string,appPathName:string,userAgent:string,networkType:string,saveData:string,eventType:string,value:number,dashboardType:string}]	200	walk4
2026-07-29T22:17:58.330Z	POST	https://insights-collector.newrelic.com/v1/accounts/737486/events	/instamart/requisition-orders [Jivo Wellness]	[{appName:string,platform:string,user_id:string,s_id:string,account_id:string,clarity_url:string,loginType:string,appVCode:string,appURL:string,appHost:string,appPathName:string,userAgent:string,networkType:string,saveData:string,eventType:string,host:string,path:string,cached:string,redirect_time:number,dns_lookup_time:number,tcp_time:number,response_time:number,fetch_until_res_end_time:number,req_start_until_res_end_time:string}]	200	walk4
2026-07-29T22:17:58.389Z	POST	https://brand-portal-service-http.swiggy.com/api/v1/sales/filters	/instamart/requisition-orders [Jivo Wellness]	{accountId:string,requestContext:{requestId:string,clientId:string,requestTime:string},filterScopes:[{dateRange:object}],brands:{paginationContext:{offset:string,size:number},searchValue:string},cities:{paginationContext:{offset:string,size:number},searchValue:string},categories:{paginationContext:{offset:string,size:number},searchValue:string},products:{paginationContext:{offset:string,size:number},searchValue:string}}	200	walk4
2026-07-29T22:17:58.534Z	POST	https://brand-portal-service-http.swiggy.com/api/v1/sales/metric	/instamart/requisition-orders [Jivo Wellness]	{accountId:string,requestContext:{requestId:string,clientId:string,requestTime:string},salesMetricsQuery:{filter:{logicalOperator:string,filters:array},dimensions:[string],metrics:[string],tagFilters:[]}}	200	walk4
2026-07-29T22:17:58.535Z	POST	https://brand-portal-service-http.swiggy.com/api/v1/sales/metric	/instamart/requisition-orders [Jivo Wellness]	{accountId:string,requestContext:{requestId:string,clientId:string,requestTime:string},salesMetricsQuery:{filter:{logicalOperator:string,filters:array},dimensions:[],metrics:[string],paginationContext:{offset:string,size:number},tagFilters:[]}}	200	walk4
2026-07-29T22:17:58.584Z	POST	https://brand-portal-service-http.swiggy.com/api/v1/sales/metric	/instamart/requisition-orders [Jivo Wellness]	{accountId:string,requestContext:{requestId:string,clientId:string,requestTime:string},salesMetricsQuery:{filter:{logicalOperator:string,filters:array},dimensions:[string],metrics:[string],paginationContext:{offset:string,size:number},tagFilters:[]}}	200	walk4
2026-07-29T22:17:58.703Z	POST	https://insights-collector.newrelic.com/v1/accounts/737486/events	/instamart/requisition-orders [Jivo Wellness]	[{appName:string,platform:string,user_id:string,s_id:string,account_id:string,clarity_url:string,loginType:string,appVCode:string,appURL:string,appHost:string,appPathName:string,userAgent:string,networkType:string,saveData:string,eventType:string,dashboardType:string,isCanary:string,name:string,message:string,load_time_ms:number,network_status:string}]	200	walk4
2026-07-29T22:17:58.709Z	POST	https://maps.googleapis.com/$rpc/google.internal.maps.mapsjs.v1.MapsJsInternalService/GetViewportInfo	/instamart/requisition-orders [Jivo Wellness]	[[[number]]]	200	walk4
2026-07-29T22:17:58.711Z	POST	https://insights-collector.newrelic.com/v1/accounts/737486/events	/instamart/requisition-orders [Jivo Wellness]	[{appName:string,platform:string,user_id:string,s_id:string,account_id:string,clarity_url:string,loginType:string,appVCode:string,appURL:string,appHost:string,appPathName:string,userAgent:string,networkType:string,saveData:string,eventType:string,host:string,path:string,cached:string,redirect_time:number,dns_lookup_time:number,tcp_time:number,response_time:number,fetch_until_res_end_time:number,req_start_until_res_end_time:string}]	200	walk4
2026-07-29T22:17:58.822Z	POST	https://brand-portal-service-http.swiggy.com/api/v1/sales/metric	/instamart/requisition-orders [Jivo Wellness]	{accountId:string,requestContext:{requestId:string,clientId:string,requestTime:string},salesMetricsQuery:{filter:{logicalOperator:string,filters:array},dimensions:[string],metrics:[string],paginationContext:{offset:string,size:number},tagFilters:[]}}	200	walk4
2026-07-29T22:18:00.611Z	POST	https://insights-collector.newrelic.com/v1/accounts/737486/events	/instamart/requisition-orders [Jivo Wellness]	[{appName:string,platform:string,user_id:string,s_id:string,account_id:string,clarity_url:string,loginType:string,appVCode:string,appURL:string,appHost:string,appPathName:string,userAgent:string,networkType:string,saveData:string,eventType:string,host:string,path:string,cached:string,redirect_time:number,dns_lookup_time:number,tcp_time:number,response_time:number,fetch_until_res_end_time:number,req_start_until_res_end_time:string}]	200	walk4
2026-07-29T22:18:00.684Z	POST	https://insights-collector.newrelic.com/v1/accounts/737486/events	/instamart/requisition-orders [Jivo Wellness]	[{appName:string,platform:string,user_id:string,s_id:string,account_id:string,clarity_url:string,loginType:string,appVCode:string,appURL:string,appHost:string,appPathName:string,userAgent:string,networkType:string,saveData:string,eventType:string,dashboardType:string,isCanary:string,name:string,url:string,method:string,duration:number,statusCode:number,requestId:string,appVersion:string}]	200	walk4
2026-07-29T22:18:04.300Z	POST	https://insights-collector.newrelic.com/v1/accounts/737486/events	/instamart/npi [Jivo Wellness]	[{networkType:string,saveData:string,eventType:string,dashboardType:string,isCanary:string,name:string,pageUrl:string,originTime:number,loadTime:number,account_id:string,appURL:string,appPathName:string,deviceContext:string,user_id:string}]	200	walk4
2026-07-29T22:18:04.315Z	POST	https://insights-collector.newrelic.com/v1/accounts/737486/events	/instamart/npi [Jivo Wellness]	[{appName:string,appVCode:string,agent:string,platform:string,user_id:string,s_id:string,account_id:string,clarity_url:string,isCanary:string,appURL:string,appHost:string,appPathName:string,userAgent:string,networkType:string,saveData:string,eventType:string,dashboardType:string,name:string,loadTime:number,app:string,deviceContext:string}]	200	walk4
2026-07-29T22:18:04.336Z	POST	https://insights-collector.newrelic.com/v1/accounts/737486/events	/instamart/npi [Jivo Wellness]	[{appName:string,appVCode:string,agent:string,platform:string,user_id:string,s_id:string,account_id:string,clarity_url:string,isCanary:string,appURL:string,appHost:string,appPathName:string,userAgent:string,networkType:string,saveData:string,eventType:string,name:string,value:number}]	200	walk4
2026-07-29T22:18:04.444Z	POST	https://insights-collector.newrelic.com/v1/accounts/737486/events	/instamart/npi [Jivo Wellness]	[{appName:string,appVCode:string,agent:string,platform:string,user_id:string,s_id:string,account_id:string,clarity_url:string,isCanary:string,appURL:string,appHost:string,appPathName:string,userAgent:string,networkType:string,saveData:string,eventType:string,name:string,value:number}]	200	walk4
2026-07-29T22:18:04.798Z	POST	https://brand-portal-service-http.swiggy.com/api/v1/account/permissions	/instamart/npi [Jivo Wellness]	{}	200	walk4
2026-07-29T22:18:04.805Z	POST	https://insights-collector.newrelic.com/v1/accounts/737486/events	/instamart/npi [Jivo Wellness]	[{appName:string,appVCode:string,agent:string,platform:string,user_id:string,s_id:string,account_id:string,clarity_url:string,isCanary:string,appURL:string,appHost:string,appPathName:string,userAgent:string,networkType:string,saveData:string,eventType:string,dashboardType:string,name:string,url:string,method:string,duration:number,statusCode:number,requestId:string,appVersion:string}]	200	walk4
2026-07-29T22:18:04.816Z	POST	https://insights-collector.newrelic.com/v1/accounts/737486/events	/instamart/npi [Jivo Wellness]	[{appName:string,appVCode:string,agent:string,platform:string,user_id:string,s_id:string,account_id:string,clarity_url:string,isCanary:string,appURL:string,appHost:string,appPathName:string,userAgent:string,networkType:string,saveData:string,eventType:string,dashboardType:string,name:string,error_type:string,context:string,login_type:string,email:string,session_info:string,error_message:string}]	200	walk4
2026-07-29T22:18:05.071Z	POST	https://brand-portal-service-http.swiggy.com/api/v1/account/permissions	/instamart/npi [Jivo Wellness]	{account_id:string}	200	walk4
2026-07-29T22:18:05.091Z	POST	https://insights-collector.newrelic.com/v1/accounts/737486/events	/instamart/npi [Jivo Wellness]	[{appName:string,appVCode:string,agent:string,platform:string,user_id:string,s_id:string,account_id:string,clarity_url:string,isCanary:string,appURL:string,appHost:string,appPathName:string,userAgent:string,networkType:string,saveData:string,eventType:string,dashboardType:string,name:string,url:string,method:string,duration:number,statusCode:number,requestId:string,appVersion:string}]	200	walk4
2026-07-29T22:18:05.381Z	POST	https://insights-collector.newrelic.com/v1/accounts/737486/events	/instamart/npi [Jivo Wellness]	[{appName:string,appVCode:string,agent:string,platform:string,user_id:string,s_id:string,account_id:string,clarity_url:string,isCanary:string,appURL:string,appHost:string,appPathName:string,userAgent:string,networkType:string,saveData:string,eventType:string,dashboardType:string,name:string,url:string,method:string,duration:number,statusCode:number,requestId:string,appVersion:string}]	200	walk4
2026-07-29T22:18:05.451Z	POST	https://insights-collector.newrelic.com/v1/accounts/737486/events	/instamart/npi [Jivo Wellness]	[{appName:string,appVCode:string,agent:string,platform:string,user_id:string,s_id:string,account_id:string,clarity_url:string,isCanary:string,appURL:string,appHost:string,appPathName:string,userAgent:string,networkType:string,saveData:string,eventType:string,dashboardType:string,name:string,remoteName:string,loadTime:number,status:string,deviceContext:string}]	200	walk4
2026-07-29T22:18:05.673Z	POST	https://insights-collector.newrelic.com/v1/accounts/737486/events	/instamart/npi [Jivo Wellness]	[{appName:string,appVCode:string,agent:string,platform:string,user_id:string,s_id:string,account_id:string,clarity_url:string,isCanary:string,appURL:string,appHost:string,appPathName:string,userAgent:string,networkType:string,saveData:string,eventType:string,name:string,value:number}]	200	walk4
2026-07-29T22:18:05.684Z	POST	https://insights-collector.newrelic.com/v1/accounts/737486/events	/instamart/npi [Jivo Wellness]	[{appName:string,platform:string,user_id:string,s_id:string,account_id:string,clarity_url:string,loginType:string,appVCode:string,appURL:string,appHost:string,appPathName:string,userAgent:string,networkType:string,saveData:string,eventType:string,dashboardType:string,isCanary:string,name:string,pageUrl:string,originTime:number,loadTime:number,loadMode:string,network_status:string}]	200	walk4
2026-07-29T22:18:05.757Z	POST	https://insights-collector.newrelic.com/v1/accounts/737486/events	/instamart/npi [Jivo Wellness]	[{appName:string,platform:string,user_id:string,s_id:string,account_id:string,clarity_url:string,loginType:string,appVCode:string,appURL:string,appHost:string,appPathName:string,userAgent:string,networkType:string,saveData:string,eventType:string,name:string,value:number}]	200	walk4
2026-07-29T22:18:12.679Z	POST	https://insights-collector.newrelic.com/v1/accounts/737486/events	/im-discounts [Jivo Wellness]	[{networkType:string,saveData:string,eventType:string,dashboardType:string,isCanary:string,name:string,pageUrl:string,originTime:number,loadTime:number,account_id:string,appURL:string,appPathName:string,deviceContext:string,user_id:string}]	200	walk4
2026-07-29T22:18:12.701Z	POST	https://insights-collector.newrelic.com/v1/accounts/737486/events	/im-discounts [Jivo Wellness]	[{appName:string,appVCode:string,agent:string,platform:string,user_id:string,s_id:string,account_id:string,clarity_url:string,isCanary:string,appURL:string,appHost:string,appPathName:string,userAgent:string,networkType:string,saveData:string,eventType:string,dashboardType:string,name:string,loadTime:number,app:string,deviceContext:string}]	200	walk4
2026-07-29T22:18:12.734Z	POST	https://insights-collector.newrelic.com/v1/accounts/737486/events	/im-discounts [Jivo Wellness]	[{appName:string,appVCode:string,agent:string,platform:string,user_id:string,s_id:string,account_id:string,clarity_url:string,isCanary:string,appURL:string,appHost:string,appPathName:string,userAgent:string,networkType:string,saveData:string,eventType:string,name:string,value:number}]	200	walk4
2026-07-29T22:18:12.810Z	POST	https://insights-collector.newrelic.com/v1/accounts/737486/events	/im-discounts [Jivo Wellness]	[{appName:string,appVCode:string,agent:string,platform:string,user_id:string,s_id:string,account_id:string,clarity_url:string,isCanary:string,appURL:string,appHost:string,appPathName:string,userAgent:string,networkType:string,saveData:string,eventType:string,name:string,value:number}]	200	walk4
2026-07-29T22:18:13.175Z	POST	https://brand-portal-service-http.swiggy.com/api/v1/account/permissions	/im-discounts [Jivo Wellness]	{}	200	walk4
2026-07-29T22:18:13.197Z	POST	https://insights-collector.newrelic.com/v1/accounts/737486/events	/im-discounts [Jivo Wellness]	[{appName:string,appVCode:string,agent:string,platform:string,user_id:string,s_id:string,account_id:string,clarity_url:string,isCanary:string,appURL:string,appHost:string,appPathName:string,userAgent:string,networkType:string,saveData:string,eventType:string,dashboardType:string,name:string,url:string,method:string,duration:number,statusCode:number,requestId:string,appVersion:string}]	200	walk4
2026-07-29T22:18:13.207Z	POST	https://insights-collector.newrelic.com/v1/accounts/737486/events	/im-discounts [Jivo Wellness]	[{appName:string,appVCode:string,agent:string,platform:string,user_id:string,s_id:string,account_id:string,clarity_url:string,isCanary:string,appURL:string,appHost:string,appPathName:string,userAgent:string,networkType:string,saveData:string,eventType:string,dashboardType:string,name:string,error_type:string,context:string,login_type:string,email:string,session_info:string,error_message:string}]	200	walk4
2026-07-29T22:18:13.456Z	POST	https://insights-collector.newrelic.com/v1/accounts/737486/events	/im-discounts [Jivo Wellness]	[{appName:string,appVCode:string,agent:string,platform:string,user_id:string,s_id:string,account_id:string,clarity_url:string,isCanary:string,appURL:string,appHost:string,appPathName:string,userAgent:string,networkType:string,saveData:string,eventType:string,dashboardType:string,name:string,url:string,method:string,duration:number,statusCode:number,requestId:string,appVersion:string}]	200	walk4
2026-07-29T22:18:13.460Z	POST	https://brand-portal-service-http.swiggy.com/api/v1/account/permissions	/im-discounts [Jivo Wellness]	{account_id:string}	200	walk4
2026-07-29T22:18:13.925Z	POST	https://insights-collector.newrelic.com/v1/accounts/737486/events	/im-discounts [Jivo Wellness]	[{appName:string,appVCode:string,agent:string,platform:string,user_id:string,s_id:string,account_id:string,clarity_url:string,isCanary:string,appURL:string,appHost:string,appPathName:string,userAgent:string,networkType:string,saveData:string,eventType:string,dashboardType:string,name:string,url:string,method:string,duration:number,statusCode:number,requestId:string,appVersion:string}]	200	walk4
2026-07-29T22:18:13.957Z	POST	https://insights-collector.newrelic.com/v1/accounts/737486/events	/im-discounts [Jivo Wellness]	[{appName:string,appVCode:string,agent:string,platform:string,user_id:string,s_id:string,account_id:string,clarity_url:string,isCanary:string,appURL:string,appHost:string,appPathName:string,userAgent:string,networkType:string,saveData:string,eventType:string,dashboardType:string,name:string,remoteName:string,loadTime:number,status:string,deviceContext:string}]	200	walk4
2026-07-29T22:18:14.108Z	POST	https://insights-collector.newrelic.com/v1/accounts/737486/events	/im-discounts [Jivo Wellness]	[{appName:string,appVCode:string,agent:string,platform:string,user_id:string,s_id:string,account_id:string,clarity_url:string,isCanary:string,appURL:string,appHost:string,appPathName:string,userAgent:string,networkType:string,saveData:string,eventType:string,dashboardType:string,name:string,url:string,method:string,duration:number,statusCode:number,requestId:string,appVersion:string}]	200	walk4
2026-07-29T22:18:21.276Z	POST	https://insights-collector.newrelic.com/v1/accounts/737486/events	/im-discounts/performance [Jivo Wellness]	[{networkType:string,saveData:string,eventType:string,dashboardType:string,isCanary:string,name:string,pageUrl:string,originTime:number,loadTime:number,account_id:string,appURL:string,appPathName:string,deviceContext:string,user_id:string}]	200	walk4
2026-07-29T22:18:21.304Z	POST	https://insights-collector.newrelic.com/v1/accounts/737486/events	/im-discounts/performance [Jivo Wellness]	[{appName:string,appVCode:string,agent:string,platform:string,user_id:string,s_id:string,account_id:string,clarity_url:string,isCanary:string,appURL:string,appHost:string,appPathName:string,userAgent:string,networkType:string,saveData:string,eventType:string,dashboardType:string,name:string,loadTime:number,app:string,deviceContext:string}]	200	walk4
2026-07-29T22:18:21.331Z	POST	https://insights-collector.newrelic.com/v1/accounts/737486/events	/im-discounts/performance [Jivo Wellness]	[{appName:string,appVCode:string,agent:string,platform:string,user_id:string,s_id:string,account_id:string,clarity_url:string,isCanary:string,appURL:string,appHost:string,appPathName:string,userAgent:string,networkType:string,saveData:string,eventType:string,name:string,value:number}]	200	walk4
2026-07-29T22:18:21.531Z	POST	https://insights-collector.newrelic.com/v1/accounts/737486/events	/im-discounts/performance [Jivo Wellness]	[{appName:string,appVCode:string,agent:string,platform:string,user_id:string,s_id:string,account_id:string,clarity_url:string,isCanary:string,appURL:string,appHost:string,appPathName:string,userAgent:string,networkType:string,saveData:string,eventType:string,name:string,value:number}]	200	walk4
2026-07-29T22:18:21.767Z	POST	https://brand-portal-service-http.swiggy.com/api/v1/account/permissions	/im-discounts/performance [Jivo Wellness]	{}	200	walk4
2026-07-29T22:18:21.773Z	POST	https://insights-collector.newrelic.com/v1/accounts/737486/events	/im-discounts/performance [Jivo Wellness]	[{appName:string,appVCode:string,agent:string,platform:string,user_id:string,s_id:string,account_id:string,clarity_url:string,isCanary:string,appURL:string,appHost:string,appPathName:string,userAgent:string,networkType:string,saveData:string,eventType:string,dashboardType:string,name:string,url:string,method:string,duration:number,statusCode:number,requestId:string,appVersion:string}]	200	walk4
2026-07-29T22:18:21.798Z	POST	https://insights-collector.newrelic.com/v1/accounts/737486/events	/im-discounts/performance [Jivo Wellness]	[{appName:string,appVCode:string,agent:string,platform:string,user_id:string,s_id:string,account_id:string,clarity_url:string,isCanary:string,appURL:string,appHost:string,appPathName:string,userAgent:string,networkType:string,saveData:string,eventType:string,dashboardType:string,name:string,error_type:string,context:string,login_type:string,email:string,session_info:string,error_message:string}]	200	walk4
2026-07-29T22:18:22.047Z	POST	https://brand-portal-service-http.swiggy.com/api/v1/account/permissions	/im-discounts/performance [Jivo Wellness]	{account_id:string}	200	walk4
2026-07-29T22:18:22.094Z	POST	https://insights-collector.newrelic.com/v1/accounts/737486/events	/im-discounts/performance [Jivo Wellness]	[{appName:string,appVCode:string,agent:string,platform:string,user_id:string,s_id:string,account_id:string,clarity_url:string,isCanary:string,appURL:string,appHost:string,appPathName:string,userAgent:string,networkType:string,saveData:string,eventType:string,dashboardType:string,name:string,url:string,method:string,duration:number,statusCode:number,requestId:string,appVersion:string}]	200	walk4
2026-07-29T22:18:22.381Z	POST	https://insights-collector.newrelic.com/v1/accounts/737486/events	/im-discounts/performance [Jivo Wellness]	[{appName:string,appVCode:string,agent:string,platform:string,user_id:string,s_id:string,account_id:string,clarity_url:string,isCanary:string,appURL:string,appHost:string,appPathName:string,userAgent:string,networkType:string,saveData:string,eventType:string,dashboardType:string,name:string,url:string,method:string,duration:number,statusCode:number,requestId:string,appVersion:string}]	200	walk4
2026-07-29T22:18:22.407Z	POST	https://insights-collector.newrelic.com/v1/accounts/737486/events	/im-discounts/performance [Jivo Wellness]	[{appName:string,appVCode:string,agent:string,platform:string,user_id:string,s_id:string,account_id:string,clarity_url:string,isCanary:string,appURL:string,appHost:string,appPathName:string,userAgent:string,networkType:string,saveData:string,eventType:string,name:string,value:number}]	200	walk4
2026-07-29T22:18:22.529Z	POST	https://insights-collector.newrelic.com/v1/accounts/737486/events	/im-discounts/performance [Jivo Wellness]	[{appName:string,appVCode:string,agent:string,platform:string,user_id:string,s_id:string,account_id:string,clarity_url:string,isCanary:string,appURL:string,appHost:string,appPathName:string,userAgent:string,networkType:string,saveData:string,eventType:string,dashboardType:string,name:string,remoteName:string,loadTime:number,status:string,deviceContext:string}]	200	walk4
2026-07-29T22:18:22.658Z	POST	https://insights-collector.newrelic.com/v1/accounts/737486/events	/im-discounts/performance [Jivo Wellness]	[{appName:string,appVCode:string,agent:string,platform:string,user_id:string,s_id:string,account_id:string,clarity_url:string,isCanary:string,appURL:string,appHost:string,appPathName:string,userAgent:string,networkType:string,saveData:string,eventType:string,dashboardType:string,name:string,url:string,method:string,duration:number,statusCode:number,requestId:string,appVersion:string}]	200	walk4
2026-07-29T22:18:29.761Z	POST	https://insights-collector.newrelic.com/v1/accounts/737486/events	/im-discounts/feedbacks [Jivo Wellness]	[{networkType:string,saveData:string,eventType:string,dashboardType:string,isCanary:string,name:string,pageUrl:string,originTime:number,loadTime:number,account_id:string,appURL:string,appPathName:string,deviceContext:string,user_id:string}]	200	walk4
2026-07-29T22:18:29.791Z	POST	https://insights-collector.newrelic.com/v1/accounts/737486/events	/im-discounts/feedbacks [Jivo Wellness]	[{appName:string,appVCode:string,agent:string,platform:string,user_id:string,s_id:string,account_id:string,clarity_url:string,isCanary:string,appURL:string,appHost:string,appPathName:string,userAgent:string,networkType:string,saveData:string,eventType:string,dashboardType:string,name:string,loadTime:number,app:string,deviceContext:string}]	200	walk4
2026-07-29T22:18:29.894Z	POST	https://insights-collector.newrelic.com/v1/accounts/737486/events	/im-discounts/feedbacks [Jivo Wellness]	[{appName:string,appVCode:string,agent:string,platform:string,user_id:string,s_id:string,account_id:string,clarity_url:string,isCanary:string,appURL:string,appHost:string,appPathName:string,userAgent:string,networkType:string,saveData:string,eventType:string,name:string,value:number}]	200	walk4
2026-07-29T22:18:30.261Z	POST	https://brand-portal-service-http.swiggy.com/api/v1/account/permissions	/im-discounts/feedbacks [Jivo Wellness]	{}	200	walk4
2026-07-29T22:18:30.278Z	POST	https://insights-collector.newrelic.com/v1/accounts/737486/events	/im-discounts/feedbacks [Jivo Wellness]	[{appName:string,appVCode:string,agent:string,platform:string,user_id:string,s_id:string,account_id:string,clarity_url:string,isCanary:string,appURL:string,appHost:string,appPathName:string,userAgent:string,networkType:string,saveData:string,eventType:string,dashboardType:string,name:string,url:string,method:string,duration:number,statusCode:number,requestId:string,appVersion:string}]	200	walk4
2026-07-29T22:18:30.285Z	POST	https://insights-collector.newrelic.com/v1/accounts/737486/events	/im-discounts/feedbacks [Jivo Wellness]	[{appName:string,appVCode:string,agent:string,platform:string,user_id:string,s_id:string,account_id:string,clarity_url:string,isCanary:string,appURL:string,appHost:string,appPathName:string,userAgent:string,networkType:string,saveData:string,eventType:string,dashboardType:string,name:string,error_type:string,context:string,login_type:string,email:string,session_info:string,error_message:string}]	200	walk4
2026-07-29T22:18:30.536Z	POST	https://brand-portal-service-http.swiggy.com/api/v1/account/permissions	/im-discounts/feedbacks [Jivo Wellness]	{account_id:string}	200	walk4
2026-07-29T22:18:30.572Z	POST	https://insights-collector.newrelic.com/v1/accounts/737486/events	/im-discounts/feedbacks [Jivo Wellness]	[{appName:string,appVCode:string,agent:string,platform:string,user_id:string,s_id:string,account_id:string,clarity_url:string,isCanary:string,appURL:string,appHost:string,appPathName:string,userAgent:string,networkType:string,saveData:string,eventType:string,dashboardType:string,name:string,url:string,method:string,duration:number,statusCode:number,requestId:string,appVersion:string}]	200	walk4
2026-07-29T22:18:30.872Z	POST	https://insights-collector.newrelic.com/v1/accounts/737486/events	/im-discounts/feedbacks [Jivo Wellness]	[{appName:string,appVCode:string,agent:string,platform:string,user_id:string,s_id:string,account_id:string,clarity_url:string,isCanary:string,appURL:string,appHost:string,appPathName:string,userAgent:string,networkType:string,saveData:string,eventType:string,dashboardType:string,name:string,url:string,method:string,duration:number,statusCode:number,requestId:string,appVersion:string}]	200	walk4
2026-07-29T22:18:30.891Z	POST	https://insights-collector.newrelic.com/v1/accounts/737486/events	/im-discounts/feedbacks [Jivo Wellness]	[{appName:string,appVCode:string,agent:string,platform:string,user_id:string,s_id:string,account_id:string,clarity_url:string,isCanary:string,appURL:string,appHost:string,appPathName:string,userAgent:string,networkType:string,saveData:string,eventType:string,name:string,value:number}]	200	walk4
2026-07-29T22:18:31.005Z	POST	https://insights-collector.newrelic.com/v1/accounts/737486/events	/im-discounts/feedbacks [Jivo Wellness]	[{appName:string,appVCode:string,agent:string,platform:string,user_id:string,s_id:string,account_id:string,clarity_url:string,isCanary:string,appURL:string,appHost:string,appPathName:string,userAgent:string,networkType:string,saveData:string,eventType:string,dashboardType:string,name:string,remoteName:string,loadTime:number,status:string,deviceContext:string}]	200	walk4
2026-07-29T22:18:31.147Z	POST	https://insights-collector.newrelic.com/v1/accounts/737486/events	/im-discounts/feedbacks [Jivo Wellness]	[{appName:string,appVCode:string,agent:string,platform:string,user_id:string,s_id:string,account_id:string,clarity_url:string,isCanary:string,appURL:string,appHost:string,appPathName:string,userAgent:string,networkType:string,saveData:string,eventType:string,dashboardType:string,name:string,url:string,method:string,duration:number,statusCode:number,requestId:string,appVersion:string}]	200	walk4
2026-07-29T22:18:38.162Z	POST	https://insights-collector.newrelic.com/v1/accounts/737486/events	/im-sampling [Jivo Wellness]	[{networkType:string,saveData:string,eventType:string,dashboardType:string,isCanary:string,name:string,pageUrl:string,originTime:number,loadTime:number,account_id:string,appURL:string,appPathName:string,deviceContext:string,user_id:string}]	200	walk4
2026-07-29T22:18:38.190Z	POST	https://insights-collector.newrelic.com/v1/accounts/737486/events	/im-sampling [Jivo Wellness]	[{appName:string,appVCode:string,agent:string,platform:string,user_id:string,s_id:string,account_id:string,clarity_url:string,isCanary:string,appURL:string,appHost:string,appPathName:string,userAgent:string,networkType:string,saveData:string,eventType:string,dashboardType:string,name:string,loadTime:number,app:string,deviceContext:string}]	200	walk4
2026-07-29T22:18:38.291Z	POST	https://insights-collector.newrelic.com/v1/accounts/737486/events	/im-sampling [Jivo Wellness]	[{appName:string,appVCode:string,agent:string,platform:string,user_id:string,s_id:string,account_id:string,clarity_url:string,isCanary:string,appURL:string,appHost:string,appPathName:string,userAgent:string,networkType:string,saveData:string,eventType:string,name:string,value:number}]	200	walk4
2026-07-29T22:18:38.654Z	POST	https://brand-portal-service-http.swiggy.com/api/v1/account/permissions	/im-sampling [Jivo Wellness]	{}	200	walk4
2026-07-29T22:18:38.664Z	POST	https://insights-collector.newrelic.com/v1/accounts/737486/events	/im-sampling [Jivo Wellness]	[{appName:string,appVCode:string,agent:string,platform:string,user_id:string,s_id:string,account_id:string,clarity_url:string,isCanary:string,appURL:string,appHost:string,appPathName:string,userAgent:string,networkType:string,saveData:string,eventType:string,dashboardType:string,name:string,url:string,method:string,duration:number,statusCode:number,requestId:string,appVersion:string}]	200	walk4
2026-07-29T22:18:38.678Z	POST	https://insights-collector.newrelic.com/v1/accounts/737486/events	/im-sampling [Jivo Wellness]	[{appName:string,appVCode:string,agent:string,platform:string,user_id:string,s_id:string,account_id:string,clarity_url:string,isCanary:string,appURL:string,appHost:string,appPathName:string,userAgent:string,networkType:string,saveData:string,eventType:string,dashboardType:string,name:string,error_type:string,context:string,login_type:string,email:string,session_info:string,error_message:string}]	200	walk4
2026-07-29T22:18:38.926Z	POST	https://brand-portal-service-http.swiggy.com/api/v1/account/permissions	/im-sampling [Jivo Wellness]	{account_id:string}	200	walk4
2026-07-29T22:18:38.966Z	POST	https://insights-collector.newrelic.com/v1/accounts/737486/events	/im-sampling [Jivo Wellness]	[{appName:string,appVCode:string,agent:string,platform:string,user_id:string,s_id:string,account_id:string,clarity_url:string,isCanary:string,appURL:string,appHost:string,appPathName:string,userAgent:string,networkType:string,saveData:string,eventType:string,dashboardType:string,name:string,url:string,method:string,duration:number,statusCode:number,requestId:string,appVersion:string}]	200	walk4
2026-07-29T22:18:39.253Z	POST	https://insights-collector.newrelic.com/v1/accounts/737486/events	/im-sampling [Jivo Wellness]	[{appName:string,appVCode:string,agent:string,platform:string,user_id:string,s_id:string,account_id:string,clarity_url:string,isCanary:string,appURL:string,appHost:string,appPathName:string,userAgent:string,networkType:string,saveData:string,eventType:string,dashboardType:string,name:string,url:string,method:string,duration:number,statusCode:number,requestId:string,appVersion:string}]	200	walk4
2026-07-29T22:18:39.281Z	POST	https://insights-collector.newrelic.com/v1/accounts/737486/events	/im-sampling [Jivo Wellness]	[{appName:string,appVCode:string,agent:string,platform:string,user_id:string,s_id:string,account_id:string,clarity_url:string,isCanary:string,appURL:string,appHost:string,appPathName:string,userAgent:string,networkType:string,saveData:string,eventType:string,name:string,value:number}]	200	walk4
2026-07-29T22:18:39.401Z	POST	https://insights-collector.newrelic.com/v1/accounts/737486/events	/im-sampling [Jivo Wellness]	[{appName:string,appVCode:string,agent:string,platform:string,user_id:string,s_id:string,account_id:string,clarity_url:string,isCanary:string,appURL:string,appHost:string,appPathName:string,userAgent:string,networkType:string,saveData:string,eventType:string,dashboardType:string,name:string,remoteName:string,loadTime:number,status:string,deviceContext:string}]	200	walk4
2026-07-29T22:18:39.557Z	POST	https://insights-collector.newrelic.com/v1/accounts/737486/events	/im-sampling [Jivo Wellness]	[{appName:string,appVCode:string,agent:string,platform:string,user_id:string,s_id:string,account_id:string,clarity_url:string,isCanary:string,appURL:string,appHost:string,appPathName:string,userAgent:string,networkType:string,saveData:string,eventType:string,dashboardType:string,name:string,url:string,method:string,duration:number,statusCode:number,requestId:string,appVersion:string}]	200	walk4
2026-07-29T22:18:39.563Z	POST	https://insights-collector.newrelic.com/v1/accounts/737486/events	/im-sampling [Jivo Wellness]	[{appName:string,platform:string,user_id:string,account_id:string,user_email:string,appVCode:string,appURL:string,appHost:string,appPathName:string,userAgent:string,networkType:string,saveData:string,eventType:string,dashboardType:string,name:string,pageUrl:string,originTime:number,loadTime:number,network_status:string}]	200	walk4
2026-07-29T22:18:39.901Z	POST	https://insights-collector.newrelic.com/v1/accounts/737486/events	/im-sampling [Jivo Wellness]	[{appName:string,platform:string,user_id:string,account_id:string,user_email:string,appVCode:string,appURL:string,appHost:string,appPathName:string,userAgent:string,networkType:string,saveData:string,eventType:string,host:string,path:string,cached:string,redirect_time:number,dns_lookup_time:number,tcp_time:number,response_time:number,fetch_until_res_end_time:number,req_start_until_res_end_time:string,start_until_res_end_time:number,status_code:number}]	200	walk4
2026-07-29T22:18:39.938Z	POST	https://brand-portal-service-http.swiggy.com/api/v1/campaigns	/im-sampling [Jivo Wellness]	{request_context:{request_id:string,request_time:string,client_id:string},account_id:string,metrics:[{name:string}],filters:{logical_operator:string,filters:[object]},pagination_context:{offset:string,size:number},sort:{sort_order:string,ads_campaign_attribute:string}}	200	walk4
2026-07-29T22:18:40.205Z	POST	https://brand-portal-service-http.swiggy.com/api/v1/advertiser/metrics	/im-sampling [Jivo Wellness]	{request_context:{request_id:string,request_time:string,client_id:string},account_id:string,advertiser_metrics_query:{metrics:[object],dimensions:[string],filters:{logical_operator:string,filters:array}}}	200	walk4
2026-07-29T22:18:40.240Z	POST	https://insights-collector.newrelic.com/v1/accounts/737486/events	/im-sampling [Jivo Wellness]	[{appName:string,platform:string,user_id:string,account_id:string,user_email:string,appVCode:string,appURL:string,appHost:string,appPathName:string,userAgent:string,networkType:string,saveData:string,eventType:string,dashboardType:string,name:string,url:string,method:string,duration:number,statusCode:number,requestId:string,network_status:string}]	200	walk4
2026-07-29T22:18:40.492Z	POST	https://insights-collector.newrelic.com/v1/accounts/737486/events	/im-sampling [Jivo Wellness]	[{appName:string,platform:string,user_id:string,account_id:string,user_email:string,appVCode:string,appURL:string,appHost:string,appPathName:string,userAgent:string,networkType:string,saveData:string,eventType:string,dashboardType:string,name:string,url:string,method:string,duration:number,statusCode:number,requestId:string,network_status:string}]	200	walk4
2026-07-29T22:18:46.625Z	POST	https://insights-collector.newrelic.com/v1/accounts/737486/events	/im-sampling/reports [Jivo Wellness]	[{networkType:string,saveData:string,eventType:string,dashboardType:string,isCanary:string,name:string,pageUrl:string,originTime:number,loadTime:number,account_id:string,appURL:string,appPathName:string,deviceContext:string,user_id:string}]	200	walk4
2026-07-29T22:18:46.666Z	POST	https://insights-collector.newrelic.com/v1/accounts/737486/events	/im-sampling/reports [Jivo Wellness]	[{appName:string,appVCode:string,agent:string,platform:string,user_id:string,s_id:string,account_id:string,clarity_url:string,isCanary:string,appURL:string,appHost:string,appPathName:string,userAgent:string,networkType:string,saveData:string,eventType:string,dashboardType:string,name:string,loadTime:number,app:string,deviceContext:string}]	200	walk4
2026-07-29T22:18:46.672Z	POST	https://insights-collector.newrelic.com/v1/accounts/737486/events	/im-sampling/reports [Jivo Wellness]	[{appName:string,appVCode:string,agent:string,platform:string,user_id:string,s_id:string,account_id:string,clarity_url:string,isCanary:string,appURL:string,appHost:string,appPathName:string,userAgent:string,networkType:string,saveData:string,eventType:string,name:string,value:number}]	200	walk4
2026-07-29T22:18:46.769Z	POST	https://insights-collector.newrelic.com/v1/accounts/737486/events	/im-sampling/reports [Jivo Wellness]	[{appName:string,appVCode:string,agent:string,platform:string,user_id:string,s_id:string,account_id:string,clarity_url:string,isCanary:string,appURL:string,appHost:string,appPathName:string,userAgent:string,networkType:string,saveData:string,eventType:string,name:string,value:number}]	200	walk4
2026-07-29T22:18:47.127Z	POST	https://brand-portal-service-http.swiggy.com/api/v1/account/permissions	/im-sampling/reports [Jivo Wellness]	{}	200	walk4
2026-07-29T22:18:47.135Z	POST	https://insights-collector.newrelic.com/v1/accounts/737486/events	/im-sampling/reports [Jivo Wellness]	[{appName:string,appVCode:string,agent:string,platform:string,user_id:string,s_id:string,account_id:string,clarity_url:string,isCanary:string,appURL:string,appHost:string,appPathName:string,userAgent:string,networkType:string,saveData:string,eventType:string,dashboardType:string,name:string,url:string,method:string,duration:number,statusCode:number,requestId:string,appVersion:string}]	200	walk4
2026-07-29T22:18:47.405Z	POST	https://brand-portal-service-http.swiggy.com/api/v1/account/permissions	/im-sampling/reports [Jivo Wellness]	{account_id:string}	200	walk4
2026-07-29T22:18:47.407Z	POST	https://insights-collector.newrelic.com/v1/accounts/737486/events	/im-sampling/reports [Jivo Wellness]	[{appName:string,appVCode:string,agent:string,platform:string,user_id:string,s_id:string,account_id:string,clarity_url:string,isCanary:string,appURL:string,appHost:string,appPathName:string,userAgent:string,networkType:string,saveData:string,eventType:string,dashboardType:string,name:string,url:string,method:string,duration:number,statusCode:number,requestId:string,appVersion:string}]	200	walk4
2026-07-29T22:18:47.754Z	POST	https://insights-collector.newrelic.com/v1/accounts/737486/events	/im-sampling/reports [Jivo Wellness]	[{appName:string,appVCode:string,agent:string,platform:string,user_id:string,s_id:string,account_id:string,clarity_url:string,isCanary:string,appURL:string,appHost:string,appPathName:string,userAgent:string,networkType:string,saveData:string,eventType:string,dashboardType:string,name:string,url:string,method:string,duration:number,statusCode:number,requestId:string,appVersion:string}]	200	walk4
2026-07-29T22:18:47.870Z	POST	https://insights-collector.newrelic.com/v1/accounts/737486/events	/im-sampling/reports [Jivo Wellness]	[{appName:string,appVCode:string,agent:string,platform:string,user_id:string,s_id:string,account_id:string,clarity_url:string,isCanary:string,appURL:string,appHost:string,appPathName:string,userAgent:string,networkType:string,saveData:string,eventType:string,dashboardType:string,name:string,remoteName:string,loadTime:number,status:string,deviceContext:string}]	200	walk4
2026-07-29T22:18:48.056Z	POST	https://insights-collector.newrelic.com/v1/accounts/737486/events	/im-sampling/reports [Jivo Wellness]	[{appName:string,appVCode:string,agent:string,platform:string,user_id:string,s_id:string,account_id:string,clarity_url:string,isCanary:string,appURL:string,appHost:string,appPathName:string,userAgent:string,networkType:string,saveData:string,eventType:string,dashboardType:string,name:string,url:string,method:string,duration:number,statusCode:number,requestId:string,appVersion:string}]	200	walk4
2026-07-29T22:18:48.070Z	POST	https://insights-collector.newrelic.com/v1/accounts/737486/events	/im-sampling/reports [Jivo Wellness]	[{appName:string,platform:string,user_id:string,account_id:string,user_email:string,appVCode:string,appURL:string,appHost:string,appPathName:string,userAgent:string,networkType:string,saveData:string,eventType:string,dashboardType:string,name:string,pageUrl:string,originTime:number,loadTime:number,network_status:string}]	200	walk4
2026-07-29T22:18:48.103Z	POST	https://insights-collector.newrelic.com/v1/accounts/737486/events	/im-sampling/reports [Jivo Wellness]	[{appName:string,platform:string,user_id:string,account_id:string,user_email:string,appVCode:string,appURL:string,appHost:string,appPathName:string,userAgent:string,networkType:string,saveData:string,eventType:string,metric_name:string,value:number,dashboardType:string}]	200	walk4
2026-07-29T22:18:48.283Z	POST	https://brand-portal-service-http.swiggy.com/api/v1/advertiser/metrics/report/list	/im-sampling/reports [Jivo Wellness]	{request_context:{request_id:string,request_time:string,client_id:string},pagination:{offset:string,size:number},account_id:string,user:{user_id:string,email:string},source:string}	200	walk4
2026-07-29T22:18:48.334Z	POST	https://insights-collector.newrelic.com/v1/accounts/737486/events	/im-sampling/reports [Jivo Wellness]	[{appName:string,platform:string,user_id:string,account_id:string,user_email:string,appVCode:string,appURL:string,appHost:string,appPathName:string,userAgent:string,networkType:string,saveData:string,eventType:string,host:string,path:string,cached:string,redirect_time:number,dns_lookup_time:number,tcp_time:number,response_time:number,fetch_until_res_end_time:number,req_start_until_res_end_time:string,start_until_res_end_time:number,status_code:number}]	200	walk4
2026-07-29T22:18:48.566Z	POST	https://insights-collector.newrelic.com/v1/accounts/737486/events	/im-sampling/reports [Jivo Wellness]	[{appName:string,platform:string,user_id:string,account_id:string,user_email:string,appVCode:string,appURL:string,appHost:string,appPathName:string,userAgent:string,networkType:string,saveData:string,eventType:string,dashboardType:string,name:string,url:string,method:string,duration:number,statusCode:number,requestId:string,network_status:string}]	200	walk4
2026-07-29T22:18:55.002Z	POST	https://insights-collector.newrelic.com/v1/accounts/737486/events	/brandverse/overview [Jivo Wellness]	[{networkType:string,saveData:string,eventType:string,dashboardType:string,isCanary:string,name:string,pageUrl:string,originTime:number,loadTime:number,account_id:string,appURL:string,appPathName:string,deviceContext:string,user_id:string}]	200	walk4
2026-07-29T22:18:55.041Z	POST	https://insights-collector.newrelic.com/v1/accounts/737486/events	/brandverse/overview [Jivo Wellness]	[{appName:string,appVCode:string,agent:string,platform:string,user_id:string,s_id:string,account_id:string,clarity_url:string,isCanary:string,appURL:string,appHost:string,appPathName:string,userAgent:string,networkType:string,saveData:string,eventType:string,dashboardType:string,name:string,loadTime:number,app:string,deviceContext:string}]	200	walk4
2026-07-29T22:18:55.078Z	POST	https://insights-collector.newrelic.com/v1/accounts/737486/events	/brandverse/overview [Jivo Wellness]	[{appName:string,appVCode:string,agent:string,platform:string,user_id:string,s_id:string,account_id:string,clarity_url:string,isCanary:string,appURL:string,appHost:string,appPathName:string,userAgent:string,networkType:string,saveData:string,eventType:string,name:string,value:number}]	200	walk4
2026-07-29T22:18:55.138Z	POST	https://insights-collector.newrelic.com/v1/accounts/737486/events	/brandverse/overview [Jivo Wellness]	[{appName:string,appVCode:string,agent:string,platform:string,user_id:string,s_id:string,account_id:string,clarity_url:string,isCanary:string,appURL:string,appHost:string,appPathName:string,userAgent:string,networkType:string,saveData:string,eventType:string,name:string,value:number}]	200	walk4
2026-07-29T22:18:55.538Z	POST	https://brand-portal-service-http.swiggy.com/api/v1/account/permissions	/brandverse/overview [Jivo Wellness]	{}	200	walk4
2026-07-29T22:18:55.551Z	POST	https://insights-collector.newrelic.com/v1/accounts/737486/events	/brandverse/overview [Jivo Wellness]	[{appName:string,appVCode:string,agent:string,platform:string,user_id:string,s_id:string,account_id:string,clarity_url:string,isCanary:string,appURL:string,appHost:string,appPathName:string,userAgent:string,networkType:string,saveData:string,eventType:string,dashboardType:string,name:string,error_type:string,context:string,login_type:string,email:string,session_info:string,error_message:string}]	200	walk4
2026-07-29T22:18:55.555Z	POST	https://insights-collector.newrelic.com/v1/accounts/737486/events	/brandverse/overview [Jivo Wellness]	[{appName:string,appVCode:string,agent:string,platform:string,user_id:string,s_id:string,account_id:string,clarity_url:string,isCanary:string,appURL:string,appHost:string,appPathName:string,userAgent:string,networkType:string,saveData:string,eventType:string,dashboardType:string,name:string,url:string,method:string,duration:number,statusCode:number,requestId:string,appVersion:string}]	200	walk4
2026-07-29T22:18:55.821Z	POST	https://insights-collector.newrelic.com/v1/accounts/737486/events	/brandverse/overview [Jivo Wellness]	[{appName:string,appVCode:string,agent:string,platform:string,user_id:string,s_id:string,account_id:string,clarity_url:string,isCanary:string,appURL:string,appHost:string,appPathName:string,userAgent:string,networkType:string,saveData:string,eventType:string,dashboardType:string,name:string,url:string,method:string,duration:number,statusCode:number,requestId:string,appVersion:string}]	200	walk4
2026-07-29T22:18:55.821Z	POST	https://brand-portal-service-http.swiggy.com/api/v1/account/permissions	/brandverse/overview [Jivo Wellness]	{account_id:string}	200	walk4
2026-07-29T22:18:56.091Z	POST	https://insights-collector.newrelic.com/v1/accounts/737486/events	/brandverse/overview [Jivo Wellness]	[{appName:string,appVCode:string,agent:string,platform:string,user_id:string,s_id:string,account_id:string,clarity_url:string,isCanary:string,appURL:string,appHost:string,appPathName:string,userAgent:string,networkType:string,saveData:string,eventType:string,dashboardType:string,name:string,url:string,method:string,duration:number,statusCode:number,requestId:string,appVersion:string}]	200	walk4
2026-07-29T22:18:56.142Z	POST	https://insights-collector.newrelic.com/v1/accounts/737486/events	/brandverse/overview [Jivo Wellness]	[{appName:string,appVCode:string,agent:string,platform:string,user_id:string,s_id:string,account_id:string,clarity_url:string,isCanary:string,appURL:string,appHost:string,appPathName:string,userAgent:string,networkType:string,saveData:string,eventType:string,dashboardType:string,name:string,url:string,method:string,duration:number,statusCode:number,requestId:string,appVersion:string}]	200	walk4
2026-07-29T22:18:56.201Z	POST	https://insights-collector.newrelic.com/v1/accounts/737486/events	/brandverse/overview [Jivo Wellness]	[{appName:string,appVCode:string,agent:string,platform:string,user_id:string,s_id:string,account_id:string,clarity_url:string,isCanary:string,appURL:string,appHost:string,appPathName:string,userAgent:string,networkType:string,saveData:string,eventType:string,name:string,value:number}]	200	walk4
2026-07-29T22:18:56.282Z	POST	https://insights-collector.newrelic.com/v1/accounts/737486/events	/brandverse/overview [Jivo Wellness]	[{appName:string,appVCode:string,agent:string,platform:string,user_id:string,s_id:string,account_id:string,clarity_url:string,isCanary:string,appURL:string,appHost:string,appPathName:string,userAgent:string,networkType:string,saveData:string,eventType:string,dashboardType:string,name:string,remoteName:string,loadTime:number,status:string,deviceContext:string}]	200	walk4
2026-07-29T22:18:56.440Z	POST	https://brand-portal-service-http.swiggy.com/api/v1/3p/advertiser/metrics/batch	/brandverse/overview [Jivo Wellness]	{request_context:{request_id:string,client_id:string},third_party_advertiser_metrics_queries:[{query_id:string,metrics:array,dimensions:array,filters:object,metric_period:object}],account_id:string,market_place_context:{marketplace_id:string,business_line_id:string}}	403	walk4
2026-07-29T22:18:56.451Z	POST	https://insights-collector.newrelic.com/v1/accounts/737486/events	/brandverse/overview [Jivo Wellness]	[{appName:string,appVCode:string,agent:string,platform:string,user_id:string,s_id:string,account_id:string,clarity_url:string,isCanary:string,appURL:string,appHost:string,appPathName:string,userAgent:string,networkType:string,saveData:string,eventType:string,dashboardType:string,name:string,url:string,method:string,duration:number,statusCode:number,requestId:string,appVersion:string}]	200	walk4
2026-07-29T22:18:56.724Z	POST	https://brand-portal-service-http.swiggy.com/api/v1/3p/advertiser/metrics/batch	/brandverse/overview [Jivo Wellness]	{request_context:{request_id:string,client_id:string},third_party_advertiser_metrics_queries:[{query_id:string,metrics:array,dimensions:array,filters:object,metric_period:object}],account_id:string,market_place_context:{marketplace_id:string,business_line_id:string}}	403	walk4
2026-07-29T22:18:57.017Z	POST	https://brand-portal-service-http.swiggy.com/api/v1/3p/advertiser/metrics/batch	/brandverse/overview [Jivo Wellness]	{request_context:{request_id:string,client_id:string},third_party_advertiser_metrics_queries:[{query_id:string,metrics:array,dimensions:array,filters:object,metric_period:object}],account_id:string,market_place_context:{marketplace_id:string,business_line_id:string}}	403	walk4
2026-07-29T22:19:03.419Z	POST	https://insights-collector.newrelic.com/v1/accounts/737486/events	/brandverse/campaign-metrics [Jivo Wellness]	[{networkType:string,saveData:string,eventType:string,dashboardType:string,isCanary:string,name:string,pageUrl:string,originTime:number,loadTime:number,account_id:string,appURL:string,appPathName:string,deviceContext:string,user_id:string}]	200	walk4
2026-07-29T22:19:03.457Z	POST	https://insights-collector.newrelic.com/v1/accounts/737486/events	/brandverse/campaign-metrics [Jivo Wellness]	[{appName:string,appVCode:string,agent:string,platform:string,user_id:string,s_id:string,account_id:string,clarity_url:string,isCanary:string,appURL:string,appHost:string,appPathName:string,userAgent:string,networkType:string,saveData:string,eventType:string,dashboardType:string,name:string,loadTime:number,app:string,deviceContext:string}]	200	walk4
2026-07-29T22:19:03.469Z	POST	https://insights-collector.newrelic.com/v1/accounts/737486/events	/brandverse/campaign-metrics [Jivo Wellness]	[{appName:string,appVCode:string,agent:string,platform:string,user_id:string,s_id:string,account_id:string,clarity_url:string,isCanary:string,appURL:string,appHost:string,appPathName:string,userAgent:string,networkType:string,saveData:string,eventType:string,name:string,value:number}]	200	walk4
2026-07-29T22:19:03.550Z	POST	https://insights-collector.newrelic.com/v1/accounts/737486/events	/brandverse/campaign-metrics [Jivo Wellness]	[{appName:string,appVCode:string,agent:string,platform:string,user_id:string,s_id:string,account_id:string,clarity_url:string,isCanary:string,appURL:string,appHost:string,appPathName:string,userAgent:string,networkType:string,saveData:string,eventType:string,name:string,value:number}]	200	walk4
2026-07-29T22:19:03.928Z	POST	https://insights-collector.newrelic.com/v1/accounts/737486/events	/brandverse/campaign-metrics [Jivo Wellness]	[{appName:string,appVCode:string,agent:string,platform:string,user_id:string,s_id:string,account_id:string,clarity_url:string,isCanary:string,appURL:string,appHost:string,appPathName:string,userAgent:string,networkType:string,saveData:string,eventType:string,dashboardType:string,name:string,url:string,method:string,duration:number,statusCode:number,requestId:string,appVersion:string}]	200	walk4
2026-07-29T22:19:03.932Z	POST	https://brand-portal-service-http.swiggy.com/api/v1/account/permissions	/brandverse/campaign-metrics [Jivo Wellness]	{}	200	walk4
2026-07-29T22:19:03.951Z	POST	https://insights-collector.newrelic.com/v1/accounts/737486/events	/brandverse/campaign-metrics [Jivo Wellness]	[{appName:string,appVCode:string,agent:string,platform:string,user_id:string,s_id:string,account_id:string,clarity_url:string,isCanary:string,appURL:string,appHost:string,appPathName:string,userAgent:string,networkType:string,saveData:string,eventType:string,dashboardType:string,name:string,error_type:string,context:string,login_type:string,email:string,session_info:string,error_message:string}]	200	walk4
2026-07-29T22:19:04.205Z	POST	https://brand-portal-service-http.swiggy.com/api/v1/account/permissions	/brandverse/campaign-metrics [Jivo Wellness]	{account_id:string}	200	walk4
2026-07-29T22:19:04.250Z	POST	https://insights-collector.newrelic.com/v1/accounts/737486/events	/brandverse/campaign-metrics [Jivo Wellness]	[{appName:string,appVCode:string,agent:string,platform:string,user_id:string,s_id:string,account_id:string,clarity_url:string,isCanary:string,appURL:string,appHost:string,appPathName:string,userAgent:string,networkType:string,saveData:string,eventType:string,dashboardType:string,name:string,url:string,method:string,duration:number,statusCode:number,requestId:string,appVersion:string}]	200	walk4
2026-07-29T22:19:04.537Z	POST	https://insights-collector.newrelic.com/v1/accounts/737486/events	/brandverse/campaign-metrics [Jivo Wellness]	[{appName:string,appVCode:string,agent:string,platform:string,user_id:string,s_id:string,account_id:string,clarity_url:string,isCanary:string,appURL:string,appHost:string,appPathName:string,userAgent:string,networkType:string,saveData:string,eventType:string,dashboardType:string,name:string,url:string,method:string,duration:number,statusCode:number,requestId:string,appVersion:string}]	200	walk4
2026-07-29T22:19:04.644Z	POST	https://insights-collector.newrelic.com/v1/accounts/737486/events	/brandverse/campaign-metrics [Jivo Wellness]	[{appName:string,appVCode:string,agent:string,platform:string,user_id:string,s_id:string,account_id:string,clarity_url:string,isCanary:string,appURL:string,appHost:string,appPathName:string,userAgent:string,networkType:string,saveData:string,eventType:string,name:string,value:number}]	200	walk4
2026-07-29T22:19:04.686Z	POST	https://insights-collector.newrelic.com/v1/accounts/737486/events	/brandverse/campaign-metrics [Jivo Wellness]	[{appName:string,appVCode:string,agent:string,platform:string,user_id:string,s_id:string,account_id:string,clarity_url:string,isCanary:string,appURL:string,appHost:string,appPathName:string,userAgent:string,networkType:string,saveData:string,eventType:string,dashboardType:string,name:string,remoteName:string,loadTime:number,status:string,deviceContext:string}]	200	walk4
2026-07-29T22:19:04.796Z	POST	https://brand-portal-service-http.swiggy.com/api/v1/3p/advertiser/metrics/batch	/brandverse/campaign-metrics [Jivo Wellness]	{request_context:{request_id:string,client_id:string},third_party_advertiser_metrics_queries:[{query_id:string,metrics:array,dimensions:array,filters:object,metric_period:object}],account_id:string,market_place_context:{marketplace_id:string,business_line_id:string}}	403	walk4
2026-07-29T22:19:04.822Z	POST	https://insights-collector.newrelic.com/v1/accounts/737486/events	/brandverse/campaign-metrics [Jivo Wellness]	[{appName:string,appVCode:string,agent:string,platform:string,user_id:string,s_id:string,account_id:string,clarity_url:string,isCanary:string,appURL:string,appHost:string,appPathName:string,userAgent:string,networkType:string,saveData:string,eventType:string,dashboardType:string,name:string,url:string,method:string,duration:number,statusCode:number,requestId:string,appVersion:string}]	200	walk4
2026-07-29T22:19:05.072Z	POST	https://brand-portal-service-http.swiggy.com/api/v1/3p/advertiser/metrics/batch	/brandverse/campaign-metrics [Jivo Wellness]	{request_context:{request_id:string,client_id:string},third_party_advertiser_metrics_queries:[{query_id:string,metrics:array,dimensions:array,filters:object,metric_period:object}],account_id:string,market_place_context:{marketplace_id:string,business_line_id:string}}	403	walk4
2026-07-29T22:19:05.350Z	POST	https://brand-portal-service-http.swiggy.com/api/v1/3p/advertiser/metrics/batch	/brandverse/campaign-metrics [Jivo Wellness]	{request_context:{request_id:string,client_id:string},third_party_advertiser_metrics_queries:[{query_id:string,metrics:array,dimensions:array,filters:object,metric_period:object}],account_id:string,market_place_context:{marketplace_id:string,business_line_id:string}}	403	walk4
2026-07-29T22:19:11.805Z	POST	https://insights-collector.newrelic.com/v1/accounts/737486/events	/im-catalog [Jivo Wellness]	[{networkType:string,saveData:string,eventType:string,dashboardType:string,isCanary:string,name:string,pageUrl:string,originTime:number,loadTime:number,account_id:string,appURL:string,appPathName:string,deviceContext:string,user_id:string}]	200	walk4
2026-07-29T22:19:11.849Z	POST	https://insights-collector.newrelic.com/v1/accounts/737486/events	/im-catalog [Jivo Wellness]	[{appName:string,appVCode:string,agent:string,platform:string,user_id:string,s_id:string,account_id:string,clarity_url:string,isCanary:string,appURL:string,appHost:string,appPathName:string,userAgent:string,networkType:string,saveData:string,eventType:string,dashboardType:string,name:string,loadTime:number,app:string,deviceContext:string}]	200	walk4
2026-07-29T22:19:11.853Z	POST	https://insights-collector.newrelic.com/v1/accounts/737486/events	/im-catalog [Jivo Wellness]	[{appName:string,appVCode:string,agent:string,platform:string,user_id:string,s_id:string,account_id:string,clarity_url:string,isCanary:string,appURL:string,appHost:string,appPathName:string,userAgent:string,networkType:string,saveData:string,eventType:string,name:string,value:number}]	200	walk4
2026-07-29T22:19:11.964Z	POST	https://insights-collector.newrelic.com/v1/accounts/737486/events	/im-catalog [Jivo Wellness]	[{appName:string,appVCode:string,agent:string,platform:string,user_id:string,s_id:string,account_id:string,clarity_url:string,isCanary:string,appURL:string,appHost:string,appPathName:string,userAgent:string,networkType:string,saveData:string,eventType:string,name:string,value:number}]	200	walk4
2026-07-29T22:19:12.335Z	POST	https://insights-collector.newrelic.com/v1/accounts/737486/events	/im-catalog [Jivo Wellness]	[{appName:string,appVCode:string,agent:string,platform:string,user_id:string,s_id:string,account_id:string,clarity_url:string,isCanary:string,appURL:string,appHost:string,appPathName:string,userAgent:string,networkType:string,saveData:string,eventType:string,dashboardType:string,name:string,url:string,method:string,duration:number,statusCode:number,requestId:string,appVersion:string}]	200	walk4
2026-07-29T22:19:12.340Z	POST	https://brand-portal-service-http.swiggy.com/api/v1/account/permissions	/im-catalog [Jivo Wellness]	{}	200	walk4
2026-07-29T22:19:12.349Z	POST	https://insights-collector.newrelic.com/v1/accounts/737486/events	/im-catalog [Jivo Wellness]	[{appName:string,appVCode:string,agent:string,platform:string,user_id:string,s_id:string,account_id:string,clarity_url:string,isCanary:string,appURL:string,appHost:string,appPathName:string,userAgent:string,networkType:string,saveData:string,eventType:string,dashboardType:string,name:string,error_type:string,context:string,login_type:string,email:string,session_info:string,error_message:string}]	200	walk4
2026-07-29T22:19:12.614Z	POST	https://brand-portal-service-http.swiggy.com/api/v1/account/permissions	/im-catalog [Jivo Wellness]	{account_id:string}	200	walk4
2026-07-29T22:19:12.627Z	POST	https://insights-collector.newrelic.com/v1/accounts/737486/events	/im-catalog [Jivo Wellness]	[{appName:string,appVCode:string,agent:string,platform:string,user_id:string,s_id:string,account_id:string,clarity_url:string,isCanary:string,appURL:string,appHost:string,appPathName:string,userAgent:string,networkType:string,saveData:string,eventType:string,dashboardType:string,name:string,url:string,method:string,duration:number,statusCode:number,requestId:string,appVersion:string}]	200	walk4
2026-07-29T22:19:13.042Z	POST	https://insights-collector.newrelic.com/v1/accounts/737486/events	/im-catalog [Jivo Wellness]	[{appName:string,appVCode:string,agent:string,platform:string,user_id:string,s_id:string,account_id:string,clarity_url:string,isCanary:string,appURL:string,appHost:string,appPathName:string,userAgent:string,networkType:string,saveData:string,eventType:string,dashboardType:string,name:string,url:string,method:string,duration:number,statusCode:number,requestId:string,appVersion:string}]	200	walk4
2026-07-29T22:19:13.069Z	POST	https://insights-collector.newrelic.com/v1/accounts/737486/events	/im-catalog [Jivo Wellness]	[{appName:string,appVCode:string,agent:string,platform:string,user_id:string,s_id:string,account_id:string,clarity_url:string,isCanary:string,appURL:string,appHost:string,appPathName:string,userAgent:string,networkType:string,saveData:string,eventType:string,dashboardType:string,name:string,remoteName:string,loadTime:number,status:string,deviceContext:string}]	200	walk4
2026-07-29T22:19:13.215Z	POST	https://insights-collector.newrelic.com/v1/accounts/737486/events	/im-catalog [Jivo Wellness]	[{appName:string,appVCode:string,agent:string,platform:string,user_id:string,s_id:string,account_id:string,clarity_url:string,isCanary:string,appURL:string,appHost:string,appPathName:string,userAgent:string,networkType:string,saveData:string,eventType:string,dashboardType:string,name:string,url:string,method:string,duration:number,statusCode:number,requestId:string,appVersion:string}]	200	walk4
2026-07-29T22:19:13.543Z	POST	https://brand-portal-service-http.swiggy.com/v1/list_spins	/im-catalog [Jivo Wellness]	{requestContext:{requestId:string,clientId:string,channel:string,idempotencyId:string},mpContext:{marketplaceId:string,businessLineId:string},filters:{compositeFilter:{logicalOperator:string,filters:array}},paginationContext:{offset:string,size:number}}	200	walk4
2026-07-29T22:19:13.579Z	POST	https://brand-portal-service-http.swiggy.com/v1/search_categories	/im-catalog [Jivo Wellness]	{requestContext:{requestId:string,clientId:string,channel:string,idempotencyId:string},mpContext:{marketplaceId:string,businessLineId:string},filters:{compositeFilter:{logicalOperator:string,filters:array}},paginationContext:{offset:string,size:number}}	200	walk4
2026-07-29T22:19:13.842Z	POST	https://brand-portal-service-http.swiggy.com/v1/get_spin_metrics	/im-catalog [Jivo Wellness]	{requestContext:{requestId:string,clientId:string,channel:string,idempotencyId:string},mpContext:{marketplaceId:string,businessLineId:string},metricsContext:string,metricsQueries:[{metricName:string,groupByDimension:string,dimensionMask:array}],filters:{fieldFilter:{key:string,values:array,comparisonOperator:string}}}	200	walk4
2026-07-29T22:19:20.226Z	POST	https://insights-collector.newrelic.com/v1/accounts/737486/events	/im-catalog/approvals [Jivo Wellness]	[{networkType:string,saveData:string,eventType:string,dashboardType:string,isCanary:string,name:string,pageUrl:string,originTime:number,loadTime:number,account_id:string,appURL:string,appPathName:string,deviceContext:string,user_id:string}]	200	walk4
2026-07-29T22:19:20.266Z	POST	https://insights-collector.newrelic.com/v1/accounts/737486/events	/im-catalog/approvals [Jivo Wellness]	[{appName:string,appVCode:string,agent:string,platform:string,user_id:string,s_id:string,account_id:string,clarity_url:string,isCanary:string,appURL:string,appHost:string,appPathName:string,userAgent:string,networkType:string,saveData:string,eventType:string,dashboardType:string,name:string,loadTime:number,app:string,deviceContext:string}]	200	walk4
2026-07-29T22:19:20.360Z	POST	https://insights-collector.newrelic.com/v1/accounts/737486/events	/im-catalog/approvals [Jivo Wellness]	[{appName:string,appVCode:string,agent:string,platform:string,user_id:string,s_id:string,account_id:string,clarity_url:string,isCanary:string,appURL:string,appHost:string,appPathName:string,userAgent:string,networkType:string,saveData:string,eventType:string,name:string,value:number}]	200	walk4
2026-07-29T22:19:20.734Z	POST	https://brand-portal-service-http.swiggy.com/api/v1/account/permissions	/im-catalog/approvals [Jivo Wellness]	{}	200	walk4
2026-07-29T22:19:20.740Z	POST	https://insights-collector.newrelic.com/v1/accounts/737486/events	/im-catalog/approvals [Jivo Wellness]	[{appName:string,appVCode:string,agent:string,platform:string,user_id:string,s_id:string,account_id:string,clarity_url:string,isCanary:string,appURL:string,appHost:string,appPathName:string,userAgent:string,networkType:string,saveData:string,eventType:string,dashboardType:string,name:string,url:string,method:string,duration:number,statusCode:number,requestId:string,appVersion:string}]	200	walk4
2026-07-29T22:19:20.755Z	POST	https://insights-collector.newrelic.com/v1/accounts/737486/events	/im-catalog/approvals [Jivo Wellness]	[{appName:string,appVCode:string,agent:string,platform:string,user_id:string,s_id:string,account_id:string,clarity_url:string,isCanary:string,appURL:string,appHost:string,appPathName:string,userAgent:string,networkType:string,saveData:string,eventType:string,dashboardType:string,name:string,error_type:string,context:string,login_type:string,email:string,session_info:string,error_message:string}]	200	walk4
2026-07-29T22:19:21.013Z	POST	https://brand-portal-service-http.swiggy.com/api/v1/account/permissions	/im-catalog/approvals [Jivo Wellness]	{account_id:string}	200	walk4
2026-07-29T22:19:21.020Z	POST	https://insights-collector.newrelic.com/v1/accounts/737486/events	/im-catalog/approvals [Jivo Wellness]	[{appName:string,appVCode:string,agent:string,platform:string,user_id:string,s_id:string,account_id:string,clarity_url:string,isCanary:string,appURL:string,appHost:string,appPathName:string,userAgent:string,networkType:string,saveData:string,eventType:string,dashboardType:string,name:string,url:string,method:string,duration:number,statusCode:number,requestId:string,appVersion:string}]	200	walk4
2026-07-29T22:19:21.375Z	POST	https://insights-collector.newrelic.com/v1/accounts/737486/events	/im-catalog/approvals [Jivo Wellness]	[{appName:string,appVCode:string,agent:string,platform:string,user_id:string,s_id:string,account_id:string,clarity_url:string,isCanary:string,appURL:string,appHost:string,appPathName:string,userAgent:string,networkType:string,saveData:string,eventType:string,dashboardType:string,name:string,url:string,method:string,duration:number,statusCode:number,requestId:string,appVersion:string}]	200	walk4
2026-07-29T22:19:21.433Z	POST	https://insights-collector.newrelic.com/v1/accounts/737486/events	/im-catalog/approvals [Jivo Wellness]	[{appName:string,appVCode:string,agent:string,platform:string,user_id:string,s_id:string,account_id:string,clarity_url:string,isCanary:string,appURL:string,appHost:string,appPathName:string,userAgent:string,networkType:string,saveData:string,eventType:string,dashboardType:string,name:string,remoteName:string,loadTime:number,status:string,deviceContext:string}]	200	walk4
2026-07-29T22:19:21.649Z	POST	https://insights-collector.newrelic.com/v1/accounts/737486/events	/im-catalog/approvals [Jivo Wellness]	[{appName:string,appVCode:string,agent:string,platform:string,user_id:string,s_id:string,account_id:string,clarity_url:string,isCanary:string,appURL:string,appHost:string,appPathName:string,userAgent:string,networkType:string,saveData:string,eventType:string,dashboardType:string,name:string,url:string,method:string,duration:number,statusCode:number,requestId:string,appVersion:string}]	200	walk4
2026-07-29T22:19:28.667Z	POST	https://insights-collector.newrelic.com/v1/accounts/737486/events	/im-catalog/update-requests [Jivo Wellness]	[{networkType:string,saveData:string,eventType:string,dashboardType:string,isCanary:string,name:string,pageUrl:string,originTime:number,loadTime:number,account_id:string,appURL:string,appPathName:string,deviceContext:string,user_id:string}]	200	walk4
2026-07-29T22:19:28.729Z	POST	https://insights-collector.newrelic.com/v1/accounts/737486/events	/im-catalog/update-requests [Jivo Wellness]	[{appName:string,appVCode:string,agent:string,platform:string,user_id:string,s_id:string,account_id:string,clarity_url:string,isCanary:string,appURL:string,appHost:string,appPathName:string,userAgent:string,networkType:string,saveData:string,eventType:string,name:string,value:number}]	200	walk4
2026-07-29T22:19:28.799Z	POST	https://insights-collector.newrelic.com/v1/accounts/737486/events	/im-catalog/update-requests [Jivo Wellness]	[{appName:string,appVCode:string,agent:string,platform:string,user_id:string,s_id:string,account_id:string,clarity_url:string,isCanary:string,appURL:string,appHost:string,appPathName:string,userAgent:string,networkType:string,saveData:string,eventType:string,name:string,value:number}]	200	walk4
2026-07-29T22:19:29.174Z	POST	https://brand-portal-service-http.swiggy.com/api/v1/account/permissions	/im-catalog/update-requests [Jivo Wellness]	{}	200	walk4
2026-07-29T22:19:29.184Z	POST	https://insights-collector.newrelic.com/v1/accounts/737486/events	/im-catalog/update-requests [Jivo Wellness]	[{appName:string,appVCode:string,agent:string,platform:string,user_id:string,s_id:string,account_id:string,clarity_url:string,isCanary:string,appURL:string,appHost:string,appPathName:string,userAgent:string,networkType:string,saveData:string,eventType:string,dashboardType:string,name:string,url:string,method:string,duration:number,statusCode:number,requestId:string,appVersion:string}]	200	walk4
2026-07-29T22:19:29.187Z	POST	https://insights-collector.newrelic.com/v1/accounts/737486/events	/im-catalog/update-requests [Jivo Wellness]	[{appName:string,appVCode:string,agent:string,platform:string,user_id:string,s_id:string,account_id:string,clarity_url:string,isCanary:string,appURL:string,appHost:string,appPathName:string,userAgent:string,networkType:string,saveData:string,eventType:string,dashboardType:string,name:string,error_type:string,context:string,login_type:string,email:string,session_info:string,error_message:string}]	200	walk4
2026-07-29T22:19:29.449Z	POST	https://brand-portal-service-http.swiggy.com/api/v1/account/permissions	/im-catalog/update-requests [Jivo Wellness]	{account_id:string}	200	walk4
2026-07-29T22:19:29.591Z	POST	https://insights-collector.newrelic.com/v1/accounts/737486/events	/im-catalog/update-requests [Jivo Wellness]	[{appName:string,appVCode:string,agent:string,platform:string,user_id:string,s_id:string,account_id:string,clarity_url:string,isCanary:string,appURL:string,appHost:string,appPathName:string,userAgent:string,networkType:string,saveData:string,eventType:string,dashboardType:string,name:string,url:string,method:string,duration:number,statusCode:number,requestId:string,appVersion:string}]	200	walk4
2026-07-29T22:19:29.802Z	POST	https://insights-collector.newrelic.com/v1/accounts/737486/events	/im-catalog/update-requests [Jivo Wellness]	[{appName:string,appVCode:string,agent:string,platform:string,user_id:string,s_id:string,account_id:string,clarity_url:string,isCanary:string,appURL:string,appHost:string,appPathName:string,userAgent:string,networkType:string,saveData:string,eventType:string,dashboardType:string,name:string,url:string,method:string,duration:number,statusCode:number,requestId:string,appVersion:string}]	200	walk4
2026-07-29T22:19:29.810Z	POST	https://insights-collector.newrelic.com/v1/accounts/737486/events	/im-catalog/update-requests [Jivo Wellness]	[{appName:string,appVCode:string,agent:string,platform:string,user_id:string,s_id:string,account_id:string,clarity_url:string,isCanary:string,appURL:string,appHost:string,appPathName:string,userAgent:string,networkType:string,saveData:string,eventType:string,name:string,value:number}]	200	walk4
2026-07-29T22:19:29.886Z	POST	https://insights-collector.newrelic.com/v1/accounts/737486/events	/im-catalog/update-requests [Jivo Wellness]	[{appName:string,appVCode:string,agent:string,platform:string,user_id:string,s_id:string,account_id:string,clarity_url:string,isCanary:string,appURL:string,appHost:string,appPathName:string,userAgent:string,networkType:string,saveData:string,eventType:string,dashboardType:string,name:string,remoteName:string,loadTime:number,status:string,deviceContext:string}]	200	walk4
2026-07-29T22:19:30.091Z	POST	https://insights-collector.newrelic.com/v1/accounts/737486/events	/im-catalog/update-requests [Jivo Wellness]	[{appName:string,appVCode:string,agent:string,platform:string,user_id:string,s_id:string,account_id:string,clarity_url:string,isCanary:string,appURL:string,appHost:string,appPathName:string,userAgent:string,networkType:string,saveData:string,eventType:string,dashboardType:string,name:string,url:string,method:string,duration:number,statusCode:number,requestId:string,appVersion:string}]	200	walk4
2026-07-29T22:19:30.393Z	POST	https://brand-portal-service-http.swiggy.com/v1/list_spin_change_requests	/im-catalog/update-requests [Jivo Wellness]	{requestContext:{requestId:string,clientId:string,channel:string,idempotencyId:string},mpContext:{marketplaceId:string,businessLineId:string},filters:{compositeFilter:{logicalOperator:string,filters:array}},sort:[{sortBy:string,sortOrder:string}],paginationContext:{offset:string,size:number}}	200	walk4
2026-07-29T22:19:31.208Z	POST	https://brand-portal-service-http.swiggy.com/v1/get_spin_metrics	/im-catalog/update-requests [Jivo Wellness]	{requestContext:{requestId:string,clientId:string,channel:string,idempotencyId:string},mpContext:{marketplaceId:string,businessLineId:string},metricsContext:string,metricsQueries:[{metricName:string,groupByDimension:string,dimensionMask:array}],filters:{fieldFilter:{key:string,values:array,comparisonOperator:string}}}	200	walk4
2026-07-29T22:19:37.052Z	POST	https://insights-collector.newrelic.com/v1/accounts/737486/events	/im-catalog/update-requests [Jivo Wellness]	[{networkType:string,saveData:string,eventType:string,dashboardType:string,isCanary:string,name:string,pageUrl:string,originTime:number,loadTime:number,account_id:string,appURL:string,appPathName:string,deviceContext:string,user_id:string}]	200	walk4
2026-07-29T22:19:37.111Z	POST	https://insights-collector.newrelic.com/v1/accounts/737486/events	/im-catalog/update-requests [Jivo Wellness]	[{appName:string,appVCode:string,agent:string,platform:string,user_id:string,s_id:string,account_id:string,clarity_url:string,isCanary:string,appURL:string,appHost:string,appPathName:string,userAgent:string,networkType:string,saveData:string,eventType:string,name:string,value:number}]	200	walk4
2026-07-29T22:19:37.212Z	POST	https://insights-collector.newrelic.com/v1/accounts/737486/events	/im-catalog/update-requests [Jivo Wellness]	[{appName:string,appVCode:string,agent:string,platform:string,user_id:string,s_id:string,account_id:string,clarity_url:string,isCanary:string,appURL:string,appHost:string,appPathName:string,userAgent:string,networkType:string,saveData:string,eventType:string,name:string,value:number}]	200	walk4
2026-07-29T22:19:37.575Z	POST	https://brand-portal-service-http.swiggy.com/api/v1/account/permissions	/im-catalog/update-requests [Jivo Wellness]	{}	200	walk4
2026-07-29T22:19:37.588Z	POST	https://insights-collector.newrelic.com/v1/accounts/737486/events	/im-catalog/update-requests [Jivo Wellness]	[{appName:string,appVCode:string,agent:string,platform:string,user_id:string,s_id:string,account_id:string,clarity_url:string,isCanary:string,appURL:string,appHost:string,appPathName:string,userAgent:string,networkType:string,saveData:string,eventType:string,dashboardType:string,name:string,url:string,method:string,duration:number,statusCode:number,requestId:string,appVersion:string}]	200	walk4
2026-07-29T22:19:37.614Z	POST	https://insights-collector.newrelic.com/v1/accounts/737486/events	/im-catalog/update-requests [Jivo Wellness]	[{appName:string,appVCode:string,agent:string,platform:string,user_id:string,s_id:string,account_id:string,clarity_url:string,isCanary:string,appURL:string,appHost:string,appPathName:string,userAgent:string,networkType:string,saveData:string,eventType:string,dashboardType:string,name:string,error_type:string,context:string,login_type:string,email:string,session_info:string,error_message:string}]	200	walk4
2026-07-29T22:19:37.851Z	POST	https://brand-portal-service-http.swiggy.com/api/v1/account/permissions	/im-catalog/update-requests [Jivo Wellness]	{account_id:string}	200	walk4
2026-07-29T22:19:37.866Z	POST	https://insights-collector.newrelic.com/v1/accounts/737486/events	/im-catalog/update-requests [Jivo Wellness]	[{appName:string,appVCode:string,agent:string,platform:string,user_id:string,s_id:string,account_id:string,clarity_url:string,isCanary:string,appURL:string,appHost:string,appPathName:string,userAgent:string,networkType:string,saveData:string,eventType:string,dashboardType:string,name:string,url:string,method:string,duration:number,statusCode:number,requestId:string,appVersion:string}]	200	walk4
2026-07-29T22:19:38.137Z	POST	https://brand-portal-service-http.swiggy.com/api/v1/account/permissions	/im-catalog/update-requests [Jivo Wellness]	{account_id:string}	200	walk4
2026-07-29T22:19:38.153Z	POST	https://insights-collector.newrelic.com/v1/accounts/737486/events	/im-catalog/update-requests [Jivo Wellness]	[{appName:string,appVCode:string,agent:string,platform:string,user_id:string,s_id:string,account_id:string,clarity_url:string,isCanary:string,appURL:string,appHost:string,appPathName:string,userAgent:string,networkType:string,saveData:string,eventType:string,dashboardType:string,name:string,url:string,method:string,duration:number,statusCode:number,requestId:string,appVersion:string}]	200	walk4
2026-07-29T22:19:38.423Z	POST	https://insights-collector.newrelic.com/v1/accounts/737486/events	/im-catalog/update-requests [Jivo Wellness]	[{appName:string,appVCode:string,agent:string,platform:string,user_id:string,s_id:string,account_id:string,clarity_url:string,isCanary:string,appURL:string,appHost:string,appPathName:string,userAgent:string,networkType:string,saveData:string,eventType:string,dashboardType:string,name:string,url:string,method:string,duration:number,statusCode:number,requestId:string,appVersion:string}]	200	walk4
2026-07-29T22:19:38.694Z	POST	https://insights-collector.newrelic.com/v1/accounts/737486/events	/im-catalog/update-requests [Jivo Wellness]	[{appName:string,appVCode:string,agent:string,platform:string,user_id:string,s_id:string,account_id:string,clarity_url:string,isCanary:string,appURL:string,appHost:string,appPathName:string,userAgent:string,networkType:string,saveData:string,eventType:string,dashboardType:string,name:string,url:string,method:string,duration:number,statusCode:number,requestId:string,appVersion:string}]	200	walk4
2026-07-29T22:19:38.722Z	POST	https://insights-collector.newrelic.com/v1/accounts/737486/events	/im-catalog/update-requests [Jivo Wellness]	[{appName:string,appVCode:string,agent:string,platform:string,user_id:string,s_id:string,account_id:string,clarity_url:string,isCanary:string,appURL:string,appHost:string,appPathName:string,userAgent:string,networkType:string,saveData:string,eventType:string,name:string,value:number}]	200	walk4
2026-07-29T22:19:42.470Z	POST	https://brand-portal-service-http.swiggy.com/api/v1/account/permissions	/im-catalog/update-requests [Jivo Wellness]	{account_id:string}	200	walk4
2026-07-29T22:19:42.808Z	POST	https://insights-collector.newrelic.com/v1/accounts/737486/events	/im-catalog/update-requests [Jivo Wellness]	[{appName:string,appVCode:string,agent:string,platform:string,user_id:string,s_id:string,account_id:string,clarity_url:string,isCanary:string,appURL:string,appHost:string,appPathName:string,userAgent:string,networkType:string,saveData:string,eventType:string,dashboardType:string,name:string,url:string,method:string,duration:number,statusCode:number,requestId:string,appVersion:string}]	200	walk4
2026-07-29T22:19:42.908Z	POST	https://insights-collector.newrelic.com/v1/accounts/737486/events	/im-catalog/update-requests [Jivo Wellness]	[{appName:string,appVCode:string,agent:string,platform:string,user_id:string,s_id:string,account_id:string,clarity_url:string,isCanary:string,appURL:string,appHost:string,appPathName:string,userAgent:string,networkType:string,saveData:string,eventType:string,dashboardType:string,name:string,remoteName:string,loadTime:number,status:string,deviceContext:string}]	200	walk4
2026-07-29T22:19:43.188Z	POST	https://insights-collector.newrelic.com/v1/accounts/737486/events	/im-catalog/update-requests [Jivo Wellness]	[{appName:string,platform:string,user_id:string,s_id:string,account_id:string,clarity_url:string,loginType:string,appVCode:string,appURL:string,appHost:string,appPathName:string,userAgent:string,networkType:string,saveData:string,eventType:string,dashboardType:string,isCanary:string,name:string,pageUrl:string,originTime:number,loadTime:number,loadMode:string,network_status:string}]	200	walk4
2026-07-29T22:19:43.697Z	POST	https://insights-collector.newrelic.com/v1/accounts/737486/events	/im-catalog/update-requests [Jivo Wellness]	[{appName:string,platform:string,user_id:string,s_id:string,account_id:string,clarity_url:string,loginType:string,appVCode:string,appURL:string,appHost:string,appPathName:string,userAgent:string,networkType:string,saveData:string,eventType:string,host:string,path:string,cached:string,redirect_time:number,dns_lookup_time:number,tcp_time:number,response_time:number,fetch_until_res_end_time:number,req_start_until_res_end_time:string}]	200	walk4
2026-07-29T22:19:43.754Z	POST	https://brand-portal-service-http.swiggy.com/api/v1/advertiser/metrics	/im-catalog/update-requests [Jivo Wellness]	{request_context:{request_id:string,client_id:string},account_id:string,advertiser_metrics_query:{metrics:[object],dimensions:[],filters:{logical_operator:string,filters:array}}}	200	walk4
2026-07-29T22:19:43.780Z	POST	https://brand-portal-service-http.swiggy.com/api/v1/campaigns	/im-catalog/update-requests [Jivo Wellness]	{request_context:{request_id:string,client_id:string},account_id:string,metrics:[{name:string}],filters:{logical_operator:string,filters:[object]},pagination_context:{offset:string,size:number},sort:{sort_order:string,ads_campaign_attribute:string}}	200	walk4
2026-07-29T22:19:43.818Z	POST	https://brand-portal-service-http.swiggy.com/api/v1/advertiser/metrics/batch	/im-catalog/update-requests [Jivo Wellness]	{request_context:{request_id:string,client_id:string},account_id:string,advertiser_metrics_queries:[{query_id:string,metrics:array,dimensions:array,filters:object,sort:object}]}	200	walk4
2026-07-29T22:19:44.204Z	POST	https://brand-portal-service-http.swiggy.com/api/v1/advertiser/metrics	/im-catalog/update-requests [Jivo Wellness]	{request_context:{request_id:string,client_id:string},account_id:string,advertiser_metrics_query:{metrics:[object],dimensions:[string],filters:{logical_operator:string,filters:array},pagination_context:{offset:string,size:number}}}	200	walk4
2026-07-29T22:19:44.251Z	POST	https://insights-collector.newrelic.com/v1/accounts/737486/events	/im-catalog/update-requests [Jivo Wellness]	[{appName:string,platform:string,user_id:string,s_id:string,account_id:string,clarity_url:string,loginType:string,appVCode:string,appURL:string,appHost:string,appPathName:string,userAgent:string,networkType:string,saveData:string,eventType:string,host:string,path:string,cached:string,redirect_time:number,dns_lookup_time:number,tcp_time:number,response_time:number,fetch_until_res_end_time:number,req_start_until_res_end_time:string}]	200	walk4
2026-07-29T22:19:44.543Z	POST	https://insights-collector.newrelic.com/v1/accounts/737486/events	/im-catalog/update-requests [Jivo Wellness]	[{appName:string,platform:string,user_id:string,s_id:string,account_id:string,clarity_url:string,loginType:string,appVCode:string,appURL:string,appHost:string,appPathName:string,userAgent:string,networkType:string,saveData:string,eventType:string,host:string,path:string,cached:string,redirect_time:number,dns_lookup_time:number,tcp_time:number,response_time:number,fetch_until_res_end_time:number,req_start_until_res_end_time:string}]	200	walk4
2026-07-29T22:19:48.880Z	POST	https://insights-collector.newrelic.com/v1/accounts/737486/events	/instamart [Jivo]	[{networkType:string,saveData:string,eventType:string,dashboardType:string,isCanary:string,name:string,pageUrl:string,originTime:number,loadTime:number,account_id:string,appURL:string,appPathName:string,deviceContext:string,user_id:string}]	200	walk4
2026-07-29T22:19:48.896Z	POST	https://insights-collector.newrelic.com/v1/accounts/737486/events	/instamart [Jivo]	[{appName:string,appVCode:string,agent:string,platform:string,user_id:string,s_id:string,account_id:string,clarity_url:string,isCanary:string,appURL:string,appHost:string,appPathName:string,userAgent:string,networkType:string,saveData:string,eventType:string,dashboardType:string,name:string,loadTime:number,app:string,deviceContext:string}]	200	walk4
2026-07-29T22:19:48.915Z	POST	https://insights-collector.newrelic.com/v1/accounts/737486/events	/instamart [Jivo]	[{appName:string,appVCode:string,agent:string,platform:string,user_id:string,s_id:string,account_id:string,clarity_url:string,isCanary:string,appURL:string,appHost:string,appPathName:string,userAgent:string,networkType:string,saveData:string,eventType:string,name:string,value:number}]	200	walk4
2026-07-29T22:19:49.019Z	POST	https://insights-collector.newrelic.com/v1/accounts/737486/events	/instamart [Jivo]	[{appName:string,appVCode:string,agent:string,platform:string,user_id:string,s_id:string,account_id:string,clarity_url:string,isCanary:string,appURL:string,appHost:string,appPathName:string,userAgent:string,networkType:string,saveData:string,eventType:string,name:string,value:number}]	200	walk4
2026-07-29T22:19:49.377Z	POST	https://brand-portal-service-http.swiggy.com/api/v1/account/permissions	/instamart [Jivo]	{}	200	walk4
2026-07-29T22:19:49.390Z	POST	https://insights-collector.newrelic.com/v1/accounts/737486/events	/instamart [Jivo]	[{appName:string,appVCode:string,agent:string,platform:string,user_id:string,s_id:string,account_id:string,clarity_url:string,isCanary:string,appURL:string,appHost:string,appPathName:string,userAgent:string,networkType:string,saveData:string,eventType:string,dashboardType:string,name:string,url:string,method:string,duration:number,statusCode:number,requestId:string,appVersion:string}]	200	walk4
2026-07-29T22:19:49.655Z	POST	https://brand-portal-service-http.swiggy.com/api/v1/account/permissions	/instamart [Jivo]	{account_id:string}	200	walk4
2026-07-29T22:19:49.707Z	POST	https://insights-collector.newrelic.com/v1/accounts/737486/events	/instamart [Jivo]	[{appName:string,appVCode:string,agent:string,platform:string,user_id:string,s_id:string,account_id:string,clarity_url:string,isCanary:string,appURL:string,appHost:string,appPathName:string,userAgent:string,networkType:string,saveData:string,eventType:string,dashboardType:string,name:string,url:string,method:string,duration:number,statusCode:number,requestId:string,appVersion:string}]	200	walk4
2026-07-29T22:19:49.928Z	POST	https://insights-collector.newrelic.com/v1/accounts/737486/events	/instamart [Jivo]	[{appName:string,appVCode:string,agent:string,platform:string,user_id:string,s_id:string,account_id:string,clarity_url:string,isCanary:string,appURL:string,appHost:string,appPathName:string,userAgent:string,networkType:string,saveData:string,eventType:string,dashboardType:string,name:string,url:string,method:string,duration:number,statusCode:number,requestId:string,appVersion:string}]	200	walk4
2026-07-29T22:19:49.995Z	POST	https://insights-collector.newrelic.com/v1/accounts/737486/events	/instamart [Jivo]	[{appName:string,appVCode:string,agent:string,platform:string,user_id:string,s_id:string,account_id:string,clarity_url:string,isCanary:string,appURL:string,appHost:string,appPathName:string,userAgent:string,networkType:string,saveData:string,eventType:string,dashboardType:string,name:string,url:string,method:string,duration:number,statusCode:number,requestId:string,appVersion:string}]	200	walk4
2026-07-29T22:19:50.110Z	POST	https://insights-collector.newrelic.com/v1/accounts/737486/events	/instamart [Jivo]	[{appName:string,appVCode:string,agent:string,platform:string,user_id:string,s_id:string,account_id:string,clarity_url:string,isCanary:string,appURL:string,appHost:string,appPathName:string,userAgent:string,networkType:string,saveData:string,eventType:string,dashboardType:string,name:string,remoteName:string,loadTime:number,status:string,deviceContext:string}]	200	walk4
2026-07-29T22:19:50.273Z	POST	https://insights-collector.newrelic.com/v1/accounts/737486/events	/instamart [Jivo]	[{appName:string,appVCode:string,agent:string,platform:string,user_id:string,s_id:string,account_id:string,clarity_url:string,isCanary:string,appURL:string,appHost:string,appPathName:string,userAgent:string,networkType:string,saveData:string,eventType:string,dashboardType:string,name:string,url:string,method:string,duration:number,statusCode:number,requestId:string,appVersion:string}]	200	walk4
2026-07-29T22:19:50.314Z	POST	https://insights-collector.newrelic.com/v1/accounts/737486/events	/instamart [Jivo]	[{appName:string,platform:string,user_id:string,s_id:string,account_id:string,clarity_url:string,loginType:string,appVCode:string,appURL:string,appHost:string,appPathName:string,userAgent:string,networkType:string,saveData:string,eventType:string,dashboardType:string,isCanary:string,name:string,pageUrl:string,originTime:number,loadTime:number,loadMode:string,network_status:string}]	200	walk4
2026-07-29T22:19:50.989Z	POST	https://insights-collector.newrelic.com/v1/accounts/737486/events	/instamart [Jivo]	[{appName:string,platform:string,user_id:string,s_id:string,account_id:string,clarity_url:string,loginType:string,appVCode:string,appURL:string,appHost:string,appPathName:string,userAgent:string,networkType:string,saveData:string,eventType:string,value:number,dashboardType:string}]	200	walk4
2026-07-29T22:19:51.202Z	POST	https://insights-collector.newrelic.com/v1/accounts/737486/events	/instamart [Jivo]	[{appName:string,platform:string,user_id:string,s_id:string,account_id:string,clarity_url:string,loginType:string,appVCode:string,appURL:string,appHost:string,appPathName:string,userAgent:string,networkType:string,saveData:string,eventType:string,host:string,path:string,cached:string,redirect_time:number,dns_lookup_time:number,tcp_time:number,response_time:number,fetch_until_res_end_time:number,req_start_until_res_end_time:string}]	200	walk4
2026-07-29T22:19:51.424Z	POST	https://brand-portal-service-http.swiggy.com/api/v1/sales/metric	/instamart [Jivo]	{accountId:string,requestContext:{requestId:string,clientId:string,requestTime:string},salesMetricsQuery:{filter:{logicalOperator:string,filters:array},dimensions:[string],metrics:[string],tagFilters:[]}}	200	walk4
2026-07-29T22:19:51.427Z	POST	https://brand-portal-service-http.swiggy.com/api/v1/sales/metric	/instamart [Jivo]	{accountId:string,requestContext:{requestId:string,clientId:string,requestTime:string},salesMetricsQuery:{filter:{logicalOperator:string,filters:array},dimensions:[],metrics:[string],paginationContext:{offset:string,size:number},tagFilters:[]}}	200	walk4
2026-07-29T22:19:51.439Z	POST	https://brand-portal-service-http.swiggy.com/api/v1/sales/metric	/instamart [Jivo]	{accountId:string,requestContext:{requestId:string,clientId:string,requestTime:string},salesMetricsQuery:{filter:{logicalOperator:string,filters:array},dimensions:[string],metrics:[string],paginationContext:{offset:string,size:number},tagFilters:[]}}	200	walk4
2026-07-29T22:19:51.515Z	POST	https://insights-collector.newrelic.com/v1/accounts/737486/events	/instamart [Jivo]	[{appName:string,platform:string,user_id:string,s_id:string,account_id:string,clarity_url:string,loginType:string,appVCode:string,appURL:string,appHost:string,appPathName:string,userAgent:string,networkType:string,saveData:string,eventType:string,dashboardType:string,isCanary:string,name:string,message:string,load_time_ms:number,network_status:string}]	200	walk4
2026-07-29T22:19:52.723Z	POST	https://brand-portal-service-http.swiggy.com/api/v1/sales/metric	/instamart [Jivo]	{accountId:string,requestContext:{requestId:string,clientId:string,requestTime:string},salesMetricsQuery:{filter:{logicalOperator:string,filters:array},dimensions:[string],metrics:[string],paginationContext:{offset:string,size:number},tagFilters:[]}}	200	walk4
2026-07-29T22:19:52.736Z	POST	https://brand-portal-service-http.swiggy.com/api/v1/sales/filters	/instamart [Jivo]	{accountId:string,requestContext:{requestId:string,clientId:string,requestTime:string},filterScopes:[{dateRange:object}],brands:{paginationContext:{offset:string,size:number},searchValue:string},cities:{paginationContext:{offset:string,size:number},searchValue:string},categories:{paginationContext:{offset:string,size:number},searchValue:string},products:{paginationContext:{offset:string,size:number},searchValue:string}}	200	walk4
2026-07-29T22:19:52.745Z	POST	https://maps.googleapis.com/$rpc/google.internal.maps.mapsjs.v1.MapsJsInternalService/GetViewportInfo	/instamart [Jivo]	[[[number]]]	200	walk4
2026-07-29T22:19:52.745Z	POST	https://insights-collector.newrelic.com/v1/accounts/737486/events	/instamart [Jivo]	[{appName:string,platform:string,user_id:string,s_id:string,account_id:string,clarity_url:string,loginType:string,appVCode:string,appURL:string,appHost:string,appPathName:string,userAgent:string,networkType:string,saveData:string,eventType:string,host:string,path:string,cached:string,redirect_time:number,dns_lookup_time:number,tcp_time:number,response_time:number,fetch_until_res_end_time:number,req_start_until_res_end_time:string}]	200	walk4
2026-07-29T22:19:53.500Z	POST	https://insights-collector.newrelic.com/v1/accounts/737486/events	/instamart [Jivo]	[{appName:string,platform:string,user_id:string,s_id:string,account_id:string,clarity_url:string,loginType:string,appVCode:string,appURL:string,appHost:string,appPathName:string,userAgent:string,networkType:string,saveData:string,eventType:string,host:string,path:string,cached:string,redirect_time:number,dns_lookup_time:number,tcp_time:number,response_time:number,fetch_until_res_end_time:number,req_start_until_res_end_time:string}]	200	walk4
2026-07-29T22:19:57.539Z	POST	https://insights-collector.newrelic.com/v1/accounts/737486/events	/instamart/sales [Jivo]	[{networkType:string,saveData:string,eventType:string,dashboardType:string,isCanary:string,name:string,pageUrl:string,originTime:number,loadTime:number,account_id:string,appURL:string,appPathName:string,deviceContext:string,user_id:string}]	200	walk4
2026-07-29T22:19:57.577Z	POST	https://insights-collector.newrelic.com/v1/accounts/737486/events	/instamart/sales [Jivo]	[{appName:string,appVCode:string,agent:string,platform:string,user_id:string,s_id:string,account_id:string,clarity_url:string,isCanary:string,appURL:string,appHost:string,appPathName:string,userAgent:string,networkType:string,saveData:string,eventType:string,dashboardType:string,name:string,loadTime:number,app:string,deviceContext:string}]	200	walk4
2026-07-29T22:19:57.632Z	POST	https://insights-collector.newrelic.com/v1/accounts/737486/events	/instamart/sales [Jivo]	[{appName:string,appVCode:string,agent:string,platform:string,user_id:string,s_id:string,account_id:string,clarity_url:string,isCanary:string,appURL:string,appHost:string,appPathName:string,userAgent:string,networkType:string,saveData:string,eventType:string,name:string,value:number}]	200	walk4
2026-07-29T22:19:57.690Z	POST	https://insights-collector.newrelic.com/v1/accounts/737486/events	/instamart/sales [Jivo]	[{appName:string,appVCode:string,agent:string,platform:string,user_id:string,s_id:string,account_id:string,clarity_url:string,isCanary:string,appURL:string,appHost:string,appPathName:string,userAgent:string,networkType:string,saveData:string,eventType:string,name:string,value:number}]	200	walk4
2026-07-29T22:19:58.063Z	POST	https://brand-portal-service-http.swiggy.com/api/v1/account/permissions	/instamart/sales [Jivo]	{}	200	walk4
2026-07-29T22:19:58.076Z	POST	https://insights-collector.newrelic.com/v1/accounts/737486/events	/instamart/sales [Jivo]	[{appName:string,appVCode:string,agent:string,platform:string,user_id:string,s_id:string,account_id:string,clarity_url:string,isCanary:string,appURL:string,appHost:string,appPathName:string,userAgent:string,networkType:string,saveData:string,eventType:string,dashboardType:string,name:string,url:string,method:string,duration:number,statusCode:number,requestId:string,appVersion:string}]	200	walk4
2026-07-29T22:19:58.333Z	POST	https://brand-portal-service-http.swiggy.com/api/v1/account/permissions	/instamart/sales [Jivo]	{account_id:string}	200	walk4
2026-07-29T22:19:58.384Z	POST	https://insights-collector.newrelic.com/v1/accounts/737486/events	/instamart/sales [Jivo]	[{appName:string,appVCode:string,agent:string,platform:string,user_id:string,s_id:string,account_id:string,clarity_url:string,isCanary:string,appURL:string,appHost:string,appPathName:string,userAgent:string,networkType:string,saveData:string,eventType:string,dashboardType:string,name:string,url:string,method:string,duration:number,statusCode:number,requestId:string,appVersion:string}]	200	walk4
2026-07-29T22:19:58.608Z	POST	https://insights-collector.newrelic.com/v1/accounts/737486/events	/instamart/sales [Jivo]	[{appName:string,appVCode:string,agent:string,platform:string,user_id:string,s_id:string,account_id:string,clarity_url:string,isCanary:string,appURL:string,appHost:string,appPathName:string,userAgent:string,networkType:string,saveData:string,eventType:string,dashboardType:string,name:string,url:string,method:string,duration:number,statusCode:number,requestId:string,appVersion:string}]	200	walk4
2026-07-29T22:19:58.655Z	POST	https://insights-collector.newrelic.com/v1/accounts/737486/events	/instamart/sales [Jivo]	[{appName:string,appVCode:string,agent:string,platform:string,user_id:string,s_id:string,account_id:string,clarity_url:string,isCanary:string,appURL:string,appHost:string,appPathName:string,userAgent:string,networkType:string,saveData:string,eventType:string,dashboardType:string,name:string,url:string,method:string,duration:number,statusCode:number,requestId:string,appVersion:string}]	200	walk4
2026-07-29T22:19:58.699Z	POST	https://insights-collector.newrelic.com/v1/accounts/737486/events	/instamart/sales [Jivo]	[{appName:string,appVCode:string,agent:string,platform:string,user_id:string,s_id:string,account_id:string,clarity_url:string,isCanary:string,appURL:string,appHost:string,appPathName:string,userAgent:string,networkType:string,saveData:string,eventType:string,name:string,value:number}]	200	walk4
2026-07-29T22:19:58.790Z	POST	https://insights-collector.newrelic.com/v1/accounts/737486/events	/instamart/sales [Jivo]	[{appName:string,appVCode:string,agent:string,platform:string,user_id:string,s_id:string,account_id:string,clarity_url:string,isCanary:string,appURL:string,appHost:string,appPathName:string,userAgent:string,networkType:string,saveData:string,eventType:string,dashboardType:string,name:string,remoteName:string,loadTime:number,status:string,deviceContext:string}]	200	walk4
2026-07-29T22:19:58.975Z	POST	https://insights-collector.newrelic.com/v1/accounts/737486/events	/instamart/sales [Jivo]	[{appName:string,appVCode:string,agent:string,platform:string,user_id:string,s_id:string,account_id:string,clarity_url:string,isCanary:string,appURL:string,appHost:string,appPathName:string,userAgent:string,networkType:string,saveData:string,eventType:string,dashboardType:string,name:string,url:string,method:string,duration:number,statusCode:number,requestId:string,appVersion:string}]	200	walk4
2026-07-29T22:19:59.005Z	POST	https://insights-collector.newrelic.com/v1/accounts/737486/events	/instamart/sales [Jivo]	[{appName:string,platform:string,user_id:string,s_id:string,account_id:string,clarity_url:string,loginType:string,appVCode:string,appURL:string,appHost:string,appPathName:string,userAgent:string,networkType:string,saveData:string,eventType:string,dashboardType:string,isCanary:string,name:string,pageUrl:string,originTime:number,loadTime:number,loadMode:string,network_status:string}]	200	walk4
2026-07-29T22:19:59.292Z	POST	https://insights-collector.newrelic.com/v1/accounts/737486/events	/instamart/sales [Jivo]	[{appName:string,platform:string,user_id:string,s_id:string,account_id:string,clarity_url:string,loginType:string,appVCode:string,appURL:string,appHost:string,appPathName:string,userAgent:string,networkType:string,saveData:string,eventType:string,metric_name:string,value:number,dashboardType:string}]	200	walk4
2026-07-29T22:19:59.527Z	POST	https://insights-collector.newrelic.com/v1/accounts/737486/events	/instamart/sales [Jivo]	[{appName:string,platform:string,user_id:string,s_id:string,account_id:string,clarity_url:string,loginType:string,appVCode:string,appURL:string,appHost:string,appPathName:string,userAgent:string,networkType:string,saveData:string,eventType:string,host:string,path:string,cached:string,redirect_time:number,dns_lookup_time:number,tcp_time:number,response_time:number,fetch_until_res_end_time:number,req_start_until_res_end_time:string}]	200	walk4
2026-07-29T22:19:59.608Z	POST	https://brand-portal-service-http.swiggy.com/api/v1/sales/reports	/instamart/sales [Jivo]	{request_context:{request_id:string,client_id:string,request_time:string},account_id:string,user:{user_id:string,email:string,user_pool:string},pagination:{offset:string,size:number}}	200	walk4
2026-07-29T22:19:59.897Z	POST	https://insights-collector.newrelic.com/v1/accounts/737486/events	/instamart/sales [Jivo]	[{appName:string,platform:string,user_id:string,s_id:string,account_id:string,clarity_url:string,loginType:string,appVCode:string,appURL:string,appHost:string,appPathName:string,userAgent:string,networkType:string,saveData:string,eventType:string,host:string,path:string,cached:string,redirect_time:number,dns_lookup_time:number,tcp_time:number,response_time:number,fetch_until_res_end_time:number,req_start_until_res_end_time:string}]	200	walk4
2026-07-29T22:20:05.946Z	POST	https://insights-collector.newrelic.com/v1/accounts/737486/events	/instamart/sales-insights [Jivo]	[{networkType:string,saveData:string,eventType:string,dashboardType:string,isCanary:string,name:string,pageUrl:string,originTime:number,loadTime:number,account_id:string,appURL:string,appPathName:string,deviceContext:string,user_id:string}]	200	walk4
2026-07-29T22:20:05.989Z	POST	https://insights-collector.newrelic.com/v1/accounts/737486/events	/instamart/sales-insights [Jivo]	[{appName:string,appVCode:string,agent:string,platform:string,user_id:string,s_id:string,account_id:string,clarity_url:string,isCanary:string,appURL:string,appHost:string,appPathName:string,userAgent:string,networkType:string,saveData:string,eventType:string,dashboardType:string,name:string,loadTime:number,app:string,deviceContext:string}]	200	walk4
2026-07-29T22:20:06.009Z	POST	https://insights-collector.newrelic.com/v1/accounts/737486/events	/instamart/sales-insights [Jivo]	[{appName:string,appVCode:string,agent:string,platform:string,user_id:string,s_id:string,account_id:string,clarity_url:string,isCanary:string,appURL:string,appHost:string,appPathName:string,userAgent:string,networkType:string,saveData:string,eventType:string,name:string,value:number}]	200	walk4
2026-07-29T22:20:06.071Z	POST	https://insights-collector.newrelic.com/v1/accounts/737486/events	/instamart/sales-insights [Jivo]	[{appName:string,appVCode:string,agent:string,platform:string,user_id:string,s_id:string,account_id:string,clarity_url:string,isCanary:string,appURL:string,appHost:string,appPathName:string,userAgent:string,networkType:string,saveData:string,eventType:string,name:string,value:number}]	200	walk4
2026-07-29T22:20:06.475Z	POST	https://brand-portal-service-http.swiggy.com/api/v1/account/permissions	/instamart/sales-insights [Jivo]	{}	200	walk4
2026-07-29T22:20:06.490Z	POST	https://insights-collector.newrelic.com/v1/accounts/737486/events	/instamart/sales-insights [Jivo]	[{appName:string,appVCode:string,agent:string,platform:string,user_id:string,s_id:string,account_id:string,clarity_url:string,isCanary:string,appURL:string,appHost:string,appPathName:string,userAgent:string,networkType:string,saveData:string,eventType:string,dashboardType:string,name:string,url:string,method:string,duration:number,statusCode:number,requestId:string,appVersion:string}]	200	walk4
2026-07-29T22:20:06.498Z	POST	https://insights-collector.newrelic.com/v1/accounts/737486/events	/instamart/sales-insights [Jivo]	[{appName:string,appVCode:string,agent:string,platform:string,user_id:string,s_id:string,account_id:string,clarity_url:string,isCanary:string,appURL:string,appHost:string,appPathName:string,userAgent:string,networkType:string,saveData:string,eventType:string,dashboardType:string,name:string,error_type:string,context:string,login_type:string,email:string,session_info:string,error_message:string}]	200	walk4
2026-07-29T22:20:06.757Z	POST	https://brand-portal-service-http.swiggy.com/api/v1/account/permissions	/instamart/sales-insights [Jivo]	{account_id:string}	200	walk4
2026-07-29T22:20:06.799Z	POST	https://insights-collector.newrelic.com/v1/accounts/737486/events	/instamart/sales-insights [Jivo]	[{appName:string,appVCode:string,agent:string,platform:string,user_id:string,s_id:string,account_id:string,clarity_url:string,isCanary:string,appURL:string,appHost:string,appPathName:string,userAgent:string,networkType:string,saveData:string,eventType:string,dashboardType:string,name:string,url:string,method:string,duration:number,statusCode:number,requestId:string,appVersion:string}]	200	walk4
2026-07-29T22:20:07.235Z	POST	https://insights-collector.newrelic.com/v1/accounts/737486/events	/instamart/sales-insights [Jivo]	[{appName:string,appVCode:string,agent:string,platform:string,user_id:string,s_id:string,account_id:string,clarity_url:string,isCanary:string,appURL:string,appHost:string,appPathName:string,userAgent:string,networkType:string,saveData:string,eventType:string,dashboardType:string,name:string,url:string,method:string,duration:number,statusCode:number,requestId:string,appVersion:string}]	200	walk4
2026-07-29T22:20:07.511Z	POST	https://insights-collector.newrelic.com/v1/accounts/737486/events	/instamart/sales-insights [Jivo]	[{appName:string,appVCode:string,agent:string,platform:string,user_id:string,s_id:string,account_id:string,clarity_url:string,isCanary:string,appURL:string,appHost:string,appPathName:string,userAgent:string,networkType:string,saveData:string,eventType:string,dashboardType:string,name:string,url:string,method:string,duration:number,statusCode:number,requestId:string,appVersion:string}]	200	walk4
2026-07-29T22:20:07.518Z	POST	https://insights-collector.newrelic.com/v1/accounts/737486/events	/instamart/sales-insights [Jivo]	[{appName:string,appVCode:string,agent:string,platform:string,user_id:string,s_id:string,account_id:string,clarity_url:string,isCanary:string,appURL:string,appHost:string,appPathName:string,userAgent:string,networkType:string,saveData:string,eventType:string,dashboardType:string,name:string,remoteName:string,loadTime:number,status:string,deviceContext:string}]	200	walk4
2026-07-29T22:20:07.525Z	POST	https://insights-collector.newrelic.com/v1/accounts/737486/events	/instamart/sales-insights [Jivo]	[{appName:string,platform:string,user_id:string,s_id:string,account_id:string,clarity_url:string,loginType:string,appVCode:string,appURL:string,appHost:string,appPathName:string,userAgent:string,networkType:string,saveData:string,eventType:string,dashboardType:string,isCanary:string,name:string,pageUrl:string,originTime:number,loadTime:number,loadMode:string,network_status:string}]	200	walk4
2026-07-29T22:20:08.027Z	POST	https://insights-collector.newrelic.com/v1/accounts/737486/events	/instamart/sales-insights [Jivo]	[{appName:string,platform:string,user_id:string,s_id:string,account_id:string,clarity_url:string,loginType:string,appVCode:string,appURL:string,appHost:string,appPathName:string,userAgent:string,networkType:string,saveData:string,eventType:string,value:number,dashboardType:string}]	200	walk4
2026-07-29T22:20:08.221Z	POST	https://insights-collector.newrelic.com/v1/accounts/737486/events	/instamart/sales-insights [Jivo]	[{appName:string,platform:string,user_id:string,s_id:string,account_id:string,clarity_url:string,loginType:string,appVCode:string,appURL:string,appHost:string,appPathName:string,userAgent:string,networkType:string,saveData:string,eventType:string,dashboardType:string,isCanary:string,name:string,message:string,load_time_ms:number,network_status:string}]	200	walk4
2026-07-29T22:20:08.254Z	POST	https://insights-collector.newrelic.com/v1/accounts/737486/events	/instamart/sales-insights [Jivo]	[{appName:string,platform:string,user_id:string,s_id:string,account_id:string,clarity_url:string,loginType:string,appVCode:string,appURL:string,appHost:string,appPathName:string,userAgent:string,networkType:string,saveData:string,eventType:string,host:string,path:string,cached:string,redirect_time:number,dns_lookup_time:number,tcp_time:number,response_time:number,fetch_until_res_end_time:number,req_start_until_res_end_time:string}]	200	walk4
2026-07-29T22:20:08.341Z	POST	https://brand-portal-service-http.swiggy.com/api/v1/sales/filters	/instamart/sales-insights [Jivo]	{accountId:string,requestContext:{requestId:string,clientId:string,requestTime:string},filterScopes:[{dateRange:object}],brands:{paginationContext:{offset:string,size:number},searchValue:string},cities:{paginationContext:{offset:string,size:number},searchValue:string},categories:{paginationContext:{offset:string,size:number},searchValue:string},products:{paginationContext:{offset:string,size:number},searchValue:string}}	200	walk4
2026-07-29T22:20:08.375Z	POST	https://maps.googleapis.com/$rpc/google.internal.maps.mapsjs.v1.MapsJsInternalService/GetViewportInfo	/instamart/sales-insights [Jivo]	[[[number]]]	200	walk4
2026-07-29T22:20:08.494Z	POST	https://brand-portal-service-http.swiggy.com/api/v1/sales/metric	/instamart/sales-insights [Jivo]	{accountId:string,requestContext:{requestId:string,clientId:string,requestTime:string},salesMetricsQuery:{filter:{logicalOperator:string,filters:array},dimensions:[string],metrics:[string],tagFilters:[]}}	200	walk4
2026-07-29T22:20:08.623Z	POST	https://brand-portal-service-http.swiggy.com/api/v1/sales/metric	/instamart/sales-insights [Jivo]	{accountId:string,requestContext:{requestId:string,clientId:string,requestTime:string},salesMetricsQuery:{filter:{logicalOperator:string,filters:array},dimensions:[],metrics:[string],paginationContext:{offset:string,size:number},tagFilters:[]}}	200	walk4
2026-07-29T22:20:08.624Z	POST	https://brand-portal-service-http.swiggy.com/api/v1/sales/metric	/instamart/sales-insights [Jivo]	{accountId:string,requestContext:{requestId:string,clientId:string,requestTime:string},salesMetricsQuery:{filter:{logicalOperator:string,filters:array},dimensions:[string],metrics:[string],paginationContext:{offset:string,size:number},tagFilters:[]}}	200	walk4
2026-07-29T22:20:09.892Z	POST	https://brand-portal-service-http.swiggy.com/api/v1/sales/metric	/instamart/sales-insights [Jivo]	{accountId:string,requestContext:{requestId:string,clientId:string,requestTime:string},salesMetricsQuery:{filter:{logicalOperator:string,filters:array},dimensions:[string],metrics:[string],paginationContext:{offset:string,size:number},tagFilters:[]}}	200	walk4
2026-07-29T22:20:09.894Z	POST	https://insights-collector.newrelic.com/v1/accounts/737486/events	/instamart/sales-insights [Jivo]	[{appName:string,platform:string,user_id:string,s_id:string,account_id:string,clarity_url:string,loginType:string,appVCode:string,appURL:string,appHost:string,appPathName:string,userAgent:string,networkType:string,saveData:string,eventType:string,host:string,path:string,cached:string,redirect_time:number,dns_lookup_time:number,tcp_time:number,response_time:number,fetch_until_res_end_time:number,req_start_until_res_end_time:string}]	200	walk4
2026-07-29T22:20:10.669Z	POST	https://insights-collector.newrelic.com/v1/accounts/737486/events	/instamart/sales-insights [Jivo]	[{appName:string,platform:string,user_id:string,s_id:string,account_id:string,clarity_url:string,loginType:string,appVCode:string,appURL:string,appHost:string,appPathName:string,userAgent:string,networkType:string,saveData:string,eventType:string,host:string,path:string,cached:string,redirect_time:number,dns_lookup_time:number,tcp_time:number,response_time:number,fetch_until_res_end_time:number,req_start_until_res_end_time:string}]	200	walk4
2026-07-29T22:20:34.880Z	POST	https://insights-collector.newrelic.com/v1/accounts/737486/events	/instamart/reports [Jivo]	[{networkType:string,saveData:string,eventType:string,dashboardType:string,isCanary:string,name:string,pageUrl:string,originTime:number,loadTime:number,account_id:string,appURL:string,appPathName:string,deviceContext:string,user_id:string}]	200	walk4
2026-07-29T22:20:34.915Z	POST	https://insights-collector.newrelic.com/v1/accounts/737486/events	/instamart/reports [Jivo]	[{appName:string,appVCode:string,agent:string,platform:string,user_id:string,s_id:string,account_id:string,clarity_url:string,isCanary:string,appURL:string,appHost:string,appPathName:string,userAgent:string,networkType:string,saveData:string,eventType:string,dashboardType:string,name:string,loadTime:number,app:string,deviceContext:string}]	200	walk4
2026-07-29T22:20:34.929Z	POST	https://insights-collector.newrelic.com/v1/accounts/737486/events	/instamart/reports [Jivo]	[{appName:string,appVCode:string,agent:string,platform:string,user_id:string,s_id:string,account_id:string,clarity_url:string,isCanary:string,appURL:string,appHost:string,appPathName:string,userAgent:string,networkType:string,saveData:string,eventType:string,name:string,value:number}]	200	walk4
2026-07-29T22:20:34.998Z	POST	https://insights-collector.newrelic.com/v1/accounts/737486/events	/instamart/reports [Jivo]	[{appName:string,appVCode:string,agent:string,platform:string,user_id:string,s_id:string,account_id:string,clarity_url:string,isCanary:string,appURL:string,appHost:string,appPathName:string,userAgent:string,networkType:string,saveData:string,eventType:string,name:string,value:number}]	200	walk4
2026-07-29T22:20:35.389Z	POST	https://insights-collector.newrelic.com/v1/accounts/737486/events	/instamart/reports [Jivo]	[{appName:string,appVCode:string,agent:string,platform:string,user_id:string,s_id:string,account_id:string,clarity_url:string,isCanary:string,appURL:string,appHost:string,appPathName:string,userAgent:string,networkType:string,saveData:string,eventType:string,dashboardType:string,name:string,url:string,method:string,duration:number,statusCode:number,requestId:string,appVersion:string}]	200	walk4
2026-07-29T22:20:35.390Z	POST	https://brand-portal-service-http.swiggy.com/api/v1/account/permissions	/instamart/reports [Jivo]	{}	200	walk4
2026-07-29T22:20:35.402Z	POST	https://insights-collector.newrelic.com/v1/accounts/737486/events	/instamart/reports [Jivo]	[{appName:string,appVCode:string,agent:string,platform:string,user_id:string,s_id:string,account_id:string,clarity_url:string,isCanary:string,appURL:string,appHost:string,appPathName:string,userAgent:string,networkType:string,saveData:string,eventType:string,dashboardType:string,name:string,error_type:string,context:string,login_type:string,email:string,session_info:string,error_message:string}]	200	walk4
2026-07-29T22:20:35.671Z	POST	https://brand-portal-service-http.swiggy.com/api/v1/account/permissions	/instamart/reports [Jivo]	{account_id:string}	200	walk4
2026-07-29T22:20:35.693Z	POST	https://insights-collector.newrelic.com/v1/accounts/737486/events	/instamart/reports [Jivo]	[{appName:string,appVCode:string,agent:string,platform:string,user_id:string,s_id:string,account_id:string,clarity_url:string,isCanary:string,appURL:string,appHost:string,appPathName:string,userAgent:string,networkType:string,saveData:string,eventType:string,dashboardType:string,name:string,url:string,method:string,duration:number,statusCode:number,requestId:string,appVersion:string}]	200	walk4
2026-07-29T22:20:36.014Z	POST	https://insights-collector.newrelic.com/v1/accounts/737486/events	/instamart/reports [Jivo]	[{appName:string,appVCode:string,agent:string,platform:string,user_id:string,s_id:string,account_id:string,clarity_url:string,isCanary:string,appURL:string,appHost:string,appPathName:string,userAgent:string,networkType:string,saveData:string,eventType:string,dashboardType:string,name:string,url:string,method:string,duration:number,statusCode:number,requestId:string,appVersion:string}]	200	walk4
2026-07-29T22:20:36.151Z	POST	https://insights-collector.newrelic.com/v1/accounts/737486/events	/instamart/reports [Jivo]	[{appName:string,appVCode:string,agent:string,platform:string,user_id:string,s_id:string,account_id:string,clarity_url:string,isCanary:string,appURL:string,appHost:string,appPathName:string,userAgent:string,networkType:string,saveData:string,eventType:string,dashboardType:string,name:string,url:string,method:string,duration:number,statusCode:number,requestId:string,appVersion:string}]	200	walk4
2026-07-29T22:20:36.301Z	POST	https://insights-collector.newrelic.com/v1/accounts/737486/events	/instamart/reports [Jivo]	[{appName:string,appVCode:string,agent:string,platform:string,user_id:string,s_id:string,account_id:string,clarity_url:string,isCanary:string,appURL:string,appHost:string,appPathName:string,userAgent:string,networkType:string,saveData:string,eventType:string,dashboardType:string,name:string,url:string,method:string,duration:number,statusCode:number,requestId:string,appVersion:string}]	200	walk4
2026-07-29T22:20:36.329Z	POST	https://insights-collector.newrelic.com/v1/accounts/737486/events	/instamart/reports [Jivo]	[{appName:string,platform:string,user_id:string,s_id:string,account_id:string,clarity_url:string,loginType:string,appVCode:string,appURL:string,appHost:string,appPathName:string,userAgent:string,networkType:string,saveData:string,eventType:string,dashboardType:string,isCanary:string,name:string,pageUrl:string,originTime:number,loadTime:number,loadMode:string,network_status:string}]	200	walk4
2026-07-29T22:20:36.619Z	POST	https://insights-collector.newrelic.com/v1/accounts/737486/events	/instamart/reports [Jivo]	[{appName:string,platform:string,user_id:string,s_id:string,account_id:string,clarity_url:string,loginType:string,appVCode:string,appURL:string,appHost:string,appPathName:string,userAgent:string,networkType:string,saveData:string,eventType:string,metric_name:string,value:number,dashboardType:string}]	200	walk4
2026-07-29T22:20:36.832Z	POST	https://insights-collector.newrelic.com/v1/accounts/737486/events	/instamart/reports [Jivo]	[{appName:string,platform:string,user_id:string,s_id:string,account_id:string,clarity_url:string,loginType:string,appVCode:string,appURL:string,appHost:string,appPathName:string,userAgent:string,networkType:string,saveData:string,eventType:string,host:string,path:string,cached:string,redirect_time:number,dns_lookup_time:number,tcp_time:number,response_time:number,fetch_until_res_end_time:number,req_start_until_res_end_time:string}]	200	walk4
2026-07-29T22:20:36.877Z	POST	https://brand-portal-service-http.swiggy.com/api/v1/advertiser/metrics/report/list	/instamart/reports [Jivo]	{request_context:{request_id:string,request_time:string,client_id:string},pagination:{offset:string,size:number},account_id:string,user:{user_id:string,email:string}}	200	walk4
2026-07-29T22:20:37.176Z	POST	https://insights-collector.newrelic.com/v1/accounts/737486/events	/instamart/reports [Jivo]	[{appName:string,platform:string,user_id:string,s_id:string,account_id:string,clarity_url:string,loginType:string,appVCode:string,appURL:string,appHost:string,appPathName:string,userAgent:string,networkType:string,saveData:string,eventType:string,host:string,path:string,cached:string,redirect_time:number,dns_lookup_time:number,tcp_time:number,response_time:number,fetch_until_res_end_time:number,req_start_until_res_end_time:string}]	200	walk4
2026-07-29T22:20:48.314Z	POST	https://insights-collector.newrelic.com/v1/accounts/737486/events	/instamart/bdpo [Jivo]	[{networkType:string,saveData:string,eventType:string,dashboardType:string,isCanary:string,name:string,pageUrl:string,originTime:number,loadTime:number,account_id:string,appURL:string,appPathName:string,deviceContext:string,user_id:string}]	200	walk4
2026-07-29T22:20:48.342Z	POST	https://insights-collector.newrelic.com/v1/accounts/737486/events	/instamart/bdpo [Jivo]	[{appName:string,appVCode:string,agent:string,platform:string,user_id:string,s_id:string,account_id:string,clarity_url:string,isCanary:string,appURL:string,appHost:string,appPathName:string,userAgent:string,networkType:string,saveData:string,eventType:string,dashboardType:string,name:string,loadTime:number,app:string,deviceContext:string}]	200	walk4
2026-07-29T22:20:48.366Z	POST	https://insights-collector.newrelic.com/v1/accounts/737486/events	/instamart/bdpo [Jivo]	[{appName:string,appVCode:string,agent:string,platform:string,user_id:string,s_id:string,account_id:string,clarity_url:string,isCanary:string,appURL:string,appHost:string,appPathName:string,userAgent:string,networkType:string,saveData:string,eventType:string,name:string,value:number}]	200	walk4
2026-07-29T22:20:48.714Z	POST	https://insights-collector.newrelic.com/v1/accounts/737486/events	/instamart/bdpo [Jivo]	[{appName:string,appVCode:string,agent:string,platform:string,user_id:string,s_id:string,account_id:string,clarity_url:string,isCanary:string,appURL:string,appHost:string,appPathName:string,userAgent:string,networkType:string,saveData:string,eventType:string,name:string,value:number}]	200	walk4
2026-07-29T22:20:48.800Z	POST	https://brand-portal-service-http.swiggy.com/api/v1/account/permissions	/instamart/bdpo [Jivo]	{}	200	walk4
2026-07-29T22:20:48.809Z	POST	https://insights-collector.newrelic.com/v1/accounts/737486/events	/instamart/bdpo [Jivo]	[{appName:string,appVCode:string,agent:string,platform:string,user_id:string,s_id:string,account_id:string,clarity_url:string,isCanary:string,appURL:string,appHost:string,appPathName:string,userAgent:string,networkType:string,saveData:string,eventType:string,dashboardType:string,name:string,url:string,method:string,duration:number,statusCode:number,requestId:string,appVersion:string}]	200	walk4
2026-07-29T22:20:48.824Z	POST	https://insights-collector.newrelic.com/v1/accounts/737486/events	/instamart/bdpo [Jivo]	[{appName:string,appVCode:string,agent:string,platform:string,user_id:string,s_id:string,account_id:string,clarity_url:string,isCanary:string,appURL:string,appHost:string,appPathName:string,userAgent:string,networkType:string,saveData:string,eventType:string,dashboardType:string,name:string,error_type:string,context:string,login_type:string,email:string,session_info:string,error_message:string}]	200	walk4
2026-07-29T22:20:49.074Z	POST	https://brand-portal-service-http.swiggy.com/api/v1/account/permissions	/instamart/bdpo [Jivo]	{account_id:string}	200	walk4
2026-07-29T22:20:49.118Z	POST	https://insights-collector.newrelic.com/v1/accounts/737486/events	/instamart/bdpo [Jivo]	[{appName:string,appVCode:string,agent:string,platform:string,user_id:string,s_id:string,account_id:string,clarity_url:string,isCanary:string,appURL:string,appHost:string,appPathName:string,userAgent:string,networkType:string,saveData:string,eventType:string,dashboardType:string,name:string,url:string,method:string,duration:number,statusCode:number,requestId:string,appVersion:string}]	200	walk4
2026-07-29T22:20:49.530Z	POST	https://insights-collector.newrelic.com/v1/accounts/737486/events	/instamart/bdpo [Jivo]	[{appName:string,appVCode:string,agent:string,platform:string,user_id:string,s_id:string,account_id:string,clarity_url:string,isCanary:string,appURL:string,appHost:string,appPathName:string,userAgent:string,networkType:string,saveData:string,eventType:string,dashboardType:string,name:string,url:string,method:string,duration:number,statusCode:number,requestId:string,appVersion:string}]	200	walk4
2026-07-29T22:20:49.565Z	POST	https://insights-collector.newrelic.com/v1/accounts/737486/events	/instamart/bdpo [Jivo]	[{appName:string,appVCode:string,agent:string,platform:string,user_id:string,s_id:string,account_id:string,clarity_url:string,isCanary:string,appURL:string,appHost:string,appPathName:string,userAgent:string,networkType:string,saveData:string,eventType:string,dashboardType:string,name:string,remoteName:string,loadTime:number,status:string,deviceContext:string}]	200	walk4
2026-07-29T22:20:49.706Z	POST	https://insights-collector.newrelic.com/v1/accounts/737486/events	/instamart/bdpo [Jivo]	[{appName:string,platform:string,user_id:string,s_id:string,account_id:string,clarity_url:string,loginType:string,appVCode:string,appURL:string,appHost:string,appPathName:string,userAgent:string,networkType:string,saveData:string,eventType:string,host:string,path:string,cached:string,redirect_time:number,dns_lookup_time:number,tcp_time:number,response_time:number,fetch_until_res_end_time:number,req_start_until_res_end_time:string}]	200	walk4
2026-07-29T22:20:49.733Z	POST	https://insights-collector.newrelic.com/v1/accounts/737486/events	/instamart/bdpo [Jivo]	[{appName:string,platform:string,user_id:string,s_id:string,account_id:string,clarity_url:string,loginType:string,appVCode:string,appURL:string,appHost:string,appPathName:string,userAgent:string,networkType:string,saveData:string,eventType:string,dashboardType:string,isCanary:string,name:string,pageUrl:string,originTime:number,loadTime:number,loadMode:string,network_status:string}]	200	walk4
2026-07-29T22:20:49.736Z	POST	https://insights-collector.newrelic.com/v1/accounts/737486/events	/instamart/bdpo [Jivo]	[{appName:string,appVCode:string,agent:string,platform:string,user_id:string,s_id:string,account_id:string,clarity_url:string,isCanary:string,appURL:string,appHost:string,appPathName:string,userAgent:string,networkType:string,saveData:string,eventType:string,dashboardType:string,name:string,url:string,method:string,duration:number,statusCode:number,requestId:string,appVersion:string}]	200	walk4
2026-07-29T22:20:50.029Z	POST	https://insights-collector.newrelic.com/v1/accounts/737486/events	/instamart/bdpo [Jivo]	[{appName:string,platform:string,user_id:string,s_id:string,account_id:string,clarity_url:string,loginType:string,appVCode:string,appURL:string,appHost:string,appPathName:string,userAgent:string,networkType:string,saveData:string,eventType:string,metric_name:string,value:number,dashboardType:string}]	200	walk4
2026-07-29T22:20:50.247Z	POST	https://insights-collector.newrelic.com/v1/accounts/737486/events	/instamart/bdpo [Jivo]	[{appName:string,platform:string,user_id:string,s_id:string,account_id:string,clarity_url:string,loginType:string,appVCode:string,appURL:string,appHost:string,appPathName:string,userAgent:string,networkType:string,saveData:string,eventType:string,host:string,path:string,cached:string,redirect_time:number,dns_lookup_time:number,tcp_time:number,response_time:number,fetch_until_res_end_time:number,req_start_until_res_end_time:string}]	200	walk4
2026-07-29T22:20:50.292Z	POST	https://brand-portal-service-http.swiggy.com/api/v1/discount/reports	/instamart/bdpo [Jivo]	{request_context:{request_id:string,client_id:string,request_time:string},account_id:string,user:{user_id:string,email:string,user_pool:string},pagination:{offset:string,size:number}}	200	walk4
2026-07-29T22:20:50.574Z	POST	https://insights-collector.newrelic.com/v1/accounts/737486/events	/instamart/bdpo [Jivo]	[{appName:string,platform:string,user_id:string,s_id:string,account_id:string,clarity_url:string,loginType:string,appVCode:string,appURL:string,appHost:string,appPathName:string,userAgent:string,networkType:string,saveData:string,eventType:string,host:string,path:string,cached:string,redirect_time:number,dns_lookup_time:number,tcp_time:number,response_time:number,fetch_until_res_end_time:number,req_start_until_res_end_time:string}]	200	walk4
2026-07-29T22:20:56.817Z	POST	https://insights-collector.newrelic.com/v1/accounts/737486/events	/instamart/campaign/list [Jivo]	[{networkType:string,saveData:string,eventType:string,dashboardType:string,isCanary:string,name:string,pageUrl:string,originTime:number,loadTime:number,account_id:string,appURL:string,appPathName:string,deviceContext:string,user_id:string}]	200	walk4
2026-07-29T22:20:56.853Z	POST	https://insights-collector.newrelic.com/v1/accounts/737486/events	/instamart/campaign/list [Jivo]	[{appName:string,appVCode:string,agent:string,platform:string,user_id:string,s_id:string,account_id:string,clarity_url:string,isCanary:string,appURL:string,appHost:string,appPathName:string,userAgent:string,networkType:string,saveData:string,eventType:string,dashboardType:string,name:string,loadTime:number,app:string,deviceContext:string}]	200	walk4
2026-07-29T22:20:56.868Z	POST	https://insights-collector.newrelic.com/v1/accounts/737486/events	/instamart/campaign/list [Jivo]	[{appName:string,appVCode:string,agent:string,platform:string,user_id:string,s_id:string,account_id:string,clarity_url:string,isCanary:string,appURL:string,appHost:string,appPathName:string,userAgent:string,networkType:string,saveData:string,eventType:string,name:string,value:number}]	200	walk4
2026-07-29T22:20:56.955Z	POST	https://insights-collector.newrelic.com/v1/accounts/737486/events	/instamart/campaign/list [Jivo]	[{appName:string,appVCode:string,agent:string,platform:string,user_id:string,s_id:string,account_id:string,clarity_url:string,isCanary:string,appURL:string,appHost:string,appPathName:string,userAgent:string,networkType:string,saveData:string,eventType:string,name:string,value:number}]	200	walk4
2026-07-29T22:20:57.338Z	POST	https://insights-collector.newrelic.com/v1/accounts/737486/events	/instamart/campaign/list [Jivo]	[{appName:string,appVCode:string,agent:string,platform:string,user_id:string,s_id:string,account_id:string,clarity_url:string,isCanary:string,appURL:string,appHost:string,appPathName:string,userAgent:string,networkType:string,saveData:string,eventType:string,dashboardType:string,name:string,url:string,method:string,duration:number,statusCode:number,requestId:string,appVersion:string}]	200	walk4
2026-07-29T22:20:57.338Z	POST	https://brand-portal-service-http.swiggy.com/api/v1/account/permissions	/instamart/campaign/list [Jivo]	{}	200	walk4
2026-07-29T22:20:57.344Z	POST	https://insights-collector.newrelic.com/v1/accounts/737486/events	/instamart/campaign/list [Jivo]	[{appName:string,appVCode:string,agent:string,platform:string,user_id:string,s_id:string,account_id:string,clarity_url:string,isCanary:string,appURL:string,appHost:string,appPathName:string,userAgent:string,networkType:string,saveData:string,eventType:string,dashboardType:string,name:string,error_type:string,context:string,login_type:string,email:string,session_info:string,error_message:string}]	200	walk4
2026-07-29T22:20:57.616Z	POST	https://brand-portal-service-http.swiggy.com/api/v1/account/permissions	/instamart/campaign/list [Jivo]	{account_id:string}	200	walk4
2026-07-29T22:20:57.642Z	POST	https://insights-collector.newrelic.com/v1/accounts/737486/events	/instamart/campaign/list [Jivo]	[{appName:string,appVCode:string,agent:string,platform:string,user_id:string,s_id:string,account_id:string,clarity_url:string,isCanary:string,appURL:string,appHost:string,appPathName:string,userAgent:string,networkType:string,saveData:string,eventType:string,dashboardType:string,name:string,url:string,method:string,duration:number,statusCode:number,requestId:string,appVersion:string}]	200	walk4
2026-07-29T22:20:57.884Z	POST	https://insights-collector.newrelic.com/v1/accounts/737486/events	/instamart/campaign/list [Jivo]	[{appName:string,appVCode:string,agent:string,platform:string,user_id:string,s_id:string,account_id:string,clarity_url:string,isCanary:string,appURL:string,appHost:string,appPathName:string,userAgent:string,networkType:string,saveData:string,eventType:string,dashboardType:string,name:string,url:string,method:string,duration:number,statusCode:number,requestId:string,appVersion:string}]	200	walk4
2026-07-29T22:20:57.903Z	POST	https://insights-collector.newrelic.com/v1/accounts/737486/events	/instamart/campaign/list [Jivo]	[{appName:string,appVCode:string,agent:string,platform:string,user_id:string,s_id:string,account_id:string,clarity_url:string,isCanary:string,appURL:string,appHost:string,appPathName:string,userAgent:string,networkType:string,saveData:string,eventType:string,dashboardType:string,name:string,url:string,method:string,duration:number,statusCode:number,requestId:string,appVersion:string}]	200	walk4
2026-07-29T22:20:57.992Z	POST	https://insights-collector.newrelic.com/v1/accounts/737486/events	/instamart/campaign/list [Jivo]	[{appName:string,appVCode:string,agent:string,platform:string,user_id:string,s_id:string,account_id:string,clarity_url:string,isCanary:string,appURL:string,appHost:string,appPathName:string,userAgent:string,networkType:string,saveData:string,eventType:string,dashboardType:string,name:string,remoteName:string,loadTime:number,status:string,deviceContext:string}]	200	walk4
2026-07-29T22:20:58.242Z	POST	https://insights-collector.newrelic.com/v1/accounts/737486/events	/instamart/campaign/list [Jivo]	[{appName:string,appVCode:string,agent:string,platform:string,user_id:string,s_id:string,account_id:string,clarity_url:string,isCanary:string,appURL:string,appHost:string,appPathName:string,userAgent:string,networkType:string,saveData:string,eventType:string,dashboardType:string,name:string,url:string,method:string,duration:number,statusCode:number,requestId:string,appVersion:string}]	200	walk4
2026-07-29T22:20:58.257Z	POST	https://insights-collector.newrelic.com/v1/accounts/737486/events	/instamart/campaign/list [Jivo]	[{appName:string,platform:string,user_id:string,s_id:string,account_id:string,clarity_url:string,loginType:string,appVCode:string,appURL:string,appHost:string,appPathName:string,userAgent:string,networkType:string,saveData:string,eventType:string,dashboardType:string,isCanary:string,name:string,pageUrl:string,originTime:number,loadTime:number,loadMode:string,network_status:string}]	200	walk4
2026-07-29T22:20:58.331Z	POST	https://insights-collector.newrelic.com/v1/accounts/737486/events	/instamart/campaign/list [Jivo]	[{appName:string,appVCode:string,agent:string,platform:string,user_id:string,s_id:string,account_id:string,clarity_url:string,isCanary:string,appURL:string,appHost:string,appPathName:string,userAgent:string,networkType:string,saveData:string,eventType:string,name:string,value:number}]	200	walk4
2026-07-29T22:20:58.845Z	POST	https://insights-collector.newrelic.com/v1/accounts/737486/events	/instamart/campaign/list [Jivo]	[{appName:string,platform:string,user_id:string,s_id:string,account_id:string,clarity_url:string,loginType:string,appVCode:string,appURL:string,appHost:string,appPathName:string,userAgent:string,networkType:string,saveData:string,eventType:string,host:string,path:string,cached:string,redirect_time:number,dns_lookup_time:number,tcp_time:number,response_time:number,fetch_until_res_end_time:number,req_start_until_res_end_time:string}]	200	walk4
2026-07-29T22:20:58.854Z	POST	https://brand-portal-service-http.swiggy.com/api/v1/campaigns	/instamart/campaign/list [Jivo]	{request_context:{request_id:string,client_id:string},account_id:string,metrics:[{name:string}],filters:{logical_operator:string,filters:[object]},pagination_context:{offset:string,size:number},sort:{sort_order:string,ads_campaign_attribute:string}}	200	walk4
2026-07-29T22:20:58.868Z	POST	https://brand-portal-service-http.swiggy.com/api/v1/advertiser/metrics	/instamart/campaign/list [Jivo]	{request_context:{request_id:string,client_id:string},account_id:string,advertiser_metrics_query:{metrics:[object],dimensions:[],filters:{logical_operator:string,filters:array}}}	200	walk4
2026-07-29T22:20:58.869Z	POST	https://brand-portal-service-http.swiggy.com/api/v1/advertiser/metrics/batch	/instamart/campaign/list [Jivo]	{request_context:{request_id:string,client_id:string},account_id:string,advertiser_metrics_queries:[{query_id:string,metrics:array,dimensions:array,filters:object,sort:object}]}	200	walk4
2026-07-29T22:20:59.125Z	POST	https://brand-portal-service-http.swiggy.com/api/v1/advertiser/metrics	/instamart/campaign/list [Jivo]	{request_context:{request_id:string,client_id:string},account_id:string,advertiser_metrics_query:{metrics:[object],dimensions:[string],filters:{logical_operator:string,filters:array},pagination_context:{offset:string,size:number}}}	200	walk4
2026-07-29T22:20:59.284Z	POST	https://insights-collector.newrelic.com/v1/accounts/737486/events	/instamart/campaign/list [Jivo]	[{appName:string,platform:string,user_id:string,s_id:string,account_id:string,clarity_url:string,loginType:string,appVCode:string,appURL:string,appHost:string,appPathName:string,userAgent:string,networkType:string,saveData:string,eventType:string,host:string,path:string,cached:string,redirect_time:number,dns_lookup_time:number,tcp_time:number,response_time:number,fetch_until_res_end_time:number,req_start_until_res_end_time:string}]	200	walk4
2026-07-29T22:20:59.479Z	POST	https://insights-collector.newrelic.com/v1/accounts/737486/events	/instamart/campaign/list [Jivo]	[{appName:string,platform:string,user_id:string,s_id:string,account_id:string,clarity_url:string,loginType:string,appVCode:string,appURL:string,appHost:string,appPathName:string,userAgent:string,networkType:string,saveData:string,eventType:string,host:string,path:string,cached:string,redirect_time:number,dns_lookup_time:number,tcp_time:number,response_time:number,fetch_until_res_end_time:number,req_start_until_res_end_time:string}]	200	walk4
2026-07-29T22:21:05.342Z	POST	https://insights-collector.newrelic.com/v1/accounts/737486/events	/instamart/ads [Jivo]	[{networkType:string,saveData:string,eventType:string,dashboardType:string,isCanary:string,name:string,pageUrl:string,originTime:number,loadTime:number,account_id:string,appURL:string,appPathName:string,deviceContext:string,user_id:string}]	200	walk4
2026-07-29T22:21:05.375Z	POST	https://insights-collector.newrelic.com/v1/accounts/737486/events	/instamart/ads [Jivo]	[{appName:string,appVCode:string,agent:string,platform:string,user_id:string,s_id:string,account_id:string,clarity_url:string,isCanary:string,appURL:string,appHost:string,appPathName:string,userAgent:string,networkType:string,saveData:string,eventType:string,dashboardType:string,name:string,loadTime:number,app:string,deviceContext:string}]	200	walk4
2026-07-29T22:21:05.381Z	POST	https://insights-collector.newrelic.com/v1/accounts/737486/events	/instamart/ads [Jivo]	[{appName:string,appVCode:string,agent:string,platform:string,user_id:string,s_id:string,account_id:string,clarity_url:string,isCanary:string,appURL:string,appHost:string,appPathName:string,userAgent:string,networkType:string,saveData:string,eventType:string,name:string,value:number}]	200	walk4
2026-07-29T22:21:05.766Z	POST	https://insights-collector.newrelic.com/v1/accounts/737486/events	/instamart/ads [Jivo]	[{appName:string,appVCode:string,agent:string,platform:string,user_id:string,s_id:string,account_id:string,clarity_url:string,isCanary:string,appURL:string,appHost:string,appPathName:string,userAgent:string,networkType:string,saveData:string,eventType:string,name:string,value:number}]	200	walk4
2026-07-29T22:21:05.817Z	POST	https://brand-portal-service-http.swiggy.com/api/v1/account/permissions	/instamart/ads [Jivo]	{}	200	walk4
2026-07-29T22:21:05.842Z	POST	https://insights-collector.newrelic.com/v1/accounts/737486/events	/instamart/ads [Jivo]	[{appName:string,appVCode:string,agent:string,platform:string,user_id:string,s_id:string,account_id:string,clarity_url:string,isCanary:string,appURL:string,appHost:string,appPathName:string,userAgent:string,networkType:string,saveData:string,eventType:string,dashboardType:string,name:string,url:string,method:string,duration:number,statusCode:number,requestId:string,appVersion:string}]	200	walk4
2026-07-29T22:21:06.089Z	POST	https://brand-portal-service-http.swiggy.com/api/v1/account/permissions	/instamart/ads [Jivo]	{account_id:string}	200	walk4
2026-07-29T22:21:06.152Z	POST	https://insights-collector.newrelic.com/v1/accounts/737486/events	/instamart/ads [Jivo]	[{appName:string,appVCode:string,agent:string,platform:string,user_id:string,s_id:string,account_id:string,clarity_url:string,isCanary:string,appURL:string,appHost:string,appPathName:string,userAgent:string,networkType:string,saveData:string,eventType:string,dashboardType:string,name:string,url:string,method:string,duration:number,statusCode:number,requestId:string,appVersion:string}]	200	walk4
2026-07-29T22:21:06.426Z	POST	https://insights-collector.newrelic.com/v1/accounts/737486/events	/instamart/ads [Jivo]	[{appName:string,appVCode:string,agent:string,platform:string,user_id:string,s_id:string,account_id:string,clarity_url:string,isCanary:string,appURL:string,appHost:string,appPathName:string,userAgent:string,networkType:string,saveData:string,eventType:string,dashboardType:string,name:string,url:string,method:string,duration:number,statusCode:number,requestId:string,appVersion:string}]	200	walk4
2026-07-29T22:21:06.525Z	POST	https://insights-collector.newrelic.com/v1/accounts/737486/events	/instamart/ads [Jivo]	[{appName:string,appVCode:string,agent:string,platform:string,user_id:string,s_id:string,account_id:string,clarity_url:string,isCanary:string,appURL:string,appHost:string,appPathName:string,userAgent:string,networkType:string,saveData:string,eventType:string,dashboardType:string,name:string,remoteName:string,loadTime:number,status:string,deviceContext:string}]	200	walk4
2026-07-29T22:21:06.697Z	POST	https://insights-collector.newrelic.com/v1/accounts/737486/events	/instamart/ads [Jivo]	[{appName:string,appVCode:string,agent:string,platform:string,user_id:string,s_id:string,account_id:string,clarity_url:string,isCanary:string,appURL:string,appHost:string,appPathName:string,userAgent:string,networkType:string,saveData:string,eventType:string,dashboardType:string,name:string,url:string,method:string,duration:number,statusCode:number,requestId:string,appVersion:string}]	200	walk4
2026-07-29T22:21:06.797Z	POST	https://insights-collector.newrelic.com/v1/accounts/737486/events	/instamart/ads [Jivo]	[{appName:string,platform:string,user_id:string,s_id:string,account_id:string,clarity_url:string,loginType:string,appVCode:string,appURL:string,appHost:string,appPathName:string,userAgent:string,networkType:string,saveData:string,eventType:string,dashboardType:string,isCanary:string,name:string,pageUrl:string,originTime:number,loadTime:number,loadMode:string,network_status:string}]	200	walk4
2026-07-29T22:21:07.312Z	POST	https://insights-collector.newrelic.com/v1/accounts/737486/events	/instamart/ads [Jivo]	[{appName:string,platform:string,user_id:string,s_id:string,account_id:string,clarity_url:string,loginType:string,appVCode:string,appURL:string,appHost:string,appPathName:string,userAgent:string,networkType:string,saveData:string,eventType:string,host:string,path:string,cached:string,redirect_time:number,dns_lookup_time:number,tcp_time:number,response_time:number,fetch_until_res_end_time:number,req_start_until_res_end_time:string}]	200	walk4
2026-07-29T22:21:07.323Z	POST	https://brand-portal-service-http.swiggy.com/api/v1/campaigns	/instamart/ads [Jivo]	{request_context:{request_id:string,client_id:string},account_id:string,metrics:[{name:string}],filters:{logical_operator:string,filters:[object]},pagination_context:{offset:string,size:number},sort:{sort_order:string,ads_campaign_attribute:string}}	200	walk4
2026-07-29T22:21:07.336Z	POST	https://brand-portal-service-http.swiggy.com/api/v1/advertiser/metrics	/instamart/ads [Jivo]	{request_context:{request_id:string,client_id:string},account_id:string,advertiser_metrics_query:{metrics:[object],dimensions:[],filters:{logical_operator:string,filters:array}}}	200	walk4
2026-07-29T22:21:07.336Z	POST	https://brand-portal-service-http.swiggy.com/api/v1/advertiser/metrics/batch	/instamart/ads [Jivo]	{request_context:{request_id:string,client_id:string},account_id:string,advertiser_metrics_queries:[{query_id:string,metrics:array,dimensions:array,filters:object,sort:object}]}	200	walk4
2026-07-29T22:21:07.600Z	POST	https://brand-portal-service-http.swiggy.com/api/v1/advertiser/metrics	/instamart/ads [Jivo]	{request_context:{request_id:string,client_id:string},account_id:string,advertiser_metrics_query:{metrics:[object],dimensions:[string],filters:{logical_operator:string,filters:array},pagination_context:{offset:string,size:number}}}	200	walk4
2026-07-29T22:21:07.810Z	POST	https://insights-collector.newrelic.com/v1/accounts/737486/events	/instamart/ads [Jivo]	[{appName:string,platform:string,user_id:string,s_id:string,account_id:string,clarity_url:string,loginType:string,appVCode:string,appURL:string,appHost:string,appPathName:string,userAgent:string,networkType:string,saveData:string,eventType:string,host:string,path:string,cached:string,redirect_time:number,dns_lookup_time:number,tcp_time:number,response_time:number,fetch_until_res_end_time:number,req_start_until_res_end_time:string}]	200	walk4
2026-07-29T22:21:07.930Z	POST	https://insights-collector.newrelic.com/v1/accounts/737486/events	/instamart/ads [Jivo]	[{appName:string,platform:string,user_id:string,s_id:string,account_id:string,clarity_url:string,loginType:string,appVCode:string,appURL:string,appHost:string,appPathName:string,userAgent:string,networkType:string,saveData:string,eventType:string,host:string,path:string,cached:string,redirect_time:number,dns_lookup_time:number,tcp_time:number,response_time:number,fetch_until_res_end_time:number,req_start_until_res_end_time:string}]	200	walk4
2026-07-29T22:21:13.956Z	POST	https://insights-collector.newrelic.com/v1/accounts/737486/events	/instamart/requisition-orders [Jivo]	[{networkType:string,saveData:string,eventType:string,dashboardType:string,isCanary:string,name:string,pageUrl:string,originTime:number,loadTime:number,account_id:string,appURL:string,appPathName:string,deviceContext:string,user_id:string}]	200	walk4
2026-07-29T22:21:13.984Z	POST	https://insights-collector.newrelic.com/v1/accounts/737486/events	/instamart/requisition-orders [Jivo]	[{appName:string,appVCode:string,agent:string,platform:string,user_id:string,s_id:string,account_id:string,clarity_url:string,isCanary:string,appURL:string,appHost:string,appPathName:string,userAgent:string,networkType:string,saveData:string,eventType:string,dashboardType:string,name:string,loadTime:number,app:string,deviceContext:string}]	200	walk4
2026-07-29T22:21:14.012Z	POST	https://insights-collector.newrelic.com/v1/accounts/737486/events	/instamart/requisition-orders [Jivo]	[{appName:string,appVCode:string,agent:string,platform:string,user_id:string,s_id:string,account_id:string,clarity_url:string,isCanary:string,appURL:string,appHost:string,appPathName:string,userAgent:string,networkType:string,saveData:string,eventType:string,name:string,value:number}]	200	walk4
2026-07-29T22:21:14.087Z	POST	https://insights-collector.newrelic.com/v1/accounts/737486/events	/instamart/requisition-orders [Jivo]	[{appName:string,appVCode:string,agent:string,platform:string,user_id:string,s_id:string,account_id:string,clarity_url:string,isCanary:string,appURL:string,appHost:string,appPathName:string,userAgent:string,networkType:string,saveData:string,eventType:string,name:string,value:number}]	200	walk4
2026-07-29T22:21:14.462Z	POST	https://brand-portal-service-http.swiggy.com/api/v1/account/permissions	/instamart/requisition-orders [Jivo]	{}	200	walk4
2026-07-29T22:21:14.473Z	POST	https://insights-collector.newrelic.com/v1/accounts/737486/events	/instamart/requisition-orders [Jivo]	[{appName:string,appVCode:string,agent:string,platform:string,user_id:string,s_id:string,account_id:string,clarity_url:string,isCanary:string,appURL:string,appHost:string,appPathName:string,userAgent:string,networkType:string,saveData:string,eventType:string,dashboardType:string,name:string,url:string,method:string,duration:number,statusCode:number,requestId:string,appVersion:string}]	200	walk4
2026-07-29T22:21:14.497Z	POST	https://insights-collector.newrelic.com/v1/accounts/737486/events	/instamart/requisition-orders [Jivo]	[{appName:string,appVCode:string,agent:string,platform:string,user_id:string,s_id:string,account_id:string,clarity_url:string,isCanary:string,appURL:string,appHost:string,appPathName:string,userAgent:string,networkType:string,saveData:string,eventType:string,dashboardType:string,name:string,error_type:string,context:string,login_type:string,email:string,session_info:string,error_message:string}]	200	walk4
2026-07-29T22:21:14.737Z	POST	https://brand-portal-service-http.swiggy.com/api/v1/account/permissions	/instamart/requisition-orders [Jivo]	{account_id:string}	200	walk4
2026-07-29T22:21:14.782Z	POST	https://insights-collector.newrelic.com/v1/accounts/737486/events	/instamart/requisition-orders [Jivo]	[{appName:string,appVCode:string,agent:string,platform:string,user_id:string,s_id:string,account_id:string,clarity_url:string,isCanary:string,appURL:string,appHost:string,appPathName:string,userAgent:string,networkType:string,saveData:string,eventType:string,dashboardType:string,name:string,url:string,method:string,duration:number,statusCode:number,requestId:string,appVersion:string}]	200	walk4
2026-07-29T22:21:15.081Z	POST	https://insights-collector.newrelic.com/v1/accounts/737486/events	/instamart/requisition-orders [Jivo]	[{appName:string,appVCode:string,agent:string,platform:string,user_id:string,s_id:string,account_id:string,clarity_url:string,isCanary:string,appURL:string,appHost:string,appPathName:string,userAgent:string,networkType:string,saveData:string,eventType:string,dashboardType:string,name:string,url:string,method:string,duration:number,statusCode:number,requestId:string,appVersion:string}]	200	walk4
2026-07-29T22:21:15.185Z	POST	https://insights-collector.newrelic.com/v1/accounts/737486/events	/instamart/requisition-orders [Jivo]	[{appName:string,appVCode:string,agent:string,platform:string,user_id:string,s_id:string,account_id:string,clarity_url:string,isCanary:string,appURL:string,appHost:string,appPathName:string,userAgent:string,networkType:string,saveData:string,eventType:string,dashboardType:string,name:string,remoteName:string,loadTime:number,status:string,deviceContext:string}]	200	walk4
2026-07-29T22:21:15.344Z	POST	https://insights-collector.newrelic.com/v1/accounts/737486/events	/instamart/requisition-orders [Jivo]	[{appName:string,appVCode:string,agent:string,platform:string,user_id:string,s_id:string,account_id:string,clarity_url:string,isCanary:string,appURL:string,appHost:string,appPathName:string,userAgent:string,networkType:string,saveData:string,eventType:string,dashboardType:string,name:string,url:string,method:string,duration:number,statusCode:number,requestId:string,appVersion:string}]	200	walk4
2026-07-29T22:21:15.383Z	POST	https://insights-collector.newrelic.com/v1/accounts/737486/events	/instamart/requisition-orders [Jivo]	[{appName:string,platform:string,user_id:string,s_id:string,account_id:string,clarity_url:string,loginType:string,appVCode:string,appURL:string,appHost:string,appPathName:string,userAgent:string,networkType:string,saveData:string,eventType:string,dashboardType:string,isCanary:string,name:string,pageUrl:string,originTime:number,loadTime:number,loadMode:string,network_status:string}]	200	walk4
2026-07-29T22:21:16.360Z	POST	https://insights-collector.newrelic.com/v1/accounts/737486/events	/instamart/requisition-orders [Jivo]	[{appName:string,platform:string,user_id:string,s_id:string,account_id:string,clarity_url:string,loginType:string,appVCode:string,appURL:string,appHost:string,appPathName:string,userAgent:string,networkType:string,saveData:string,eventType:string,value:number,dashboardType:string}]	200	walk4
2026-07-29T22:21:16.585Z	POST	https://insights-collector.newrelic.com/v1/accounts/737486/events	/instamart/requisition-orders [Jivo]	[{appName:string,platform:string,user_id:string,s_id:string,account_id:string,clarity_url:string,loginType:string,appVCode:string,appURL:string,appHost:string,appPathName:string,userAgent:string,networkType:string,saveData:string,eventType:string,host:string,path:string,cached:string,redirect_time:number,dns_lookup_time:number,tcp_time:number,response_time:number,fetch_until_res_end_time:number,req_start_until_res_end_time:string}]	200	walk4
2026-07-29T22:21:16.662Z	POST	https://brand-portal-service-http.swiggy.com/api/v1/sales/filters	/instamart/requisition-orders [Jivo]	{accountId:string,requestContext:{requestId:string,clientId:string,requestTime:string},filterScopes:[{dateRange:object}],brands:{paginationContext:{offset:string,size:number},searchValue:string},cities:{paginationContext:{offset:string,size:number},searchValue:string},categories:{paginationContext:{offset:string,size:number},searchValue:string},products:{paginationContext:{offset:string,size:number},searchValue:string}}	200	walk4
2026-07-29T22:21:16.815Z	POST	https://brand-portal-service-http.swiggy.com/api/v1/sales/metric	/instamart/requisition-orders [Jivo]	{accountId:string,requestContext:{requestId:string,clientId:string,requestTime:string},salesMetricsQuery:{filter:{logicalOperator:string,filters:array},dimensions:[string],metrics:[string],tagFilters:[]}}	200	walk4
2026-07-29T22:21:16.913Z	POST	https://insights-collector.newrelic.com/v1/accounts/737486/events	/instamart/requisition-orders [Jivo]	[{appName:string,platform:string,user_id:string,s_id:string,account_id:string,clarity_url:string,loginType:string,appVCode:string,appURL:string,appHost:string,appPathName:string,userAgent:string,networkType:string,saveData:string,eventType:string,dashboardType:string,isCanary:string,name:string,message:string,load_time_ms:number,network_status:string}]	200	walk4
2026-07-29T22:21:16.914Z	POST	https://brand-portal-service-http.swiggy.com/api/v1/sales/metric	/instamart/requisition-orders [Jivo]	{accountId:string,requestContext:{requestId:string,clientId:string,requestTime:string},salesMetricsQuery:{filter:{logicalOperator:string,filters:array},dimensions:[],metrics:[string],paginationContext:{offset:string,size:number},tagFilters:[]}}	200	walk4
2026-07-29T22:21:18.048Z	POST	https://brand-portal-service-http.swiggy.com/api/v1/sales/metric	/instamart/requisition-orders [Jivo]	{accountId:string,requestContext:{requestId:string,clientId:string,requestTime:string},salesMetricsQuery:{filter:{logicalOperator:string,filters:array},dimensions:[string],metrics:[string],paginationContext:{offset:string,size:number},tagFilters:[]}}	200	walk4
2026-07-29T22:21:18.061Z	POST	https://insights-collector.newrelic.com/v1/accounts/737486/events	/instamart/requisition-orders [Jivo]	[{appName:string,platform:string,user_id:string,s_id:string,account_id:string,clarity_url:string,loginType:string,appVCode:string,appURL:string,appHost:string,appPathName:string,userAgent:string,networkType:string,saveData:string,eventType:string,host:string,path:string,cached:string,redirect_time:number,dns_lookup_time:number,tcp_time:number,response_time:number,fetch_until_res_end_time:number,req_start_until_res_end_time:string}]	200	walk4
2026-07-29T22:21:18.068Z	POST	https://maps.googleapis.com/$rpc/google.internal.maps.mapsjs.v1.MapsJsInternalService/GetViewportInfo	/instamart/requisition-orders [Jivo]	[[[number]]]	200	walk4
2026-07-29T22:21:18.069Z	POST	https://insights-collector.newrelic.com/v1/accounts/737486/events	/instamart/requisition-orders [Jivo]	[{appName:string,platform:string,user_id:string,s_id:string,account_id:string,clarity_url:string,loginType:string,appVCode:string,appURL:string,appHost:string,appPathName:string,userAgent:string,networkType:string,saveData:string,eventType:string,host:string,path:string,cached:string,redirect_time:number,dns_lookup_time:number,tcp_time:number,response_time:number,fetch_until_res_end_time:number,req_start_until_res_end_time:string}]	200	walk4
2026-07-29T22:21:18.683Z	POST	https://insights-collector.newrelic.com/v1/accounts/737486/events	/instamart/requisition-orders [Jivo]	[{appName:string,platform:string,user_id:string,s_id:string,account_id:string,clarity_url:string,loginType:string,appVCode:string,appURL:string,appHost:string,appPathName:string,userAgent:string,networkType:string,saveData:string,eventType:string,host:string,path:string,cached:string,redirect_time:number,dns_lookup_time:number,tcp_time:number,response_time:number,fetch_until_res_end_time:number,req_start_until_res_end_time:string}]	200	walk4
2026-07-29T22:21:22.693Z	POST	https://insights-collector.newrelic.com/v1/accounts/737486/events	/instamart/npi [Jivo]	[{networkType:string,saveData:string,eventType:string,dashboardType:string,isCanary:string,name:string,pageUrl:string,originTime:number,loadTime:number,account_id:string,appURL:string,appPathName:string,deviceContext:string,user_id:string}]	200	walk4
2026-07-29T22:21:22.734Z	POST	https://insights-collector.newrelic.com/v1/accounts/737486/events	/instamart/npi [Jivo]	[{appName:string,appVCode:string,agent:string,platform:string,user_id:string,s_id:string,account_id:string,clarity_url:string,isCanary:string,appURL:string,appHost:string,appPathName:string,userAgent:string,networkType:string,saveData:string,eventType:string,dashboardType:string,name:string,loadTime:number,app:string,deviceContext:string}]	200	walk4
2026-07-29T22:21:22.840Z	POST	https://insights-collector.newrelic.com/v1/accounts/737486/events	/instamart/npi [Jivo]	[{appName:string,appVCode:string,agent:string,platform:string,user_id:string,s_id:string,account_id:string,clarity_url:string,isCanary:string,appURL:string,appHost:string,appPathName:string,userAgent:string,networkType:string,saveData:string,eventType:string,name:string,value:number}]	200	walk4
2026-07-29T22:21:23.182Z	POST	https://brand-portal-service-http.swiggy.com/api/v1/account/permissions	/instamart/npi [Jivo]	{}	200	walk4
2026-07-29T22:21:23.205Z	POST	https://insights-collector.newrelic.com/v1/accounts/737486/events	/instamart/npi [Jivo]	[{appName:string,appVCode:string,agent:string,platform:string,user_id:string,s_id:string,account_id:string,clarity_url:string,isCanary:string,appURL:string,appHost:string,appPathName:string,userAgent:string,networkType:string,saveData:string,eventType:string,dashboardType:string,name:string,url:string,method:string,duration:number,statusCode:number,requestId:string,appVersion:string}]	200	walk4
2026-07-29T22:21:23.213Z	POST	https://insights-collector.newrelic.com/v1/accounts/737486/events	/instamart/npi [Jivo]	[{appName:string,appVCode:string,agent:string,platform:string,user_id:string,s_id:string,account_id:string,clarity_url:string,isCanary:string,appURL:string,appHost:string,appPathName:string,userAgent:string,networkType:string,saveData:string,eventType:string,dashboardType:string,name:string,error_type:string,context:string,login_type:string,email:string,session_info:string,error_message:string}]	200	walk4
2026-07-29T22:21:23.457Z	POST	https://brand-portal-service-http.swiggy.com/api/v1/account/permissions	/instamart/npi [Jivo]	{account_id:string}	200	walk4
2026-07-29T22:21:23.464Z	POST	https://insights-collector.newrelic.com/v1/accounts/737486/events	/instamart/npi [Jivo]	[{appName:string,appVCode:string,agent:string,platform:string,user_id:string,s_id:string,account_id:string,clarity_url:string,isCanary:string,appURL:string,appHost:string,appPathName:string,userAgent:string,networkType:string,saveData:string,eventType:string,dashboardType:string,name:string,url:string,method:string,duration:number,statusCode:number,requestId:string,appVersion:string}]	200	walk4
2026-07-29T22:21:23.758Z	POST	https://insights-collector.newrelic.com/v1/accounts/737486/events	/instamart/npi [Jivo]	[{appName:string,appVCode:string,agent:string,platform:string,user_id:string,s_id:string,account_id:string,clarity_url:string,isCanary:string,appURL:string,appHost:string,appPathName:string,userAgent:string,networkType:string,saveData:string,eventType:string,dashboardType:string,name:string,url:string,method:string,duration:number,statusCode:number,requestId:string,appVersion:string}]	200	walk4
2026-07-29T22:21:23.834Z	POST	https://insights-collector.newrelic.com/v1/accounts/737486/events	/instamart/npi [Jivo]	[{appName:string,appVCode:string,agent:string,platform:string,user_id:string,s_id:string,account_id:string,clarity_url:string,isCanary:string,appURL:string,appHost:string,appPathName:string,userAgent:string,networkType:string,saveData:string,eventType:string,dashboardType:string,name:string,remoteName:string,loadTime:number,status:string,deviceContext:string}]	200	walk4
2026-07-29T22:21:24.056Z	POST	https://insights-collector.newrelic.com/v1/accounts/737486/events	/instamart/npi [Jivo]	[{appName:string,appVCode:string,agent:string,platform:string,user_id:string,s_id:string,account_id:string,clarity_url:string,isCanary:string,appURL:string,appHost:string,appPathName:string,userAgent:string,networkType:string,saveData:string,eventType:string,dashboardType:string,name:string,url:string,method:string,duration:number,statusCode:number,requestId:string,appVersion:string}]	200	walk4
2026-07-29T22:21:24.067Z	POST	https://insights-collector.newrelic.com/v1/accounts/737486/events	/instamart/npi [Jivo]	[{appName:string,platform:string,user_id:string,s_id:string,account_id:string,clarity_url:string,loginType:string,appVCode:string,appURL:string,appHost:string,appPathName:string,userAgent:string,networkType:string,saveData:string,eventType:string,dashboardType:string,isCanary:string,name:string,pageUrl:string,originTime:number,loadTime:number,loadMode:string,network_status:string}]	200	walk4
2026-07-29T22:21:24.105Z	POST	https://insights-collector.newrelic.com/v1/accounts/737486/events	/instamart/npi [Jivo]	[{appName:string,appVCode:string,agent:string,platform:string,user_id:string,s_id:string,account_id:string,clarity_url:string,isCanary:string,appURL:string,appHost:string,appPathName:string,userAgent:string,networkType:string,saveData:string,eventType:string,name:string,value:number}]	200	walk4
2026-07-29T22:21:24.118Z	POST	https://insights-collector.newrelic.com/v1/accounts/737486/events	/instamart/npi [Jivo]	[{appName:string,platform:string,user_id:string,s_id:string,account_id:string,clarity_url:string,loginType:string,appVCode:string,appURL:string,appHost:string,appPathName:string,userAgent:string,networkType:string,saveData:string,eventType:string,name:string,value:number}]	200	walk4
2026-07-29T22:21:31.068Z	POST	https://insights-collector.newrelic.com/v1/accounts/737486/events	/im-discounts [Jivo]	[{networkType:string,saveData:string,eventType:string,dashboardType:string,isCanary:string,name:string,pageUrl:string,originTime:number,loadTime:number,account_id:string,appURL:string,appPathName:string,deviceContext:string,user_id:string}]	200	walk4
2026-07-29T22:21:31.091Z	POST	https://insights-collector.newrelic.com/v1/accounts/737486/events	/im-discounts [Jivo]	[{appName:string,appVCode:string,agent:string,platform:string,user_id:string,s_id:string,account_id:string,clarity_url:string,isCanary:string,appURL:string,appHost:string,appPathName:string,userAgent:string,networkType:string,saveData:string,eventType:string,dashboardType:string,name:string,loadTime:number,app:string,deviceContext:string}]	200	walk4
2026-07-29T22:21:31.112Z	POST	https://insights-collector.newrelic.com/v1/accounts/737486/events	/im-discounts [Jivo]	[{appName:string,appVCode:string,agent:string,platform:string,user_id:string,s_id:string,account_id:string,clarity_url:string,isCanary:string,appURL:string,appHost:string,appPathName:string,userAgent:string,networkType:string,saveData:string,eventType:string,name:string,value:number}]	200	walk4
2026-07-29T22:21:31.196Z	POST	https://insights-collector.newrelic.com/v1/accounts/737486/events	/im-discounts [Jivo]	[{appName:string,appVCode:string,agent:string,platform:string,user_id:string,s_id:string,account_id:string,clarity_url:string,isCanary:string,appURL:string,appHost:string,appPathName:string,userAgent:string,networkType:string,saveData:string,eventType:string,name:string,value:number}]	200	walk4
2026-07-29T22:21:31.560Z	POST	https://brand-portal-service-http.swiggy.com/api/v1/account/permissions	/im-discounts [Jivo]	{}	200	walk4
2026-07-29T22:21:31.570Z	POST	https://insights-collector.newrelic.com/v1/accounts/737486/events	/im-discounts [Jivo]	[{appName:string,appVCode:string,agent:string,platform:string,user_id:string,s_id:string,account_id:string,clarity_url:string,isCanary:string,appURL:string,appHost:string,appPathName:string,userAgent:string,networkType:string,saveData:string,eventType:string,dashboardType:string,name:string,url:string,method:string,duration:number,statusCode:number,requestId:string,appVersion:string}]	200	walk4
2026-07-29T22:21:31.581Z	POST	https://insights-collector.newrelic.com/v1/accounts/737486/events	/im-discounts [Jivo]	[{appName:string,appVCode:string,agent:string,platform:string,user_id:string,s_id:string,account_id:string,clarity_url:string,isCanary:string,appURL:string,appHost:string,appPathName:string,userAgent:string,networkType:string,saveData:string,eventType:string,dashboardType:string,name:string,error_type:string,context:string,login_type:string,email:string,session_info:string,error_message:string}]	200	walk4
2026-07-29T22:21:31.829Z	POST	https://brand-portal-service-http.swiggy.com/api/v1/account/permissions	/im-discounts [Jivo]	{account_id:string}	200	walk4
2026-07-29T22:21:31.876Z	POST	https://insights-collector.newrelic.com/v1/accounts/737486/events	/im-discounts [Jivo]	[{appName:string,appVCode:string,agent:string,platform:string,user_id:string,s_id:string,account_id:string,clarity_url:string,isCanary:string,appURL:string,appHost:string,appPathName:string,userAgent:string,networkType:string,saveData:string,eventType:string,dashboardType:string,name:string,url:string,method:string,duration:number,statusCode:number,requestId:string,appVersion:string}]	200	walk4
2026-07-29T22:21:32.097Z	POST	https://insights-collector.newrelic.com/v1/accounts/737486/events	/im-discounts [Jivo]	[{appName:string,appVCode:string,agent:string,platform:string,user_id:string,s_id:string,account_id:string,clarity_url:string,isCanary:string,appURL:string,appHost:string,appPathName:string,userAgent:string,networkType:string,saveData:string,eventType:string,dashboardType:string,name:string,url:string,method:string,duration:number,statusCode:number,requestId:string,appVersion:string}]	200	walk4
2026-07-29T22:21:32.160Z	POST	https://insights-collector.newrelic.com/v1/accounts/737486/events	/im-discounts [Jivo]	[{appName:string,appVCode:string,agent:string,platform:string,user_id:string,s_id:string,account_id:string,clarity_url:string,isCanary:string,appURL:string,appHost:string,appPathName:string,userAgent:string,networkType:string,saveData:string,eventType:string,dashboardType:string,name:string,url:string,method:string,duration:number,statusCode:number,requestId:string,appVersion:string}]	200	walk4
2026-07-29T22:21:32.244Z	POST	https://insights-collector.newrelic.com/v1/accounts/737486/events	/im-discounts [Jivo]	[{appName:string,appVCode:string,agent:string,platform:string,user_id:string,s_id:string,account_id:string,clarity_url:string,isCanary:string,appURL:string,appHost:string,appPathName:string,userAgent:string,networkType:string,saveData:string,eventType:string,name:string,value:number}]	200	walk4
2026-07-29T22:21:32.282Z	POST	https://insights-collector.newrelic.com/v1/accounts/737486/events	/im-discounts [Jivo]	[{appName:string,appVCode:string,agent:string,platform:string,user_id:string,s_id:string,account_id:string,clarity_url:string,isCanary:string,appURL:string,appHost:string,appPathName:string,userAgent:string,networkType:string,saveData:string,eventType:string,dashboardType:string,name:string,remoteName:string,loadTime:number,status:string,deviceContext:string}]	200	walk4
2026-07-29T22:21:32.436Z	POST	https://insights-collector.newrelic.com/v1/accounts/737486/events	/im-discounts [Jivo]	[{appName:string,appVCode:string,agent:string,platform:string,user_id:string,s_id:string,account_id:string,clarity_url:string,isCanary:string,appURL:string,appHost:string,appPathName:string,userAgent:string,networkType:string,saveData:string,eventType:string,dashboardType:string,name:string,url:string,method:string,duration:number,statusCode:number,requestId:string,appVersion:string}]	200	walk4
2026-07-29T22:21:39.496Z	POST	https://insights-collector.newrelic.com/v1/accounts/737486/events	/im-discounts/performance [Jivo]	[{networkType:string,saveData:string,eventType:string,dashboardType:string,isCanary:string,name:string,pageUrl:string,originTime:number,loadTime:number,account_id:string,appURL:string,appPathName:string,deviceContext:string,user_id:string}]	200	walk4
2026-07-29T22:21:39.533Z	POST	https://insights-collector.newrelic.com/v1/accounts/737486/events	/im-discounts/performance [Jivo]	[{appName:string,appVCode:string,agent:string,platform:string,user_id:string,s_id:string,account_id:string,clarity_url:string,isCanary:string,appURL:string,appHost:string,appPathName:string,userAgent:string,networkType:string,saveData:string,eventType:string,name:string,value:number}]	200	walk4
2026-07-29T22:21:39.631Z	POST	https://insights-collector.newrelic.com/v1/accounts/737486/events	/im-discounts/performance [Jivo]	[{appName:string,appVCode:string,agent:string,platform:string,user_id:string,s_id:string,account_id:string,clarity_url:string,isCanary:string,appURL:string,appHost:string,appPathName:string,userAgent:string,networkType:string,saveData:string,eventType:string,name:string,value:number}]	200	walk4
2026-07-29T22:21:39.983Z	POST	https://brand-portal-service-http.swiggy.com/api/v1/account/permissions	/im-discounts/performance [Jivo]	{}	200	walk4
2026-07-29T22:21:39.996Z	POST	https://insights-collector.newrelic.com/v1/accounts/737486/events	/im-discounts/performance [Jivo]	[{appName:string,appVCode:string,agent:string,platform:string,user_id:string,s_id:string,account_id:string,clarity_url:string,isCanary:string,appURL:string,appHost:string,appPathName:string,userAgent:string,networkType:string,saveData:string,eventType:string,dashboardType:string,name:string,error_type:string,context:string,login_type:string,email:string,session_info:string,error_message:string}]	200	walk4
2026-07-29T22:21:40.049Z	POST	https://insights-collector.newrelic.com/v1/accounts/737486/events	/im-discounts/performance [Jivo]	[{appName:string,appVCode:string,agent:string,platform:string,user_id:string,s_id:string,account_id:string,clarity_url:string,isCanary:string,appURL:string,appHost:string,appPathName:string,userAgent:string,networkType:string,saveData:string,eventType:string,dashboardType:string,name:string,url:string,method:string,duration:number,statusCode:number,requestId:string,appVersion:string}]	200	walk4
2026-07-29T22:21:40.256Z	POST	https://brand-portal-service-http.swiggy.com/api/v1/account/permissions	/im-discounts/performance [Jivo]	{account_id:string}	200	walk4
2026-07-29T22:21:40.281Z	POST	https://insights-collector.newrelic.com/v1/accounts/737486/events	/im-discounts/performance [Jivo]	[{appName:string,appVCode:string,agent:string,platform:string,user_id:string,s_id:string,account_id:string,clarity_url:string,isCanary:string,appURL:string,appHost:string,appPathName:string,userAgent:string,networkType:string,saveData:string,eventType:string,dashboardType:string,name:string,url:string,method:string,duration:number,statusCode:number,requestId:string,appVersion:string}]	200	walk4
2026-07-29T22:21:40.610Z	POST	https://insights-collector.newrelic.com/v1/accounts/737486/events	/im-discounts/performance [Jivo]	[{appName:string,appVCode:string,agent:string,platform:string,user_id:string,s_id:string,account_id:string,clarity_url:string,isCanary:string,appURL:string,appHost:string,appPathName:string,userAgent:string,networkType:string,saveData:string,eventType:string,dashboardType:string,name:string,url:string,method:string,duration:number,statusCode:number,requestId:string,appVersion:string}]	200	walk4
2026-07-29T22:21:40.725Z	POST	https://insights-collector.newrelic.com/v1/accounts/737486/events	/im-discounts/performance [Jivo]	[{appName:string,appVCode:string,agent:string,platform:string,user_id:string,s_id:string,account_id:string,clarity_url:string,isCanary:string,appURL:string,appHost:string,appPathName:string,userAgent:string,networkType:string,saveData:string,eventType:string,dashboardType:string,name:string,remoteName:string,loadTime:number,status:string,deviceContext:string}]	200	walk4
2026-07-29T22:21:40.904Z	POST	https://insights-collector.newrelic.com/v1/accounts/737486/events	/im-discounts/performance [Jivo]	[{appName:string,appVCode:string,agent:string,platform:string,user_id:string,s_id:string,account_id:string,clarity_url:string,isCanary:string,appURL:string,appHost:string,appPathName:string,userAgent:string,networkType:string,saveData:string,eventType:string,dashboardType:string,name:string,url:string,method:string,duration:number,statusCode:number,requestId:string,appVersion:string}]	200	walk4
2026-07-29T22:21:47.904Z	POST	https://insights-collector.newrelic.com/v1/accounts/737486/events	/im-discounts/feedbacks [Jivo]	[{networkType:string,saveData:string,eventType:string,dashboardType:string,isCanary:string,name:string,pageUrl:string,originTime:number,loadTime:number,account_id:string,appURL:string,appPathName:string,deviceContext:string,user_id:string}]	200	walk4
2026-07-29T22:21:47.939Z	POST	https://insights-collector.newrelic.com/v1/accounts/737486/events	/im-discounts/feedbacks [Jivo]	[{appName:string,appVCode:string,agent:string,platform:string,user_id:string,s_id:string,account_id:string,clarity_url:string,isCanary:string,appURL:string,appHost:string,appPathName:string,userAgent:string,networkType:string,saveData:string,eventType:string,dashboardType:string,name:string,loadTime:number,app:string,deviceContext:string}]	200	walk4
2026-07-29T22:21:47.958Z	POST	https://insights-collector.newrelic.com/v1/accounts/737486/events	/im-discounts/feedbacks [Jivo]	[{appName:string,appVCode:string,agent:string,platform:string,user_id:string,s_id:string,account_id:string,clarity_url:string,isCanary:string,appURL:string,appHost:string,appPathName:string,userAgent:string,networkType:string,saveData:string,eventType:string,name:string,value:number}]	200	walk4
2026-07-29T22:21:48.059Z	POST	https://insights-collector.newrelic.com/v1/accounts/737486/events	/im-discounts/feedbacks [Jivo]	[{appName:string,appVCode:string,agent:string,platform:string,user_id:string,s_id:string,account_id:string,clarity_url:string,isCanary:string,appURL:string,appHost:string,appPathName:string,userAgent:string,networkType:string,saveData:string,eventType:string,name:string,value:number}]	200	walk4
2026-07-29T22:21:48.428Z	POST	https://brand-portal-service-http.swiggy.com/api/v1/account/permissions	/im-discounts/feedbacks [Jivo]	{}	200	walk4
2026-07-29T22:21:48.434Z	POST	https://insights-collector.newrelic.com/v1/accounts/737486/events	/im-discounts/feedbacks [Jivo]	[{appName:string,appVCode:string,agent:string,platform:string,user_id:string,s_id:string,account_id:string,clarity_url:string,isCanary:string,appURL:string,appHost:string,appPathName:string,userAgent:string,networkType:string,saveData:string,eventType:string,dashboardType:string,name:string,url:string,method:string,duration:number,statusCode:number,requestId:string,appVersion:string}]	200	walk4
2026-07-29T22:21:48.454Z	POST	https://insights-collector.newrelic.com/v1/accounts/737486/events	/im-discounts/feedbacks [Jivo]	[{appName:string,appVCode:string,agent:string,platform:string,user_id:string,s_id:string,account_id:string,clarity_url:string,isCanary:string,appURL:string,appHost:string,appPathName:string,userAgent:string,networkType:string,saveData:string,eventType:string,dashboardType:string,name:string,error_type:string,context:string,login_type:string,email:string,session_info:string,error_message:string}]	200	walk4
2026-07-29T22:21:48.704Z	POST	https://brand-portal-service-http.swiggy.com/api/v1/account/permissions	/im-discounts/feedbacks [Jivo]	{account_id:string}	200	walk4
2026-07-29T22:21:48.749Z	POST	https://insights-collector.newrelic.com/v1/accounts/737486/events	/im-discounts/feedbacks [Jivo]	[{appName:string,appVCode:string,agent:string,platform:string,user_id:string,s_id:string,account_id:string,clarity_url:string,isCanary:string,appURL:string,appHost:string,appPathName:string,userAgent:string,networkType:string,saveData:string,eventType:string,dashboardType:string,name:string,url:string,method:string,duration:number,statusCode:number,requestId:string,appVersion:string}]	200	walk4
2026-07-29T22:21:48.965Z	POST	https://insights-collector.newrelic.com/v1/accounts/737486/events	/im-discounts/feedbacks [Jivo]	[{appName:string,appVCode:string,agent:string,platform:string,user_id:string,s_id:string,account_id:string,clarity_url:string,isCanary:string,appURL:string,appHost:string,appPathName:string,userAgent:string,networkType:string,saveData:string,eventType:string,dashboardType:string,name:string,url:string,method:string,duration:number,statusCode:number,requestId:string,appVersion:string}]	200	walk4
2026-07-29T22:21:49.158Z	POST	https://insights-collector.newrelic.com/v1/accounts/737486/events	/im-discounts/feedbacks [Jivo]	[{appName:string,appVCode:string,agent:string,platform:string,user_id:string,s_id:string,account_id:string,clarity_url:string,isCanary:string,appURL:string,appHost:string,appPathName:string,userAgent:string,networkType:string,saveData:string,eventType:string,dashboardType:string,name:string,url:string,method:string,duration:number,statusCode:number,requestId:string,appVersion:string}]	200	walk4
2026-07-29T22:21:49.198Z	POST	https://insights-collector.newrelic.com/v1/accounts/737486/events	/im-discounts/feedbacks [Jivo]	[{appName:string,appVCode:string,agent:string,platform:string,user_id:string,s_id:string,account_id:string,clarity_url:string,isCanary:string,appURL:string,appHost:string,appPathName:string,userAgent:string,networkType:string,saveData:string,eventType:string,dashboardType:string,name:string,remoteName:string,loadTime:number,status:string,deviceContext:string}]	200	walk4
2026-07-29T22:21:49.314Z	POST	https://insights-collector.newrelic.com/v1/accounts/737486/events	/im-discounts/feedbacks [Jivo]	[{appName:string,appVCode:string,agent:string,platform:string,user_id:string,s_id:string,account_id:string,clarity_url:string,isCanary:string,appURL:string,appHost:string,appPathName:string,userAgent:string,networkType:string,saveData:string,eventType:string,dashboardType:string,name:string,url:string,method:string,duration:number,statusCode:number,requestId:string,appVersion:string}]	200	walk4
2026-07-29T22:21:56.315Z	POST	https://insights-collector.newrelic.com/v1/accounts/737486/events	/im-sampling [Jivo]	[{networkType:string,saveData:string,eventType:string,dashboardType:string,isCanary:string,name:string,pageUrl:string,originTime:number,loadTime:number,account_id:string,appURL:string,appPathName:string,deviceContext:string,user_id:string}]	200	walk4
2026-07-29T22:21:56.329Z	POST	https://insights-collector.newrelic.com/v1/accounts/737486/events	/im-sampling [Jivo]	[{appName:string,appVCode:string,agent:string,platform:string,user_id:string,s_id:string,account_id:string,clarity_url:string,isCanary:string,appURL:string,appHost:string,appPathName:string,userAgent:string,networkType:string,saveData:string,eventType:string,dashboardType:string,name:string,loadTime:number,app:string,deviceContext:string}]	200	walk4
2026-07-29T22:21:56.347Z	POST	https://insights-collector.newrelic.com/v1/accounts/737486/events	/im-sampling [Jivo]	[{appName:string,appVCode:string,agent:string,platform:string,user_id:string,s_id:string,account_id:string,clarity_url:string,isCanary:string,appURL:string,appHost:string,appPathName:string,userAgent:string,networkType:string,saveData:string,eventType:string,name:string,value:number}]	200	walk4
2026-07-29T22:21:56.443Z	POST	https://insights-collector.newrelic.com/v1/accounts/737486/events	/im-sampling [Jivo]	[{appName:string,appVCode:string,agent:string,platform:string,user_id:string,s_id:string,account_id:string,clarity_url:string,isCanary:string,appURL:string,appHost:string,appPathName:string,userAgent:string,networkType:string,saveData:string,eventType:string,name:string,value:number}]	200	walk4
2026-07-29T22:21:56.817Z	POST	https://brand-portal-service-http.swiggy.com/api/v1/account/permissions	/im-sampling [Jivo]	{}	200	walk4
2026-07-29T22:21:56.834Z	POST	https://insights-collector.newrelic.com/v1/accounts/737486/events	/im-sampling [Jivo]	[{appName:string,appVCode:string,agent:string,platform:string,user_id:string,s_id:string,account_id:string,clarity_url:string,isCanary:string,appURL:string,appHost:string,appPathName:string,userAgent:string,networkType:string,saveData:string,eventType:string,dashboardType:string,name:string,url:string,method:string,duration:number,statusCode:number,requestId:string,appVersion:string}]	200	walk4
2026-07-29T22:21:56.852Z	POST	https://insights-collector.newrelic.com/v1/accounts/737486/events	/im-sampling [Jivo]	[{appName:string,appVCode:string,agent:string,platform:string,user_id:string,s_id:string,account_id:string,clarity_url:string,isCanary:string,appURL:string,appHost:string,appPathName:string,userAgent:string,networkType:string,saveData:string,eventType:string,dashboardType:string,name:string,error_type:string,context:string,login_type:string,email:string,session_info:string,error_message:string}]	200	walk4
2026-07-29T22:21:57.095Z	POST	https://insights-collector.newrelic.com/v1/accounts/737486/events	/im-sampling [Jivo]	[{appName:string,appVCode:string,agent:string,platform:string,user_id:string,s_id:string,account_id:string,clarity_url:string,isCanary:string,appURL:string,appHost:string,appPathName:string,userAgent:string,networkType:string,saveData:string,eventType:string,dashboardType:string,name:string,url:string,method:string,duration:number,statusCode:number,requestId:string,appVersion:string}]	200	walk4
2026-07-29T22:21:57.100Z	POST	https://brand-portal-service-http.swiggy.com/api/v1/account/permissions	/im-sampling [Jivo]	{account_id:string}	200	walk4
2026-07-29T22:21:57.369Z	POST	https://insights-collector.newrelic.com/v1/accounts/737486/events	/im-sampling [Jivo]	[{appName:string,appVCode:string,agent:string,platform:string,user_id:string,s_id:string,account_id:string,clarity_url:string,isCanary:string,appURL:string,appHost:string,appPathName:string,userAgent:string,networkType:string,saveData:string,eventType:string,dashboardType:string,name:string,url:string,method:string,duration:number,statusCode:number,requestId:string,appVersion:string}]	200	walk4
2026-07-29T22:21:57.440Z	POST	https://insights-collector.newrelic.com/v1/accounts/737486/events	/im-sampling [Jivo]	[{appName:string,appVCode:string,agent:string,platform:string,user_id:string,s_id:string,account_id:string,clarity_url:string,isCanary:string,appURL:string,appHost:string,appPathName:string,userAgent:string,networkType:string,saveData:string,eventType:string,dashboardType:string,name:string,url:string,method:string,duration:number,statusCode:number,requestId:string,appVersion:string}]	200	walk4
2026-07-29T22:21:57.465Z	POST	https://insights-collector.newrelic.com/v1/accounts/737486/events	/im-sampling [Jivo]	[{appName:string,appVCode:string,agent:string,platform:string,user_id:string,s_id:string,account_id:string,clarity_url:string,isCanary:string,appURL:string,appHost:string,appPathName:string,userAgent:string,networkType:string,saveData:string,eventType:string,name:string,value:number}]	200	walk4
2026-07-29T22:21:57.555Z	POST	https://insights-collector.newrelic.com/v1/accounts/737486/events	/im-sampling [Jivo]	[{appName:string,appVCode:string,agent:string,platform:string,user_id:string,s_id:string,account_id:string,clarity_url:string,isCanary:string,appURL:string,appHost:string,appPathName:string,userAgent:string,networkType:string,saveData:string,eventType:string,dashboardType:string,name:string,remoteName:string,loadTime:number,status:string,deviceContext:string}]	200	walk4
2026-07-29T22:21:57.765Z	POST	https://insights-collector.newrelic.com/v1/accounts/737486/events	/im-sampling [Jivo]	[{appName:string,platform:string,user_id:string,account_id:string,user_email:string,appVCode:string,appURL:string,appHost:string,appPathName:string,userAgent:string,networkType:string,saveData:string,eventType:string,dashboardType:string,name:string,pageUrl:string,originTime:number,loadTime:number,network_status:string}]	200	walk4
2026-07-29T22:21:57.797Z	POST	https://insights-collector.newrelic.com/v1/accounts/737486/events	/im-sampling [Jivo]	[{appName:string,appVCode:string,agent:string,platform:string,user_id:string,s_id:string,account_id:string,clarity_url:string,isCanary:string,appURL:string,appHost:string,appPathName:string,userAgent:string,networkType:string,saveData:string,eventType:string,dashboardType:string,name:string,url:string,method:string,duration:number,statusCode:number,requestId:string,appVersion:string}]	200	walk4
2026-07-29T22:21:58.045Z	POST	https://insights-collector.newrelic.com/v1/accounts/737486/events	/im-sampling [Jivo]	[{appName:string,platform:string,user_id:string,account_id:string,user_email:string,appVCode:string,appURL:string,appHost:string,appPathName:string,userAgent:string,networkType:string,saveData:string,eventType:string,host:string,path:string,cached:string,redirect_time:number,dns_lookup_time:number,tcp_time:number,response_time:number,fetch_until_res_end_time:number,req_start_until_res_end_time:string,start_until_res_end_time:number,status_code:number}]	200	walk4
2026-07-29T22:21:58.285Z	POST	https://brand-portal-service-http.swiggy.com/api/v1/advertiser/metrics	/im-sampling [Jivo]	{request_context:{request_id:string,request_time:string,client_id:string},account_id:string,advertiser_metrics_query:{metrics:[object],dimensions:[string],filters:{logical_operator:string,filters:array}}}	200	walk4
2026-07-29T22:21:58.570Z	POST	https://insights-collector.newrelic.com/v1/accounts/737486/events	/im-sampling [Jivo]	[{appName:string,platform:string,user_id:string,account_id:string,user_email:string,appVCode:string,appURL:string,appHost:string,appPathName:string,userAgent:string,networkType:string,saveData:string,eventType:string,dashboardType:string,name:string,url:string,method:string,duration:number,statusCode:number,requestId:string,network_status:string}]	200	walk4
2026-07-29T22:21:58.909Z	POST	https://brand-portal-service-http.swiggy.com/api/v1/campaigns	/im-sampling [Jivo]	{request_context:{request_id:string,request_time:string,client_id:string},account_id:string,metrics:[{name:string}],filters:{logical_operator:string,filters:[object]},pagination_context:{offset:string,size:number},sort:{sort_order:string,ads_campaign_attribute:string}}	200	walk4
2026-07-29T22:21:59.211Z	POST	https://insights-collector.newrelic.com/v1/accounts/737486/events	/im-sampling [Jivo]	[{appName:string,platform:string,user_id:string,account_id:string,user_email:string,appVCode:string,appURL:string,appHost:string,appPathName:string,userAgent:string,networkType:string,saveData:string,eventType:string,dashboardType:string,name:string,url:string,method:string,duration:number,statusCode:number,requestId:string,network_status:string}]	200	walk4
2026-07-29T22:22:04.732Z	POST	https://insights-collector.newrelic.com/v1/accounts/737486/events	/im-sampling/reports [Jivo]	[{networkType:string,saveData:string,eventType:string,dashboardType:string,isCanary:string,name:string,pageUrl:string,originTime:number,loadTime:number,account_id:string,appURL:string,appPathName:string,deviceContext:string,user_id:string}]	200	walk4
2026-07-29T22:22:04.761Z	POST	https://insights-collector.newrelic.com/v1/accounts/737486/events	/im-sampling/reports [Jivo]	[{appName:string,appVCode:string,agent:string,platform:string,user_id:string,s_id:string,account_id:string,clarity_url:string,isCanary:string,appURL:string,appHost:string,appPathName:string,userAgent:string,networkType:string,saveData:string,eventType:string,dashboardType:string,name:string,loadTime:number,app:string,deviceContext:string}]	200	walk4
2026-07-29T22:22:04.850Z	POST	https://insights-collector.newrelic.com/v1/accounts/737486/events	/im-sampling/reports [Jivo]	[{appName:string,appVCode:string,agent:string,platform:string,user_id:string,s_id:string,account_id:string,clarity_url:string,isCanary:string,appURL:string,appHost:string,appPathName:string,userAgent:string,networkType:string,saveData:string,eventType:string,name:string,value:number}]	200	walk4
2026-07-29T22:22:05.218Z	POST	https://insights-collector.newrelic.com/v1/accounts/737486/events	/im-sampling/reports [Jivo]	[{appName:string,appVCode:string,agent:string,platform:string,user_id:string,s_id:string,account_id:string,clarity_url:string,isCanary:string,appURL:string,appHost:string,appPathName:string,userAgent:string,networkType:string,saveData:string,eventType:string,dashboardType:string,name:string,url:string,method:string,duration:number,statusCode:number,requestId:string,appVersion:string}]	200	walk4
2026-07-29T22:22:05.229Z	POST	https://brand-portal-service-http.swiggy.com/api/v1/account/permissions	/im-sampling/reports [Jivo]	{}	200	walk4
2026-07-29T22:22:05.239Z	POST	https://insights-collector.newrelic.com/v1/accounts/737486/events	/im-sampling/reports [Jivo]	[{appName:string,appVCode:string,agent:string,platform:string,user_id:string,s_id:string,account_id:string,clarity_url:string,isCanary:string,appURL:string,appHost:string,appPathName:string,userAgent:string,networkType:string,saveData:string,eventType:string,dashboardType:string,name:string,error_type:string,context:string,login_type:string,email:string,session_info:string,error_message:string}]	200	walk4
2026-07-29T22:22:05.505Z	POST	https://brand-portal-service-http.swiggy.com/api/v1/account/permissions	/im-sampling/reports [Jivo]	{account_id:string}	200	walk4
2026-07-29T22:22:05.549Z	POST	https://insights-collector.newrelic.com/v1/accounts/737486/events	/im-sampling/reports [Jivo]	[{appName:string,appVCode:string,agent:string,platform:string,user_id:string,s_id:string,account_id:string,clarity_url:string,isCanary:string,appURL:string,appHost:string,appPathName:string,userAgent:string,networkType:string,saveData:string,eventType:string,dashboardType:string,name:string,url:string,method:string,duration:number,statusCode:number,requestId:string,appVersion:string}]	200	walk4
2026-07-29T22:22:05.856Z	POST	https://insights-collector.newrelic.com/v1/accounts/737486/events	/im-sampling/reports [Jivo]	[{appName:string,appVCode:string,agent:string,platform:string,user_id:string,s_id:string,account_id:string,clarity_url:string,isCanary:string,appURL:string,appHost:string,appPathName:string,userAgent:string,networkType:string,saveData:string,eventType:string,dashboardType:string,name:string,url:string,method:string,duration:number,statusCode:number,requestId:string,appVersion:string}]	200	walk4
2026-07-29T22:22:05.933Z	POST	https://insights-collector.newrelic.com/v1/accounts/737486/events	/im-sampling/reports [Jivo]	[{appName:string,appVCode:string,agent:string,platform:string,user_id:string,s_id:string,account_id:string,clarity_url:string,isCanary:string,appURL:string,appHost:string,appPathName:string,userAgent:string,networkType:string,saveData:string,eventType:string,name:string,value:number}]	200	walk4
2026-07-29T22:22:05.958Z	POST	https://insights-collector.newrelic.com/v1/accounts/737486/events	/im-sampling/reports [Jivo]	[{appName:string,appVCode:string,agent:string,platform:string,user_id:string,s_id:string,account_id:string,clarity_url:string,isCanary:string,appURL:string,appHost:string,appPathName:string,userAgent:string,networkType:string,saveData:string,eventType:string,dashboardType:string,name:string,remoteName:string,loadTime:number,status:string,deviceContext:string}]	200	walk4
2026-07-29T22:22:06.133Z	POST	https://insights-collector.newrelic.com/v1/accounts/737486/events	/im-sampling/reports [Jivo]	[{appName:string,appVCode:string,agent:string,platform:string,user_id:string,s_id:string,account_id:string,clarity_url:string,isCanary:string,appURL:string,appHost:string,appPathName:string,userAgent:string,networkType:string,saveData:string,eventType:string,dashboardType:string,name:string,url:string,method:string,duration:number,statusCode:number,requestId:string,appVersion:string}]	200	walk4
2026-07-29T22:22:06.156Z	POST	https://insights-collector.newrelic.com/v1/accounts/737486/events	/im-sampling/reports [Jivo]	[{appName:string,platform:string,user_id:string,account_id:string,user_email:string,appVCode:string,appURL:string,appHost:string,appPathName:string,userAgent:string,networkType:string,saveData:string,eventType:string,dashboardType:string,name:string,pageUrl:string,originTime:number,loadTime:number,network_status:string}]	200	walk4
2026-07-29T22:22:06.201Z	POST	https://insights-collector.newrelic.com/v1/accounts/737486/events	/im-sampling/reports [Jivo]	[{appName:string,platform:string,user_id:string,account_id:string,user_email:string,appVCode:string,appURL:string,appHost:string,appPathName:string,userAgent:string,networkType:string,saveData:string,eventType:string,metric_name:string,value:number,dashboardType:string}]	200	walk4
2026-07-29T22:22:06.397Z	POST	https://brand-portal-service-http.swiggy.com/api/v1/advertiser/metrics/report/list	/im-sampling/reports [Jivo]	{request_context:{request_id:string,request_time:string,client_id:string},pagination:{offset:string,size:number},account_id:string,user:{user_id:string,email:string},source:string}	200	walk4
2026-07-29T22:22:06.441Z	POST	https://insights-collector.newrelic.com/v1/accounts/737486/events	/im-sampling/reports [Jivo]	[{appName:string,platform:string,user_id:string,account_id:string,user_email:string,appVCode:string,appURL:string,appHost:string,appPathName:string,userAgent:string,networkType:string,saveData:string,eventType:string,host:string,path:string,cached:string,redirect_time:number,dns_lookup_time:number,tcp_time:number,response_time:number,fetch_until_res_end_time:number,req_start_until_res_end_time:string,start_until_res_end_time:number,status_code:number}]	200	walk4
2026-07-29T22:22:06.694Z	POST	https://insights-collector.newrelic.com/v1/accounts/737486/events	/im-sampling/reports [Jivo]	[{appName:string,platform:string,user_id:string,account_id:string,user_email:string,appVCode:string,appURL:string,appHost:string,appPathName:string,userAgent:string,networkType:string,saveData:string,eventType:string,dashboardType:string,name:string,url:string,method:string,duration:number,statusCode:number,requestId:string,network_status:string}]	200	walk4
2026-07-29T22:22:13.209Z	POST	https://insights-collector.newrelic.com/v1/accounts/737486/events	/brandverse/overview [Jivo]	[{networkType:string,saveData:string,eventType:string,dashboardType:string,isCanary:string,name:string,pageUrl:string,originTime:number,loadTime:number,account_id:string,appURL:string,appPathName:string,deviceContext:string,user_id:string}]	200	walk4
2026-07-29T22:22:13.258Z	POST	https://insights-collector.newrelic.com/v1/accounts/737486/events	/brandverse/overview [Jivo]	[{appName:string,appVCode:string,agent:string,platform:string,user_id:string,s_id:string,account_id:string,clarity_url:string,isCanary:string,appURL:string,appHost:string,appPathName:string,userAgent:string,networkType:string,saveData:string,eventType:string,dashboardType:string,name:string,loadTime:number,app:string,deviceContext:string}]	200	walk4
2026-07-29T22:22:13.259Z	POST	https://insights-collector.newrelic.com/v1/accounts/737486/events	/brandverse/overview [Jivo]	[{appName:string,appVCode:string,agent:string,platform:string,user_id:string,s_id:string,account_id:string,clarity_url:string,isCanary:string,appURL:string,appHost:string,appPathName:string,userAgent:string,networkType:string,saveData:string,eventType:string,name:string,value:number}]	200	walk4
2026-07-29T22:22:13.344Z	POST	https://insights-collector.newrelic.com/v1/accounts/737486/events	/brandverse/overview [Jivo]	[{appName:string,appVCode:string,agent:string,platform:string,user_id:string,s_id:string,account_id:string,clarity_url:string,isCanary:string,appURL:string,appHost:string,appPathName:string,userAgent:string,networkType:string,saveData:string,eventType:string,name:string,value:number}]	200	walk4
2026-07-29T22:22:13.731Z	POST	https://brand-portal-service-http.swiggy.com/api/v1/account/permissions	/brandverse/overview [Jivo]	{}	200	walk4
2026-07-29T22:22:13.745Z	POST	https://insights-collector.newrelic.com/v1/accounts/737486/events	/brandverse/overview [Jivo]	[{appName:string,appVCode:string,agent:string,platform:string,user_id:string,s_id:string,account_id:string,clarity_url:string,isCanary:string,appURL:string,appHost:string,appPathName:string,userAgent:string,networkType:string,saveData:string,eventType:string,dashboardType:string,name:string,url:string,method:string,duration:number,statusCode:number,requestId:string,appVersion:string}]	200	walk4
2026-07-29T22:22:14.008Z	POST	https://brand-portal-service-http.swiggy.com/api/v1/account/permissions	/brandverse/overview [Jivo]	{account_id:string}	200	walk4
2026-07-29T22:22:14.047Z	POST	https://insights-collector.newrelic.com/v1/accounts/737486/events	/brandverse/overview [Jivo]	[{appName:string,appVCode:string,agent:string,platform:string,user_id:string,s_id:string,account_id:string,clarity_url:string,isCanary:string,appURL:string,appHost:string,appPathName:string,userAgent:string,networkType:string,saveData:string,eventType:string,dashboardType:string,name:string,url:string,method:string,duration:number,statusCode:number,requestId:string,appVersion:string}]	200	walk4
2026-07-29T22:22:14.293Z	POST	https://insights-collector.newrelic.com/v1/accounts/737486/events	/brandverse/overview [Jivo]	[{appName:string,appVCode:string,agent:string,platform:string,user_id:string,s_id:string,account_id:string,clarity_url:string,isCanary:string,appURL:string,appHost:string,appPathName:string,userAgent:string,networkType:string,saveData:string,eventType:string,dashboardType:string,name:string,url:string,method:string,duration:number,statusCode:number,requestId:string,appVersion:string}]	200	walk4
2026-07-29T22:22:14.342Z	POST	https://insights-collector.newrelic.com/v1/accounts/737486/events	/brandverse/overview [Jivo]	[{appName:string,appVCode:string,agent:string,platform:string,user_id:string,s_id:string,account_id:string,clarity_url:string,isCanary:string,appURL:string,appHost:string,appPathName:string,userAgent:string,networkType:string,saveData:string,eventType:string,dashboardType:string,name:string,url:string,method:string,duration:number,statusCode:number,requestId:string,appVersion:string}]	200	walk4
2026-07-29T22:22:14.459Z	POST	https://insights-collector.newrelic.com/v1/accounts/737486/events	/brandverse/overview [Jivo]	[{appName:string,appVCode:string,agent:string,platform:string,user_id:string,s_id:string,account_id:string,clarity_url:string,isCanary:string,appURL:string,appHost:string,appPathName:string,userAgent:string,networkType:string,saveData:string,eventType:string,name:string,value:number}]	200	walk4
2026-07-29T22:22:14.478Z	POST	https://insights-collector.newrelic.com/v1/accounts/737486/events	/brandverse/overview [Jivo]	[{appName:string,appVCode:string,agent:string,platform:string,user_id:string,s_id:string,account_id:string,clarity_url:string,isCanary:string,appURL:string,appHost:string,appPathName:string,userAgent:string,networkType:string,saveData:string,eventType:string,dashboardType:string,name:string,remoteName:string,loadTime:number,status:string,deviceContext:string}]	200	walk4
2026-07-29T22:22:14.605Z	POST	https://brand-portal-service-http.swiggy.com/api/v1/3p/advertiser/metrics/batch	/brandverse/overview [Jivo]	{request_context:{request_id:string,client_id:string},third_party_advertiser_metrics_queries:[{query_id:string,metrics:array,dimensions:array,filters:object,metric_period:object}],account_id:string,market_place_context:{marketplace_id:string,business_line_id:string}}	403	walk4
2026-07-29T22:22:14.628Z	POST	https://insights-collector.newrelic.com/v1/accounts/737486/events	/brandverse/overview [Jivo]	[{appName:string,appVCode:string,agent:string,platform:string,user_id:string,s_id:string,account_id:string,clarity_url:string,isCanary:string,appURL:string,appHost:string,appPathName:string,userAgent:string,networkType:string,saveData:string,eventType:string,dashboardType:string,name:string,url:string,method:string,duration:number,statusCode:number,requestId:string,appVersion:string}]	200	walk4
2026-07-29T22:22:14.883Z	POST	https://brand-portal-service-http.swiggy.com/api/v1/3p/advertiser/metrics/batch	/brandverse/overview [Jivo]	{request_context:{request_id:string,client_id:string},third_party_advertiser_metrics_queries:[{query_id:string,metrics:array,dimensions:array,filters:object,metric_period:object}],account_id:string,market_place_context:{marketplace_id:string,business_line_id:string}}	403	walk4
2026-07-29T22:22:15.154Z	POST	https://brand-portal-service-http.swiggy.com/api/v1/3p/advertiser/metrics/batch	/brandverse/overview [Jivo]	{request_context:{request_id:string,client_id:string},third_party_advertiser_metrics_queries:[{query_id:string,metrics:array,dimensions:array,filters:object,metric_period:object}],account_id:string,market_place_context:{marketplace_id:string,business_line_id:string}}	403	walk4
2026-07-29T22:22:21.611Z	POST	https://insights-collector.newrelic.com/v1/accounts/737486/events	/brandverse/campaign-metrics [Jivo]	[{networkType:string,saveData:string,eventType:string,dashboardType:string,isCanary:string,name:string,pageUrl:string,originTime:number,loadTime:number,account_id:string,appURL:string,appPathName:string,deviceContext:string,user_id:string}]	200	walk4
2026-07-29T22:22:21.624Z	POST	https://insights-collector.newrelic.com/v1/accounts/737486/events	/brandverse/campaign-metrics [Jivo]	[{appName:string,appVCode:string,agent:string,platform:string,user_id:string,s_id:string,account_id:string,clarity_url:string,isCanary:string,appURL:string,appHost:string,appPathName:string,userAgent:string,networkType:string,saveData:string,eventType:string,dashboardType:string,name:string,loadTime:number,app:string,deviceContext:string}]	200	walk4
2026-07-29T22:22:21.646Z	POST	https://insights-collector.newrelic.com/v1/accounts/737486/events	/brandverse/campaign-metrics [Jivo]	[{appName:string,appVCode:string,agent:string,platform:string,user_id:string,s_id:string,account_id:string,clarity_url:string,isCanary:string,appURL:string,appHost:string,appPathName:string,userAgent:string,networkType:string,saveData:string,eventType:string,name:string,value:number}]	200	walk4
2026-07-29T22:22:21.751Z	POST	https://insights-collector.newrelic.com/v1/accounts/737486/events	/brandverse/campaign-metrics [Jivo]	[{appName:string,appVCode:string,agent:string,platform:string,user_id:string,s_id:string,account_id:string,clarity_url:string,isCanary:string,appURL:string,appHost:string,appPathName:string,userAgent:string,networkType:string,saveData:string,eventType:string,name:string,value:number}]	200	walk4
2026-07-29T22:22:22.097Z	POST	https://brand-portal-service-http.swiggy.com/api/v1/account/permissions	/brandverse/campaign-metrics [Jivo]	{}	200	walk4
2026-07-29T22:22:22.127Z	POST	https://insights-collector.newrelic.com/v1/accounts/737486/events	/brandverse/campaign-metrics [Jivo]	[{appName:string,appVCode:string,agent:string,platform:string,user_id:string,s_id:string,account_id:string,clarity_url:string,isCanary:string,appURL:string,appHost:string,appPathName:string,userAgent:string,networkType:string,saveData:string,eventType:string,dashboardType:string,name:string,url:string,method:string,duration:number,statusCode:number,requestId:string,appVersion:string}]	200	walk4
2026-07-29T22:22:22.370Z	POST	https://brand-portal-service-http.swiggy.com/api/v1/account/permissions	/brandverse/campaign-metrics [Jivo]	{account_id:string}	200	walk4
2026-07-29T22:22:22.422Z	POST	https://insights-collector.newrelic.com/v1/accounts/737486/events	/brandverse/campaign-metrics [Jivo]	[{appName:string,appVCode:string,agent:string,platform:string,user_id:string,s_id:string,account_id:string,clarity_url:string,isCanary:string,appURL:string,appHost:string,appPathName:string,userAgent:string,networkType:string,saveData:string,eventType:string,dashboardType:string,name:string,url:string,method:string,duration:number,statusCode:number,requestId:string,appVersion:string}]	200	walk4
2026-07-29T22:22:22.635Z	POST	https://insights-collector.newrelic.com/v1/accounts/737486/events	/brandverse/campaign-metrics [Jivo]	[{appName:string,appVCode:string,agent:string,platform:string,user_id:string,s_id:string,account_id:string,clarity_url:string,isCanary:string,appURL:string,appHost:string,appPathName:string,userAgent:string,networkType:string,saveData:string,eventType:string,dashboardType:string,name:string,url:string,method:string,duration:number,statusCode:number,requestId:string,appVersion:string}]	200	walk4
2026-07-29T22:22:22.706Z	POST	https://insights-collector.newrelic.com/v1/accounts/737486/events	/brandverse/campaign-metrics [Jivo]	[{appName:string,appVCode:string,agent:string,platform:string,user_id:string,s_id:string,account_id:string,clarity_url:string,isCanary:string,appURL:string,appHost:string,appPathName:string,userAgent:string,networkType:string,saveData:string,eventType:string,dashboardType:string,name:string,url:string,method:string,duration:number,statusCode:number,requestId:string,appVersion:string}]	200	walk4
2026-07-29T22:22:22.812Z	POST	https://insights-collector.newrelic.com/v1/accounts/737486/events	/brandverse/campaign-metrics [Jivo]	[{appName:string,appVCode:string,agent:string,platform:string,user_id:string,s_id:string,account_id:string,clarity_url:string,isCanary:string,appURL:string,appHost:string,appPathName:string,userAgent:string,networkType:string,saveData:string,eventType:string,dashboardType:string,name:string,remoteName:string,loadTime:number,status:string,deviceContext:string}]	200	walk4
2026-07-29T22:22:22.959Z	POST	https://brand-portal-service-http.swiggy.com/api/v1/3p/advertiser/metrics/batch	/brandverse/campaign-metrics [Jivo]	{request_context:{request_id:string,client_id:string},third_party_advertiser_metrics_queries:[{query_id:string,metrics:array,dimensions:array,filters:object,metric_period:object}],account_id:string,market_place_context:{marketplace_id:string,business_line_id:string}}	403	walk4
2026-07-29T22:22:22.964Z	POST	https://insights-collector.newrelic.com/v1/accounts/737486/events	/brandverse/campaign-metrics [Jivo]	[{appName:string,appVCode:string,agent:string,platform:string,user_id:string,s_id:string,account_id:string,clarity_url:string,isCanary:string,appURL:string,appHost:string,appPathName:string,userAgent:string,networkType:string,saveData:string,eventType:string,dashboardType:string,name:string,url:string,method:string,duration:number,statusCode:number,requestId:string,appVersion:string}]	200	walk4
2026-07-29T22:22:23.229Z	POST	https://brand-portal-service-http.swiggy.com/api/v1/3p/advertiser/metrics/batch	/brandverse/campaign-metrics [Jivo]	{request_context:{request_id:string,client_id:string},third_party_advertiser_metrics_queries:[{query_id:string,metrics:array,dimensions:array,filters:object,metric_period:object}],account_id:string,market_place_context:{marketplace_id:string,business_line_id:string}}	403	walk4
2026-07-29T22:22:23.502Z	POST	https://brand-portal-service-http.swiggy.com/api/v1/3p/advertiser/metrics/batch	/brandverse/campaign-metrics [Jivo]	{request_context:{request_id:string,client_id:string},third_party_advertiser_metrics_queries:[{query_id:string,metrics:array,dimensions:array,filters:object,metric_period:object}],account_id:string,market_place_context:{marketplace_id:string,business_line_id:string}}	403	walk4
2026-07-29T22:22:30.022Z	POST	https://insights-collector.newrelic.com/v1/accounts/737486/events	/im-catalog [Jivo]	[{networkType:string,saveData:string,eventType:string,dashboardType:string,isCanary:string,name:string,pageUrl:string,originTime:number,loadTime:number,account_id:string,appURL:string,appPathName:string,deviceContext:string,user_id:string}]	200	walk4
2026-07-29T22:22:30.044Z	POST	https://insights-collector.newrelic.com/v1/accounts/737486/events	/im-catalog [Jivo]	[{appName:string,appVCode:string,agent:string,platform:string,user_id:string,s_id:string,account_id:string,clarity_url:string,isCanary:string,appURL:string,appHost:string,appPathName:string,userAgent:string,networkType:string,saveData:string,eventType:string,dashboardType:string,name:string,loadTime:number,app:string,deviceContext:string}]	200	walk4
2026-07-29T22:22:30.061Z	POST	https://insights-collector.newrelic.com/v1/accounts/737486/events	/im-catalog [Jivo]	[{appName:string,appVCode:string,agent:string,platform:string,user_id:string,s_id:string,account_id:string,clarity_url:string,isCanary:string,appURL:string,appHost:string,appPathName:string,userAgent:string,networkType:string,saveData:string,eventType:string,name:string,value:number}]	200	walk4
2026-07-29T22:22:30.259Z	POST	https://insights-collector.newrelic.com/v1/accounts/737486/events	/im-catalog [Jivo]	[{appName:string,appVCode:string,agent:string,platform:string,user_id:string,s_id:string,account_id:string,clarity_url:string,isCanary:string,appURL:string,appHost:string,appPathName:string,userAgent:string,networkType:string,saveData:string,eventType:string,name:string,value:number}]	200	walk4
2026-07-29T22:22:30.519Z	POST	https://brand-portal-service-http.swiggy.com/api/v1/account/permissions	/im-catalog [Jivo]	{}	200	walk4
2026-07-29T22:22:30.525Z	POST	https://insights-collector.newrelic.com/v1/accounts/737486/events	/im-catalog [Jivo]	[{appName:string,appVCode:string,agent:string,platform:string,user_id:string,s_id:string,account_id:string,clarity_url:string,isCanary:string,appURL:string,appHost:string,appPathName:string,userAgent:string,networkType:string,saveData:string,eventType:string,dashboardType:string,name:string,url:string,method:string,duration:number,statusCode:number,requestId:string,appVersion:string}]	200	walk4
2026-07-29T22:22:30.531Z	POST	https://insights-collector.newrelic.com/v1/accounts/737486/events	/im-catalog [Jivo]	[{appName:string,appVCode:string,agent:string,platform:string,user_id:string,s_id:string,account_id:string,clarity_url:string,isCanary:string,appURL:string,appHost:string,appPathName:string,userAgent:string,networkType:string,saveData:string,eventType:string,dashboardType:string,name:string,error_type:string,context:string,login_type:string,email:string,session_info:string,error_message:string}]	200	walk4
2026-07-29T22:22:30.795Z	POST	https://brand-portal-service-http.swiggy.com/api/v1/account/permissions	/im-catalog [Jivo]	{account_id:string}	200	walk4
2026-07-29T22:22:30.839Z	POST	https://insights-collector.newrelic.com/v1/accounts/737486/events	/im-catalog [Jivo]	[{appName:string,appVCode:string,agent:string,platform:string,user_id:string,s_id:string,account_id:string,clarity_url:string,isCanary:string,appURL:string,appHost:string,appPathName:string,userAgent:string,networkType:string,saveData:string,eventType:string,dashboardType:string,name:string,url:string,method:string,duration:number,statusCode:number,requestId:string,appVersion:string}]	200	walk4
2026-07-29T22:22:31.135Z	POST	https://insights-collector.newrelic.com/v1/accounts/737486/events	/im-catalog [Jivo]	[{appName:string,appVCode:string,agent:string,platform:string,user_id:string,s_id:string,account_id:string,clarity_url:string,isCanary:string,appURL:string,appHost:string,appPathName:string,userAgent:string,networkType:string,saveData:string,eventType:string,dashboardType:string,name:string,url:string,method:string,duration:number,statusCode:number,requestId:string,appVersion:string}]	200	walk4
2026-07-29T22:22:31.165Z	POST	https://insights-collector.newrelic.com/v1/accounts/737486/events	/im-catalog [Jivo]	[{appName:string,appVCode:string,agent:string,platform:string,user_id:string,s_id:string,account_id:string,clarity_url:string,isCanary:string,appURL:string,appHost:string,appPathName:string,userAgent:string,networkType:string,saveData:string,eventType:string,name:string,value:number}]	200	walk4
2026-07-29T22:22:31.225Z	POST	https://insights-collector.newrelic.com/v1/accounts/737486/events	/im-catalog [Jivo]	[{appName:string,appVCode:string,agent:string,platform:string,user_id:string,s_id:string,account_id:string,clarity_url:string,isCanary:string,appURL:string,appHost:string,appPathName:string,userAgent:string,networkType:string,saveData:string,eventType:string,dashboardType:string,name:string,remoteName:string,loadTime:number,status:string,deviceContext:string}]	200	walk4
2026-07-29T22:22:31.411Z	POST	https://insights-collector.newrelic.com/v1/accounts/737486/events	/im-catalog [Jivo]	[{appName:string,appVCode:string,agent:string,platform:string,user_id:string,s_id:string,account_id:string,clarity_url:string,isCanary:string,appURL:string,appHost:string,appPathName:string,userAgent:string,networkType:string,saveData:string,eventType:string,dashboardType:string,name:string,url:string,method:string,duration:number,statusCode:number,requestId:string,appVersion:string}]	200	walk4
2026-07-29T22:22:31.748Z	POST	https://brand-portal-service-http.swiggy.com/v1/search_categories	/im-catalog [Jivo]	{requestContext:{requestId:string,clientId:string,channel:string,idempotencyId:string},mpContext:{marketplaceId:string,businessLineId:string},filters:{compositeFilter:{logicalOperator:string,filters:array}},paginationContext:{offset:string,size:number}}	200	walk4
2026-07-29T22:22:31.758Z	POST	https://brand-portal-service-http.swiggy.com/v1/list_spins	/im-catalog [Jivo]	{requestContext:{requestId:string,clientId:string,channel:string,idempotencyId:string},mpContext:{marketplaceId:string,businessLineId:string},filters:{compositeFilter:{logicalOperator:string,filters:array}},paginationContext:{offset:string,size:number}}	200	walk4
2026-07-29T22:22:32.672Z	POST	https://brand-portal-service-http.swiggy.com/v1/get_spin_metrics	/im-catalog [Jivo]	{requestContext:{requestId:string,clientId:string,channel:string,idempotencyId:string},mpContext:{marketplaceId:string,businessLineId:string},metricsContext:string,metricsQueries:[{metricName:string,groupByDimension:string,dimensionMask:array}],filters:{fieldFilter:{key:string,values:array,comparisonOperator:string}}}	200	walk4
2026-07-29T22:22:38.447Z	POST	https://insights-collector.newrelic.com/v1/accounts/737486/events	/im-catalog/approvals [Jivo]	[{networkType:string,saveData:string,eventType:string,dashboardType:string,isCanary:string,name:string,pageUrl:string,originTime:number,loadTime:number,account_id:string,appURL:string,appPathName:string,deviceContext:string,user_id:string}]	200	walk4
2026-07-29T22:22:38.476Z	POST	https://insights-collector.newrelic.com/v1/accounts/737486/events	/im-catalog/approvals [Jivo]	[{appName:string,appVCode:string,agent:string,platform:string,user_id:string,s_id:string,account_id:string,clarity_url:string,isCanary:string,appURL:string,appHost:string,appPathName:string,userAgent:string,networkType:string,saveData:string,eventType:string,dashboardType:string,name:string,loadTime:number,app:string,deviceContext:string}]	200	walk4
2026-07-29T22:22:38.508Z	POST	https://insights-collector.newrelic.com/v1/accounts/737486/events	/im-catalog/approvals [Jivo]	[{appName:string,appVCode:string,agent:string,platform:string,user_id:string,s_id:string,account_id:string,clarity_url:string,isCanary:string,appURL:string,appHost:string,appPathName:string,userAgent:string,networkType:string,saveData:string,eventType:string,name:string,value:number}]	200	walk4
2026-07-29T22:22:38.608Z	POST	https://insights-collector.newrelic.com/v1/accounts/737486/events	/im-catalog/approvals [Jivo]	[{appName:string,appVCode:string,agent:string,platform:string,user_id:string,s_id:string,account_id:string,clarity_url:string,isCanary:string,appURL:string,appHost:string,appPathName:string,userAgent:string,networkType:string,saveData:string,eventType:string,name:string,value:number}]	200	walk4
2026-07-29T22:22:39.150Z	POST	https://brand-portal-service-http.swiggy.com/api/v1/account/permissions	/im-catalog/approvals [Jivo]	{}	200	walk4
2026-07-29T22:22:39.169Z	POST	https://insights-collector.newrelic.com/v1/accounts/737486/events	/im-catalog/approvals [Jivo]	[{appName:string,appVCode:string,agent:string,platform:string,user_id:string,s_id:string,account_id:string,clarity_url:string,isCanary:string,appURL:string,appHost:string,appPathName:string,userAgent:string,networkType:string,saveData:string,eventType:string,dashboardType:string,name:string,url:string,method:string,duration:number,statusCode:number,requestId:string,appVersion:string}]	200	walk4
2026-07-29T22:22:39.422Z	POST	https://brand-portal-service-http.swiggy.com/api/v1/account/permissions	/im-catalog/approvals [Jivo]	{account_id:string}	200	walk4
2026-07-29T22:22:39.440Z	POST	https://insights-collector.newrelic.com/v1/accounts/737486/events	/im-catalog/approvals [Jivo]	[{appName:string,appVCode:string,agent:string,platform:string,user_id:string,s_id:string,account_id:string,clarity_url:string,isCanary:string,appURL:string,appHost:string,appPathName:string,userAgent:string,networkType:string,saveData:string,eventType:string,dashboardType:string,name:string,url:string,method:string,duration:number,statusCode:number,requestId:string,appVersion:string}]	200	walk4
2026-07-29T22:22:39.685Z	POST	https://insights-collector.newrelic.com/v1/accounts/737486/events	/im-catalog/approvals [Jivo]	[{appName:string,appVCode:string,agent:string,platform:string,user_id:string,s_id:string,account_id:string,clarity_url:string,isCanary:string,appURL:string,appHost:string,appPathName:string,userAgent:string,networkType:string,saveData:string,eventType:string,dashboardType:string,name:string,url:string,method:string,duration:number,statusCode:number,requestId:string,appVersion:string}]	200	walk4
2026-07-29T22:22:39.758Z	POST	https://insights-collector.newrelic.com/v1/accounts/737486/events	/im-catalog/approvals [Jivo]	[{appName:string,appVCode:string,agent:string,platform:string,user_id:string,s_id:string,account_id:string,clarity_url:string,isCanary:string,appURL:string,appHost:string,appPathName:string,userAgent:string,networkType:string,saveData:string,eventType:string,dashboardType:string,name:string,url:string,method:string,duration:number,statusCode:number,requestId:string,appVersion:string}]	200	walk4
2026-07-29T22:22:39.856Z	POST	https://insights-collector.newrelic.com/v1/accounts/737486/events	/im-catalog/approvals [Jivo]	[{appName:string,appVCode:string,agent:string,platform:string,user_id:string,s_id:string,account_id:string,clarity_url:string,isCanary:string,appURL:string,appHost:string,appPathName:string,userAgent:string,networkType:string,saveData:string,eventType:string,name:string,value:number}]	200	walk4
2026-07-29T22:22:40.040Z	POST	https://insights-collector.newrelic.com/v1/accounts/737486/events	/im-catalog/approvals [Jivo]	[{appName:string,appVCode:string,agent:string,platform:string,user_id:string,s_id:string,account_id:string,clarity_url:string,isCanary:string,appURL:string,appHost:string,appPathName:string,userAgent:string,networkType:string,saveData:string,eventType:string,dashboardType:string,name:string,url:string,method:string,duration:number,statusCode:number,requestId:string,appVersion:string}]	200	walk4
2026-07-29T22:22:46.914Z	POST	https://insights-collector.newrelic.com/v1/accounts/737486/events	/im-catalog/update-requests [Jivo]	[{networkType:string,saveData:string,eventType:string,dashboardType:string,isCanary:string,name:string,pageUrl:string,originTime:number,loadTime:number,account_id:string,appURL:string,appPathName:string,deviceContext:string,user_id:string}]	200	walk4
2026-07-29T22:22:46.956Z	POST	https://insights-collector.newrelic.com/v1/accounts/737486/events	/im-catalog/update-requests [Jivo]	[{appName:string,appVCode:string,agent:string,platform:string,user_id:string,s_id:string,account_id:string,clarity_url:string,isCanary:string,appURL:string,appHost:string,appPathName:string,userAgent:string,networkType:string,saveData:string,eventType:string,dashboardType:string,name:string,loadTime:number,app:string,deviceContext:string}]	200	walk4
2026-07-29T22:22:46.957Z	POST	https://insights-collector.newrelic.com/v1/accounts/737486/events	/im-catalog/update-requests [Jivo]	[{appName:string,appVCode:string,agent:string,platform:string,user_id:string,s_id:string,account_id:string,clarity_url:string,isCanary:string,appURL:string,appHost:string,appPathName:string,userAgent:string,networkType:string,saveData:string,eventType:string,name:string,value:number}]	200	walk4
2026-07-29T22:22:47.054Z	POST	https://insights-collector.newrelic.com/v1/accounts/737486/events	/im-catalog/update-requests [Jivo]	[{appName:string,appVCode:string,agent:string,platform:string,user_id:string,s_id:string,account_id:string,clarity_url:string,isCanary:string,appURL:string,appHost:string,appPathName:string,userAgent:string,networkType:string,saveData:string,eventType:string,name:string,value:number}]	200	walk4
2026-07-29T22:22:47.398Z	POST	https://brand-portal-service-http.swiggy.com/api/v1/account/permissions	/im-catalog/update-requests [Jivo]	{}	200	walk4
2026-07-29T22:22:47.406Z	POST	https://insights-collector.newrelic.com/v1/accounts/737486/events	/im-catalog/update-requests [Jivo]	[{appName:string,appVCode:string,agent:string,platform:string,user_id:string,s_id:string,account_id:string,clarity_url:string,isCanary:string,appURL:string,appHost:string,appPathName:string,userAgent:string,networkType:string,saveData:string,eventType:string,dashboardType:string,name:string,url:string,method:string,duration:number,statusCode:number,requestId:string,appVersion:string}]	200	walk4
2026-07-29T22:22:47.668Z	POST	https://brand-portal-service-http.swiggy.com/api/v1/account/permissions	/im-catalog/update-requests [Jivo]	{account_id:string}	200	walk4
2026-07-29T22:22:47.733Z	POST	https://insights-collector.newrelic.com/v1/accounts/737486/events	/im-catalog/update-requests [Jivo]	[{appName:string,appVCode:string,agent:string,platform:string,user_id:string,s_id:string,account_id:string,clarity_url:string,isCanary:string,appURL:string,appHost:string,appPathName:string,userAgent:string,networkType:string,saveData:string,eventType:string,dashboardType:string,name:string,url:string,method:string,duration:number,statusCode:number,requestId:string,appVersion:string}]	200	walk4
2026-07-29T22:22:48.165Z	POST	https://insights-collector.newrelic.com/v1/accounts/737486/events	/im-catalog/update-requests [Jivo]	[{appName:string,appVCode:string,agent:string,platform:string,user_id:string,s_id:string,account_id:string,clarity_url:string,isCanary:string,appURL:string,appHost:string,appPathName:string,userAgent:string,networkType:string,saveData:string,eventType:string,dashboardType:string,name:string,url:string,method:string,duration:number,statusCode:number,requestId:string,appVersion:string}]	200	walk4
2026-07-29T22:22:48.213Z	POST	https://insights-collector.newrelic.com/v1/accounts/737486/events	/im-catalog/update-requests [Jivo]	[{appName:string,appVCode:string,agent:string,platform:string,user_id:string,s_id:string,account_id:string,clarity_url:string,isCanary:string,appURL:string,appHost:string,appPathName:string,userAgent:string,networkType:string,saveData:string,eventType:string,dashboardType:string,name:string,remoteName:string,loadTime:number,status:string,deviceContext:string}]	200	walk4
2026-07-29T22:22:48.368Z	POST	https://insights-collector.newrelic.com/v1/accounts/737486/events	/im-catalog/update-requests [Jivo]	[{appName:string,appVCode:string,agent:string,platform:string,user_id:string,s_id:string,account_id:string,clarity_url:string,isCanary:string,appURL:string,appHost:string,appPathName:string,userAgent:string,networkType:string,saveData:string,eventType:string,dashboardType:string,name:string,url:string,method:string,duration:number,statusCode:number,requestId:string,appVersion:string}]	200	walk4
2026-07-29T22:22:48.646Z	POST	https://brand-portal-service-http.swiggy.com/v1/get_spin_metrics	/im-catalog/update-requests [Jivo]	{requestContext:{requestId:string,clientId:string,channel:string,idempotencyId:string},mpContext:{marketplaceId:string,businessLineId:string},metricsContext:string,metricsQueries:[{metricName:string,groupByDimension:string,dimensionMask:array}],filters:{fieldFilter:{key:string,values:array,comparisonOperator:string}}}	200	walk4
2026-07-29T22:22:48.876Z	POST	https://brand-portal-service-http.swiggy.com/v1/list_spin_change_requests	/im-catalog/update-requests [Jivo]	{requestContext:{requestId:string,clientId:string,channel:string,idempotencyId:string},mpContext:{marketplaceId:string,businessLineId:string},filters:{compositeFilter:{logicalOperator:string,filters:array}},sort:[{sortBy:string,sortOrder:string}],paginationContext:{offset:string,size:number}}	200	walk4
2026-07-29T22:53:16.034Z	POST	https://brand-portal-service-http.swiggy.com/api/v1/account/permissions	/im-vendor/stock-on-hand	{}	200	walk5
2026-07-29T22:53:17.079Z	POST	https://picker.swiggy.com/api/v1/inventory/search/itemInventories	/im-vendor/stock-on-hand	{filters:{brand_company_id:string},pagination:{page_number:number,size:number},sort:[{sort_order:string,sort_by:string}],query:{warehouse_name:string}}	403	walk5
2026-07-29T22:53:17.080Z	POST	https://picker.swiggy.com/api/v1/inventory/metrics	/im-vendor/stock-on-hand	{mask:string,brand_company_id:string,supplier_id:string,interval:{start_time:number,end_time:number}}	403	walk5
2026-07-29T22:53:25.250Z	POST	https://brand-portal-service-http.swiggy.com/api/v1/account/permissions	/im-vendor/low-stock	{}	200	walk5
2026-07-29T22:53:26.231Z	POST	https://picker.swiggy.com/api/v1/inventory/search/lowStockFcs	/im-vendor/low-stock	{filters:{brand_company_id:string},pagination:{page_number:number,size:number},sort:[{sort_order:string,sort_by:string}],query:{warehouse_name:string}}	403	walk5
2026-07-29T22:53:26.246Z	POST	https://picker.swiggy.com/api/v1/inventory/metrics	/im-vendor/low-stock	{mask:string,brand_company_id:string,supplier_id:string,interval:{start_time:number,end_time:number}}	403	walk5
2026-07-29T22:53:34.648Z	POST	https://brand-portal-service-http.swiggy.com/api/v1/account/permissions	/im-vendor/availability	{}	200	walk5
2026-07-29T22:53:35.657Z	POST	https://picker.swiggy.com/api/v1/searchInventoryAvailabilityMetrics	/im-vendor/availability	{aggregation_level:string,filters:{aggregation_period:string,product_type:string,brand_company_id:string,l1_category_id:string,brand_id:string,city_id:string},pagination:{page_number:number,size:number},sort:[{sort_by:string,sort_order:string}]}	403	walk5
2026-07-29T22:53:44.059Z	POST	https://brand-portal-service-http.swiggy.com/api/v1/account/permissions	/im-vendor/grn	{}	200	walk5
2026-07-29T22:53:45.017Z	POST	https://picker.swiggy.com/api/v1/searchGrns	/im-vendor/grn	{filters:{brand_company_id:string,selling_party.id:string,created_time:number},pagination:{page_number:number,size:number},sort:[{sort_order:string,sort_by:string}],query:{selling_party.id:string}}	403	walk5
2026-07-29T22:53:45.034Z	POST	https://picker.swiggy.com/api/v1/purchaseMetrics	/im-vendor/grn	{mask:string,filters:{brand_company_id:string,supplier_id:string},interval:{start_time:number,end_time:number}}	403	walk5
2026-07-29T22:53:53.444Z	POST	https://brand-portal-service-http.swiggy.com/api/v1/account/permissions	/im-vendor/rtv	{}	200	walk5
2026-07-29T22:53:54.430Z	POST	https://picker.swiggy.com/api/v1/returnMetrics	/im-vendor/rtv	{brand_company_id:string,supplier_id:string,mask:string,interval:{start_time:number,end_time:number}}	400	walk5
2026-07-29T22:53:54.436Z	POST	https://picker.swiggy.com/api/v1/search/rtv	/im-vendor/rtv	{filters:{category_ids:string,confirmation_time.min:number,confirmation_time.max:number,brand_company_id:string,supplier_id:string},pagination:{page_number:number,size:number},sort:[{sort_by:string,sort_order:string}],query:{id:string,ship_from_party.name:string,receiving_party.id:string}}	403	walk5
2026-07-29T22:54:02.847Z	POST	https://brand-portal-service-http.swiggy.com/api/v1/account/permissions	/im-vendor/purchase-returns	{}	200	walk5
2026-07-29T22:54:03.822Z	POST	https://picker.swiggy.com/api/v1/purchaseMetrics	/im-vendor/purchase-returns	{mask:string,filters:{supplier_id:string,brand_company_id:string},interval:{start_time:number,end_time:number}}	403	walk5
2026-07-29T22:54:03.841Z	POST	https://picker.swiggy.com/api/v1/searchPurchaseReturns	/im-vendor/purchase-returns	{filters:{confirmation_date.min:number,confirmation_date.max:number,brand_company_id:string,return_to_party.id:string},pagination:{page_number:number,size:number},sort:[{sort_by:string,sort_order:string}],query:{id:string,ship_from_party.name:string}}	403	walk5
2026-07-29T22:54:12.266Z	POST	https://brand-portal-service-http.swiggy.com/api/v1/account/permissions	/im-vendor/performance-vendor-scores	{}	200	walk5
2026-07-29T22:54:13.288Z	POST	https://picker.swiggy.com/api/v1/searchSupplierPerformanceMetrics	/im-vendor/performance-vendor-scores	{aggregation_level:string,filters:{brand_company_id:string,supplier_id:string,created_time.min:number,created_time.max:number},sort:[{sort_by:string,sort_order:string}],pagination:{page_number:number,size:number}}	403	walk5
2026-07-29T22:54:13.289Z	POST	https://picker.swiggy.com/api/v1/searchSupplierPerformanceMetrics	/im-vendor/performance-vendor-scores	{aggregation_level:string,filters:{brand_company_id:string,supplier_id:string,created_time.min:number,created_time.max:number},pagination:{page_number:number,size:number}}	403	walk5
2026-07-29T22:54:13.326Z	POST	https://picker.swiggy.com/api/v1/searchSupplierPerformanceMetrics	/im-vendor/performance-vendor-scores	{aggregation_level:string,filters:{brand_company_id:string,supplier_id:string,created_time.min:number,created_time.max:number},pagination:{page_number:number,size:number}}	403	walk5
2026-07-29T22:54:13.344Z	POST	https://picker.swiggy.com/api/v1/searchSupplierPerformanceMetrics	/im-vendor/performance-vendor-scores	{aggregation_level:string,filters:{brand_company_id:string,supplier_id:string,created_time.min:number,created_time.max:number},sort:[{sort_by:string,sort_order:string}],pagination:{page_number:number,size:number}}	403	walk5
2026-07-29T22:54:21.684Z	POST	https://brand-portal-service-http.swiggy.com/api/v1/account/permissions	/im-vendor/po-dashboard	{}	200	walk5
2026-07-29T22:54:22.401Z	POST	https://picker.swiggy.com/api/v1/searchPurchaseOrder	/im-vendor/po-dashboard	{filters:{order_dates.release_date:number,brand_company_id:string,selling_party.id:string},pagination:{page_number:number,size:number},sort:[{sort_by:string,sort_order:string}],query:{id:string,ship_to_party.name:string}}	403	walk5
2026-07-29T22:54:22.421Z	POST	https://picker.swiggy.com/api/v1/purchaseMetrics	/im-vendor/po-dashboard	{mask:string,filters:{supplier_id:string,brand_company_id:string},interval:{start_time:number,end_time:number}}	403	walk5
2026-07-29T22:54:31.096Z	POST	https://brand-portal-service-http.swiggy.com/api/v1/account/permissions	/im-vendor/downloads	{}	200	walk5
2026-07-29T22:54:32.105Z	POST	https://picker.swiggy.com/api/v1/batch/list	/im-vendor/downloads	{filters:{job_definition_name:string,order_dates.release_date:number},pagination:{page_number:number,size:number},sort:{sort_order:string,sort_by:string}}	200	walk5
