code,name,uom,po_docnum,vendor,order_date,due_date,qty_ordered,qty_received_by_aug1,qty_open_aug1,days_late_vs_due
PM0000851,PET BOTTLE 1 LTR 26 GM,PCS,220726077,TPAC PACKAGING INDIA PVT LTD II,2026-07-15,2026-07-15,600000.000000,66534.000000,533466.000000,17
PM0000851,PET BOTTLE 1 LTR 26 GM,PCS,220726021,TPAC PACKAGING INDIA PVT LTD II,2026-07-01,2026-07-01,600000.000000,148668.000000,451332.000000,31
PM0000594,PREFORM 40 GMS 36 MM,PCS,220526084,FRYSTAL PET PRIVATE LIMITED,2026-05-20,2026-05-20,350000.000000,21000.000000,329000.000000,73
PM0000085,CAPS 1 OR 2 LTR WHITE AND YELLOW WITH LOGO,PCS,220726133,BABAJI UDYOG PVT. LTD.,2026-07-30,2026-07-30,252000.000000,0.000000,252000.000000,2
PM0000852,PREFORM 49.5 GMS 36 MM,PCS,220726016,FRYSTAL PET PRIVATE LIMITED,2026-07-04,2026-07-04,405600.000000,159000.000000,246600.000000,28
RM0000003,MUSTARD LOOSE OIL,LTR,220626079,AWL AGRI BUSINESS LIMITED,2026-06-12,2026-06-12,274725.000000,30501.068000,244223.932000,50
PM0000594,PREFORM 40 GMS 36 MM,PCS,220626038,PIONEER PET SWASTIC PET INDUSTRIES (ACSFS8137Q),2026-06-06,2026-06-06,250000.000000,32000.000000,218000.000000,56
PM0000852,PREFORM 49.5 GMS 36 MM,PCS,220626038,PIONEER PET SWASTIC PET INDUSTRIES (ACSFS8137Q),2026-06-06,2026-06-06,250000.000000,39063.000000,210937.000000,56
PM0000594,PREFORM 40 GMS 36 MM,PCS,220626039,FRYSTAL PET PRIVATE LIMITED,2026-06-06,2026-06-06,250000.000000,45600.000000,204400.000000,56
PM0000078,CAPS 5 LTR/15 LTR,PCS,220626145,BERICAP INDIA PRIVATE LIMITED,2026-06-25,2026-06-25,201600.000000,0.000000,201600.000000,37
RM0000025,SOYABEAN REFINED LOOSE OIL,LTR,220726068,AWL AGRI BUSINESS LIMITED,2026-07-10,2026-07-10,240312.947000,42637.320000,197675.627000,22
CF0000036,PEB SHED CANOLA NEW LAND 2 ACRE,PCS,220726007,WILLUS INFRASTRUCTURE PRIVATE LIMITED,2026-07-03,2026-10-15,158000.000000,0.000000,158000.000000,-75
CF0000036,PEB SHED CANOLA NEW LAND 2 ACRE,PCS,220726007,WILLUS INFRASTRUCTURE PRIVATE LIMITED,2026-07-03,2026-10-15,158000.000000,0.000000,158000.000000,-75
CF0000036,PEB SHED CANOLA NEW LAND 2 ACRE,PCS,226226562,WILLUS INFRASTRUCTURE PRIVATE LIMITED,2026-02-18,2026-02-28,144800.000000,0.000000,144800.000000,154
CF0000036,PEB SHED CANOLA NEW LAND 2 ACRE,PCS,226226559,WILLUS INFRASTRUCTURE PRIVATE LIMITED,2026-02-17,2026-02-28,144800.000000,0.000000,144800.000000,154
PM0000079,CAPS 1 & 2 LTR FULL GREEN WITH LOGO,PCS,220726085,BABAJI UDYOG PVT. LTD.,2026-07-14,2026-07-14,400000.000000,261000.000000,139000.000000,18
PM0000079,CAPS 1 & 2 LTR FULL GREEN WITH LOGO,PCS,220626015,BABAJI UDYOG PVT. LTD.,2026-06-03,2026-06-03,276000.000000,150000.000000,126000.000000,59
PM0000075,TAPE LOGO PRINTED,MTR,220726112,SHRI PATA ENTERPRISES,2026-07-25,2026-07-25,108240.000000,0.000000,108240.000000,7
PM0000235,CAPS 1 LTR WHITE AND YELLOW SMALL PLAIN,PCS,220726085,BABAJI UDYOG PVT. LTD.,2026-07-14,2026-07-14,500000.000000,400000.000000,100000.000000,18
PM0000020,LABEL 1 LTR KACHCHI GHANI FRONT,PCS,220626132,ZENBI INTERNATIONAL PRIVATE LIMITED,2026-06-23,2026-06-23,100000.000000,0.000000,100000.000000,39
PM0000019,LABEL 1 LTR KACHCHI GHANI BACK,PCS,220626132,ZENBI INTERNATIONAL PRIVATE LIMITED,2026-06-23,2026-06-23,100000.000000,0.000000,100000.000000,39
PM0000058,PET BOTTLE 200 MLS OLIVE OIL,PCS,220726073,PARAMBA POLYMER,2026-07-16,2026-07-16,100000.000000,0.000000,100000.000000,16
CG0000031,BARCODE LABELS,PCS,1225226530,BHAGWATI INDUSTRIES,2025-12-02,2025-12-10,95200.000000,0.000000,95200.000000,234
RM0000066,PEANUT OIL,LTR,220726110,DHANLAXMI EDIBLES PRIVATE LIMITED,2026-07-24,2026-07-24,92307.600000,0.000000,92307.600000,8
PM0000125,PET BOTTLE 500 MLS 34 GMS,PCS,220726021,TPAC PACKAGING INDIA PVT LTD II,2026-07-01,2026-07-01,100000.000000,12240.000000,87760.000000,31
PM0000851,PET BOTTLE 1 LTR 26 GM,PCS,220626022,BR AGROTECH LTD,2026-06-04,2026-06-04,200000.000000,114184.000000,85816.000000,58
PM0000408,CAPS 1 & 2 LTR WHITE AND GREEN PLAIN,PCS,220726085,BABAJI UDYOG PVT. LTD.,2026-07-14,2026-07-14,100000.000000,24000.000000,76000.000000,18
CF0000028,PEB SHED (DOCK EXTENSION),PCS,725226560,WILLUS INFRASTRUCTURE PRIVATE LIMITED,2025-07-09,2025-07-30,67000.000000,0.000000,67000.000000,367
CF0000028,PEB SHED (DOCK EXTENSION),PCS,725226560,WILLUS INFRASTRUCTURE PRIVATE LIMITED,2025-07-09,2025-07-30,67000.000000,0.000000,67000.000000,367
PM0000053,HDPE BOTTLE 5 LTR,PCS,220726036,RAJ TECHNOPACK PVT LTD,2026-07-09,2026-07-09,80000.000000,17675.000000,62325.000000,23
PM0000851,PET BOTTLE 1 LTR 26 GM,PCS,220626025,TPAC PACKAGING INDIA PVT LTD II,2026-06-04,2026-06-04,200000.000000,144924.000000,55076.000000,58
PM0000468,CAPS 5 LTR GREEN,PCS,220726036,RAJ TECHNOPACK PVT LTD,2026-07-09,2026-07-09,60000.000000,6450.000000,53550.000000,23
PM0000053,HDPE BOTTLE 5 LTR,PCS,220526115,AG POLY PACKS PVT LTD,2026-05-25,2026-05-25,50000.000000,216.000000,49784.000000,68
RM0000066,PEANUT OIL,LTR,220726109,DHANLAXMI EDIBLES PRIVATE LIMITED,2026-07-23,2026-07-23,92307.600000,44791.164000,47516.436000,9
PM0000121,PET BOTTLE 1 LTR 52 GMS POMACE,PCS,326226527,BR AGROTECH LTD,2026-03-08,2026-03-08,100000.000000,55584.000000,44416.000000,146
PM0000523,LABEL 1 LTR RICE BRAN OIL BACK,PCS,220626124,ZENBI INTERNATIONAL PRIVATE LIMITED,2026-06-20,2026-06-20,40000.000000,0.000000,40000.000000,42
PM0000522,LABEL 1 LTR RICE BRAN OIL FRONT,PCS,220626124,ZENBI INTERNATIONAL PRIVATE LIMITED,2026-06-20,2026-06-20,40000.000000,0.000000,40000.000000,42
PM0000468,CAPS 5 LTR GREEN,PCS,220626046,RAJ TECHNOPACK PVT LTD,2026-06-08,2026-06-08,55000.000000,15720.000000,39280.000000,54
PM0000469,CAPS 5 LTR BROWN,PCS,220626069,ECHO PLAST INDIA,2026-06-11,2026-06-11,50000.000000,11385.000000,38615.000000,51
PM0000469,CAPS 5 LTR BROWN,PCS,220726036,RAJ TECHNOPACK PVT LTD,2026-07-09,2026-07-09,50000.000000,14620.000000,35380.000000,23
PM0000053,HDPE BOTTLE 5 LTR,PCS,220726072,ECHO PLAST INDIA,2026-07-07,2026-07-16,35000.000000,0.000000,35000.000000,16
SF0000006,CHAI 250 GMS 40 PCS,PCS,326226555,EASTERN ENTERPRISE (ASSAM),2026-03-06,2026-03-06,32840.000000,0.000000,32840.000000,148
PM0000053,HDPE BOTTLE 5 LTR,PCS,220626046,RAJ TECHNOPACK PVT LTD,2026-06-08,2026-06-08,100000.000000,69825.000000,30175.000000,54
PM0000228,HDPE BOTTLE 4 LTR,PCS,220726036,RAJ TECHNOPACK PVT LTD,2026-07-09,2026-07-09,30000.000000,0.000000,30000.000000,23
PM0000469,CAPS 5 LTR BROWN,PCS,220726072,ECHO PLAST INDIA,2026-07-07,2026-07-07,30000.000000,0.000000,30000.000000,25
PM0000861,LABEL 1 LTR GOLD FULL,PCS,220726094,CORE PACKAGING,2026-07-21,2026-07-21,30000.000000,0.000000,30000.000000,11
PM0000468,CAPS 5 LTR GREEN,PCS,220526115,AG POLY PACKS PVT LTD,2026-05-25,2026-05-25,30000.000000,108.000000,29892.000000,68
PM0000053,HDPE BOTTLE 5 LTR,PCS,220526047,S M PLAST & CHEMICALS VEND,2026-05-13,2026-05-13,30000.000000,612.000000,29388.000000,80
PM0000057,PET BOTTLE 2 LTR 66 GMS,PCS,220626025,TPAC PACKAGING INDIA PVT LTD II,2026-06-04,2026-06-04,30000.000000,1850.000000,28150.000000,58
CG0000049,TIN SHED-NEW LAND WIP,KGS,126226559,GREEN METAL INFRA,2026-01-13,2026-01-30,27000.000000,0.000000,27000.000000,183
PM0000113,HDPE BOTTLE 3 LTR,PCS,220726036,RAJ TECHNOPACK PVT LTD,2026-07-09,2026-07-09,30240.000000,3395.000000,26845.000000,23
PM0000358,HDPE BOTTLE 5 LTR GOLD,PCS,220626069,ECHO PLAST INDIA,2026-06-11,2026-06-11,30000.000000,3375.000000,26625.000000,51
PM0000195,PET BOTTLE 1 LTR 52 GMS GREEN,PCS,220526041,TPAC PACKAGING INDIA PVT LTD,2026-05-12,2026-05-12,30000.000000,4200.000000,25800.000000,81
PM0000360,LABEL 5 LTR GOLD BACK NEW,PCS,220726023,CORE PACKAGING,2026-07-06,2026-07-06,25000.000000,0.000000,25000.000000,26
PM0000359,LABEL 5 LTR GOLD FRONT NEW,PCS,220726023,CORE PACKAGING,2026-07-06,2026-07-06,25000.000000,0.000000,25000.000000,26
PM0000125,PET BOTTLE 500 MLS 34 GMS,PCS,220726038,TPAC PACKAGING INDIA PVT LTD,2026-07-06,2026-07-06,100000.000000,75600.000000,24400.000000,26
RM0000013,POMACE OLIVE LOOSE OIL IMPORTED,LTR,220526015,MIGASA ACEITES S L U,2026-05-06,2026-05-06,24175.800000,0.000000,24175.800000,87
RM0000013,POMACE OLIVE LOOSE OIL IMPORTED,LTR,220526016,MIGASA ACEITES S L U,2026-05-06,2026-05-06,24175.800000,0.000000,24175.800000,87
PM0000469,CAPS 5 LTR BROWN,PCS,220626046,RAJ TECHNOPACK PVT LTD,2026-06-08,2026-06-08,55000.000000,31950.000000,23050.000000,54
RM0000006,DESI GHEE,PCS,925226500,SPEAR AGRO INDUSTRIES PRIVATE LIMITED,2025-09-01,2025-09-01,27750.000000,6750.000000,21000.000000,334
PM0000469,CAPS 5 LTR BROWN,PCS,925226558,A A ENTERPRISES,2025-09-16,2025-09-16,20000.000000,0.000000,20000.000000,319
PM0000251,PET BOTTLE 2 LTR 80 GMS YELLOW HANDLE,PCS,220726022,TPAC PACKAGING INDIA PVT LTD II,2026-07-04,2026-07-04,20000.000000,0.000000,20000.000000,28
PM0000470,CAPS 5 LTR ORANGE,PCS,220726036,RAJ TECHNOPACK PVT LTD,2026-07-09,2026-07-09,20000.000000,0.000000,20000.000000,23
RM0000039,A-2 COW GHEE,LTR,220726107,MALLEKAN DAIRY AND AGRO PVT. LTD,2026-07-23,2026-07-23,20000.000000,0.000000,20000.000000,9
PM0000228,HDPE BOTTLE 4 LTR,PCS,220626046,RAJ TECHNOPACK PVT LTD,2026-06-08,2026-06-08,20000.000000,0.000000,20000.000000,54
PM0000628,LABEL 15 LTR SUNFLOWER OIL,PCS,220626091,PEARL INDUSTRIES,2026-06-12,2026-06-12,20000.000000,0.000000,20000.000000,50
PM0000469,CAPS 5 LTR BROWN,PCS,220526115,AG POLY PACKS PVT LTD,2026-05-25,2026-05-25,20000.000000,108.000000,19892.000000,68
PM0000468,CAPS 5 LTR GREEN,PCS,220526047,S M PLAST & CHEMICALS VEND,2026-05-13,2026-05-13,20000.000000,612.000000,19388.000000,80
RM0000003,MUSTARD LOOSE OIL,LTR,220526066,AWL AGRI BUSINESS LIMITED,2026-05-13,2026-05-13,274725.000000,255801.942000,18923.058000,80
PM0000194,PET BOTTLE 1 LTR 40 GMS,PCS,326226527,BR AGROTECH LTD,2026-03-08,2026-03-08,100000.000000,81984.000000,18016.000000,146
PM0000468,CAPS 5 LTR GREEN,PCS,220726072,ECHO PLAST INDIA,2026-07-07,2026-07-07,20000.000000,2860.000000,17140.000000,25
CG0000049,TIN SHED-NEW LAND WIP,KGS,126226603,HARYANA SANITARY STORE,2026-01-20,2026-01-30,15000.000000,0.000000,15000.000000,183
PM0000471,CAPS 5 LTR BLUE,PCS,220726036,RAJ TECHNOPACK PVT LTD,2026-07-09,2026-07-09,15000.000000,0.000000,15000.000000,23
PM0000411,CARTON 1 LTR 20 PCS PET 26GM,PCS,220626141,KUBER PAPER & PACK PRIVATE LIMITED AAJCK3867H0,2026-06-24,2026-06-24,15000.000000,0.000000,15000.000000,38
PM0000195,PET BOTTLE 1 LTR 52 GMS GREEN,PCS,326226554,BR AGROTECH LTD,2026-03-18,2026-03-18,50000.000000,35376.000000,14624.000000,136
RM0000025,SOYABEAN REFINED LOOSE OIL,LTR,220626163,M/S ARORA AGRI BUSINESS VENTURES,2026-06-26,2026-06-26,14516.469000,0.000000,14516.469000,36
PM0000053,HDPE BOTTLE 5 LTR,PCS,220526083,A A ENTERPRISES,2026-05-19,2026-05-19,30000.000000,15500.000000,14500.000000,74
CG0000031,BARCODE LABELS,PCS,1224226647,BHAGWATI INDUSTRIES,2024-12-20,2024-12-28,14000.000000,0.000000,14000.000000,581
PM0000013,CARTON 5 LTR 4 PCS,PCS,326226587,KUBER PAPER & PACK PRIVATE LIMITED AAJCK3867H0,2026-03-25,2026-03-25,12500.000000,0.000000,12500.000000,129
PM0000851,PET BOTTLE 1 LTR 26 GM,PCS,220626147,TPAC PACKAGING INDIA PVT LTD II,2026-06-04,2026-06-04,11856.000000,0.000000,11856.000000,58
CG0000027,HARDWARE ( MEZZANINE FLOOR-GUPTA GODOWN) (1212011),PCS,225226535,RAKESH WELDING WORKSHOP,2025-02-05,2025-02-11,11535.000000,0.000000,11535.000000,536
CG0000026,HARDWARE FOR WIP/SANITARY - WIP DOCK AND 1ST FLOOR EXTENSION (1212010),PCS,1224226625,S.R. ENTERPRISES,2024-12-26,2025-01-10,11500.000000,0.000000,11500.000000,568
CG0000049,TIN SHED-NEW LAND WIP,KGS,126226571,GUPTA TRADING CO,2026-01-16,2026-01-30,20800.000000,9440.000000,11360.000000,183
PM0000080,TIN 5 LTR POMACE OLIVE PRINTED,PCS,220726005,NATIONAL TIN INDUSTRIES,2026-07-02,2026-07-02,20000.000000,8862.000000,11138.000000,30
PM0000003,CARTON 1 LTR POMACE 16 PCS,PCS,220526034,SHIVALIK CONTAINERS PVT.LTD (AAECS1496B),2026-05-09,2026-05-09,10000.000000,0.000000,10000.000000,84
PM0000006,CARTON 1 LTR 20 PCS PET 40 GM,PCS,220526034,SHIVALIK CONTAINERS PVT.LTD (AAECS1496B),2026-05-09,2026-05-09,10000.000000,0.000000,10000.000000,84
PM0000005,CARTON 1 LTR 12 POUCHES,PCS,220726074,SSY CONTAINERS PVT LTD,2026-07-16,2026-07-16,10000.000000,0.000000,10000.000000,16
PM0000696,CAPS 1 & 2 LTR  VEDAKA,PCS,1225226523,ZOOM PLASTIC,2025-12-04,2025-12-04,10000.000000,0.000000,10000.000000,240
PM0000694,PET BOTTLE 1 LTR VEDAKA,PCS,1225226523,ZOOM PLASTIC,2025-12-04,2025-12-04,10000.000000,0.000000,10000.000000,240
PM0000186,HDPE BOTTLE 5 LTR OLIVE GREEN,PCS,220726072,ECHO PLAST INDIA,2026-07-07,2026-07-16,10000.000000,0.000000,10000.000000,16
PM0000056,PET BOTTLE 100 MLS BOTTLES,PCS,220726072,ECHO PLAST INDIA,2026-07-07,2026-07-16,10000.000000,0.000000,10000.000000,16
PM0000060,CAPS 1 & 2 LTR WHITE AND BLUE WITH LOGO,PCS,220526106,BABAJI UDYOG PVT. LTD.,2026-05-23,2026-05-23,100000.000000,90000.000000,10000.000000,70
PM0000358,HDPE BOTTLE 5 LTR GOLD,PCS,220726072,ECHO PLAST INDIA,2026-07-07,2026-07-16,10000.000000,0.000000,10000.000000,16
PM0000005,CARTON 1 LTR 12 POUCHES,PCS,220726057,KUBER PAPER & PACK PRIVATE LIMITED AAJCK3867H0,2026-07-13,2026-07-13,10000.000000,0.000000,10000.000000,19
PM0000470,CAPS 5 LTR ORANGE,PCS,220626069,ECHO PLAST INDIA,2026-06-11,2026-06-11,10000.000000,0.000000,10000.000000,51
PM0000228,HDPE BOTTLE 4 LTR,PCS,220626069,ECHO PLAST INDIA,2026-06-11,2026-06-11,10000.000000,0.000000,10000.000000,51
PM0000113,HDPE BOTTLE 3 LTR,PCS,220626069,ECHO PLAST INDIA,2026-06-11,2026-06-11,10000.000000,0.000000,10000.000000,51
PM0000113,HDPE BOTTLE 3 LTR,PCS,220626046,RAJ TECHNOPACK PVT LTD,2026-06-08,2026-06-08,10000.000000,0.000000,10000.000000,54
PM0000469,CAPS 5 LTR BROWN,PCS,220526047,S M PLAST & CHEMICALS VEND,2026-05-13,2026-05-13,10000.000000,0.000000,10000.000000,80
PM0000186,HDPE BOTTLE 5 LTR OLIVE GREEN,PCS,220726036,RAJ TECHNOPACK PVT LTD,2026-07-09,2026-07-09,10000.000000,0.000000,10000.000000,23
PM0000358,HDPE BOTTLE 5 LTR GOLD,PCS,220726036,RAJ TECHNOPACK PVT LTD,2026-07-09,2026-07-09,10000.000000,0.000000,10000.000000,23
PM0000470,CAPS 5 LTR ORANGE,PCS,220726072,ECHO PLAST INDIA,2026-07-07,2026-07-07,10000.000000,0.000000,10000.000000,25
PM0000411,CARTON 1 LTR 20 PCS PET 26GM,PCS,220626014,SSY CONTAINERS PVT LTD,2026-06-03,2026-06-03,30000.000000,20043.000000,9957.000000,59
PM0000006,CARTON 1 LTR 20 PCS PET 40 GM,PCS,220626014,SSY CONTAINERS PVT LTD,2026-06-03,2026-06-03,15000.000000,5857.000000,9143.000000,59
CG0000026,HARDWARE FOR WIP/SANITARY - WIP DOCK AND 1ST FLOOR EXTENSION (1212010),PCS,1224226625,S.R. ENTERPRISES,2024-12-26,2025-01-10,9075.000000,0.000000,9075.000000,568
CG0000049,TIN SHED-NEW LAND WIP,KGS,126226603,HARYANA SANITARY STORE,2026-01-20,2026-01-30,9000.000000,0.000000,9000.000000,183
PM0000085,CAPS 1 OR 2 LTR WHITE AND YELLOW WITH LOGO,PCS,220626068,BABAJI UDYOG PVT. LTD.,2026-06-11,2026-06-11,150000.000000,141000.000000,9000.000000,51
PM0000076,TIN 15 LTR,PCS,220726048,BOXMASTERS INDIA,2026-07-10,2026-07-10,9000.000000,0.000000,9000.000000,22
PM0000468,CAPS 5 LTR GREEN,PCS,220526083,A A ENTERPRISES,2026-05-19,2026-05-19,15000.000000,6040.000000,8960.000000,74
CG0000027,HARDWARE ( MEZZANINE FLOOR-GUPTA GODOWN) (1212011),PCS,1224226626,S.R. ENTERPRISES,2024-12-15,2024-12-26,8920.000000,0.000000,8920.000000,583
PM0000395,TIN 5 LTR POMACE OLIVE SANO,PCS,220726005,NATIONAL TIN INDUSTRIES,2026-07-02,2026-07-02,15000.000000,6948.000000,8052.000000,30
PM0000013,CARTON 5 LTR 4 PCS,PCS,126226586,SHIVALIK CONTAINERS PVT.LTD (AAECS1496B),2026-01-17,2026-01-17,8000.000000,0.000000,8000.000000,196
PM0000003,CARTON 1 LTR POMACE 16 PCS,PCS,1125226575,SHIVALIK CONTAINERS PVT.LTD (AAECS1496B),2025-11-20,2025-11-20,8000.000000,0.000000,8000.000000,254
PM0000228,HDPE BOTTLE 4 LTR,PCS,220726072,ECHO PLAST INDIA,2026-07-07,2026-07-16,8000.000000,0.000000,8000.000000,16
PM0000411,CARTON 1 LTR 20 PCS PET 26GM,PCS,1125226575,SHIVALIK CONTAINERS PVT.LTD (AAECS1496B),2025-11-20,2025-11-20,8000.000000,0.000000,8000.000000,254
PM0000470,CAPS 5 LTR ORANGE,PCS,220626049,A A ENTERPRISES,2026-06-04,2026-06-04,10000.000000,2080.000000,7920.000000,58
CG0000028,MS PIPE-ANGLE ( MEZZANINE FLOOR-GUPTA GODOWN) (1212011),PCS,1224226585,S.R. ENTERPRISES,2024-12-10,2024-12-15,7700.000000,0.000000,7700.000000,594
CG0000032,MS PIPE/ANGLE- WIP -TERRACE-TIN SHED (STORAGE) (1212012),PCS,1224226662,H.R TRADERS,2024-12-25,2024-12-30,7000.000000,0.000000,7000.000000,579
PM0000079,CAPS 1 & 2 LTR FULL GREEN WITH LOGO,PCS,220526029,BABAJI UDYOG PVT. LTD.,2026-05-08,2026-05-08,100000.000000,93000.000000,7000.000000,85
CG0000058,TIN SHED 50 KL TANK,PCS,220626001,BISMILAH WELDERS,2026-06-01,2026-06-15,6750.000000,0.000000,6750.000000,47
PM0000288,LABEL 5 LTR SOYABEAN BACK,PCS,220726001,ROYAL PRIME LABELS,2026-07-01,2026-07-01,6700.000000,0.000000,6700.000000,31
PM0000289,LABEL 5 LTR SOYABEAN FRONT,PCS,220726001,ROYAL PRIME LABELS,2026-07-01,2026-07-01,6700.000000,0.000000,6700.000000,31
CG0000026,HARDWARE FOR WIP/SANITARY - WIP DOCK AND 1ST FLOOR EXTENSION (1212010),PCS,1224226625,S.R. ENTERPRISES,2024-12-26,2025-01-10,6000.000000,0.000000,6000.000000,568
PM0000825,CARTON 1 LTR 20 PCS NEW,PCS,220726123,SSY CONTAINERS PVT LTD,2026-07-28,2026-07-28,8000.000000,2045.000000,5955.000000,4
PM0000251,PET BOTTLE 2 LTR 80 GMS YELLOW HANDLE,PCS,220426115,TPAC PACKAGING INDIA PVT LTD II,2026-04-24,2026-04-24,25000.000000,19824.000000,5176.000000,99
FG0000223,JIVO DESI GHEE 1 LTR 16 PCS,PCS,1224226564,ZOMATO HYPERPURE PVT LTD,2024-12-12,2024-12-12,5000.000000,0.000000,5000.000000,597
FG0000223,JIVO DESI GHEE 1 LTR 16 PCS,PCS,1224226560,ZOMATO HYPERPURE PVT LTD,2024-12-11,2024-12-11,5000.000000,0.000000,5000.000000,598
PM0000498,PET BOTTLE 500 MLS 34 GMS GREEN,PCS,125226622,PIONEER PET SWASTIC PET INDUSTRIES (ACSFS8137Q),2025-01-25,2025-01-25,5000.000000,0.000000,5000.000000,553
PM0000125,PET BOTTLE 500 MLS 34 GMS,PCS,125226622,PIONEER PET SWASTIC PET INDUSTRIES (ACSFS8137Q),2025-01-25,2025-01-25,5000.000000,0.000000,5000.000000,553
PM0000058,PET BOTTLE 200 MLS OLIVE OIL,PCS,125226622,PIONEER PET SWASTIC PET INDUSTRIES (ACSFS8137Q),2025-01-25,2025-01-25,5000.000000,0.000000,5000.000000,553
PM0000471,CAPS 5 LTR BLUE,PCS,220626069,ECHO PLAST INDIA,2026-06-11,2026-06-11,5000.000000,0.000000,5000.000000,51
PM0000053,HDPE BOTTLE 5 LTR,PCS,220726117,BAL KRISHNA INDUSTRIES,2026-07-25,2026-07-25,5000.000000,0.000000,5000.000000,7
PM0000113,HDPE BOTTLE 3 LTR,PCS,220726072,ECHO PLAST INDIA,2026-07-07,2026-07-16,5000.000000,0.000000,5000.000000,16
PM0000155,SHRINKS NECK 500 MLS PRINTED EXTRA VIRGIN OLIVE,PCS,725226549,POLYLAM PRINTERS PRIVATE LIMITED,2025-07-01,2025-07-15,5000.000000,0.000000,5000.000000,382
CG0000032,MS PIPE/ANGLE- WIP -TERRACE-TIN SHED (STORAGE) (1212012),PCS,1224226662,H.R TRADERS,2024-12-25,2024-12-30,5000.000000,0.000000,5000.000000,579
PM0000013,CARTON 5 LTR 4 PCS,PCS,220626141,KUBER PAPER & PACK PRIVATE LIMITED AAJCK3867H0,2026-06-24,2026-06-24,10000.000000,5180.000000,4820.000000,38
CG0000033,HARDWARE ITEMS - WIP-TERRACE-TIN SHED(STORAGE) (1212012),PCS,125226607,BISMILAH WELDERS,2025-01-20,2025-01-30,4800.000000,0.000000,4800.000000,548
RM0000007,RICE BRAN REFINED OIL,LTR,220526052,AWL AGRI BUSINESS LIMITED,2026-05-13,2026-05-13,87955.956000,83186.730000,4769.226000,80
CG0000049,TIN SHED-NEW LAND WIP,KGS,126226559,GREEN METAL INFRA,2026-01-13,2026-01-30,4500.000000,0.000000,4500.000000,183
PM0000825,CARTON 1 LTR 20 PCS NEW,PCS,220726124,SSY CONTAINERS PVT LTD,2026-07-27,2026-07-28,8000.000000,3504.000000,4496.000000,4
PM0000076,TIN 15 LTR,PCS,220726042,NATIONAL TIN INDUSTRIES,2026-07-10,2026-07-10,10000.000000,5673.000000,4327.000000,22
PM0000013,CARTON 5 LTR 4 PCS,PCS,220526034,SHIVALIK CONTAINERS PVT.LTD (AAECS1496B),2026-05-09,2026-05-09,10000.000000,5850.000000,4150.000000,84
PM0000085,CAPS 1 OR 2 LTR WHITE AND YELLOW WITH LOGO,PCS,220526029,BABAJI UDYOG PVT. LTD.,2026-05-08,2026-05-08,100000.000000,96000.000000,4000.000000,85
PM0000050,LABEL 5 LTR PAKKI GHANI FRONT,PCS,220626130,ROYAL PRIME LABELS,2026-06-23,2026-06-23,4000.000000,0.000000,4000.000000,39
PM0000049,LABEL 5 LTR PAKKI GHANI BACK,PCS,220626130,ROYAL PRIME LABELS,2026-06-23,2026-06-23,4000.000000,0.000000,4000.000000,39
PM0000013,CARTON 5 LTR 4 PCS,PCS,126226638,SHIVALIK CONTAINERS PVT.LTD (AAECS1496B),2026-01-22,2026-01-22,10000.000000,6080.000000,3920.000000,191
PM0000013,CARTON 5 LTR 4 PCS,PCS,220626014,SSY CONTAINERS PVT LTD,2026-06-03,2026-06-03,20000.000000,16083.000000,3917.000000,59
PM0000076,TIN 15 LTR,PCS,220626031,HARYANA GENERAL INDUSTRIES,2026-06-05,2026-06-05,15000.000000,11240.000000,3760.000000,57
PM0000395,TIN 5 LTR POMACE OLIVE SANO,PCS,220526032,NATIONAL TIN INDUSTRIES,2026-05-09,2026-05-09,20000.000000,16246.000000,3754.000000,84
PM0000632,CARTON 5 LTR TIN OLIVE 4 PCS SANO,PCS,220726129,SSY CONTAINERS PVT LTD,2026-07-27,2026-07-29,5000.000000,1426.000000,3574.000000,3
PM0000632,CARTON 5 LTR TIN OLIVE 4 PCS SANO,PCS,220626125,SSY CONTAINERS PVT LTD,2026-06-22,2026-06-22,5000.000000,1455.000000,3545.000000,40
SF0000006,CHAI 250 GMS 40 PCS,PCS,220426084,EASTERN ENTERPRISE (ASSAM),2026-04-01,2026-04-01,3200.000000,0.000000,3200.000000,122
CG0000033,HARDWARE ITEMS - WIP-TERRACE-TIN SHED(STORAGE) (1212012),PCS,1224226714,GREEN METAL INFRA,2024-12-31,2025-01-14,3075.000000,0.000000,3075.000000,564
PM0000891,POUCH SOYABEAN MULTI  KGS,KGS,220626161,UFLEX LIMITED NEW,2026-06-29,2026-06-29,3000.000000,0.000000,3000.000000,33
CG0000026,HARDWARE FOR WIP/SANITARY - WIP DOCK AND 1ST FLOOR EXTENSION (1212010),PCS,1224226625,S.R. ENTERPRISES,2024-12-26,2025-01-10,3000.000000,0.000000,3000.000000,568
PM0000194,PET BOTTLE 1 LTR 40 GMS,PCS,220526096,TPAC PACKAGING INDIA PVT LTD,2026-05-22,2026-05-22,50000.000000,47344.000000,2656.000000,71
CG0000032,MS PIPE/ANGLE- WIP -TERRACE-TIN SHED (STORAGE) (1212012),PCS,1224226662,H.R TRADERS,2024-12-25,2024-12-30,2500.000000,0.000000,2500.000000,579
PM0000076,TIN 15 LTR,PCS,220726043,HARYANA INDUSTRIAL COMPANY,2026-07-10,2026-07-10,9000.000000,6556.000000,2444.000000,22
PM0000634,CARTON 1 LTR 20 PCS SANO,PCS,220726129,SSY CONTAINERS PVT LTD,2026-07-27,2026-07-29,5000.000000,2582.000000,2418.000000,3
RM0000006,DESI GHEE,PCS,825226627,SPEAR AGRO INDUSTRIES PRIVATE LIMITED,2025-08-25,2025-08-25,2250.000000,0.000000,2250.000000,341
FG0000254,PET BOTTLE 500 MLS MANGO 18 PCS,PCS,225226671,JIVO MART PVT LTD,2025-02-28,2025-02-28,2240.000000,0.000000,2240.000000,519
PM0000013,CARTON 5 LTR 4 PCS,PCS,220626018,KUBER PAPER & PACK PRIVATE LIMITED AAJCK3867H0,2026-06-03,2026-06-03,20000.000000,17784.000000,2216.000000,59
PM0000003,CARTON 1 LTR POMACE 16 PCS,PCS,220626014,SSY CONTAINERS PVT LTD,2026-06-03,2026-06-03,10000.000000,7822.000000,2178.000000,59
PM0000877,TIKKI BARCODE CSD KGMO 5 LTR,PCS,220726139,MEDIA GRAPHIC PRINTS VEND,2026-07-30,2026-07-30,2000.000000,0.000000,2000.000000,2
PM0000122,TIKKI 100 MLS,PCS,220526001,MEDIA GRAPHIC PRINTS VEND,2026-05-02,2026-05-02,7128.000000,5184.000000,1944.000000,91
CG0000026,HARDWARE FOR WIP/SANITARY - WIP DOCK AND 1ST FLOOR EXTENSION (1212010),PCS,325226598,GREEN METAL INFRA,2025-03-17,2025-03-25,1875.000000,0.000000,1875.000000,494
PM0000082,CARTON 5 LTR OLIVE 4 PCS,PCS,220626006,SSY CONTAINERS PVT LTD,2026-06-01,2026-06-01,5000.000000,3130.000000,1870.000000,61
PM0000523,LABEL 1 LTR RICE BRAN OIL BACK,PCS,220726023,CORE PACKAGING,2026-07-06,2026-07-06,40000.000000,38200.000000,1800.000000,26
PM0000522,LABEL 1 LTR RICE BRAN OIL FRONT,PCS,220726023,CORE PACKAGING,2026-07-06,2026-07-06,40000.000000,38200.000000,1800.000000,26
CG0000058,TIN SHED 50 KL TANK,PCS,220626001,BISMILAH WELDERS,2026-06-01,2026-06-15,1746.000000,0.000000,1746.000000,47
PM0000251,PET BOTTLE 2 LTR 80 GMS YELLOW HANDLE,PCS,326226553,TPAC PACKAGING INDIA PVT LTD II,2026-03-18,2026-03-18,25000.000000,23478.000000,1522.000000,136
PM0000878,TIKKI BARCODE CSD KGMO 1 LTR,PCS,220726139,MEDIA GRAPHIC PRINTS VEND,2026-07-30,2026-07-30,1500.000000,0.000000,1500.000000,2
PM0000628,LABEL 15 LTR SUNFLOWER OIL,PCS,220426099,PACKGEN INTERNATIONAL PVT LTD,2026-04-24,2026-04-24,1500.000000,0.000000,1500.000000,99
PM0000404,THERMOCOL SET 5 LTR HDPE FULL,PCS,125226532,RR PLASTRON,2025-01-13,2025-01-13,1500.000000,0.000000,1500.000000,565
PM0000404,THERMOCOL SET 5 LTR HDPE FULL,PCS,125226531,RR PLASTRON,2025-01-13,2025-01-13,1500.000000,0.000000,1500.000000,565
CG0000026,HARDWARE FOR WIP/SANITARY - WIP DOCK AND 1ST FLOOR EXTENSION (1212010),PCS,325226598,GREEN METAL INFRA,2025-03-17,2025-03-25,1400.000000,0.000000,1400.000000,494
PM0000006,CARTON 1 LTR 20 PCS PET 40 GM,PCS,220626141,KUBER PAPER & PACK PRIVATE LIMITED AAJCK3867H0,2026-06-24,2026-06-24,10000.000000,8730.000000,1270.000000,38
CG0000026,HARDWARE FOR WIP/SANITARY - WIP DOCK AND 1ST FLOOR EXTENSION (1212010),PCS,1224226625,S.R. ENTERPRISES,2024-12-26,2025-01-10,1250.000000,0.000000,1250.000000,568
PM0000470,CAPS 5 LTR ORANGE,PCS,220626046,RAJ TECHNOPACK PVT LTD,2026-06-08,2026-06-08,20000.000000,18750.000000,1250.000000,54
PM0000053,HDPE BOTTLE 5 LTR,PCS,220626069,ECHO PLAST INDIA,2026-06-11,2026-06-11,50000.000000,48795.000000,1205.000000,51
PM0000632,CARTON 5 LTR TIN OLIVE 4 PCS SANO,PCS,220626098,SSY CONTAINERS PVT LTD,2026-06-13,2026-06-13,3000.000000,1800.000000,1200.000000,49
PM0000013,CARTON 5 LTR 4 PCS,PCS,126226585,SHIVALIK CONTAINERS PVT.LTD (AAECS1496B),2026-01-17,2026-01-17,8000.000000,6850.000000,1150.000000,196
CG0000058,TIN SHED 50 KL TANK,PCS,220626001,BISMILAH WELDERS,2026-06-01,2026-06-15,1100.000000,0.000000,1100.000000,47
PM0000082,CARTON 5 LTR OLIVE 4 PCS,PCS,326226619,KUBER PAPER & PACK PRIVATE LIMITED AAJCK3867H0,2026-03-31,2026-03-31,10000.000000,8916.000000,1084.000000,123
CG0000049,TIN SHED-NEW LAND WIP,KGS,126226559,GREEN METAL INFRA,2026-01-13,2026-01-30,1026.000000,0.000000,1026.000000,183
CG0000028,MS PIPE-ANGLE ( MEZZANINE FLOOR-GUPTA GODOWN) (1212011),PCS,1224226585,S.R. ENTERPRISES,2024-12-10,2024-12-15,1015.000000,0.000000,1015.000000,594
PM0000831,TIN 3 LTR EXTRA LIGHT OLIVE PRINTED,PCS,326226528,NATIONAL TIN INDUSTRIES,2026-03-07,2026-03-07,1000.000000,0.000000,1000.000000,147
PM0000842,LABEL 2 LTR CP CANOLA OIL HANDLE BOTTLE FRONT LA RASOI,PCS,220726001,ROYAL PRIME LABELS,2026-07-01,2026-07-01,1000.000000,0.000000,1000.000000,31
PM0000309,POUCH 1 LTR MUSTARD ROLLS KGS,KGS,220726096,UFLEX LIMITED NEW,2026-07-21,2026-07-21,1000.000000,0.000000,1000.000000,11
PM0000841,LABEL 2 LTR CP CANOLA OIL HANDLE BOTTLE BACK LA RASOI,PCS,220726001,ROYAL PRIME LABELS,2026-07-01,2026-07-01,1000.000000,0.000000,1000.000000,31
CG0000015,REFRESHMENT,PCS,326226645,ARSHDEEP SINGH SO GT DL 15000 IMPREST JWPL0007,2026-03-01,2026-05-01,1000.000000,0.000000,1000.000000,92
CG0000049,TIN SHED-NEW LAND WIP,KGS,126226603,HARYANA SANITARY STORE,2026-01-20,2026-01-30,1000.000000,0.000000,1000.000000,183
PM0000422,LABEL 500 MLS EXTRA VIRGIN OLIVE OIL BACK,PCS,220726139,MEDIA GRAPHIC PRINTS VEND,2026-07-30,2026-07-30,1000.000000,0.000000,1000.000000,2
PM0000421,LABEL 500 MLS EXTRA VIRGIN OLIVE OIL FRONT,PCS,220726139,MEDIA GRAPHIC PRINTS VEND,2026-07-30,2026-07-30,1000.000000,0.000000,1000.000000,2
PM0000896,TIN 200 ML PREMIUM OLIVE OIL,PCS,220726005,NATIONAL TIN INDUSTRIES,2026-07-02,2026-07-02,1000.000000,0.000000,1000.000000,30
PM0000830,TIN 3 LTR POMACE OLIVE PRINTED,PCS,326226528,NATIONAL TIN INDUSTRIES,2026-03-07,2026-03-07,1000.000000,0.000000,1000.000000,147
PM0000251,PET BOTTLE 2 LTR 80 GMS YELLOW HANDLE,PCS,220626025,TPAC PACKAGING INDIA PVT LTD II,2026-06-04,2026-06-04,10000.000000,9030.000000,970.000000,58
CF0000015,CONSTRUCTION OF COMPOUND WALL -NEW LAND,PCS,525226526,ABHINAV PRECAST,2025-05-05,2025-05-15,960.000000,0.000000,960.000000,443
CG0000001,PREFORM SAMPLE,GMS,1024226613,AMD INDUSTRIES LTD,2024-10-16,2024-10-16,952.000000,0.000000,952.000000,654
CG0000015,REFRESHMENT,PCS,126226528,ISHWAR KIRYANA STORE,2026-01-08,2026-01-15,900.000000,0.000000,900.000000,198
PM0000657,CARTON 1 LTR 16 PCS SANO,PCS,220626014,SSY CONTAINERS PVT LTD,2026-06-03,2026-06-03,5000.000000,4110.000000,890.000000,59
CG0000026,HARDWARE FOR WIP/SANITARY - WIP DOCK AND 1ST FLOOR EXTENSION (1212010),PCS,325226598,GREEN METAL INFRA,2025-03-17,2025-03-25,875.000000,0.000000,875.000000,494
PM0000122,TIKKI 100 MLS,PCS,226226518,MEDIA GRAPHIC PRINTS VEND,2026-02-06,2026-02-06,8000.000000,7128.000000,872.000000,176
PM0000404,THERMOCOL SET 5 LTR HDPE FULL,PCS,1224226608,RR PLASTRON,2024-12-23,2024-12-23,1500.000000,659.000000,841.000000,586
PM0000082,CARTON 5 LTR OLIVE 4 PCS,PCS,220626125,SSY CONTAINERS PVT LTD,2026-06-22,2026-06-22,7000.000000,6166.000000,834.000000,40
PM0000082,CARTON 5 LTR OLIVE 4 PCS,PCS,220626098,SSY CONTAINERS PVT LTD,2026-06-13,2026-06-13,2500.000000,1700.000000,800.000000,49
PM0000005,CARTON 1 LTR 12 POUCHES,PCS,220626141,KUBER PAPER & PACK PRIVATE LIMITED AAJCK3867H0,2026-06-24,2026-06-24,10000.000000,9226.000000,774.000000,38
CG0000028,MS PIPE-ANGLE ( MEZZANINE FLOOR-GUPTA GODOWN) (1212011),PCS,225226653,BISMILAH WELDERS,2025-02-26,2025-02-26,750.000000,0.000000,750.000000,521
CF0000011,MS PIPE-ANGLE (DOCK TIN SHED-GUPTA GODOWN),PCS,225226680,BISMILAH WELDERS,2025-02-20,2025-03-01,750.000000,0.000000,750.000000,518
CG0000049,TIN SHED-NEW LAND WIP,KGS,126226559,GREEN METAL INFRA,2026-01-13,2026-01-30,705.000000,0.000000,705.000000,183
FG0000233,SPICES CLOVES 100 GMS PCS,PCS,1024226638,RTC FOODS AAYFR3897E,2024-10-21,2024-10-21,700.000000,0.000000,700.000000,649
RM0000025,SOYABEAN REFINED LOOSE OIL,LTR,220626178,AWL AGRI BUSINESS LIMITED,2026-06-26,2026-06-26,189098.712000,188411.900000,686.813000,36
PM0000853,POUCH 250 GM JIVO PREMIUM TEA,GMS,226226505,M.M INDUSTRIES,2026-02-01,2026-02-01,650.000000,0.000000,650.000000,181
PM0000008,CARTON 15 LTR 1 PCS,PCS,220626002,BALAJI INC.,2026-06-01,2026-06-01,6000.000000,5358.000000,642.000000,61
PM0000056,PET BOTTLE 100 MLS BOTTLES,PCS,220426040,ECHO PLAST INDIA,2026-04-11,2026-04-11,20000.000000,19360.000000,640.000000,112
CG0000015,REFRESHMENT,PCS,1024226724,BANSAL PROVISION STORE,2024-10-05,2024-11-07,600.000000,0.000000,600.000000,632
CG0000005,HOUSEKEEPING,PCS,525226680,KAMALPREET SINGH BHATIA FACTORY ( IMPREST 3L ),2025-05-01,2025-06-06,600.000000,0.000000,600.000000,421
SC0000069,STAINLESS STEEL TOPWARE TESO LUNCHBOX WITH BOTTLE  1000 MLS,PCS,225226690,VISHAL VASTU BHANDAR AADFV0624J,2025-02-01,2025-02-01,592.000000,0.000000,592.000000,546
RM0000003,MUSTARD LOOSE OIL,LTR,220426102,AWL AGRI BUSINESS LIMITED,2026-04-24,2026-04-24,274725.000000,274185.440000,539.560000,99
PM0000892,LABEL 1 LTR PRESSED SUNFLOWER OIL FRONT,PCS,220626092,MEDIA GRAPHIC PRINTS VEND,2026-06-01,2026-06-01,504.000000,0.000000,504.000000,61
PM0000893,LABEL 1 LTR PRESSED SUNFLOWER OIL BACK,PCS,220626092,MEDIA GRAPHIC PRINTS VEND,2026-06-01,2026-06-01,504.000000,0.000000,504.000000,61
PM0000248,THERMOCOL SET 5 LTR TIN HALF,PCS,125226532,RR PLASTRON,2025-01-13,2025-01-13,500.000000,0.000000,500.000000,565
PM0000897,TIN 500 ML PREMIUM OLIVE OIL,PCS,220726005,NATIONAL TIN INDUSTRIES,2026-07-02,2026-07-02,500.000000,0.000000,500.000000,30
CG0000015,REFRESHMENT,PCS,326226645,ARSHDEEP SINGH SO GT DL 15000 IMPREST JWPL0007,2026-03-01,2026-05-01,500.000000,0.000000,500.000000,92
PM0000270,LABEL 15 LTR COLD PRESS SUNFLOWER OIL,PCS,220426104,PACKGEN INTERNATIONAL PVT LTD,2026-04-22,2026-04-22,1500.000000,1000.000000,500.000000,101
PM0000270,LABEL 15 LTR COLD PRESS SUNFLOWER OIL,PCS,326226535,MEDIA GRAPHIC PRINTS VEND,2026-03-07,2026-03-07,500.000000,0.000000,500.000000,147
PM0000630,CARTON 1 LTR 12 PCS SANO,PCS,1124226623,ZIYAUL HAQUE IMPREST JWPL0042,2024-11-26,2024-11-26,500.000000,0.000000,500.000000,613
PM0000248,THERMOCOL SET 5 LTR TIN HALF,PCS,125226531,RR PLASTRON,2025-01-13,2025-01-13,500.000000,0.000000,500.000000,565
CG0000026,HARDWARE FOR WIP/SANITARY - WIP DOCK AND 1ST FLOOR EXTENSION (1212010),PCS,325226598,GREEN METAL INFRA,2025-03-17,2025-03-25,425.000000,0.000000,425.000000,494
CG0000007,REPAIR AND MAINTENACE BUILDING AND OFFICE,PCS,220626119,MOHIT GLASS HOUSE AND ALUMINUM DECORATION,2026-06-22,2026-06-30,406.000000,0.000000,406.000000,32
CG0000007,REPAIR AND MAINTENACE BUILDING AND OFFICE,PCS,220626119,MOHIT GLASS HOUSE AND ALUMINUM DECORATION,2026-06-22,2026-06-30,406.000000,0.000000,406.000000,32
PM0000270,LABEL 15 LTR COLD PRESS SUNFLOWER OIL,PCS,325226606,MEDIA GRAPHIC PRINTS VEND,2025-03-05,2025-03-05,500.000000,100.000000,400.000000,514
FA0000005,PUFF PANELS AND ACCESSORIES (1204001),PCS,1124226696,BISMILAH WELDERS,2024-11-25,2024-12-30,376.000000,0.000000,376.000000,579
FA0000063,PUFF PANEL INSTALLATION (FA0000005) (1204001),PCS,1124226708,BISMILAH WELDERS,2024-11-25,2025-02-28,376.000000,0.000000,376.000000,519
RM0000003,MUSTARD LOOSE OIL,LTR,220726045,VAISHNODEVI AGRO RESOURCES PRIVATE LIMITED,2026-07-10,2026-07-10,43725.231000,43351.605000,373.626000,22
PM0000671,POUCH SOYABEAN MULTI ROLLS KGS,PCS,220426036,UFLEX LIMITED NEW,2026-04-10,2026-04-10,2000.000000,1639.460000,360.540000,113
FG0000199,SPICES CUMIN SEEDS 100 GMS,NOS,1024226638,RTC FOODS AAYFR3897E,2024-10-21,2024-10-21,350.000000,0.000000,350.000000,649
CG0000028,MS PIPE-ANGLE ( MEZZANINE FLOOR-GUPTA GODOWN) (1212011),PCS,1224226585,S.R. ENTERPRISES,2024-12-10,2024-12-15,350.000000,0.000000,350.000000,594
CF0000025,BOREWELL (1212013-NEW LAND),PCS,625226549,B S ENTERPRISE,2025-06-13,2025-06-30,340.000000,0.000000,340.000000,397
CG0000026,HARDWARE FOR WIP/SANITARY - WIP DOCK AND 1ST FLOOR EXTENSION (1212010),PCS,1224226625,S.R. ENTERPRISES,2024-12-26,2025-01-10,340.000000,0.000000,340.000000,568
PM0000194,PET BOTTLE 1 LTR 40 GMS,PCS,220626045,TPAC PACKAGING INDIA PVT LTD,2026-06-08,2026-06-08,100000.000000,99684.000000,316.000000,54
FG0000196,SPICES BLACK PEPPER 100 GMS,PCS,1024226638,RTC FOODS AAYFR3897E,2024-10-21,2024-10-21,300.000000,0.000000,300.000000,649
CG0000049,TIN SHED-NEW LAND WIP,KGS,126226603,HARYANA SANITARY STORE,2026-01-20,2026-01-30,300.000000,0.000000,300.000000,183
CG0000034,INSTALLATION PARTS 50 KL TANK (FA0000024) (1213006),PCS,220426017,INDUSTRIAL AIDERS,2026-04-07,2026-04-30,300.000000,0.000000,300.000000,93
FG0000195,SPICES BLACK CARDAMOM 100 GMS,PCS,1024226638,RTC FOODS AAYFR3897E,2024-10-21,2024-10-21,300.000000,0.000000,300.000000,649
PM0000248,THERMOCOL SET 5 LTR TIN HALF,PCS,1224226608,RR PLASTRON,2024-12-23,2024-12-23,500.000000,201.000000,299.000000,586
FG0000257,FLAX  (ALSI) SEEDS 800 GMS 1 PCS,PCS,1024226638,RTC FOODS AAYFR3897E,2024-10-21,2024-10-21,260.000000,0.000000,260.000000,649
CF0000002,INSTALLATION PARTS ( MUSTARD OIL FULLY AUTOMATIC MONOBLOCK VOLUMETRIC FILLER & CAPPER-FA0000031 ),PCS,525226650,BOTTMAC INDIA PVT LTD,2025-05-30,2025-06-20,252.000000,0.000000,252.000000,407
FG0000237,PUMPKIN SEEDS 800 GM 1 PCS,PCS,1024226638,RTC FOODS AAYFR3897E,2024-10-21,2024-10-21,251.000000,0.000000,251.000000,649
FA0000246,PALLET BLUE COLOR JIVO,PCS,725226641,SWASTIK INDUSTRIES INTERNATIONAL PRIVATE LIMITED,2025-07-26,2025-07-30,250.000000,0.000000,250.000000,367
SC0000093,BLANKET,PCS,1124226670,RADHEY RADHEY TEXTILES,2024-11-15,2024-12-06,250.000000,0.000000,250.000000,603
CG0000034,INSTALLATION PARTS 50 KL TANK (FA0000024) (1213006),PCS,220426076,INDUSTRIAL AIDERS,2026-04-01,2026-04-20,250.000000,0.000000,250.000000,103
PM0000468,CAPS 5 LTR GREEN,PCS,925226558,A A ENTERPRISES,2025-09-16,2025-09-16,20000.000000,19750.000000,250.000000,319
CG0000034,INSTALLATION PARTS 50 KL TANK (FA0000024) (1213006),PCS,220426017,INDUSTRIAL AIDERS,2026-04-07,2026-04-30,250.000000,0.000000,250.000000,93
FG0000221,JIVO HONEY 500 GMS,PCS,226226538,BEE HIVE FARMS PVT LTD,2026-02-10,2026-02-10,250.000000,0.000000,250.000000,172
FG0000256,QUINOA SEEDS 800 GMS,PCS,1024226638,RTC FOODS AAYFR3897E,2024-10-21,2024-10-21,250.000000,0.000000,250.000000,649
CG0000017,NOT IN USE (BLANKET),PCS,1024226749,RADHEY RADHEY TEXTILES,2024-10-25,2024-11-11,230.000000,0.000000,230.000000,628
CG0000017,NOT IN USE (BLANKET),PCS,1024226753,RADHEY RADHEY TEXTILES,2024-10-25,2024-11-13,230.000000,0.000000,230.000000,626
FG0000258,SUNFLOWER SEEDS 800 GMS 1 PCS,PCS,1024226638,RTC FOODS AAYFR3897E,2024-10-21,2024-10-21,225.000000,0.000000,225.000000,649
FG0000239,BASIL SEED 800 GMS 1 PCS,PCS,1024226638,RTC FOODS AAYFR3897E,2024-10-21,2024-10-21,225.000000,0.000000,225.000000,649
CG0000026,HARDWARE FOR WIP/SANITARY - WIP DOCK AND 1ST FLOOR EXTENSION (1212010),PCS,325226598,GREEN METAL INFRA,2025-03-17,2025-03-25,220.000000,0.000000,220.000000,494
CG0000015,REFRESHMENT,PCS,326226645,ARSHDEEP SINGH SO GT DL 15000 IMPREST JWPL0007,2026-03-01,2026-05-01,200.000000,0.000000,200.000000,92
CG0000068,BUILDING ITEM/HARDWARE ITEM FOR PEB SHED NEW LAND 2 ACRE,PCS,220726150,J S BUILDERS,2026-07-01,2026-08-05,200.000000,0.000000,200.000000,-4
CG0000068,BUILDING ITEM/HARDWARE ITEM FOR PEB SHED NEW LAND 2 ACRE,PCS,220726150,J S BUILDERS,2026-07-01,2026-08-05,200.000000,0.000000,200.000000,-4
CG0000068,BUILDING ITEM/HARDWARE ITEM FOR PEB SHED NEW LAND 2 ACRE,PCS,220726150,J S BUILDERS,2026-07-01,2026-08-05,200.000000,0.000000,200.000000,-4
CG0000068,BUILDING ITEM/HARDWARE ITEM FOR PEB SHED NEW LAND 2 ACRE,PCS,220726150,J S BUILDERS,2026-07-01,2026-08-05,200.000000,0.000000,200.000000,-4
CG0000068,BUILDING ITEM/HARDWARE ITEM FOR PEB SHED NEW LAND 2 ACRE,PCS,220726150,J S BUILDERS,2026-07-01,2026-08-05,200.000000,0.000000,200.000000,-4
PM0000741,SAFFRON BOX,PCS,825226567,PACKPLAY INDIA PRIVATE LIMITED,2025-08-19,2025-08-19,3000.000000,2800.000000,200.000000,347
FG0000167,CHIA SEEDS 800 GMS 1 PCS,PCS,1024226638,RTC FOODS AAYFR3897E,2024-10-21,2024-10-21,178.000000,0.000000,178.000000,649
CG0000003,REPAIR AND MAINTENANCE  PLANT AND MACHINERY,PCS,1224226677,MAHARAJA POLYURETHANE PRIVATE LTD.,2024-12-15,2025-01-02,175.000000,0.000000,175.000000,576
CF0000002,INSTALLATION PARTS ( MUSTARD OIL FULLY AUTOMATIC MONOBLOCK VOLUMETRIC FILLER & CAPPER-FA0000031 ),PCS,525226650,BOTTMAC INDIA PVT LTD,2025-05-30,2025-06-20,172.000000,0.000000,172.000000,407
CG0000034,INSTALLATION PARTS 50 KL TANK (FA0000024) (1213006),PCS,220426017,INDUSTRIAL AIDERS,2026-04-07,2026-04-30,160.000000,0.000000,160.000000,93
FA0000008,PVC SHEETS (1202001),PCS,325226680,V.S ENTERPRISES,2025-03-28,2025-03-30,156.000000,0.000000,156.000000,489
CG0000015,REFRESHMENT,PCS,825226571,BHUPINDER SINGH GINNI IMPREST JWPL1556,2025-08-01,2025-08-19,150.000000,0.000000,150.000000,347
FG0000244,SUNFLOWER SEEDS 400 GMS 1 PCS,PCS,1024226572,RTC FOODS AAYFR3897E,2024-10-10,2024-10-10,150.000000,0.000000,150.000000,660
FG0000181,SUNFLOWER SEEDS 200 GMS 1 PCS,PCS,1024226572,RTC FOODS AAYFR3897E,2024-10-10,2024-10-10,150.000000,0.000000,150.000000,660
PM0000057,PET BOTTLE 2 LTR 66 GMS,PCS,326226553,TPAC PACKAGING INDIA PVT LTD II,2026-03-18,2026-03-18,10000.000000,9850.000000,150.000000,136
FG0000182,PUMPKIN SEEDS 200 GMS 1 PCS,PCS,1024226572,RTC FOODS AAYFR3897E,2024-10-10,2024-10-10,150.000000,0.000000,150.000000,660
PM0000637,COUPON (LOHRI DHAMAKA OFFER) - SCRATCH CARD,PCS,125226535,PRINT MART INDIA NARIANA CNWPD1629K,2025-01-15,2025-01-15,7650.000000,7500.000000,150.000000,563
FG0000238,PUMPKIN SEEDS 400 GM 1 PCS,PCS,1024226572,RTC FOODS AAYFR3897E,2024-10-10,2024-10-10,150.000000,0.000000,150.000000,660
CG0000007,REPAIR AND MAINTENACE BUILDING AND OFFICE,PCS,1124226691,BISMILAH WELDERS,2024-11-25,2024-12-26,148.200000,0.000000,148.200000,583
CG0000058,TIN SHED 50 KL TANK,PCS,220626001,BISMILAH WELDERS,2026-06-01,2026-06-15,148.000000,0.000000,148.000000,47
CG0000015,REFRESHMENT,PCS,625226559,KAMALPREET SINGH BHATIA FACTORY ( IMPREST 3L ),2025-06-05,2025-06-20,315.000000,180.000000,135.000000,407
RM0000006,DESI GHEE,PCS,525226637,SPEAR AGRO INDUSTRIES PRIVATE LIMITED,2025-05-27,2025-05-27,20000.000000,19875.000000,125.000000,431
PM0000853,POUCH 250 GM JIVO PREMIUM TEA,GMS,226226619,M.M INDUSTRIES,2026-02-15,2026-02-15,124.230000,0.000000,124.230000,167
PM0000229,CARTON 4 LTR 5 PCS,PCS,220626158,SSY CONTAINERS PVT LTD,2026-06-20,2026-06-20,3000.000000,2879.000000,121.000000,42
CG0000007,REPAIR AND MAINTENACE BUILDING AND OFFICE,PCS,220626114,HARYANA SANITARY STORE,2026-06-19,2026-06-30,120.000000,0.000000,120.000000,32
CG0000003,REPAIR AND MAINTENANCE  PLANT AND MACHINERY,PCS,725226547,JASMINE ELEVATORS & CRANES,2025-07-09,2025-07-20,110.000000,0.000000,110.000000,377
CG0000007,REPAIR AND MAINTENACE BUILDING AND OFFICE,PCS,1124226691,BISMILAH WELDERS,2024-11-25,2024-12-26,101.100000,0.000000,101.100000,583
FG0000197,SPICES CARDAMOM 100 GMS,PCS,1024226638,RTC FOODS AAYFR3897E,2024-10-21,2024-10-21,100.000000,0.000000,100.000000,649
CG0000003,REPAIR AND MAINTENANCE  PLANT AND MACHINERY,PCS,725226547,JASMINE ELEVATORS & CRANES,2025-07-09,2025-07-20,100.000000,0.000000,100.000000,377
FG0000198,SPICES CINNAMON 100 GMS,PCS,1024226638,RTC FOODS AAYFR3897E,2024-10-21,2024-10-21,100.000000,0.000000,100.000000,649
FA0000004,BLOWING MACHINE (SIDEL) - 1204007,PCS,1024226761,CHOPRA MACHINERY & ELECTRIC STORE,2024-10-01,2024-11-14,100.000000,0.000000,100.000000,625
CG0000015,REFRESHMENT,PCS,525226667,KAMALPREET SINGH BHATIA FACTORY ( IMPREST 3L ),2025-05-20,2025-05-31,100.000000,0.000000,100.000000,427
CG0000034,INSTALLATION PARTS 50 KL TANK (FA0000024) (1213006),PCS,220426017,INDUSTRIAL AIDERS,2026-04-07,2026-04-30,91.500000,0.000000,91.500000,93
RM0000025,SOYABEAN REFINED LOOSE OIL,LTR,220626178,AWL AGRI BUSINESS LIMITED,2026-06-26,2026-06-26,42857.100000,42769.188000,87.912000,36
CF0000002,INSTALLATION PARTS ( MUSTARD OIL FULLY AUTOMATIC MONOBLOCK VOLUMETRIC FILLER & CAPPER-FA0000031 ),PCS,525226650,BOTTMAC INDIA PVT LTD,2025-05-30,2025-06-20,86.000000,0.000000,86.000000,407
PM0000053,HDPE BOTTLE 5 LTR,PCS,126226523,A A ENTERPRISES,2026-01-06,2026-01-06,10000.000000,9920.000000,80.000000,207
FA0000013,GHEE PACKAGING MACHINE (1204008),PCS,1224226667,AP ELECTRICALS ABLFA4476G,2024-12-05,2024-12-30,71.000000,0.000000,71.000000,579
CG0000007,REPAIR AND MAINTENACE BUILDING AND OFFICE,PCS,1124226691,BISMILAH WELDERS,2024-11-25,2024-12-26,70.200000,0.000000,70.200000,583
CG0000052,BUILDING MATERIAL - NEW LAND WIP,PCS,226226600,SHREE RAM RMC,2026-02-01,2026-02-27,69.000000,0.000000,69.000000,155
RM0000001,LOOSE REFINED OLIVE OIL,LTR,1224226665,CONCEPT COLOUR,2024-12-28,2024-12-30,47109.843000,47043.909000,65.934000,579
CG0000034,INSTALLATION PARTS 50 KL TANK (FA0000024) (1213006),PCS,220426017,INDUSTRIAL AIDERS,2026-04-07,2026-04-30,60.000000,0.000000,60.000000,93
CG0000034,INSTALLATION PARTS 50 KL TANK (FA0000024) (1213006),PCS,220426017,INDUSTRIAL AIDERS,2026-04-07,2026-04-30,60.000000,0.000000,60.000000,93
CG0000034,INSTALLATION PARTS 50 KL TANK (FA0000024) (1213006),PCS,220426017,INDUSTRIAL AIDERS,2026-04-07,2026-04-30,60.000000,0.000000,60.000000,93
CG0000034,INSTALLATION PARTS 50 KL TANK (FA0000024) (1213006),PCS,220426076,INDUSTRIAL AIDERS,2026-04-01,2026-04-20,60.000000,0.000000,60.000000,103
CG0000007,REPAIR AND MAINTENACE BUILDING AND OFFICE,PCS,1124226691,BISMILAH WELDERS,2024-11-25,2024-12-26,56.500000,0.000000,56.500000,583
SF0000003,SAFFRON,GMS,925226530,GROCERIES IMPEX,2025-09-09,2025-09-09,2560.000000,2505.000000,55.000000,326
CG0000003,REPAIR AND MAINTENANCE  PLANT AND MACHINERY,PCS,126226510,SWAGAT STEELS,2026-01-07,2026-01-15,52.000000,0.000000,52.000000,198
CG0000034,INSTALLATION PARTS 50 KL TANK (FA0000024) (1213006),PCS,220426017,INDUSTRIAL AIDERS,2026-04-07,2026-04-30,50.000000,0.000000,50.000000,93
CG0000015,REFRESHMENT,PCS,326226645,ARSHDEEP SINGH SO GT DL 15000 IMPREST JWPL0007,2026-03-01,2026-05-01,50.000000,0.000000,50.000000,92
CG0000068,BUILDING ITEM/HARDWARE ITEM FOR PEB SHED NEW LAND 2 ACRE,PCS,220726149,J S BUILDERS,2026-07-01,2026-08-10,50.000000,0.000000,50.000000,-9
PM0000043,LABEL 200 LTR POMACE FRONT,PCS,220526076,MEDIA GRAPHIC PRINTS VEND,2026-05-18,2026-05-18,100.000000,52.000000,48.000000,75
CF0000002,INSTALLATION PARTS ( MUSTARD OIL FULLY AUTOMATIC MONOBLOCK VOLUMETRIC FILLER & CAPPER-FA0000031 ),PCS,525226650,BOTTMAC INDIA PVT LTD,2025-05-30,2025-06-20,46.000000,0.000000,46.000000,407
FA0000004,BLOWING MACHINE (SIDEL) - 1204007,PCS,1024226760,RAM BHAJ SURESH KUMAR,2024-10-03,2024-11-13,45.000000,0.000000,45.000000,626
FA0000004,BLOWING MACHINE (SIDEL) - 1204007,PCS,1024226762,RAM BHAJ SURESH KUMAR,2024-10-03,2024-11-15,45.000000,0.000000,45.000000,624
CG0000003,REPAIR AND MAINTENANCE  PLANT AND MACHINERY,PCS,725226547,JASMINE ELEVATORS & CRANES,2025-07-09,2025-07-20,40.000000,0.000000,40.000000,377
CG0000003,REPAIR AND MAINTENANCE  PLANT AND MACHINERY,PCS,126226500,S.N. ENGINEERING,2026-01-02,2026-01-15,40.000000,0.000000,40.000000,198
FA0000093,FURNITURE & FITTING,PCS,925226613,FLORENCE CARPETS,2025-09-25,2025-09-25,180.000000,140.000000,40.000000,310
CG0000034,INSTALLATION PARTS 50 KL TANK (FA0000024) (1213006),PCS,220426076,INDUSTRIAL AIDERS,2026-04-01,2026-04-20,60.000000,20.000000,40.000000,103
CF0000002,INSTALLATION PARTS ( MUSTARD OIL FULLY AUTOMATIC MONOBLOCK VOLUMETRIC FILLER & CAPPER-FA0000031 ),PCS,525226650,BOTTMAC INDIA PVT LTD,2025-05-30,2025-06-20,36.000000,0.000000,36.000000,407
CG0000015,REFRESHMENT,PCS,126226528,ISHWAR KIRYANA STORE,2026-01-08,2026-01-15,30.000000,0.000000,30.000000,198
FA0000004,BLOWING MACHINE (SIDEL) - 1204007,PCS,1024226764,MECH TECH ENGINEERS DKZPS8273M,2024-10-01,2024-11-15,30.000000,0.000000,30.000000,624
CG0000015,REFRESHMENT,PCS,126226528,ISHWAR KIRYANA STORE,2026-01-08,2026-01-15,30.000000,0.000000,30.000000,198
CG0000015,REFRESHMENT,PCS,126226528,ISHWAR KIRYANA STORE,2026-01-08,2026-01-15,30.000000,0.000000,30.000000,198
CG0000015,REFRESHMENT,PCS,126226528,ISHWAR KIRYANA STORE,2026-01-08,2026-01-15,30.000000,0.000000,30.000000,198
CG0000015,REFRESHMENT,PCS,126226528,ISHWAR KIRYANA STORE,2026-01-08,2026-01-15,30.000000,0.000000,30.000000,198
CG0000015,REFRESHMENT,PCS,126226528,ISHWAR KIRYANA STORE,2026-01-08,2026-01-15,30.000000,0.000000,30.000000,198
CF0000002,INSTALLATION PARTS ( MUSTARD OIL FULLY AUTOMATIC MONOBLOCK VOLUMETRIC FILLER & CAPPER-FA0000031 ),PCS,525226650,BOTTMAC INDIA PVT LTD,2025-05-30,2025-06-20,30.000000,0.000000,30.000000,407
CG0000015,REFRESHMENT,PCS,1024226724,BANSAL PROVISION STORE,2024-10-05,2024-11-07,30.000000,0.000000,30.000000,632
CG0000015,REFRESHMENT,PCS,1024226724,BANSAL PROVISION STORE,2024-10-05,2024-11-07,30.000000,0.000000,30.000000,632
CG0000015,REFRESHMENT,PCS,1024226724,BANSAL PROVISION STORE,2024-10-05,2024-11-07,30.000000,0.000000,30.000000,632
CG0000015,REFRESHMENT,PCS,1024226724,BANSAL PROVISION STORE,2024-10-05,2024-11-07,30.000000,0.000000,30.000000,632
CG0000015,REFRESHMENT,PCS,1024226724,BANSAL PROVISION STORE,2024-10-05,2024-11-07,30.000000,0.000000,30.000000,632
CG0000015,REFRESHMENT,PCS,1024226724,BANSAL PROVISION STORE,2024-10-05,2024-11-07,30.000000,0.000000,30.000000,632
CG0000003,REPAIR AND MAINTENANCE  PLANT AND MACHINERY,PCS,126226510,SWAGAT STEELS,2026-01-07,2026-01-15,30.000000,0.000000,30.000000,198
CG0000003,REPAIR AND MAINTENANCE  PLANT AND MACHINERY,PCS,1224226677,MAHARAJA POLYURETHANE PRIVATE LTD.,2024-12-15,2025-01-02,27.000000,0.000000,27.000000,576
CG0000049,TIN SHED-NEW LAND WIP,KGS,126226559,GREEN METAL INFRA,2026-01-13,2026-01-30,25.000000,0.000000,25.000000,183
CG0000013,STATIONARY OTHER THAN PAPER RIM,PCS,325226676,RUCHIKA BOOK SHOP & FASHION SPOT,2025-03-26,2025-03-26,25.000000,0.000000,25.000000,493
PM0000658,CARTON 250 MLS GLASS BOTTLE 4 PCS,PCS,220426029,CVS PACKAGING PRIVATE LIMITED,2026-04-06,2026-04-06,3000.000000,2975.000000,25.000000,117
CG0000034,INSTALLATION PARTS 50 KL TANK (FA0000024) (1213006),PCS,220426017,INDUSTRIAL AIDERS,2026-04-07,2026-04-30,24.000000,0.000000,24.000000,93
CG0000034,INSTALLATION PARTS 50 KL TANK (FA0000024) (1213006),PCS,220426017,INDUSTRIAL AIDERS,2026-04-07,2026-04-30,24.000000,0.000000,24.000000,93
CG0000034,INSTALLATION PARTS 50 KL TANK (FA0000024) (1213006),PCS,220426076,INDUSTRIAL AIDERS,2026-04-01,2026-04-20,24.000000,0.000000,24.000000,103
CG0000034,INSTALLATION PARTS 50 KL TANK (FA0000024) (1213006),PCS,220426076,INDUSTRIAL AIDERS,2026-04-01,2026-04-20,24.000000,0.000000,24.000000,103
FA0000004,BLOWING MACHINE (SIDEL) - 1204007,PCS,1124226630,STANDARD INDUSTRIAL STORE,2024-11-15,2024-11-27,23.700000,0.000000,23.700000,612
CG0000034,INSTALLATION PARTS 50 KL TANK (FA0000024) (1213006),PCS,220426076,INDUSTRIAL AIDERS,2026-04-01,2026-04-20,60.000000,37.000000,23.000000,103
FG0000260,SWEETS BASEN BURFI 450 GMS,PCS,1025226526,INDIYUM FOODS PRIVATE LIMITED,2025-10-05,2025-10-25,3200.000000,3177.000000,23.000000,280
CG0000049,TIN SHED-NEW LAND WIP,KGS,126226620,KRISHNA METAL & STEEL UDYOG,2026-01-23,2026-01-30,20.300000,0.000000,20.300000,183
CG0000013,STATIONARY OTHER THAN PAPER RIM,PCS,1024226770,GOPAL DASS & BROS,2024-10-26,2024-10-26,20.000000,0.000000,20.000000,644
CG0000003,REPAIR AND MAINTENANCE  PLANT AND MACHINERY,PCS,126226510,SWAGAT STEELS,2026-01-07,2026-01-15,20.000000,0.000000,20.000000,198
CG0000015,REFRESHMENT,PCS,1024226724,BANSAL PROVISION STORE,2024-10-05,2024-11-07,20.000000,0.000000,20.000000,632
CG0000005,HOUSEKEEPING,PCS,1124226580,VISHAL TYAGI IMPREST (3L),2024-11-15,2024-11-20,20.000000,0.000000,20.000000,619
CG0000015,REFRESHMENT,PCS,525226667,KAMALPREET SINGH BHATIA FACTORY ( IMPREST 3L ),2025-05-20,2025-05-31,20.000000,0.000000,20.000000,427
CG0000049,TIN SHED-NEW LAND WIP,KGS,126226603,HARYANA SANITARY STORE,2026-01-20,2026-01-30,20.000000,0.000000,20.000000,183
CG0000049,TIN SHED-NEW LAND WIP,KGS,126226603,HARYANA SANITARY STORE,2026-01-20,2026-01-30,20.000000,0.000000,20.000000,183
CG0000005,HOUSEKEEPING,PCS,1124226580,VISHAL TYAGI IMPREST (3L),2024-11-15,2024-11-20,20.000000,0.000000,20.000000,619
CG0000015,REFRESHMENT,PCS,126226528,ISHWAR KIRYANA STORE,2026-01-08,2026-01-15,20.000000,0.000000,20.000000,198
CG0000031,BARCODE LABELS,PCS,1124226694,BHAGWATI INDUSTRIES,2024-11-20,2024-12-28,20.000000,0.000000,20.000000,581
CF0000002,INSTALLATION PARTS ( MUSTARD OIL FULLY AUTOMATIC MONOBLOCK VOLUMETRIC FILLER & CAPPER-FA0000031 ),PCS,525226650,BOTTMAC INDIA PVT LTD,2025-05-30,2025-06-20,18.000000,0.000000,18.000000,407
CF0000002,INSTALLATION PARTS ( MUSTARD OIL FULLY AUTOMATIC MONOBLOCK VOLUMETRIC FILLER & CAPPER-FA0000031 ),PCS,525226650,BOTTMAC INDIA PVT LTD,2025-05-30,2025-06-20,18.000000,0.000000,18.000000,407
CG0000003,REPAIR AND MAINTENANCE  PLANT AND MACHINERY,PCS,725226547,JASMINE ELEVATORS & CRANES,2025-07-09,2025-07-20,18.000000,0.000000,18.000000,377
CG0000007,REPAIR AND MAINTENACE BUILDING AND OFFICE,PCS,1224226594,RAKESH,2024-12-05,2024-12-18,17.000000,0.000000,17.000000,591
CG0000034,INSTALLATION PARTS 50 KL TANK (FA0000024) (1213006),PCS,220426076,INDUSTRIAL AIDERS,2026-04-01,2026-04-20,300.000000,284.000000,16.000000,103
CG0000068,BUILDING ITEM/HARDWARE ITEM FOR PEB SHED NEW LAND 2 ACRE,PCS,220726049,SHREE RAM RMC,2026-07-01,2026-07-13,23.000000,8.000000,15.000000,19
CG0000005,HOUSEKEEPING,PCS,1124226580,VISHAL TYAGI IMPREST (3L),2024-11-15,2024-11-20,15.000000,0.000000,15.000000,619
CG0000005,HOUSEKEEPING,PCS,1024226724,BANSAL PROVISION STORE,2024-10-05,2024-11-07,15.000000,0.000000,15.000000,632
CG0000007,REPAIR AND MAINTENACE BUILDING AND OFFICE,PCS,1225226642,EKTA REFRIGERATION AND ELECTRONICS CKUPS7267M,2025-12-27,2025-12-30,15.000000,0.000000,15.000000,214
CG0000005,HOUSEKEEPING,PCS,1124226654,VISHAL TYAGI IMPREST (3L),2024-11-01,2024-11-30,15.000000,0.000000,15.000000,609
CG0000005,HOUSEKEEPING,PCS,1024226714,VISHAL TYAGI IMPREST (3L),2024-10-08,2024-11-06,15.000000,0.000000,15.000000,633
CG0000012,MAKEUP CARTRIDGE,PCS,425226582,DIGICOD FLUIDS & MACHINERY,2025-04-15,2025-04-17,15.000000,0.000000,15.000000,471
CG0000034,INSTALLATION PARTS 50 KL TANK (FA0000024) (1213006),PCS,220426017,INDUSTRIAL AIDERS,2026-04-07,2026-04-30,12.000000,0.000000,12.000000,93
CG0000005,HOUSEKEEPING,PCS,1024226724,BANSAL PROVISION STORE,2024-10-05,2024-11-07,12.000000,0.000000,12.000000,632
CG0000003,REPAIR AND MAINTENANCE  PLANT AND MACHINERY,PCS,220726131,BANSAL WELD PRIVATE LIMITED,2026-07-25,2026-07-30,12.000000,0.000000,12.000000,2
CG0000003,REPAIR AND MAINTENANCE  PLANT AND MACHINERY,PCS,220726131,BANSAL WELD PRIVATE LIMITED,2026-07-25,2026-07-30,12.000000,0.000000,12.000000,2
FG0000269,SWEETS BESAN BURFI 1 KGS,PCS,1025226526,INDIYUM FOODS PRIVATE LIMITED,2025-10-05,2025-10-25,3200.000000,3188.000000,12.000000,280
CG0000027,HARDWARE ( MEZZANINE FLOOR-GUPTA GODOWN) (1212011),PCS,225226535,RAKESH WELDING WORKSHOP,2025-02-05,2025-02-11,10.000000,0.000000,10.000000,536
CG0000003,REPAIR AND MAINTENANCE  PLANT AND MACHINERY,PCS,1024226726,HOSE EXPERT,2024-10-15,2024-11-07,10.000000,0.000000,10.000000,632
CG0000005,HOUSEKEEPING,PCS,1124226580,VISHAL TYAGI IMPREST (3L),2024-11-15,2024-11-20,10.000000,0.000000,10.000000,619
CG0000034,INSTALLATION PARTS 50 KL TANK (FA0000024) (1213006),PCS,220426076,INDUSTRIAL AIDERS,2026-04-01,2026-04-20,50.000000,40.000000,10.000000,103
CG0000007,REPAIR AND MAINTENACE BUILDING AND OFFICE,PCS,1025226565,DHANPURNA PUF INSULATION,2025-10-17,2025-10-30,10.000000,0.000000,10.000000,275
CG0000005,HOUSEKEEPING,PCS,1124226654,VISHAL TYAGI IMPREST (3L),2024-11-01,2024-11-30,10.000000,0.000000,10.000000,609
CG0000049,TIN SHED-NEW LAND WIP,KGS,126226559,GREEN METAL INFRA,2026-01-13,2026-01-30,10.000000,0.000000,10.000000,183
CG0000005,HOUSEKEEPING,PCS,1024226714,VISHAL TYAGI IMPREST (3L),2024-10-08,2024-11-06,10.000000,0.000000,10.000000,633
CG0000014,Paper RIM A4,PCS,1024226812,VISHAL TYAGI IMPREST (3L),2024-10-20,2024-12-21,10.000000,0.000000,10.000000,588
CG0000005,HOUSEKEEPING,PCS,1124226654,VISHAL TYAGI IMPREST (3L),2024-11-01,2024-11-30,10.000000,0.000000,10.000000,609
CG0000003,REPAIR AND MAINTENANCE  PLANT AND MACHINERY,PCS,220726131,BANSAL WELD PRIVATE LIMITED,2026-07-25,2026-07-30,10.000000,0.000000,10.000000,2
CG0000005,HOUSEKEEPING,PCS,1024226714,VISHAL TYAGI IMPREST (3L),2024-10-08,2024-11-06,10.000000,0.000000,10.000000,633
CG0000031,BARCODE LABELS,PCS,1124226694,BHAGWATI INDUSTRIES,2024-11-20,2024-12-28,10.000000,0.000000,10.000000,581
FA0000266,LED FLOOD LIGHT 50W (GUPTA GODOWN),PCS,625226500,KULJIT TRADERS,2025-06-02,2025-06-15,10.000000,0.000000,10.000000,412
FA0000174,WALL FAN CN,PCS,525226638,RISHABH MARKETING CO,2025-05-25,2025-05-31,10.000000,0.000000,10.000000,427
CG0000034,INSTALLATION PARTS 50 KL TANK (FA0000024) (1213006),PCS,220426017,INDUSTRIAL AIDERS,2026-04-07,2026-04-30,10.000000,0.000000,10.000000,93
CG0000015,REFRESHMENT,PCS,1024226724,BANSAL PROVISION STORE,2024-10-05,2024-11-07,10.000000,0.000000,10.000000,632
CG0000031,BARCODE LABELS,PCS,1224226647,BHAGWATI INDUSTRIES,2024-12-20,2024-12-28,10.000000,0.000000,10.000000,581
FG0000388,CHANA ALMOND BURFI 500 GMS,PCS,226226554,INDIYUM FOODS PRIVATE LIMITED,2026-02-13,2026-02-13,500.000000,490.000000,10.000000,169
CG0000049,TIN SHED-NEW LAND WIP,KGS,126226620,KRISHNA METAL & STEEL UDYOG,2026-01-23,2026-01-30,9.500000,0.000000,9.500000,183
FA0000004,BLOWING MACHINE (SIDEL) - 1204007,PCS,1024226766,MECH TECH ENGINEERS DKZPS8273M,2024-10-01,2024-11-15,8.710000,0.000000,8.710000,624
CF0000024,INSTALLATION PART-CONVEYOR SS304 -CLEARPACK 50 BPM,PCS,525226691,VEETA CONVEYORS ANOPV1426G,2025-05-10,2025-06-20,8.500000,0.000000,8.500000,407
CG0000031,BARCODE LABELS,PCS,1224226647,BHAGWATI INDUSTRIES,2024-12-20,2024-12-28,8.000000,0.000000,8.000000,581
CG0000003,REPAIR AND MAINTENANCE  PLANT AND MACHINERY,PCS,725226547,JASMINE ELEVATORS & CRANES,2025-07-09,2025-07-20,8.000000,0.000000,8.000000,377
CG0000003,REPAIR AND MAINTENANCE  PLANT AND MACHINERY,PCS,125226568,CLEARPACK AUTOMATION PVT LTD,2025-01-15,2025-01-30,8.000000,0.000000,8.000000,548
CF0000002,INSTALLATION PARTS ( MUSTARD OIL FULLY AUTOMATIC MONOBLOCK VOLUMETRIC FILLER & CAPPER-FA0000031 ),PCS,525226650,BOTTMAC INDIA PVT LTD,2025-05-30,2025-06-20,8.000000,0.000000,8.000000,407
PM0000722,CARTON 1 LTR 20 PCS PET 75 GM,PCS,220726047,SSY CONTAINERS PVT LTD,2026-07-10,2026-07-10,1588.000000,1580.000000,8.000000,22
CG0000015,REFRESHMENT,PCS,126226528,ISHWAR KIRYANA STORE,2026-01-08,2026-01-15,8.000000,0.000000,8.000000,198
CG0000003,REPAIR AND MAINTENANCE  PLANT AND MACHINERY,PCS,725226547,JASMINE ELEVATORS & CRANES,2025-07-09,2025-07-20,8.000000,0.000000,8.000000,377
CG0000013,STATIONARY OTHER THAN PAPER RIM,PCS,325226676,RUCHIKA BOOK SHOP & FASHION SPOT,2025-03-26,2025-03-26,8.000000,0.000000,8.000000,493
CG0000049,TIN SHED-NEW LAND WIP,KGS,126226620,KRISHNA METAL & STEEL UDYOG,2026-01-23,2026-01-30,7.950000,0.000000,7.950000,183
CG0000049,TIN SHED-NEW LAND WIP,KGS,126226620,KRISHNA METAL & STEEL UDYOG,2026-01-23,2026-01-30,7.600000,0.000000,7.600000,183
CF0000021,INSTALLATION PART-CONVEYOR SS304 - J.PEE 90 BPM FA0000049,PCS,525226686,VEETA CONVEYORS ANOPV1426G,2025-05-10,2025-06-05,7.500000,0.000000,7.500000,422
CG0000024,CONCRETE WIP DOCK AND 1ST FLOOR EXTENSION (1212010),PCS,1024226807,SHREE RAM RMC,2024-10-01,2024-12-16,7.000000,0.000000,7.000000,593
FA0000323,JIVO PREMIUM TEA 250 GRM. PRINTING CYLINDER,PCS,126226649,M.M INDUSTRIES,2026-01-27,2026-01-31,7.000000,0.000000,7.000000,182
FA0000323,JIVO PREMIUM TEA 250 GRM. PRINTING CYLINDER,PCS,126226708,M.M INDUSTRIES,2026-01-27,2026-01-30,7.000000,0.000000,7.000000,183
FA0000397,TOUCH 22 INCH MONITOR,PCS,220726105,GREEN GATE INFOTECH PVT LTD,2026-07-01,2026-07-01,6.000000,0.000000,6.000000,31
FA0000116,EXHAUST FANS,PCS,525226638,RISHABH MARKETING CO,2025-05-25,2025-05-31,6.000000,0.000000,6.000000,427
CG0000007,REPAIR AND MAINTENACE BUILDING AND OFFICE,PCS,825226655,BAJAJ ELECTRICAL,2025-08-05,2025-09-03,6.000000,0.000000,6.000000,332
CF0000002,INSTALLATION PARTS ( MUSTARD OIL FULLY AUTOMATIC MONOBLOCK VOLUMETRIC FILLER & CAPPER-FA0000031 ),PCS,525226650,BOTTMAC INDIA PVT LTD,2025-05-30,2025-06-20,6.000000,0.000000,6.000000,407
CG0000003,REPAIR AND MAINTENANCE  PLANT AND MACHINERY,PCS,125226623,VEETA CONVEYORS ANOPV1426G,2025-01-23,2025-01-27,6.000000,0.000000,6.000000,551
CG0000003,REPAIR AND MAINTENANCE  PLANT AND MACHINERY,PCS,125226623,VEETA CONVEYORS ANOPV1426G,2025-01-23,2025-01-27,6.000000,0.000000,6.000000,551
CG0000003,REPAIR AND MAINTENANCE  PLANT AND MACHINERY,PCS,125226623,VEETA CONVEYORS ANOPV1426G,2025-01-23,2025-01-27,6.000000,0.000000,6.000000,551
CG0000003,REPAIR AND MAINTENANCE  PLANT AND MACHINERY,PCS,525226687,SURAJ BHAN RAM NIWAS,2025-05-01,2025-06-07,6.000000,0.000000,6.000000,420
CG0000068,BUILDING ITEM/HARDWARE ITEM FOR PEB SHED NEW LAND 2 ACRE,PCS,220726141,SHREE RAM RMC,2026-07-01,2026-08-03,19.500000,13.500000,6.000000,-2
CG0000034,INSTALLATION PARTS 50 KL TANK (FA0000024) (1213006),PCS,220426076,INDUSTRIAL AIDERS,2026-04-01,2026-04-20,10.000000,4.000000,6.000000,103
CG0000049,TIN SHED-NEW LAND WIP,KGS,126226620,KRISHNA METAL & STEEL UDYOG,2026-01-23,2026-01-30,5.400000,0.000000,5.400000,183
CG0000013,STATIONARY OTHER THAN PAPER RIM,PCS,1024226770,GOPAL DASS & BROS,2024-10-26,2024-10-26,5.000000,0.000000,5.000000,644
CG0000003,REPAIR AND MAINTENANCE  PLANT AND MACHINERY,PCS,825226631,S.N. ENGINEERING,2025-08-28,2025-08-31,5.000000,0.000000,5.000000,335
CG0000005,HOUSEKEEPING,PCS,1024226714,VISHAL TYAGI IMPREST (3L),2024-10-08,2024-11-06,5.000000,0.000000,5.000000,633
CG0000015,REFRESHMENT,PCS,1024226724,BANSAL PROVISION STORE,2024-10-05,2024-11-07,5.000000,0.000000,5.000000,632
CG0000015,REFRESHMENT,PCS,1024226724,BANSAL PROVISION STORE,2024-10-05,2024-11-07,5.000000,0.000000,5.000000,632
CG0000015,REFRESHMENT,PCS,1024226724,BANSAL PROVISION STORE,2024-10-05,2024-11-07,5.000000,0.000000,5.000000,632
CG0000015,REFRESHMENT,PCS,1024226724,BANSAL PROVISION STORE,2024-10-05,2024-11-07,5.000000,0.000000,5.000000,632
FA0000314,PRINTING CYLINDER-JIVO CANOLA OIL 1LTR,PCS,925226599,UFLEX LIMITED NEW,2025-09-24,2025-09-30,5.000000,0.000000,5.000000,305
FA0000313,PRINTING CYLINDER-JIVO KACHI GHANI MUSTARD OIL 1LTR,PCS,925226599,UFLEX LIMITED NEW,2025-09-24,2025-09-30,5.000000,0.000000,5.000000,305
CG0000024,CONCRETE WIP DOCK AND 1ST FLOOR EXTENSION (1212010),PCS,1124226679,SHREE RAM RMC,2024-11-10,2024-12-16,5.000000,0.000000,5.000000,593
CG0000005,HOUSEKEEPING,PCS,1124226654,VISHAL TYAGI IMPREST (3L),2024-11-01,2024-11-30,5.000000,0.000000,5.000000,609
CG0000024,CONCRETE WIP DOCK AND 1ST FLOOR EXTENSION (1212010),PCS,1124226680,SHREE RAM RMC,2024-11-10,2024-12-16,5.000000,0.000000,5.000000,593
CG0000024,CONCRETE WIP DOCK AND 1ST FLOOR EXTENSION (1212010),PCS,1224226586,SHREE RAM RMC,2024-12-16,2024-12-16,5.000000,0.000000,5.000000,593
CG0000007,REPAIR AND MAINTENACE BUILDING AND OFFICE,PCS,220726143,RAM BHAJ SURESH KUMAR,2026-07-25,2026-08-03,5.000000,0.000000,5.000000,-2
CG0000015,REFRESHMENT,PCS,525226667,KAMALPREET SINGH BHATIA FACTORY ( IMPREST 3L ),2025-05-20,2025-05-31,5.000000,0.000000,5.000000,427
CG0000003,REPAIR AND MAINTENANCE  PLANT AND MACHINERY,PCS,220726131,BANSAL WELD PRIVATE LIMITED,2026-07-25,2026-07-30,5.000000,0.000000,5.000000,2
CG0000003,REPAIR AND MAINTENANCE  PLANT AND MACHINERY,PCS,1224226677,MAHARAJA POLYURETHANE PRIVATE LTD.,2024-12-15,2025-01-02,5.000000,0.000000,5.000000,576
FA0000011,HAND DRYER (1205001),PCS,1124226568,DOLPHY INDIA PRIVATE LIMITED (AAGCD0925N),2024-11-01,2024-11-19,5.000000,0.000000,5.000000,620
CG0000015,REFRESHMENT,PCS,1224226583,VISHAL TYAGI IMPREST (3L),2024-12-05,2024-12-14,5.000000,0.000000,5.000000,595
CG0000015,REFRESHMENT,PCS,1224226583,VISHAL TYAGI IMPREST (3L),2024-12-05,2024-12-14,5.000000,0.000000,5.000000,595
CF0000037,ELECTRICAL WORK - TIN SHED NEW LAND,PCS,220426019,BATRA ELECTRIC STORE,2026-04-07,2026-04-30,5.000000,0.000000,5.000000,93
CG0000003,REPAIR AND MAINTENANCE  PLANT AND MACHINERY,PCS,725226547,JASMINE ELEVATORS & CRANES,2025-07-09,2025-07-20,4.000000,0.000000,4.000000,377
FA0000116,EXHAUST FANS,PCS,625226530,RISHABH MARKETING CO,2025-06-13,2025-06-30,4.000000,0.000000,4.000000,397
CG0000003,REPAIR AND MAINTENANCE  PLANT AND MACHINERY,PCS,725226547,JASMINE ELEVATORS & CRANES,2025-07-09,2025-07-20,4.000000,0.000000,4.000000,377
FA0000404,HDD 8 TB WD,PCS,220726157,L B ENTERPRISE,2026-07-20,2026-08-29,4.000000,0.000000,4.000000,-28
CG0000003,REPAIR AND MAINTENANCE  PLANT AND MACHINERY,PCS,220726052,BAIRAG ELECTRICALS,2026-07-05,2026-07-13,4.000000,0.000000,4.000000,19
FA0000152,WEIGHING MACHINE 50 KGS DIGITAL,PCS,326226550,TRUE WEIGH DIGITAL TECHNOLOGIES,2026-03-18,2026-03-30,4.000000,0.000000,4.000000,124
FA0000024,TANK 50 KL - NEW ( FACTORY) (1213006),PCS,1224226611,INDUSTRIAL AIDERS,2024-12-24,2024-12-30,4.000000,0.000000,4.000000,579
CG0000005,HOUSEKEEPING,PCS,1024226714,VISHAL TYAGI IMPREST (3L),2024-10-08,2024-11-06,4.000000,0.000000,4.000000,633
CG0000003,REPAIR AND MAINTENANCE  PLANT AND MACHINERY,PCS,220626087,SIGNODE INDIA LTD,2026-06-15,2026-06-30,4.000000,0.000000,4.000000,32
CG0000005,HOUSEKEEPING,PCS,1124226654,VISHAL TYAGI IMPREST (3L),2024-11-01,2024-11-30,4.000000,0.000000,4.000000,609
FA0000326,SYMPHONY VC 40T - AIR COOLER SYSTEM,PCS,326226530,FAIRDEAL INTERNATIONAL,2026-03-11,2026-03-11,4.000000,0.000000,4.000000,143
CG0000034,INSTALLATION PARTS 50 KL TANK (FA0000024) (1213006),PCS,220426076,INDUSTRIAL AIDERS,2026-04-01,2026-04-20,12.000000,8.000000,4.000000,103
CG0000003,REPAIR AND MAINTENANCE  PLANT AND MACHINERY,PCS,125226568,CLEARPACK AUTOMATION PVT LTD,2025-01-15,2025-01-30,4.000000,0.000000,4.000000,548
CG0000003,REPAIR AND MAINTENANCE  PLANT AND MACHINERY,PCS,126226510,SWAGAT STEELS,2026-01-07,2026-01-15,4.000000,0.000000,4.000000,198
CG0000003,REPAIR AND MAINTENANCE  PLANT AND MACHINERY,PCS,126226510,SWAGAT STEELS,2026-01-07,2026-01-15,4.000000,0.000000,4.000000,198
CG0000003,REPAIR AND MAINTENANCE  PLANT AND MACHINERY,PCS,725226547,JASMINE ELEVATORS & CRANES,2025-07-09,2025-07-20,4.000000,0.000000,4.000000,377
CG0000049,TIN SHED-NEW LAND WIP,KGS,126226620,KRISHNA METAL & STEEL UDYOG,2026-01-23,2026-01-30,3.960000,0.000000,3.960000,183
CG0000005,HOUSEKEEPING,PCS,126226528,ISHWAR KIRYANA STORE,2026-01-08,2026-01-15,3.000000,0.000000,3.000000,198
CF0000037,ELECTRICAL WORK - TIN SHED NEW LAND,PCS,220426019,BATRA ELECTRIC STORE,2026-04-07,2026-04-30,3.000000,0.000000,3.000000,93
CF0000037,ELECTRICAL WORK - TIN SHED NEW LAND,PCS,220426019,BATRA ELECTRIC STORE,2026-04-07,2026-04-30,3.000000,0.000000,3.000000,93
CG0000003,REPAIR AND MAINTENANCE  PLANT AND MACHINERY,PCS,220526003,CLEARPACK AUTOMATION PVT LTD,2026-05-05,2026-05-05,3.000000,0.000000,3.000000,88
CF0000023,MAYAPURI BASEMENT OFFICE REMODELLING PCS,PCS,220526068,GAGANDEEP SINGH IMPREST JWPL0018,2026-05-01,2026-05-01,3.000000,0.000000,3.000000,92
FA0000170,water cooler,PCS,525226666,CIPETIAN PLASTIC MOLDING INDIA PRIVATE LIMITED,2025-05-25,2025-05-31,3.000000,0.000000,3.000000,427
CG0000015,REFRESHMENT,PCS,126226528,ISHWAR KIRYANA STORE,2026-01-08,2026-01-15,3.000000,0.000000,3.000000,198
CG0000015,REFRESHMENT,PCS,126226528,ISHWAR KIRYANA STORE,2026-01-08,2026-01-15,3.000000,0.000000,3.000000,198
CG0000015,REFRESHMENT,PCS,126226528,ISHWAR KIRYANA STORE,2026-01-08,2026-01-15,3.000000,0.000000,3.000000,198
CG0000003,REPAIR AND MAINTENANCE  PLANT AND MACHINERY,PCS,220726131,BANSAL WELD PRIVATE LIMITED,2026-07-25,2026-07-30,3.000000,0.000000,3.000000,2
CG0000003,REPAIR AND MAINTENANCE  PLANT AND MACHINERY,PCS,220726056,HINDUSTAN BOTTLING AND ENGINEERS ASLPR2171A,2026-07-13,2026-07-25,3.000000,0.000000,3.000000,7
CG0000015,REFRESHMENT,PCS,220726152,ARVINDER SINGH IMPREST JWPL0115 FACTORY IMPREST 5 LAKH,2026-07-01,2026-08-06,3.000000,0.000000,3.000000,-5
CG0000005,HOUSEKEEPING,PCS,1124226580,VISHAL TYAGI IMPREST (3L),2024-11-15,2024-11-20,3.000000,0.000000,3.000000,619
CG0000027,HARDWARE ( MEZZANINE FLOOR-GUPTA GODOWN) (1212011),PCS,225226535,RAKESH WELDING WORKSHOP,2025-02-05,2025-02-11,3.000000,0.000000,3.000000,536
CG0000003,REPAIR AND MAINTENANCE  PLANT AND MACHINERY,PCS,220726052,BAIRAG ELECTRICALS,2026-07-05,2026-07-13,3.000000,0.000000,3.000000,19
CG0000015,REFRESHMENT,PCS,1024226724,BANSAL PROVISION STORE,2024-10-05,2024-11-07,3.000000,0.000000,3.000000,632
CF0000024,INSTALLATION PART-CONVEYOR SS304 -CLEARPACK 50 BPM,PCS,525226691,VEETA CONVEYORS ANOPV1426G,2025-05-10,2025-06-20,3.000000,0.000000,3.000000,407
CF0000002,INSTALLATION PARTS ( MUSTARD OIL FULLY AUTOMATIC MONOBLOCK VOLUMETRIC FILLER & CAPPER-FA0000031 ),PCS,525226650,BOTTMAC INDIA PVT LTD,2025-05-30,2025-06-20,3.000000,0.000000,3.000000,407
CG0000003,REPAIR AND MAINTENANCE  PLANT AND MACHINERY,PCS,126226510,SWAGAT STEELS,2026-01-07,2026-01-15,2.000000,0.000000,2.000000,198
CG0000011,INK CARTRIDGE,PCS,425226582,DIGICOD FLUIDS & MACHINERY,2025-04-15,2025-04-17,2.000000,0.000000,2.000000,471
CG0000004,STAFF WELFARE,PCS,1124226656,VISHAL TYAGI IMPREST (3L),2024-11-01,2024-11-30,2.000000,0.000000,2.000000,609
CG0000004,STAFF WELFARE,PCS,1124226656,VISHAL TYAGI IMPREST (3L),2024-11-01,2024-11-30,2.000000,0.000000,2.000000,609
CG0000003,REPAIR AND MAINTENANCE  PLANT AND MACHINERY,PCS,525226687,SURAJ BHAN RAM NIWAS,2025-05-01,2025-06-07,2.000000,0.000000,2.000000,420
CG0000015,REFRESHMENT,PCS,225226545,KAMALPREET SINGH BHATIA- ACCOUNTS IMPREST JWPL1423,2025-02-01,2025-02-12,2.000000,0.000000,2.000000,535
FA0000266,LED FLOOD LIGHT 50W (GUPTA GODOWN),PCS,625226501,KULJIT TRADERS,2025-06-02,2025-06-15,2.000000,0.000000,2.000000,412
FA0000045,TAPING MACHINE - FTM550 ( CANOLA) (1204012),PCS,225226522,SIGNODE INDIA LTD,2025-02-01,2025-02-25,2.000000,0.000000,2.000000,522
CG0000003,REPAIR AND MAINTENANCE  PLANT AND MACHINERY,PCS,125226568,CLEARPACK AUTOMATION PVT LTD,2025-01-15,2025-01-30,2.000000,0.000000,2.000000,548
CG0000003,REPAIR AND MAINTENANCE  PLANT AND MACHINERY,PCS,125226568,CLEARPACK AUTOMATION PVT LTD,2025-01-15,2025-01-30,2.000000,0.000000,2.000000,548
CG0000031,BARCODE LABELS,PCS,1124226694,BHAGWATI INDUSTRIES,2024-11-20,2024-12-28,2.000000,0.000000,2.000000,581
CF0000002,INSTALLATION PARTS ( MUSTARD OIL FULLY AUTOMATIC MONOBLOCK VOLUMETRIC FILLER & CAPPER-FA0000031 ),PCS,525226650,BOTTMAC INDIA PVT LTD,2025-05-30,2025-06-20,2.000000,0.000000,2.000000,407
CG0000026,HARDWARE FOR WIP/SANITARY - WIP DOCK AND 1ST FLOOR EXTENSION (1212010),PCS,325226652,RAM BHAJ SURESH KUMAR,2025-03-15,2025-03-26,2.000000,0.000000,2.000000,493
CG0000003,REPAIR AND MAINTENANCE  PLANT AND MACHINERY,PCS,1225226656,UNITY EARTHTECH,2025-12-30,2026-01-15,2.000000,0.000000,2.000000,198
CG0000003,REPAIR AND MAINTENANCE  PLANT AND MACHINERY,PCS,1225226656,UNITY EARTHTECH,2025-12-30,2026-01-15,2.000000,0.000000,2.000000,198
CG0000003,REPAIR AND MAINTENANCE  PLANT AND MACHINERY,PCS,220726131,BANSAL WELD PRIVATE LIMITED,2026-07-25,2026-07-30,2.000000,0.000000,2.000000,2
CG0000003,REPAIR AND MAINTENANCE  PLANT AND MACHINERY,PCS,220726131,BANSAL WELD PRIVATE LIMITED,2026-07-25,2026-07-30,2.000000,0.000000,2.000000,2
CG0000003,REPAIR AND MAINTENANCE  PLANT AND MACHINERY,PCS,220726056,HINDUSTAN BOTTLING AND ENGINEERS ASLPR2171A,2026-07-13,2026-07-25,2.000000,0.000000,2.000000,7
CG0000007,REPAIR AND MAINTENACE BUILDING AND OFFICE,PCS,825226655,BAJAJ ELECTRICAL,2025-08-05,2025-09-03,2.000000,0.000000,2.000000,332
CG0000003,REPAIR AND MAINTENANCE  PLANT AND MACHINERY,PCS,220726115,PAL SVAM POWER SOLUTIONS PVT LTD,2026-07-27,2026-07-30,2.000000,0.000000,2.000000,2
CG0000015,REFRESHMENT,PCS,1024226724,BANSAL PROVISION STORE,2024-10-05,2024-11-07,2.000000,0.000000,2.000000,632
FA0000333,INDUCTION TILTING BRATT PAN,PCS,326226618,KL EQUIPMENTS,2026-03-30,2026-03-30,2.000000,0.000000,2.000000,124
CG0000015,REFRESHMENT,PCS,1024226714,VISHAL TYAGI IMPREST (3L),2024-10-08,2024-11-06,2.000000,0.000000,2.000000,633
CG0000004,STAFF WELFARE,PCS,1024226720,VISHAL TYAGI IMPREST (3L),2024-10-09,2024-11-06,2.000000,0.000000,2.000000,633
CG0000005,HOUSEKEEPING,PCS,1024226720,VISHAL TYAGI IMPREST (3L),2024-10-09,2024-11-06,2.000000,0.000000,2.000000,633
CG0000015,REFRESHMENT,PCS,1124226654,VISHAL TYAGI IMPREST (3L),2024-11-01,2024-11-30,2.000000,0.000000,2.000000,609
FA0000017,DELL LAPTOP 3520 (CLXTR14) (1201001),PCS,1124226661,SHRI CHAND COMPUTERS AND LAPTOP,2024-11-30,2024-11-30,2.000000,0.000000,2.000000,609
CG0000003,REPAIR AND MAINTENANCE  PLANT AND MACHINERY,PCS,1224226677,MAHARAJA POLYURETHANE PRIVATE LTD.,2024-12-15,2025-01-02,2.000000,0.000000,2.000000,576
CG0000015,REFRESHMENT,PCS,326226645,ARSHDEEP SINGH SO GT DL 15000 IMPREST JWPL0007,2026-03-01,2026-05-01,2.000000,0.000000,2.000000,92
CG0000003,REPAIR AND MAINTENANCE  PLANT AND MACHINERY,PCS,725226547,JASMINE ELEVATORS & CRANES,2025-07-09,2025-07-20,2.000000,0.000000,2.000000,377
CG0000013,STATIONARY OTHER THAN PAPER RIM,PCS,1024226770,GOPAL DASS & BROS,2024-10-26,2024-10-26,2.000000,0.000000,2.000000,644
FA0000170,water cooler,PCS,625226531,CIPETIAN PLASTIC MOLDING INDIA PRIVATE LIMITED,2025-06-13,2025-06-30,2.000000,0.000000,2.000000,397
CG0000003,REPAIR AND MAINTENANCE  PLANT AND MACHINERY,PCS,220726004,SIDEL INDIA PVT LTD,2026-07-03,2026-07-15,2.000000,0.000000,2.000000,17
CG0000003,REPAIR AND MAINTENANCE  PLANT AND MACHINERY,PCS,725226547,JASMINE ELEVATORS & CRANES,2025-07-09,2025-07-20,2.000000,0.000000,2.000000,377
CG0000003,REPAIR AND MAINTENANCE  PLANT AND MACHINERY,PCS,725226547,JASMINE ELEVATORS & CRANES,2025-07-09,2025-07-20,2.000000,0.000000,2.000000,377
FA0000026,HOT AIR GUN (1205006),PCS,425226685,DELHI MACHINE TOOLS,2025-04-10,2025-07-19,2.000000,0.000000,2.000000,378
CG0000013,STATIONARY OTHER THAN PAPER RIM,PCS,1024226770,GOPAL DASS & BROS,2024-10-26,2024-10-26,2.000000,0.000000,2.000000,644
CG0000003,REPAIR AND MAINTENANCE  PLANT AND MACHINERY,PCS,220726004,SIDEL INDIA PVT LTD,2026-07-03,2026-07-15,2.000000,0.000000,2.000000,17
CG0000003,REPAIR AND MAINTENANCE  PLANT AND MACHINERY,PCS,220726004,SIDEL INDIA PVT LTD,2026-07-03,2026-07-15,2.000000,0.000000,2.000000,17
CG0000003,REPAIR AND MAINTENANCE  PLANT AND MACHINERY,PCS,220726004,SIDEL INDIA PVT LTD,2026-07-03,2026-07-15,2.000000,0.000000,2.000000,17
CG0000003,REPAIR AND MAINTENANCE  PLANT AND MACHINERY,PCS,220526112,CLEARPACK AUTOMATION PVT LTD,2026-05-25,2026-05-30,2.000000,0.000000,2.000000,63
CF0000002,INSTALLATION PARTS ( MUSTARD OIL FULLY AUTOMATIC MONOBLOCK VOLUMETRIC FILLER & CAPPER-FA0000031 ),PCS,525226650,BOTTMAC INDIA PVT LTD,2025-05-30,2025-06-20,2.000000,0.000000,2.000000,407
CF0000002,INSTALLATION PARTS ( MUSTARD OIL FULLY AUTOMATIC MONOBLOCK VOLUMETRIC FILLER & CAPPER-FA0000031 ),PCS,525226650,BOTTMAC INDIA PVT LTD,2025-05-30,2025-06-20,2.000000,0.000000,2.000000,407
CG0000007,REPAIR AND MAINTENACE BUILDING AND OFFICE,PCS,220726143,RAM BHAJ SURESH KUMAR,2026-07-25,2026-08-03,2.000000,0.000000,2.000000,-2
CG0000007,REPAIR AND MAINTENACE BUILDING AND OFFICE,PCS,525226638,RISHABH MARKETING CO,2025-05-25,2025-05-31,2.000000,0.000000,2.000000,427
CF0000024,INSTALLATION PART-CONVEYOR SS304 -CLEARPACK 50 BPM,PCS,525226691,VEETA CONVEYORS ANOPV1426G,2025-05-10,2025-06-20,1.160000,0.000000,1.160000,407
CG0000003,REPAIR AND MAINTENANCE  PLANT AND MACHINERY,PCS,220726089,HITECH PACKAGING SOLUTION,2026-07-21,2026-07-30,1.000000,0.000000,1.000000,2
CG0000003,REPAIR AND MAINTENANCE  PLANT AND MACHINERY,PCS,220726089,HITECH PACKAGING SOLUTION,2026-07-21,2026-07-30,1.000000,0.000000,1.000000,2
CG0000003,REPAIR AND MAINTENANCE  PLANT AND MACHINERY,PCS,1124226552,S S P PACKAGING INDUSTRIES PVT LTD,2024-11-13,2024-11-15,1.000000,0.000000,1.000000,624
CG0000003,REPAIR AND MAINTENANCE  PLANT AND MACHINERY,PCS,1124226552,S S P PACKAGING INDUSTRIES PVT LTD,2024-11-13,2024-11-15,1.000000,0.000000,1.000000,624
CG0000003,REPAIR AND MAINTENANCE  PLANT AND MACHINERY,PCS,1124226552,S S P PACKAGING INDUSTRIES PVT LTD,2024-11-13,2024-11-15,1.000000,0.000000,1.000000,624
FA0000004,BLOWING MACHINE (SIDEL) - 1204007,PCS,1124226626,VISHAL TYAGI IMPREST (3L),2024-11-01,2024-11-26,1.000000,0.000000,1.000000,613
FA0000387,SEMI-AUTOMATIC VOLUMETRIC PLC BASED FILLING MACHINE (100ML TO 1000ML),PCS,220626063,GTECH PACKAGING INDIA PRIVATE LIMITED,2026-06-10,2026-06-30,1.000000,0.000000,1.000000,32
FA0000002,EIGHT HEAD WEIGH METRIC TIN FILLING MACHINE (1204011),PCS,1124226515,DNV LOGISTICS,2024-11-08,2024-11-15,1.000000,0.000000,1.000000,624
CG0000003,REPAIR AND MAINTENANCE  PLANT AND MACHINERY,PCS,1124226514,VEETA CONVEYORS ANOPV1426G,2024-11-08,2024-11-15,1.000000,0.000000,1.000000,624
CG0000068,BUILDING ITEM/HARDWARE ITEM FOR PEB SHED NEW LAND 2 ACRE,PCS,220726150,J S BUILDERS,2026-07-01,2026-08-05,1.000000,0.000000,1.000000,-4
CF0000002,INSTALLATION PARTS ( MUSTARD OIL FULLY AUTOMATIC MONOBLOCK VOLUMETRIC FILLER & CAPPER-FA0000031 ),PCS,525226650,BOTTMAC INDIA PVT LTD,2025-05-30,2025-06-20,1.000000,0.000000,1.000000,407
FA0000388,SEMI-AUTOMATIC VOLUMETRIC PISTON FILLING MACHINE (10ML TO 50ML),PCS,220626063,GTECH PACKAGING INDIA PRIVATE LIMITED,2026-06-10,2026-06-30,1.000000,0.000000,1.000000,32
CG0000007,REPAIR AND MAINTENACE BUILDING AND OFFICE,PCS,220626114,HARYANA SANITARY STORE,2026-06-19,2026-06-30,1.000000,0.000000,1.000000,32
CG0000003,REPAIR AND MAINTENANCE  PLANT AND MACHINERY,PCS,220726115,PAL SVAM POWER SOLUTIONS PVT LTD,2026-07-27,2026-07-30,1.000000,0.000000,1.000000,2
CG0000068,BUILDING ITEM/HARDWARE ITEM FOR PEB SHED NEW LAND 2 ACRE,PCS,220726150,J S BUILDERS,2026-07-01,2026-08-05,1.000000,0.000000,1.000000,-4
CG0000003,REPAIR AND MAINTENANCE  PLANT AND MACHINERY,PCS,1124226552,S S P PACKAGING INDUSTRIES PVT LTD,2024-11-13,2024-11-15,1.000000,0.000000,1.000000,624
CF0000002,INSTALLATION PARTS ( MUSTARD OIL FULLY AUTOMATIC MONOBLOCK VOLUMETRIC FILLER & CAPPER-FA0000031 ),PCS,525226650,BOTTMAC INDIA PVT LTD,2025-05-30,2025-06-20,1.000000,0.000000,1.000000,407
CF0000040,COMPLETE BOTTLE CHANGE PART 1000 ML HDPE,PCS,220426048,CLEARPACK AUTOMATION PVT LTD,2026-04-13,2026-04-30,1.000000,0.000000,1.000000,93
CG0000068,BUILDING ITEM/HARDWARE ITEM FOR PEB SHED NEW LAND 2 ACRE,PCS,220726128,SHREE RAM RMC,2026-07-01,2026-07-29,14.000000,13.000000,1.000000,3
CG0000034,INSTALLATION PARTS 50 KL TANK (FA0000024) (1213006),PCS,1224226695,BOTTMAC INDIA PVT LTD,2024-12-30,2025-01-30,1.000000,0.000000,1.000000,548
CF0000021,INSTALLATION PART-CONVEYOR SS304 - J.PEE 90 BPM FA0000049,PCS,525226686,VEETA CONVEYORS ANOPV1426G,2025-05-10,2025-06-05,1.000000,0.000000,1.000000,422
CG0000015,REFRESHMENT,PCS,326226645,ARSHDEEP SINGH SO GT DL 15000 IMPREST JWPL0007,2026-03-01,2026-05-01,1.000000,0.000000,1.000000,92
CG0000015,REFRESHMENT,PCS,326226645,ARSHDEEP SINGH SO GT DL 15000 IMPREST JWPL0007,2026-03-01,2026-05-01,1.000000,0.000000,1.000000,92
FA0000031,MUSTARD OIL FULLY AUTOMATIC MONOBLOCK VOLUMETRIC FILLER & CAPPER (1204009),PCS,1224226709,J. PEE ENGINEERS & PACKAGING PVT. LTD.,2024-12-30,2025-01-30,1.000000,0.000000,1.000000,548
FA0000005,PUFF PANELS AND ACCESSORIES (1204001),PCS,1124226553,MAHARAJA POLYURETHANE PRIVATE LTD.,2024-11-13,2024-11-15,1.000000,0.000000,1.000000,624
CF0000023,MAYAPURI BASEMENT OFFICE REMODELLING PCS,PCS,220526068,GAGANDEEP SINGH IMPREST JWPL0018,2026-05-01,2026-05-01,1.000000,0.000000,1.000000,92
FA0000004,BLOWING MACHINE (SIDEL) - 1204007,PCS,1024226758,INDUSTRIAL AIDERS,2024-10-05,2024-11-14,1.000000,0.000000,1.000000,625
CF0000023,MAYAPURI BASEMENT OFFICE REMODELLING PCS,PCS,220526068,GAGANDEEP SINGH IMPREST JWPL0018,2026-05-01,2026-05-01,1.000000,0.000000,1.000000,92
CF0000023,MAYAPURI BASEMENT OFFICE REMODELLING PCS,PCS,220526068,GAGANDEEP SINGH IMPREST JWPL0018,2026-05-01,2026-05-01,1.000000,0.000000,1.000000,92
CG0000004,STAFF WELFARE,PCS,1024226720,VISHAL TYAGI IMPREST (3L),2024-10-09,2024-11-06,1.000000,0.000000,1.000000,633
CG0000004,STAFF WELFARE,PCS,1024226720,VISHAL TYAGI IMPREST (3L),2024-10-09,2024-11-06,1.000000,0.000000,1.000000,633
CF0000023,MAYAPURI BASEMENT OFFICE REMODELLING PCS,PCS,220526155,CHOPRA ELECTRICAL,2026-05-21,2026-05-21,1.000000,0.000000,1.000000,72
CF0000023,MAYAPURI BASEMENT OFFICE REMODELLING PCS,PCS,220526155,CHOPRA ELECTRICAL,2026-05-21,2026-05-21,1.000000,0.000000,1.000000,72
CG0000007,REPAIR AND MAINTENACE BUILDING AND OFFICE,PCS,220726143,RAM BHAJ SURESH KUMAR,2026-07-25,2026-08-03,1.000000,0.000000,1.000000,-2
CG0000003,REPAIR AND MAINTENANCE  PLANT AND MACHINERY,PCS,125226623,VEETA CONVEYORS ANOPV1426G,2025-01-23,2025-01-27,1.000000,0.000000,1.000000,551
CG0000003,REPAIR AND MAINTENANCE  PLANT AND MACHINERY,PCS,1124226552,S S P PACKAGING INDUSTRIES PVT LTD,2024-11-13,2024-11-15,1.000000,0.000000,1.000000,624
CG0000007,REPAIR AND MAINTENACE BUILDING AND OFFICE,PCS,220626119,MOHIT GLASS HOUSE AND ALUMINUM DECORATION,2026-06-22,2026-06-30,1.000000,0.000000,1.000000,32
CG0000003,REPAIR AND MAINTENANCE  PLANT AND MACHINERY,PCS,220726027,PROMPT SERVICE & SALES CO AFAPB7542R,2026-07-08,2026-07-15,1.000000,0.000000,1.000000,17
CG0000003,REPAIR AND MAINTENANCE  PLANT AND MACHINERY,PCS,220726083,SAMARPAN FABRICATORS PVT LTD,2026-07-18,2026-07-30,1.000000,0.000000,1.000000,2
CG0000070,GC MACHINE CHEMICAL,PCS,220726087,CHEMBIO LIFESCIENCES PRIVATE LIMITED,2026-07-21,2026-07-30,1.000000,0.000000,1.000000,2
FA0000258,APPLE MAC MINI (M4 PRO),PCS,425226575,RSG SOLUTIONS PVT. LTD.,2025-04-14,2025-04-14,1.000000,0.000000,1.000000,474
CG0000013,STATIONARY OTHER THAN PAPER RIM,PCS,325226676,RUCHIKA BOOK SHOP & FASHION SPOT,2025-03-26,2025-03-26,1.000000,0.000000,1.000000,493
CG0000070,GC MACHINE CHEMICAL,PCS,220726087,CHEMBIO LIFESCIENCES PRIVATE LIMITED,2026-07-21,2026-07-30,1.000000,0.000000,1.000000,2
CG0000003,REPAIR AND MAINTENANCE  PLANT AND MACHINERY,PCS,525226687,SURAJ BHAN RAM NIWAS,2025-05-01,2025-06-07,1.000000,0.000000,1.000000,420
CG0000005,HOUSEKEEPING,PCS,225226579,KAMALPREET SINGH BHATIA FACTORY ( IMPREST 3L ),2025-02-13,2025-02-18,1.000000,0.000000,1.000000,529
FA0000052,SS BELT CONVEYOR- POUCH,PCS,225226520,VEETA CONVEYORS ANOPV1426G,2025-02-01,2025-02-25,1.000000,0.000000,1.000000,522
CG0000003,REPAIR AND MAINTENANCE  PLANT AND MACHINERY,PCS,220726004,SIDEL INDIA PVT LTD,2026-07-03,2026-07-15,1.000000,0.000000,1.000000,17
CG0000003,REPAIR AND MAINTENANCE  PLANT AND MACHINERY,PCS,220726004,SIDEL INDIA PVT LTD,2026-07-03,2026-07-15,1.000000,0.000000,1.000000,17
CG0000007,REPAIR AND MAINTENACE BUILDING AND OFFICE,PCS,1224226594,RAKESH,2024-12-05,2024-12-18,1.000000,0.000000,1.000000,591
FA0000051,CHAIN CONVEYOR (OLD) - 6 HEAD,PCS,225226520,VEETA CONVEYORS ANOPV1426G,2025-02-01,2025-02-25,1.000000,0.000000,1.000000,522
FA0000050,CHAIN CONVEYOR SS304 - 10 HEAD,PCS,225226520,VEETA CONVEYORS ANOPV1426G,2025-02-01,2025-02-25,1.000000,0.000000,1.000000,522
FA0000049,CHAIN CONVEYOR SS304 - J.PEE 90 BPM,PCS,225226520,VEETA CONVEYORS ANOPV1426G,2025-02-01,2025-02-25,1.000000,0.000000,1.000000,522
FA0000048,CHAIN CONVEYOR SS304 - CLEARPACK 50 BPM,PCS,225226520,VEETA CONVEYORS ANOPV1426G,2025-02-01,2025-02-25,1.000000,0.000000,1.000000,522
CG0000004,STAFF WELFARE,PCS,1224226583,VISHAL TYAGI IMPREST (3L),2024-12-05,2024-12-14,1.000000,0.000000,1.000000,595
CG0000015,REFRESHMENT,PCS,1224226583,VISHAL TYAGI IMPREST (3L),2024-12-05,2024-12-14,1.000000,0.000000,1.000000,595
FA0000013,GHEE PACKAGING MACHINE (1204008),PCS,1024226777,CHADHA SALES PVT LTD.,2024-10-15,2024-11-21,1.000000,0.000000,1.000000,618
CG0000048,OIL TESTING CHEMICALS - DIRECT  EXPENSE,KGS,326226571,LABHUB GLOBAL LLP,2026-03-21,2026-03-30,3.000000,2.000000,1.000000,124
CG0000070,GC MACHINE CHEMICAL,PCS,220726104,VERTEX SCIENTIFIC INCORPORATION,2026-07-22,2026-07-30,1.000000,0.000000,1.000000,2
CG0000004,STAFF WELFARE,PCS,1124226656,VISHAL TYAGI IMPREST (3L),2024-11-01,2024-11-30,1.000000,0.000000,1.000000,609
CG0000013,STATIONARY OTHER THAN PAPER RIM,PCS,1024226770,GOPAL DASS & BROS,2024-10-26,2024-10-26,1.000000,0.000000,1.000000,644
CG0000004,STAFF WELFARE,PCS,1124226656,VISHAL TYAGI IMPREST (3L),2024-11-01,2024-11-30,1.000000,0.000000,1.000000,609
FA0000004,BLOWING MACHINE (SIDEL) - 1204007,PCS,1024226768,CHOPRA MACHINERY & ELECTRIC STORE,2024-10-01,2024-11-15,1.000000,0.000000,1.000000,624
FA0000006,ELECTRONIC WEIGHING SCALE 1500KHX200G (1204001),PCS,1224226515,ENGINEERS AND TRADERS,2024-12-02,2024-12-15,1.000000,0.000000,1.000000,594
FA0000004,BLOWING MACHINE (SIDEL) - 1204007,PCS,1024226759,MECH TECH ENGINEERS DKZPS8273M,2024-10-01,2024-11-15,1.000000,0.000000,1.000000,624
FA0000026,HOT AIR GUN (1205006),PCS,625226581,KAMALPREET SINGH BHATIA FACTORY ( IMPREST 3L ),2025-06-10,2025-06-20,1.000000,0.000000,1.000000,407
CF0000039,COMPLETE BOTTLE CHANGE PART 4000 ML HDPE,PCS,220426048,CLEARPACK AUTOMATION PVT LTD,2026-04-13,2026-04-30,1.000000,0.000000,1.000000,93
CG0000013,STATIONARY OTHER THAN PAPER RIM,PCS,1024226770,GOPAL DASS & BROS,2024-10-26,2024-10-26,1.000000,0.000000,1.000000,644
CG0000003,REPAIR AND MAINTENANCE  PLANT AND MACHINERY,PCS,220726056,HINDUSTAN BOTTLING AND ENGINEERS ASLPR2171A,2026-07-13,2026-07-25,1.000000,0.000000,1.000000,7
CG0000003,REPAIR AND MAINTENANCE  PLANT AND MACHINERY,PCS,220726056,HINDUSTAN BOTTLING AND ENGINEERS ASLPR2171A,2026-07-13,2026-07-25,1.000000,0.000000,1.000000,7
CG0000013,STATIONARY OTHER THAN PAPER RIM,PCS,1024226770,GOPAL DASS & BROS,2024-10-26,2024-10-26,1.000000,0.000000,1.000000,644
CG0000003,REPAIR AND MAINTENANCE  PLANT AND MACHINERY,PCS,220726056,HINDUSTAN BOTTLING AND ENGINEERS ASLPR2171A,2026-07-13,2026-07-25,1.000000,0.000000,1.000000,7
CG0000003,REPAIR AND MAINTENANCE  PLANT AND MACHINERY,PCS,220726131,BANSAL WELD PRIVATE LIMITED,2026-07-25,2026-07-30,1.000000,0.000000,1.000000,2
FA0000052,SS BELT CONVEYOR- POUCH,PCS,325226746,VEETA CONVEYORS ANOPV1426G,2025-03-20,2025-04-29,1.000000,0.000000,1.000000,459
FA0000052,SS BELT CONVEYOR- POUCH,PCS,325226744,VEETA CONVEYORS ANOPV1426G,2025-03-20,2025-04-25,1.000000,0.000000,1.000000,463
CG0000003,REPAIR AND MAINTENANCE  PLANT AND MACHINERY,PCS,1024226825,GANDHI AUTOMATIONS PRIVATE LIMITED,2024-10-10,2025-05-29,1.000000,0.000000,1.000000,429
CG0000070,GC MACHINE CHEMICAL,PCS,220726087,CHEMBIO LIFESCIENCES PRIVATE LIMITED,2026-07-21,2026-07-30,1.000000,0.000000,1.000000,2
CG0000003,REPAIR AND MAINTENANCE  PLANT AND MACHINERY,PCS,220726131,BANSAL WELD PRIVATE LIMITED,2026-07-25,2026-07-30,1.000000,0.000000,1.000000,2
FA0000052,SS BELT CONVEYOR- POUCH,PCS,325226745,VEETA CONVEYORS ANOPV1426G,2025-03-20,2025-04-29,1.000000,0.000000,1.000000,459
CF0000015,CONSTRUCTION OF COMPOUND WALL -NEW LAND,PCS,525226505,JK CIVIL CONSTRUCTION PRIVATE LIMITED,2025-05-01,2025-05-10,1.000000,0.000000,1.000000,448
CF0000040,COMPLETE BOTTLE CHANGE PART 1000 ML HDPE,PCS,220426048,CLEARPACK AUTOMATION PVT LTD,2026-04-13,2026-04-30,1.000000,0.000000,1.000000,93
FA0000002,EIGHT HEAD WEIGH METRIC TIN FILLING MACHINE (1204011),PCS,1124226557,INDUSTRIAL AIDERS,2024-11-05,2024-11-15,1.000000,0.000000,1.000000,624
FA0000004,BLOWING MACHINE (SIDEL) - 1204007,PCS,1124226671,BISMILAH WELDERS,2024-11-25,2024-12-06,1.000000,0.000000,1.000000,603
FA0000168,EECO (NEW CAR),PCS,325226741,IFFCO TOKIO GENERAL INSURANCE CO LTD,2025-03-29,2025-03-29,1.000000,0.000000,1.000000,490
FA0000004,BLOWING MACHINE (SIDEL) - 1204007,PCS,1024226765,MECH TECH ENGINEERS DKZPS8273M,2024-10-01,2024-11-15,1.000000,0.000000,1.000000,624
FA0000004,BLOWING MACHINE (SIDEL) - 1204007,PCS,1024226757,STANDARD INDUSTRIAL STORE,2024-10-25,2024-11-14,1.000000,0.000000,1.000000,625
FA0000004,BLOWING MACHINE (SIDEL) - 1204007,PCS,1024226763,MECH TECH ENGINEERS DKZPS8273M,2024-10-01,2024-11-15,1.000000,0.000000,1.000000,624
CG0000003,REPAIR AND MAINTENANCE  PLANT AND MACHINERY,PCS,425226564,DOMINO PRINTECH INDIA LLP,2025-04-12,2025-04-12,1.000000,0.000000,1.000000,476
CG0000070,GC MACHINE CHEMICAL,PCS,220726087,CHEMBIO LIFESCIENCES PRIVATE LIMITED,2026-07-21,2026-07-30,1.000000,0.000000,1.000000,2
FA0000051,CHAIN CONVEYOR (OLD) - 6 HEAD,PCS,425226525,VEETA CONVEYORS ANOPV1426G,2025-04-01,2025-04-07,1.000000,0.000000,1.000000,481
FA0000050,CHAIN CONVEYOR SS304 - 10 HEAD,PCS,425226525,VEETA CONVEYORS ANOPV1426G,2025-04-01,2025-04-07,1.000000,0.000000,1.000000,481
FA0000049,CHAIN CONVEYOR SS304 - J.PEE 90 BPM,PCS,425226525,VEETA CONVEYORS ANOPV1426G,2025-04-01,2025-04-07,1.000000,0.000000,1.000000,481
FA0000048,CHAIN CONVEYOR SS304 - CLEARPACK 50 BPM,PCS,425226525,VEETA CONVEYORS ANOPV1426G,2025-04-01,2025-04-07,1.000000,0.000000,1.000000,481
FA0000290,AGILENT 8860 GC SYSTEM,PCS,825226582,AGILENT TECHNOLOGIES INDIA PVT LTD,2025-08-20,2025-08-30,1.000000,0.000000,1.000000,336
CG0000003,REPAIR AND MAINTENANCE  PLANT AND MACHINERY,PCS,225226683,PAL SVAM POWER SOLUTIONS PVT LTD,2025-02-20,2025-03-01,1.000000,0.000000,1.000000,518
CF0000021,INSTALLATION PART-CONVEYOR SS304 - J.PEE 90 BPM FA0000049,PCS,525226686,VEETA CONVEYORS ANOPV1426G,2025-05-10,2025-06-05,1.000000,0.000000,1.000000,422
CG0000003,REPAIR AND MAINTENANCE  PLANT AND MACHINERY,PCS,125226568,CLEARPACK AUTOMATION PVT LTD,2025-01-15,2025-01-30,1.000000,0.000000,1.000000,548
CG0000003,REPAIR AND MAINTENANCE  PLANT AND MACHINERY,PCS,125226568,CLEARPACK AUTOMATION PVT LTD,2025-01-15,2025-01-30,1.000000,0.000000,1.000000,548
CG0000015,REFRESHMENT,PCS,126226528,ISHWAR KIRYANA STORE,2026-01-08,2026-01-15,1.000000,0.000000,1.000000,198
FA0000013,GHEE PACKAGING MACHINE (1204008),PCS,1024226778,CHADHA SALES PVT LTD.,2024-10-10,2024-11-21,1.000000,0.000000,1.000000,618
CF0000001,INSTALLATION PARTS (GHEE PACKING M/C-  FA0000013),PCS,125226518,CHADHA SALES PVT LTD.,2025-01-08,2025-01-08,1.000000,0.000000,1.000000,570
CG0000034,INSTALLATION PARTS 50 KL TANK (FA0000024) (1213006),PCS,1224226695,BOTTMAC INDIA PVT LTD,2024-12-30,2025-01-30,1.000000,0.000000,1.000000,548
CG0000034,INSTALLATION PARTS 50 KL TANK (FA0000024) (1213006),PCS,1224226695,BOTTMAC INDIA PVT LTD,2024-12-30,2025-01-30,1.000000,0.000000,1.000000,548
CG0000034,INSTALLATION PARTS 50 KL TANK (FA0000024) (1213006),PCS,1224226695,BOTTMAC INDIA PVT LTD,2024-12-30,2025-01-30,1.000000,0.000000,1.000000,548
CG0000003,REPAIR AND MAINTENANCE  PLANT AND MACHINERY,PCS,1225226656,UNITY EARTHTECH,2025-12-30,2026-01-15,1.000000,0.000000,1.000000,198
CG0000003,REPAIR AND MAINTENANCE  PLANT AND MACHINERY,PCS,1225226656,UNITY EARTHTECH,2025-12-30,2026-01-15,1.000000,0.000000,1.000000,198
CG0000003,REPAIR AND MAINTENANCE  PLANT AND MACHINERY,PCS,1225226656,UNITY EARTHTECH,2025-12-30,2026-01-15,1.000000,0.000000,1.000000,198
CG0000003,REPAIR AND MAINTENANCE  PLANT AND MACHINERY,PCS,1225226656,UNITY EARTHTECH,2025-12-30,2026-01-15,1.000000,0.000000,1.000000,198
CG0000003,REPAIR AND MAINTENANCE  PLANT AND MACHINERY,PCS,1225226656,UNITY EARTHTECH,2025-12-30,2026-01-15,1.000000,0.000000,1.000000,198
CG0000003,REPAIR AND MAINTENANCE  PLANT AND MACHINERY,PCS,1225226656,UNITY EARTHTECH,2025-12-30,2026-01-15,1.000000,0.000000,1.000000,198
CG0000003,REPAIR AND MAINTENANCE  PLANT AND MACHINERY,PCS,1225226656,UNITY EARTHTECH,2025-12-30,2026-01-15,1.000000,0.000000,1.000000,198
CG0000003,REPAIR AND MAINTENANCE  PLANT AND MACHINERY,PCS,1225226656,UNITY EARTHTECH,2025-12-30,2026-01-15,1.000000,0.000000,1.000000,198
CG0000003,REPAIR AND MAINTENANCE  PLANT AND MACHINERY,PCS,1225226656,UNITY EARTHTECH,2025-12-30,2026-01-15,1.000000,0.000000,1.000000,198
CG0000003,REPAIR AND MAINTENANCE  PLANT AND MACHINERY,PCS,1225226656,UNITY EARTHTECH,2025-12-30,2026-01-15,1.000000,0.000000,1.000000,198
CG0000003,REPAIR AND MAINTENANCE  PLANT AND MACHINERY,PCS,1225226656,UNITY EARTHTECH,2025-12-30,2026-01-15,1.000000,0.000000,1.000000,198
CG0000003,REPAIR AND MAINTENANCE  PLANT AND MACHINERY,PCS,1225226656,UNITY EARTHTECH,2025-12-30,2026-01-15,1.000000,0.000000,1.000000,198
CG0000034,INSTALLATION PARTS 50 KL TANK (FA0000024) (1213006),PCS,1224226695,BOTTMAC INDIA PVT LTD,2024-12-30,2025-01-30,1.000000,0.000000,1.000000,548
CG0000034,INSTALLATION PARTS 50 KL TANK (FA0000024) (1213006),PCS,1224226695,BOTTMAC INDIA PVT LTD,2024-12-30,2025-01-30,1.000000,0.000000,1.000000,548
CF0000024,INSTALLATION PART-CONVEYOR SS304 -CLEARPACK 50 BPM,PCS,525226691,VEETA CONVEYORS ANOPV1426G,2025-05-10,2025-06-20,1.000000,0.000000,1.000000,407
CF0000002,INSTALLATION PARTS ( MUSTARD OIL FULLY AUTOMATIC MONOBLOCK VOLUMETRIC FILLER & CAPPER-FA0000031 ),PCS,525226650,BOTTMAC INDIA PVT LTD,2025-05-30,2025-06-20,1.000000,0.000000,1.000000,407
CF0000024,INSTALLATION PART-CONVEYOR SS304 -CLEARPACK 50 BPM,PCS,525226691,VEETA CONVEYORS ANOPV1426G,2025-05-10,2025-06-20,1.000000,0.000000,1.000000,407
CF0000024,INSTALLATION PART-CONVEYOR SS304 -CLEARPACK 50 BPM,PCS,525226691,VEETA CONVEYORS ANOPV1426G,2025-05-10,2025-06-20,1.000000,0.000000,1.000000,407
CG0000003,REPAIR AND MAINTENANCE  PLANT AND MACHINERY,PCS,725226547,JASMINE ELEVATORS & CRANES,2025-07-09,2025-07-20,1.000000,0.000000,1.000000,377
CF0000024,INSTALLATION PART-CONVEYOR SS304 -CLEARPACK 50 BPM,PCS,525226691,VEETA CONVEYORS ANOPV1426G,2025-05-10,2025-06-20,1.000000,0.000000,1.000000,407
CF0000024,INSTALLATION PART-CONVEYOR SS304 -CLEARPACK 50 BPM,PCS,525226691,VEETA CONVEYORS ANOPV1426G,2025-05-10,2025-06-20,1.000000,0.000000,1.000000,407
CF0000024,INSTALLATION PART-CONVEYOR SS304 -CLEARPACK 50 BPM,PCS,525226691,VEETA CONVEYORS ANOPV1426G,2025-05-10,2025-06-20,1.000000,0.000000,1.000000,407
CF0000024,INSTALLATION PART-CONVEYOR SS304 -CLEARPACK 50 BPM,PCS,525226691,VEETA CONVEYORS ANOPV1426G,2025-05-10,2025-06-20,1.000000,0.000000,1.000000,407
CF0000021,INSTALLATION PART-CONVEYOR SS304 - J.PEE 90 BPM FA0000049,PCS,525226686,VEETA CONVEYORS ANOPV1426G,2025-05-10,2025-06-05,1.000000,0.000000,1.000000,422
CG0000007,REPAIR AND MAINTENACE BUILDING AND OFFICE,PCS,525226638,RISHABH MARKETING CO,2025-05-25,2025-05-31,1.000000,0.000000,1.000000,427
CG0000003,REPAIR AND MAINTENANCE  PLANT AND MACHINERY,PCS,725226547,JASMINE ELEVATORS & CRANES,2025-07-09,2025-07-20,1.000000,0.000000,1.000000,377
CG0000003,REPAIR AND MAINTENANCE  PLANT AND MACHINERY,PCS,725226547,JASMINE ELEVATORS & CRANES,2025-07-09,2025-07-20,1.000000,0.000000,1.000000,377
CG0000003,REPAIR AND MAINTENANCE  PLANT AND MACHINERY,PCS,725226547,JASMINE ELEVATORS & CRANES,2025-07-09,2025-07-20,1.000000,0.000000,1.000000,377
CG0000003,REPAIR AND MAINTENANCE  PLANT AND MACHINERY,PCS,725226585,SURAJ BHAN RAM NIWAS,2025-07-01,2025-07-18,1.000000,0.000000,1.000000,379
CG0000003,REPAIR AND MAINTENANCE  PLANT AND MACHINERY,PCS,725226547,JASMINE ELEVATORS & CRANES,2025-07-09,2025-07-20,1.000000,0.000000,1.000000,377
CG0000003,REPAIR AND MAINTENANCE  PLANT AND MACHINERY,PCS,825226517,M R WARERKAR & ASSOCIATES PVT LTD,2025-08-06,2025-08-30,1.000000,0.000000,1.000000,336
CG0000007,REPAIR AND MAINTENACE BUILDING AND OFFICE,PCS,525226638,RISHABH MARKETING CO,2025-05-25,2025-05-31,1.000000,0.000000,1.000000,427
CG0000007,REPAIR AND MAINTENACE BUILDING AND OFFICE,PCS,1025226565,DHANPURNA PUF INSULATION,2025-10-17,2025-10-30,1.000000,0.000000,1.000000,275
CG0000007,REPAIR AND MAINTENACE BUILDING AND OFFICE,PCS,1025226565,DHANPURNA PUF INSULATION,2025-10-17,2025-10-30,1.000000,0.000000,1.000000,275
CG0000007,REPAIR AND MAINTENACE BUILDING AND OFFICE,PCS,1025226565,DHANPURNA PUF INSULATION,2025-10-17,2025-10-30,1.000000,0.000000,1.000000,275
CG0000003,REPAIR AND MAINTENANCE  PLANT AND MACHINERY,PCS,1125226601,SHAWA TECHNOCRAFTS PRIVATE LIMITED AAYCS3229G,2025-11-26,2025-11-30,1.000000,0.000000,1.000000,244
CG0000003,REPAIR AND MAINTENANCE  PLANT AND MACHINERY,PCS,1125226621,CLEARPACK AUTOMATION PVT LTD,2025-11-29,2025-12-15,1.000000,0.000000,1.000000,229
CG0000003,REPAIR AND MAINTENANCE  PLANT AND MACHINERY,PCS,1125226621,CLEARPACK AUTOMATION PVT LTD,2025-11-29,2025-12-15,1.000000,0.000000,1.000000,229
CG0000003,REPAIR AND MAINTENANCE  PLANT AND MACHINERY,PCS,525226635,S.N. ENGINEERING,2025-05-25,2025-05-31,1.000000,0.000000,1.000000,427
CG0000003,REPAIR AND MAINTENANCE  PLANT AND MACHINERY,PCS,525226630,SIGNODE INDIA LTD,2025-05-27,2025-06-02,1.000000,0.000000,1.000000,425
CG0000003,REPAIR AND MAINTENANCE  PLANT AND MACHINERY,PCS,525226687,SURAJ BHAN RAM NIWAS,2025-05-01,2025-06-07,1.000000,0.000000,1.000000,420
CG0000003,REPAIR AND MAINTENANCE  PLANT AND MACHINERY,PCS,425226526,ENGINEERS AND TRADERS,2025-04-05,2025-04-07,1.000000,0.000000,1.000000,481
CG0000003,REPAIR AND MAINTENANCE  PLANT AND MACHINERY,PCS,425226526,ENGINEERS AND TRADERS,2025-04-05,2025-04-07,1.000000,0.000000,1.000000,481
FA0000052,SS BELT CONVEYOR- POUCH,PCS,425226525,VEETA CONVEYORS ANOPV1426G,2025-04-01,2025-04-07,1.000000,0.000000,1.000000,481
CF0000039,COMPLETE BOTTLE CHANGE PART 4000 ML HDPE,PCS,220426048,CLEARPACK AUTOMATION PVT LTD,2026-04-13,2026-04-30,1.000000,0.000000,1.000000,93
CG0000034,INSTALLATION PARTS 50 KL TANK (FA0000024) (1213006),PCS,1224226695,BOTTMAC INDIA PVT LTD,2024-12-30,2025-01-30,1.000000,0.000000,1.000000,548
CG0000034,INSTALLATION PARTS 50 KL TANK (FA0000024) (1213006),PCS,1224226695,BOTTMAC INDIA PVT LTD,2024-12-30,2025-01-30,1.000000,0.000000,1.000000,548
CG0000034,INSTALLATION PARTS 50 KL TANK (FA0000024) (1213006),PCS,1224226695,BOTTMAC INDIA PVT LTD,2024-12-30,2025-01-30,1.000000,0.000000,1.000000,548
CG0000034,INSTALLATION PARTS 50 KL TANK (FA0000024) (1213006),PCS,1224226695,BOTTMAC INDIA PVT LTD,2024-12-30,2025-01-30,1.000000,0.000000,1.000000,548
CG0000034,INSTALLATION PARTS 50 KL TANK (FA0000024) (1213006),PCS,1224226695,BOTTMAC INDIA PVT LTD,2024-12-30,2025-01-30,1.000000,0.000000,1.000000,548
CG0000034,INSTALLATION PARTS 50 KL TANK (FA0000024) (1213006),PCS,1224226695,BOTTMAC INDIA PVT LTD,2024-12-30,2025-01-30,1.000000,0.000000,1.000000,548
CG0000034,INSTALLATION PARTS 50 KL TANK (FA0000024) (1213006),PCS,1224226695,BOTTMAC INDIA PVT LTD,2024-12-30,2025-01-30,1.000000,0.000000,1.000000,548
CG0000034,INSTALLATION PARTS 50 KL TANK (FA0000024) (1213006),PCS,1224226695,BOTTMAC INDIA PVT LTD,2024-12-30,2025-01-30,1.000000,0.000000,1.000000,548
CG0000034,INSTALLATION PARTS 50 KL TANK (FA0000024) (1213006),PCS,1224226695,BOTTMAC INDIA PVT LTD,2024-12-30,2025-01-30,1.000000,0.000000,1.000000,548
CG0000034,INSTALLATION PARTS 50 KL TANK (FA0000024) (1213006),PCS,1224226695,BOTTMAC INDIA PVT LTD,2024-12-30,2025-01-30,1.000000,0.000000,1.000000,548
CG0000034,INSTALLATION PARTS 50 KL TANK (FA0000024) (1213006),PCS,1224226695,BOTTMAC INDIA PVT LTD,2024-12-30,2025-01-30,1.000000,0.000000,1.000000,548
CG0000034,INSTALLATION PARTS 50 KL TANK (FA0000024) (1213006),PCS,1224226695,BOTTMAC INDIA PVT LTD,2024-12-30,2025-01-30,1.000000,0.000000,1.000000,548
CG0000034,INSTALLATION PARTS 50 KL TANK (FA0000024) (1213006),PCS,1224226695,BOTTMAC INDIA PVT LTD,2024-12-30,2025-01-30,1.000000,0.000000,1.000000,548
CG0000034,INSTALLATION PARTS 50 KL TANK (FA0000024) (1213006),PCS,1224226695,BOTTMAC INDIA PVT LTD,2024-12-30,2025-01-30,1.000000,0.000000,1.000000,548
CG0000034,INSTALLATION PARTS 50 KL TANK (FA0000024) (1213006),PCS,1224226695,BOTTMAC INDIA PVT LTD,2024-12-30,2025-01-30,1.000000,0.000000,1.000000,548
CG0000034,INSTALLATION PARTS 50 KL TANK (FA0000024) (1213006),PCS,1224226695,BOTTMAC INDIA PVT LTD,2024-12-30,2025-01-30,1.000000,0.000000,1.000000,548
CG0000034,INSTALLATION PARTS 50 KL TANK (FA0000024) (1213006),PCS,1224226695,BOTTMAC INDIA PVT LTD,2024-12-30,2025-01-30,1.000000,0.000000,1.000000,548
CF0000023,MAYAPURI BASEMENT OFFICE REMODELLING PCS,PCS,220426121,VINAY SANITARY EMPORIUM,2026-04-01,2026-04-01,1.000000,0.000000,1.000000,122
CG0000034,INSTALLATION PARTS 50 KL TANK (FA0000024) (1213006),PCS,1224226695,BOTTMAC INDIA PVT LTD,2024-12-30,2025-01-30,1.000000,0.000000,1.000000,548
CG0000034,INSTALLATION PARTS 50 KL TANK (FA0000024) (1213006),PCS,1224226695,BOTTMAC INDIA PVT LTD,2024-12-30,2025-01-30,1.000000,0.000000,1.000000,548
CG0000006,PRINTING AND STATIONARY,PCS,326226645,ARSHDEEP SINGH SO GT DL 15000 IMPREST JWPL0007,2026-03-01,2026-05-01,1.000000,0.000000,1.000000,92
CG0000015,REFRESHMENT,PCS,326226645,ARSHDEEP SINGH SO GT DL 15000 IMPREST JWPL0007,2026-03-01,2026-05-01,1.000000,0.000000,1.000000,92
CG0000015,REFRESHMENT,PCS,326226645,ARSHDEEP SINGH SO GT DL 15000 IMPREST JWPL0007,2026-03-01,2026-05-01,1.000000,0.000000,1.000000,92
CG0000015,REFRESHMENT,PCS,326226645,ARSHDEEP SINGH SO GT DL 15000 IMPREST JWPL0007,2026-03-01,2026-05-01,1.000000,0.000000,1.000000,92
CG0000015,REFRESHMENT,PCS,326226645,ARSHDEEP SINGH SO GT DL 15000 IMPREST JWPL0007,2026-03-01,2026-05-01,1.000000,0.000000,1.000000,92
CG0000015,REFRESHMENT,PCS,326226645,ARSHDEEP SINGH SO GT DL 15000 IMPREST JWPL0007,2026-03-01,2026-05-01,1.000000,0.000000,1.000000,92
CG0000034,INSTALLATION PARTS 50 KL TANK (FA0000024) (1213006),PCS,1224226695,BOTTMAC INDIA PVT LTD,2024-12-30,2025-01-30,1.000000,0.000000,1.000000,548
CG0000034,INSTALLATION PARTS 50 KL TANK (FA0000024) (1213006),PCS,1224226695,BOTTMAC INDIA PVT LTD,2024-12-30,2025-01-30,1.000000,0.000000,1.000000,548
CG0000015,REFRESHMENT,PCS,326226645,ARSHDEEP SINGH SO GT DL 15000 IMPREST JWPL0007,2026-03-01,2026-05-01,1.000000,0.000000,1.000000,92
CG0000034,INSTALLATION PARTS 50 KL TANK (FA0000024) (1213006),PCS,1224226695,BOTTMAC INDIA PVT LTD,2024-12-30,2025-01-30,1.000000,0.000000,1.000000,548
CG0000034,INSTALLATION PARTS 50 KL TANK (FA0000024) (1213006),PCS,1224226695,BOTTMAC INDIA PVT LTD,2024-12-30,2025-01-30,1.000000,0.000000,1.000000,548
CG0000034,INSTALLATION PARTS 50 KL TANK (FA0000024) (1213006),PCS,1224226695,BOTTMAC INDIA PVT LTD,2024-12-30,2025-01-30,1.000000,0.000000,1.000000,548
CG0000034,INSTALLATION PARTS 50 KL TANK (FA0000024) (1213006),PCS,1224226695,BOTTMAC INDIA PVT LTD,2024-12-30,2025-01-30,1.000000,0.000000,1.000000,548
CG0000034,INSTALLATION PARTS 50 KL TANK (FA0000024) (1213006),PCS,1224226695,BOTTMAC INDIA PVT LTD,2024-12-30,2025-01-30,1.000000,0.000000,1.000000,548
CG0000034,INSTALLATION PARTS 50 KL TANK (FA0000024) (1213006),PCS,1224226695,BOTTMAC INDIA PVT LTD,2024-12-30,2025-01-30,1.000000,0.000000,1.000000,548
CG0000034,INSTALLATION PARTS 50 KL TANK (FA0000024) (1213006),PCS,1224226695,BOTTMAC INDIA PVT LTD,2024-12-30,2025-01-30,1.000000,0.000000,1.000000,548
CG0000034,INSTALLATION PARTS 50 KL TANK (FA0000024) (1213006),PCS,1224226695,BOTTMAC INDIA PVT LTD,2024-12-30,2025-01-30,1.000000,0.000000,1.000000,548
CG0000034,INSTALLATION PARTS 50 KL TANK (FA0000024) (1213006),PCS,1224226695,BOTTMAC INDIA PVT LTD,2024-12-30,2025-01-30,1.000000,0.000000,1.000000,548
CG0000034,INSTALLATION PARTS 50 KL TANK (FA0000024) (1213006),PCS,1224226695,BOTTMAC INDIA PVT LTD,2024-12-30,2025-01-30,1.000000,0.000000,1.000000,548
CG0000034,INSTALLATION PARTS 50 KL TANK (FA0000024) (1213006),PCS,1224226695,BOTTMAC INDIA PVT LTD,2024-12-30,2025-01-30,1.000000,0.000000,1.000000,548
CG0000034,INSTALLATION PARTS 50 KL TANK (FA0000024) (1213006),PCS,1224226695,BOTTMAC INDIA PVT LTD,2024-12-30,2025-01-30,1.000000,0.000000,1.000000,548
CF0000036,PEB SHED CANOLA NEW LAND 2 ACRE,PCS,226226559,WILLUS INFRASTRUCTURE PRIVATE LIMITED,2026-02-17,2026-02-28,1.000000,0.000000,1.000000,154
CF0000036,PEB SHED CANOLA NEW LAND 2 ACRE,PCS,226226559,WILLUS INFRASTRUCTURE PRIVATE LIMITED,2026-02-17,2026-02-28,1.000000,0.000000,1.000000,154
CG0000034,INSTALLATION PARTS 50 KL TANK (FA0000024) (1213006),PCS,1224226695,BOTTMAC INDIA PVT LTD,2024-12-30,2025-01-30,1.000000,0.000000,1.000000,548
CF0000036,PEB SHED CANOLA NEW LAND 2 ACRE,PCS,226226562,WILLUS INFRASTRUCTURE PRIVATE LIMITED,2026-02-18,2026-02-28,1.000000,0.000000,1.000000,154
CF0000036,PEB SHED CANOLA NEW LAND 2 ACRE,PCS,226226562,WILLUS INFRASTRUCTURE PRIVATE LIMITED,2026-02-18,2026-02-28,1.000000,0.000000,1.000000,154
CG0000034,INSTALLATION PARTS 50 KL TANK (FA0000024) (1213006),PCS,1224226695,BOTTMAC INDIA PVT LTD,2024-12-30,2025-01-30,1.000000,0.000000,1.000000,548
CG0000003,REPAIR AND MAINTENANCE  PLANT AND MACHINERY,PCS,326226505,SUREVIC INDIA,2026-03-05,2026-03-15,1.000000,0.000000,1.000000,139
CG0000003,REPAIR AND MAINTENANCE  PLANT AND MACHINERY,PCS,326226505,SUREVIC INDIA,2026-03-05,2026-03-15,1.000000,0.000000,1.000000,139
CG0000003,REPAIR AND MAINTENANCE  PLANT AND MACHINERY,PCS,326226505,SUREVIC INDIA,2026-03-05,2026-03-15,1.000000,0.000000,1.000000,139
CG0000003,REPAIR AND MAINTENANCE  PLANT AND MACHINERY,PCS,326226505,SUREVIC INDIA,2026-03-05,2026-03-15,1.000000,0.000000,1.000000,139
CG0000034,INSTALLATION PARTS 50 KL TANK (FA0000024) (1213006),PCS,1224226695,BOTTMAC INDIA PVT LTD,2024-12-30,2025-01-30,1.000000,0.000000,1.000000,548
CG0000003,REPAIR AND MAINTENANCE  PLANT AND MACHINERY,PCS,326226539,DOMINO PRINTECH INDIA LLP,2026-03-16,2026-03-20,1.000000,0.000000,1.000000,134
CG0000003,REPAIR AND MAINTENANCE  PLANT AND MACHINERY,PCS,326226539,DOMINO PRINTECH INDIA LLP,2026-03-16,2026-03-20,1.000000,0.000000,1.000000,134
CG0000003,REPAIR AND MAINTENANCE  PLANT AND MACHINERY,PCS,326226540,VIDEOJET TECHNOLOGIES (I) PVT. LTD.,2026-03-16,2026-03-20,1.000000,0.000000,1.000000,134
CG0000034,INSTALLATION PARTS 50 KL TANK (FA0000024) (1213006),PCS,1224226695,BOTTMAC INDIA PVT LTD,2024-12-30,2025-01-30,1.000000,0.000000,1.000000,548
CG0000034,INSTALLATION PARTS 50 KL TANK (FA0000024) (1213006),PCS,1224226695,BOTTMAC INDIA PVT LTD,2024-12-30,2025-01-30,1.000000,0.000000,1.000000,548
CG0000034,INSTALLATION PARTS 50 KL TANK (FA0000024) (1213006),PCS,1224226695,BOTTMAC INDIA PVT LTD,2024-12-30,2025-01-30,1.000000,0.000000,1.000000,548
CG0000034,INSTALLATION PARTS 50 KL TANK (FA0000024) (1213006),PCS,220426076,INDUSTRIAL AIDERS,2026-04-01,2026-04-20,160.000000,159.150000,0.850000,103
CG0000015,REFRESHMENT,PCS,1224226583,VISHAL TYAGI IMPREST (3L),2024-12-05,2024-12-14,0.250000,0.000000,0.250000,595
