grain,source_endpoint,plan_month,month_label,month_absid,upload_id,version,is_latest,uploaded_by,uploaded_at,source_file,source_row,row_id,item_code,sap_item_exists,sap_item_name,sap_u_sub_group,sap_u_type,sap_u_variety,sap_inventory_uom,sap_qty_on_stock,brand,head,category,sub_category,sku,per_ltrs,ltrs_per_box,case_pack,commodity_monthly,commodity_w1,commodity_w2,commodity_w3,commodity_w4,premium_monthly,premium_w1,premium_w2,premium_w3,premium_w4,ecom_planning,monthly_planning,total_planning,quantity
per_sku,GET /planning/uploads/1/,2026-09-01,PRODUCTION PLANING MONTH OF SEP 2026,,1,1,True,aahar831@gmail.com,2026-08-27T05:38:25.427998Z,PLANNING FOR SEP 2026.xlsx,105,102,FG0000030,YES,MUSTARD KACHI GHANI 1 LTR 20 PCS,MUSTARD,COMMODITY,MUSTARD KACCHI GHANI,PCS,4129,JIVO,COMMODITY,MUSTARD,JIVO MUSTARD,MUSTARD KACHI GHANI 1 LTR 20 PCS,1.000,20.000,20.000,220000.00,55000.00,55000.00,55000.00,55000.00,0.00,0.00,0.00,0.00,0.00,470000.00,220000.00,690000.00,
per_sku,GET /planning/uploads/1/,2026-09-01,PRODUCTION PLANING MONTH OF SEP 2026,,1,1,True,aahar831@gmail.com,2026-08-27T05:38:25.427998Z,PLANNING FOR SEP 2026.xlsx,5,2,FG0000142,YES,COLD PRESS GROUNDNUT OIL 1 LTR 16 PCS,GROUNDNUT,PREMIUM,COLD PRESS,PCS,8846,JIVO,OTHER PREMIUM,GROUNDNUT,JIVO GROUNDNUT,COLD PRESS GROUNDNUT OIL 1 LTR 16 PCS,1.000,16.000,16.000,0.00,0.00,0.00,0.00,0.00,35000.00,8750.00,8750.00,8750.00,8750.00,350000.00,35000.00,385000.00,
per_sku,GET /planning/uploads/1/,2026-09-01,PRODUCTION PLANING MONTH OF SEP 2026,,1,1,True,aahar831@gmail.com,2026-08-27T05:38:25.427998Z,PLANNING FOR SEP 2026.xlsx,159,156,FG0000081,YES,COLD PRESS SUNFLOWER 1 LTR 20 PCS,SUNFLOWER,COMMODITY,COLD PRESS,PCS,10166,JIVO,COMMODITY,SUNFLOWER,JIVO SUNFLOWER,COLD PRESS SUNFLOWER 1 LTR 20 PCS,1.000,20.000,20.000,10000.00,2500.00,2500.00,2500.00,2500.00,0.00,0.00,0.00,0.00,0.00,300000.00,10000.00,310000.00,
per_sku,GET /planning/uploads/1/,2026-09-01,PRODUCTION PLANING MONTH OF SEP 2026,,1,1,True,aahar831@gmail.com,2026-08-27T05:38:25.427998Z,PLANNING FOR SEP 2026.xlsx,103,100,FG0000011,YES,MUSTARD KACCHI GHANI 5 LTR 4 PCS,MUSTARD,COMMODITY,MUSTARD KACCHI GHANI,PCS,3704,JIVO,COMMODITY,MUSTARD,JIVO MUSTARD,MUSTARD KACCHI GHANI 5 LTR 4 PCS,5.000,20.000,4.000,30000.00,7500.00,7500.00,7500.00,7500.00,0.00,0.00,0.00,0.00,0.00,200000.00,30000.00,230000.00,
per_sku,GET /planning/uploads/1/,2026-09-01,PRODUCTION PLANING MONTH OF SEP 2026,,1,1,True,aahar831@gmail.com,2026-08-27T05:38:25.427998Z,PLANNING FOR SEP 2026.xlsx,4,1,FG0000004,YES,COLD PRESS 5 LTR 4 PCS,CANOLA,PREMIUM,COLD PRESS,PCS,22995,JIVO,PREMIUM,CANOLA,JIVO CANOLA,COLD PRESS 5 LTR 4 PCS,5.000,20.000,4.000,0.00,0.00,0.00,0.00,0.00,150000.00,37500.00,37500.00,37500.00,37500.00,75000.00,150000.00,225000.00,
per_sku,GET /planning/uploads/1/,2026-09-01,PRODUCTION PLANING MONTH OF SEP 2026,,1,1,True,aahar831@gmail.com,2026-08-27T05:38:25.427998Z,PLANNING FOR SEP 2026.xlsx,149,146,FG0000250,YES,SOYABEAN OIL 15 KGS,SOYABEAN,COMMODITY,REFINED,PCS,21,JIVO,COMMODITY,SOYABEAN,JIVO SOYABEAN,SOYABEAN OIL 15 KGS,16.484,16.484,1.000,200000.00,50000.00,50000.00,50000.00,50000.00,0.00,0.00,0.00,0.00,0.00,0.00,200000.00,200000.00,
per_sku,GET /planning/uploads/1/,2026-09-01,PRODUCTION PLANING MONTH OF SEP 2026,,1,1,True,aahar831@gmail.com,2026-08-27T05:38:25.427998Z,PLANNING FOR SEP 2026.xlsx,27,24,FG0000028,YES,POMACE OLIVE 1 LTR 16 PCS,OLIVE,PREMIUM,POMACE,PCS,34590,JIVO,PREMIUM,POMACE,JIVO POMACE,POMACE OLIVE 1 LTR 16 PCS,1.000,16.000,16.000,0.00,0.00,0.00,0.00,0.00,80000.00,20000.00,20000.00,20000.00,20000.00,80000.00,80000.00,160000.00,
per_sku,GET /planning/uploads/1/,2026-09-01,PRODUCTION PLANING MONTH OF SEP 2026,,1,1,True,aahar831@gmail.com,2026-08-27T05:38:25.427998Z,PLANNING FOR SEP 2026.xlsx,34,31,FG0000008,YES,POMACE OLIVE 5 LTR TIN 4 PCS,OLIVE,PREMIUM,POMACE,PCS,5373,JIVO,PREMIUM,POMACE,JIVO POMACE,POMACE OLIVE 5 LTR TIN 4 PCS,5.000,20.000,4.000,0.00,0.00,0.00,0.00,0.00,85000.00,21250.00,21250.00,21250.00,21250.00,70000.00,85000.00,155000.00,
per_sku,GET /planning/uploads/1/,2026-09-01,PRODUCTION PLANING MONTH OF SEP 2026,,1,1,True,aahar831@gmail.com,2026-08-27T05:38:25.427998Z,PLANNING FOR SEP 2026.xlsx,143,140,FG0000194,YES,SOYABEAN OIL 1 LTR POUCH 12 PCS,SOYABEAN,COMMODITY,REFINED,PCS,35522,JIVO,COMMODITY,SOYABEAN,JIVO SOYABEAN,SOYABEAN OIL 1 LTR POUCH 12 PCS,1.000,12.000,12.000,100000.00,25000.00,25000.00,25000.00,25000.00,0.00,0.00,0.00,0.00,0.00,50000.00,100000.00,150000.00,
per_sku,GET /planning/uploads/1/,2026-09-01,PRODUCTION PLANING MONTH OF SEP 2026,,1,1,True,aahar831@gmail.com,2026-08-27T05:38:25.427998Z,PLANNING FOR SEP 2026.xlsx,117,114,FG0000136,YES,SANO MUSTARD OIL 1 LTR 20 PCS,MUSTARD,COMMODITY,MUSTARD KACCHI GHANI,PCS,4736,SANO,COMMODITY,MUSTARD,SANO MUSTARD,SANO MUSTARD OIL 1 LTR 20 PCS,1.000,20.000,20.000,100000.00,25000.00,25000.00,25000.00,25000.00,0.00,0.00,0.00,0.00,0.00,15000.00,100000.00,115000.00,
per_sku,GET /planning/uploads/1/,2026-09-01,PRODUCTION PLANING MONTH OF SEP 2026,,1,1,True,aahar831@gmail.com,2026-08-27T05:38:25.427998Z,PLANNING FOR SEP 2026.xlsx,9,6,FG0000032,YES,COLD PRESS 1 LTR 20 PCS,CANOLA,PREMIUM,COLD PRESS,PCS,4777,JIVO,PREMIUM,CANOLA,JIVO CANOLA,COLD PRESS 1 LTR 20 PCS,1.000,20.000,20.000,0.00,0.00,0.00,0.00,0.00,35000.00,8750.00,8750.00,8750.00,8750.00,75000.00,35000.00,110000.00,
per_sku,GET /planning/uploads/1/,2026-09-01,PRODUCTION PLANING MONTH OF SEP 2026,,1,1,True,aahar831@gmail.com,2026-08-27T05:38:25.427998Z,PLANNING FOR SEP 2026.xlsx,158,155,FG0000053,YES,COLD PRESS SUNFLOWER 5 LTR 4 PCS,SUNFLOWER,COMMODITY,COLD PRESS,PCS,3757,JIVO,COMMODITY,SUNFLOWER,JIVO SUNFLOWER,COLD PRESS SUNFLOWER 5 LTR 4 PCS,5.000,20.000,4.000,10000.00,2500.00,2500.00,2500.00,2500.00,0.00,0.00,0.00,0.00,0.00,100000.00,10000.00,110000.00,
per_sku,GET /planning/uploads/1/,2026-09-01,PRODUCTION PLANING MONTH OF SEP 2026,,1,1,True,aahar831@gmail.com,2026-08-27T05:38:25.427998Z,PLANNING FOR SEP 2026.xlsx,19,16,FG0000143,YES,COLD PRESS GROUNDNUT OIL 5 LTR 4 PCS,GROUNDNUT,PREMIUM,COLD PRESS,PCS,3024,JIVO,OTHER PREMIUM,GROUNDNUT,JIVO GROUNDNUT,COLD PRESS GROUNDNUT OIL 5 LTR 4 PCS,5.000,20.000,4.000,0.00,0.00,0.00,0.00,0.00,10000.00,2500.00,2500.00,2500.00,2500.00,90000.00,10000.00,100000.00,
per_sku,GET /planning/uploads/1/,2026-09-01,PRODUCTION PLANING MONTH OF SEP 2026,,1,1,True,aahar831@gmail.com,2026-08-27T05:38:25.427998Z,PLANNING FOR SEP 2026.xlsx,16,13,FG0000005,YES,EXTRA LIGHT OLIVE 1 LTR 16 PCS,OLIVE,PREMIUM,EXTRA LIGHT,PCS,37122,JIVO,PREMIUM,EXTRA LIGHT,JIVO EL,EXTRA LIGHT OLIVE 1 LTR 16 PCS,1.000,16.000,16.000,0.00,0.00,0.00,0.00,0.00,35000.00,8750.00,8750.00,8750.00,8750.00,40000.00,35000.00,75000.00,
per_sku,GET /planning/uploads/1/,2026-09-01,PRODUCTION PLANING MONTH OF SEP 2026,,1,1,True,aahar831@gmail.com,2026-08-27T05:38:25.427998Z,PLANNING FOR SEP 2026.xlsx,151,148,FG0000191,YES,SOYABEAN OIL 15 LTR,SOYABEAN,COMMODITY,REFINED,PCS,41,JIVO,COMMODITY,SOYABEAN,JIVO SOYABEAN,SOYABEAN OIL 15 LTR,15.000,15.000,1.000,75000.00,18750.00,18750.00,18750.00,18750.00,0.00,0.00,0.00,0.00,0.00,0.00,75000.00,75000.00,
per_sku,GET /planning/uploads/1/,2026-09-01,PRODUCTION PLANING MONTH OF SEP 2026,,1,1,True,aahar831@gmail.com,2026-08-27T05:38:25.427998Z,PLANNING FOR SEP 2026.xlsx,10,7,FG0000015,YES,REFINED OIL 15 LTR,CANOLA,PREMIUM,COLD PRESS,PCS,1730,JIVO,PREMIUM,CANOLA,JIVO CANOLA,REFINED OIL 15 LTR,15.000,15.000,1.000,0.00,0.00,0.00,0.00,0.00,60000.00,15000.00,15000.00,15000.00,15000.00,0.00,60000.00,60000.00,
per_sku,GET /planning/uploads/1/,2026-09-01,PRODUCTION PLANING MONTH OF SEP 2026,,1,1,True,aahar831@gmail.com,2026-08-27T05:38:25.427998Z,PLANNING FOR SEP 2026.xlsx,13,10,FG0000150,YES,SANO POMACE OLIVE 1 LTR 16 PCS,OLIVE,PREMIUM,POMACE,PCS,13047,SANO,PREMIUM,POMACE,SANO POMACE,SANO POMACE OLIVE 1 LTR 16 PCS,1.000,16.000,16.000,0.00,0.00,0.00,0.00,0.00,30000.00,7500.00,7500.00,7500.00,7500.00,30000.00,30000.00,60000.00,
per_sku,GET /planning/uploads/1/,2026-09-01,PRODUCTION PLANING MONTH OF SEP 2026,,1,1,True,aahar831@gmail.com,2026-08-27T05:38:25.427998Z,PLANNING FOR SEP 2026.xlsx,7,4,FG0000151,YES,SANO POMACE OLIVE 5 LTR TIN 4 PCS,OLIVE,PREMIUM,POMACE,PCS,4707,SANO,PREMIUM,POMACE,SANO POMACE,SANO POMACE OLIVE 5 LTR TIN 4 PCS,5.000,20.000,4.000,0.00,0.00,0.00,0.00,0.00,35000.00,8750.00,8750.00,8750.00,8750.00,25000.00,35000.00,60000.00,
per_sku,GET /planning/uploads/1/,2026-09-01,PRODUCTION PLANING MONTH OF SEP 2026,,1,1,True,aahar831@gmail.com,2026-08-27T05:38:25.427998Z,PLANNING FOR SEP 2026.xlsx,42,39,FG0000407,YES,COLD PRESS 1 LTR (NIRMAL RISHI )20 PCS,CANOLA,PREMIUM,COLD PRESS,PCS,29467,JIVO,PREMIUM,CANOLA,JIVO CANOLA,COLD PRESS 1 LTR 20 PCS (NIRMAL RISHI),1.000,20.000,20.000,0.00,0.00,0.00,0.00,0.00,60000.00,15000.00,15000.00,15000.00,15000.00,0.00,60000.00,60000.00,
per_sku,GET /planning/uploads/1/,2026-09-01,PRODUCTION PLANING MONTH OF SEP 2026,,1,1,True,aahar831@gmail.com,2026-08-27T05:38:25.427998Z,PLANNING FOR SEP 2026.xlsx,108,105,FG0000422,YES,JIVO MUSTARD KACCHI GHANI 869 GMS 20 PCS,MUSTARD,COMMODITY,MUSTARD KACCHI GHANI,PCS,780,JIVO,COMMODITY,MUSTARD,JIVO MUSTARD,JIVO MUSTARD KACCHI GHANI 869 GMS 20 PCS,1.000,20.000,20.000,60000.00,15000.00,15000.00,15000.00,15000.00,0.00,0.00,0.00,0.00,0.00,0.00,60000.00,60000.00,
per_sku,GET /planning/uploads/1/,2026-09-01,PRODUCTION PLANING MONTH OF SEP 2026,,1,1,True,aahar831@gmail.com,2026-08-27T05:38:25.427998Z,PLANNING FOR SEP 2026.xlsx,95,92,FG0000149,YES,JIVO GOLD 1 LTR 20 PCS,BLENDED,COMMODITY,GOLD,PCS,15,JIVO,COMMODITY,GOLD,JIVO GOLD,JIVO GOLD 1 LTR 20 PCS,1.000,20.000,20.000,5000.00,1250.00,1250.00,1250.00,1250.00,0.00,0.00,0.00,0.00,0.00,50000.00,5000.00,55000.00,
per_sku,GET /planning/uploads/1/,2026-09-01,PRODUCTION PLANING MONTH OF SEP 2026,,1,1,True,aahar831@gmail.com,2026-08-27T05:38:25.427998Z,PLANNING FOR SEP 2026.xlsx,12,9,FG0000306,YES,YELLOW MUSTARD OIL 1 LTR 20 PCS,MUSTARD,PREMIUM,YELLOW MUSTARD,PCS,4947,JIVO,OTHER PREMIUM,YELLOW MUSTARD,YELLOW MUSTARD,YELLOW MUSTARD OIL 1 LTR 20 PCS,1.000,20.000,20.000,0.00,0.00,0.00,0.00,0.00,25000.00,6250.00,6250.00,6250.00,6250.00,30000.00,25000.00,55000.00,
per_sku,GET /planning/uploads/1/,2026-09-01,PRODUCTION PLANING MONTH OF SEP 2026,,1,1,True,aahar831@gmail.com,2026-08-27T05:38:25.427998Z,PLANNING FOR SEP 2026.xlsx,106,103,FG0000178,YES,MUSTARD KACHI GHANI 15 KGS,MUSTARD,COMMODITY,MUSTARD KACCHI GHANI,PCS,263,JIVO,COMMODITY,MUSTARD,JIVO MUSTARD,MUSTARD KACHI GHANI 15 KGS(PRINTED),16.480,16.480,1.000,35000.00,8750.00,8750.00,8750.00,8750.00,0.00,0.00,0.00,0.00,0.00,0.00,35000.00,35000.00,
per_sku,GET /planning/uploads/1/,2026-09-01,PRODUCTION PLANING MONTH OF SEP 2026,,1,1,True,aahar831@gmail.com,2026-08-27T05:38:25.427998Z,PLANNING FOR SEP 2026.xlsx,145,142,FG0000193,YES,SOYABEAN OIL 1 LTR 20 PCS,SOYABEAN,COMMODITY,REFINED,PCS,71,JIVO,COMMODITY,SOYABEAN,JIVO SOYABEAN,SOYABEAN OIL 1 LTR 20 PCS,1.000,20.000,20.000,20000.00,5000.00,5000.00,5000.00,5000.00,0.00,0.00,0.00,0.00,0.00,15000.00,20000.00,35000.00,
per_sku,GET /planning/uploads/1/,2026-09-01,PRODUCTION PLANING MONTH OF SEP 2026,,1,1,True,aahar831@gmail.com,2026-08-27T05:38:25.427998Z,PLANNING FOR SEP 2026.xlsx,22,19,FG0000374,YES,YELLOW MUSTARD OIL 5 LTR TIN 4 PCS,MUSTARD,PREMIUM,YELLOW MUSTARD,PCS,508,JIVO,OTHER PREMIUM,YELLOW MUSTARD,YELLOW MUSTARD,YELLOW MUSTARD OIL 5 LTR TIN 4 PCS,5.000,20.000,4.000,0.00,0.00,0.00,0.00,0.00,8000.00,2000.00,2000.00,2000.00,2000.00,25000.00,8000.00,33000.00,
per_sku,GET /planning/uploads/1/,2026-09-01,PRODUCTION PLANING MONTH OF SEP 2026,,1,1,True,aahar831@gmail.com,2026-08-27T05:38:25.427998Z,PLANNING FOR SEP 2026.xlsx,23,20,FG0000033,YES,COLD PRESS 1 LTR + 1 LTR COMBO 10 SET,CANOLA,PREMIUM,COLD PRESS,PCS,11489,JIVO,PREMIUM,CANOLA,JIVO CANOLA,COLD PRESS 1 LTR + 1 LTR COMBO 10 SET,2.000,20.000,10.000,0.00,0.00,0.00,0.00,0.00,30000.00,7500.00,7500.00,7500.00,7500.00,0.00,30000.00,30000.00,
per_sku,GET /planning/uploads/1/,2026-09-01,PRODUCTION PLANING MONTH OF SEP 2026,,1,1,True,aahar831@gmail.com,2026-08-27T05:38:25.427998Z,PLANNING FOR SEP 2026.xlsx,8,5,FG0000034,YES,EXTRA LIGHT OLIVE 200 LTR 1 PCS,OLIVE,PREMIUM,EXTRA LIGHT,PCS,0,JIVO,PREMIUM,EXTRA LIGHT,JIVO EL,EXTRA LIGHT OLIVE 200 LTR 1 PCS,200.000,200.000,1.000,0.00,0.00,0.00,0.00,0.00,30000.00,7500.00,7500.00,7500.00,7500.00,0.00,30000.00,30000.00,
per_sku,GET /planning/uploads/1/,2026-09-01,PRODUCTION PLANING MONTH OF SEP 2026,,1,1,True,aahar831@gmail.com,2026-08-27T05:38:25.427998Z,PLANNING FOR SEP 2026.xlsx,120,117,FG0000038,YES,MUSTARD KACCHI GHANI 2 LTR 10 PCS,MUSTARD,COMMODITY,MUSTARD KACCHI GHANI,PCS,5307,JIVO,COMMODITY,MUSTARD,JIVO MUSTARD,MUSTARD KACCHI GHANI 2 LTR 10 PCS,2.000,20.000,10.000,30000.00,7500.00,7500.00,7500.00,7500.00,0.00,0.00,0.00,0.00,0.00,0.00,30000.00,30000.00,
per_sku,GET /planning/uploads/1/,2026-09-01,PRODUCTION PLANING MONTH OF SEP 2026,,1,1,True,aahar831@gmail.com,2026-08-27T05:38:25.427998Z,PLANNING FOR SEP 2026.xlsx,96,93,FG0000128,YES,JIVO GOLD 5 LTR 4 PCS,BLENDED,COMMODITY,GOLD,PCS,768,JIVO,COMMODITY,GOLD,JIVO GOLD,JIVO GOLD 5 LTR 4 PCS,5.000,20.000,4.000,5000.00,1250.00,1250.00,1250.00,1250.00,0.00,0.00,0.00,0.00,0.00,25000.00,5000.00,30000.00,
per_sku,GET /planning/uploads/1/,2026-09-01,PRODUCTION PLANING MONTH OF SEP 2026,,1,1,True,aahar831@gmail.com,2026-08-27T05:38:25.427998Z,PLANNING FOR SEP 2026.xlsx,144,141,FG0000192,YES,SOYABEAN OIL 5 LTR 4 PCS,SOYABEAN,COMMODITY,REFINED,PCS,419,JIVO,COMMODITY,SOYABEAN,JIVO SOYABEAN,SOYABEAN OIL 5 LTR 4 PCS,5.000,20.000,4.000,20000.00,5000.00,5000.00,5000.00,5000.00,0.00,0.00,0.00,0.00,0.00,10000.00,20000.00,30000.00,
per_sku,GET /planning/uploads/1/,2026-09-01,PRODUCTION PLANING MONTH OF SEP 2026,,1,1,True,aahar831@gmail.com,2026-08-27T05:38:25.427998Z,PLANNING FOR SEP 2026.xlsx,46,43,FG0000064,YES,EXTRA LIGHT OIVE 2 LTR 10 PCS HANDLE,OLIVE,PREMIUM,EXTRA LIGHT,PCS,160,JIVO,PREMIUM,EXTRA LIGHT,JIVO EL,EXTRA LIGHT OIVE 2 LTR 10 PCS HANDLE,2.000,20.000,10.000,0.00,0.00,0.00,0.00,0.00,2000.00,500.00,500.00,500.00,500.00,25000.00,2000.00,27000.00,
per_sku,GET /planning/uploads/1/,2026-09-01,PRODUCTION PLANING MONTH OF SEP 2026,,1,1,True,aahar831@gmail.com,2026-08-27T05:38:25.427998Z,PLANNING FOR SEP 2026.xlsx,133,130,FG0000226,YES,RICE BRAN OIL 5 LTR 4 PCS,RICE BRAN,COMMODITY,REFINED,PCS,141,JIVO,COMMODITY,RICE BRAN,JIVO RICE BRAIN HEALTH,RICE BRAN OIL 5 LTR 4 PCS,5.000,20.000,4.000,6000.00,1500.00,1500.00,1500.00,1500.00,0.00,0.00,0.00,0.00,0.00,20000.00,6000.00,26000.00,
per_sku,GET /planning/uploads/1/,2026-09-01,PRODUCTION PLANING MONTH OF SEP 2026,,1,1,True,aahar831@gmail.com,2026-08-27T05:38:25.427998Z,PLANNING FOR SEP 2026.xlsx,189,186,FG0000091,YES,COLD PRESS SUNFLOWER 1 LTR +1 LTR COMBO 10 SET PLAIN,SUNFLOWER,COMMODITY,COLD PRESS,PCS,0,JIVO,COMMODITY,SUNFLOWER,JIVO SUNFLOWER,COLD PRESS SUNFLOWER 1 LTR +1 LTR COMBO 10 SET PLAIN,2.000,10.000,20.000,0.00,0.00,0.00,0.00,0.00,0.00,0.00,0.00,0.00,0.00,25000.00,0.00,25000.00,
per_sku,GET /planning/uploads/1/,2026-09-01,PRODUCTION PLANING MONTH OF SEP 2026,,1,1,True,aahar831@gmail.com,2026-08-27T05:38:25.427998Z,PLANNING FOR SEP 2026.xlsx,160,157,FG0000275,YES,COLD PRESS SUNFLOWER OIL 15 LTR,SUNFLOWER,COMMODITY,COLD PRESS,PCS,1356,JIVO,COMMODITY,SUNFLOWER,JIVO SUNFLOWER,COLD PRESS SUNFLOWER OIL 15 LTR,15.000,15.000,1.000,25000.00,6250.00,6250.00,6250.00,6250.00,0.00,0.00,0.00,0.00,0.00,0.00,25000.00,25000.00,
per_sku,GET /planning/uploads/1/,2026-09-01,PRODUCTION PLANING MONTH OF SEP 2026,,1,1,True,aahar831@gmail.com,2026-08-27T05:38:25.427998Z,PLANNING FOR SEP 2026.xlsx,40,37,FG0000324,YES,SESAME OIL 1 LTR 20 PCS,SESAME,PREMIUM,SESAME,PCS,2063,JIVO,OTHER PREMIUM,SESAME,SESAME,SESAME OIL 1 LTR 20 PCS,1.000,16.000,16.000,0.00,0.00,0.00,0.00,0.00,5000.00,1250.00,1250.00,1250.00,1250.00,20000.00,5000.00,25000.00,
per_sku,GET /planning/uploads/1/,2026-09-01,PRODUCTION PLANING MONTH OF SEP 2026,,1,1,True,aahar831@gmail.com,2026-08-27T05:38:25.427998Z,PLANNING FOR SEP 2026.xlsx,188,185,FG0000429,YES,MUSTARD KACHI GHANI 1 LTR + 1 LTR COMBO 10 SET PLAIN,MUSTARD,COMMODITY,MUSTARD KACCHI GHANI,PCS,260,JIVO,COMMODITY,MUSTARD,MUSTARD,MUSTARD KACHI GHANI 1 LTR + 1 LTR COMBO 10 SET PLAIN,2.000,10.000,20.000,0.00,0.00,0.00,0.00,0.00,0.00,0.00,0.00,0.00,0.00,25000.00,0.00,25000.00,
per_sku,GET /planning/uploads/1/,2026-09-01,PRODUCTION PLANING MONTH OF SEP 2026,,1,1,True,aahar831@gmail.com,2026-08-27T05:38:25.427998Z,PLANNING FOR SEP 2026.xlsx,187,184,FG0000009,YES,EXTRA LIGHT OLIVE 5 LTR TIN 4 PCS,OLIVE,PREMIUM,EXTRA LIGHT,PCS,2416,JIVO,PREMIUM,EXTRA LIGHT,JIVO EL,EXTRA LIGHT OLIVE 5 LTR TIN 4 PCS,5.000,20.000,4.000,0.00,0.00,0.00,0.00,0.00,8000.00,2000.00,2000.00,2000.00,2000.00,15000.00,8000.00,23000.00,
per_sku,GET /planning/uploads/1/,2026-09-01,PRODUCTION PLANING MONTH OF SEP 2026,,1,1,True,aahar831@gmail.com,2026-08-27T05:38:25.427998Z,PLANNING FOR SEP 2026.xlsx,21,18,FG0000042,YES,EXTRA VIRGIN OLIVE 1 LTR 16 PCS,OLIVE,PREMIUM,EXTRA VIRGIN,PCS,12871,JIVO,PREMIUM,EXTRA VIRGIN,EXTRA VIRGIN,EXTRA VIRGIN OLIVE 1 LTR 16 PCS,1.000,16.000,16.000,0.00,0.00,0.00,0.00,0.00,12000.00,3000.00,3000.00,3000.00,3000.00,10000.00,12000.00,22000.00,
per_sku,GET /planning/uploads/1/,2026-09-01,PRODUCTION PLANING MONTH OF SEP 2026,,1,1,True,aahar831@gmail.com,2026-08-27T05:38:25.427998Z,PLANNING FOR SEP 2026.xlsx,134,131,FG0000227,YES,RICE BRAN OIL 1 LTR 16 PCS,RICE BRAN,COMMODITY,REFINED,PCS,9309,JIVO,COMMODITY,RICE BRAN,JIVO RICE BRAIN HEALTH,RICE BRAN OIL 1 LTR 16 PCS,1.000,20.000,20.000,6000.00,1500.00,1500.00,1500.00,1500.00,0.00,0.00,0.00,0.00,0.00,15000.00,6000.00,21000.00,
per_sku,GET /planning/uploads/1/,2026-09-01,PRODUCTION PLANING MONTH OF SEP 2026,,1,1,True,aahar831@gmail.com,2026-08-27T05:38:25.427998Z,PLANNING FOR SEP 2026.xlsx,180,177,FG0000441,YES,COLD PRESS GROUNDNUT 200 MLS 70 PCS - BH,GROUNDNUT,PREMIUM,COLD PRESS,PCS,2890,JIVO,OTHER PREMIUM,GROUNDNUT,JIVO GROUNDNUT,COLD PRESS GROUNDNUT 200 MLS 70 PCS - BH,0.200,14.000,70.000,0.00,0.00,0.00,0.00,0.00,0.00,0.00,0.00,0.00,0.00,21000.00,0.00,21000.00,
per_sku,GET /planning/uploads/1/,2026-09-01,PRODUCTION PLANING MONTH OF SEP 2026,,1,1,True,aahar831@gmail.com,2026-08-27T05:38:25.427998Z,PLANNING FOR SEP 2026.xlsx,107,104,FG0000031,YES,MUSTARD PAKKI GHANI 1 LTR 20 PCS,MUSTARD,COMMODITY,MUSTARD PAKKI GHANI,PCS,18837,JIVO,COMMODITY,MUSTARD,MUSTARD PK,MUSTARD PAKKI GHANI 1 LTR 20 PCS,1.000,20.000,20.000,20000.00,5000.00,5000.00,5000.00,5000.00,0.00,0.00,0.00,0.00,0.00,0.00,20000.00,20000.00,
per_sku,GET /planning/uploads/1/,2026-09-01,PRODUCTION PLANING MONTH OF SEP 2026,,1,1,True,aahar831@gmail.com,2026-08-27T05:38:25.427998Z,PLANNING FOR SEP 2026.xlsx,18,15,FG0000043,YES,COLD PRESS 3 LTR 6 PCS,CANOLA,PREMIUM,COLD PRESS,PCS,6468,JIVO,PREMIUM,CANOLA,JIVO CANOLA,COLD PRESS 3 LTR 6 PCS,3.000,18.000,6.000,0.00,0.00,0.00,0.00,0.00,20000.00,5000.00,5000.00,5000.00,5000.00,0.00,20000.00,20000.00,
per_sku,GET /planning/uploads/1/,2026-09-01,PRODUCTION PLANING MONTH OF SEP 2026,,1,1,True,aahar831@gmail.com,2026-08-27T05:38:25.427998Z,PLANNING FOR SEP 2026.xlsx,104,101,FG0000106,YES,MUSTARD KACHHI GHANI 1 LTR POUCH 12 PCS,MUSTARD,COMMODITY,MUSTARD KACCHI GHANI,PCS,16183,JIVO,COMMODITY,MUSTARD,JIVO MUSTARD,MUSTARD KACHHI GHANI 1 LTR POUCH 12 PCS,1.000,12.000,12.000,20000.00,5000.00,5000.00,5000.00,5000.00,0.00,0.00,0.00,0.00,0.00,0.00,20000.00,20000.00,
per_sku,GET /planning/uploads/1/,2026-09-01,PRODUCTION PLANING MONTH OF SEP 2026,,1,1,True,aahar831@gmail.com,2026-08-27T05:38:25.427998Z,PLANNING FOR SEP 2026.xlsx,172,169,FG0000419,YES,COLD PRESS GROUNDNUT OIL 2 LTR 10 PCS HANDLE,GROUNDNUT,PREMIUM,COLD PRESS,PCS,0,JIVO,OTHER PREMIUM,GROUNDNUT,JIVO GROUNDNUT,COLD PRESS GROUNDNUT OIL 2 LTR 10 PCS HANDLE,2.000,20.000,10.000,0.00,0.00,0.00,0.00,0.00,0.00,0.00,0.00,0.00,0.00,20000.00,0.00,20000.00,
per_sku,GET /planning/uploads/1/,2026-09-01,PRODUCTION PLANING MONTH OF SEP 2026,,1,1,True,aahar831@gmail.com,2026-08-27T05:38:25.427998Z,PLANNING FOR SEP 2026.xlsx,123,120,FG0000232,YES,SO OLIVE OIL 5 LTR 4 PCS,BLENDED,PREMIUM,SO OLIVE,PCS,128,SO OLIVE,COMMODITY,OLIVE,SO OLIVE,SO OLIVE OIL 5 LTR 4 PCS,5.000,20.000,4.000,2000.00,500.00,500.00,500.00,500.00,0.00,0.00,0.00,0.00,0.00,15000.00,2000.00,17000.00,
per_sku,GET /planning/uploads/1/,2026-09-01,PRODUCTION PLANING MONTH OF SEP 2026,,1,1,True,aahar831@gmail.com,2026-08-27T05:38:25.427998Z,PLANNING FOR SEP 2026.xlsx,51,48,FG0000228,YES,SO OLIVE OIL 1 LTR 16 PCS,BLENDED,PREMIUM,SO OLIVE,PCS,776,SO OLIVE,OTHER PREMIUM,BLENDED,SO OLIVE,SO OLIVE OIL 1 LTR 16 PCS,1.000,16.000,16.000,0.00,0.00,0.00,0.00,0.00,0.00,0.00,0.00,0.00,0.00,15000.00,0.00,15000.00,
per_sku,GET /planning/uploads/1/,2026-09-01,PRODUCTION PLANING MONTH OF SEP 2026,,1,1,True,aahar831@gmail.com,2026-08-27T05:38:25.427998Z,PLANNING FOR SEP 2026.xlsx,6,3,FG0000328,YES,SANO POMACE OLIVE 200 LTR 1 PCS,OLIVE,PREMIUM,POMACE,PCS,10,SANO,PREMIUM,POMACE,JIVO POMACE,SANO POMACE OLIVE 200 LTR 1 PCS,200.000,200.000,1.000,0.00,0.00,0.00,0.00,0.00,15000.00,3750.00,3750.00,3750.00,3750.00,0.00,15000.00,15000.00,
per_sku,GET /planning/uploads/1/,2026-09-01,PRODUCTION PLANING MONTH OF SEP 2026,,1,1,True,aahar831@gmail.com,2026-08-27T05:38:25.427998Z,PLANNING FOR SEP 2026.xlsx,102,99,FG0000379,YES,MUSTARD KACHI GHANI 1 LTR 20 PCS ROUND BOTTLE,MUSTARD,COMMODITY,MUSTARD KACCHI GHANI,PCS,118,JIVO,COMMODITY,MUSTARD,JIVO MUSTARD,MUSTARD KACHI GHANI 1 LTR 20 PCS ROUND BOTTLE,1.000,20.000,20.000,15000.00,3750.00,3750.00,3750.00,3750.00,0.00,0.00,0.00,0.00,0.00,0.00,15000.00,15000.00,
per_sku,GET /planning/uploads/1/,2026-09-01,PRODUCTION PLANING MONTH OF SEP 2026,,1,1,True,aahar831@gmail.com,2026-08-27T05:38:25.427998Z,PLANNING FOR SEP 2026.xlsx,110,107,FG0000012,YES,MUSTARD PAKKI GHANI 5 LTR 4 PCS,MUSTARD,COMMODITY,MUSTARD PAKKI GHANI,PCS,1869,JIVO,COMMODITY,MUSTARD,MUSTARD PK,MUSTARD PAKKI GHANI 5 LTR 4 PCS,5.000,20.000,4.000,12000.00,3000.00,3000.00,3000.00,3000.00,0.00,0.00,0.00,0.00,0.00,0.00,12000.00,12000.00,
per_sku,GET /planning/uploads/1/,2026-09-01,PRODUCTION PLANING MONTH OF SEP 2026,,1,1,True,aahar831@gmail.com,2026-08-27T05:38:25.427998Z,PLANNING FOR SEP 2026.xlsx,122,119,FG0000029,YES,MUSTARD PAKKI GHANI 2 LTR 10 PCS,MUSTARD,COMMODITY,MUSTARD PAKKI GHANI,PCS,2160,JIVO,COMMODITY,MUSTARD,MUSTARD PK,MUSTARD PAKKI GHANI 2 LTR 10 PCS,2.000,20.000,10.000,12000.00,3000.00,3000.00,3000.00,3000.00,0.00,0.00,0.00,0.00,0.00,0.00,12000.00,12000.00,
per_sku,GET /planning/uploads/1/,2026-09-01,PRODUCTION PLANING MONTH OF SEP 2026,,1,1,True,aahar831@gmail.com,2026-08-27T05:38:25.427998Z,PLANNING FOR SEP 2026.xlsx,25,22,FG0000021,YES,REFINED OIL 1 LTR POUCH 12 PCS,CANOLA,PREMIUM,REFINED,PCS,6229,JIVO,PREMIUM,CANOLA,JIVO CANOLA,REFINED OIL 1 LTR POUCH 12 PCS,1.000,12.000,12.000,0.00,0.00,0.00,0.00,0.00,3000.00,750.00,750.00,750.00,750.00,8000.00,3000.00,11000.00,
per_sku,GET /planning/uploads/1/,2026-09-01,PRODUCTION PLANING MONTH OF SEP 2026,,1,1,True,aahar831@gmail.com,2026-08-27T05:38:25.427998Z,PLANNING FOR SEP 2026.xlsx,44,41,FG0000074,YES,EXTRA VIRGIN OLIVE 5 LTR TIN 4 PCS IMPORTED,OLIVE,PREMIUM,EXTRA VIRGIN,PCS,1288,JIVO,PREMIUM,EXTRA VIRGIN,EXTRA VIRGIN,EXTRA VIRGIN OLIVE 5 LTR TIN 4 PCS IMPORTED,5.000,20.000,4.000,0.00,0.00,0.00,0.00,0.00,5000.00,1250.00,1250.00,1250.00,1250.00,5000.00,5000.00,10000.00,
per_sku,GET /planning/uploads/1/,2026-09-01,PRODUCTION PLANING MONTH OF SEP 2026,,1,1,True,aahar831@gmail.com,2026-08-27T05:38:25.427998Z,PLANNING FOR SEP 2026.xlsx,137,134,FG0000132,YES,RICE BRAN OIL 15 LTR,RICE BRAN,COMMODITY,REFINED,PCS,0,JIVO,COMMODITY,RICE BRAN,JIVO RICE BRAN,RICE BRAN OIL 15 LTR,15.000,15.000,1.000,10000.00,2500.00,2500.00,2500.00,2500.00,0.00,0.00,0.00,0.00,0.00,0.00,10000.00,10000.00,
per_sku,GET /planning/uploads/1/,2026-09-01,PRODUCTION PLANING MONTH OF SEP 2026,,1,1,True,aahar831@gmail.com,2026-08-27T05:38:25.427998Z,PLANNING FOR SEP 2026.xlsx,43,40,FG0000189,YES,ZANO POMACE OLIVE 1 LTR 16 PCS,OLIVE,PREMIUM,POMACE,PCS,1677,ZANO,PREMIUM,POMACE,ZANO POMACE,ZANO POMACE OLIVE 1 LTR 16 PCS,1.000,16.000,16.000,0.00,0.00,0.00,0.00,0.00,10000.00,2500.00,2500.00,2500.00,2500.00,0.00,10000.00,10000.00,
per_sku,GET /planning/uploads/1/,2026-09-01,PRODUCTION PLANING MONTH OF SEP 2026,,1,1,True,aahar831@gmail.com,2026-08-27T05:38:25.427998Z,PLANNING FOR SEP 2026.xlsx,136,133,FG0000445,YES,RICE BRAN OIL 15 KG,RICE BRAN,COMMODITY,REFINED,PCS,0,JIVO,COMMODITY,RICE BRAN,JIVO RICE BRAN,RICE BRAN OIL 15 KGS,16.484,16.484,1.000,10000.00,2500.00,2500.00,2500.00,2500.00,0.00,0.00,0.00,0.00,0.00,0.00,10000.00,10000.00,
per_sku,GET /planning/uploads/1/,2026-09-01,PRODUCTION PLANING MONTH OF SEP 2026,,1,1,True,aahar831@gmail.com,2026-08-27T05:38:25.427998Z,PLANNING FOR SEP 2026.xlsx,125,122,FG0000114,YES,POMACE OLIVE 2 LTR 10 PCS HANDLE,OLIVE,PREMIUM,POMACE,PCS,262,JIVO,PREMIUM,POMACE,JIVO POMACE,POMACE OLIVE 2 LTR 10 PCS HANDLE,2.000,20.000,10.000,0.00,0.00,0.00,0.00,0.00,0.00,0.00,0.00,0.00,0.00,8000.00,0.00,8000.00,
per_sku,GET /planning/uploads/1/,2026-09-01,PRODUCTION PLANING MONTH OF SEP 2026,,1,1,True,aahar831@gmail.com,2026-08-27T05:38:25.427998Z,PLANNING FOR SEP 2026.xlsx,81,78,FG0000158,YES,REFINED COTTON SEED OIL 15 LTR,COTTON SEED,COMMODITY,REFINED,PCS,0,JIVO,COMMODITY,COTTONSEED,COTTONSEED,REFINED COTTON SEED OIL 15 LTR,15.000,15.000,1.000,8000.00,2000.00,2000.00,2000.00,2000.00,0.00,0.00,0.00,0.00,0.00,0.00,8000.00,8000.00,
per_sku,GET /planning/uploads/1/,2026-09-01,PRODUCTION PLANING MONTH OF SEP 2026,,1,1,True,aahar831@gmail.com,2026-08-27T05:38:25.427998Z,PLANNING FOR SEP 2026.xlsx,11,8,FG0000367,YES,SANO POMACE OLIVE OIL 15 L,OLIVE,PREMIUM,POMACE,PCS,421,SANO,PREMIUM,POMACE,SANO POMACE,SANO POMACE OLIVE OIL 15 L,15.000,15.000,1.000,0.00,0.00,0.00,0.00,0.00,8000.00,2000.00,2000.00,2000.00,2000.00,0.00,8000.00,8000.00,
per_sku,GET /planning/uploads/1/,2026-09-01,PRODUCTION PLANING MONTH OF SEP 2026,,1,1,True,aahar831@gmail.com,2026-08-27T05:38:25.427998Z,PLANNING FOR SEP 2026.xlsx,36,33,FG0000116,YES,EXTRA VIRGIN COCONUT OIL 1 LTR 16 PCS,COCONUT,PREMIUM,EXTRA VIRGIN,PCS,4,JIVO,PREMIUM,COCONUT,EV COCONUT,EXTRA VIRGIN COCONUT OIL 1 LTR 16 PCS,1.000,16.000,16.000,0.00,0.00,0.00,0.00,0.00,1000.00,250.00,250.00,250.00,250.00,5000.00,1000.00,6000.00,
per_sku,GET /planning/uploads/1/,2026-09-01,PRODUCTION PLANING MONTH OF SEP 2026,,1,1,True,aahar831@gmail.com,2026-08-27T05:38:25.427998Z,PLANNING FOR SEP 2026.xlsx,127,124,FG0000372,YES,POMACE OLIVE 3 LTR TIN 2 PCS,OLIVE,PREMIUM,POMACE,PCS,34,JIVO,PREMIUM,POMACE,JIVO POMACE,POMACE OLIVE 3 LTR TIN 6 PCS,3.000,18.000,6.000,0.00,0.00,0.00,0.00,0.00,0.00,0.00,0.00,0.00,0.00,6000.00,0.00,6000.00,
per_sku,GET /planning/uploads/1/,2026-09-01,PRODUCTION PLANING MONTH OF SEP 2026,,1,1,True,aahar831@gmail.com,2026-08-27T05:38:25.427998Z,PLANNING FOR SEP 2026.xlsx,109,106,FG0000026,YES,MUSTARD KACCHI GHANI 15 LTR,MUSTARD,COMMODITY,MUSTARD KACCHI GHANI,PCS,0,JIVO,COMMODITY,MUSTARD,JIVO MUSTARD,MUSTARD KACCHI GHANI 15 LTR,15.000,15.000,1.000,5000.00,1250.00,1250.00,1250.00,1250.00,0.00,0.00,0.00,0.00,0.00,0.00,5000.00,5000.00,
per_sku,GET /planning/uploads/1/,2026-09-01,PRODUCTION PLANING MONTH OF SEP 2026,,1,1,True,aahar831@gmail.com,2026-08-27T05:38:25.427998Z,PLANNING FOR SEP 2026.xlsx,72,69,FG0000035,YES,COLD PRESS 500 MLS 24 PCS,CANOLA,PREMIUM,COLD PRESS,PCS,984,JIVO,PREMIUM,CANOLA,JIVO CANOLA,COLD PRESS 500 MLS 24 PCS,0.500,12.000,24.000,0.00,0.00,0.00,0.00,0.00,0.00,0.00,0.00,0.00,0.00,5000.00,0.00,5000.00,
per_sku,GET /planning/uploads/1/,2026-09-01,PRODUCTION PLANING MONTH OF SEP 2026,,1,1,True,aahar831@gmail.com,2026-08-27T05:38:25.427998Z,PLANNING FOR SEP 2026.xlsx,20,17,FG0000070,YES,COLD PRESS 2 LTR 10 PCS HANDLE,CANOLA,PREMIUM,COLD PRESS,PCS,2506,JIVO,PREMIUM,CANOLA,JIVO CANOLA,COLD PRESS 2 LTR 10 PCS HANDLE,2.000,20.000,10.000,0.00,0.00,0.00,0.00,0.00,5000.00,1250.00,1250.00,1250.00,1250.00,0.00,5000.00,5000.00,
per_sku,GET /planning/uploads/1/,2026-09-01,PRODUCTION PLANING MONTH OF SEP 2026,,1,1,True,aahar831@gmail.com,2026-08-27T05:38:25.427998Z,PLANNING FOR SEP 2026.xlsx,60,57,FG0000088,YES,COLD PRESS 1 LTR +1 LTR COMBO 10 SET PLAIN,CANOLA,PREMIUM,COLD PRESS,PCS,1697,JIVO,PREMIUM,CANOLA,JIVO CANOLA,COLD PRESS 1 LTR +1 LTR COMBO 10 SET PLAIN,2.000,20.000,10.000,0.00,0.00,0.00,0.00,0.00,0.00,0.00,0.00,0.00,0.00,5000.00,0.00,5000.00,
per_sku,GET /planning/uploads/1/,2026-09-01,PRODUCTION PLANING MONTH OF SEP 2026,,1,1,True,aahar831@gmail.com,2026-08-27T05:38:25.427998Z,PLANNING FOR SEP 2026.xlsx,175,172,FG0000440,YES,FIRST PRESSED SUNFLOWER OIL 1 LTR 20 PCS,SUNFLOWER,COMMODITY,COLD PRESS,PCS,0,JIVO,COMMODITY,SUNFLOWER,JIVO SUNFLOWER,FIRST PRESSED SUNFLOWER OIL 1 LTR 20 PCS,1.000,20.000,20.000,0.00,0.00,0.00,0.00,0.00,0.00,0.00,0.00,0.00,0.00,5000.00,0.00,5000.00,
per_sku,GET /planning/uploads/1/,2026-09-01,PRODUCTION PLANING MONTH OF SEP 2026,,1,1,True,aahar831@gmail.com,2026-08-27T05:38:25.427998Z,PLANNING FOR SEP 2026.xlsx,174,171,FG0000443,YES,FIRST PRESSED MUSTARD OIL 1 LTR 20 PCS,MUSTARD,COMMODITY,MUSTARD KACCHI GHANI,PCS,95,JIVO,COMMODITY,MUSTARD,MUSTARD,FIRST PRESSED MUSTARD OIL 1 LTR 20 PCS,1.000,20.000,20.000,0.00,0.00,0.00,0.00,0.00,0.00,0.00,0.00,0.00,0.00,5000.00,0.00,5000.00,
per_sku,GET /planning/uploads/1/,2026-09-01,PRODUCTION PLANING MONTH OF SEP 2026,,1,1,True,aahar831@gmail.com,2026-08-27T05:38:25.427998Z,PLANNING FOR SEP 2026.xlsx,177,174,FG0000448,YES,MUSTARD KACHI GHANI 500 ML 24 PCS,MUSTARD,COMMODITY,MUSTARD KACCHI GHANI,PCS,0,JIVO,COMMODITY,MUSTARD,MUSTARD,MUSTARD KACHI GHANI 500 ML 24 PCS,0.500,12.000,24.000,0.00,0.00,0.00,0.00,0.00,0.00,0.00,0.00,0.00,0.00,5000.00,0.00,5000.00,
per_sku,GET /planning/uploads/1/,2026-09-01,PRODUCTION PLANING MONTH OF SEP 2026,,1,1,True,aahar831@gmail.com,2026-08-27T05:38:25.427998Z,PLANNING FOR SEP 2026.xlsx,176,173,FG0000449,YES,MUSTARD KACHI GHANI 200 ML 70 PCS,MUSTARD,COMMODITY,MUSTARD KACCHI GHANI,PCS,0,JIVO,COMMODITY,MUSTARD,MUSTARD,MUSTARD KACHI GHANI 200 ML 35 PCS,0.200,7.000,35.000,0.00,0.00,0.00,0.00,0.00,0.00,0.00,0.00,0.00,0.00,5000.00,0.00,5000.00,
per_sku,GET /planning/uploads/1/,2026-09-01,PRODUCTION PLANING MONTH OF SEP 2026,,1,1,True,aahar831@gmail.com,2026-08-27T05:38:25.427998Z,PLANNING FOR SEP 2026.xlsx,178,175,FG0000451,YES,COLD PRESS SUNFLOWER OIL 200 ML 70 PCS,SUNFLOWER,PREMIUM,COLD PRESS,PCS,0,JIVO,COMMODITY,SUNFLOWER,JIVO SUNFLOWER,COLD PRESS SUNFLOWER OIL 200 ML 35 PCS,0.200,7.000,35.000,0.00,0.00,0.00,0.00,0.00,0.00,0.00,0.00,0.00,0.00,5000.00,0.00,5000.00,
per_sku,GET /planning/uploads/1/,2026-09-01,PRODUCTION PLANING MONTH OF SEP 2026,,1,1,True,aahar831@gmail.com,2026-08-27T05:38:25.427998Z,PLANNING FOR SEP 2026.xlsx,173,170,FG0000452,YES,SESAME OIL 500 MLS 12 PCS,SESAME,PREMIUM,SESAME,PCS,0,JIVO,OTHER PREMIUM,SESAME,SESAME,SESAME OIL 500 MLS 12 PCS,0.500,6.000,12.000,0.00,0.00,0.00,0.00,0.00,0.00,0.00,0.00,0.00,0.00,5000.00,0.00,5000.00,
per_sku,GET /planning/uploads/1/,2026-09-01,PRODUCTION PLANING MONTH OF SEP 2026,,1,1,True,aahar831@gmail.com,2026-08-27T05:38:25.427998Z,PLANNING FOR SEP 2026.xlsx,179,176,FG0000454,YES,COLD PRESS GROUNDNUT 500 MLS 24 PCS,GROUNDNUT,PREMIUM,COLD PRESS,PCS,576,JIVO,OTHER PREMIUM,GROUNDNUT,JIVO GROUNDNUT,COLD PRESS GROUNDNUT 500 MLS 24 PCS,0.500,12.000,24.000,0.00,0.00,0.00,0.00,0.00,0.00,0.00,0.00,0.00,0.00,5000.00,0.00,5000.00,
per_sku,GET /planning/uploads/1/,2026-09-01,PRODUCTION PLANING MONTH OF SEP 2026,,1,1,True,aahar831@gmail.com,2026-08-27T05:38:25.427998Z,PLANNING FOR SEP 2026.xlsx,61,58,FG0000362,YES,LA RASOI COLD PRESSED CANOLA OIL 2 LTR 10 PCS HANDLE,CANOLA,PREMIUM,COLD PRESS,PCS,30,LA RASOI,PREMIUM,CANOLA,LA RASOI CANOLA,LA RASOI COLD PRESSED CANOLA OIL 2 LTR 10 PCS HANDLE,2.000,20.000,10.000,0.00,0.00,0.00,0.00,0.00,4000.00,4000.00,0.00,0.00,0.00,0.00,4000.00,4000.00,
per_sku,GET /planning/uploads/1/,2026-09-01,PRODUCTION PLANING MONTH OF SEP 2026,,1,1,True,aahar831@gmail.com,2026-08-27T05:38:25.427998Z,PLANNING FOR SEP 2026.xlsx,112,109,FG0000363,YES,LA RASOI COLD PRESSED MUSTARD KACHI GHANI OIL 2 LTR 10 PCS HANDLE,MUSTARD,COMMODITY,MUSTARD KACCHI GHANI,PCS,0,LA RASOI,COMMODITY,MUSTARD,LA RASOI MUSTARD,LA RASOI COLD PRESSED MUSTARD KACHI GHANI OIL 2 LTR 10 PCS HANDLE,2.000,20.000,10.000,4000.00,1000.00,1000.00,1000.00,1000.00,0.00,0.00,0.00,0.00,0.00,0.00,4000.00,4000.00,
per_sku,GET /planning/uploads/1/,2026-09-01,PRODUCTION PLANING MONTH OF SEP 2026,,1,1,True,aahar831@gmail.com,2026-08-27T05:38:25.427998Z,PLANNING FOR SEP 2026.xlsx,45,42,FG0000187,YES,ZANO EXTRA VIRGIN OLIVE1 LTR 16 PCS,OLIVE,PREMIUM,EXTRA VIRGIN,PCS,1232,ZANO,PREMIUM,EXTRA VIRGIN,ZANO EXTRA VIRGIN,ZANO EXTRA VIRGIN OLIVE1 LTR 16 PCS,1.000,16.000,16.000,0.00,0.00,0.00,0.00,0.00,3000.00,750.00,750.00,750.00,750.00,0.00,3000.00,3000.00,
per_sku,GET /planning/uploads/1/,2026-09-01,PRODUCTION PLANING MONTH OF SEP 2026,,1,1,True,aahar831@gmail.com,2026-08-27T05:38:25.427998Z,PLANNING FOR SEP 2026.xlsx,86,83,FG0000370,YES,EXTRA LIGHT OLIVE 3 LTR TIN 2 PCS,OLIVE,PREMIUM,EXTRA LIGHT,PCS,79,JIVO,PREMIUM,EXTRA LIGHT,EXTRA LIGHT,EXTRA LIGHT OLIVE 3 LTR TIN 6 PCS,3.000,18.000,6.000,0.00,0.00,0.00,0.00,0.00,0.00,0.00,0.00,0.00,0.00,3000.00,0.00,3000.00,
per_sku,GET /planning/uploads/1/,2026-09-01,PRODUCTION PLANING MONTH OF SEP 2026,,1,1,True,aahar831@gmail.com,2026-08-27T05:38:25.427998Z,PLANNING FOR SEP 2026.xlsx,118,115,FG0000137,YES,SANO MUSTARD OIL 5 LTR 4 PCS,MUSTARD,COMMODITY,MUSTARD KACCHI GHANI,PCS,0,SANO,COMMODITY,MUSTARD,SANO MUSTARD,SANO MUSTARD OIL 5 LTR 4 PCS,5.000,20.000,4.000,2000.00,500.00,500.00,500.00,500.00,0.00,0.00,0.00,0.00,0.00,0.00,2000.00,2000.00,
per_sku,GET /planning/uploads/1/,2026-09-01,PRODUCTION PLANING MONTH OF SEP 2026,,1,1,True,aahar831@gmail.com,2026-08-27T05:38:25.427998Z,PLANNING FOR SEP 2026.xlsx,91,88,FG0000155,YES,EXTRA VIRGIN 2 LTR 10 PCS HANDLE,OLIVE,PREMIUM,EXTRA VIRGIN,PCS,660,JIVO,PREMIUM,EXTRA VIRGIN,EXTRA VIRGIN,EXTRA VIRGIN 2 LTR 10 PCS HANDLE,2.000,20.000,10.000,0.00,0.00,0.00,0.00,0.00,0.00,0.00,0.00,0.00,0.00,2000.00,0.00,2000.00,
per_sku,GET /planning/uploads/1/,2026-09-01,PRODUCTION PLANING MONTH OF SEP 2026,,1,1,True,aahar831@gmail.com,2026-08-27T05:38:25.427998Z,PLANNING FOR SEP 2026.xlsx,48,45,FG0000006,YES,POMACE OLIVE 200 LTR 1 PCS,OLIVE,PREMIUM,POMACE,DRM,2,JIVO,PREMIUM,POMACE,POMACE,POMACE OLIVE 200 LTR 1 PCS,200.000,200.000,1.000,0.00,0.00,0.00,0.00,0.00,1000.00,250.00,250.00,250.00,250.00,0.00,1000.00,1000.00,
per_sku,GET /planning/uploads/1/,2026-09-01,PRODUCTION PLANING MONTH OF SEP 2026,,1,1,True,aahar831@gmail.com,2026-08-27T05:38:25.427998Z,PLANNING FOR SEP 2026.xlsx,47,44,FG0000352,YES,SESAME OIL (TOASTED) 500 MLS 12 PCS,SESAME,PREMIUM,SESAME,PCS,897,JIVO,OTHER PREMIUM,SESAME,SESAME,SESAME OIL (TOASTED) 500 MLS 12 PCS,0.500,6.000,12.000,0.00,0.00,0.00,0.00,0.00,1000.00,250.00,250.00,250.00,250.00,0.00,1000.00,1000.00,
per_sku,GET /planning/uploads/1/,2026-09-01,PRODUCTION PLANING MONTH OF SEP 2026,,1,1,True,aahar831@gmail.com,2026-08-27T05:38:25.427998Z,PLANNING FOR SEP 2026.xlsx,38,35,FG0000039,YES,EXTRA LIGHT OLIVE 500 MLS 24 PCS,OLIVE,PREMIUM,EXTRA LIGHT,PCS,1234,JIVO,PREMIUM,EXTRA LIGHT,JIVO EL,EXTRA LIGHT OLIVE 500 MLS 24 PCS,0.500,12.000,24.000,0.00,0.00,0.00,0.00,0.00,500.00,125.00,125.00,125.00,125.00,0.00,500.00,500.00,
per_sku,GET /planning/uploads/1/,2026-09-01,PRODUCTION PLANING MONTH OF SEP 2026,,1,1,True,aahar831@gmail.com,2026-08-27T05:38:25.427998Z,PLANNING FOR SEP 2026.xlsx,49,46,FG0000112,YES,EXTRA VIRGIN OLIVE 250 MLS 4 PCS,OLIVE,PREMIUM,EXTRA VIRGIN,PCS,1644,JIVO,PREMIUM,EXTRA VIRGIN,EXTRA VIRGIN,EXTRA VIRGIN OLIVE 250 MLS 4 PCS,0.250,1.000,4.000,0.00,0.00,0.00,0.00,0.00,500.00,125.00,125.00,125.00,125.00,0.00,500.00,500.00,
per_sku,GET /planning/uploads/1/,2026-09-01,PRODUCTION PLANING MONTH OF SEP 2026,,1,1,True,aahar831@gmail.com,2026-08-27T05:38:25.427998Z,PLANNING FOR SEP 2026.xlsx,37,34,FG0000157,YES,EXTRA VIRGIN COCONUT OIL 500 MLS 24 PCS,COCONUT,PREMIUM,EXTRA VIRGIN,PCS,1024,JIVO,PREMIUM,COCONUT,EV COCONUT,EXTRA VIRGIN COCONUT OIL 500 MLS 24 PCS,0.500,12.000,24.000,0.00,0.00,0.00,0.00,0.00,500.00,125.00,125.00,125.00,125.00,0.00,500.00,500.00,
per_sku,GET /planning/uploads/1/,2026-09-01,PRODUCTION PLANING MONTH OF SEP 2026,,1,1,True,aahar831@gmail.com,2026-08-27T05:38:25.427998Z,PLANNING FOR SEP 2026.xlsx,50,47,FG0000282,YES,EXTRA VIRGIN COCONUT OIL 200 MLS 6 PCS,COCONUT,PREMIUM,EXTRA VIRGIN,PCS,1582,JIVO,PREMIUM,COCONUT,COCONUT,EXTRA VIRGIN COCONUT OIL 200 MLS 6 PCS,0.200,1.200,6.000,0.00,0.00,0.00,0.00,0.00,500.00,125.00,125.00,125.00,125.00,0.00,500.00,500.00,
per_sku,GET /planning/uploads/1/,2026-09-01,PRODUCTION PLANING MONTH OF SEP 2026,,1,1,True,aahar831@gmail.com,2026-08-27T05:38:25.427998Z,PLANNING FOR SEP 2026.xlsx,184,181,FG0000381,YES,EXTRA VIRGIN OLIVE OIL 10ML,OLIVE,PREMIUM,EXTRA VIRGIN,PCS,1395,JIVO,PREMIUM,EXTRA VIRGIN,EXTRA VIRGIN,EXTRA VIRGIN OLIVE OIL 10ML,0.010,0.010,1.000,0.00,0.00,0.00,0.00,0.00,300.00,300.00,0.00,0.00,0.00,0.00,300.00,300.00,
per_sku,GET /planning/uploads/1/,2026-09-01,PRODUCTION PLANING MONTH OF SEP 2026,,1,1,True,aahar831@gmail.com,2026-08-27T05:38:25.427998Z,PLANNING FOR SEP 2026.xlsx,70,67,FG0000002,YES,COLD PRESS 5 LTR + COLD PRESS 1 LTR 4 PCS,CANOLA,PREMIUM,COLD PRESS,PCS,20,JIVO,PREMIUM,CANOLA,JIVO CANOLA,COLD PRESS 5 LTR + COLD PRESS 1 LTR 4 PCS,5.000,20.000,4.000,0.00,0.00,0.00,0.00,0.00,0.00,0.00,0.00,0.00,0.00,0.00,0.00,0.00,
per_sku,GET /planning/uploads/1/,2026-09-01,PRODUCTION PLANING MONTH OF SEP 2026,,1,1,True,aahar831@gmail.com,2026-08-27T05:38:25.427998Z,PLANNING FOR SEP 2026.xlsx,26,23,FG0000003,YES,COLD PRESS 5 LTR + EXTRA LIGHT OLIVE 1 LTR 4 PCS,CANOLA,PREMIUM,COLD PRESS,PCS,768,JIVO,PREMIUM,CANOLA,JIVO CANOLA,COLD PRESS 5 LTR + EXTRA LIGHT OLIVE 1 LTR 4 PCS,5.000,20.000,4.000,0.00,0.00,0.00,0.00,0.00,0.00,0.00,0.00,0.00,0.00,0.00,0.00,0.00,
per_sku,GET /planning/uploads/1/,2026-09-01,PRODUCTION PLANING MONTH OF SEP 2026,,1,1,True,aahar831@gmail.com,2026-08-27T05:38:25.427998Z,PLANNING FOR SEP 2026.xlsx,17,14,FG0000013,YES,REFINED OIL 1000 MLS,CANOLA,PREMIUM,REFINED,PCS,9.55,JIVO,PREMIUM,CSD,JIVO CANOLA,REFINED OIL 1000 MLS,20.000,20.000,1.000,0.00,0.00,0.00,0.00,0.00,0.00,0.00,0.00,0.00,0.00,0.00,0.00,0.00,
per_sku,GET /planning/uploads/1/,2026-09-01,PRODUCTION PLANING MONTH OF SEP 2026,,1,1,True,aahar831@gmail.com,2026-08-27T05:38:25.427998Z,PLANNING FOR SEP 2026.xlsx,132,129,FG0000014,YES,MINIATURE OLIVE 100 MLS 24 PCS,OLIVE,PREMIUM,MINIATURE,PCS,4898,JIVO,PREMIUM,PURE,OLIVE,MINIATURE OLIVE 100 MLS 24 PCS,0.100,2.400,24.000,0.00,0.00,0.00,0.00,0.00,0.00,0.00,0.00,0.00,0.00,0.00,0.00,0.00,
per_sku,GET /planning/uploads/1/,2026-09-01,PRODUCTION PLANING MONTH OF SEP 2026,,1,1,True,aahar831@gmail.com,2026-08-27T05:38:25.427998Z,PLANNING FOR SEP 2026.xlsx,15,12,FG0000016,YES,REFINED OIL 2 LTR,CANOLA,PREMIUM,REFINED,PCS,24,JIVO,PREMIUM,CSD,JIVO CANOLA,REFINED OIL 2 LTR,20.000,20.000,1.000,0.00,0.00,0.00,0.00,0.00,0.00,0.00,0.00,0.00,0.00,0.00,0.00,0.00,
per_sku,GET /planning/uploads/1/,2026-09-01,PRODUCTION PLANING MONTH OF SEP 2026,,1,1,True,aahar831@gmail.com,2026-08-27T05:38:25.427998Z,PLANNING FOR SEP 2026.xlsx,62,59,FG0000018,YES,COLD PRESS 5 LTR + COLD PRESS 1 LTR 3 PCS SHRINKED,CANOLA,PREMIUM,COLD PRESS,PCS,58,JIVO,PREMIUM,CANOLA,JIVO CANOLA,COLD PRESS 5 LTR + COLD PRESS 1 LTR 3 PCS SHRINKED,6.000,18.000,3.000,0.00,0.00,0.00,0.00,0.00,0.00,0.00,0.00,0.00,0.00,0.00,0.00,0.00,
per_sku,GET /planning/uploads/1/,2026-09-01,PRODUCTION PLANING MONTH OF SEP 2026,,1,1,True,aahar831@gmail.com,2026-08-27T05:38:25.427998Z,PLANNING FOR SEP 2026.xlsx,14,11,FG0000020,YES,REFINED OIL 5 LTR,CANOLA,PREMIUM,REFINED,PCS,46.75,JIVO,PREMIUM,CSD,JIVO CANOLA,REFINED OIL 5 LTR,20.000,20.000,1.000,0.00,0.00,0.00,0.00,0.00,0.00,0.00,0.00,0.00,0.00,0.00,0.00,0.00,
per_sku,GET /planning/uploads/1/,2026-09-01,PRODUCTION PLANING MONTH OF SEP 2026,,1,1,True,aahar831@gmail.com,2026-08-27T05:38:25.427998Z,PLANNING FOR SEP 2026.xlsx,32,29,FG0000023,YES,COLD PRESS 5 LTR + EXTRA LIGHT OLIVE 1 LTR 3 PCS SHRINKED,CANOLA,PREMIUM,COLD PRESS,PCS,296,JIVO,PREMIUM,CANOLA,JIVO CANOLA,COLD PRESS 5 LTR + EXTRA LIGHT OLIVE 1 LTR 3 PCS SHRINKED,6.000,18.000,3.000,0.00,0.00,0.00,0.00,0.00,0.00,0.00,0.00,0.00,0.00,0.00,0.00,0.00,
per_sku,GET /planning/uploads/1/,2026-09-01,PRODUCTION PLANING MONTH OF SEP 2026,,1,1,True,aahar831@gmail.com,2026-08-27T05:38:25.427998Z,PLANNING FOR SEP 2026.xlsx,92,89,FG0000041,YES,EXTRA VIRGIN OLIVE GLASS BOTTLE 500 MLS 12 PCS,OLIVE,PREMIUM,EXTRA VIRGIN,PCS,0,JIVO,PREMIUM,EXTRA VIRGIN,EXTRA VIRGIN,EXTRA VIRGIN OLIVE GLASS BOTTLE 500 MLS 12 PCS,0.500,6.000,12.000,0.00,0.00,0.00,0.00,0.00,0.00,0.00,0.00,0.00,0.00,0.00,0.00,0.00,
per_sku,GET /planning/uploads/1/,2026-09-01,PRODUCTION PLANING MONTH OF SEP 2026,,1,1,True,aahar831@gmail.com,2026-08-27T05:38:25.427998Z,PLANNING FOR SEP 2026.xlsx,130,127,FG0000045,YES,POMACE OLIVE 500 MLS 24 PCS,OLIVE,PREMIUM,POMACE,PCS,1966,JIVO,PREMIUM,POMACE,JIVO POMACE,POMACE OLIVE 500 MLS 24 PCS,0.500,12.000,24.000,0.00,0.00,0.00,0.00,0.00,0.00,0.00,0.00,0.00,0.00,0.00,0.00,0.00,
per_sku,GET /planning/uploads/1/,2026-09-01,PRODUCTION PLANING MONTH OF SEP 2026,,1,1,True,aahar831@gmail.com,2026-08-27T05:38:25.427998Z,PLANNING FOR SEP 2026.xlsx,75,72,FG0000048,YES,COLD PRESS 100 MLS 24 PCS,CANOLA,PREMIUM,COLD PRESS,PCS,0,JIVO,PREMIUM,CANOLA,JIVO CANOLA,COLD PRESS 100 MLS 24 PCS,0.100,2.400,24.000,0.00,0.00,0.00,0.00,0.00,0.00,0.00,0.00,0.00,0.00,0.00,0.00,0.00,
per_sku,GET /planning/uploads/1/,2026-09-01,PRODUCTION PLANING MONTH OF SEP 2026,,1,1,True,aahar831@gmail.com,2026-08-27T05:38:25.427998Z,PLANNING FOR SEP 2026.xlsx,170,167,FG0000054,YES,COLD PRESS 4 LTR + EXTRA LIGHT OLIVE 1 LTR 5 PCS,CANOLA,PREMIUM,COLD PRESS,PCS,105,JIVO,PREMIUM,CANOLA,CANOLA,COLD PRESS 4 LTR + EXTRA LIGHT OLIVE 1 LTR 5 PCS,4.000,20.000,5.000,0.00,0.00,0.00,0.00,0.00,0.00,0.00,0.00,0.00,0.00,0.00,0.00,0.00,
per_sku,GET /planning/uploads/1/,2026-09-01,PRODUCTION PLANING MONTH OF SEP 2026,,1,1,True,aahar831@gmail.com,2026-08-27T05:38:25.427998Z,PLANNING FOR SEP 2026.xlsx,114,111,FG0000067,YES,MUSTARD KACCHI GHANI 3 LTR 6 PCS,MUSTARD,COMMODITY,MUSTARD KACCHI GHANI,PCS,0,JIVO,COMMODITY,MUSTARD,JIVO MUSTARD,MUSTARD KACCHI GHANI 3 LTR 6 PCS,3.000,18.000,6.000,0.00,0.00,0.00,0.00,0.00,0.00,0.00,0.00,0.00,0.00,0.00,0.00,0.00,
per_sku,GET /planning/uploads/1/,2026-09-01,PRODUCTION PLANING MONTH OF SEP 2026,,1,1,True,aahar831@gmail.com,2026-08-27T05:38:25.427998Z,PLANNING FOR SEP 2026.xlsx,73,70,FG0000069,YES,COLD PRESS 5 LTR + COLD PRESS 1 LTR 3 PCS SHRINKED PLAIN,CANOLA,PREMIUM,COLD PRESS,PCS,50,JIVO,PREMIUM,CANOLA,JIVO CANOLA,COLD PRESS 5 LTR + COLD PRESS 1 LTR 3 PCS SHRINKED PLAIN,6.000,18.000,3.000,0.00,0.00,0.00,0.00,0.00,0.00,0.00,0.00,0.00,0.00,0.00,0.00,0.00,
per_sku,GET /planning/uploads/1/,2026-09-01,PRODUCTION PLANING MONTH OF SEP 2026,,1,1,True,aahar831@gmail.com,2026-08-27T05:38:25.427998Z,PLANNING FOR SEP 2026.xlsx,33,30,FG0000104,YES,EXTRA LIGHT OLIVE 100 MLS 10 PCS(CSD),OLIVE,PREMIUM,EXTRA LIGHT,PCS,50,JIVO,PREMIUM,CSD,EXTRA LIGHT,EXTRA LIGHT OLIVE 100 MLS 10 PCS,1.000,1.000,10.000,0.00,0.00,0.00,0.00,0.00,0.00,0.00,0.00,0.00,0.00,0.00,0.00,0.00,
per_sku,GET /planning/uploads/1/,2026-09-01,PRODUCTION PLANING MONTH OF SEP 2026,,1,1,True,aahar831@gmail.com,2026-08-27T05:38:25.427998Z,PLANNING FOR SEP 2026.xlsx,31,28,FG0000105,YES,EXTRA LIGHT OLIVE 250 MLS 4 PCS(CSD),OLIVE,PREMIUM,EXTRA LIGHT,PCS,29,JIVO,PREMIUM,CSD,EXTRA LIGHT,EXTRA LIGHT OLIVE 250 MLS 4 PCS,1.000,1.000,4.000,0.00,0.00,0.00,0.00,0.00,0.00,0.00,0.00,0.00,0.00,0.00,0.00,0.00,
per_sku,GET /planning/uploads/1/,2026-09-01,PRODUCTION PLANING MONTH OF SEP 2026,,1,1,True,aahar831@gmail.com,2026-08-27T05:38:25.427998Z,PLANNING FOR SEP 2026.xlsx,65,62,FG0000131,YES,COLD PRESS 5 LTR + EXTRA LIGHT OLIVE 1 LTR 3 PCS SHRINKED PLAIN,CANOLA,PREMIUM,COLD PRESS,PCS,14,JIVO,PREMIUM,CANOLA,JIVO CANOLA,COLD PRESS 5 LTR + EXTRA LIGHT OLIVE 1 LTR 3 PCS SHRINKED PLAIN,6.000,18.000,3.000,0.00,0.00,0.00,0.00,0.00,0.00,0.00,0.00,0.00,0.00,0.00,0.00,0.00,
per_sku,GET /planning/uploads/1/,2026-09-01,PRODUCTION PLANING MONTH OF SEP 2026,,1,1,True,aahar831@gmail.com,2026-08-27T05:38:25.427998Z,PLANNING FOR SEP 2026.xlsx,162,159,FG0000133,YES,COLD PRESSED SUNFLOWER OIL 2 LTR 10 PCS HANDLE,SUNFLOWER,COMMODITY,COLD PRESS,PCS,58,JIVO,COMMODITY,SUNFLOWER,JIVO SUNFLOWER,COLD PRESSED SUNFLOWER OIL 2 LTR 10 PCS HANDLE,2.000,20.000,10.000,0.00,0.00,0.00,0.00,0.00,0.00,0.00,0.00,0.00,0.00,0.00,0.00,0.00,
per_sku,GET /planning/uploads/1/,2026-09-01,PRODUCTION PLANING MONTH OF SEP 2026,,1,1,True,aahar831@gmail.com,2026-08-27T05:38:25.427998Z,PLANNING FOR SEP 2026.xlsx,68,65,FG0000134,YES,SANO CANOLA OIL 1 LTR 20 PCS,CANOLA,PREMIUM,COLD PRESS,PCS,908,SANO,PREMIUM,CANOLA,SANO CANOLA,SANO CANOLA OIL 1 LTR 20 PCS,1.000,20.000,20.000,0.00,0.00,0.00,0.00,0.00,0.00,0.00,0.00,0.00,0.00,0.00,0.00,0.00,
per_sku,GET /planning/uploads/1/,2026-09-01,PRODUCTION PLANING MONTH OF SEP 2026,,1,1,True,aahar831@gmail.com,2026-08-27T05:38:25.427998Z,PLANNING FOR SEP 2026.xlsx,69,66,FG0000135,YES,SANO CANOLA OIL 5 LTR 4 PCS,CANOLA,PREMIUM,COLD PRESS,PCS,0,SANO,PREMIUM,CANOLA,SANO CANOLA,SANO CANOLA OIL 5 LTR 4 PCS,5.000,20.000,4.000,0.00,0.00,0.00,0.00,0.00,0.00,0.00,0.00,0.00,0.00,0.00,0.00,0.00,
per_sku,GET /planning/uploads/1/,2026-09-01,PRODUCTION PLANING MONTH OF SEP 2026,,1,1,True,aahar831@gmail.com,2026-08-27T05:38:25.427998Z,PLANNING FOR SEP 2026.xlsx,166,163,FG0000138,YES,SANO SUNFLOWER OIL 1 LTR 20 PCS,SUNFLOWER,COMMODITY,REFINED,PCS,53,SANO,COMMODITY,SUNFLOWER,SANO SUNFLOWER,SANO SUNFLOWER OIL 1 LTR 20 PCS,1.000,20.000,20.000,0.00,0.00,0.00,0.00,0.00,0.00,0.00,0.00,0.00,0.00,0.00,0.00,0.00,
per_sku,GET /planning/uploads/1/,2026-09-01,PRODUCTION PLANING MONTH OF SEP 2026,,1,1,True,aahar831@gmail.com,2026-08-27T05:38:25.427998Z,PLANNING FOR SEP 2026.xlsx,165,162,FG0000139,YES,SANO SUNFLOWER OIL 5 LTR 4 PCS,SUNFLOWER,COMMODITY,REFINED,PCS,0,SANO,COMMODITY,SUNFLOWER,SANO SUNFLOWER,SANO SUNFLOWER OIL 5 LTR 4 PCS,5.000,20.000,4.000,0.00,0.00,0.00,0.00,0.00,0.00,0.00,0.00,0.00,0.00,0.00,0.00,0.00,
per_sku,GET /planning/uploads/1/,2026-09-01,PRODUCTION PLANING MONTH OF SEP 2026,,1,1,True,aahar831@gmail.com,2026-08-27T05:38:25.427998Z,PLANNING FOR SEP 2026.xlsx,147,144,FG0000140,YES,SANO SOYABEAN OIL 1 LTR 20 PCS,SOYABEAN,COMMODITY,REFINED,PCS,221,SANO,COMMODITY,SOYABEAN,SANO SOYABEAN,SANO SOYABEAN OIL 1 LTR 20 PCS,1.000,20.000,20.000,0.00,0.00,0.00,0.00,0.00,0.00,0.00,0.00,0.00,0.00,0.00,0.00,0.00,
per_sku,GET /planning/uploads/1/,2026-09-01,PRODUCTION PLANING MONTH OF SEP 2026,,1,1,True,aahar831@gmail.com,2026-08-27T05:38:25.427998Z,PLANNING FOR SEP 2026.xlsx,146,143,FG0000141,YES,SANO SOYABEAN OIL 5 LTR 4 PCS,SOYABEAN,COMMODITY,REFINED,PCS,273,SANO,COMMODITY,SOYABEAN,SANO SOYABEAN,SANO SOYABEAN OIL 5 LTR 4 PCS,5.000,20.000,4.000,0.00,0.00,0.00,0.00,0.00,0.00,0.00,0.00,0.00,0.00,0.00,0.00,0.00,
per_sku,GET /planning/uploads/1/,2026-09-01,PRODUCTION PLANING MONTH OF SEP 2026,,1,1,True,aahar831@gmail.com,2026-08-27T05:38:25.427998Z,PLANNING FOR SEP 2026.xlsx,58,55,FG0000145,YES,COLD PRESS 5 LTR + POMACE OLIVE 1 LTR 4 PCS,CANOLA,PREMIUM,COLD PRESS,PCS,16,JIVO,PREMIUM,CANOLA,JIVO CANOLA,COLD PRESS 5 LTR + POMACE OLIVE 1 LTR 4 PCS,5.000,20.000,4.000,0.00,0.00,0.00,0.00,0.00,0.00,0.00,0.00,0.00,0.00,0.00,0.00,0.00,
per_sku,GET /planning/uploads/1/,2026-09-01,PRODUCTION PLANING MONTH OF SEP 2026,,1,1,True,aahar831@gmail.com,2026-08-27T05:38:25.427998Z,PLANNING FOR SEP 2026.xlsx,186,183,FG0000146,YES,COLD PRESS 5 LTR + POMACE OLIVE 1 LTR 3 PCS SHRINKED,CANOLA,PREMIUM,COLD PRESS,PCS,21,JIVO,PREMIUM,CANOLA,JIVO CANOLA,COLD PRESS 5 LTR + POMACE OLIVE 1 LTR 3 PCS SHRINKED,6.000,18.000,3.000,0.00,0.00,0.00,0.00,0.00,0.00,0.00,0.00,0.00,0.00,0.00,0.00,0.00,
per_sku,GET /planning/uploads/1/,2026-09-01,PRODUCTION PLANING MONTH OF SEP 2026,,1,1,True,aahar831@gmail.com,2026-08-27T05:38:25.427998Z,PLANNING FOR SEP 2026.xlsx,87,84,FG0000147,YES,SANO EXTRA LIGHT OLIVE 1 LTR 16 PCS,OLIVE,PREMIUM,EXTRA LIGHT,PCS,0,SANO,PREMIUM,EXTRA LIGHT,SANO EL,SANO EXTRA LIGHT OLIVE 1 LTR 16 PCS,1.000,16.000,16.000,0.00,0.00,0.00,0.00,0.00,0.00,0.00,0.00,0.00,0.00,0.00,0.00,0.00,
per_sku,GET /planning/uploads/1/,2026-09-01,PRODUCTION PLANING MONTH OF SEP 2026,,1,1,True,aahar831@gmail.com,2026-08-27T05:38:25.427998Z,PLANNING FOR SEP 2026.xlsx,78,75,FG0000152,YES,SANO OLIVE CLASSIC 5 LTR TIN 4 PCS,OLIVE,PREMIUM,CLASSIC,PCS,0,SANO,PREMIUM,CLASSIC,SANO CLASSIC,SANO OLIVE CLASSIC 5 LTR TIN 4 PCS,5.000,5.000,1.000,0.00,0.00,0.00,0.00,0.00,0.00,0.00,0.00,0.00,0.00,0.00,0.00,0.00,
per_sku,GET /planning/uploads/1/,2026-09-01,PRODUCTION PLANING MONTH OF SEP 2026,,1,1,True,aahar831@gmail.com,2026-08-27T05:38:25.427998Z,PLANNING FOR SEP 2026.xlsx,76,73,FG0000153,YES,COLD PRESS 5 LTR + SANO EXTRA LIGHT OLIVE 1 LTR 4 PCS,CANOLA,PREMIUM,COLD PRESS,PCS,0,JIVO,PREMIUM,CANOLA,JIVO CANOLA,COLD PRESS 5 LTR + SANO EXTRA LIGHT OLIVE 1 LTR 4 PCS,5.000,20.000,4.000,0.00,0.00,0.00,0.00,0.00,0.00,0.00,0.00,0.00,0.00,0.00,0.00,0.00,
per_sku,GET /planning/uploads/1/,2026-09-01,PRODUCTION PLANING MONTH OF SEP 2026,,1,1,True,aahar831@gmail.com,2026-08-27T05:38:25.427998Z,PLANNING FOR SEP 2026.xlsx,84,81,FG0000154,YES,MUSTARD OIL 100 MLS 20 PCS(CSD),MUSTARD,COMMODITY,MUSTARD KACCHI GHANI,PCS,12,JIVO,PREMIUM,CSD,JIVO MUSTARD,MUSTARD OIL 100 MLS 20 PCS,2.000,2.000,20.000,0.00,0.00,0.00,0.00,0.00,0.00,0.00,0.00,0.00,0.00,0.00,0.00,0.00,
per_sku,GET /planning/uploads/1/,2026-09-01,PRODUCTION PLANING MONTH OF SEP 2026,,1,1,True,aahar831@gmail.com,2026-08-27T05:38:25.427998Z,PLANNING FOR SEP 2026.xlsx,71,68,FG0000160,YES,COLD PRESS 4 LTR 5 PCS,CANOLA,PREMIUM,COLD PRESS,PCS,0,JIVO,PREMIUM,CANOLA,JIVO CANOLA,COLD PRESS 4 LTR 5 PCS,4.000,20.000,5.000,0.00,0.00,0.00,0.00,0.00,0.00,0.00,0.00,0.00,0.00,0.00,0.00,0.00,
per_sku,GET /planning/uploads/1/,2026-09-01,PRODUCTION PLANING MONTH OF SEP 2026,,1,1,True,aahar831@gmail.com,2026-08-27T05:38:25.427998Z,PLANNING FOR SEP 2026.xlsx,41,38,FG0000161,YES,EXTRA VIRGIN OLIVE 500 MLS 24 PCS,OLIVE,PREMIUM,EXTRA VIRGIN,PCS,39,JIVO,PREMIUM,EXTRA VIRGIN,EXTRA VIRGIN,EXTRA VIRGIN OLIVE 500 MLS 24 PCS,0.500,12.000,24.000,0.00,0.00,0.00,0.00,0.00,0.00,0.00,0.00,0.00,0.00,0.00,0.00,0.00,
per_sku,GET /planning/uploads/1/,2026-09-01,PRODUCTION PLANING MONTH OF SEP 2026,,1,1,True,aahar831@gmail.com,2026-08-27T05:38:25.427998Z,PLANNING FOR SEP 2026.xlsx,79,76,FG0000162,YES,SANO OLIVE CLASSIC 1 LTR 16 PCS,OLIVE,PREMIUM,CLASSIC,PCS,0,SANO,PREMIUM,CLASSIC,SANO CLASSIC,SANO OLIVE CLASSIC 1 LTR 16 PCS,1.000,20.000,5.000,0.00,0.00,0.00,0.00,0.00,0.00,0.00,0.00,0.00,0.00,0.00,0.00,0.00,
per_sku,GET /planning/uploads/1/,2026-09-01,PRODUCTION PLANING MONTH OF SEP 2026,,1,1,True,aahar831@gmail.com,2026-08-27T05:38:25.427998Z,PLANNING FOR SEP 2026.xlsx,181,178,FG0000164,YES,EXTRA VIRGIN OLIVE 200 MLS 36 PCS,OLIVE,PREMIUM,EXTRA VIRGIN,PCS,0,JIVO,PREMIUM,EXTRA VIRGIN,EXTRA VIRGIN,EXTRA VIRGIN OLIVE 200 MLS 36 PCS,0.200,7.200,36.000,0.00,0.00,0.00,0.00,0.00,0.00,0.00,0.00,0.00,0.00,0.00,0.00,0.00,
per_sku,GET /planning/uploads/1/,2026-09-01,PRODUCTION PLANING MONTH OF SEP 2026,,1,1,True,aahar831@gmail.com,2026-08-27T05:38:25.427998Z,PLANNING FOR SEP 2026.xlsx,83,80,FG0000168,YES,REFINED COTTON SEED OIL 15 KGS,COTTON SEED,COMMODITY,REFINED,PCS,0,JIVO,COMMODITY,COTTONSEED,COTTONSEED,REFINED COTTON SEED OIL 15 KGS,15.000,15.000,1.000,0.00,0.00,0.00,0.00,0.00,0.00,0.00,0.00,0.00,0.00,0.00,0.00,0.00,
per_sku,GET /planning/uploads/1/,2026-09-01,PRODUCTION PLANING MONTH OF SEP 2026,,1,1,True,aahar831@gmail.com,2026-08-27T05:38:25.427998Z,PLANNING FOR SEP 2026.xlsx,82,79,FG0000169,YES,REFINED COTTON SEED OIL 13 KGS,COTTON SEED,COMMODITY,REFINED,PCS,3,JIVO,COMMODITY,COTTONSEED,COTTONSEED,REFINED COTTON SEED OIL 13 KGS,14.280,14.280,1.000,0.00,0.00,0.00,0.00,0.00,0.00,0.00,0.00,0.00,0.00,0.00,0.00,0.00,
per_sku,GET /planning/uploads/1/,2026-09-01,PRODUCTION PLANING MONTH OF SEP 2026,,1,1,True,aahar831@gmail.com,2026-08-27T05:38:25.427998Z,PLANNING FOR SEP 2026.xlsx,74,71,FG0000175,YES,COLD PRESS 1 LTR +1 LTR COMBO 12 SET,CANOLA,PREMIUM,COLD PRESS,PCS,0,JIVO,PREMIUM,CANOLA,JIVO CANOLA,COLD PRESS 1 LTR +1 LTR COMBO 12 SET,2.000,24.000,24.000,0.00,0.00,0.00,0.00,0.00,0.00,0.00,0.00,0.00,0.00,0.00,0.00,0.00,
per_sku,GET /planning/uploads/1/,2026-09-01,PRODUCTION PLANING MONTH OF SEP 2026,,1,1,True,aahar831@gmail.com,2026-08-27T05:38:25.427998Z,PLANNING FOR SEP 2026.xlsx,64,61,FG0000183,YES,BB ROYAL CANOLA OIL 1 LTR 20 PCS,BLENDED,PREMIUM,BB ROYAL,PCS,859,BB ROYAL,PREMIUM,CANOLA,BB ROYAL,BB ROYAL CANOLA OIL 1 LTR 20 PCS,1.000,20.000,20.000,0.00,0.00,0.00,0.00,0.00,0.00,0.00,0.00,0.00,0.00,0.00,0.00,0.00,
per_sku,GET /planning/uploads/1/,2026-09-01,PRODUCTION PLANING MONTH OF SEP 2026,,1,1,True,aahar831@gmail.com,2026-08-27T05:38:25.427998Z,PLANNING FOR SEP 2026.xlsx,63,60,FG0000184,YES,BB ROYAL CANOLA OIL 5 LTR 4 PCS,BLENDED,PREMIUM,BB ROYAL,PCS,492,BB ROYAL,PREMIUM,CANOLA,BB ROYAL,BB ROYAL CANOLA OIL 5 LTR 4 PCS,5.000,20.000,4.000,0.00,0.00,0.00,0.00,0.00,0.00,0.00,0.00,0.00,0.00,0.00,0.00,0.00,
per_sku,GET /planning/uploads/1/,2026-09-01,PRODUCTION PLANING MONTH OF SEP 2026,,1,1,True,aahar831@gmail.com,2026-08-27T05:38:25.427998Z,PLANNING FOR SEP 2026.xlsx,53,50,FG0000185,YES,BB ROYAL BLENDED OIL OLIVE + RICE BRAN 1 LTR 20 PCS,BLENDED,PREMIUM,BB ROYAL,PCS,1043,BB ROYAL,PREMIUM,BLENDED,BB ROYAL,BB ROYAL BLENDED OIL OLIVE + RICE BRAN 1 LTR 20 PCS,1.000,16.000,16.000,0.00,0.00,0.00,0.00,0.00,0.00,0.00,0.00,0.00,0.00,0.00,0.00,0.00,
per_sku,GET /planning/uploads/1/,2026-09-01,PRODUCTION PLANING MONTH OF SEP 2026,,1,1,True,aahar831@gmail.com,2026-08-27T05:38:25.427998Z,PLANNING FOR SEP 2026.xlsx,52,49,FG0000186,YES,BB ROYAL BLENDED OIL OLIVE + RICE BRAN 5 LTR 4 PCS,BLENDED,PREMIUM,BB ROYAL,PCS,128,BB ROYAL,PREMIUM,BLENDED,BB ROYAL,BB ROYAL BLENDED OIL OLIVE + RICE BRAN 5 LTR 4 PCS,5.000,20.000,4.000,0.00,0.00,0.00,0.00,0.00,0.00,0.00,0.00,0.00,0.00,0.00,0.00,0.00,
per_sku,GET /planning/uploads/1/,2026-09-01,PRODUCTION PLANING MONTH OF SEP 2026,,1,1,True,aahar831@gmail.com,2026-08-27T05:38:25.427998Z,PLANNING FOR SEP 2026.xlsx,155,152,FG0000241,YES,SANO SOYABEAN OIL 869 GMS 20 PCS,SOYABEAN,COMMODITY,REFINED,PCS,16,SANO,COMMODITY,SOYABEAN,SANO SOYABEAN,SANO SOYABEAN OIL 869 GMS 20 PCS,0.955,19.100,20.000,0.00,0.00,0.00,0.00,0.00,0.00,0.00,0.00,0.00,0.00,0.00,0.00,0.00,
per_sku,GET /planning/uploads/1/,2026-09-01,PRODUCTION PLANING MONTH OF SEP 2026,,1,1,True,aahar831@gmail.com,2026-08-27T05:38:25.427998Z,PLANNING FOR SEP 2026.xlsx,167,164,FG0000242,YES,SANO SUNFLOWER OIL 869 GMS 20 PCS,SUNFLOWER,COMMODITY,COLD PRESS,PCS,193,SANO,COMMODITY,SUNFLOWER,SANO SUNFLOWER,SANO SUNFLOWER OIL 869 GMS 20 PCS,0.955,19.100,20.000,0.00,0.00,0.00,0.00,0.00,0.00,0.00,0.00,0.00,0.00,0.00,0.00,0.00,
per_sku,GET /planning/uploads/1/,2026-09-01,PRODUCTION PLANING MONTH OF SEP 2026,,1,1,True,aahar831@gmail.com,2026-08-27T05:38:25.427998Z,PLANNING FOR SEP 2026.xlsx,121,118,FG0000243,YES,SANO MUSTARD OIL 869 GMS 20 PCS,MUSTARD,COMMODITY,MUSTARD KACCHI GHANI,PCS,79,SANO,COMMODITY,MUSTARD,SANO MUSTARD,SANO MUSTARD OIL 869 GMS 20 PCS,0.955,19.100,20.000,0.00,0.00,0.00,0.00,0.00,0.00,0.00,0.00,0.00,0.00,0.00,0.00,0.00,
per_sku,GET /planning/uploads/1/,2026-09-01,PRODUCTION PLANING MONTH OF SEP 2026,,1,1,True,aahar831@gmail.com,2026-08-27T05:38:25.427998Z,PLANNING FOR SEP 2026.xlsx,154,151,FG0000248,YES,SANO SOYABEAN OIL 15 KGS,SOYABEAN,COMMODITY,REFINED,PCS,0,SANO,COMMODITY,SOYABEAN,SANO SOYABEAN,SANO SOYABEAN OIL 15 KGS,16.484,16.484,1.000,0.00,0.00,0.00,0.00,0.00,0.00,0.00,0.00,0.00,0.00,0.00,0.00,0.00,
per_sku,GET /planning/uploads/1/,2026-09-01,PRODUCTION PLANING MONTH OF SEP 2026,,1,1,True,aahar831@gmail.com,2026-08-27T05:38:25.427998Z,PLANNING FOR SEP 2026.xlsx,156,153,FG0000249,YES,SANO SOYABEAN OIL 13 KGS,SOYABEAN,COMMODITY,REFINED,PCS,0,SANO,COMMODITY,SOYABEAN,SANO SOYABEAN,SANO SOYABEAN OIL 13 KGS,14.286,14.286,1.000,0.00,0.00,0.00,0.00,0.00,0.00,0.00,0.00,0.00,0.00,0.00,0.00,0.00,
per_sku,GET /planning/uploads/1/,2026-09-01,PRODUCTION PLANING MONTH OF SEP 2026,,1,1,True,aahar831@gmail.com,2026-08-27T05:38:25.427998Z,PLANNING FOR SEP 2026.xlsx,157,154,FG0000261,YES,SANO SOYABEAN OIL 12 KGS,SOYABEAN,COMMODITY,REFINED,KGS,0,SANO,COMMODITY,SOYABEAN,SANO SOYABEAN,SANO SOYABEAN OIL 12 KGS,13.187,13.187,1.000,0.00,0.00,0.00,0.00,0.00,0.00,0.00,0.00,0.00,0.00,0.00,0.00,0.00,
per_sku,GET /planning/uploads/1/,2026-09-01,PRODUCTION PLANING MONTH OF SEP 2026,,1,1,True,aahar831@gmail.com,2026-08-27T05:38:25.427998Z,PLANNING FOR SEP 2026.xlsx,67,64,FG0000270,YES,SANO CANOLA 3 LTR 6 PCS,CANOLA,PREMIUM,REFINED,PCS,89,SANO,PREMIUM,CANOLA,SANO CANOLA,SANO CANOLA 3 LTR 6 PCS,3.000,18.000,6.000,0.00,0.00,0.00,0.00,0.00,0.00,0.00,0.00,0.00,0.00,0.00,0.00,0.00,
per_sku,GET /planning/uploads/1/,2026-09-01,PRODUCTION PLANING MONTH OF SEP 2026,,1,1,True,aahar831@gmail.com,2026-08-27T05:38:25.427998Z,PLANNING FOR SEP 2026.xlsx,153,150,FG0000276,YES,SANO SOYABEAN OIL 850 GMS POUCH 12 PCS,SOYABEAN,COMMODITY,REFINED,PCS,526,SANO,COMMODITY,SOYABEAN,SANO POUCH,SANO SOYABEAN OIL 850 GMS POUCH 12 PCS,0.850,10.200,12.000,0.00,0.00,0.00,0.00,0.00,0.00,0.00,0.00,0.00,0.00,0.00,0.00,0.00,
per_sku,GET /planning/uploads/1/,2026-09-01,PRODUCTION PLANING MONTH OF SEP 2026,,1,1,True,aahar831@gmail.com,2026-08-27T05:38:25.427998Z,PLANNING FOR SEP 2026.xlsx,138,135,FG0000280,YES,SANO RICE BRAN 889 GMS POUCH 12 PCS,RICE BRAN,COMMODITY,REFINED,PCS,0,SANO,COMMODITY,RICE BRAN,SANO RICE BRAIN,SANO RICE BRAN 889 GMS POUCH 12 PCS,0.889,12.000,12.000,0.00,0.00,0.00,0.00,0.00,0.00,0.00,0.00,0.00,0.00,0.00,0.00,0.00,
per_sku,GET /planning/uploads/1/,2026-09-01,PRODUCTION PLANING MONTH OF SEP 2026,,1,1,True,aahar831@gmail.com,2026-08-27T05:38:25.427998Z,PLANNING FOR SEP 2026.xlsx,111,108,FG0000295,YES,MUSTARD KACHI GHANI 4 LTR 5 PCS,MUSTARD,COMMODITY,MUSTARD KACCHI GHANI,PCS,43,JIVO,COMMODITY,MUSTARD,JIVO MUSTARD,MUSTARD KACHI GHANI 4 LTR 5 PCS,4.000,20.000,5.000,0.00,0.00,0.00,0.00,0.00,0.00,0.00,0.00,0.00,0.00,0.00,0.00,0.00,
per_sku,GET /planning/uploads/1/,2026-09-01,PRODUCTION PLANING MONTH OF SEP 2026,,1,1,True,aahar831@gmail.com,2026-08-27T05:38:25.427998Z,PLANNING FOR SEP 2026.xlsx,161,158,FG0000296,YES,SUNFLOWER 4 LTR 5 PCS,SUNFLOWER,COMMODITY,REFINED,PCS,17,JIVO,COMMODITY,SUNFLOWER,JIVO SUNFLOWER,SUNFLOWER 4 LTR 5 PCS,4.000,20.000,5.000,0.00,0.00,0.00,0.00,0.00,0.00,0.00,0.00,0.00,0.00,0.00,0.00,0.00,
per_sku,GET /planning/uploads/1/,2026-09-01,PRODUCTION PLANING MONTH OF SEP 2026,,1,1,True,aahar831@gmail.com,2026-08-27T05:38:25.427998Z,PLANNING FOR SEP 2026.xlsx,142,139,FG0000299,YES,SOYABEAN OIL 700 GMS POUCH 12 PCS,SOYABEAN,COMMODITY,REFINED,PCS,987,JIVO,COMMODITY,SOYABEAN,JIVO SOYABEAN,SOYABEAN OIL 700 GMS POUCH 12 PCS,0.700,9.240,12.000,0.00,0.00,0.00,0.00,0.00,0.00,0.00,0.00,0.00,0.00,0.00,0.00,0.00,
per_sku,GET /planning/uploads/1/,2026-09-01,PRODUCTION PLANING MONTH OF SEP 2026,,1,1,True,aahar831@gmail.com,2026-08-27T05:38:25.427998Z,PLANNING FOR SEP 2026.xlsx,150,147,FG0000300,YES,SOYABEAN OIL 770 GMS POUCH 12 PCS,SOYABEAN,COMMODITY,REFINED,PCS,40,JIVO,COMMODITY,SOYABEAN,JIVO SOYABEAN,SOYABEAN OIL 770 GMS POUCH 12 PCS,0.770,9.240,12.000,0.00,0.00,0.00,0.00,0.00,0.00,0.00,0.00,0.00,0.00,0.00,0.00,0.00,
per_sku,GET /planning/uploads/1/,2026-09-01,PRODUCTION PLANING MONTH OF SEP 2026,,1,1,True,aahar831@gmail.com,2026-08-27T05:38:25.427998Z,PLANNING FOR SEP 2026.xlsx,101,98,FG0000305,YES,JAITOON OIL 5 LTR 4 PCS,OLIVE,PREMIUM,JAITOON OIL,PCS,6,JIVO,OTHER PREMIUM,JAITUN,JIVO JAITUN,JAITOON OIL 5 LTR 4 PCS,5.000,20.000,4.000,0.00,0.00,0.00,0.00,0.00,0.00,0.00,0.00,0.00,0.00,0.00,0.00,0.00,
per_sku,GET /planning/uploads/1/,2026-09-01,PRODUCTION PLANING MONTH OF SEP 2026,,1,1,True,aahar831@gmail.com,2026-08-27T05:38:25.427998Z,PLANNING FOR SEP 2026.xlsx,131,128,FG0000307,YES,POMACE OLIVE 1 LTR 16 PCS HANNA,OLIVE,PREMIUM,POMACE,PCS,542,HANNA,PREMIUM,POMACE,JIVO POMACE,POMACE OLIVE 1 LTR 16 PCS HANNA,1.000,16.000,16.000,0.00,0.00,0.00,0.00,0.00,0.00,0.00,0.00,0.00,0.00,0.00,0.00,0.00,
per_sku,GET /planning/uploads/1/,2026-09-01,PRODUCTION PLANING MONTH OF SEP 2026,,1,1,True,aahar831@gmail.com,2026-08-27T05:38:25.427998Z,PLANNING FOR SEP 2026.xlsx,148,145,FG0000316,YES,SOYABEAN OIL 13 KGS (B),SOYABEAN,COMMODITY,REFINED,PCS,113,JIVO,COMMODITY,SOYABEAN,JIVO SOYABEAN,SOYABEAN OIL 13 KGS (B),14.290,14.290,1.000,0.00,0.00,0.00,0.00,0.00,0.00,0.00,0.00,0.00,0.00,0.00,0.00,0.00,
per_sku,GET /planning/uploads/1/,2026-09-01,PRODUCTION PLANING MONTH OF SEP 2026,,1,1,True,aahar831@gmail.com,2026-08-27T05:38:25.427998Z,PLANNING FOR SEP 2026.xlsx,185,182,FG0000318,YES,KIRPA DESI GHEE 1 LTR 12 PCS,GHEE,PREMIUM,DESI GHEE,PCS,128,KIRPA,PREMIUM,GHEE,GHEE,KIRPA DESI GHEE 1 LTR 12 PCS,1.000,12.000,12.000,0.00,0.00,0.00,0.00,0.00,0.00,0.00,0.00,0.00,0.00,0.00,0.00,0.00,
per_sku,GET /planning/uploads/1/,2026-09-01,PRODUCTION PLANING MONTH OF SEP 2026,,1,1,True,aahar831@gmail.com,2026-08-27T05:38:25.427998Z,PLANNING FOR SEP 2026.xlsx,39,36,FG0000319,YES,KIRPA DESI GHEE 500 MLS 16 PCS,GHEE,PREMIUM,DESI GHEE,PCS,2682,KIRPA,PREMIUM,GHEE,GHEE,KIRPA DESI GHEE 500 MLS 16 PCS,0.500,8.000,16.000,0.00,0.00,0.00,0.00,0.00,0.00,0.00,0.00,0.00,0.00,0.00,0.00,0.00,
per_sku,GET /planning/uploads/1/,2026-09-01,PRODUCTION PLANING MONTH OF SEP 2026,,1,1,True,aahar831@gmail.com,2026-08-27T05:38:25.427998Z,PLANNING FOR SEP 2026.xlsx,171,168,FG0000320,YES,YELLOW MUSTARD OIL 1 LTR 16 PCS,MUSTARD,PREMIUM,YELLOW MUSTARD,PCS,2277,JIVO,PREMIUM,MUSTARD,MUSTARD,YELLOW MUSTARD OIL 1 LTR 16 PCS,1.000,16.000,16.000,0.00,0.00,0.00,0.00,0.00,0.00,0.00,0.00,0.00,0.00,0.00,0.00,0.00,
per_sku,GET /planning/uploads/1/,2026-09-01,PRODUCTION PLANING MONTH OF SEP 2026,,1,1,True,aahar831@gmail.com,2026-08-27T05:38:25.427998Z,PLANNING FOR SEP 2026.xlsx,129,126,FG0000322,YES,LE CHEF POMACE  1 LTR 16 PCS,OLIVE,PREMIUM,POMACE,PCS,3088,LE CHEF,PREMIUM,POMACE,LECHEF POMACE,LE CHEF POMACE 1 LTR 16 PCS,1.000,16.000,16.000,0.00,0.00,0.00,0.00,0.00,0.00,0.00,0.00,0.00,0.00,0.00,0.00,0.00,
per_sku,GET /planning/uploads/1/,2026-09-01,PRODUCTION PLANING MONTH OF SEP 2026,,1,1,True,aahar831@gmail.com,2026-08-27T05:38:25.427998Z,PLANNING FOR SEP 2026.xlsx,90,87,FG0000323,YES,LE CHEF EXTRA VIRGIN  1 LTR 16 PCS,OLIVE,PREMIUM,EXTRA VIRGIN,PCS,0,LE CHEF,PREMIUM,EXTRA VIRGIN,LECHEF EXTRA VIRGIN,LE CHEF EXTRA VIRGIN 1 LTR 16 PCS,1.000,16.000,16.000,0.00,0.00,0.00,0.00,0.00,0.00,0.00,0.00,0.00,0.00,0.00,0.00,0.00,
per_sku,GET /planning/uploads/1/,2026-09-01,PRODUCTION PLANING MONTH OF SEP 2026,,1,1,True,aahar831@gmail.com,2026-08-27T05:38:25.427998Z,PLANNING FOR SEP 2026.xlsx,164,161,FG0000329,YES,VEDAKA SUNFLOWER OIL 1 LTR 16 PCS,SUNFLOWER,COMMODITY,COLD PRESS,PCS,0,VEDAKA,COMMODITY,SUNFLOWER,VEDAKA SUNFLOWER,VEDAKA SUNFLOWER OIL 1 LTR 16 PCS,1.000,16.000,16.000,0.00,0.00,0.00,0.00,0.00,0.00,0.00,0.00,0.00,0.00,0.00,0.00,0.00,
per_sku,GET /planning/uploads/1/,2026-09-01,PRODUCTION PLANING MONTH OF SEP 2026,,1,1,True,aahar831@gmail.com,2026-08-27T05:38:25.427998Z,PLANNING FOR SEP 2026.xlsx,116,113,FG0000330,YES,VEDAKA COLD PRESSED MUSTARD OIL 1 LTR 16 PCS,MUSTARD,COMMODITY,MUSTARD KACCHI GHANI,PCS,0,VEDAKA,COMMODITY,MUSTARD,VEDAKA MUSTARD,VEDAKA COLD PRESSED MUSTARD OIL 1 LTR 16 PCS,1.000,16.000,16.000,0.00,0.00,0.00,0.00,0.00,0.00,0.00,0.00,0.00,0.00,0.00,0.00,0.00,
per_sku,GET /planning/uploads/1/,2026-09-01,PRODUCTION PLANING MONTH OF SEP 2026,,1,1,True,aahar831@gmail.com,2026-08-27T05:38:25.427998Z,PLANNING FOR SEP 2026.xlsx,98,95,FG0000331,YES,VEDAKA WOOD PRESSED PEANUT OIL 1 LTR 16 PCS,GROUNDNUT,PREMIUM,COLD PRESS,PCS,0,VEDAKA,PREMIUM,GROUNDNUT,VEDAKA PEANUT,VEDAKA WOOD PRESSED PEANUT OIL 1 LTR 16 PCS,1.000,16.000,16.000,0.00,0.00,0.00,0.00,0.00,0.00,0.00,0.00,0.00,0.00,0.00,0.00,0.00,
per_sku,GET /planning/uploads/1/,2026-09-01,PRODUCTION PLANING MONTH OF SEP 2026,,1,1,True,aahar831@gmail.com,2026-08-27T05:38:25.427998Z,PLANNING FOR SEP 2026.xlsx,163,160,FG0000332,YES,VEDAKA SUNFLOWER 5 LTR 4 PCS,SUNFLOWER,COMMODITY,COLD PRESS,PCS,32,VEDAKA,COMMODITY,SUNFLOWER,VEDAKA SUNFLOWER,VEDAKA SUNFLOWER 5 LTR 4 PCS,5.000,20.000,4.000,0.00,0.00,0.00,0.00,0.00,0.00,0.00,0.00,0.00,0.00,0.00,0.00,0.00,
per_sku,GET /planning/uploads/1/,2026-09-01,PRODUCTION PLANING MONTH OF SEP 2026,,1,1,True,aahar831@gmail.com,2026-08-27T05:38:25.427998Z,PLANNING FOR SEP 2026.xlsx,115,112,FG0000333,YES,VEDAKA COLD PRESSED MUSTARD OIL 5 LTR 4 PCS,MUSTARD,COMMODITY,MUSTARD KACCHI GHANI,PCS,0,VEDAKA,COMMODITY,MUSTARD,VEDAKA MUSTARD,VEDAKA COLD PRESSED MUSTARD OIL 5 LTR 4 PCS,5.000,20.000,4.000,0.00,0.00,0.00,0.00,0.00,0.00,0.00,0.00,0.00,0.00,0.00,0.00,0.00,
per_sku,GET /planning/uploads/1/,2026-09-01,PRODUCTION PLANING MONTH OF SEP 2026,,1,1,True,aahar831@gmail.com,2026-08-27T05:38:25.427998Z,PLANNING FOR SEP 2026.xlsx,99,96,FG0000334,YES,VEDAKA WOOD PRESSED PEANUT OIL 5 LTR 4 PCS,GROUNDNUT,PREMIUM,COLD PRESS,PCS,4,VEDAKA,PREMIUM,GROUNDNUT,VEDAKA PEANUT,VEDAKA WOOD PRESSED PEANUT OIL 5 LTR 4 PCS,5.000,20.000,4.000,0.00,0.00,0.00,0.00,0.00,0.00,0.00,0.00,0.00,0.00,0.00,0.00,0.00,
per_sku,GET /planning/uploads/1/,2026-09-01,PRODUCTION PLANING MONTH OF SEP 2026,,1,1,True,aahar831@gmail.com,2026-08-27T05:38:25.427998Z,PLANNING FOR SEP 2026.xlsx,119,116,FG0000335,YES,VEDAKA COLD PRESSED MUSTARD OIL 2 LTR 8 PCS,MUSTARD,COMMODITY,MUSTARD KACCHI GHANI,,0,VEDAKA,COMMODITY,MUSTARD,VEDAKA MUSTARD,VEDAKA COLD PRESSED MUSTARD OIL 2 LTR 8 PCS,2.000,16.000,8.000,0.00,0.00,0.00,0.00,0.00,0.00,0.00,0.00,0.00,0.00,0.00,0.00,0.00,
per_sku,GET /planning/uploads/1/,2026-09-01,PRODUCTION PLANING MONTH OF SEP 2026,,1,1,True,aahar831@gmail.com,2026-08-27T05:38:25.427998Z,PLANNING FOR SEP 2026.xlsx,152,149,FG0000343,YES,SOYABEAN 4 LTR 5 PCS,SOYABEAN,COMMODITY,REFINED,PCS,0,JIVO,COMMODITY,SOYABEAN,JIVO SOYABEAN,SOYABEAN 4 LTR 5 PCS,4.000,20.000,5.000,0.00,0.00,0.00,0.00,0.00,0.00,0.00,0.00,0.00,0.00,0.00,0.00,0.00,
per_sku,GET /planning/uploads/1/,2026-09-01,PRODUCTION PLANING MONTH OF SEP 2026,,1,1,True,aahar831@gmail.com,2026-08-27T05:38:25.427998Z,PLANNING FOR SEP 2026.xlsx,135,132,FG0000348,YES,RICE BRAN OIL 4 LTR 5 PCS,RICE BRAN,COMMODITY,REFINED,PCS,634,JIVO,COMMODITY,RICE BRAN,JIVO RICE BRAN,RICE BRAN OIL 4 LTR 5 PCS,4.000,20.000,5.000,0.00,0.00,0.00,0.00,0.00,0.00,0.00,0.00,0.00,0.00,0.00,0.00,0.00,
per_sku,GET /planning/uploads/1/,2026-09-01,PRODUCTION PLANING MONTH OF SEP 2026,,1,1,True,aahar831@gmail.com,2026-08-27T05:38:25.427998Z,PLANNING FOR SEP 2026.xlsx,80,77,FG0000353,YES,EXTRA VIRGIN COCONUT OIL 15 LTR,COCONUT,PREMIUM,COCONUT,PCS,34,JIVO,PREMIUM,COCONUT,EV COCONUT,EXTRA VIRGIN COCONUT OIL 15 LTR,15.000,15.000,1.000,0.00,0.00,0.00,0.00,0.00,0.00,0.00,0.00,0.00,0.00,0.00,0.00,0.00,
per_sku,GET /planning/uploads/1/,2026-09-01,PRODUCTION PLANING MONTH OF SEP 2026,,1,1,True,aahar831@gmail.com,2026-08-27T05:38:25.427998Z,PLANNING FOR SEP 2026.xlsx,139,136,FG0000354,YES,SESAME OIL 15 LTR,SESAME,PREMIUM,SESAME,PCS,0,JIVO,OTHER PREMIUM,SESAME,SESAME,SESAME OIL 15 LTR,15.000,15.000,1.000,0.00,0.00,0.00,0.00,0.00,0.00,0.00,0.00,0.00,0.00,0.00,0.00,0.00,
per_sku,GET /planning/uploads/1/,2026-09-01,PRODUCTION PLANING MONTH OF SEP 2026,,1,1,True,aahar831@gmail.com,2026-08-27T05:38:25.427998Z,PLANNING FOR SEP 2026.xlsx,141,138,FG0000359,YES,SOYABEAN OIL 750 GMS 12 PCS POUCH,SOYABEAN,COMMODITY,REFINED,PCS,10429,JIVO,COMMODITY,SOYABEAN,JIVO SOYABEAN,SOYABEAN OIL 750 GMS 12 PCS POUCH,0.750,9.000,12.000,0.00,0.00,0.00,0.00,0.00,0.00,0.00,0.00,0.00,0.00,0.00,0.00,0.00,
per_sku,GET /planning/uploads/1/,2026-09-01,PRODUCTION PLANING MONTH OF SEP 2026,,1,1,True,aahar831@gmail.com,2026-08-27T05:38:25.427998Z,PLANNING FOR SEP 2026.xlsx,94,91,FG0000364,YES,LA RASOI DESI GHEE A2 1 LTR 9 PCS,GHEE,PREMIUM,DESI GHEE A2,PCS,0,LA RASOI,PREMIUM,GHEE,LA RASOI GHEE,LA RASOI DESI GHEE A2 1 LTR 9 PCS,1.000,9.000,9.000,0.00,0.00,0.00,0.00,0.00,0.00,0.00,0.00,0.00,0.00,0.00,0.00,0.00,
per_sku,GET /planning/uploads/1/,2026-09-01,PRODUCTION PLANING MONTH OF SEP 2026,,1,1,True,aahar831@gmail.com,2026-08-27T05:38:25.427998Z,PLANNING FOR SEP 2026.xlsx,126,123,FG0000365,YES,LA RASOI POMACE OLIVE OIL 2 LTR 10 PCS HANDLE,OLIVE,PREMIUM,POMACE,PCS,0,LA RASOI,PREMIUM,POMACE,LA RASOI POMACE,LA RASOI POMACE OLIVE OIL 2 LTR 10 PCS HANDLE,2.000,20.000,10.000,0.00,0.00,0.00,0.00,0.00,0.00,0.00,0.00,0.00,0.00,0.00,0.00,0.00,
per_sku,GET /planning/uploads/1/,2026-09-01,PRODUCTION PLANING MONTH OF SEP 2026,,1,1,True,aahar831@gmail.com,2026-08-27T05:38:25.427998Z,PLANNING FOR SEP 2026.xlsx,88,85,FG0000371,YES,EXTRA VIRGIN OLIVE 3 LTR TIN 6 PCS,OLIVE,PREMIUM,EXTRA VIRGIN,PCS,0,JIVO,PREMIUM,EXTRA VIRGIN,EXTRA VIRGIN,EXTRA VIRGIN OLIVE 3 LTR TIN 6 PCS,3.000,18.000,6.000,0.00,0.00,0.00,0.00,0.00,0.00,0.00,0.00,0.00,0.00,0.00,0.00,0.00,
per_sku,GET /planning/uploads/1/,2026-09-01,PRODUCTION PLANING MONTH OF SEP 2026,,1,1,True,aahar831@gmail.com,2026-08-27T05:38:25.427998Z,PLANNING FOR SEP 2026.xlsx,66,63,FG0000373,YES,EXTRA VIRGIN CANOLA OIL 3 LTR TIN 3 PCS,CANOLA,PREMIUM,EXTRA VIRGIN,PCS,0,JIVO,PREMIUM,CANOLA,JIVO CANOLA,COLD PRESS 3 LTR TIN 6 PCS,3.000,18.000,6.000,0.00,0.00,0.00,0.00,0.00,0.00,0.00,0.00,0.00,0.00,0.00,0.00,0.00,
per_sku,GET /planning/uploads/1/,2026-09-01,PRODUCTION PLANING MONTH OF SEP 2026,,1,1,True,aahar831@gmail.com,2026-08-27T05:38:25.427998Z,PLANNING FOR SEP 2026.xlsx,54,51,FG0000375,YES,SO OLIVE OIL 5LTR TIN 4 PCS,BLENDED,PREMIUM,OLIVE,PCS,0,SO OLIVE,OTHER PREMIUM,BLENDED,SO OLIVE,SO OLIVE OIL 5 LTR 4 PCS,5.000,20.000,4.000,0.00,0.00,0.00,0.00,0.00,0.00,0.00,0.00,0.00,0.00,0.00,0.00,0.00,
per_sku,GET /planning/uploads/1/,2026-09-01,PRODUCTION PLANING MONTH OF SEP 2026,,1,1,True,aahar831@gmail.com,2026-08-27T05:38:25.427998Z,PLANNING FOR SEP 2026.xlsx,89,86,FG0000377,YES,ILAHI EXTRA VIRGIN OLIVE 1 LTR 12 PCS,OLIVE,PREMIUM,EXTRA VIRGIN,PCS,156,ILAHI,PREMIUM,EXTRA VIRGIN,ILAHI EXTRA VIRGIN,ILAHI EXTRA VIRGIN OLIVE 1 LTR 12 PCS,1.000,12.000,16.000,0.00,0.00,0.00,0.00,0.00,0.00,0.00,0.00,0.00,0.00,0.00,0.00,0.00,
per_sku,GET /planning/uploads/1/,2026-09-01,PRODUCTION PLANING MONTH OF SEP 2026,,1,1,True,aahar831@gmail.com,2026-08-27T05:38:25.427998Z,PLANNING FOR SEP 2026.xlsx,128,125,FG0000378,YES,ILAHI POMACE OLIVE 1 LTR 12 PCS,OLIVE,PREMIUM,POMACE,PCS,0,ILAHI,PREMIUM,POMACE,ILAHI POMACE,ILAHI POMACE OLIVE 1 LTR 16 PCS,1.000,16.000,16.000,0.00,0.00,0.00,0.00,0.00,0.00,0.00,0.00,0.00,0.00,0.00,0.00,0.00,
per_sku,GET /planning/uploads/1/,2026-09-01,PRODUCTION PLANING MONTH OF SEP 2026,,1,1,True,aahar831@gmail.com,2026-08-27T05:38:25.427998Z,PLANNING FOR SEP 2026.xlsx,77,74,FG0000383,YES,REFINED OIL 13 KG,CANOLA,PREMIUM,REFINED,PCS,4,JIVO,PREMIUM,CANOLA,JIVO CANOLA,REFINED OIL 13 KG,14.300,14.300,1.000,0.00,0.00,0.00,0.00,0.00,0.00,0.00,0.00,0.00,0.00,0.00,0.00,0.00,
per_sku,GET /planning/uploads/1/,2026-09-01,PRODUCTION PLANING MONTH OF SEP 2026,,1,1,True,aahar831@gmail.com,2026-08-27T05:38:25.427998Z,PLANNING FOR SEP 2026.xlsx,85,82,FG0000384,YES,SANO EXTRA VIRGIN 1 LTR 16 PCS,OLIVE,PREMIUM,EXTRA VIRGIN,PCS,0,SANO,PREMIUM,EV,SANO EXTRA VIRGIN,SANO EXTRA VIRGIN 1 LTR 16 PCS,1.000,16.000,16.000,0.00,0.00,0.00,0.00,0.00,0.00,0.00,0.00,0.00,0.00,0.00,0.00,0.00,
per_sku,GET /planning/uploads/1/,2026-09-01,PRODUCTION PLANING MONTH OF SEP 2026,,1,1,True,aahar831@gmail.com,2026-08-27T05:38:25.427998Z,PLANNING FOR SEP 2026.xlsx,93,90,FG0000385,YES,EXTRA VIRGIN PREMIUM OLIVE 1 LTR 12 PCS,EXTRA VIRGIN,PREMIUM,OLIVE,PCS,0,JIVO,PREMIUM,EXTRA VIRGIN,EXTRA VIRGIN,EXTRA VIRGIN PREMIUM OLIVE 1 LTR 12PCS,1.000,12.000,12.000,0.00,0.00,0.00,0.00,0.00,0.00,0.00,0.00,0.00,0.00,0.00,0.00,0.00,
per_sku,GET /planning/uploads/1/,2026-09-01,PRODUCTION PLANING MONTH OF SEP 2026,,1,1,True,aahar831@gmail.com,2026-08-27T05:38:25.427998Z,PLANNING FOR SEP 2026.xlsx,100,97,FG0000390,YES,COLD PRESS GROUNDNUT OIL 200 MLS 36 PCS,GROUNDNUT,PREMIUM,COLD PRESS,PCS,0,JIVO,OTHER PREMIUM,GROUNDNUT,JIVO GROUNDNUT,COLD PRESS GROUNDNUT OIL 200 MLS 36 PCS,0.200,7.200,36.000,0.00,0.00,0.00,0.00,0.00,0.00,0.00,0.00,0.00,0.00,0.00,0.00,0.00,
per_sku,GET /planning/uploads/1/,2026-09-01,PRODUCTION PLANING MONTH OF SEP 2026,,1,1,True,aahar831@gmail.com,2026-08-27T05:38:25.427998Z,PLANNING FOR SEP 2026.xlsx,140,137,FG0000391,YES,SESAME OIL 1 LTR 20 PCS + JEERA 100 GMS SHRINKED,SESAME,COMMODITY,SESAME,PCS,0,JIVO,OTHER PREMIUM,SESAME,SESAME,SESAME OIL 1 LTR 20 PCS + JEERA 100 GMS SHRINKED,1.000,20.000,20.000,0.00,0.00,0.00,0.00,0.00,0.00,0.00,0.00,0.00,0.00,0.00,0.00,0.00,
per_sku,GET /planning/uploads/1/,2026-09-01,PRODUCTION PLANING MONTH OF SEP 2026,,1,1,True,aahar831@gmail.com,2026-08-27T05:38:25.427998Z,PLANNING FOR SEP 2026.xlsx,97,94,FG0000392,YES,COLD PRESS GROUNDNUT OIL 1 LTR 16 PCS + JEERA 100 GMS SHRINKED,GROUNDNUT,PREMIUM,COLD PRESS,PCS,0,JIVO,OTHER PREMIUM,GROUNDNUT,JIVO GROUNDNUT,COLD PRESS GROUNDNUT OIL 1 LTR 16 PCS + JEERA 100 GMS SHRINKED,1.000,16.000,16.000,0.00,0.00,0.00,0.00,0.00,0.00,0.00,0.00,0.00,0.00,0.00,0.00,0.00,
per_sku,GET /planning/uploads/1/,2026-09-01,PRODUCTION PLANING MONTH OF SEP 2026,,1,1,True,aahar831@gmail.com,2026-08-27T05:38:25.427998Z,PLANNING FOR SEP 2026.xlsx,113,110,FG0000393,YES,YELLOW MUSTARD OIL 1 LTR 20 PCS + JEERA 100 GMS SHRINKED,MUSTARD,COMMODITY,YELLOW MUSTARD,PCS,0,JIVO,OTHER PREMIUM,MUSTARD,YELLOW MUSTARD,YELLOW MUSTARD OIL 1 LTR 20 PCS + JEERA 100 GMS SHRINKED,1.000,20.000,20.000,0.00,0.00,0.00,0.00,0.00,0.00,0.00,0.00,0.00,0.00,0.00,0.00,0.00,
per_sku,GET /planning/uploads/1/,2026-09-01,PRODUCTION PLANING MONTH OF SEP 2026,,1,1,True,aahar831@gmail.com,2026-08-27T05:38:25.427998Z,PLANNING FOR SEP 2026.xlsx,35,32,FG0000394,YES,JIVO POMACE OLIVE OIL 1 LTR 16 PCS ( CSD ),OLIVE,PREMIUM,POMACE,PCS,3,JIVO,PREMIUM,CSD,POMACE,JIVO POMACE OLIVE OIL 1 LTR 16 PCS ( CSD ),1.000,24.000,24.000,0.00,0.00,0.00,0.00,0.00,0.00,0.00,0.00,0.00,0.00,0.00,0.00,0.00,
per_sku,GET /planning/uploads/1/,2026-09-01,PRODUCTION PLANING MONTH OF SEP 2026,,1,1,True,aahar831@gmail.com,2026-08-27T05:38:25.427998Z,PLANNING FOR SEP 2026.xlsx,28,25,FG0000395,YES,JIVO EXTRA VIRGIN COCONUT OIL 1 LTR 16 PCS ( CSD ),COCONUT,PREMIUM,EXTRA VIRGIN,PCS,0,JIVO,PREMIUM,CSD,EXTRA VIRGIN,JIVO EXTRA VIRGIN COCONUT OIL 1 LTR 16 PCS ( CSD ),1.000,16.000,16.000,0.00,0.00,0.00,0.00,0.00,0.00,0.00,0.00,0.00,0.00,0.00,0.00,0.00,
per_sku,GET /planning/uploads/1/,2026-09-01,PRODUCTION PLANING MONTH OF SEP 2026,,1,1,True,aahar831@gmail.com,2026-08-27T05:38:25.427998Z,PLANNING FOR SEP 2026.xlsx,29,26,FG0000396,YES,JIVO EXTRA VIRGIN OLIVE OIL 1 LTR 16 PCS ( CSD ),OLIVE,PREMIUM,EXTRA VIRGIN,PCS,0,JIVO,PREMIUM,CSD,EXTRA VIRGIN,JIVO EXTRA VIRGIN OLIVE OIL 1 LTR 16 PCS ( CSD ),1.000,16.000,16.000,0.00,0.00,0.00,0.00,0.00,0.00,0.00,0.00,0.00,0.00,0.00,0.00,0.00,
per_sku,GET /planning/uploads/1/,2026-09-01,PRODUCTION PLANING MONTH OF SEP 2026,,1,1,True,aahar831@gmail.com,2026-08-27T05:38:25.427998Z,PLANNING FOR SEP 2026.xlsx,30,27,FG0000397,YES,JIVO EXTRA VIRGIN OLIVE OIL 500 MLS 24 PCS ( CSD ),OLIVE,PREMIUM,EXTRA VIRGIN,PCS,1,JIVO,PREMIUM,CSD,EXTRA VIRGIN,JIVO EXTRA VIRGIN OLIVE OIL 500 MLS 24 PCS ( CSD ),0.050,1.000,20.000,0.00,0.00,0.00,0.00,0.00,0.00,0.00,0.00,0.00,0.00,0.00,0.00,0.00,
per_sku,GET /planning/uploads/1/,2026-09-01,PRODUCTION PLANING MONTH OF SEP 2026,,1,1,True,aahar831@gmail.com,2026-08-27T05:38:25.427998Z,PLANNING FOR SEP 2026.xlsx,24,21,FG0000398,YES,JIVO EXTRA LIGHT OLIVE OIL 1 LTR 16 PCS ( CSD ),OLIVE,PREMIUM,EXTRA LIGHT,PCS,0,JIVO,PREMIUM,CSD,EXTRA LIGHT,JIVO EXTRA LIGHT OLIVE OIL 1 LTR 16 PCS ( CSD ),1.000,16.000,16.000,0.00,0.00,0.00,0.00,0.00,0.00,0.00,0.00,0.00,0.00,0.00,0.00,0.00,
per_sku,GET /planning/uploads/1/,2026-09-01,PRODUCTION PLANING MONTH OF SEP 2026,,1,1,True,aahar831@gmail.com,2026-08-27T05:38:25.427998Z,PLANNING FOR SEP 2026.xlsx,183,180,FG0000399,YES,JIVO KACHI GHANI COLD PRESSED MUSTARD OIL 5 LTR 4 PCS ( CSD ),MUSTARD,COMMODITY,MUSTARD KACCHI GHANI,PCS,5,JIVO,COMMODITY,CSD,MUSTARD,JIVO KACHI GHANI COLD PRESSED MUSTARD OIL 5 LTR 4 PCS ( CSD ),5.000,4.000,20.000,0.00,0.00,0.00,0.00,0.00,0.00,0.00,0.00,0.00,0.00,0.00,0.00,0.00,
per_sku,GET /planning/uploads/1/,2026-09-01,PRODUCTION PLANING MONTH OF SEP 2026,,1,1,True,aahar831@gmail.com,2026-08-27T05:38:25.427998Z,PLANNING FOR SEP 2026.xlsx,182,179,FG0000400,YES,JIVO KACHI GHANI COLD PRESSED MUSTARD OIL1 LTR 20 PCS(CSD),MUSTARD,COMMODITY,MUSTARD KACCHI GHANI,PCS,24,JIVO,COMMODITY,CSD,MUSTARD,JIVO KACHI GHANI COLD PRESSED MUSTARD OIL 1 LTR 20 PCS ( CSD ),1.000,20.000,20.000,0.00,0.00,0.00,0.00,0.00,0.00,0.00,0.00,0.00,0.00,0.00,0.00,0.00,
per_sku,GET /planning/uploads/1/,2026-09-01,PRODUCTION PLANING MONTH OF SEP 2026,,1,1,True,aahar831@gmail.com,2026-08-27T05:38:25.427998Z,PLANNING FOR SEP 2026.xlsx,57,54,FG0000404,YES,COLD PRESS 4 LTR (NIRMAL RISHI ) + EXTRA LIGHT OLIVE 1 LTR 5 PCS,CANOLA,PREMIUM,COLD PRESS,PCS,93,JIVO,PREMIUM,CANOLA,JIVO CANOLA,COLD PRESS 4 LTR + EXTRA LIGHT OLIVE 1 LTR 5 PCS (NIRMAL RISHI,4.000,20.000,5.000,0.00,0.00,0.00,0.00,0.00,0.00,0.00,0.00,0.00,0.00,0.00,0.00,0.00,
per_sku,GET /planning/uploads/1/,2026-09-01,PRODUCTION PLANING MONTH OF SEP 2026,,1,1,True,aahar831@gmail.com,2026-08-27T05:38:25.427998Z,PLANNING FOR SEP 2026.xlsx,56,53,FG0000405,YES,COLD PRESS 4 LTR (NIRMAL RISHI ) + POMACE OLIVE 1 LTR 5 PCS,CANOLA,PREMIUM,COLD PRESS,PCS,54,JIVO,PREMIUM,CANOLA,JIVO CANOLA,COLD PRESS 4 LTR + POMACE OLIVE 1 LTR 5 PCS ( NIRMAL RISHI),4.000,20.000,5.000,0.00,0.00,0.00,0.00,0.00,0.00,0.00,0.00,0.00,0.00,0.00,0.00,0.00,
per_sku,GET /planning/uploads/1/,2026-09-01,PRODUCTION PLANING MONTH OF SEP 2026,,1,1,True,aahar831@gmail.com,2026-08-27T05:38:25.427998Z,PLANNING FOR SEP 2026.xlsx,55,52,FG0000406,YES,COLD PRESS 1 LTR + 1 LTR (NIRMAL RISHI ) COMBO 10 SET,CANOLA,PREMIUM,COLD PRESS,PCS,0,JIVO,PREMIUM,CANOLA,JIVO CANOLA,COLD PRESS 1 LTR + 1 LTR COMBO 10 SET (NIRMAL RISHI),2.000,20.000,10.000,0.00,0.00,0.00,0.00,0.00,0.00,0.00,0.00,0.00,0.00,0.00,0.00,0.00,
per_sku,GET /planning/uploads/1/,2026-09-01,PRODUCTION PLANING MONTH OF SEP 2026,,1,1,True,aahar831@gmail.com,2026-08-27T05:38:25.427998Z,PLANNING FOR SEP 2026.xlsx,169,166,FG0000408,YES,COLD PRESS 1 LTR (NIRMAL RISHI ) 24 PCS,CANOLA,PREMIUM,COLD PRESS,PCS,3733,JIVO,PREMIUM,CANOLA,CANOLA,COLD PRESS 1 LTR (NIRMAL RISHI ) 24 PCS,1.000,24.000,24.000,0.00,0.00,0.00,0.00,0.00,0.00,0.00,0.00,0.00,0.00,0.00,0.00,0.00,
per_sku,GET /planning/uploads/1/,2026-09-01,PRODUCTION PLANING MONTH OF SEP 2026,,1,1,True,aahar831@gmail.com,2026-08-27T05:38:25.427998Z,PLANNING FOR SEP 2026.xlsx,59,56,FG0000414,YES,COLD PRESS 5 LTR (NIRMAL RISHI )+ POMACE OLIVE 1 LTR 4 PCS,CANOLA,PREMIUM,COLD PRESS,PCS,2,JIVO,PREMIUM,CANOLA,JIVO CANOLA,COLD PRESS 5 LTR + POMACE OLIVE 1 LTR 4 PCS (NIRMAL RISHI,5.000,20.000,4.000,0.00,0.00,0.00,0.00,0.00,0.00,0.00,0.00,0.00,0.00,0.00,0.00,0.00,
per_sku,GET /planning/uploads/1/,2026-09-01,PRODUCTION PLANING MONTH OF SEP 2026,,1,1,True,aahar831@gmail.com,2026-08-27T05:38:25.427998Z,PLANNING FOR SEP 2026.xlsx,168,165,FG0000442,YES,SOYABEAN OIL 12 KGS,SOYABEAN,COMMODITY,REFINED,PCS,0,JIVO,COMMODITY,SOYABEAN,JIVO SOYABEAN,JIVO SOYABEAN OIL 12 KGS,13.187,13.187,1.000,0.00,0.00,0.00,0.00,0.00,0.00,0.00,0.00,0.00,0.00,0.00,0.00,0.00,
per_sku,GET /planning/uploads/1/,2026-09-01,PRODUCTION PLANING MONTH OF SEP 2026,,1,1,True,aahar831@gmail.com,2026-08-27T05:38:25.427998Z,PLANNING FOR SEP 2026.xlsx,124,121,SC0000079,YES,PAIN OIL 250 MLS 4 PCS,PAIN OIL,OTHERS,PAIN OIL,PCS,7,JIVO,OTHER PREMIUM,PAIN OIL,PAIN,PAIN OIL 250 MLS4 PCS,0.250,1.000,4.000,0.00,0.00,0.00,0.00,0.00,0.00,0.00,0.00,0.00,0.00,0.00,0.00,0.00,
sub_group,GET /sap-sync/monthly-planning/?monthId=2,2024-11-01,Planning Month Of November 2024,2,,,,SAP UserSign 22,,,,,,n/a,,MUSTARD,,,,,,,MUSTARD,,,,,,,,,,,,,,,,,,,362650.0
sub_group,GET /sap-sync/monthly-planning/?monthId=2,2024-11-01,Planning Month Of November 2024,2,,,,SAP UserSign 22,,,,,,n/a,,SOYABEAN,,,,,,,SOYABEAN,,,,,,,,,,,,,,,,,,,257400.0
sub_group,GET /sap-sync/monthly-planning/?monthId=2,2024-11-01,Planning Month Of November 2024,2,,,,SAP UserSign 22,,,,,,n/a,,CANOLA,,,,,,,CANOLA,,,,,,,,,,,,,,,,,,,225200.0
sub_group,GET /sap-sync/monthly-planning/?monthId=2,2024-11-01,Planning Month Of November 2024,2,,,,SAP UserSign 22,,,,,,n/a,,OLIVE,,,,,,,OLIVE,,,,,,,,,,,,,,,,,,,217190.0
sub_group,GET /sap-sync/monthly-planning/?monthId=2,2024-11-01,Planning Month Of November 2024,2,,,,SAP UserSign 22,,,,,,n/a,,SUNFLOWER,,,,,,,SUNFLOWER,,,,,,,,,,,,,,,,,,,80800.0
sub_group,GET /sap-sync/monthly-planning/?monthId=2,2024-11-01,Planning Month Of November 2024,2,,,,SAP UserSign 22,,,,,,n/a,,GROUNDNUT,,,,,,,GROUNDNUT,,,,,,,,,,,,,,,,,,,20000.0
sub_group,GET /sap-sync/monthly-planning/?monthId=2,2024-11-01,Planning Month Of November 2024,2,,,,SAP UserSign 22,,,,,,n/a,,BLENDED,,,,,,,BLENDED,,,,,,,,,,,,,,,,,,,13600.0
sub_group,GET /sap-sync/monthly-planning/?monthId=2,2024-11-01,Planning Month Of November 2024,2,,,,SAP UserSign 22,,,,,,n/a,,COTTON SEED,,,,,,,COTTON SEED,,,,,,,,,,,,,,,,,,,11000.0
sub_group,GET /sap-sync/monthly-planning/?monthId=2,2024-11-01,Planning Month Of November 2024,2,,,,SAP UserSign 22,,,,,,n/a,,COCONUT,,,,,,,COCONUT,,,,,,,,,,,,,,,,,,,6800.0
sub_group,GET /sap-sync/monthly-planning/?monthId=2,2024-11-01,Planning Month Of November 2024,2,,,,SAP UserSign 22,,,,,,n/a,,RICE BRAN,,,,,,,RICE BRAN,,,,,,,,,,,,,,,,,,,6000.0
sub_group,GET /sap-sync/monthly-planning/?monthId=3,2024-12-01,Planning Month Of DEC 2024,3,,,,SAP UserSign 22,,,,,,n/a,,MUSTARD,,,,,,,MUSTARD,,,,,,,,,,,,,,,,,,,252800.0
sub_group,GET /sap-sync/monthly-planning/?monthId=3,2024-12-01,Planning Month Of DEC 2024,3,,,,SAP UserSign 22,,,,,,n/a,,OLIVE,,,,,,,OLIVE,,,,,,,,,,,,,,,,,,,232740.0
sub_group,GET /sap-sync/monthly-planning/?monthId=3,2024-12-01,Planning Month Of DEC 2024,3,,,,SAP UserSign 22,,,,,,n/a,,CANOLA,,,,,,,CANOLA,,,,,,,,,,,,,,,,,,,222950.0
sub_group,GET /sap-sync/monthly-planning/?monthId=3,2024-12-01,Planning Month Of DEC 2024,3,,,,SAP UserSign 22,,,,,,n/a,,SOYABEAN,,,,,,,SOYABEAN,,,,,,,,,,,,,,,,,,,163400.0
sub_group,GET /sap-sync/monthly-planning/?monthId=3,2024-12-01,Planning Month Of DEC 2024,3,,,,SAP UserSign 22,,,,,,n/a,,SUNFLOWER,,,,,,,SUNFLOWER,,,,,,,,,,,,,,,,,,,70800.0
sub_group,GET /sap-sync/monthly-planning/?monthId=3,2024-12-01,Planning Month Of DEC 2024,3,,,,SAP UserSign 22,,,,,,n/a,,GROUNDNUT,,,,,,,GROUNDNUT,,,,,,,,,,,,,,,,,,,20000.0
sub_group,GET /sap-sync/monthly-planning/?monthId=3,2024-12-01,Planning Month Of DEC 2024,3,,,,SAP UserSign 22,,,,,,n/a,,BLENDED,,,,,,,BLENDED,,,,,,,,,,,,,,,,,,,13600.0
sub_group,GET /sap-sync/monthly-planning/?monthId=3,2024-12-01,Planning Month Of DEC 2024,3,,,,SAP UserSign 22,,,,,,n/a,,COTTON SEED,,,,,,,COTTON SEED,,,,,,,,,,,,,,,,,,,7000.0
sub_group,GET /sap-sync/monthly-planning/?monthId=3,2024-12-01,Planning Month Of DEC 2024,3,,,,SAP UserSign 22,,,,,,n/a,,COCONUT,,,,,,,COCONUT,,,,,,,,,,,,,,,,,,,6800.0
sub_group,GET /sap-sync/monthly-planning/?monthId=3,2024-12-01,Planning Month Of DEC 2024,3,,,,SAP UserSign 22,,,,,,n/a,,RICE BRAN,,,,,,,RICE BRAN,,,,,,,,,,,,,,,,,,,6000.0
sub_group,GET /sap-sync/monthly-planning/?monthId=4,2025-01-01,PLANNING MONTH OF JAN-2025,4,,,,SAP UserSign 24,,,,,,n/a,,OLIVE,,,,,,,OLIVE,,,,,,,,,,,,,,,,,,,282650.0
sub_group,GET /sap-sync/monthly-planning/?monthId=4,2025-01-01,PLANNING MONTH OF JAN-2025,4,,,,SAP UserSign 24,,,,,,n/a,,MUSTARD,,,,,,,MUSTARD,,,,,,,,,,,,,,,,,,,244300.0
sub_group,GET /sap-sync/monthly-planning/?monthId=4,2025-01-01,PLANNING MONTH OF JAN-2025,4,,,,SAP UserSign 24,,,,,,n/a,,CANOLA,,,,,,,CANOLA,,,,,,,,,,,,,,,,,,,183100.0
sub_group,GET /sap-sync/monthly-planning/?monthId=4,2025-01-01,PLANNING MONTH OF JAN-2025,4,,,,SAP UserSign 24,,,,,,n/a,,SOYABEAN,,,,,,,SOYABEAN,,,,,,,,,,,,,,,,,,,156000.0
sub_group,GET /sap-sync/monthly-planning/?monthId=4,2025-01-01,PLANNING MONTH OF JAN-2025,4,,,,SAP UserSign 24,,,,,,n/a,,SUNFLOWER,,,,,,,SUNFLOWER,,,,,,,,,,,,,,,,,,,64000.0
sub_group,GET /sap-sync/monthly-planning/?monthId=4,2025-01-01,PLANNING MONTH OF JAN-2025,4,,,,SAP UserSign 24,,,,,,n/a,,COCONUT,,,,,,,COCONUT,,,,,,,,,,,,,,,,,,,24400.0
sub_group,GET /sap-sync/monthly-planning/?monthId=4,2025-01-01,PLANNING MONTH OF JAN-2025,4,,,,SAP UserSign 24,,,,,,n/a,,GROUNDNUT,,,,,,,GROUNDNUT,,,,,,,,,,,,,,,,,,,20000.0
sub_group,GET /sap-sync/monthly-planning/?monthId=4,2025-01-01,PLANNING MONTH OF JAN-2025,4,,,,SAP UserSign 24,,,,,,n/a,,RICE BRAN,,,,,,,RICE BRAN,,,,,,,,,,,,,,,,,,,14400.0
sub_group,GET /sap-sync/monthly-planning/?monthId=4,2025-01-01,PLANNING MONTH OF JAN-2025,4,,,,SAP UserSign 24,,,,,,n/a,,BLENDED,,,,,,,BLENDED,,,,,,,,,,,,,,,,,,,10800.0
sub_group,GET /sap-sync/monthly-planning/?monthId=4,2025-01-01,PLANNING MONTH OF JAN-2025,4,,,,SAP UserSign 24,,,,,,n/a,,COTTON SEED,,,,,,,COTTON SEED,,,,,,,,,,,,,,,,,,,6300.0
sub_group,GET /sap-sync/monthly-planning/?monthId=5,2025-02-01,PLANNING MONTH OF FEB 2025,5,,,,SAP UserSign 24,,,,,,n/a,,OLIVE,,,,,,,OLIVE,,,,,,,,,,,,,,,,,,,272650.0
sub_group,GET /sap-sync/monthly-planning/?monthId=5,2025-02-01,PLANNING MONTH OF FEB 2025,5,,,,SAP UserSign 24,,,,,,n/a,,MUSTARD,,,,,,,MUSTARD,,,,,,,,,,,,,,,,,,,238700.0
sub_group,GET /sap-sync/monthly-planning/?monthId=5,2025-02-01,PLANNING MONTH OF FEB 2025,5,,,,SAP UserSign 24,,,,,,n/a,,SOYABEAN,,,,,,,SOYABEAN,,,,,,,,,,,,,,,,,,,203600.0
sub_group,GET /sap-sync/monthly-planning/?monthId=5,2025-02-01,PLANNING MONTH OF FEB 2025,5,,,,SAP UserSign 24,,,,,,n/a,,CANOLA,,,,,,,CANOLA,,,,,,,,,,,,,,,,,,,195800.0
sub_group,GET /sap-sync/monthly-planning/?monthId=5,2025-02-01,PLANNING MONTH OF FEB 2025,5,,,,SAP UserSign 24,,,,,,n/a,,SUNFLOWER,,,,,,,SUNFLOWER,,,,,,,,,,,,,,,,,,,64500.0
sub_group,GET /sap-sync/monthly-planning/?monthId=5,2025-02-01,PLANNING MONTH OF FEB 2025,5,,,,SAP UserSign 24,,,,,,n/a,,GROUNDNUT,,,,,,,GROUNDNUT,,,,,,,,,,,,,,,,,,,25200.0
sub_group,GET /sap-sync/monthly-planning/?monthId=5,2025-02-01,PLANNING MONTH OF FEB 2025,5,,,,SAP UserSign 24,,,,,,n/a,,RICE BRAN,,,,,,,RICE BRAN,,,,,,,,,,,,,,,,,,,18800.0
sub_group,GET /sap-sync/monthly-planning/?monthId=5,2025-02-01,PLANNING MONTH OF FEB 2025,5,,,,SAP UserSign 24,,,,,,n/a,,COCONUT,,,,,,,COCONUT,,,,,,,,,,,,,,,,,,,18000.0
sub_group,GET /sap-sync/monthly-planning/?monthId=5,2025-02-01,PLANNING MONTH OF FEB 2025,5,,,,SAP UserSign 24,,,,,,n/a,,BLENDED,,,,,,,BLENDED,,,,,,,,,,,,,,,,,,,17520.0
sub_group,GET /sap-sync/monthly-planning/?monthId=5,2025-02-01,PLANNING MONTH OF FEB 2025,5,,,,SAP UserSign 24,,,,,,n/a,,GHEE,,,,,,,GHEE,,,,,,,,,,,,,,,,,,,17500.0
sub_group,GET /sap-sync/monthly-planning/?monthId=5,2025-02-01,PLANNING MONTH OF FEB 2025,5,,,,SAP UserSign 24,,,,,,n/a,,COTTON SEED,,,,,,,COTTON SEED,,,,,,,,,,,,,,,,,,,6300.0
sub_group,GET /sap-sync/monthly-planning/?monthId=5,2025-02-01,PLANNING MONTH OF FEB 2025,5,,,,SAP UserSign 24,,,,,,n/a,,RICE,,,,,,,RICE,,,,,,,,,,,,,,,,,,,5000.0
sub_group,GET /sap-sync/monthly-planning/?monthId=5,2025-02-01,PLANNING MONTH OF FEB 2025,5,,,,SAP UserSign 24,,,,,,n/a,,SEEDS,,,,,,,SEEDS,,,,,,,,,,,,,,,,,,,1650.0
sub_group,GET /sap-sync/monthly-planning/?monthId=5,2025-02-01,PLANNING MONTH OF FEB 2025,5,,,,SAP UserSign 24,,,,,,n/a,,PAIN OIL,,,,,,,PAIN OIL,,,,,,,,,,,,,,,,,,,1200.0
sub_group,GET /sap-sync/monthly-planning/?monthId=5,2025-02-01,PLANNING MONTH OF FEB 2025,5,,,,SAP UserSign 24,,,,,,n/a,,SPICES,,,,,,,SPICES,,,,,,,,,,,,,,,,,,,810.0
sub_group,GET /sap-sync/monthly-planning/?monthId=6,2025-02-10,15-2-25,6,,,,SAP UserSign 30,,,,,,n/a,,MUSTARD,,,,,,,MUSTARD,,,,,,,,,,,,,,,,,,,232203.0
sub_group,GET /sap-sync/monthly-planning/?monthId=6,2025-02-10,15-2-25,6,,,,SAP UserSign 30,,,,,,n/a,,OLIVE,,,,,,,OLIVE,,,,,,,,,,,,,,,,,,,217050.0
sub_group,GET /sap-sync/monthly-planning/?monthId=6,2025-02-10,15-2-25,6,,,,SAP UserSign 30,,,,,,n/a,,CANOLA,,,,,,,CANOLA,,,,,,,,,,,,,,,,,,,142084.0
sub_group,GET /sap-sync/monthly-planning/?monthId=6,2025-02-10,15-2-25,6,,,,SAP UserSign 30,,,,,,n/a,,SOYABEAN,,,,,,,SOYABEAN,,,,,,,,,,,,,,,,,,,115124.0
sub_group,GET /sap-sync/monthly-planning/?monthId=6,2025-02-10,15-2-25,6,,,,SAP UserSign 30,,,,,,n/a,,BLENDED,,,,,,,BLENDED,,,,,,,,,,,,,,,,,,,56920.0
sub_group,GET /sap-sync/monthly-planning/?monthId=6,2025-02-10,15-2-25,6,,,,SAP UserSign 30,,,,,,n/a,,SUNFLOWER,,,,,,,SUNFLOWER,,,,,,,,,,,,,,,,,,,24333.0
sub_group,GET /sap-sync/monthly-planning/?monthId=6,2025-02-10,15-2-25,6,,,,SAP UserSign 30,,,,,,n/a,,COCONUT,,,,,,,COCONUT,,,,,,,,,,,,,,,,,,,18000.0
sub_group,GET /sap-sync/monthly-planning/?monthId=6,2025-02-10,15-2-25,6,,,,SAP UserSign 30,,,,,,n/a,,GROUNDNUT,,,,,,,GROUNDNUT,,,,,,,,,,,,,,,,,,,17000.0
sub_group,GET /sap-sync/monthly-planning/?monthId=6,2025-02-10,15-2-25,6,,,,SAP UserSign 30,,,,,,n/a,,GHEE,,,,,,,GHEE,,,,,,,,,,,,,,,,,,,11921.0
sub_group,GET /sap-sync/monthly-planning/?monthId=6,2025-02-10,15-2-25,6,,,,SAP UserSign 30,,,,,,n/a,,RICE BRAN,,,,,,,RICE BRAN,,,,,,,,,,,,,,,,,,,9800.0
sub_group,GET /sap-sync/monthly-planning/?monthId=6,2025-02-10,15-2-25,6,,,,SAP UserSign 30,,,,,,n/a,,COTTON SEED,,,,,,,COTTON SEED,,,,,,,,,,,,,,,,,,,5202.0
sub_group,GET /sap-sync/monthly-planning/?monthId=6,2025-02-10,15-2-25,6,,,,SAP UserSign 30,,,,,,n/a,,SEEDS,,,,,,,SEEDS,,,,,,,,,,,,,,,,,,,1650.0
sub_group,GET /sap-sync/monthly-planning/?monthId=6,2025-02-10,15-2-25,6,,,,SAP UserSign 30,,,,,,n/a,,PAIN OIL,,,,,,,PAIN OIL,,,,,,,,,,,,,,,,,,,1200.0
sub_group,GET /sap-sync/monthly-planning/?monthId=6,2025-02-10,15-2-25,6,,,,SAP UserSign 30,,,,,,n/a,,SPICES,,,,,,,SPICES,,,,,,,,,,,,,,,,,,,830.0
sub_group,GET /sap-sync/monthly-planning/?monthId=6,2025-02-10,15-2-25,6,,,,SAP UserSign 30,,,,,,n/a,,RICE,,,,,,,RICE,,,,,,,,,,,,,,,,,,,145.0
sub_group,GET /sap-sync/monthly-planning/?monthId=6,2025-02-10,15-2-25,6,,,,SAP UserSign 30,,,,,,n/a,,COFFEE,,,,,,,COFFEE,,,,,,,,,,,,,,,,,,,2.0
sub_group,GET /sap-sync/monthly-planning/?monthId=7,2025-03-01,OIL MONTHLY PLANNING FOR MARCH 2025,7,,,,SAP UserSign 24,,,,,,n/a,,OLIVE,,,,,,,OLIVE,,,,,,,,,,,,,,,,,,,273200.0
sub_group,GET /sap-sync/monthly-planning/?monthId=7,2025-03-01,OIL MONTHLY PLANNING FOR MARCH 2025,7,,,,SAP UserSign 24,,,,,,n/a,,MUSTARD,,,,,,,MUSTARD,,,,,,,,,,,,,,,,,,,238700.0
sub_group,GET /sap-sync/monthly-planning/?monthId=7,2025-03-01,OIL MONTHLY PLANNING FOR MARCH 2025,7,,,,SAP UserSign 24,,,,,,n/a,,SOYABEAN,,,,,,,SOYABEAN,,,,,,,,,,,,,,,,,,,200600.0
sub_group,GET /sap-sync/monthly-planning/?monthId=7,2025-03-01,OIL MONTHLY PLANNING FOR MARCH 2025,7,,,,SAP UserSign 24,,,,,,n/a,,CANOLA,,,,,,,CANOLA,,,,,,,,,,,,,,,,,,,192200.0
sub_group,GET /sap-sync/monthly-planning/?monthId=7,2025-03-01,OIL MONTHLY PLANNING FOR MARCH 2025,7,,,,SAP UserSign 24,,,,,,n/a,,SUNFLOWER,,,,,,,SUNFLOWER,,,,,,,,,,,,,,,,,,,64500.0
sub_group,GET /sap-sync/monthly-planning/?monthId=7,2025-03-01,OIL MONTHLY PLANNING FOR MARCH 2025,7,,,,SAP UserSign 24,,,,,,n/a,,BLENDED,,,,,,,BLENDED,,,,,,,,,,,,,,,,,,,45520.0
sub_group,GET /sap-sync/monthly-planning/?monthId=7,2025-03-01,OIL MONTHLY PLANNING FOR MARCH 2025,7,,,,SAP UserSign 24,,,,,,n/a,,GROUNDNUT,,,,,,,GROUNDNUT,,,,,,,,,,,,,,,,,,,25200.0
sub_group,GET /sap-sync/monthly-planning/?monthId=7,2025-03-01,OIL MONTHLY PLANNING FOR MARCH 2025,7,,,,SAP UserSign 24,,,,,,n/a,,RICE BRAN,,,,,,,RICE BRAN,,,,,,,,,,,,,,,,,,,18800.0
sub_group,GET /sap-sync/monthly-planning/?monthId=7,2025-03-01,OIL MONTHLY PLANNING FOR MARCH 2025,7,,,,SAP UserSign 24,,,,,,n/a,,COCONUT,,,,,,,COCONUT,,,,,,,,,,,,,,,,,,,18000.0
sub_group,GET /sap-sync/monthly-planning/?monthId=7,2025-03-01,OIL MONTHLY PLANNING FOR MARCH 2025,7,,,,SAP UserSign 24,,,,,,n/a,,GHEE,,,,,,,GHEE,,,,,,,,,,,,,,,,,,,15931.0
sub_group,GET /sap-sync/monthly-planning/?monthId=7,2025-03-01,OIL MONTHLY PLANNING FOR MARCH 2025,7,,,,SAP UserSign 24,,,,,,n/a,,COTTON SEED,,,,,,,COTTON SEED,,,,,,,,,,,,,,,,,,,6300.0
sub_group,GET /sap-sync/monthly-planning/?monthId=7,2025-03-01,OIL MONTHLY PLANNING FOR MARCH 2025,7,,,,SAP UserSign 24,,,,,,n/a,,SEEDS,,,,,,,SEEDS,,,,,,,,,,,,,,,,,,,5800.0
sub_group,GET /sap-sync/monthly-planning/?monthId=7,2025-03-01,OIL MONTHLY PLANNING FOR MARCH 2025,7,,,,SAP UserSign 24,,,,,,n/a,,SLICED OLIVE,,,,,,,SLICED OLIVE,,,,,,,,,,,,,,,,,,,2400.0
sub_group,GET /sap-sync/monthly-planning/?monthId=7,2025-03-01,OIL MONTHLY PLANNING FOR MARCH 2025,7,,,,SAP UserSign 24,,,,,,n/a,,PAIN OIL,,,,,,,PAIN OIL,,,,,,,,,,,,,,,,,,,1200.0
sub_group,GET /sap-sync/monthly-planning/?monthId=7,2025-03-01,OIL MONTHLY PLANNING FOR MARCH 2025,7,,,,SAP UserSign 24,,,,,,n/a,,SPICES,,,,,,,SPICES,,,,,,,,,,,,,,,,,,,830.0
sub_group,GET /sap-sync/monthly-planning/?monthId=7,2025-03-01,OIL MONTHLY PLANNING FOR MARCH 2025,7,,,,SAP UserSign 24,,,,,,n/a,,RICE,,,,,,,RICE,,,,,,,,,,,,,,,,,,,580.0
sub_group,GET /sap-sync/monthly-planning/?monthId=7,2025-03-01,OIL MONTHLY PLANNING FOR MARCH 2025,7,,,,SAP UserSign 24,,,,,,n/a,,COFFEE,,,,,,,COFFEE,,,,,,,,,,,,,,,,,,,32.0
sub_group,GET /sap-sync/monthly-planning/?monthId=8,2025-04-01,PRODCTION PLANING OF APRIL MONTH 2025,8,,,,SAP UserSign 24,,,,,,n/a,,MUSTARD,,,,,,,MUSTARD,,,,,,,,,,,,,,,,,,,418956.0
sub_group,GET /sap-sync/monthly-planning/?monthId=8,2025-04-01,PRODCTION PLANING OF APRIL MONTH 2025,8,,,,SAP UserSign 24,,,,,,n/a,,SOYABEAN,,,,,,,SOYABEAN,,,,,,,,,,,,,,,,,,,354839.0
sub_group,GET /sap-sync/monthly-planning/?monthId=8,2025-04-01,PRODCTION PLANING OF APRIL MONTH 2025,8,,,,SAP UserSign 24,,,,,,n/a,,OLIVE,,,,,,,OLIVE,,,,,,,,,,,,,,,,,,,269050.0
sub_group,GET /sap-sync/monthly-planning/?monthId=8,2025-04-01,PRODCTION PLANING OF APRIL MONTH 2025,8,,,,SAP UserSign 24,,,,,,n/a,,CANOLA,,,,,,,CANOLA,,,,,,,,,,,,,,,,,,,173816.0
sub_group,GET /sap-sync/monthly-planning/?monthId=8,2025-04-01,PRODCTION PLANING OF APRIL MONTH 2025,8,,,,SAP UserSign 24,,,,,,n/a,,SUNFLOWER,,,,,,,SUNFLOWER,,,,,,,,,,,,,,,,,,,62088.0
sub_group,GET /sap-sync/monthly-planning/?monthId=8,2025-04-01,PRODCTION PLANING OF APRIL MONTH 2025,8,,,,SAP UserSign 24,,,,,,n/a,,BLENDED,,,,,,,BLENDED,,,,,,,,,,,,,,,,,,,46000.0
sub_group,GET /sap-sync/monthly-planning/?monthId=8,2025-04-01,PRODCTION PLANING OF APRIL MONTH 2025,8,,,,SAP UserSign 24,,,,,,n/a,,GHEE,,,,,,,GHEE,,,,,,,,,,,,,,,,,,,26821.0
sub_group,GET /sap-sync/monthly-planning/?monthId=8,2025-04-01,PRODCTION PLANING OF APRIL MONTH 2025,8,,,,SAP UserSign 24,,,,,,n/a,,GROUNDNUT,,,,,,,GROUNDNUT,,,,,,,,,,,,,,,,,,,26000.0
sub_group,GET /sap-sync/monthly-planning/?monthId=8,2025-04-01,PRODCTION PLANING OF APRIL MONTH 2025,8,,,,SAP UserSign 24,,,,,,n/a,,RICE BRAN,,,,,,,RICE BRAN,,,,,,,,,,,,,,,,,,,19000.0
sub_group,GET /sap-sync/monthly-planning/?monthId=8,2025-04-01,PRODCTION PLANING OF APRIL MONTH 2025,8,,,,SAP UserSign 24,,,,,,n/a,,COCONUT,,,,,,,COCONUT,,,,,,,,,,,,,,,,,,,18000.0
sub_group,GET /sap-sync/monthly-planning/?monthId=8,2025-04-01,PRODCTION PLANING OF APRIL MONTH 2025,8,,,,SAP UserSign 24,,,,,,n/a,,SEEDS,,,,,,,SEEDS,,,,,,,,,,,,,,,,,,,4055.0
sub_group,GET /sap-sync/monthly-planning/?monthId=8,2025-04-01,PRODCTION PLANING OF APRIL MONTH 2025,8,,,,SAP UserSign 24,,,,,,n/a,,SPICES,,,,,,,SPICES,,,,,,,,,,,,,,,,,,,2760.0
sub_group,GET /sap-sync/monthly-planning/?monthId=8,2025-04-01,PRODCTION PLANING OF APRIL MONTH 2025,8,,,,SAP UserSign 24,,,,,,n/a,,SLICED OLIVE,,,,,,,SLICED OLIVE,,,,,,,,,,,,,,,,,,,2400.0
sub_group,GET /sap-sync/monthly-planning/?monthId=8,2025-04-01,PRODCTION PLANING OF APRIL MONTH 2025,8,,,,SAP UserSign 24,,,,,,n/a,,COTTON SEED,,,,,,,COTTON SEED,,,,,,,,,,,,,,,,,,,1951.0
sub_group,GET /sap-sync/monthly-planning/?monthId=8,2025-04-01,PRODCTION PLANING OF APRIL MONTH 2025,8,,,,SAP UserSign 24,,,,,,n/a,,HONEY,,,,,,,HONEY,,,,,,,,,,,,,,,,,,,1100.0
sub_group,GET /sap-sync/monthly-planning/?monthId=8,2025-04-01,PRODCTION PLANING OF APRIL MONTH 2025,8,,,,SAP UserSign 24,,,,,,n/a,,RICE,,,,,,,RICE,,,,,,,,,,,,,,,,,,,440.0
sub_group,GET /sap-sync/monthly-planning/?monthId=8,2025-04-01,PRODCTION PLANING OF APRIL MONTH 2025,8,,,,SAP UserSign 24,,,,,,n/a,,COFFEE,,,,,,,COFFEE,,,,,,,,,,,,,,,,,,,112.0
sub_group,GET /sap-sync/monthly-planning/?monthId=9,2025-05-01,PRODUCTION PLANNING OF MAY MONTH,9,,,,SAP UserSign 24,,,,,,n/a,,MUSTARD,,,,,,,MUSTARD,,,,,,,,,,,,,,,,,,,492156.0
sub_group,GET /sap-sync/monthly-planning/?monthId=9,2025-05-01,PRODUCTION PLANNING OF MAY MONTH,9,,,,SAP UserSign 24,,,,,,n/a,,SOYABEAN,,,,,,,SOYABEAN,,,,,,,,,,,,,,,,,,,384887.0
sub_group,GET /sap-sync/monthly-planning/?monthId=9,2025-05-01,PRODUCTION PLANNING OF MAY MONTH,9,,,,SAP UserSign 24,,,,,,n/a,,OLIVE,,,,,,,OLIVE,,,,,,,,,,,,,,,,,,,269450.0
sub_group,GET /sap-sync/monthly-planning/?monthId=9,2025-05-01,PRODUCTION PLANNING OF MAY MONTH,9,,,,SAP UserSign 24,,,,,,n/a,,CANOLA,,,,,,,CANOLA,,,,,,,,,,,,,,,,,,,176916.0
sub_group,GET /sap-sync/monthly-planning/?monthId=9,2025-05-01,PRODUCTION PLANNING OF MAY MONTH,9,,,,SAP UserSign 24,,,,,,n/a,,SUNFLOWER,,,,,,,SUNFLOWER,,,,,,,,,,,,,,,,,,,74013.0
sub_group,GET /sap-sync/monthly-planning/?monthId=9,2025-05-01,PRODUCTION PLANNING OF MAY MONTH,9,,,,SAP UserSign 24,,,,,,n/a,,BLENDED,,,,,,,BLENDED,,,,,,,,,,,,,,,,,,,46000.0
sub_group,GET /sap-sync/monthly-planning/?monthId=9,2025-05-01,PRODUCTION PLANNING OF MAY MONTH,9,,,,SAP UserSign 24,,,,,,n/a,,GROUNDNUT,,,,,,,GROUNDNUT,,,,,,,,,,,,,,,,,,,29000.0
sub_group,GET /sap-sync/monthly-planning/?monthId=9,2025-05-01,PRODUCTION PLANNING OF MAY MONTH,9,,,,SAP UserSign 24,,,,,,n/a,,GHEE,,,,,,,GHEE,,,,,,,,,,,,,,,,,,,28589.0
sub_group,GET /sap-sync/monthly-planning/?monthId=9,2025-05-01,PRODUCTION PLANNING OF MAY MONTH,9,,,,SAP UserSign 24,,,,,,n/a,,RICE BRAN,,,,,,,RICE BRAN,,,,,,,,,,,,,,,,,,,22000.0
sub_group,GET /sap-sync/monthly-planning/?monthId=9,2025-05-01,PRODUCTION PLANNING OF MAY MONTH,9,,,,SAP UserSign 24,,,,,,n/a,,COCONUT,,,,,,,COCONUT,,,,,,,,,,,,,,,,,,,18000.0
sub_group,GET /sap-sync/monthly-planning/?monthId=9,2025-05-01,PRODUCTION PLANNING OF MAY MONTH,9,,,,SAP UserSign 24,,,,,,n/a,,COTTON SEED,,,,,,,COTTON SEED,,,,,,,,,,,,,,,,,,,8005.0
sub_group,GET /sap-sync/monthly-planning/?monthId=9,2025-05-01,PRODUCTION PLANNING OF MAY MONTH,9,,,,SAP UserSign 24,,,,,,n/a,,SEEDS,,,,,,,SEEDS,,,,,,,,,,,,,,,,,,,4055.0
sub_group,GET /sap-sync/monthly-planning/?monthId=9,2025-05-01,PRODUCTION PLANNING OF MAY MONTH,9,,,,SAP UserSign 24,,,,,,n/a,,SPICES,,,,,,,SPICES,,,,,,,,,,,,,,,,,,,2760.0
sub_group,GET /sap-sync/monthly-planning/?monthId=9,2025-05-01,PRODUCTION PLANNING OF MAY MONTH,9,,,,SAP UserSign 24,,,,,,n/a,,SLICED OLIVE,,,,,,,SLICED OLIVE,,,,,,,,,,,,,,,,,,,2400.0
sub_group,GET /sap-sync/monthly-planning/?monthId=9,2025-05-01,PRODUCTION PLANNING OF MAY MONTH,9,,,,SAP UserSign 24,,,,,,n/a,,HONEY,,,,,,,HONEY,,,,,,,,,,,,,,,,,,,1100.0
sub_group,GET /sap-sync/monthly-planning/?monthId=9,2025-05-01,PRODUCTION PLANNING OF MAY MONTH,9,,,,SAP UserSign 24,,,,,,n/a,,COFFEE,,,,,,,COFFEE,,,,,,,,,,,,,,,,,,,1000.0
sub_group,GET /sap-sync/monthly-planning/?monthId=9,2025-05-01,PRODUCTION PLANNING OF MAY MONTH,9,,,,SAP UserSign 24,,,,,,n/a,,RICE,,,,,,,RICE,,,,,,,,,,,,,,,,,,,440.0
sub_group,GET /sap-sync/monthly-planning/?monthId=10,2025-06-01,PRODUCTION PLANNING OF JUNE MONTH 2025,10,,,,SAP UserSign 24,,,,,,n/a,,MUSTARD,,,,,,,MUSTARD,,,,,,,,,,,,,,,,,,,492156.0
sub_group,GET /sap-sync/monthly-planning/?monthId=10,2025-06-01,PRODUCTION PLANNING OF JUNE MONTH 2025,10,,,,SAP UserSign 24,,,,,,n/a,,SOYABEAN,,,,,,,SOYABEAN,,,,,,,,,,,,,,,,,,,390887.0
sub_group,GET /sap-sync/monthly-planning/?monthId=10,2025-06-01,PRODUCTION PLANNING OF JUNE MONTH 2025,10,,,,SAP UserSign 24,,,,,,n/a,,OLIVE,,,,,,,OLIVE,,,,,,,,,,,,,,,,,,,287450.0
sub_group,GET /sap-sync/monthly-planning/?monthId=10,2025-06-01,PRODUCTION PLANNING OF JUNE MONTH 2025,10,,,,SAP UserSign 24,,,,,,n/a,,CANOLA,,,,,,,CANOLA,,,,,,,,,,,,,,,,,,,176916.0
sub_group,GET /sap-sync/monthly-planning/?monthId=10,2025-06-01,PRODUCTION PLANNING OF JUNE MONTH 2025,10,,,,SAP UserSign 24,,,,,,n/a,,SUNFLOWER,,,,,,,SUNFLOWER,,,,,,,,,,,,,,,,,,,74013.0
sub_group,GET /sap-sync/monthly-planning/?monthId=10,2025-06-01,PRODUCTION PLANNING OF JUNE MONTH 2025,10,,,,SAP UserSign 24,,,,,,n/a,,BLENDED,,,,,,,BLENDED,,,,,,,,,,,,,,,,,,,46000.0
sub_group,GET /sap-sync/monthly-planning/?monthId=10,2025-06-01,PRODUCTION PLANNING OF JUNE MONTH 2025,10,,,,SAP UserSign 24,,,,,,n/a,,GHEE,,,,,,,GHEE,,,,,,,,,,,,,,,,,,,36821.0
sub_group,GET /sap-sync/monthly-planning/?monthId=10,2025-06-01,PRODUCTION PLANNING OF JUNE MONTH 2025,10,,,,SAP UserSign 24,,,,,,n/a,,GROUNDNUT,,,,,,,GROUNDNUT,,,,,,,,,,,,,,,,,,,29000.0
sub_group,GET /sap-sync/monthly-planning/?monthId=10,2025-06-01,PRODUCTION PLANNING OF JUNE MONTH 2025,10,,,,SAP UserSign 24,,,,,,n/a,,RICE BRAN,,,,,,,RICE BRAN,,,,,,,,,,,,,,,,,,,22000.0
sub_group,GET /sap-sync/monthly-planning/?monthId=10,2025-06-01,PRODUCTION PLANNING OF JUNE MONTH 2025,10,,,,SAP UserSign 24,,,,,,n/a,,COCONUT,,,,,,,COCONUT,,,,,,,,,,,,,,,,,,,18000.0
sub_group,GET /sap-sync/monthly-planning/?monthId=10,2025-06-01,PRODUCTION PLANNING OF JUNE MONTH 2025,10,,,,SAP UserSign 24,,,,,,n/a,,COTTON SEED,,,,,,,COTTON SEED,,,,,,,,,,,,,,,,,,,8005.0
sub_group,GET /sap-sync/monthly-planning/?monthId=10,2025-06-01,PRODUCTION PLANNING OF JUNE MONTH 2025,10,,,,SAP UserSign 24,,,,,,n/a,,SEEDS,,,,,,,SEEDS,,,,,,,,,,,,,,,,,,,4055.0
sub_group,GET /sap-sync/monthly-planning/?monthId=10,2025-06-01,PRODUCTION PLANNING OF JUNE MONTH 2025,10,,,,SAP UserSign 24,,,,,,n/a,,SPICES,,,,,,,SPICES,,,,,,,,,,,,,,,,,,,2760.0
sub_group,GET /sap-sync/monthly-planning/?monthId=10,2025-06-01,PRODUCTION PLANNING OF JUNE MONTH 2025,10,,,,SAP UserSign 24,,,,,,n/a,,SLICED OLIVE,,,,,,,SLICED OLIVE,,,,,,,,,,,,,,,,,,,2400.0
sub_group,GET /sap-sync/monthly-planning/?monthId=10,2025-06-01,PRODUCTION PLANNING OF JUNE MONTH 2025,10,,,,SAP UserSign 24,,,,,,n/a,,HONEY,,,,,,,HONEY,,,,,,,,,,,,,,,,,,,1100.0
sub_group,GET /sap-sync/monthly-planning/?monthId=10,2025-06-01,PRODUCTION PLANNING OF JUNE MONTH 2025,10,,,,SAP UserSign 24,,,,,,n/a,,COFFEE,,,,,,,COFFEE,,,,,,,,,,,,,,,,,,,1000.0
sub_group,GET /sap-sync/monthly-planning/?monthId=10,2025-06-01,PRODUCTION PLANNING OF JUNE MONTH 2025,10,,,,SAP UserSign 24,,,,,,n/a,,RICE,,,,,,,RICE,,,,,,,,,,,,,,,,,,,440.0
sub_group,GET /sap-sync/monthly-planning/?monthId=11,2025-07-01,OIL Monthly Production Planning for the JULY Month 2025,11,,,,SAP UserSign 22,,,,,,n/a,,MUSTARD,,,,,,,MUSTARD,,,,,,,,,,,,,,,,,,,708018.0
sub_group,GET /sap-sync/monthly-planning/?monthId=11,2025-07-01,OIL Monthly Production Planning for the JULY Month 2025,11,,,,SAP UserSign 22,,,,,,n/a,,SOYABEAN,,,,,,,SOYABEAN,,,,,,,,,,,,,,,,,,,250137.0
sub_group,GET /sap-sync/monthly-planning/?monthId=11,2025-07-01,OIL Monthly Production Planning for the JULY Month 2025,11,,,,SAP UserSign 22,,,,,,n/a,,OLIVE,,,,,,,OLIVE,,,,,,,,,,,,,,,,,,,222800.0
sub_group,GET /sap-sync/monthly-planning/?monthId=11,2025-07-01,OIL Monthly Production Planning for the JULY Month 2025,11,,,,SAP UserSign 22,,,,,,n/a,,CANOLA,,,,,,,CANOLA,,,,,,,,,,,,,,,,,,,175351.0
sub_group,GET /sap-sync/monthly-planning/?monthId=11,2025-07-01,OIL Monthly Production Planning for the JULY Month 2025,11,,,,SAP UserSign 22,,,,,,n/a,,SUNFLOWER,,,,,,,SUNFLOWER,,,,,,,,,,,,,,,,,,,59744.0
sub_group,GET /sap-sync/monthly-planning/?monthId=11,2025-07-01,OIL Monthly Production Planning for the JULY Month 2025,11,,,,SAP UserSign 22,,,,,,n/a,,BLENDED,,,,,,,BLENDED,,,,,,,,,,,,,,,,,,,46400.0
sub_group,GET /sap-sync/monthly-planning/?monthId=11,2025-07-01,OIL Monthly Production Planning for the JULY Month 2025,11,,,,SAP UserSign 22,,,,,,n/a,,GROUNDNUT,,,,,,,GROUNDNUT,,,,,,,,,,,,,,,,,,,23000.0
sub_group,GET /sap-sync/monthly-planning/?monthId=11,2025-07-01,OIL Monthly Production Planning for the JULY Month 2025,11,,,,SAP UserSign 22,,,,,,n/a,,GHEE,,,,,,,GHEE,,,,,,,,,,,,,,,,,,,21921.0
sub_group,GET /sap-sync/monthly-planning/?monthId=11,2025-07-01,OIL Monthly Production Planning for the JULY Month 2025,11,,,,SAP UserSign 22,,,,,,n/a,,RICE BRAN,,,,,,,RICE BRAN,,,,,,,,,,,,,,,,,,,21000.0
sub_group,GET /sap-sync/monthly-planning/?monthId=11,2025-07-01,OIL Monthly Production Planning for the JULY Month 2025,11,,,,SAP UserSign 22,,,,,,n/a,,COCONUT,,,,,,,COCONUT,,,,,,,,,,,,,,,,,,,12200.0
sub_group,GET /sap-sync/monthly-planning/?monthId=11,2025-07-01,OIL Monthly Production Planning for the JULY Month 2025,11,,,,SAP UserSign 22,,,,,,n/a,,SEEDS,,,,,,,SEEDS,,,,,,,,,,,,,,,,,,,4055.0
sub_group,GET /sap-sync/monthly-planning/?monthId=11,2025-07-01,OIL Monthly Production Planning for the JULY Month 2025,11,,,,SAP UserSign 22,,,,,,n/a,,SPICES,,,,,,,SPICES,,,,,,,,,,,,,,,,,,,2760.0
sub_group,GET /sap-sync/monthly-planning/?monthId=11,2025-07-01,OIL Monthly Production Planning for the JULY Month 2025,11,,,,SAP UserSign 22,,,,,,n/a,,SLICED OLIVE,,,,,,,SLICED OLIVE,,,,,,,,,,,,,,,,,,,2400.0
sub_group,GET /sap-sync/monthly-planning/?monthId=11,2025-07-01,OIL Monthly Production Planning for the JULY Month 2025,11,,,,SAP UserSign 22,,,,,,n/a,,HONEY,,,,,,,HONEY,,,,,,,,,,,,,,,,,,,1100.0
sub_group,GET /sap-sync/monthly-planning/?monthId=11,2025-07-01,OIL Monthly Production Planning for the JULY Month 2025,11,,,,SAP UserSign 22,,,,,,n/a,,COTTON SEED,,,,,,,COTTON SEED,,,,,,,,,,,,,,,,,,,700.0
sub_group,GET /sap-sync/monthly-planning/?monthId=11,2025-07-01,OIL Monthly Production Planning for the JULY Month 2025,11,,,,SAP UserSign 22,,,,,,n/a,,RICE,,,,,,,RICE,,,,,,,,,,,,,,,,,,,440.0
sub_group,GET /sap-sync/monthly-planning/?monthId=12,2025-08-01,OIL Monthly Production Planning for the AUG Month 2025,12,,,,SAP UserSign 24,,,,,,n/a,,MUSTARD,,,,,,,MUSTARD,,,,,,,,,,,,,,,,,,,663171.0
sub_group,GET /sap-sync/monthly-planning/?monthId=12,2025-08-01,OIL Monthly Production Planning for the AUG Month 2025,12,,,,SAP UserSign 24,,,,,,n/a,,SOYABEAN,,,,,,,SOYABEAN,,,,,,,,,,,,,,,,,,,342728.0
sub_group,GET /sap-sync/monthly-planning/?monthId=12,2025-08-01,OIL Monthly Production Planning for the AUG Month 2025,12,,,,SAP UserSign 24,,,,,,n/a,,OLIVE,,,,,,,OLIVE,,,,,,,,,,,,,,,,,,,222800.0
sub_group,GET /sap-sync/monthly-planning/?monthId=12,2025-08-01,OIL Monthly Production Planning for the AUG Month 2025,12,,,,SAP UserSign 24,,,,,,n/a,,CANOLA,,,,,,,CANOLA,,,,,,,,,,,,,,,,,,,166267.0
sub_group,GET /sap-sync/monthly-planning/?monthId=12,2025-08-01,OIL Monthly Production Planning for the AUG Month 2025,12,,,,SAP UserSign 24,,,,,,n/a,,SUNFLOWER,,,,,,,SUNFLOWER,,,,,,,,,,,,,,,,,,,60411.0
sub_group,GET /sap-sync/monthly-planning/?monthId=12,2025-08-01,OIL Monthly Production Planning for the AUG Month 2025,12,,,,SAP UserSign 24,,,,,,n/a,,BLENDED,,,,,,,BLENDED,,,,,,,,,,,,,,,,,,,46400.0
sub_group,GET /sap-sync/monthly-planning/?monthId=12,2025-08-01,OIL Monthly Production Planning for the AUG Month 2025,12,,,,SAP UserSign 24,,,,,,n/a,,GROUNDNUT,,,,,,,GROUNDNUT,,,,,,,,,,,,,,,,,,,23000.0
sub_group,GET /sap-sync/monthly-planning/?monthId=12,2025-08-01,OIL Monthly Production Planning for the AUG Month 2025,12,,,,SAP UserSign 24,,,,,,n/a,,COCONUT,,,,,,,COCONUT,,,,,,,,,,,,,,,,,,,22200.0
sub_group,GET /sap-sync/monthly-planning/?monthId=12,2025-08-01,OIL Monthly Production Planning for the AUG Month 2025,12,,,,SAP UserSign 24,,,,,,n/a,,GHEE,,,,,,,GHEE,,,,,,,,,,,,,,,,,,,21921.0
sub_group,GET /sap-sync/monthly-planning/?monthId=12,2025-08-01,OIL Monthly Production Planning for the AUG Month 2025,12,,,,SAP UserSign 24,,,,,,n/a,,RICE BRAN,,,,,,,RICE BRAN,,,,,,,,,,,,,,,,,,,21000.0
sub_group,GET /sap-sync/monthly-planning/?monthId=12,2025-08-01,OIL Monthly Production Planning for the AUG Month 2025,12,,,,SAP UserSign 24,,,,,,n/a,,SEEDS,,,,,,,SEEDS,,,,,,,,,,,,,,,,,,,4055.0
sub_group,GET /sap-sync/monthly-planning/?monthId=12,2025-08-01,OIL Monthly Production Planning for the AUG Month 2025,12,,,,SAP UserSign 24,,,,,,n/a,,SPICES,,,,,,,SPICES,,,,,,,,,,,,,,,,,,,2760.0
sub_group,GET /sap-sync/monthly-planning/?monthId=12,2025-08-01,OIL Monthly Production Planning for the AUG Month 2025,12,,,,SAP UserSign 24,,,,,,n/a,,SLICED OLIVE,,,,,,,SLICED OLIVE,,,,,,,,,,,,,,,,,,,2400.0
sub_group,GET /sap-sync/monthly-planning/?monthId=12,2025-08-01,OIL Monthly Production Planning for the AUG Month 2025,12,,,,SAP UserSign 24,,,,,,n/a,,HONEY,,,,,,,HONEY,,,,,,,,,,,,,,,,,,,1100.0
sub_group,GET /sap-sync/monthly-planning/?monthId=12,2025-08-01,OIL Monthly Production Planning for the AUG Month 2025,12,,,,SAP UserSign 24,,,,,,n/a,,COTTON SEED,,,,,,,COTTON SEED,,,,,,,,,,,,,,,,,,,700.0
sub_group,GET /sap-sync/monthly-planning/?monthId=12,2025-08-01,OIL Monthly Production Planning for the AUG Month 2025,12,,,,SAP UserSign 24,,,,,,n/a,,RICE,,,,,,,RICE,,,,,,,,,,,,,,,,,,,440.0
sub_group,GET /sap-sync/monthly-planning/?monthId=13,2025-09-01,OIL Monthly Production Planning for the SEPTEMBER Month 2025,13,,,,SAP UserSign 24,,,,,,n/a,,MUSTARD,,,,,,,MUSTARD,,,,,,,,,,,,,,,,,,,602267.0
sub_group,GET /sap-sync/monthly-planning/?monthId=13,2025-09-01,OIL Monthly Production Planning for the SEPTEMBER Month 2025,13,,,,SAP UserSign 24,,,,,,n/a,,SOYABEAN,,,,,,,SOYABEAN,,,,,,,,,,,,,,,,,,,255522.0
sub_group,GET /sap-sync/monthly-planning/?monthId=13,2025-09-01,OIL Monthly Production Planning for the SEPTEMBER Month 2025,13,,,,SAP UserSign 24,,,,,,n/a,,OLIVE,,,,,,,OLIVE,,,,,,,,,,,,,,,,,,,252000.0
sub_group,GET /sap-sync/monthly-planning/?monthId=13,2025-09-01,OIL Monthly Production Planning for the SEPTEMBER Month 2025,13,,,,SAP UserSign 24,,,,,,n/a,,CANOLA,,,,,,,CANOLA,,,,,,,,,,,,,,,,,,,182666.0
sub_group,GET /sap-sync/monthly-planning/?monthId=13,2025-09-01,OIL Monthly Production Planning for the SEPTEMBER Month 2025,13,,,,SAP UserSign 24,,,,,,n/a,,SUNFLOWER,,,,,,,SUNFLOWER,,,,,,,,,,,,,,,,,,,72450.0
sub_group,GET /sap-sync/monthly-planning/?monthId=13,2025-09-01,OIL Monthly Production Planning for the SEPTEMBER Month 2025,13,,,,SAP UserSign 24,,,,,,n/a,,BLENDED,,,,,,,BLENDED,,,,,,,,,,,,,,,,,,,69200.0
sub_group,GET /sap-sync/monthly-planning/?monthId=13,2025-09-01,OIL Monthly Production Planning for the SEPTEMBER Month 2025,13,,,,SAP UserSign 24,,,,,,n/a,,GROUNDNUT,,,,,,,GROUNDNUT,,,,,,,,,,,,,,,,,,,46000.0
sub_group,GET /sap-sync/monthly-planning/?monthId=13,2025-09-01,OIL Monthly Production Planning for the SEPTEMBER Month 2025,13,,,,SAP UserSign 24,,,,,,n/a,,GHEE,,,,,,,GHEE,,,,,,,,,,,,,,,,,,,21921.0
sub_group,GET /sap-sync/monthly-planning/?monthId=13,2025-09-01,OIL Monthly Production Planning for the SEPTEMBER Month 2025,13,,,,SAP UserSign 24,,,,,,n/a,,RICE BRAN,,,,,,,RICE BRAN,,,,,,,,,,,,,,,,,,,19000.0
sub_group,GET /sap-sync/monthly-planning/?monthId=13,2025-09-01,OIL Monthly Production Planning for the SEPTEMBER Month 2025,13,,,,SAP UserSign 24,,,,,,n/a,,COCONUT,,,,,,,COCONUT,,,,,,,,,,,,,,,,,,,17200.0
sub_group,GET /sap-sync/monthly-planning/?monthId=13,2025-09-01,OIL Monthly Production Planning for the SEPTEMBER Month 2025,13,,,,SAP UserSign 24,,,,,,n/a,,SEEDS,,,,,,,SEEDS,,,,,,,,,,,,,,,,,,,4055.0
sub_group,GET /sap-sync/monthly-planning/?monthId=13,2025-09-01,OIL Monthly Production Planning for the SEPTEMBER Month 2025,13,,,,SAP UserSign 24,,,,,,n/a,,SPICES,,,,,,,SPICES,,,,,,,,,,,,,,,,,,,2760.0
sub_group,GET /sap-sync/monthly-planning/?monthId=13,2025-09-01,OIL Monthly Production Planning for the SEPTEMBER Month 2025,13,,,,SAP UserSign 24,,,,,,n/a,,SLICED OLIVE,,,,,,,SLICED OLIVE,,,,,,,,,,,,,,,,,,,2400.0
sub_group,GET /sap-sync/monthly-planning/?monthId=13,2025-09-01,OIL Monthly Production Planning for the SEPTEMBER Month 2025,13,,,,SAP UserSign 24,,,,,,n/a,,HONEY,,,,,,,HONEY,,,,,,,,,,,,,,,,,,,1100.0
sub_group,GET /sap-sync/monthly-planning/?monthId=13,2025-09-01,OIL Monthly Production Planning for the SEPTEMBER Month 2025,13,,,,SAP UserSign 24,,,,,,n/a,,COTTON SEED,,,,,,,COTTON SEED,,,,,,,,,,,,,,,,,,,1050.0
sub_group,GET /sap-sync/monthly-planning/?monthId=13,2025-09-01,OIL Monthly Production Planning for the SEPTEMBER Month 2025,13,,,,SAP UserSign 24,,,,,,n/a,,RICE,,,,,,,RICE,,,,,,,,,,,,,,,,,,,440.0
sub_group,GET /sap-sync/monthly-planning/?monthId=14,2025-10-01,OIL Monthly Production Planning for the OCTOBER Month 2025,14,,,,SAP UserSign 24,,,,,,n/a,,MUSTARD,,,,,,,MUSTARD,,,,,,,,,,,,,,,,,,,518552.0
sub_group,GET /sap-sync/monthly-planning/?monthId=14,2025-10-01,OIL Monthly Production Planning for the OCTOBER Month 2025,14,,,,SAP UserSign 24,,,,,,n/a,,OLIVE,,,,,,,OLIVE,,,,,,,,,,,,,,,,,,,283000.0
sub_group,GET /sap-sync/monthly-planning/?monthId=14,2025-10-01,OIL Monthly Production Planning for the OCTOBER Month 2025,14,,,,SAP UserSign 24,,,,,,n/a,,CANOLA,,,,,,,CANOLA,,,,,,,,,,,,,,,,,,,183233.0
sub_group,GET /sap-sync/monthly-planning/?monthId=14,2025-10-01,OIL Monthly Production Planning for the OCTOBER Month 2025,14,,,,SAP UserSign 24,,,,,,n/a,,SOYABEAN,,,,,,,SOYABEAN,,,,,,,,,,,,,,,,,,,170939.0
sub_group,GET /sap-sync/monthly-planning/?monthId=14,2025-10-01,OIL Monthly Production Planning for the OCTOBER Month 2025,14,,,,SAP UserSign 24,,,,,,n/a,,SUNFLOWER,,,,,,,SUNFLOWER,,,,,,,,,,,,,,,,,,,77000.0
sub_group,GET /sap-sync/monthly-planning/?monthId=14,2025-10-01,OIL Monthly Production Planning for the OCTOBER Month 2025,14,,,,SAP UserSign 24,,,,,,n/a,,BLENDED,,,,,,,BLENDED,,,,,,,,,,,,,,,,,,,67200.0
sub_group,GET /sap-sync/monthly-planning/?monthId=14,2025-10-01,OIL Monthly Production Planning for the OCTOBER Month 2025,14,,,,SAP UserSign 24,,,,,,n/a,,GROUNDNUT,,,,,,,GROUNDNUT,,,,,,,,,,,,,,,,,,,47000.0
sub_group,GET /sap-sync/monthly-planning/?monthId=14,2025-10-01,OIL Monthly Production Planning for the OCTOBER Month 2025,14,,,,SAP UserSign 24,,,,,,n/a,,RICE BRAN,,,,,,,RICE BRAN,,,,,,,,,,,,,,,,,,,19000.0
sub_group,GET /sap-sync/monthly-planning/?monthId=14,2025-10-01,OIL Monthly Production Planning for the OCTOBER Month 2025,14,,,,SAP UserSign 24,,,,,,n/a,,COCONUT,,,,,,,COCONUT,,,,,,,,,,,,,,,,,,,17200.0
sub_group,GET /sap-sync/monthly-planning/?monthId=14,2025-10-01,OIL Monthly Production Planning for the OCTOBER Month 2025,14,,,,SAP UserSign 24,,,,,,n/a,,GHEE,,,,,,,GHEE,,,,,,,,,,,,,,,,,,,15000.0
sub_group,GET /sap-sync/monthly-planning/?monthId=14,2025-10-01,OIL Monthly Production Planning for the OCTOBER Month 2025,14,,,,SAP UserSign 24,,,,,,n/a,,SESAME,,,,,,,SESAME,,,,,,,,,,,,,,,,,,,10000.0
sub_group,GET /sap-sync/monthly-planning/?monthId=14,2025-10-01,OIL Monthly Production Planning for the OCTOBER Month 2025,14,,,,SAP UserSign 24,,,,,,n/a,,COTTON SEED,,,,,,,COTTON SEED,,,,,,,,,,,,,,,,,,,2801.0
sub_group,GET /sap-sync/monthly-planning/?monthId=15,2025-11-01,OIL Monthly Production Planning for the NOVEMBER Month 2025,15,,,,SAP UserSign 24,,,,,,n/a,,MUSTARD,,,,,,,MUSTARD,,,,,,,,,,,,,,,,,,,445189.0
sub_group,GET /sap-sync/monthly-planning/?monthId=15,2025-11-01,OIL Monthly Production Planning for the NOVEMBER Month 2025,15,,,,SAP UserSign 24,,,,,,n/a,,SOYABEAN,,,,,,,SOYABEAN,,,,,,,,,,,,,,,,,,,282170.0
sub_group,GET /sap-sync/monthly-planning/?monthId=15,2025-11-01,OIL Monthly Production Planning for the NOVEMBER Month 2025,15,,,,SAP UserSign 24,,,,,,n/a,,OLIVE,,,,,,,OLIVE,,,,,,,,,,,,,,,,,,,273000.0
sub_group,GET /sap-sync/monthly-planning/?monthId=15,2025-11-01,OIL Monthly Production Planning for the NOVEMBER Month 2025,15,,,,SAP UserSign 24,,,,,,n/a,,CANOLA,,,,,,,CANOLA,,,,,,,,,,,,,,,,,,,195150.0
sub_group,GET /sap-sync/monthly-planning/?monthId=15,2025-11-01,OIL Monthly Production Planning for the NOVEMBER Month 2025,15,,,,SAP UserSign 24,,,,,,n/a,,SUNFLOWER,,,,,,,SUNFLOWER,,,,,,,,,,,,,,,,,,,77333.0
sub_group,GET /sap-sync/monthly-planning/?monthId=15,2025-11-01,OIL Monthly Production Planning for the NOVEMBER Month 2025,15,,,,SAP UserSign 24,,,,,,n/a,,BLENDED,,,,,,,BLENDED,,,,,,,,,,,,,,,,,,,57200.0
sub_group,GET /sap-sync/monthly-planning/?monthId=15,2025-11-01,OIL Monthly Production Planning for the NOVEMBER Month 2025,15,,,,SAP UserSign 24,,,,,,n/a,,GROUNDNUT,,,,,,,GROUNDNUT,,,,,,,,,,,,,,,,,,,47000.0
sub_group,GET /sap-sync/monthly-planning/?monthId=15,2025-11-01,OIL Monthly Production Planning for the NOVEMBER Month 2025,15,,,,SAP UserSign 24,,,,,,n/a,,RICE BRAN,,,,,,,RICE BRAN,,,,,,,,,,,,,,,,,,,20000.0
sub_group,GET /sap-sync/monthly-planning/?monthId=15,2025-11-01,OIL Monthly Production Planning for the NOVEMBER Month 2025,15,,,,SAP UserSign 24,,,,,,n/a,,COCONUT,,,,,,,COCONUT,,,,,,,,,,,,,,,,,,,17200.0
sub_group,GET /sap-sync/monthly-planning/?monthId=15,2025-11-01,OIL Monthly Production Planning for the NOVEMBER Month 2025,15,,,,SAP UserSign 24,,,,,,n/a,,GHEE,,,,,,,GHEE,,,,,,,,,,,,,,,,,,,15000.0
sub_group,GET /sap-sync/monthly-planning/?monthId=15,2025-11-01,OIL Monthly Production Planning for the NOVEMBER Month 2025,15,,,,SAP UserSign 24,,,,,,n/a,,SESAME,,,,,,,SESAME,,,,,,,,,,,,,,,,,,,10000.0
sub_group,GET /sap-sync/monthly-planning/?monthId=15,2025-11-01,OIL Monthly Production Planning for the NOVEMBER Month 2025,15,,,,SAP UserSign 24,,,,,,n/a,,COTTON SEED,,,,,,,COTTON SEED,,,,,,,,,,,,,,,,,,,2801.0
sub_group,GET /sap-sync/monthly-planning/?monthId=16,2025-12-01,OIL Monthly Production Planning for the DECEMBER Month 2025,16,,,,SAP UserSign 24,,,,,,n/a,,MUSTARD,,,,,,,MUSTARD,,,,,,,,,,,,,,,,,,,439189.0
sub_group,GET /sap-sync/monthly-planning/?monthId=16,2025-12-01,OIL Monthly Production Planning for the DECEMBER Month 2025,16,,,,SAP UserSign 24,,,,,,n/a,,OLIVE,,,,,,,OLIVE,,,,,,,,,,,,,,,,,,,273125.0
sub_group,GET /sap-sync/monthly-planning/?monthId=16,2025-12-01,OIL Monthly Production Planning for the DECEMBER Month 2025,16,,,,SAP UserSign 24,,,,,,n/a,,SOYABEAN,,,,,,,SOYABEAN,,,,,,,,,,,,,,,,,,,260456.0
sub_group,GET /sap-sync/monthly-planning/?monthId=16,2025-12-01,OIL Monthly Production Planning for the DECEMBER Month 2025,16,,,,SAP UserSign 24,,,,,,n/a,,CANOLA,,,,,,,CANOLA,,,,,,,,,,,,,,,,,,,181150.0
sub_group,GET /sap-sync/monthly-planning/?monthId=16,2025-12-01,OIL Monthly Production Planning for the DECEMBER Month 2025,16,,,,SAP UserSign 24,,,,,,n/a,,SUNFLOWER,,,,,,,SUNFLOWER,,,,,,,,,,,,,,,,,,,75333.0
sub_group,GET /sap-sync/monthly-planning/?monthId=16,2025-12-01,OIL Monthly Production Planning for the DECEMBER Month 2025,16,,,,SAP UserSign 24,,,,,,n/a,,BLENDED,,,,,,,BLENDED,,,,,,,,,,,,,,,,,,,57200.0
sub_group,GET /sap-sync/monthly-planning/?monthId=16,2025-12-01,OIL Monthly Production Planning for the DECEMBER Month 2025,16,,,,SAP UserSign 24,,,,,,n/a,,GROUNDNUT,,,,,,,GROUNDNUT,,,,,,,,,,,,,,,,,,,47000.0
sub_group,GET /sap-sync/monthly-planning/?monthId=16,2025-12-01,OIL Monthly Production Planning for the DECEMBER Month 2025,16,,,,SAP UserSign 24,,,,,,n/a,,GHEE,,,,,,,GHEE,,,,,,,,,,,,,,,,,,,24500.0
sub_group,GET /sap-sync/monthly-planning/?monthId=16,2025-12-01,OIL Monthly Production Planning for the DECEMBER Month 2025,16,,,,SAP UserSign 24,,,,,,n/a,,RICE BRAN,,,,,,,RICE BRAN,,,,,,,,,,,,,,,,,,,20000.0
sub_group,GET /sap-sync/monthly-planning/?monthId=16,2025-12-01,OIL Monthly Production Planning for the DECEMBER Month 2025,16,,,,SAP UserSign 24,,,,,,n/a,,COCONUT,,,,,,,COCONUT,,,,,,,,,,,,,,,,,,,17200.0
sub_group,GET /sap-sync/monthly-planning/?monthId=16,2025-12-01,OIL Monthly Production Planning for the DECEMBER Month 2025,16,,,,SAP UserSign 24,,,,,,n/a,,SESAME,,,,,,,SESAME,,,,,,,,,,,,,,,,,,,10000.0
sub_group,GET /sap-sync/monthly-planning/?monthId=16,2025-12-01,OIL Monthly Production Planning for the DECEMBER Month 2025,16,,,,SAP UserSign 24,,,,,,n/a,,COTTON SEED,,,,,,,COTTON SEED,,,,,,,,,,,,,,,,,,,2801.0
sub_group,GET /sap-sync/monthly-planning/?monthId=17,2026-01-01,OIL Monthly Production Planning for the JANUARY Month 2026,17,,,,SAP UserSign 24,,,,,,n/a,,MUSTARD,,,,,,,MUSTARD,,,,,,,,,,,,,,,,,,,383717.0
sub_group,GET /sap-sync/monthly-planning/?monthId=17,2026-01-01,OIL Monthly Production Planning for the JANUARY Month 2026,17,,,,SAP UserSign 24,,,,,,n/a,,SOYABEAN,,,,,,,SOYABEAN,,,,,,,,,,,,,,,,,,,311236.0
sub_group,GET /sap-sync/monthly-planning/?monthId=17,2026-01-01,OIL Monthly Production Planning for the JANUARY Month 2026,17,,,,SAP UserSign 24,,,,,,n/a,,OLIVE,,,,,,,OLIVE,,,,,,,,,,,,,,,,,,,302575.0
sub_group,GET /sap-sync/monthly-planning/?monthId=17,2026-01-01,OIL Monthly Production Planning for the JANUARY Month 2026,17,,,,SAP UserSign 24,,,,,,n/a,,CANOLA,,,,,,,CANOLA,,,,,,,,,,,,,,,,,,,184467.0
sub_group,GET /sap-sync/monthly-planning/?monthId=17,2026-01-01,OIL Monthly Production Planning for the JANUARY Month 2026,17,,,,SAP UserSign 24,,,,,,n/a,,SUNFLOWER,,,,,,,SUNFLOWER,,,,,,,,,,,,,,,,,,,79978.0
sub_group,GET /sap-sync/monthly-planning/?monthId=17,2026-01-01,OIL Monthly Production Planning for the JANUARY Month 2026,17,,,,SAP UserSign 24,,,,,,n/a,,BLENDED,,,,,,,BLENDED,,,,,,,,,,,,,,,,,,,67400.0
sub_group,GET /sap-sync/monthly-planning/?monthId=17,2026-01-01,OIL Monthly Production Planning for the JANUARY Month 2026,17,,,,SAP UserSign 24,,,,,,n/a,,GROUNDNUT,,,,,,,GROUNDNUT,,,,,,,,,,,,,,,,,,,52610.0
sub_group,GET /sap-sync/monthly-planning/?monthId=17,2026-01-01,OIL Monthly Production Planning for the JANUARY Month 2026,17,,,,SAP UserSign 24,,,,,,n/a,,GHEE,,,,,,,GHEE,,,,,,,,,,,,,,,,,,,31000.0
sub_group,GET /sap-sync/monthly-planning/?monthId=17,2026-01-01,OIL Monthly Production Planning for the JANUARY Month 2026,17,,,,SAP UserSign 24,,,,,,n/a,,SESAME,,,,,,,SESAME,,,,,,,,,,,,,,,,,,,20100.0
sub_group,GET /sap-sync/monthly-planning/?monthId=17,2026-01-01,OIL Monthly Production Planning for the JANUARY Month 2026,17,,,,SAP UserSign 24,,,,,,n/a,,RICE BRAN,,,,,,,RICE BRAN,,,,,,,,,,,,,,,,,,,20000.0
sub_group,GET /sap-sync/monthly-planning/?monthId=17,2026-01-01,OIL Monthly Production Planning for the JANUARY Month 2026,17,,,,SAP UserSign 24,,,,,,n/a,,COCONUT,,,,,,,COCONUT,,,,,,,,,,,,,,,,,,,17300.0
sub_group,GET /sap-sync/monthly-planning/?monthId=17,2026-01-01,OIL Monthly Production Planning for the JANUARY Month 2026,17,,,,SAP UserSign 24,,,,,,n/a,,COTTON SEED,,,,,,,COTTON SEED,,,,,,,,,,,,,,,,,,,4902.0
sub_group,GET /sap-sync/monthly-planning/?monthId=18,2026-02-01,Oil Production Planning for the month of FEB 26,18,,,,SAP UserSign 24,,,,,,n/a,,MUSTARD,,,,,,,MUSTARD,,,,,,,,,,,,,,,,,,,378547.0
sub_group,GET /sap-sync/monthly-planning/?monthId=18,2026-02-01,Oil Production Planning for the month of FEB 26,18,,,,SAP UserSign 24,,,,,,n/a,,SOYABEAN,,,,,,,SOYABEAN,,,,,,,,,,,,,,,,,,,318433.0
sub_group,GET /sap-sync/monthly-planning/?monthId=18,2026-02-01,Oil Production Planning for the month of FEB 26,18,,,,SAP UserSign 24,,,,,,n/a,,OLIVE,,,,,,,OLIVE,,,,,,,,,,,,,,,,,,,290175.0
sub_group,GET /sap-sync/monthly-planning/?monthId=18,2026-02-01,Oil Production Planning for the month of FEB 26,18,,,,SAP UserSign 24,,,,,,n/a,,CANOLA,,,,,,,CANOLA,,,,,,,,,,,,,,,,,,,183234.0
sub_group,GET /sap-sync/monthly-planning/?monthId=18,2026-02-01,Oil Production Planning for the month of FEB 26,18,,,,SAP UserSign 24,,,,,,n/a,,SUNFLOWER,,,,,,,SUNFLOWER,,,,,,,,,,,,,,,,,,,78033.0
sub_group,GET /sap-sync/monthly-planning/?monthId=18,2026-02-01,Oil Production Planning for the month of FEB 26,18,,,,SAP UserSign 24,,,,,,n/a,,BLENDED,,,,,,,BLENDED,,,,,,,,,,,,,,,,,,,58600.0
sub_group,GET /sap-sync/monthly-planning/?monthId=18,2026-02-01,Oil Production Planning for the month of FEB 26,18,,,,SAP UserSign 24,,,,,,n/a,,GROUNDNUT,,,,,,,GROUNDNUT,,,,,,,,,,,,,,,,,,,48000.0
sub_group,GET /sap-sync/monthly-planning/?monthId=18,2026-02-01,Oil Production Planning for the month of FEB 26,18,,,,SAP UserSign 24,,,,,,n/a,,SESAME,,,,,,,SESAME,,,,,,,,,,,,,,,,,,,20100.0
sub_group,GET /sap-sync/monthly-planning/?monthId=18,2026-02-01,Oil Production Planning for the month of FEB 26,18,,,,SAP UserSign 24,,,,,,n/a,,RICE BRAN,,,,,,,RICE BRAN,,,,,,,,,,,,,,,,,,,20000.0
sub_group,GET /sap-sync/monthly-planning/?monthId=18,2026-02-01,Oil Production Planning for the month of FEB 26,18,,,,SAP UserSign 24,,,,,,n/a,,COCONUT,,,,,,,COCONUT,,,,,,,,,,,,,,,,,,,9300.0
sub_group,GET /sap-sync/monthly-planning/?monthId=18,2026-02-01,Oil Production Planning for the month of FEB 26,18,,,,SAP UserSign 24,,,,,,n/a,,GHEE,,,,,,,GHEE,,,,,,,,,,,,,,,,,,,7000.0
sub_group,GET /sap-sync/monthly-planning/?monthId=18,2026-02-01,Oil Production Planning for the month of FEB 26,18,,,,SAP UserSign 24,,,,,,n/a,,COTTON SEED,,,,,,,COTTON SEED,,,,,,,,,,,,,,,,,,,1401.0
sub_group,GET /sap-sync/monthly-planning/?monthId=19,2026-03-01,OIL Monthly Production Planning for the MARCH Month 2026,19,,,,SAP UserSign 24,,,,,,n/a,,MUSTARD,,,,,,,MUSTARD,,,,,,,,,,,,,,,,,,,382547.0
sub_group,GET /sap-sync/monthly-planning/?monthId=19,2026-03-01,OIL Monthly Production Planning for the MARCH Month 2026,19,,,,SAP UserSign 24,,,,,,n/a,,SOYABEAN,,,,,,,SOYABEAN,,,,,,,,,,,,,,,,,,,318433.0
sub_group,GET /sap-sync/monthly-planning/?monthId=19,2026-03-01,OIL Monthly Production Planning for the MARCH Month 2026,19,,,,SAP UserSign 24,,,,,,n/a,,OLIVE,,,,,,,OLIVE,,,,,,,,,,,,,,,,,,,290175.0
sub_group,GET /sap-sync/monthly-planning/?monthId=19,2026-03-01,OIL Monthly Production Planning for the MARCH Month 2026,19,,,,SAP UserSign 24,,,,,,n/a,,CANOLA,,,,,,,CANOLA,,,,,,,,,,,,,,,,,,,167734.0
sub_group,GET /sap-sync/monthly-planning/?monthId=19,2026-03-01,OIL Monthly Production Planning for the MARCH Month 2026,19,,,,SAP UserSign 24,,,,,,n/a,,SUNFLOWER,,,,,,,SUNFLOWER,,,,,,,,,,,,,,,,,,,78033.0
sub_group,GET /sap-sync/monthly-planning/?monthId=19,2026-03-01,OIL Monthly Production Planning for the MARCH Month 2026,19,,,,SAP UserSign 24,,,,,,n/a,,BLENDED,,,,,,,BLENDED,,,,,,,,,,,,,,,,,,,58600.0
sub_group,GET /sap-sync/monthly-planning/?monthId=19,2026-03-01,OIL Monthly Production Planning for the MARCH Month 2026,19,,,,SAP UserSign 24,,,,,,n/a,,GROUNDNUT,,,,,,,GROUNDNUT,,,,,,,,,,,,,,,,,,,51200.0
sub_group,GET /sap-sync/monthly-planning/?monthId=19,2026-03-01,OIL Monthly Production Planning for the MARCH Month 2026,19,,,,SAP UserSign 24,,,,,,n/a,,SESAME,,,,,,,SESAME,,,,,,,,,,,,,,,,,,,21100.0
sub_group,GET /sap-sync/monthly-planning/?monthId=19,2026-03-01,OIL Monthly Production Planning for the MARCH Month 2026,19,,,,SAP UserSign 24,,,,,,n/a,,RICE BRAN,,,,,,,RICE BRAN,,,,,,,,,,,,,,,,,,,20000.0
sub_group,GET /sap-sync/monthly-planning/?monthId=19,2026-03-01,OIL Monthly Production Planning for the MARCH Month 2026,19,,,,SAP UserSign 24,,,,,,n/a,,COCONUT,,,,,,,COCONUT,,,,,,,,,,,,,,,,,,,9300.0
sub_group,GET /sap-sync/monthly-planning/?monthId=19,2026-03-01,OIL Monthly Production Planning for the MARCH Month 2026,19,,,,SAP UserSign 24,,,,,,n/a,,GHEE,,,,,,,GHEE,,,,,,,,,,,,,,,,,,,7000.0
sub_group,GET /sap-sync/monthly-planning/?monthId=19,2026-03-01,OIL Monthly Production Planning for the MARCH Month 2026,19,,,,SAP UserSign 24,,,,,,n/a,,COTTON SEED,,,,,,,COTTON SEED,,,,,,,,,,,,,,,,,,,1401.0
sub_group,GET /sap-sync/monthly-planning/?monthId=20,2026-04-01,OIL Monthly Production Planning for the APRIL Month 2026,20,,,,SAP UserSign 22,,,,,,n/a,,MUSTARD,,,,,,,MUSTARD,,,,,,,,,,,,,,,,,,,396331.0
sub_group,GET /sap-sync/monthly-planning/?monthId=20,2026-04-01,OIL Monthly Production Planning for the APRIL Month 2026,20,,,,SAP UserSign 22,,,,,,n/a,,OLIVE,,,,,,,OLIVE,,,,,,,,,,,,,,,,,,,290975.0
sub_group,GET /sap-sync/monthly-planning/?monthId=20,2026-04-01,OIL Monthly Production Planning for the APRIL Month 2026,20,,,,SAP UserSign 22,,,,,,n/a,,SOYABEAN,,,,,,,SOYABEAN,,,,,,,,,,,,,,,,,,,258333.0
sub_group,GET /sap-sync/monthly-planning/?monthId=20,2026-04-01,OIL Monthly Production Planning for the APRIL Month 2026,20,,,,SAP UserSign 22,,,,,,n/a,,CANOLA,,,,,,,CANOLA,,,,,,,,,,,,,,,,,,,180567.0
sub_group,GET /sap-sync/monthly-planning/?monthId=20,2026-04-01,OIL Monthly Production Planning for the APRIL Month 2026,20,,,,SAP UserSign 22,,,,,,n/a,,SUNFLOWER,,,,,,,SUNFLOWER,,,,,,,,,,,,,,,,,,,79283.0
sub_group,GET /sap-sync/monthly-planning/?monthId=20,2026-04-01,OIL Monthly Production Planning for the APRIL Month 2026,20,,,,SAP UserSign 22,,,,,,n/a,,GROUNDNUT,,,,,,,GROUNDNUT,,,,,,,,,,,,,,,,,,,75700.0
sub_group,GET /sap-sync/monthly-planning/?monthId=20,2026-04-01,OIL Monthly Production Planning for the APRIL Month 2026,20,,,,SAP UserSign 22,,,,,,n/a,,BLENDED,,,,,,,BLENDED,,,,,,,,,,,,,,,,,,,59000.0
sub_group,GET /sap-sync/monthly-planning/?monthId=20,2026-04-01,OIL Monthly Production Planning for the APRIL Month 2026,20,,,,SAP UserSign 22,,,,,,n/a,,SESAME,,,,,,,SESAME,,,,,,,,,,,,,,,,,,,21100.0
sub_group,GET /sap-sync/monthly-planning/?monthId=20,2026-04-01,OIL Monthly Production Planning for the APRIL Month 2026,20,,,,SAP UserSign 22,,,,,,n/a,,RICE BRAN,,,,,,,RICE BRAN,,,,,,,,,,,,,,,,,,,20000.0
sub_group,GET /sap-sync/monthly-planning/?monthId=20,2026-04-01,OIL Monthly Production Planning for the APRIL Month 2026,20,,,,SAP UserSign 22,,,,,,n/a,,COCONUT,,,,,,,COCONUT,,,,,,,,,,,,,,,,,,,9300.0
sub_group,GET /sap-sync/monthly-planning/?monthId=20,2026-04-01,OIL Monthly Production Planning for the APRIL Month 2026,20,,,,SAP UserSign 22,,,,,,n/a,,GHEE,,,,,,,GHEE,,,,,,,,,,,,,,,,,,,2000.0
sub_group,GET /sap-sync/monthly-planning/?monthId=21,2026-04-01,REVSIED MONTHLY PLANNING,21,,,,SAP UserSign 22,,,,,,n/a,,MUSTARD,,,,,,,MUSTARD,,,,,,,,,,,,,,,,,,,411803.0
sub_group,GET /sap-sync/monthly-planning/?monthId=21,2026-04-01,REVSIED MONTHLY PLANNING,21,,,,SAP UserSign 22,,,,,,n/a,,OLIVE,,,,,,,OLIVE,,,,,,,,,,,,,,,,,,,355467.0
sub_group,GET /sap-sync/monthly-planning/?monthId=21,2026-04-01,REVSIED MONTHLY PLANNING,21,,,,SAP UserSign 22,,,,,,n/a,,SOYABEAN,,,,,,,SOYABEAN,,,,,,,,,,,,,,,,,,,285673.0
sub_group,GET /sap-sync/monthly-planning/?monthId=21,2026-04-01,REVSIED MONTHLY PLANNING,21,,,,SAP UserSign 22,,,,,,n/a,,CANOLA,,,,,,,CANOLA,,,,,,,,,,,,,,,,,,,211161.0
sub_group,GET /sap-sync/monthly-planning/?monthId=21,2026-04-01,REVSIED MONTHLY PLANNING,21,,,,SAP UserSign 22,,,,,,n/a,,GROUNDNUT,,,,,,,GROUNDNUT,,,,,,,,,,,,,,,,,,,206700.0
sub_group,GET /sap-sync/monthly-planning/?monthId=21,2026-04-01,REVSIED MONTHLY PLANNING,21,,,,SAP UserSign 22,,,,,,n/a,,SUNFLOWER,,,,,,,SUNFLOWER,,,,,,,,,,,,,,,,,,,89972.0
sub_group,GET /sap-sync/monthly-planning/?monthId=21,2026-04-01,REVSIED MONTHLY PLANNING,21,,,,SAP UserSign 22,,,,,,n/a,,BLENDED,,,,,,,BLENDED,,,,,,,,,,,,,,,,,,,68034.0
sub_group,GET /sap-sync/monthly-planning/?monthId=21,2026-04-01,REVSIED MONTHLY PLANNING,21,,,,SAP UserSign 22,,,,,,n/a,,RICE BRAN,,,,,,,RICE BRAN,,,,,,,,,,,,,,,,,,,18268.0
sub_group,GET /sap-sync/monthly-planning/?monthId=21,2026-04-01,REVSIED MONTHLY PLANNING,21,,,,SAP UserSign 22,,,,,,n/a,,SESAME,,,,,,,SESAME,,,,,,,,,,,,,,,,,,,9100.0
sub_group,GET /sap-sync/monthly-planning/?monthId=21,2026-04-01,REVSIED MONTHLY PLANNING,21,,,,SAP UserSign 22,,,,,,n/a,,COCONUT,,,,,,,COCONUT,,,,,,,,,,,,,,,,,,,8092.0
sub_group,GET /sap-sync/monthly-planning/?monthId=21,2026-04-01,REVSIED MONTHLY PLANNING,21,,,,SAP UserSign 22,,,,,,n/a,,GHEE,,,,,,,GHEE,,,,,,,,,,,,,,,,,,,5200.0
sub_group,GET /sap-sync/monthly-planning/?monthId=21,2026-04-01,REVSIED MONTHLY PLANNING,21,,,,SAP UserSign 22,,,,,,n/a,,RICE,,,,,,,RICE,,,,,,,,,,,,,,,,,,,5000.0
sub_group,GET /sap-sync/monthly-planning/?monthId=21,2026-04-01,REVSIED MONTHLY PLANNING,21,,,,SAP UserSign 22,,,,,,n/a,,TEA,,,,,,,TEA,,,,,,,,,,,,,,,,,,,5000.0
sub_group,GET /sap-sync/monthly-planning/?monthId=22,2026-05-01,OIL Monthly Production Planning for the MAY Month 2026,22,,,,SAP UserSign 24,,,,,,n/a,,OLIVE,,,,,,,OLIVE,,,,,,,,,,,,,,,,,,,445571.0
sub_group,GET /sap-sync/monthly-planning/?monthId=22,2026-05-01,OIL Monthly Production Planning for the MAY Month 2026,22,,,,SAP UserSign 24,,,,,,n/a,,SOYABEAN,,,,,,,SOYABEAN,,,,,,,,,,,,,,,,,,,332815.0
sub_group,GET /sap-sync/monthly-planning/?monthId=22,2026-05-01,OIL Monthly Production Planning for the MAY Month 2026,22,,,,SAP UserSign 24,,,,,,n/a,,MUSTARD,,,,,,,MUSTARD,,,,,,,,,,,,,,,,,,,318547.0
sub_group,GET /sap-sync/monthly-planning/?monthId=22,2026-05-01,OIL Monthly Production Planning for the MAY Month 2026,22,,,,SAP UserSign 24,,,,,,n/a,,GROUNDNUT,,,,,,,GROUNDNUT,,,,,,,,,,,,,,,,,,,308700.0
sub_group,GET /sap-sync/monthly-planning/?monthId=22,2026-05-01,OIL Monthly Production Planning for the MAY Month 2026,22,,,,SAP UserSign 24,,,,,,n/a,,CANOLA,,,,,,,CANOLA,,,,,,,,,,,,,,,,,,,207243.0
sub_group,GET /sap-sync/monthly-planning/?monthId=22,2026-05-01,OIL Monthly Production Planning for the MAY Month 2026,22,,,,SAP UserSign 24,,,,,,n/a,,SUNFLOWER,,,,,,,SUNFLOWER,,,,,,,,,,,,,,,,,,,91767.0
sub_group,GET /sap-sync/monthly-planning/?monthId=22,2026-05-01,OIL Monthly Production Planning for the MAY Month 2026,22,,,,SAP UserSign 24,,,,,,n/a,,BLENDED,,,,,,,BLENDED,,,,,,,,,,,,,,,,,,,44502.0
sub_group,GET /sap-sync/monthly-planning/?monthId=22,2026-05-01,OIL Monthly Production Planning for the MAY Month 2026,22,,,,SAP UserSign 24,,,,,,n/a,,RICE BRAN,,,,,,,RICE BRAN,,,,,,,,,,,,,,,,,,,20000.0
sub_group,GET /sap-sync/monthly-planning/?monthId=22,2026-05-01,OIL Monthly Production Planning for the MAY Month 2026,22,,,,SAP UserSign 24,,,,,,n/a,,SESAME,,,,,,,SESAME,,,,,,,,,,,,,,,,,,,14100.0
sub_group,GET /sap-sync/monthly-planning/?monthId=22,2026-05-01,OIL Monthly Production Planning for the MAY Month 2026,22,,,,SAP UserSign 24,,,,,,n/a,,COCONUT,,,,,,,COCONUT,,,,,,,,,,,,,,,,,,,8092.0
sub_group,GET /sap-sync/monthly-planning/?monthId=22,2026-05-01,OIL Monthly Production Planning for the MAY Month 2026,22,,,,SAP UserSign 24,,,,,,n/a,,GHEE,,,,,,,GHEE,,,,,,,,,,,,,,,,,,,2000.0
sub_group,GET /sap-sync/monthly-planning/?monthId=22,2026-05-01,OIL Monthly Production Planning for the MAY Month 2026,22,,,,SAP UserSign 24,,,,,,n/a,,COTTON SEED,,,,,,,COTTON SEED,,,,,,,,,,,,,,,,,,,1050.0
sub_group,GET /sap-sync/monthly-planning/?monthId=24,2026-06-01,OIL Monthly Production Planning for the June Month 2026,24,,,,SAP UserSign 24,,,,,,n/a,,MUSTARD,,,,,,,MUSTARD,,,,,,,,,,,,,,,,,,,946174.0
sub_group,GET /sap-sync/monthly-planning/?monthId=24,2026-06-01,OIL Monthly Production Planning for the June Month 2026,24,,,,SAP UserSign 24,,,,,,n/a,,OLIVE,,,,,,,OLIVE,,,,,,,,,,,,,,,,,,,378734.0
sub_group,GET /sap-sync/monthly-planning/?monthId=24,2026-06-01,OIL Monthly Production Planning for the June Month 2026,24,,,,SAP UserSign 24,,,,,,n/a,,GROUNDNUT,,,,,,,GROUNDNUT,,,,,,,,,,,,,,,,,,,354236.0
sub_group,GET /sap-sync/monthly-planning/?monthId=24,2026-06-01,OIL Monthly Production Planning for the June Month 2026,24,,,,SAP UserSign 24,,,,,,n/a,,SOYABEAN,,,,,,,SOYABEAN,,,,,,,,,,,,,,,,,,,332982.0
sub_group,GET /sap-sync/monthly-planning/?monthId=24,2026-06-01,OIL Monthly Production Planning for the June Month 2026,24,,,,SAP UserSign 24,,,,,,n/a,,CANOLA,,,,,,,CANOLA,,,,,,,,,,,,,,,,,,,198265.0
sub_group,GET /sap-sync/monthly-planning/?monthId=24,2026-06-01,OIL Monthly Production Planning for the June Month 2026,24,,,,SAP UserSign 24,,,,,,n/a,,SUNFLOWER,,,,,,,SUNFLOWER,,,,,,,,,,,,,,,,,,,145400.0
sub_group,GET /sap-sync/monthly-planning/?monthId=24,2026-06-01,OIL Monthly Production Planning for the June Month 2026,24,,,,SAP UserSign 24,,,,,,n/a,,BLENDED,,,,,,,BLENDED,,,,,,,,,,,,,,,,,,,101300.0
sub_group,GET /sap-sync/monthly-planning/?monthId=24,2026-06-01,OIL Monthly Production Planning for the June Month 2026,24,,,,SAP UserSign 24,,,,,,n/a,,RICE BRAN,,,,,,,RICE BRAN,,,,,,,,,,,,,,,,,,,51100.0
sub_group,GET /sap-sync/monthly-planning/?monthId=24,2026-06-01,OIL Monthly Production Planning for the June Month 2026,24,,,,SAP UserSign 24,,,,,,n/a,,COCONUT,,,,,,,COCONUT,,,,,,,,,,,,,,,,,,,21972.0
sub_group,GET /sap-sync/monthly-planning/?monthId=24,2026-06-01,OIL Monthly Production Planning for the June Month 2026,24,,,,SAP UserSign 24,,,,,,n/a,,SESAME,,,,,,,SESAME,,,,,,,,,,,,,,,,,,,13300.0
sub_group,GET /sap-sync/monthly-planning/?monthId=24,2026-06-01,OIL Monthly Production Planning for the June Month 2026,24,,,,SAP UserSign 24,,,,,,n/a,,GHEE,,,,,,,GHEE,,,,,,,,,,,,,,,,,,,2307.0
sub_group,GET /sap-sync/monthly-planning/?monthId=24,2026-06-01,OIL Monthly Production Planning for the June Month 2026,24,,,,SAP UserSign 24,,,,,,n/a,,EXTRA VIRGIN,,,,,,,EXTRA VIRGIN,,,,,,,,,,,,,,,,,,,2000.0
sub_group,GET /sap-sync/monthly-planning/?monthId=24,2026-06-01,OIL Monthly Production Planning for the June Month 2026,24,,,,SAP UserSign 24,,,,,,n/a,,COTTON SEED,,,,,,,COTTON SEED,,,,,,,,,,,,,,,,,,,750.0
sub_group,GET /sap-sync/monthly-planning/?monthId=42,2026-07-01,OIL Monthly Production Planning for the JULY Month 2026,42,,,,SAP UserSign 22,,,,,,n/a,,MUSTARD,,,,,,,MUSTARD,,,,,,,,,,,,,,,,,,,940174.0
sub_group,GET /sap-sync/monthly-planning/?monthId=42,2026-07-01,OIL Monthly Production Planning for the JULY Month 2026,42,,,,SAP UserSign 22,,,,,,n/a,,OLIVE,,,,,,,OLIVE,,,,,,,,,,,,,,,,,,,394734.0
sub_group,GET /sap-sync/monthly-planning/?monthId=42,2026-07-01,OIL Monthly Production Planning for the JULY Month 2026,42,,,,SAP UserSign 22,,,,,,n/a,,GROUNDNUT,,,,,,,GROUNDNUT,,,,,,,,,,,,,,,,,,,351203.0
sub_group,GET /sap-sync/monthly-planning/?monthId=42,2026-07-01,OIL Monthly Production Planning for the JULY Month 2026,42,,,,SAP UserSign 22,,,,,,n/a,,SOYABEAN,,,,,,,SOYABEAN,,,,,,,,,,,,,,,,,,,332982.0
sub_group,GET /sap-sync/monthly-planning/?monthId=42,2026-07-01,OIL Monthly Production Planning for the JULY Month 2026,42,,,,SAP UserSign 22,,,,,,n/a,,CANOLA,,,,,,,CANOLA,,,,,,,,,,,,,,,,,,,199265.0
sub_group,GET /sap-sync/monthly-planning/?monthId=42,2026-07-01,OIL Monthly Production Planning for the JULY Month 2026,42,,,,SAP UserSign 22,,,,,,n/a,,SUNFLOWER,,,,,,,SUNFLOWER,,,,,,,,,,,,,,,,,,,145400.0
sub_group,GET /sap-sync/monthly-planning/?monthId=42,2026-07-01,OIL Monthly Production Planning for the JULY Month 2026,42,,,,SAP UserSign 22,,,,,,n/a,,BLENDED,,,,,,,BLENDED,,,,,,,,,,,,,,,,,,,101300.0
sub_group,GET /sap-sync/monthly-planning/?monthId=42,2026-07-01,OIL Monthly Production Planning for the JULY Month 2026,42,,,,SAP UserSign 22,,,,,,n/a,,RICE BRAN,,,,,,,RICE BRAN,,,,,,,,,,,,,,,,,,,53223.0
sub_group,GET /sap-sync/monthly-planning/?monthId=42,2026-07-01,OIL Monthly Production Planning for the JULY Month 2026,42,,,,SAP UserSign 22,,,,,,n/a,,COCONUT,,,,,,,COCONUT,,,,,,,,,,,,,,,,,,,21972.0
sub_group,GET /sap-sync/monthly-planning/?monthId=42,2026-07-01,OIL Monthly Production Planning for the JULY Month 2026,42,,,,SAP UserSign 22,,,,,,n/a,,SESAME,,,,,,,SESAME,,,,,,,,,,,,,,,,,,,12300.0
sub_group,GET /sap-sync/monthly-planning/?monthId=42,2026-07-01,OIL Monthly Production Planning for the JULY Month 2026,42,,,,SAP UserSign 22,,,,,,n/a,,GHEE,,,,,,,GHEE,,,,,,,,,,,,,,,,,,,2307.0
sub_group,GET /sap-sync/monthly-planning/?monthId=42,2026-07-01,OIL Monthly Production Planning for the JULY Month 2026,42,,,,SAP UserSign 22,,,,,,n/a,,EXTRA VIRGIN,,,,,,,EXTRA VIRGIN,,,,,,,,,,,,,,,,,,,2000.0
sub_group,GET /sap-sync/monthly-planning/?monthId=42,2026-07-01,OIL Monthly Production Planning for the JULY Month 2026,42,,,,SAP UserSign 22,,,,,,n/a,,COTTON SEED,,,,,,,COTTON SEED,,,,,,,,,,,,,,,,,,,750.0
sub_group,GET /sap-sync/monthly-planning/?monthId=43,2026-08-01,OIL Monthly Production Planning for the Aug Month 2026,43,,,,SAP UserSign 22,,,,,,n/a,,MUSTARD,,,,,,,MUSTARD,,,,,,,,,,,,,,,,,,,1133224.0
sub_group,GET /sap-sync/monthly-planning/?monthId=43,2026-08-01,OIL Monthly Production Planning for the Aug Month 2026,43,,,,SAP UserSign 22,,,,,,n/a,,GROUNDNUT,,,,,,,GROUNDNUT,,,,,,,,,,,,,,,,,,,525000.0
sub_group,GET /sap-sync/monthly-planning/?monthId=43,2026-08-01,OIL Monthly Production Planning for the Aug Month 2026,43,,,,SAP UserSign 22,,,,,,n/a,,OLIVE,,,,,,,OLIVE,,,,,,,,,,,,,,,,,,,405113.0
sub_group,GET /sap-sync/monthly-planning/?monthId=43,2026-08-01,OIL Monthly Production Planning for the Aug Month 2026,43,,,,SAP UserSign 22,,,,,,n/a,,SUNFLOWER,,,,,,,SUNFLOWER,,,,,,,,,,,,,,,,,,,375000.0
sub_group,GET /sap-sync/monthly-planning/?monthId=43,2026-08-01,OIL Monthly Production Planning for the Aug Month 2026,43,,,,SAP UserSign 22,,,,,,n/a,,SOYABEAN,,,,,,,SOYABEAN,,,,,,,,,,,,,,,,,,,276434.0
sub_group,GET /sap-sync/monthly-planning/?monthId=43,2026-08-01,OIL Monthly Production Planning for the Aug Month 2026,43,,,,SAP UserSign 22,,,,,,n/a,,CANOLA,,,,,,,CANOLA,,,,,,,,,,,,,,,,,,,256967.0
sub_group,GET /sap-sync/monthly-planning/?monthId=43,2026-08-01,OIL Monthly Production Planning for the Aug Month 2026,43,,,,SAP UserSign 22,,,,,,n/a,,BLENDED,,,,,,,BLENDED,,,,,,,,,,,,,,,,,,,77400.0
sub_group,GET /sap-sync/monthly-planning/?monthId=43,2026-08-01,OIL Monthly Production Planning for the Aug Month 2026,43,,,,SAP UserSign 22,,,,,,n/a,,SESAME,,,,,,,SESAME,,,,,,,,,,,,,,,,,,,37000.0
sub_group,GET /sap-sync/monthly-planning/?monthId=43,2026-08-01,OIL Monthly Production Planning for the Aug Month 2026,43,,,,SAP UserSign 22,,,,,,n/a,,RICE BRAN,,,,,,,RICE BRAN,,,,,,,,,,,,,,,,,,,27474.0
sub_group,GET /sap-sync/monthly-planning/?monthId=43,2026-08-01,OIL Monthly Production Planning for the Aug Month 2026,43,,,,SAP UserSign 22,,,,,,n/a,,COCONUT,,,,,,,COCONUT,,,,,,,,,,,,,,,,,,,11500.0
sub_group,GET /sap-sync/monthly-planning/?monthId=43,2026-08-01,OIL Monthly Production Planning for the Aug Month 2026,43,,,,SAP UserSign 22,,,,,,n/a,,COTTON SEED,,,,,,,COTTON SEED,,,,,,,,,,,,,,,,,,,1367.0
sub_group,GET /sap-sync/monthly-planning/?monthId=44,2026-09-01,OIL Monthly Production Planning for the Sep Month 2026,44,,,,SAP UserSign 22,,,,,,n/a,,MUSTARD,,,,,,,MUSTARD,,,,,,,,,,,,,,,,,,,1108357.0
sub_group,GET /sap-sync/monthly-planning/?monthId=44,2026-09-01,OIL Monthly Production Planning for the Sep Month 2026,44,,,,SAP UserSign 22,,,,,,n/a,,GROUNDNUT,,,,,,,GROUNDNUT,,,,,,,,,,,,,,,,,,,530000.0
sub_group,GET /sap-sync/monthly-planning/?monthId=44,2026-09-01,OIL Monthly Production Planning for the Sep Month 2026,44,,,,SAP UserSign 22,,,,,,n/a,,OLIVE,,,,,,,OLIVE,,,,,,,,,,,,,,,,,,,407863.0
sub_group,GET /sap-sync/monthly-planning/?monthId=44,2026-09-01,OIL Monthly Production Planning for the Sep Month 2026,44,,,,SAP UserSign 22,,,,,,n/a,,SUNFLOWER,,,,,,,SUNFLOWER,,,,,,,,,,,,,,,,,,,376167.0
sub_group,GET /sap-sync/monthly-planning/?monthId=44,2026-09-01,OIL Monthly Production Planning for the Sep Month 2026,44,,,,SAP UserSign 22,,,,,,n/a,,CANOLA,,,,,,,CANOLA,,,,,,,,,,,,,,,,,,,268667.0
sub_group,GET /sap-sync/monthly-planning/?monthId=44,2026-09-01,OIL Monthly Production Planning for the Sep Month 2026,44,,,,SAP UserSign 22,,,,,,n/a,,SOYABEAN,,,,,,,SOYABEAN,,,,,,,,,,,,,,,,,,,208133.0
sub_group,GET /sap-sync/monthly-planning/?monthId=44,2026-09-01,OIL Monthly Production Planning for the Sep Month 2026,44,,,,SAP UserSign 22,,,,,,n/a,,BLENDED,,,,,,,BLENDED,,,,,,,,,,,,,,,,,,,79400.0
sub_group,GET /sap-sync/monthly-planning/?monthId=44,2026-09-01,OIL Monthly Production Planning for the Sep Month 2026,44,,,,SAP UserSign 22,,,,,,n/a,,SESAME,,,,,,,SESAME,,,,,,,,,,,,,,,,,,,37000.0
sub_group,GET /sap-sync/monthly-planning/?monthId=44,2026-09-01,OIL Monthly Production Planning for the Sep Month 2026,44,,,,SAP UserSign 22,,,,,,n/a,,RICE BRAN,,,,,,,RICE BRAN,,,,,,,,,,,,,,,,,,,27474.0
sub_group,GET /sap-sync/monthly-planning/?monthId=44,2026-09-01,OIL Monthly Production Planning for the Sep Month 2026,44,,,,SAP UserSign 22,,,,,,n/a,,COCONUT,,,,,,,COCONUT,,,,,,,,,,,,,,,,,,,9500.0
sub_group,GET /sap-sync/monthly-planning/?monthId=44,2026-09-01,OIL Monthly Production Planning for the Sep Month 2026,44,,,,SAP UserSign 22,,,,,,n/a,,COTTON SEED,,,,,,,COTTON SEED,,,,,,,,,,,,,,,,,,,533.0
