section,company,id,date,entry_no,item_code,item_name,material_type,qty,uom,party,metric,value,unit,status,source,verified,note
qc_inspection,JIVO_OIL,,2026-08-30,GE-2026-0483,RM0000066,PEANUT OIL,,29.650,MTS,DHANLAXMI EDIBLES PRIVATE LIMITED,hold_hours_slip_to_QA_manager,,hours,NOT_STARTED,factory.jivo.in /quality-control/inspections/,VERIFIED,group=RM_BULK_OIL; hold_to_chemist_h=; grpo_state=NOT_IN_GRPO_QUEUE
qc_inspection,JIVO_OIL,1713,2026-08-30,GE-2026-7801,RM0000066,PEANUT OIL,Peanut_oil,29.250,MTS,DHANLAXMI EDIBLES PRIVATE LIMITED,hold_hours_slip_to_QA_manager,2.43,hours,ACCEPTED,factory.jivo.in /quality-control/inspections/,VERIFIED,group=RM_BULK_OIL; hold_to_chemist_h=2.36; grpo_state=PENDING_IN_APP
qc_inspection,JIVO_OIL,1711,2026-08-30,GE-2026-2380,RM0000025,SOYABEAN REFINED LOOSE OIL,Refined Soyben Rm0000025,41.590,MTS,M/S ARORA AGRI BUSINESS VENTURES,hold_hours_slip_to_QA_manager,0.79,hours,ACCEPTED,factory.jivo.in /quality-control/inspections/,VERIFIED,group=RM_BULK_OIL; hold_to_chemist_h=0.79; grpo_state=PENDING_IN_APP
qc_inspection,JIVO_OIL,1712,2026-08-30,GE-2026-8107,RM0000025,SOYABEAN REFINED LOOSE OIL,Refined Soyben Rm0000025,40.470,MTS,M/S ARORA AGRI BUSINESS VENTURES,hold_hours_slip_to_QA_manager,1.55,hours,ACCEPTED,factory.jivo.in /quality-control/inspections/,VERIFIED,group=RM_BULK_OIL; hold_to_chemist_h=1.54; grpo_state=PENDING_IN_APP
qc_inspection,JIVO_OIL,,2026-08-30,GE-2026-3924,PM0000852,PREFORM 49.5 GMS 36 MM,,159000.000,PCS,FRYSTAL PET PRIVATE LIMITED,hold_hours_slip_to_QA_manager,,hours,NOT_STARTED,factory.jivo.in /quality-control/inspections/,VERIFIED,group=PM_PACKAGING; hold_to_chemist_h=; grpo_state=NOT_IN_GRPO_QUEUE
qc_inspection,JIVO_OIL,1703,2026-08-29,GE-2026-5264,PM0000427,LABEL 5 LTR GROUNDNUT FRONT,Label 5ltr Groundnut Oil,31350.000,PCS,ROYAL PRIME LABELS,hold_hours_slip_to_QA_manager,1.31,hours,ACCEPTED,factory.jivo.in /quality-control/inspections/,VERIFIED,group=PM_PACKAGING; hold_to_chemist_h=0.7; grpo_state=PENDING_IN_APP
qc_inspection,JIVO_OIL,1704,2026-08-29,GE-2026-5264,PM0000428,LABEL 5 LTR GROUNDNUT BACK,Label 5ltr Groundnut Oil,31350.000,PCS,ROYAL PRIME LABELS,hold_hours_slip_to_QA_manager,1.34,hours,ACCEPTED,factory.jivo.in /quality-control/inspections/,VERIFIED,group=PM_PACKAGING; hold_to_chemist_h=0.67; grpo_state=PENDING_IN_APP
qc_inspection,JIVO_OIL,1701,2026-08-29,GE-2026-5264,PM0000425,LABEL 1 LTR GROUNDNUT FRONT,Label 1ltr Cp Groundnut,201500.000,PCS,ROYAL PRIME LABELS,hold_hours_slip_to_QA_manager,1.36,hours,ACCEPTED,factory.jivo.in /quality-control/inspections/,VERIFIED,group=PM_PACKAGING; hold_to_chemist_h=0.45; grpo_state=PENDING_IN_APP
qc_inspection,JIVO_OIL,1702,2026-08-29,GE-2026-5264,PM0000426,LABEL 1 LTR GROUNDNUT BACK,Label 1ltr Cp Groundnut,201500.000,PCS,ROYAL PRIME LABELS,hold_hours_slip_to_QA_manager,1.35,hours,ACCEPTED,factory.jivo.in /quality-control/inspections/,VERIFIED,group=PM_PACKAGING; hold_to_chemist_h=0.5; grpo_state=PENDING_IN_APP
qc_inspection,JIVO_OIL,1706,2026-08-29,GE-2026-2973,PM0000887,LABEL 200 LTR POMACE SANO,Label Sano Pomace Olive 200lr,52.000,PCS,GRAPHICS ELITE,hold_hours_slip_to_QA_manager,3.1,hours,ACCEPTED,factory.jivo.in /quality-control/inspections/,VERIFIED,group=PM_PACKAGING; hold_to_chemist_h=2.86; grpo_state=PENDING_IN_APP
qc_inspection,JIVO_OIL,1708,2026-08-29,GE-2026-1713,PM0000422,LABEL 500 MLS EXTRA VIRGIN OLIVE OIL BACK,Label 500ml Cp Groundnut Oil,1014.000,PCS,GRAPHICS ELITE,hold_hours_slip_to_QA_manager,3.15,hours,ACCEPTED,factory.jivo.in /quality-control/inspections/,VERIFIED,group=PM_PACKAGING; hold_to_chemist_h=2.92; grpo_state=PENDING_IN_APP
qc_inspection,JIVO_OIL,1707,2026-08-29,GE-2026-1713,PM0000421,LABEL 500 MLS EXTRA VIRGIN OLIVE OIL FRONT,Label 500ml Cp Groundnut Oil,1014.000,PCS,GRAPHICS ELITE,hold_hours_slip_to_QA_manager,3.16,hours,ACCEPTED,factory.jivo.in /quality-control/inspections/,VERIFIED,group=PM_PACKAGING; hold_to_chemist_h=2.96; grpo_state=PENDING_IN_APP
qc_inspection,JIVO_OIL,1705,2026-08-29,GE-2026-1713,PM0000270,LABEL 15 LTR COLD PRESS SUNFLOWER OIL,Label 15 Ltr Cold Press Sunflower Oil,267.000,PCS,GRAPHICS ELITE,hold_hours_slip_to_QA_manager,3.18,hours,ACCEPTED,factory.jivo.in /quality-control/inspections/,VERIFIED,group=PM_PACKAGING; hold_to_chemist_h=2.77; grpo_state=PENDING_IN_APP
qc_inspection,JIVO_OIL,1700,2026-08-29,GE-2026-8086,RM0000003,MUSTARD LOOSE OIL,Mustard Oil,13.660,MTS,AWL AGRI BUSINESS LIMITED,hold_hours_slip_to_QA_manager,0.3,hours,ACCEPTED,factory.jivo.in /quality-control/inspections/,VERIFIED,group=RM_BULK_OIL; hold_to_chemist_h=0.27; grpo_state=PENDING_IN_APP
qc_inspection,JIVO_OIL,1699,2026-08-29,GE-2026-1269,PM0000053,HDPE BOTTLE 5 LTR,5 Ltr. Jerry Can,4350.000,PCS,RAJ TECHNOPACK PVT LTD,hold_hours_slip_to_QA_manager,0.83,hours,ACCEPTED,factory.jivo.in /quality-control/inspections/,VERIFIED,group=PM_PACKAGING; hold_to_chemist_h=0.8; grpo_state=PENDING_IN_APP
qc_inspection,JIVO_OIL,1698,2026-08-29,GE-2026-1269,PM0000468,CAPS 5 LTR GREEN,Cap_5l_green,4350.000,PCS,RAJ TECHNOPACK PVT LTD,hold_hours_slip_to_QA_manager,0.83,hours,ACCEPTED,factory.jivo.in /quality-control/inspections/,VERIFIED,group=PM_PACKAGING; hold_to_chemist_h=0.67; grpo_state=PENDING_IN_APP
qc_inspection,JIVO_OIL,1694,2026-08-29,GE-2026-7444,PM0000468,CAPS 5 LTR GREEN,Cap_5l_green,2600.000,PCS,ECHO PLAST INDIA,hold_hours_slip_to_QA_manager,1.04,hours,ACCEPTED,factory.jivo.in /quality-control/inspections/,VERIFIED,group=PM_PACKAGING; hold_to_chemist_h=1.03; grpo_state=PENDING_IN_APP
qc_inspection,JIVO_OIL,1697,2026-08-29,GE-2026-7444,PM0000469,CAPS 5 LTR BROWN,Cap 5l Brown,1825.000,PCS,ECHO PLAST INDIA,hold_hours_slip_to_QA_manager,2.07,hours,ACCEPTED,factory.jivo.in /quality-control/inspections/,VERIFIED,group=PM_PACKAGING; hold_to_chemist_h=2.07; grpo_state=PENDING_IN_APP
qc_inspection,JIVO_OIL,1693,2026-08-29,GE-2026-7444,PM0000053,HDPE BOTTLE 5 LTR,5 Ltr. Jerry Can,4425.000,PCS,ECHO PLAST INDIA,hold_hours_slip_to_QA_manager,0.94,hours,ACCEPTED,factory.jivo.in /quality-control/inspections/,VERIFIED,group=PM_PACKAGING; hold_to_chemist_h=0.79; grpo_state=PENDING_IN_APP
qc_inspection,JIVO_OIL,1690,2026-08-29,GE-2026-5862,RM0000025,SOYABEAN REFINED LOOSE OIL,Refined Soyben Rm0000025,39.240,MTS,M/S ARORA AGRI BUSINESS VENTURES,hold_hours_slip_to_QA_manager,1.99,hours,ACCEPTED,factory.jivo.in /quality-control/inspections/,VERIFIED,group=RM_BULK_OIL; hold_to_chemist_h=1.97; grpo_state=PENDING_IN_APP
qc_inspection,JIVO_OIL,1689,2026-08-29,GE-2026-0485,RM0000025,SOYABEAN REFINED LOOSE OIL,Refined Soyben Rm0000025,38.950,MTS,M/S ARORA AGRI BUSINESS VENTURES,hold_hours_slip_to_QA_manager,2.1,hours,ACCEPTED,factory.jivo.in /quality-control/inspections/,VERIFIED,group=RM_BULK_OIL; hold_to_chemist_h=2.02; grpo_state=PENDING_IN_APP
qc_inspection,JIVO_OIL,1692,2026-08-29,GE-2026-8966,PM0000251,PET BOTTLE 2 LTR 80 GMS YELLOW HANDLE,Pet Bottle 2 Ltr 80 Gm Yellow Handle,7392.000,PCS,TPAC PACKAGING INDIA PVT LTD II,hold_hours_slip_to_QA_manager,4.71,hours,ACCEPTED,factory.jivo.in /quality-control/inspections/,VERIFIED,group=PM_PACKAGING; hold_to_chemist_h=4.09; grpo_state=PENDING_IN_APP
qc_inspection,JIVO_OIL,1695,2026-08-29,GE-2026-8966,PM0000851,PET BOTTLE 1 LTR 26 GM,Pet_bottle_1_ltr_26gm,20124.000,PCS,TPAC PACKAGING INDIA PVT LTD II,hold_hours_slip_to_QA_manager,5.25,hours,ACCEPTED,factory.jivo.in /quality-control/inspections/,VERIFIED,group=PM_PACKAGING; hold_to_chemist_h=5.19; grpo_state=PENDING_IN_APP
qc_inspection,JIVO_OIL,1687,2026-08-29,GE-2026-4902,PM0000851,PET BOTTLE 1 LTR 26 GM,Pet_bottle_1_ltr_26gm,3276.000,PCS,TPAC PACKAGING INDIA PVT LTD II,hold_hours_slip_to_QA_manager,1.51,hours,ACCEPTED,factory.jivo.in /quality-control/inspections/,VERIFIED,group=PM_PACKAGING; hold_to_chemist_h=1.5; grpo_state=PENDING_IN_APP
qc_inspection,JIVO_OIL,1686,2026-08-29,GE-2026-4756,PM0000593,TIN 15 KGS/LTR MULTI CP KACCHI GHANI MUSTARD OIL  PRINTED,Tin 15 Kg,3077.000,PCS,NATIONAL TIN INDUSTRIES,hold_hours_slip_to_QA_manager,1.63,hours,ACCEPTED,factory.jivo.in /quality-control/inspections/,VERIFIED,group=PM_PACKAGING; hold_to_chemist_h=1.62; grpo_state=PENDING_IN_APP
qc_inspection,JIVO_OIL,1684,2026-08-28,GE-2026-2449,RM0000025,SOYABEAN REFINED LOOSE OIL,Refined Soyben Rm0000025,40.110,MTS,AWL AGRI BUSINESS LIMITED,hold_hours_slip_to_QA_manager,0.27,hours,ACCEPTED,factory.jivo.in /quality-control/inspections/,VERIFIED,group=RM_BULK_OIL; hold_to_chemist_h=0.27; grpo_state=PENDING_IN_APP
qc_inspection,JIVO_OIL,1688,2026-08-27,GE-2026-8893,PM0000053,HDPE BOTTLE 5 LTR,5 Ltr. Jerry Can,4644.000,PCS,AG POLY PACKS PVT LTD,hold_hours_slip_to_QA_manager,40.04,hours,ACCEPTED,factory.jivo.in /quality-control/inspections/,VERIFIED,group=PM_PACKAGING; hold_to_chemist_h=39.93; grpo_state=NOT_IN_GRPO_QUEUE
qc_inspection,JIVO_OIL,,2026-08-27,GE-2026-8893,PM0000468,CAPS 5 LTR GREEN,,4644.000,PCS,AG POLY PACKS PVT LTD,hold_hours_slip_to_QA_manager,,hours,NOT_STARTED,factory.jivo.in /quality-control/inspections/,VERIFIED,group=PM_PACKAGING; hold_to_chemist_h=; grpo_state=NOT_IN_GRPO_QUEUE
qc_inspection,JIVO_OIL,1679,2026-08-27,GE-2026-7155,PM0000308,LABEL 1 LTR PRESSED YELLOW MUSTARD OIL FRONT,Label_jivo_first_pressed_sesame_1l,7800.000,PCS,ROYAL PRIME LABELS,hold_hours_slip_to_QA_manager,0.27,hours,ACCEPTED,factory.jivo.in /quality-control/inspections/,VERIFIED,group=PM_PACKAGING; hold_to_chemist_h=0.17; grpo_state=POSTED_VIA_APP
qc_inspection,JIVO_OIL,1680,2026-08-27,GE-2026-7155,PM0000307,LABEL 1 LTR PRESSED YELLOW MUSTARD OIL BACK,Label_jivo_first_pressed_sesame_1l,7800.000,PCS,ROYAL PRIME LABELS,hold_hours_slip_to_QA_manager,0.34,hours,ACCEPTED,factory.jivo.in /quality-control/inspections/,VERIFIED,group=PM_PACKAGING; hold_to_chemist_h=0.33; grpo_state=POSTED_VIA_APP
qc_inspection,JIVO_OIL,1681,2026-08-27,GE-2026-8417,PM0000235,CAPS 1 LTR WHITE AND YELLOW SMALL PLAIN,Cap Yellow-white 1l Plain,125000.000,PCS,BABAJI UDYOG PVT. LTD.,hold_hours_slip_to_QA_manager,1.13,hours,ACCEPTED,factory.jivo.in /quality-control/inspections/,VERIFIED,group=PM_PACKAGING; hold_to_chemist_h=1.12; grpo_state=POSTED_VIA_APP
qc_inspection,JIVO_OIL,1682,2026-08-27,GE-2026-8417,PM0000085,CAPS 1 OR 2 LTR WHITE AND YELLOW WITH LOGO,Cap_yellow_white_1ltr._&_2_ltr.,51000.000,PCS,BABAJI UDYOG PVT. LTD.,hold_hours_slip_to_QA_manager,1.23,hours,ACCEPTED,factory.jivo.in /quality-control/inspections/,VERIFIED,group=PM_PACKAGING; hold_to_chemist_h=1.18; grpo_state=POSTED_VIA_APP
qc_inspection,JIVO_OIL,1678,2026-08-27,GE-2026-0889,PM0000852,PREFORM 49.5 GMS 36 MM,Pet Preform 50 Gm,69360.000,PCS,PIONEER PET SWASTIC PET INDUSTRIES (ACSFS8137Q),hold_hours_slip_to_QA_manager,0.82,hours,ACCEPTED,factory.jivo.in /quality-control/inspections/,VERIFIED,group=PM_PACKAGING; hold_to_chemist_h=0.51; grpo_state=POSTED_VIA_APP
qc_inspection,JIVO_OIL,1677,2026-08-27,GE-2026-0889,PM0000594,PREFORM 40 GMS 36 MM,Pet Preform 40 Gm,53000.000,PCS,PIONEER PET SWASTIC PET INDUSTRIES (ACSFS8137Q),hold_hours_slip_to_QA_manager,0.89,hours,ACCEPTED,factory.jivo.in /quality-control/inspections/,VERIFIED,group=PM_PACKAGING; hold_to_chemist_h=0.52; grpo_state=POSTED_VIA_APP
qc_inspection,JIVO_OIL,1675,2026-08-27,GE-2026-3957,PM0000053,HDPE BOTTLE 5 LTR,5 Ltr. Jerry Can,3750.000,PCS,RAJ TECHNOPACK PVT LTD,hold_hours_slip_to_QA_manager,1.18,hours,ACCEPTED,factory.jivo.in /quality-control/inspections/,VERIFIED,group=PM_PACKAGING; hold_to_chemist_h=0.93; grpo_state=POSTED_VIA_APP
qc_inspection,JIVO_OIL,1676,2026-08-27,GE-2026-3957,PM0000468,CAPS 5 LTR GREEN,Cap_5l_green,3750.000,PCS,RAJ TECHNOPACK PVT LTD,hold_hours_slip_to_QA_manager,1.17,hours,ACCEPTED,factory.jivo.in /quality-control/inspections/,VERIFIED,group=PM_PACKAGING; hold_to_chemist_h=1.16; grpo_state=POSTED_VIA_APP
qc_inspection,JIVO_OIL,1673,2026-08-27,GE-2026-3113,PM0000468,CAPS 5 LTR GREEN,Cap_5l_green,4425.000,PCS,ECHO PLAST INDIA,hold_hours_slip_to_QA_manager,1.21,hours,ACCEPTED,factory.jivo.in /quality-control/inspections/,VERIFIED,group=PM_PACKAGING; hold_to_chemist_h=1.01; grpo_state=POSTED_VIA_APP
qc_inspection,JIVO_OIL,1674,2026-08-27,GE-2026-3113,PM0000053,HDPE BOTTLE 5 LTR,5 Ltr. Jerry Can,4425.000,PCS,ECHO PLAST INDIA,hold_hours_slip_to_QA_manager,1.21,hours,ACCEPTED,factory.jivo.in /quality-control/inspections/,VERIFIED,group=PM_PACKAGING; hold_to_chemist_h=1.19; grpo_state=POSTED_VIA_APP
qc_inspection,JIVO_OIL,1696,2026-08-27,GE-2026-9885,RM0000003,MUSTARD LOOSE OIL,Mustard Oil,39.910,MTS,VAISHNODEVI REFOILS & SOLVEX PRIVATE LIMITED,hold_hours_slip_to_QA_manager,51.5,hours,ACCEPTED,factory.jivo.in /quality-control/inspections/,VERIFIED,group=RM_BULK_OIL; hold_to_chemist_h=51.5; grpo_state=PENDING_IN_APP
qc_inspection,JIVO_OIL,1670,2026-08-27,GE-2026-1705,PM0000469,CAPS 5 LTR BROWN,Cap 5l Brown,3876.000,PCS,AG POLY PACKS PVT LTD,hold_hours_slip_to_QA_manager,1.23,hours,ACCEPTED,factory.jivo.in /quality-control/inspections/,VERIFIED,group=PM_PACKAGING; hold_to_chemist_h=1.15; grpo_state=POSTED_VIA_APP
qc_inspection,JIVO_OIL,1669,2026-08-27,GE-2026-1705,PM0000053,HDPE BOTTLE 5 LTR,5 Ltr. Jerry Can,3876.000,PCS,AG POLY PACKS PVT LTD,hold_hours_slip_to_QA_manager,1.23,hours,ACCEPTED,factory.jivo.in /quality-control/inspections/,VERIFIED,group=PM_PACKAGING; hold_to_chemist_h=1.06; grpo_state=POSTED_VIA_APP
qc_inspection,JIVO_OIL,1668,2026-08-27,GE-2026-3295,RM0000025,SOYABEAN REFINED LOOSE OIL,Refined Soyben Rm0000025,39.050,MTS,AWL AGRI BUSINESS LIMITED,hold_hours_slip_to_QA_manager,0.95,hours,ACCEPTED,factory.jivo.in /quality-control/inspections/,VERIFIED,group=RM_BULK_OIL; hold_to_chemist_h=0.93; grpo_state=PENDING_IN_APP
qc_inspection,JIVO_OIL,1672,2026-08-27,GE-2026-7359,PM0000468,CAPS 5 LTR GREEN,Cap_5l_green,2680.000,PCS,A A ENTERPRISES,hold_hours_slip_to_QA_manager,2.33,hours,ACCEPTED,factory.jivo.in /quality-control/inspections/,VERIFIED,group=PM_PACKAGING; hold_to_chemist_h=2.32; grpo_state=POSTED_VIA_APP
qc_inspection,JIVO_OIL,1671,2026-08-27,GE-2026-7359,PM0000053,HDPE BOTTLE 5 LTR,5 Ltr. Jerry Can,2680.000,PCS,A A ENTERPRISES,hold_hours_slip_to_QA_manager,2.22,hours,ACCEPTED,factory.jivo.in /quality-control/inspections/,VERIFIED,group=PM_PACKAGING; hold_to_chemist_h=2.2; grpo_state=POSTED_VIA_APP
qc_inspection,JIVO_OIL,1665,2026-08-26,GE-2026-3687,PM0000053,HDPE BOTTLE 5 LTR,5 Ltr. Jerry Can,900.000,PCS,BAL KRISHNA INDUSTRIES,hold_hours_slip_to_QA_manager,2.46,hours,ACCEPTED,factory.jivo.in /quality-control/inspections/,VERIFIED,group=PM_PACKAGING; hold_to_chemist_h=1.77; grpo_state=POSTED_VIA_APP
qc_inspection,JIVO_OIL,1662,2026-08-26,GE-2026-7884,RM0000066,PEANUT OIL,Peanut_oil,41.660,MTS,DHANLAXMI EDIBLES PRIVATE LIMITED,hold_hours_slip_to_QA_manager,1.09,hours,ACCEPTED,factory.jivo.in /quality-control/inspections/,VERIFIED,group=RM_BULK_OIL; hold_to_chemist_h=1.08; grpo_state=PENDING_IN_APP
qc_inspection,JIVO_OIL,1664,2026-08-26,GE-2026-2007,PM0000896,TIN 200 ML PREMIUM OLIVE OIL,Tin 200 Ml Premium Olive Oil,577.000,PCS,NATIONAL TIN INDUSTRIES,hold_hours_slip_to_QA_manager,1.31,hours,ACCEPTED,factory.jivo.in /quality-control/inspections/,VERIFIED,group=PM_PACKAGING; hold_to_chemist_h=1.3; grpo_state=POSTED_VIA_APP
qc_inspection,JIVO_OIL,1666,2026-08-26,GE-2026-2007,PM0000080,TIN 5 LTR POMACE OLIVE PRINTED,Printed Tin 5l Olive Pomace,4993.000,PCS,NATIONAL TIN INDUSTRIES,hold_hours_slip_to_QA_manager,5.34,hours,ACCEPTED,factory.jivo.in /quality-control/inspections/,VERIFIED,group=PM_PACKAGING; hold_to_chemist_h=5.2; grpo_state=POSTED_VIA_APP
qc_inspection,JIVO_OIL,1663,2026-08-26,GE-2026-2007,PM0000896,TIN 200 ML PREMIUM OLIVE OIL,Tin 200 Ml Premium Olive Oil,1000.000,PCS,NATIONAL TIN INDUSTRIES,hold_hours_slip_to_QA_manager,1.33,hours,ACCEPTED,factory.jivo.in /quality-control/inspections/,VERIFIED,group=PM_PACKAGING; hold_to_chemist_h=1.29; grpo_state=POSTED_VIA_APP
qc_inspection,JIVO_OIL,1667,2026-08-26,GE-2026-2007,PM0000395,TIN 5 LTR POMACE OLIVE SANO,Printed Tin 5 Ltr,1513.000,PCS,NATIONAL TIN INDUSTRIES,hold_hours_slip_to_QA_manager,21.78,hours,ACCEPTED,factory.jivo.in /quality-control/inspections/,VERIFIED,group=PM_PACKAGING; hold_to_chemist_h=21.66; grpo_state=POSTED_VIA_APP
qc_inspection,JIVO_OIL,1661,2026-08-26,GE-2026-2007,PM0000835,TIN 5 LTR FP YELLOW MUSTARD OIL PRINTED,Tin 5l Fp Yellow Mustard Oil Printed,4153.000,PCS,NATIONAL TIN INDUSTRIES,hold_hours_slip_to_QA_manager,1.11,hours,ACCEPTED,factory.jivo.in /quality-control/inspections/,VERIFIED,group=PM_PACKAGING; hold_to_chemist_h=1.07; grpo_state=POSTED_VIA_APP
qc_inspection,JIVO_OIL,1660,2026-08-26,GE-2026-2198,PM0000411,CARTON 1 LTR 20 PCS PET 26GM,Carton_1l_x_20_pcs_26_gm,8220.000,PCS,SSY CONTAINERS PVT LTD,hold_hours_slip_to_QA_manager,1.15,hours,ACCEPTED,factory.jivo.in /quality-control/inspections/,VERIFIED,group=PM_PACKAGING; hold_to_chemist_h=0.99; grpo_state=POSTED_VIA_APP
qc_inspection,JIVO_OIL,1656,2026-08-26,GE-2026-4021,PM0000053,HDPE BOTTLE 5 LTR,5 Ltr. Jerry Can,3750.000,Pcs,RAJ TECHNOPACK PVT LTD,hold_hours_slip_to_QA_manager,0.92,hours,ACCEPTED,factory.jivo.in /quality-control/inspections/,VERIFIED,group=PM_PACKAGING; hold_to_chemist_h=0.89; grpo_state=POSTED_VIA_APP
qc_inspection,JIVO_OIL,1658,2026-08-26,GE-2026-4021,PM0000468,CAPS 5 LTR GREEN,Cap_5l_green,3750.000,PCS,RAJ TECHNOPACK PVT LTD,hold_hours_slip_to_QA_manager,1.25,hours,ACCEPTED,factory.jivo.in /quality-control/inspections/,VERIFIED,group=PM_PACKAGING; hold_to_chemist_h=1.25; grpo_state=POSTED_VIA_APP
qc_inspection,JIVO_OIL,1657,2026-08-26,GE-2026-0241,PM0000121,PET BOTTLE 1 LTR 52 GMS POMACE,1 Ltr Pet Bottle Pomace (52gm) Br,18624.000,PCS,BR AGROTECH LTD,hold_hours_slip_to_QA_manager,2.24,hours,ACCEPTED,factory.jivo.in /quality-control/inspections/,VERIFIED,group=PM_PACKAGING; hold_to_chemist_h=2.17; grpo_state=POSTED_VIA_APP
qc_inspection,JIVO_OIL,1655,2026-08-26,GE-2026-0241,PM0000194,PET BOTTLE 1 LTR 40 GMS,Pet_bottle_1ltr_40gm,21168.000,PCS,BR AGROTECH LTD,hold_hours_slip_to_QA_manager,1.9,hours,ACCEPTED,factory.jivo.in /quality-control/inspections/,VERIFIED,group=PM_PACKAGING; hold_to_chemist_h=1.54; grpo_state=POSTED_VIA_APP
qc_inspection,JIVO_OIL,1654,2026-08-26,GE-2026-8011,PM0000251,PET BOTTLE 2 LTR 80 GMS YELLOW HANDLE,Pet Bottle 2 Ltr 80 Gm Yellow Handle,7056.000,PCS,TPAC PACKAGING INDIA PVT LTD II,hold_hours_slip_to_QA_manager,1.69,hours,ACCEPTED,factory.jivo.in /quality-control/inspections/,VERIFIED,group=PM_PACKAGING; hold_to_chemist_h=1.44; grpo_state=POSTED_VIA_APP
qc_inspection,JIVO_OIL,1652,2026-08-26,GE-2026-3907,PM0000851,PET BOTTLE 1 LTR 26 GM,Pet_bottle_1_ltr_26gm,42900.000,PCS,TPAC PACKAGING INDIA PVT LTD II,hold_hours_slip_to_QA_manager,1.09,hours,ACCEPTED,factory.jivo.in /quality-control/inspections/,VERIFIED,group=PM_PACKAGING; hold_to_chemist_h=0.77; grpo_state=POSTED_VIA_APP
qc_inspection,JIVO_OIL,1685,2026-08-26,GE-2026-6230,RM0000003,MUSTARD LOOSE OIL,Mustard Oil,25.180,MTS,AWL AGRI BUSINESS LIMITED,hold_hours_slip_to_QA_manager,50.45,hours,ACCEPTED,factory.jivo.in /quality-control/inspections/,VERIFIED,group=RM_BULK_OIL; hold_to_chemist_h=50.45; grpo_state=PENDING_IN_APP
qc_inspection,JIVO_OIL,1653,2026-08-26,GE-2026-9557,RM0000025,SOYABEAN REFINED LOOSE OIL,Refined Soyben Rm0000025,39.090,MTS,AWL AGRI BUSINESS LIMITED,hold_hours_slip_to_QA_manager,1.27,hours,ACCEPTED,factory.jivo.in /quality-control/inspections/,VERIFIED,group=RM_BULK_OIL; hold_to_chemist_h=1.22; grpo_state=PENDING_IN_APP
qc_inspection,JIVO_OIL,1648,2026-08-25,GE-2026-3992,RM0000025,SOYABEAN REFINED LOOSE OIL,Refined Soyben Rm0000025,5.270,MTS,AWL AGRI BUSINESS LIMITED,hold_hours_slip_to_QA_manager,15.79,hours,ACCEPTED,factory.jivo.in /quality-control/inspections/,VERIFIED,group=RM_BULK_OIL; hold_to_chemist_h=0.16; grpo_state=PENDING_IN_APP
qc_inspection,JIVO_OIL,1647,2026-08-25,GE-2026-7412,PM0000013,CARTON 5 LTR 4 PCS,Carton_5l_x_4_pcs_canola_(450x257x325),9450.000,PCS,KUBER PAPER & PACK PRIVATE LIMITED AAJCK3867H0,hold_hours_slip_to_QA_manager,16.66,hours,ACCEPTED,factory.jivo.in /quality-control/inspections/,VERIFIED,group=PM_PACKAGING; hold_to_chemist_h=3.3; grpo_state=POSTED_VIA_APP
qc_inspection,JIVO_OIL,1644,2026-08-25,GE-2026-6121,PM0000053,HDPE BOTTLE 5 LTR,5 Ltr. Jerry Can,4350.000,PCS,RAJ TECHNOPACK PVT LTD,hold_hours_slip_to_QA_manager,1.56,hours,ACCEPTED,factory.jivo.in /quality-control/inspections/,VERIFIED,group=PM_PACKAGING; hold_to_chemist_h=1.29; grpo_state=POSTED_VIA_APP
qc_inspection,JIVO_OIL,1643,2026-08-25,GE-2026-6121,PM0000469,CAPS 5 LTR BROWN,Cap 5l Brown,4350.000,PCS,RAJ TECHNOPACK PVT LTD,hold_hours_slip_to_QA_manager,1.56,hours,ACCEPTED,factory.jivo.in /quality-control/inspections/,VERIFIED,group=PM_PACKAGING; hold_to_chemist_h=1.03; grpo_state=POSTED_VIA_APP
qc_inspection,JIVO_OIL,1645,2026-08-25,GE-2026-2131,PM0000884,SHRINK POF ROLL KG,Shrink Film 17x20 Micron,907.200,KGS,JOY PACK INDIA PVT LTD,hold_hours_slip_to_QA_manager,1.61,hours,ACCEPTED,factory.jivo.in /quality-control/inspections/,VERIFIED,group=PM_PACKAGING; hold_to_chemist_h=1.54; grpo_state=POSTED_VIA_APP
qc_inspection,JIVO_OIL,1642,2026-08-25,GE-2026-4458,PM0000468,CAPS 5 LTR GREEN,Cap_5l_green,2430.000,PCS,ECHO PLAST INDIA,hold_hours_slip_to_QA_manager,1.09,hours,ACCEPTED,factory.jivo.in /quality-control/inspections/,VERIFIED,group=PM_PACKAGING; hold_to_chemist_h=0.61; grpo_state=POSTED_VIA_APP
qc_inspection,JIVO_OIL,1641,2026-08-25,GE-2026-4458,PM0000053,HDPE BOTTLE 5 LTR,5 Ltr. Jerry Can,2430.000,PCS,ECHO PLAST INDIA,hold_hours_slip_to_QA_manager,1.08,hours,ACCEPTED,factory.jivo.in /quality-control/inspections/,VERIFIED,group=PM_PACKAGING; hold_to_chemist_h=0.56; grpo_state=POSTED_VIA_APP
qc_inspection,JIVO_OIL,1651,2026-08-25,GE-2026-3738,PM0000082,CARTON 5 LTR OLIVE 4 PCS,Carton_5_liter_x_4_pcs(canola/olive),1581.000,PCS,SSY CONTAINERS PVT LTD,hold_hours_slip_to_QA_manager,20.49,hours,ACCEPTED,factory.jivo.in /quality-control/inspections/,VERIFIED,group=PM_PACKAGING; hold_to_chemist_h=20.45; grpo_state=POSTED_VIA_APP
qc_inspection,JIVO_OIL,1650,2026-08-25,GE-2026-3738,PM0000082,CARTON 5 LTR OLIVE 4 PCS,Carton_5_liter_x_4_pcs(canola/olive),800.000,PCS,SSY CONTAINERS PVT LTD,hold_hours_slip_to_QA_manager,20.49,hours,ACCEPTED,factory.jivo.in /quality-control/inspections/,VERIFIED,group=PM_PACKAGING; hold_to_chemist_h=20.43; grpo_state=POSTED_VIA_APP
qc_inspection,JIVO_OIL,1646,2026-08-25,GE-2026-3738,PM0000632,CARTON 5 LTR TIN OLIVE 4 PCS SANO,Carton_5l_x_4_pcs_sano,1812.000,PCS,SSY CONTAINERS PVT LTD,hold_hours_slip_to_QA_manager,3.25,hours,ACCEPTED,factory.jivo.in /quality-control/inspections/,VERIFIED,group=PM_PACKAGING; hold_to_chemist_h=3.22; grpo_state=POSTED_VIA_APP
qc_inspection,JIVO_OIL,1649,2026-08-25,GE-2026-3738,PM0000082,CARTON 5 LTR OLIVE 4 PCS,Carton_5_liter_x_4_pcs(canola/olive),834.000,PCS,SSY CONTAINERS PVT LTD,hold_hours_slip_to_QA_manager,20.48,hours,ACCEPTED,factory.jivo.in /quality-control/inspections/,VERIFIED,group=PM_PACKAGING; hold_to_chemist_h=20.41; grpo_state=POSTED_VIA_APP
qc_inspection,JIVO_OIL,1639,2026-08-25,GE-2026-4259,RM0000025,SOYABEAN REFINED LOOSE OIL,Refined Soyben Rm0000025,33.730,MTS,AWL AGRI BUSINESS LIMITED,hold_hours_slip_to_QA_manager,1.58,hours,ACCEPTED,factory.jivo.in /quality-control/inspections/,VERIFIED,group=RM_BULK_OIL; hold_to_chemist_h=1.51; grpo_state=PENDING_IN_APP
qc_inspection,JIVO_OIL,1638,2026-08-25,GE-2026-2150,PM0000851,PET BOTTLE 1 LTR 26 GM,Pet_bottle_1_ltr_26gm,46800.000,PCS,TPAC PACKAGING INDIA PVT LTD II,hold_hours_slip_to_QA_manager,0.97,hours,ACCEPTED,factory.jivo.in /quality-control/inspections/,VERIFIED,group=PM_PACKAGING; hold_to_chemist_h=0.95; grpo_state=POSTED_VIA_APP
qc_inspection,JIVO_OIL,1640,2026-08-25,GE-2026-1726,RM0000025,SOYABEAN REFINED LOOSE OIL,Refined Soyben Rm0000025,38.810,MTS,AWL AGRI BUSINESS LIMITED,hold_hours_slip_to_QA_manager,4.11,hours,ACCEPTED,factory.jivo.in /quality-control/inspections/,VERIFIED,group=RM_BULK_OIL; hold_to_chemist_h=4.06; grpo_state=PENDING_IN_APP
qc_inspection,JIVO_OIL,1637,2026-08-25,GE-2026-4965,PM0000003,CARTON 1 LTR POMACE 16 PCS,Carton1_liter_x_16pcs_(olive-pomace),9585.000,PCS,SSY CONTAINERS PVT LTD,hold_hours_slip_to_QA_manager,2.09,hours,ACCEPTED,factory.jivo.in /quality-control/inspections/,VERIFIED,group=PM_PACKAGING; hold_to_chemist_h=1.9; grpo_state=POSTED_VIA_APP
qc_inspection,JIVO_OIL,1636,2026-08-25,GE-2026-4965,PM0000245,CARTON 5 LTR 4 PCS PET,Carton_5l_x_4_pcs_330x260x375,2486.000,PCS,SSY CONTAINERS PVT LTD,hold_hours_slip_to_QA_manager,1.98,hours,ACCEPTED,factory.jivo.in /quality-control/inspections/,VERIFIED,group=PM_PACKAGING; hold_to_chemist_h=1.72; grpo_state=POSTED_VIA_APP
qc_inspection,JIVO_OIL,1635,2026-08-24,GE-2026-0661,PM0000523,LABEL 1 LTR RICE BRAN OIL BACK,Label Rice Bran 1 Ltr.,42200.000,PCS,CORE PACKAGING,hold_hours_slip_to_QA_manager,0.15,hours,ACCEPTED,factory.jivo.in /quality-control/inspections/,VERIFIED,group=PM_PACKAGING; hold_to_chemist_h=0.14; grpo_state=PENDING_IN_APP
qc_inspection,JIVO_OIL,1634,2026-08-24,GE-2026-0661,PM0000522,LABEL 1 LTR RICE BRAN OIL FRONT,Label Rice Bran 1 Ltr.,42200.000,PCS,CORE PACKAGING,hold_hours_slip_to_QA_manager,0.16,hours,ACCEPTED,factory.jivo.in /quality-control/inspections/,VERIFIED,group=PM_PACKAGING; hold_to_chemist_h=0.12; grpo_state=PENDING_IN_APP
qc_inspection,JIVO_OIL,1633,2026-08-24,GE-2026-0661,PM0000861,LABEL 1 LTR GOLD FULL,Label 1ltr Jivo Gold,21150.000,PCS,CORE PACKAGING,hold_hours_slip_to_QA_manager,0.16,hours,ACCEPTED,factory.jivo.in /quality-control/inspections/,VERIFIED,group=PM_PACKAGING; hold_to_chemist_h=0.1; grpo_state=PENDING_IN_APP
qc_inspection,JIVO_OIL,1624,2026-08-24,GE-2026-1098,PM0000053,HDPE BOTTLE 5 LTR,5 Ltr. Jerry Can,900.000,PCS,BAL KRISHNA INDUSTRIES,hold_hours_slip_to_QA_manager,0.36,hours,ACCEPTED,factory.jivo.in /quality-control/inspections/,VERIFIED,group=PM_PACKAGING; hold_to_chemist_h=0.29; grpo_state=PENDING_IN_APP
qc_inspection,JIVO_OIL,1623,2026-08-24,GE-2026-4850,PM0000076,TIN 15 LTR,Tin 15 Kg,708.000,PCS,NATIONAL TIN INDUSTRIES,hold_hours_slip_to_QA_manager,0.85,hours,ACCEPTED,factory.jivo.in /quality-control/inspections/,VERIFIED,group=PM_PACKAGING; hold_to_chemist_h=0.69; grpo_state=PENDING_IN_APP
qc_inspection,JIVO_OIL,1625,2026-08-24,GE-2026-4850,PM0000897,TIN 500 ML PREMIUM OLIVE OIL,Tin Premium Olive Oil,503.000,PCS,NATIONAL TIN INDUSTRIES,hold_hours_slip_to_QA_manager,0.89,hours,ACCEPTED,factory.jivo.in /quality-control/inspections/,VERIFIED,group=PM_PACKAGING; hold_to_chemist_h=0.87; grpo_state=PENDING_IN_APP
qc_inspection,JIVO_OIL,1626,2026-08-24,GE-2026-4850,PM0000080,TIN 5 LTR POMACE OLIVE PRINTED,Printed Tin 5l Olive Pomace,2329.000,PCS,NATIONAL TIN INDUSTRIES,hold_hours_slip_to_QA_manager,1.46,hours,ACCEPTED,factory.jivo.in /quality-control/inspections/,VERIFIED,group=PM_PACKAGING; hold_to_chemist_h=0.92; grpo_state=PENDING_IN_APP
qc_inspection,JIVO_OIL,1627,2026-08-24,GE-2026-4850,PM0000897,TIN 500 ML PREMIUM OLIVE OIL,Tin Premium Olive Oil,500.000,PCS,NATIONAL TIN INDUSTRIES,hold_hours_slip_to_QA_manager,1.47,hours,ACCEPTED,factory.jivo.in /quality-control/inspections/,VERIFIED,group=PM_PACKAGING; hold_to_chemist_h=0.96; grpo_state=PENDING_IN_APP
qc_inspection,JIVO_OIL,1628,2026-08-24,GE-2026-4850,PM0000395,TIN 5 LTR POMACE OLIVE SANO,Printed Tin 5 Ltr,1423.000,PCS,NATIONAL TIN INDUSTRIES,hold_hours_slip_to_QA_manager,1.47,hours,ACCEPTED,factory.jivo.in /quality-control/inspections/,VERIFIED,group=PM_PACKAGING; hold_to_chemist_h=0.99; grpo_state=PENDING_IN_APP
qc_inspection,JIVO_OIL,1629,2026-08-24,GE-2026-4850,PM0000835,TIN 5 LTR FP YELLOW MUSTARD OIL PRINTED,Tin 5l Fp Yellow Mustard Oil Printed,2041.000,PCS,NATIONAL TIN INDUSTRIES,hold_hours_slip_to_QA_manager,1.41,hours,ACCEPTED,factory.jivo.in /quality-control/inspections/,VERIFIED,group=PM_PACKAGING; hold_to_chemist_h=1.39; grpo_state=PENDING_IN_APP
qc_inspection,JIVO_OIL,1630,2026-08-24,GE-2026-7486,PM0000235,CAPS 1 LTR WHITE AND YELLOW SMALL PLAIN,Cap Yellow-white 1l Plain,75000.000,PCS,BABAJI UDYOG PVT. LTD.,hold_hours_slip_to_QA_manager,1.5,hours,ACCEPTED,factory.jivo.in /quality-control/inspections/,VERIFIED,group=PM_PACKAGING; hold_to_chemist_h=1.43; grpo_state=PENDING_IN_APP
qc_inspection,JIVO_OIL,1631,2026-08-24,GE-2026-7486,PM0000085,CAPS 1 OR 2 LTR WHITE AND YELLOW WITH LOGO,Cap_yellow_white_1ltr._&_2_ltr.,81000.000,PCS,BABAJI UDYOG PVT. LTD.,hold_hours_slip_to_QA_manager,1.51,hours,ACCEPTED,factory.jivo.in /quality-control/inspections/,VERIFIED,group=PM_PACKAGING; hold_to_chemist_h=1.5; grpo_state=PENDING_IN_APP
qc_inspection,JIVO_OIL,1618,2026-08-24,GE-2026-8205,PM0000468,CAPS 5 LTR GREEN,Cap_5l_green,4425.000,PCS,ECHO PLAST INDIA,hold_hours_slip_to_QA_manager,1.79,hours,ACCEPTED,factory.jivo.in /quality-control/inspections/,VERIFIED,group=PM_PACKAGING; hold_to_chemist_h=1.24; grpo_state=PENDING_IN_APP
qc_inspection,JIVO_OIL,1616,2026-08-24,GE-2026-8205,PM0000056,PET BOTTLE 100 MLS BOTTLES,Pet Bottle 100ml,1857.000,PCS,ECHO PLAST INDIA,hold_hours_slip_to_QA_manager,1.16,hours,ACCEPTED,factory.jivo.in /quality-control/inspections/,VERIFIED,group=PM_PACKAGING; hold_to_chemist_h=1.05; grpo_state=PENDING_IN_APP
qc_inspection,JIVO_OIL,1617,2026-08-24,GE-2026-8205,PM0000053,HDPE BOTTLE 5 LTR,5 Ltr. Jerry Can,4425.000,PCS,ECHO PLAST INDIA,hold_hours_slip_to_QA_manager,1.15,hours,ACCEPTED,factory.jivo.in /quality-control/inspections/,VERIFIED,group=PM_PACKAGING; hold_to_chemist_h=1.15; grpo_state=PENDING_IN_APP
qc_inspection,JIVO_OIL,1615,2026-08-24,GE-2026-3959,PM0000852,PREFORM 49.5 GMS 36 MM,Pet Preform 50 Gm,114000.000,PCS,FRYSTAL PET PRIVATE LIMITED,hold_hours_slip_to_QA_manager,1.36,hours,ACCEPTED,factory.jivo.in /quality-control/inspections/,VERIFIED,group=PM_PACKAGING; hold_to_chemist_h=1.34; grpo_state=PENDING_IN_APP
qc_inspection,JIVO_OIL,1614,2026-08-24,GE-2026-6774,PM0000194,PET BOTTLE 1 LTR 40 GMS,Pet_bottle_1ltr_40gm,10080.000,PCS,BR AGROTECH LTD,hold_hours_slip_to_QA_manager,1.82,hours,ACCEPTED,factory.jivo.in /quality-control/inspections/,VERIFIED,group=PM_PACKAGING; hold_to_chemist_h=1.81; grpo_state=PENDING_IN_APP
qc_inspection,JIVO_OIL,1613,2026-08-24,GE-2026-6774,PM0000121,PET BOTTLE 1 LTR 52 GMS POMACE,1 Ltr Pet Bottle Pomace (52gm) Br,12672.000,PCS,BR AGROTECH LTD,hold_hours_slip_to_QA_manager,1.83,hours,ACCEPTED,factory.jivo.in /quality-control/inspections/,VERIFIED,group=PM_PACKAGING; hold_to_chemist_h=1.72; grpo_state=PENDING_IN_APP
qc_inspection,JIVO_OIL,1612,2026-08-24,GE-2026-6774,PM0000851,PET BOTTLE 1 LTR 26 GM,Pet_bottle_1_ltr_26gm,20832.000,PCS,BR AGROTECH LTD,hold_hours_slip_to_QA_manager,1.83,hours,ACCEPTED,factory.jivo.in /quality-control/inspections/,VERIFIED,group=PM_PACKAGING; hold_to_chemist_h=1.64; grpo_state=PENDING_IN_APP
qc_inspection,JIVO_OIL,1611,2026-08-24,GE-2026-8869,PM0000468,CAPS 5 LTR GREEN,Cap_5l_green,2600.000,PCS,A A ENTERPRISES,hold_hours_slip_to_QA_manager,0.81,hours,ACCEPTED,factory.jivo.in /quality-control/inspections/,VERIFIED,group=PM_PACKAGING; hold_to_chemist_h=0.81; grpo_state=PENDING_IN_APP
qc_inspection,JIVO_OIL,1610,2026-08-24,GE-2026-8869,PM0000053,HDPE BOTTLE 5 LTR,5 Ltr. Jerry Can,2600.000,PCS,A A ENTERPRISES,hold_hours_slip_to_QA_manager,0.69,hours,ACCEPTED,factory.jivo.in /quality-control/inspections/,VERIFIED,group=PM_PACKAGING; hold_to_chemist_h=0.67; grpo_state=PENDING_IN_APP
qc_inspection,JIVO_OIL,1606,2026-08-24,GE-2026-2510,RM0000003,MUSTARD LOOSE OIL,Mustard Oil,16.860,MTS,AWL AGRI BUSINESS LIMITED,hold_hours_slip_to_QA_manager,2.64,hours,ACCEPTED,factory.jivo.in /quality-control/inspections/,VERIFIED,group=RM_BULK_OIL; hold_to_chemist_h=0.11; grpo_state=PENDING_IN_APP
qc_inspection,JIVO_OIL,1605,2026-08-24,GE-2026-2510,RM0000003,MUSTARD LOOSE OIL,Mustard Oil,18.220,MTS,AWL AGRI BUSINESS LIMITED,hold_hours_slip_to_QA_manager,2.65,hours,ACCEPTED,factory.jivo.in /quality-control/inspections/,VERIFIED,group=RM_BULK_OIL; hold_to_chemist_h=0.09; grpo_state=PENDING_IN_APP
qc_inspection,JIVO_OIL,1659,2026-08-24,GE-2026-7862,RM0000003,MUSTARD LOOSE OIL,Mustard Oil,40.000,MTS,VAISHNODEVI REFOILS & SOLVEX PRIVATE LIMITED,hold_hours_slip_to_QA_manager,51.32,hours,ACCEPTED,factory.jivo.in /quality-control/inspections/,VERIFIED,group=RM_BULK_OIL; hold_to_chemist_h=51.32; grpo_state=PENDING_IN_APP
qc_inspection,JIVO_OIL,1603,2026-08-24,GE-2026-4676,RM0000025,SOYABEAN REFINED LOOSE OIL,Refined Soyben Rm0000025,34.000,MTS,AWL AGRI BUSINESS LIMITED,hold_hours_slip_to_QA_manager,0.32,hours,ACCEPTED,factory.jivo.in /quality-control/inspections/,VERIFIED,group=RM_BULK_OIL; hold_to_chemist_h=0.25; grpo_state=PENDING_IN_APP
qc_inspection,JIVO_OIL,1604,2026-08-24,GE-2026-4348,RM0000025,SOYABEAN REFINED LOOSE OIL,Refined Soyben Rm0000025,34.970,MTS,AWL AGRI BUSINESS LIMITED,hold_hours_slip_to_QA_manager,0.39,hours,ACCEPTED,factory.jivo.in /quality-control/inspections/,VERIFIED,group=RM_BULK_OIL; hold_to_chemist_h=0.33; grpo_state=PENDING_IN_APP
qc_inspection,JIVO_OIL,1607,2026-08-24,GE-2026-9174,PM0000006,CARTON 1 LTR 20 PCS PET 40 GM,Carton 1l X 20 Pcs 435x310x277,2110.000,PCS,SSY CONTAINERS PVT LTD,hold_hours_slip_to_QA_manager,0.71,hours,ACCEPTED,factory.jivo.in /quality-control/inspections/,VERIFIED,group=PM_PACKAGING; hold_to_chemist_h=0.7; grpo_state=PENDING_IN_APP
qc_inspection,JIVO_OIL,1602,2026-08-24,GE-2026-9174,PM0000411,CARTON 1 LTR 20 PCS PET 26GM,Carton_1l_x_20_pcs_26_gm,3266.000,PCS,SSY CONTAINERS PVT LTD,hold_hours_slip_to_QA_manager,0.55,hours,ACCEPTED,factory.jivo.in /quality-control/inspections/,VERIFIED,group=PM_PACKAGING; hold_to_chemist_h=0.52; grpo_state=PENDING_IN_APP
qc_inspection,JIVO_OIL,1609,2026-08-24,GE-2026-3124,PM0000523,LABEL 1 LTR RICE BRAN OIL BACK,Label Rice Bran 1 Ltr.,12000.000,PCS,CORE PACKAGING,hold_hours_slip_to_QA_manager,8.3,hours,ACCEPTED,factory.jivo.in /quality-control/inspections/,VERIFIED,group=PM_PACKAGING; hold_to_chemist_h=1.18; grpo_state=PENDING_IN_APP
qc_inspection,JIVO_OIL,1608,2026-08-24,GE-2026-3124,PM0000522,LABEL 1 LTR RICE BRAN OIL FRONT,Label Rice Bran 1 Ltr.,12000.000,PCS,CORE PACKAGING,hold_hours_slip_to_QA_manager,8.31,hours,ACCEPTED,factory.jivo.in /quality-control/inspections/,VERIFIED,group=PM_PACKAGING; hold_to_chemist_h=1.17; grpo_state=PENDING_IN_APP
qc_inspection,JIVO_OIL,1601,2026-08-23,GE-2026-4787,PM0000053,HDPE BOTTLE 5 LTR,5 Ltr. Jerry Can,3750.000,PCS,RAJ TECHNOPACK PVT LTD,hold_hours_slip_to_QA_manager,1.23,hours,ACCEPTED,factory.jivo.in /quality-control/inspections/,VERIFIED,group=PM_PACKAGING; hold_to_chemist_h=1.22; grpo_state=PENDING_IN_APP
qc_inspection,JIVO_OIL,1600,2026-08-23,GE-2026-4787,PM0000469,CAPS 5 LTR BROWN,Cap 5l Brown,3750.000,PCS,RAJ TECHNOPACK PVT LTD,hold_hours_slip_to_QA_manager,1.15,hours,ACCEPTED,factory.jivo.in /quality-control/inspections/,VERIFIED,group=PM_PACKAGING; hold_to_chemist_h=1.14; grpo_state=PENDING_IN_APP
qc_inspection,JIVO_OIL,1598,2026-08-23,GE-2026-5265,PM0000194,PET BOTTLE 1 LTR 40 GMS,Pet_bottle_1ltr_40gm,7056.000,PCS,BR AGROTECH LTD,hold_hours_slip_to_QA_manager,1.22,hours,ACCEPTED,factory.jivo.in /quality-control/inspections/,VERIFIED,group=PM_PACKAGING; hold_to_chemist_h=1.2; grpo_state=PENDING_IN_APP
qc_inspection,JIVO_OIL,1597,2026-08-23,GE-2026-5265,PM0000121,PET BOTTLE 1 LTR 52 GMS POMACE,1 Ltr Pet Bottle Pomace (52gm) Br,11520.000,PCS,BR AGROTECH LTD,hold_hours_slip_to_QA_manager,0.88,hours,ACCEPTED,factory.jivo.in /quality-control/inspections/,VERIFIED,group=PM_PACKAGING; hold_to_chemist_h=0.74; grpo_state=PENDING_IN_APP
qc_inspection,JIVO_OIL,1599,2026-08-23,GE-2026-5265,PM0000851,PET BOTTLE 1 LTR 26 GM,Pet_bottle_1_ltr_26gm,26208.000,PCS,BR AGROTECH LTD,hold_hours_slip_to_QA_manager,3.31,hours,ACCEPTED,factory.jivo.in /quality-control/inspections/,VERIFIED,group=PM_PACKAGING; hold_to_chemist_h=2.46; grpo_state=PENDING_IN_APP
qc_inspection,JIVO_OIL,1596,2026-08-23,GE-2026-5680,PM0000851,PET BOTTLE 1 LTR 26 GM,Pet_bottle_1_ltr_26gm,42900.000,PCS,TPAC PACKAGING INDIA PVT LTD II,hold_hours_slip_to_QA_manager,2.04,hours,ACCEPTED,factory.jivo.in /quality-control/inspections/,VERIFIED,group=PM_PACKAGING; hold_to_chemist_h=2.03; grpo_state=PENDING_IN_APP
qc_inspection,JIVO_OIL,1593,2026-08-22,GE-2026-7529,PM0000013,CARTON 5 LTR 4 PCS,Carton_5l_x_4_pcs_canola_(450x257x325),3365.000,PCS,KUBER PAPER & PACK PRIVATE LIMITED AAJCK3867H0,hold_hours_slip_to_QA_manager,1.33,hours,ACCEPTED,factory.jivo.in /quality-control/inspections/,VERIFIED,group=PM_PACKAGING; hold_to_chemist_h=1.28; grpo_state=PENDING_IN_APP
qc_inspection,JIVO_OIL,1594,2026-08-22,GE-2026-7529,PM0000013,CARTON 5 LTR 4 PCS,Carton_5l_x_4_pcs_canola_(450x257x325),4820.000,PCS,KUBER PAPER & PACK PRIVATE LIMITED AAJCK3867H0,hold_hours_slip_to_QA_manager,1.33,hours,ACCEPTED,factory.jivo.in /quality-control/inspections/,VERIFIED,group=PM_PACKAGING; hold_to_chemist_h=1.31; grpo_state=PENDING_IN_APP
qc_inspection,JIVO_OIL,1592,2026-08-22,GE-2026-0101,PM0000235,CAPS 1 LTR WHITE AND YELLOW SMALL PLAIN,Cap Yellow-white 1l Plain,30000.000,PCS,BABAJI UDYOG PVT. LTD.,hold_hours_slip_to_QA_manager,0.77,hours,ACCEPTED,factory.jivo.in /quality-control/inspections/,VERIFIED,group=PM_PACKAGING; hold_to_chemist_h=0.76; grpo_state=PENDING_IN_APP
qc_inspection,JIVO_OIL,1591,2026-08-22,GE-2026-0101,PM0000085,CAPS 1 OR 2 LTR WHITE AND YELLOW WITH LOGO,Cap_yellow_white_1ltr._&_2_ltr.,30000.000,PCS,BABAJI UDYOG PVT. LTD.,hold_hours_slip_to_QA_manager,0.78,hours,ACCEPTED,factory.jivo.in /quality-control/inspections/,VERIFIED,group=PM_PACKAGING; hold_to_chemist_h=0.6; grpo_state=PENDING_IN_APP
qc_inspection,JIVO_OIL,1590,2026-08-22,GE-2026-0101,PM0000079,CAPS 1 & 2 LTR FULL GREEN WITH LOGO,Cap_green_green_1-2_ltr,78000.000,PCS,BABAJI UDYOG PVT. LTD.,hold_hours_slip_to_QA_manager,0.78,hours,ACCEPTED,factory.jivo.in /quality-control/inspections/,VERIFIED,group=PM_PACKAGING; hold_to_chemist_h=0.49; grpo_state=PENDING_IN_APP
qc_inspection,JIVO_OIL,1587,2026-08-22,GE-2026-4183,PM0000468,CAPS 5 LTR GREEN,Cap_5l_green,2070.000,PCS,ECHO PLAST INDIA,hold_hours_slip_to_QA_manager,0.57,hours,ACCEPTED,factory.jivo.in /quality-control/inspections/,VERIFIED,group=PM_PACKAGING; hold_to_chemist_h=0.39; grpo_state=PENDING_IN_APP
qc_inspection,JIVO_OIL,1588,2026-08-22,GE-2026-4183,PM0000053,HDPE BOTTLE 5 LTR,5 Ltr. Jerry Can,2070.000,PCS,ECHO PLAST INDIA,hold_hours_slip_to_QA_manager,0.56,hours,ACCEPTED,factory.jivo.in /quality-control/inspections/,VERIFIED,group=PM_PACKAGING; hold_to_chemist_h=0.54; grpo_state=PENDING_IN_APP
qc_inspection,JIVO_OIL,1589,2026-08-22,GE-2026-4183,PM0000056,PET BOTTLE 100 MLS BOTTLES,Pet Bottle 100ml,7200.000,PCS,ECHO PLAST INDIA,hold_hours_slip_to_QA_manager,1.73,hours,ACCEPTED,factory.jivo.in /quality-control/inspections/,VERIFIED,group=PM_PACKAGING; hold_to_chemist_h=1.24; grpo_state=PENDING_IN_APP
qc_inspection,JIVO_OIL,1585,2026-08-22,GE-2026-8691,PM0000053,HDPE BOTTLE 5 LTR,5 Ltr. Jerry Can,3750.000,PCS,RAJ TECHNOPACK PVT LTD,hold_hours_slip_to_QA_manager,0.91,hours,ACCEPTED,factory.jivo.in /quality-control/inspections/,VERIFIED,group=PM_PACKAGING; hold_to_chemist_h=0.8; grpo_state=PENDING_IN_APP
qc_inspection,JIVO_OIL,1586,2026-08-22,GE-2026-8691,PM0000468,CAPS 5 LTR GREEN,Cap_5l_green,3750.000,PCS,RAJ TECHNOPACK PVT LTD,hold_hours_slip_to_QA_manager,0.9,hours,ACCEPTED,factory.jivo.in /quality-control/inspections/,VERIFIED,group=PM_PACKAGING; hold_to_chemist_h=0.87; grpo_state=PENDING_IN_APP
qc_inspection,JIVO_OIL,1595,2026-08-22,GE-2026-7901,PM0000057,PET BOTTLE 2 LTR 66 GMS,Pet Bottle 2 Ltr 66 Gm,8400.000,PCS,TPAC PACKAGING INDIA PVT LTD II,hold_hours_slip_to_QA_manager,9.14,hours,ACCEPTED,factory.jivo.in /quality-control/inspections/,VERIFIED,group=PM_PACKAGING; hold_to_chemist_h=9.13; grpo_state=PENDING_IN_APP
qc_inspection,JIVO_OIL,1582,2026-08-22,GE-2026-7901,PM0000851,PET BOTTLE 1 LTR 26 GM,Pet_bottle_1_ltr_26gm,24492.000,PCS,TPAC PACKAGING INDIA PVT LTD II,hold_hours_slip_to_QA_manager,0.84,hours,ACCEPTED,factory.jivo.in /quality-control/inspections/,VERIFIED,group=PM_PACKAGING; hold_to_chemist_h=0.83; grpo_state=PENDING_IN_APP
qc_inspection,JIVO_OIL,1583,2026-08-22,GE-2026-1142,PM0000121,PET BOTTLE 1 LTR 52 GMS POMACE,1 Ltr Pet Bottle Pomace (52gm) Br,43200.000,PCS,BR AGROTECH LTD,hold_hours_slip_to_QA_manager,2.37,hours,ACCEPTED,factory.jivo.in /quality-control/inspections/,VERIFIED,group=PM_PACKAGING; hold_to_chemist_h=2.35; grpo_state=PENDING_IN_APP
qc_inspection,JIVO_OIL,1580,2026-08-21,GE-2026-1786,PM0000470,CAPS 5 LTR ORANGE,Caps 5l Orange,4500.000,PCS,RAJ TECHNOPACK PVT LTD,hold_hours_slip_to_QA_manager,1.24,hours,ACCEPTED,factory.jivo.in /quality-control/inspections/,VERIFIED,group=PM_PACKAGING; hold_to_chemist_h=1.21; grpo_state=PENDING_IN_APP
qc_inspection,JIVO_OIL,1579,2026-08-21,GE-2026-1786,PM0000053,HDPE BOTTLE 5 LTR,5 Ltr. Jerry Can,4500.000,PCS,RAJ TECHNOPACK PVT LTD,hold_hours_slip_to_QA_manager,1.26,hours,ACCEPTED,factory.jivo.in /quality-control/inspections/,VERIFIED,group=PM_PACKAGING; hold_to_chemist_h=1.0; grpo_state=PENDING_IN_APP
qc_inspection,JIVO_OIL,1574,2026-08-21,GE-2026-7481,PM0000006,CARTON 1 LTR 20 PCS PET 40 GM,1 Liter X 20 Pcs (o),5170.000,PCS,SSY CONTAINERS PVT LTD,hold_hours_slip_to_QA_manager,0.47,hours,ACCEPTED,factory.jivo.in /quality-control/inspections/,VERIFIED,group=PM_PACKAGING; hold_to_chemist_h=0.2; grpo_state=PENDING_IN_APP
qc_inspection,JIVO_OIL,1573,2026-08-21,GE-2026-7084,PM0000468,CAPS 5 LTR GREEN,Cap_5l_green,2580.000,PCS,ECHO PLAST INDIA,hold_hours_slip_to_QA_manager,1.25,hours,ACCEPTED,factory.jivo.in /quality-control/inspections/,VERIFIED,group=PM_PACKAGING; hold_to_chemist_h=0.91; grpo_state=PENDING_IN_APP
qc_inspection,JIVO_OIL,1572,2026-08-21,GE-2026-7084,PM0000053,HDPE BOTTLE 5 LTR,5 Ltr. Jerry Can,2580.000,PCS,ECHO PLAST INDIA,hold_hours_slip_to_QA_manager,1.27,hours,ACCEPTED,factory.jivo.in /quality-control/inspections/,VERIFIED,group=PM_PACKAGING; hold_to_chemist_h=0.82; grpo_state=PENDING_IN_APP
qc_inspection,JIVO_OIL,1571,2026-08-21,GE-2026-0321,PM0000071,SHRINKS 1 LTR 235X310,Shrink_pouch_310x240,55500.000,PCS,MULTILAYER INDUSTRIES,hold_hours_slip_to_QA_manager,0.21,hours,ACCEPTED,factory.jivo.in /quality-control/inspections/,VERIFIED,group=PM_PACKAGING; hold_to_chemist_h=0.21; grpo_state=PENDING_IN_APP
qc_inspection,JIVO_OIL,1569,2026-08-21,GE-2026-1015,PM0000344,LABEL 1 LTR EXTRA VIRGIN COCONUT FRONT,Label Extra Virgin Coconut1l New,31400.000,PCS,ROYAL PRIME LABELS,hold_hours_slip_to_QA_manager,1.36,hours,ACCEPTED,factory.jivo.in /quality-control/inspections/,VERIFIED,group=PM_PACKAGING; hold_to_chemist_h=0.63; grpo_state=PENDING_IN_APP
qc_inspection,JIVO_OIL,1570,2026-08-21,GE-2026-1015,PM0000345,LABEL 1 LTR EXTRA VIRGIN COCONUT BACK,Label Extra Virgin Coconut1l New,31400.000,PCS,ROYAL PRIME LABELS,hold_hours_slip_to_QA_manager,1.36,hours,ACCEPTED,factory.jivo.in /quality-control/inspections/,VERIFIED,group=PM_PACKAGING; hold_to_chemist_h=0.64; grpo_state=PENDING_IN_APP
qc_inspection,JIVO_OIL,1577,2026-08-21,GE-2026-1015,PM0000023,LABEL 1 LTR PAKKI GHANI FRONT,Label_pg_mustard_oil_1l_front,31500.000,PCS,ROYAL PRIME LABELS,hold_hours_slip_to_QA_manager,6.66,hours,ACCEPTED,factory.jivo.in /quality-control/inspections/,VERIFIED,group=PM_PACKAGING; hold_to_chemist_h=3.9; grpo_state=PENDING_IN_APP
qc_inspection,JIVO_OIL,1578,2026-08-21,GE-2026-1015,PM0000022,LABEL 1 LTR PAKKI GHANI BACK,Label_pg_mustard_oil_1l_back,31500.000,PCS,ROYAL PRIME LABELS,hold_hours_slip_to_QA_manager,6.67,hours,ACCEPTED,factory.jivo.in /quality-control/inspections/,VERIFIED,group=PM_PACKAGING; hold_to_chemist_h=3.93; grpo_state=PENDING_IN_APP
qc_inspection,JIVO_OIL,1575,2026-08-21,GE-2026-1015,PM0000846,LABEL 2 LTR CP MUSTARD OIL HENDLE BOTTLE FRONT LA RASOI,Label 2l Cp Kachi Ghani Mustard Rasoi Front,3800.000,PCS,ROYAL PRIME LABELS,hold_hours_slip_to_QA_manager,2.74,hours,ACCEPTED,factory.jivo.in /quality-control/inspections/,VERIFIED,group=PM_PACKAGING; hold_to_chemist_h=2.49; grpo_state=PENDING_IN_APP
qc_inspection,JIVO_OIL,1576,2026-08-21,GE-2026-1015,PM0000843,LABEL 2 LTR CP MUSTARD OIL HANDLE BOTTLE BACK LA RASOI,Label 2l Cp Kachi Ghani Mustard Rasoi Back,3800.000,PCS,ROYAL PRIME LABELS,hold_hours_slip_to_QA_manager,2.74,hours,ACCEPTED,factory.jivo.in /quality-control/inspections/,VERIFIED,group=PM_PACKAGING; hold_to_chemist_h=2.52; grpo_state=PENDING_IN_APP
qc_inspection,JIVO_OIL,1568,2026-08-21,GE-2026-1015,PM0000046,LABEL 5 LTR COLD PRESS FRONT,Label Cold Pressed Canola Oil 5l Front,27000.000,PCS,ROYAL PRIME LABELS,hold_hours_slip_to_QA_manager,1.37,hours,ACCEPTED,factory.jivo.in /quality-control/inspections/,VERIFIED,group=PM_PACKAGING; hold_to_chemist_h=0.57; grpo_state=PENDING_IN_APP
qc_inspection,JIVO_OIL,1567,2026-08-21,GE-2026-1015,PM0000018,LABEL 1 LTR EXTRA LIGHT FRONT,Label E L Olive 1ltr,152800.000,PCS,ROYAL PRIME LABELS,hold_hours_slip_to_QA_manager,1.38,hours,ACCEPTED,factory.jivo.in /quality-control/inspections/,VERIFIED,group=PM_PACKAGING; hold_to_chemist_h=0.54; grpo_state=PENDING_IN_APP
qc_inspection,JIVO_OIL,1566,2026-08-21,GE-2026-1015,PM0000017,LABEL 1 LTR EXTRA LIGHT BACK,Label E L Olive 1ltr,152800.000,PCS,ROYAL PRIME LABELS,hold_hours_slip_to_QA_manager,1.38,hours,ACCEPTED,factory.jivo.in /quality-control/inspections/,VERIFIED,group=PM_PACKAGING; hold_to_chemist_h=0.52; grpo_state=PENDING_IN_APP
qc_inspection,JIVO_OIL,1565,2026-08-21,GE-2026-6379,RM0000003,MUSTARD LOOSE OIL,Mustard Oil,39.820,MTS,VAISHNODEVI REFOILS & SOLVEX PRIVATE LIMITED,hold_hours_slip_to_QA_manager,1.57,hours,ACCEPTED,factory.jivo.in /quality-control/inspections/,VERIFIED,group=RM_BULK_OIL; hold_to_chemist_h=1.57; grpo_state=PENDING_IN_APP
qc_inspection,JIVO_OIL,1564,2026-08-21,GE-2026-1253,RM0000025,SOYABEAN REFINED LOOSE OIL,Refined Soyben Rm0000025,29.970,MTS,AWL AGRI BUSINESS LIMITED,hold_hours_slip_to_QA_manager,0.51,hours,ACCEPTED,factory.jivo.in /quality-control/inspections/,VERIFIED,group=RM_BULK_OIL; hold_to_chemist_h=0.45; grpo_state=PENDING_IN_APP
qc_inspection,JIVO_OIL,1562,2026-08-20,GE-2026-1653,PM0000470,CAPS 5 LTR ORANGE,Caps 5l Orange,3750.000,PCS,RAJ TECHNOPACK PVT LTD,hold_hours_slip_to_QA_manager,4.42,hours,ACCEPTED,factory.jivo.in /quality-control/inspections/,VERIFIED,group=PM_PACKAGING; hold_to_chemist_h=4.17; grpo_state=PENDING_IN_APP
qc_inspection,JIVO_OIL,1558,2026-08-20,GE-2026-1653,PM0000053,HDPE BOTTLE 5 LTR,5 Ltr. Jerry Can,3750.000,PCS,RAJ TECHNOPACK PVT LTD,hold_hours_slip_to_QA_manager,4.44,hours,ACCEPTED,factory.jivo.in /quality-control/inspections/,VERIFIED,group=PM_PACKAGING; hold_to_chemist_h=1.32; grpo_state=PENDING_IN_APP
qc_inspection,JIVO_OIL,1557,2026-08-20,GE-2026-4362,PM0000594,PREFORM 40 GMS 36 MM,Pet Preform 40 Gm,63000.000,PCS,PIONEER PET SWASTIC PET INDUSTRIES (ACSFS8137Q),hold_hours_slip_to_QA_manager,0.85,hours,ACCEPTED,factory.jivo.in /quality-control/inspections/,VERIFIED,group=PM_PACKAGING; hold_to_chemist_h=0.84; grpo_state=PENDING_IN_APP
qc_inspection,JIVO_OIL,1556,2026-08-20,GE-2026-4362,PM0000852,PREFORM 49.5 GMS 36 MM,Pet Preform 50 Gm,52388.000,PCS,PIONEER PET SWASTIC PET INDUSTRIES (ACSFS8137Q),hold_hours_slip_to_QA_manager,0.59,hours,ACCEPTED,factory.jivo.in /quality-control/inspections/,VERIFIED,group=PM_PACKAGING; hold_to_chemist_h=0.53; grpo_state=PENDING_IN_APP
qc_inspection,JIVO_OIL,1555,2026-08-19,GE-2026-2971,PM0000422,LABEL 500 MLS EXTRA VIRGIN OLIVE OIL BACK,Label 500ml Cp Groundnut Oil,663.000,PCS,GRAPHICS ELITE,hold_hours_slip_to_QA_manager,18.82,hours,ACCEPTED,factory.jivo.in /quality-control/inspections/,VERIFIED,group=PM_PACKAGING; hold_to_chemist_h=18.49; grpo_state=PENDING_IN_APP
qc_inspection,JIVO_OIL,1554,2026-08-19,GE-2026-2971,PM0000421,LABEL 500 MLS EXTRA VIRGIN OLIVE OIL FRONT,Label 500ml Cp Groundnut Oil,663.000,PCS,GRAPHICS ELITE,hold_hours_slip_to_QA_manager,18.82,hours,ACCEPTED,factory.jivo.in /quality-control/inspections/,VERIFIED,group=PM_PACKAGING; hold_to_chemist_h=18.46; grpo_state=PENDING_IN_APP
qc_inspection,JIVO_OIL,1553,2026-08-19,GE-2026-2971,PM0000628,LABEL 15 LTR SUNFLOWER OIL,Label 15 Ltr Sunflower Oil,312.000,PCS,GRAPHICS ELITE,hold_hours_slip_to_QA_manager,18.82,hours,ACCEPTED,factory.jivo.in /quality-control/inspections/,VERIFIED,group=PM_PACKAGING; hold_to_chemist_h=18.43; grpo_state=PENDING_IN_APP
qc_inspection,JIVO_OIL,1552,2026-08-19,GE-2026-2971,PM0000027,LABEL 1 LTR REFINED TOP,Label 1 Ltr Refined Top Tikki,8244.000,PCS,GRAPHICS ELITE,hold_hours_slip_to_QA_manager,18.82,hours,ACCEPTED,factory.jivo.in /quality-control/inspections/,VERIFIED,group=PM_PACKAGING; hold_to_chemist_h=18.38; grpo_state=PENDING_IN_APP
qc_inspection,JIVO_OIL,1548,2026-08-19,GE-2026-7553,PM0000851,PET BOTTLE 1 LTR 26 GM,Pet_bottle_1_ltr_26gm,11622.000,PCS,TPAC PACKAGING INDIA PVT LTD II,hold_hours_slip_to_QA_manager,1.29,hours,ACCEPTED,factory.jivo.in /quality-control/inspections/,VERIFIED,group=PM_PACKAGING; hold_to_chemist_h=1.07; grpo_state=PENDING_IN_APP
qc_inspection,JIVO_OIL,1550,2026-08-19,GE-2026-7553,PM0000057,PET BOTTLE 2 LTR 66 GMS,Pet Bottle 2 Ltr 66 Gm,11500.000,PCS,TPAC PACKAGING INDIA PVT LTD II,hold_hours_slip_to_QA_manager,19.33,hours,ACCEPTED,factory.jivo.in /quality-control/inspections/,VERIFIED,group=PM_PACKAGING; hold_to_chemist_h=19.02; grpo_state=PENDING_IN_APP
qc_inspection,JIVO_OIL,1544,2026-08-19,GE-2026-0155,PM0000468,CAPS 5 LTR GREEN,Cap_5l_green,3750.000,PCS,RAJ TECHNOPACK PVT LTD,hold_hours_slip_to_QA_manager,1.76,hours,ACCEPTED,factory.jivo.in /quality-control/inspections/,VERIFIED,group=PM_PACKAGING; hold_to_chemist_h=1.67; grpo_state=PENDING_IN_APP
qc_inspection,JIVO_OIL,1546,2026-08-19,GE-2026-0155,PM0000053,HDPE BOTTLE 5 LTR,5 Ltr. Jerry Can,3750.000,PCS,RAJ TECHNOPACK PVT LTD,hold_hours_slip_to_QA_manager,2.22,hours,ACCEPTED,factory.jivo.in /quality-control/inspections/,VERIFIED,group=PM_PACKAGING; hold_to_chemist_h=2.2; grpo_state=PENDING_IN_APP
qc_inspection,JIVO_OIL,1543,2026-08-19,GE-2026-0947,PM0000468,CAPS 5 LTR GREEN,Cap_5l_green,2475.000,PCS,ECHO PLAST INDIA,hold_hours_slip_to_QA_manager,1.39,hours,ACCEPTED,factory.jivo.in /quality-control/inspections/,VERIFIED,group=PM_PACKAGING; hold_to_chemist_h=1.36; grpo_state=PENDING_IN_APP
qc_inspection,JIVO_OIL,1542,2026-08-19,GE-2026-0947,PM0000053,HDPE BOTTLE 5 LTR,5 Ltr. Jerry Can,2475.000,PCS,ECHO PLAST INDIA,hold_hours_slip_to_QA_manager,1.39,hours,ACCEPTED,factory.jivo.in /quality-control/inspections/,VERIFIED,group=PM_PACKAGING; hold_to_chemist_h=1.31; grpo_state=PENDING_IN_APP
qc_inspection,JIVO_OIL,1541,2026-08-19,GE-2026-8911,PM0000079,CAPS 1 & 2 LTR FULL GREEN WITH LOGO,Cap_green_green_1-2_ltr,51000.000,PCS,BABAJI UDYOG PVT. LTD.,hold_hours_slip_to_QA_manager,1.24,hours,ACCEPTED,factory.jivo.in /quality-control/inspections/,VERIFIED,group=PM_PACKAGING; hold_to_chemist_h=1.22; grpo_state=PENDING_IN_APP
qc_inspection,JIVO_OIL,1540,2026-08-19,GE-2026-8911,PM0000235,CAPS 1 LTR WHITE AND YELLOW SMALL PLAIN,Cap Yellow-white 1l Plain,125000.000,PCS,BABAJI UDYOG PVT. LTD.,hold_hours_slip_to_QA_manager,1.23,hours,ACCEPTED,factory.jivo.in /quality-control/inspections/,VERIFIED,group=PM_PACKAGING; hold_to_chemist_h=1.14; grpo_state=PENDING_IN_APP
qc_inspection,JIVO_OIL,1549,2026-08-19,GE-2026-2536,PM0000851,PET BOTTLE 1 LTR 26 GM,Pet_bottle_1_ltr_26gm,34272.000,PCS,BR AGROTECH LTD,hold_hours_slip_to_QA_manager,6.05,hours,ACCEPTED,factory.jivo.in /quality-control/inspections/,VERIFIED,group=PM_PACKAGING; hold_to_chemist_h=6.04; grpo_state=PENDING_IN_APP
qc_inspection,JIVO_OIL,1539,2026-08-19,GE-2026-2536,PM0000121,PET BOTTLE 1 LTR 52 GMS POMACE,1 Ltr Pet Bottle Pomace (52gm) Br,15168.000,PCS,BR AGROTECH LTD,hold_hours_slip_to_QA_manager,1.03,hours,ACCEPTED,factory.jivo.in /quality-control/inspections/,VERIFIED,group=PM_PACKAGING; hold_to_chemist_h=1.0; grpo_state=PENDING_IN_APP
qc_inspection,JIVO_OIL,1536,2026-08-19,GE-2026-6762,PM0000852,PREFORM 49.5 GMS 36 MM,Pet Preform 50 Gm,114000.000,PCS,FRYSTAL PET PRIVATE LIMITED,hold_hours_slip_to_QA_manager,1.39,hours,ACCEPTED,factory.jivo.in /quality-control/inspections/,VERIFIED,group=PM_PACKAGING; hold_to_chemist_h=1.37; grpo_state=PENDING_IN_APP
qc_inspection,JIVO_OIL,1581,2026-08-19,GE-2026-6280,RM0000003,MUSTARD LOOSE OIL,Mustard Oil,33.680,MTS,M/S ARORA AGRI BUSINESS VENTURES,hold_hours_slip_to_QA_manager,53.93,hours,ACCEPTED,factory.jivo.in /quality-control/inspections/,VERIFIED,group=RM_BULK_OIL; hold_to_chemist_h=53.91; grpo_state=PENDING_IN_APP
qc_inspection,JIVO_OIL,1584,2026-08-19,GE-2026-4029,RM0000003,MUSTARD LOOSE OIL,Mustard Oil,39.880,MTS,AWL AGRI BUSINESS LIMITED,hold_hours_slip_to_QA_manager,73.96,hours,ACCEPTED,factory.jivo.in /quality-control/inspections/,VERIFIED,group=RM_BULK_OIL; hold_to_chemist_h=73.91; grpo_state=PENDING_IN_APP
qc_inspection,JIVO_OIL,1534,2026-08-18,GE-2026-4320,PM0000469,CAPS 5 LTR BROWN,Cap 5l Brown,8472.000,PCS,AG POLY PACKS PVT LTD,hold_hours_slip_to_QA_manager,16.52,hours,ACCEPTED,factory.jivo.in /quality-control/inspections/,VERIFIED,group=PM_PACKAGING; hold_to_chemist_h=16.52; grpo_state=PENDING_IN_APP
qc_inspection,JIVO_OIL,1533,2026-08-18,GE-2026-4320,PM0000053,HDPE BOTTLE 5 LTR,5 Ltr. Jerry Can,8472.000,PCS,AG POLY PACKS PVT LTD,hold_hours_slip_to_QA_manager,16.29,hours,ACCEPTED,factory.jivo.in /quality-control/inspections/,VERIFIED,group=PM_PACKAGING; hold_to_chemist_h=16.26; grpo_state=PENDING_IN_APP
qc_inspection,JIVO_OIL,1531,2026-08-18,GE-2026-0578,PM0000468,CAPS 5 LTR GREEN,Cap_5l_green,3750.000,PCS,RAJ TECHNOPACK PVT LTD,hold_hours_slip_to_QA_manager,0.74,hours,ACCEPTED,factory.jivo.in /quality-control/inspections/,VERIFIED,group=PM_PACKAGING; hold_to_chemist_h=0.61; grpo_state=PENDING_IN_APP
qc_inspection,JIVO_OIL,1532,2026-08-18,GE-2026-0578,PM0000053,HDPE BOTTLE 5 LTR,5 Ltr. Jerry Can,3750.000,PCS,RAJ TECHNOPACK PVT LTD,hold_hours_slip_to_QA_manager,0.74,hours,ACCEPTED,factory.jivo.in /quality-control/inspections/,VERIFIED,group=PM_PACKAGING; hold_to_chemist_h=0.73; grpo_state=PENDING_IN_APP
qc_inspection,JIVO_OIL,1530,2026-08-18,GE-2026-0083,PM0000468,CAPS 5 LTR GREEN,Cap_5l_green,2260.000,PCS,A A ENTERPRISES,hold_hours_slip_to_QA_manager,1.18,hours,ACCEPTED,factory.jivo.in /quality-control/inspections/,VERIFIED,group=PM_PACKAGING; hold_to_chemist_h=1.17; grpo_state=PENDING_IN_APP
qc_inspection,JIVO_OIL,1529,2026-08-18,GE-2026-0083,PM0000053,HDPE BOTTLE 5 LTR,5 Ltr. Jerry Can,2260.000,PCS,A A ENTERPRISES,hold_hours_slip_to_QA_manager,1.18,hours,ACCEPTED,factory.jivo.in /quality-control/inspections/,VERIFIED,group=PM_PACKAGING; hold_to_chemist_h=1.04; grpo_state=PENDING_IN_APP
qc_inspection,JIVO_OIL,1528,2026-08-18,GE-2026-1130,PM0000085,CAPS 1 OR 2 LTR WHITE AND YELLOW WITH LOGO,Cap_yellow_white_1ltr._&_2_ltr.,126000.000,PCS,BABAJI UDYOG PVT. LTD.,hold_hours_slip_to_QA_manager,0.73,hours,ACCEPTED,factory.jivo.in /quality-control/inspections/,VERIFIED,group=PM_PACKAGING; hold_to_chemist_h=0.68; grpo_state=PENDING_IN_APP
qc_inspection,JIVO_OIL,1527,2026-08-18,GE-2026-9529,PM0000006,CARTON 1 LTR 20 PCS PET 40 GM,1 Liter X 20 Pcs (o),1435.000,PCS,SSY CONTAINERS PVT LTD,hold_hours_slip_to_QA_manager,0.26,hours,ACCEPTED,factory.jivo.in /quality-control/inspections/,VERIFIED,group=PM_PACKAGING; hold_to_chemist_h=0.23; grpo_state=PENDING_IN_APP
qc_inspection,JIVO_OIL,1526,2026-08-18,GE-2026-9529,PM0000006,CARTON 1 LTR 20 PCS PET 40 GM,1 Liter X 20 Pcs (o),4435.000,PCS,SSY CONTAINERS PVT LTD,hold_hours_slip_to_QA_manager,0.26,hours,ACCEPTED,factory.jivo.in /quality-control/inspections/,VERIFIED,group=PM_PACKAGING; hold_to_chemist_h=0.18; grpo_state=PENDING_IN_APP
qc_inspection,JIVO_OIL,1525,2026-08-18,GE-2026-7350,RM0000003,MUSTARD LOOSE OIL,Mustard Oil,36.380,MTS,AWL AGRI BUSINESS LIMITED,hold_hours_slip_to_QA_manager,2.01,hours,ACCEPTED,factory.jivo.in /quality-control/inspections/,VERIFIED,group=RM_BULK_OIL; hold_to_chemist_h=2.0; grpo_state=PENDING_IN_APP
qc_inspection,JIVO_OIL,1520,2026-08-17,GE-2026-2108,PM0000471,CAPS 5 LTR BLUE,Caps 5 Ltr Blue,150.000,PCS,ECHO PLAST INDIA,hold_hours_slip_to_QA_manager,1.87,hours,ACCEPTED,factory.jivo.in /quality-control/inspections/,VERIFIED,group=PM_PACKAGING; hold_to_chemist_h=1.78; grpo_state=PENDING_IN_APP
qc_inspection,JIVO_OIL,1522,2026-08-17,GE-2026-2108,PM0000468,CAPS 5 LTR GREEN,Cap_5l_green,2025.000,PCS,ECHO PLAST INDIA,hold_hours_slip_to_QA_manager,2.0,hours,ACCEPTED,factory.jivo.in /quality-control/inspections/,VERIFIED,group=PM_PACKAGING; hold_to_chemist_h=1.99; grpo_state=PENDING_IN_APP
qc_inspection,JIVO_OIL,1521,2026-08-17,GE-2026-2108,PM0000469,CAPS 5 LTR BROWN,Cap 5l Brown,2250.000,PCS,ECHO PLAST INDIA,hold_hours_slip_to_QA_manager,2.01,hours,ACCEPTED,factory.jivo.in /quality-control/inspections/,VERIFIED,group=PM_PACKAGING; hold_to_chemist_h=1.9; grpo_state=PENDING_IN_APP
qc_inspection,JIVO_OIL,1518,2026-08-17,GE-2026-2108,PM0000053,HDPE BOTTLE 5 LTR,5 Ltr. Jerry Can,4425.000,PCS,ECHO PLAST INDIA,hold_hours_slip_to_QA_manager,1.88,hours,ACCEPTED,factory.jivo.in /quality-control/inspections/,VERIFIED,group=PM_PACKAGING; hold_to_chemist_h=1.83; grpo_state=PENDING_IN_APP
qc_inspection,JIVO_OIL,1516,2026-08-17,GE-2026-1073,PM0000008,CARTON 15 LTR 1 PCS,Carton_15l_x_1_pcs_canola,2133.000,PCS,BALAJI INC.,hold_hours_slip_to_QA_manager,0.29,hours,ACCEPTED,factory.jivo.in /quality-control/inspections/,VERIFIED,group=PM_PACKAGING; hold_to_chemist_h=0.21; grpo_state=PENDING_IN_APP
qc_inspection,JIVO_OIL,1517,2026-08-17,GE-2026-1073,PM0000008,CARTON 15 LTR 1 PCS,Carton_15l_x_1_pcs_canola,642.000,PCS,BALAJI INC.,hold_hours_slip_to_QA_manager,4.51,hours,ACCEPTED,factory.jivo.in /quality-control/inspections/,VERIFIED,group=PM_PACKAGING; hold_to_chemist_h=0.26; grpo_state=PENDING_IN_APP
qc_inspection,JIVO_OIL,1537,2026-08-17,GE-2026-0616,RM0000013,POMACE OLIVE LOOSE OIL IMPORTED,Pomace Olive Oil,21.910,MTS,MIGASA ACEITES S L U,hold_hours_slip_to_QA_manager,48.15,hours,ACCEPTED,factory.jivo.in /quality-control/inspections/,VERIFIED,group=RM_BULK_OIL; hold_to_chemist_h=48.03; grpo_state=PENDING_IN_APP
qc_inspection,JIVO_OIL,1538,2026-08-17,GE-2026-0616,RM0000013,POMACE OLIVE LOOSE OIL IMPORTED,Pomace Olive Oil,22.000,MTS,MIGASA ACEITES S L U,hold_hours_slip_to_QA_manager,48.16,hours,ACCEPTED,factory.jivo.in /quality-control/inspections/,VERIFIED,group=RM_BULK_OIL; hold_to_chemist_h=48.07; grpo_state=PENDING_IN_APP
qc_inspection,JIVO_OIL,1515,2026-08-17,GE-2026-5855,PM0000851,PET BOTTLE 1 LTR 26 GM,Pet_bottle_1_ltr_26gm,46144.000,PCS,BR AGROTECH LTD,hold_hours_slip_to_QA_manager,4.84,hours,ACCEPTED,factory.jivo.in /quality-control/inspections/,VERIFIED,group=PM_PACKAGING; hold_to_chemist_h=4.78; grpo_state=PENDING_IN_APP
qc_inspection,JIVO_OIL,1514,2026-08-17,GE-2026-8400,PM0000851,PET BOTTLE 1 LTR 26 GM,Pet_bottle_1_ltr_26gm,42900.000,PCS,TPAC PACKAGING INDIA PVT LTD II,hold_hours_slip_to_QA_manager,1.78,hours,ACCEPTED,factory.jivo.in /quality-control/inspections/,VERIFIED,group=PM_PACKAGING; hold_to_chemist_h=1.5; grpo_state=PENDING_IN_APP
qc_inspection,JIVO_OIL,1545,2026-08-17,GE-2026-8608,RM0000025,SOYABEAN REFINED LOOSE OIL,Refined Soyben Rm0000025,37.820,MTS,AWL AGRI BUSINESS LIMITED,hold_hours_slip_to_QA_manager,53.72,hours,ACCEPTED,factory.jivo.in /quality-control/inspections/,VERIFIED,group=RM_BULK_OIL; hold_to_chemist_h=53.69; grpo_state=PENDING_IN_APP
qc_inspection,JIVO_OIL,1551,2026-08-17,GE-2026-8432,RM0000066,PEANUT OIL,Peanut_oil,41.450,MTS,DHANLAXMI EDIBLES PRIVATE LIMITED,hold_hours_slip_to_QA_manager,74.71,hours,ACCEPTED,factory.jivo.in /quality-control/inspections/,VERIFIED,group=RM_BULK_OIL; hold_to_chemist_h=74.67; grpo_state=PENDING_IN_APP
qc_inspection,JIVO_OIL,1547,2026-08-17,GE-2026-2214,RM0000025,SOYABEAN REFINED LOOSE OIL,Refined Soyben Rm0000025,39.000,MTS,AWL AGRI BUSINESS LIMITED,hold_hours_slip_to_QA_manager,56.47,hours,ACCEPTED,factory.jivo.in /quality-control/inspections/,VERIFIED,group=RM_BULK_OIL; hold_to_chemist_h=56.42; grpo_state=PENDING_IN_APP
qc_inspection,JIVO_OIL,1512,2026-08-17,GE-2026-8133,RM0000003,MUSTARD LOOSE OIL,Mustard Oil,38.420,MTS,M/S ARORA AGRI BUSINESS VENTURES,hold_hours_slip_to_QA_manager,1.36,hours,ACCEPTED,factory.jivo.in /quality-control/inspections/,VERIFIED,group=RM_BULK_OIL; hold_to_chemist_h=1.3; grpo_state=PENDING_IN_APP
qc_inspection,JIVO_OIL,1513,2026-08-17,GE-2026-5274,RM0000054,SEASAME OIL,Sesame Oil,9.890,MTS,TIRUPATI AGRO INDUSTRIES,hold_hours_slip_to_QA_manager,3.38,hours,ACCEPTED,factory.jivo.in /quality-control/inspections/,VERIFIED,group=RM_BULK_OIL; hold_to_chemist_h=3.1; grpo_state=PENDING_IN_APP
qc_inspection,JIVO_OIL,1510,2026-08-17,GE-2026-2171,PM0000005,CARTON 1 LTR 12 POUCHES,Carton_1l_x_12_pcs_(pouch),10579.000,PCS,KUBER PAPER & PACK PRIVATE LIMITED AAJCK3867H0,hold_hours_slip_to_QA_manager,1.63,hours,ACCEPTED,factory.jivo.in /quality-control/inspections/,VERIFIED,group=PM_PACKAGING; hold_to_chemist_h=1.62; grpo_state=PENDING_IN_APP
qc_inspection,JIVO_OIL,1508,2026-08-14,GE-2026-6553,PM0000468,CAPS 5 LTR GREEN,Cap_5l_green,4900.000,PCS,RAJ TECHNOPACK PVT LTD,hold_hours_slip_to_QA_manager,0.18,hours,ACCEPTED,factory.jivo.in /quality-control/inspections/,VERIFIED,group=PM_PACKAGING; hold_to_chemist_h=0.17; grpo_state=PENDING_IN_APP
qc_inspection,JIVO_OIL,1507,2026-08-14,GE-2026-6553,PM0000113,HDPE BOTTLE 3 LTR,Hdpe Bottle 3 Ltr,4900.000,PCS,RAJ TECHNOPACK PVT LTD,hold_hours_slip_to_QA_manager,0.13,hours,ACCEPTED,factory.jivo.in /quality-control/inspections/,VERIFIED,group=PM_PACKAGING; hold_to_chemist_h=0.12; grpo_state=PENDING_IN_APP
qc_inspection,JIVO_OIL,1505,2026-08-14,GE-2026-3817,PM0000194,PET BOTTLE 1 LTR 40 GMS,Pet_bottle_1ltr_40gm,7056.000,PCS,BR AGROTECH LTD,hold_hours_slip_to_QA_manager,0.16,hours,ACCEPTED,factory.jivo.in /quality-control/inspections/,VERIFIED,group=PM_PACKAGING; hold_to_chemist_h=0.15; grpo_state=PENDING_IN_APP
qc_inspection,JIVO_OIL,1506,2026-08-14,GE-2026-3817,PM0000851,PET BOTTLE 1 LTR 26 GM,Pet_bottle_1_ltr_26gm,19824.000,PCS,BR AGROTECH LTD,hold_hours_slip_to_QA_manager,0.61,hours,ACCEPTED,factory.jivo.in /quality-control/inspections/,VERIFIED,group=PM_PACKAGING; hold_to_chemist_h=0.53; grpo_state=PENDING_IN_APP
qc_inspection,JIVO_OIL,1503,2026-08-14,GE-2026-5125,PM0000085,CAPS 1 OR 2 LTR WHITE AND YELLOW WITH LOGO,Cap_yellow_white_1ltr._&_2_ltr.,69000.000,PCS,BABAJI UDYOG PVT. LTD.,hold_hours_slip_to_QA_manager,0.53,hours,ACCEPTED,factory.jivo.in /quality-control/inspections/,VERIFIED,group=PM_PACKAGING; hold_to_chemist_h=0.36; grpo_state=PENDING_IN_APP
qc_inspection,JIVO_OIL,1504,2026-08-14,GE-2026-5125,PM0000085,CAPS 1 OR 2 LTR WHITE AND YELLOW WITH LOGO,Cap_yellow_white_1ltr._&_2_ltr.,51000.000,PCS,BABAJI UDYOG PVT. LTD.,hold_hours_slip_to_QA_manager,0.53,hours,ACCEPTED,factory.jivo.in /quality-control/inspections/,VERIFIED,group=PM_PACKAGING; hold_to_chemist_h=0.43; grpo_state=PENDING_IN_APP
qc_inspection,JIVO_OIL,1501,2026-08-14,GE-2026-7833,PM0000468,CAPS 5 LTR GREEN,Cap_5l_green,3675.000,PCS,RAJ TECHNOPACK PVT LTD,hold_hours_slip_to_QA_manager,0.3,hours,ACCEPTED,factory.jivo.in /quality-control/inspections/,VERIFIED,group=PM_PACKAGING; hold_to_chemist_h=0.21; grpo_state=PENDING_IN_APP
qc_inspection,JIVO_OIL,1502,2026-08-14,GE-2026-7833,PM0000053,HDPE BOTTLE 5 LTR,5 Ltr. Jerry Can,3675.000,PCS,RAJ TECHNOPACK PVT LTD,hold_hours_slip_to_QA_manager,0.3,hours,ACCEPTED,factory.jivo.in /quality-control/inspections/,VERIFIED,group=PM_PACKAGING; hold_to_chemist_h=0.29; grpo_state=PENDING_IN_APP
qc_inspection,JIVO_OIL,1499,2026-08-14,GE-2026-3281,PM0000469,CAPS 5 LTR BROWN,Cap 5l Brown,3765.000,PCS,ECHO PLAST INDIA,hold_hours_slip_to_QA_manager,0.06,hours,ACCEPTED,factory.jivo.in /quality-control/inspections/,VERIFIED,group=PM_PACKAGING; hold_to_chemist_h=0.05; grpo_state=PENDING_IN_APP
qc_inspection,JIVO_OIL,1500,2026-08-14,GE-2026-3281,PM0000053,HDPE BOTTLE 5 LTR,5 Ltr. Jerry Can,3765.000,PCS,ECHO PLAST INDIA,hold_hours_slip_to_QA_manager,0.13,hours,ACCEPTED,factory.jivo.in /quality-control/inspections/,VERIFIED,group=PM_PACKAGING; hold_to_chemist_h=0.11; grpo_state=PENDING_IN_APP
qc_inspection,JIVO_OIL,1498,2026-08-14,GE-2026-1589,PM0000053,HDPE BOTTLE 5 LTR,5 Ltr. Jerry Can,5040.000,PCS,AG POLY PACKS PVT LTD,hold_hours_slip_to_QA_manager,1.44,hours,ACCEPTED,factory.jivo.in /quality-control/inspections/,VERIFIED,group=PM_PACKAGING; hold_to_chemist_h=0.47; grpo_state=PENDING_IN_APP
qc_inspection,JIVO_OIL,1497,2026-08-14,GE-2026-1589,PM0000469,CAPS 5 LTR BROWN,Cap 5l Brown,5040.000,PCS,AG POLY PACKS PVT LTD,hold_hours_slip_to_QA_manager,1.45,hours,ACCEPTED,factory.jivo.in /quality-control/inspections/,VERIFIED,group=PM_PACKAGING; hold_to_chemist_h=0.41; grpo_state=PENDING_IN_APP
qc_inspection,JIVO_OIL,1496,2026-08-14,GE-2026-2020,PM0000851,PET BOTTLE 1 LTR 26 GM,Pet_bottle_1_ltr_26gm,42900.000,PCS,TPAC PACKAGING INDIA PVT LTD II,hold_hours_slip_to_QA_manager,2.87,hours,ACCEPTED,factory.jivo.in /quality-control/inspections/,VERIFIED,group=PM_PACKAGING; hold_to_chemist_h=2.85; grpo_state=PENDING_IN_APP
qc_inspection,JIVO_OIL,1494,2026-08-14,GE-2026-4548,PM0000194,PET BOTTLE 1 LTR 40 GMS,Pet_bottle_1ltr_40gm,22176.000,PCS,BR AGROTECH LTD,hold_hours_slip_to_QA_manager,3.0,hours,ACCEPTED,factory.jivo.in /quality-control/inspections/,VERIFIED,group=PM_PACKAGING; hold_to_chemist_h=2.25; grpo_state=PENDING_IN_APP
qc_inspection,JIVO_OIL,1495,2026-08-14,GE-2026-4548,PM0000121,PET BOTTLE 1 LTR 52 GMS POMACE,1 Ltr Pet Bottle Pomace (52gm) Br,14688.000,PCS,BR AGROTECH LTD,hold_hours_slip_to_QA_manager,3.0,hours,ACCEPTED,factory.jivo.in /quality-control/inspections/,VERIFIED,group=PM_PACKAGING; hold_to_chemist_h=2.86; grpo_state=PENDING_IN_APP
qc_inspection,JIVO_OIL,1535,2026-08-14,GE-2026-6125,RM0000025,SOYABEAN REFINED LOOSE OIL,Refined Soyben Rm0000025,38.950,MTS,AWL AGRI BUSINESS LIMITED,hold_hours_slip_to_QA_manager,121.25,hours,ACCEPTED,factory.jivo.in /quality-control/inspections/,VERIFIED,group=RM_BULK_OIL; hold_to_chemist_h=121.23; grpo_state=PENDING_IN_APP
qc_inspection,JIVO_OIL,1493,2026-08-14,GE-2026-9645,PM0000825,CARTON 1 LTR 20 PCS NEW,Carton 1ltr 20pcs (435x340x290),1670.000,PCS,SSY CONTAINERS PVT LTD,hold_hours_slip_to_QA_manager,1.69,hours,ACCEPTED,factory.jivo.in /quality-control/inspections/,VERIFIED,group=PM_PACKAGING; hold_to_chemist_h=1.68; grpo_state=PENDING_IN_APP
qc_inspection,JIVO_OIL,1492,2026-08-14,GE-2026-9645,PM0000411,CARTON 1 LTR 20 PCS PET 26GM,Carton_1l_x_20_pcs_26_gm,2784.000,PCS,SSY CONTAINERS PVT LTD,hold_hours_slip_to_QA_manager,1.7,hours,ACCEPTED,factory.jivo.in /quality-control/inspections/,VERIFIED,group=PM_PACKAGING; hold_to_chemist_h=1.64; grpo_state=PENDING_IN_APP
qc_inspection,JIVO_OIL,1491,2026-08-14,GE-2026-6036,PM0000008,CARTON 15 LTR 1 PCS,Carton_15l_x_1_pcs_canola,2110.000,PCS,BALAJI INC.,hold_hours_slip_to_QA_manager,1.27,hours,ACCEPTED,factory.jivo.in /quality-control/inspections/,VERIFIED,group=PM_PACKAGING; hold_to_chemist_h=1.24; grpo_state=PENDING_IN_APP
qc_inspection,JIVO_OIL,1484,2026-08-13,GE-2026-3019,PM0000075,TAPE LOGO PRINTED,Printed Tape,108240.000,MTR,SHRI PATA ENTERPRISES,hold_hours_slip_to_QA_manager,18.75,hours,ACCEPTED,factory.jivo.in /quality-control/inspections/,VERIFIED,group=PM_PACKAGING; hold_to_chemist_h=1.17; grpo_state=PENDING_IN_APP
qc_inspection,JIVO_OIL,1485,2026-08-13,GE-2026-3019,PM0000074,TAPE CELLO,Tape Cello Plain,44800.000,MTR,SHRI PATA ENTERPRISES,hold_hours_slip_to_QA_manager,18.75,hours,ACCEPTED,factory.jivo.in /quality-control/inspections/,VERIFIED,group=PM_PACKAGING; hold_to_chemist_h=1.32; grpo_state=PENDING_IN_APP
qc_inspection,JIVO_OIL,1480,2026-08-13,GE-2026-3840,PM0000046,LABEL 5 LTR COLD PRESS FRONT,Label Cold Pressed Canola Oil 5l Front,27500.000,PCS,ROYAL PRIME LABELS,hold_hours_slip_to_QA_manager,1.3,hours,REJECTED,factory.jivo.in /quality-control/inspections/,VERIFIED,group=PM_PACKAGING; hold_to_chemist_h=0.85; grpo_state=PENDING_IN_APP
qc_inspection,JIVO_OIL,1481,2026-08-13,GE-2026-3840,PM0000047,LABEL 5 LTR KACHCHI GHANI BACK,Cold Press Canola 5 L/ 5 L Soyabean,21750.000,PCS,ROYAL PRIME LABELS,hold_hours_slip_to_QA_manager,0.93,hours,ACCEPTED,factory.jivo.in /quality-control/inspections/,VERIFIED,group=PM_PACKAGING; hold_to_chemist_h=0.86; grpo_state=PENDING_IN_APP
qc_inspection,JIVO_OIL,1478,2026-08-13,GE-2026-3840,PM0000048,LABEL 5 LTR KACHCHI GHANI FRONT,Cold Press Canola 5 L/ 5 L Soyabean,21750.000,PCS,ROYAL PRIME LABELS,hold_hours_slip_to_QA_manager,0.92,hours,ACCEPTED,factory.jivo.in /quality-control/inspections/,VERIFIED,group=PM_PACKAGING; hold_to_chemist_h=0.79; grpo_state=PENDING_IN_APP
qc_inspection,JIVO_OIL,1479,2026-08-13,GE-2026-3840,PM0000535,LABEL 5 LTR COLD PRESS BACK 994,Label Cold Pressed Canola Oil 5l Back,27500.000,PCS,ROYAL PRIME LABELS,hold_hours_slip_to_QA_manager,0.93,hours,ACCEPTED,factory.jivo.in /quality-control/inspections/,VERIFIED,group=PM_PACKAGING; hold_to_chemist_h=0.8; grpo_state=PENDING_IN_APP
qc_inspection,JIVO_OIL,1470,2026-08-13,GE-2026-3840,PM0000881,LABEL 2 LTR GROUNDNUT HANDLE BOTTLE FRONT,Label Cp Groundnut Oil 2 L,16600.000,PCS,ROYAL PRIME LABELS,hold_hours_slip_to_QA_manager,0.9,hours,ACCEPTED,factory.jivo.in /quality-control/inspections/,VERIFIED,group=PM_PACKAGING; hold_to_chemist_h=0.25; grpo_state=PENDING_IN_APP
qc_inspection,JIVO_OIL,1471,2026-08-13,GE-2026-3840,PM0000880,LABEL 2 LTR GROUNDNUT HANDLE BOTTLE BACK,Label Cp Groundnut Oil 2 L,16600.000,PCS,ROYAL PRIME LABELS,hold_hours_slip_to_QA_manager,0.9,hours,ACCEPTED,factory.jivo.in /quality-control/inspections/,VERIFIED,group=PM_PACKAGING; hold_to_chemist_h=0.27; grpo_state=PENDING_IN_APP
qc_inspection,JIVO_OIL,1473,2026-08-13,GE-2026-3840,PM0000232,LABEL 5 LTR SUNFLOWER BACK,Label 5ltr Groundnut Oil,16050.000,PCS,ROYAL PRIME LABELS,hold_hours_slip_to_QA_manager,0.91,hours,ACCEPTED,factory.jivo.in /quality-control/inspections/,VERIFIED,group=PM_PACKAGING; hold_to_chemist_h=0.45; grpo_state=PENDING_IN_APP
qc_inspection,JIVO_OIL,1472,2026-08-13,GE-2026-3840,PM0000233,LABEL 5 LTR SUNFLOWER FRONT,Label 5ltr Groundnut Oil,16050.000,PCS,ROYAL PRIME LABELS,hold_hours_slip_to_QA_manager,0.91,hours,ACCEPTED,factory.jivo.in /quality-control/inspections/,VERIFIED,group=PM_PACKAGING; hold_to_chemist_h=0.43; grpo_state=PENDING_IN_APP
qc_inspection,JIVO_OIL,1482,2026-08-13,GE-2026-3840,PM0000265,LABEL 2 LTR CP CANOLA HANDLE BOTTLE BACK,Label Cp Canola 2ltr,3700.000,PCS,ROYAL PRIME LABELS,hold_hours_slip_to_QA_manager,1.22,hours,ACCEPTED,factory.jivo.in /quality-control/inspections/,VERIFIED,group=PM_PACKAGING; hold_to_chemist_h=1.11; grpo_state=PENDING_IN_APP
qc_inspection,JIVO_OIL,1483,2026-08-13,GE-2026-3840,PM0000266,LABEL 2 LTR CP CANOLA HANDLE BOTTLE FRONT,Label Cp Canola 2ltr,3700.000,PCS,ROYAL PRIME LABELS,hold_hours_slip_to_QA_manager,1.22,hours,ACCEPTED,factory.jivo.in /quality-control/inspections/,VERIFIED,group=PM_PACKAGING; hold_to_chemist_h=1.12; grpo_state=PENDING_IN_APP
qc_inspection,JIVO_OIL,1474,2026-08-13,GE-2026-3840,PM0000892,LABEL 1 LTR PRESSED SUNFLOWER OIL FRONT,Label_jivo_first_pressed_sesame_1l,5000.000,PCS,ROYAL PRIME LABELS,hold_hours_slip_to_QA_manager,0.92,hours,ACCEPTED,factory.jivo.in /quality-control/inspections/,VERIFIED,group=PM_PACKAGING; hold_to_chemist_h=0.58; grpo_state=PENDING_IN_APP
qc_inspection,JIVO_OIL,1475,2026-08-13,GE-2026-3840,PM0000893,LABEL 1 LTR PRESSED SUNFLOWER OIL BACK,Label_jivo_first_pressed_sesame_1l,5000.000,PCS,ROYAL PRIME LABELS,hold_hours_slip_to_QA_manager,0.93,hours,ACCEPTED,factory.jivo.in /quality-control/inspections/,VERIFIED,group=PM_PACKAGING; hold_to_chemist_h=0.6; grpo_state=PENDING_IN_APP
qc_inspection,JIVO_OIL,1476,2026-08-13,GE-2026-3840,PM0000289,LABEL 5 LTR SOYABEAN FRONT,Label Soybean Oil 5l Front,6700.000,PCS,ROYAL PRIME LABELS,hold_hours_slip_to_QA_manager,0.94,hours,ACCEPTED,factory.jivo.in /quality-control/inspections/,VERIFIED,group=PM_PACKAGING; hold_to_chemist_h=0.75; grpo_state=PENDING_IN_APP
qc_inspection,JIVO_OIL,1477,2026-08-13,GE-2026-3840,PM0000288,LABEL 5 LTR SOYABEAN BACK,Label 5 Ltr Soyabean Back,6700.000,PCS,ROYAL PRIME LABELS,hold_hours_slip_to_QA_manager,0.94,hours,ACCEPTED,factory.jivo.in /quality-control/inspections/,VERIFIED,group=PM_PACKAGING; hold_to_chemist_h=0.77; grpo_state=PENDING_IN_APP
qc_inspection,JIVO_OIL,1519,2026-08-13,GE-2026-9571,RM0000007,RICE BRAN REFINED OIL,Rice Bran,39.040,MTS,M/S ARORA AGRI BUSINESS VENTURES,hold_hours_slip_to_QA_manager,101.98,hours,ACCEPTED,factory.jivo.in /quality-control/inspections/,VERIFIED,group=RM_BULK_OIL; hold_to_chemist_h=101.83; grpo_state=PENDING_IN_APP
qc_inspection,JIVO_OIL,1487,2026-08-13,GE-2026-4790,RM0000025,SOYABEAN REFINED LOOSE OIL,Refined Soyben Rm0000025,38.960,MTS,AWL AGRI BUSINESS LIMITED,hold_hours_slip_to_QA_manager,24.89,hours,ACCEPTED,factory.jivo.in /quality-control/inspections/,VERIFIED,group=RM_BULK_OIL; hold_to_chemist_h=24.1; grpo_state=PENDING_IN_APP
qc_inspection,JIVO_OIL,1488,2026-08-13,GE-2026-0995,RM0000025,SOYABEAN REFINED LOOSE OIL,Refined Soyben Rm0000025,39.990,MTS,AWL AGRI BUSINESS LIMITED,hold_hours_slip_to_QA_manager,25.23,hours,ACCEPTED,factory.jivo.in /quality-control/inspections/,VERIFIED,group=RM_BULK_OIL; hold_to_chemist_h=24.19; grpo_state=PENDING_IN_APP
qc_inspection,JIVO_OIL,1464,2026-08-12,GE-2026-9569,PM0000113,HDPE BOTTLE 3 LTR,Hdpe Bottle 3 Ltr,5705.000,PCS,RAJ TECHNOPACK PVT LTD,hold_hours_slip_to_QA_manager,0.89,hours,ACCEPTED,factory.jivo.in /quality-control/inspections/,VERIFIED,group=PM_PACKAGING; hold_to_chemist_h=0.87; grpo_state=PENDING_IN_APP
qc_inspection,JIVO_OIL,1460,2026-08-12,GE-2026-2138,PM0000469,CAPS 5 LTR BROWN,Cap 5l Brown,3950.000,PCS,RAJ TECHNOPACK PVT LTD,hold_hours_slip_to_QA_manager,1.28,hours,ACCEPTED,factory.jivo.in /quality-control/inspections/,VERIFIED,group=PM_PACKAGING; hold_to_chemist_h=0.7; grpo_state=POSTED_VIA_APP
qc_inspection,JIVO_OIL,1456,2026-08-12,GE-2026-2138,PM0000053,HDPE BOTTLE 5 LTR,5 Ltr. Jerry Can,3950.000,PCS,RAJ TECHNOPACK PVT LTD,hold_hours_slip_to_QA_manager,1.32,hours,ACCEPTED,factory.jivo.in /quality-control/inspections/,VERIFIED,group=PM_PACKAGING; hold_to_chemist_h=0.55; grpo_state=POSTED_VIA_APP
qc_inspection,JIVO_OIL,1459,2026-08-12,GE-2026-0292,PM0000469,CAPS 5 LTR BROWN,Cap 5l Brown,350.000,PCS,RAJ TECHNOPACK PVT LTD,hold_hours_slip_to_QA_manager,1.38,hours,ACCEPTED,factory.jivo.in /quality-control/inspections/,VERIFIED,group=PM_PACKAGING; hold_to_chemist_h=0.73; grpo_state=POSTED_VIA_APP
qc_inspection,JIVO_OIL,1457,2026-08-12,GE-2026-0292,PM0000113,HDPE BOTTLE 3 LTR,Hdpe Bottle 3 Ltr,350.000,PCS,RAJ TECHNOPACK PVT LTD,hold_hours_slip_to_QA_manager,1.39,hours,ACCEPTED,factory.jivo.in /quality-control/inspections/,VERIFIED,group=PM_PACKAGING; hold_to_chemist_h=0.66; grpo_state=POSTED_VIA_APP
qc_inspection,JIVO_OIL,1455,2026-08-12,GE-2026-3304,PM0000019,LABEL 1 LTR KACHCHI GHANI BACK,Label_cp_kg_mustard_1l_back,403500.000,PCS,ROYAL PRIME LABELS,hold_hours_slip_to_QA_manager,1.53,hours,ACCEPTED,factory.jivo.in /quality-control/inspections/,VERIFIED,group=PM_PACKAGING; hold_to_chemist_h=0.67; grpo_state=PENDING_IN_APP
qc_inspection,JIVO_OIL,1454,2026-08-12,GE-2026-3304,PM0000020,LABEL 1 LTR KACHCHI GHANI FRONT,Label_cp_kg_mustard_1l_front,403500.000,PCS,ROYAL PRIME LABELS,hold_hours_slip_to_QA_manager,1.53,hours,ACCEPTED,factory.jivo.in /quality-control/inspections/,VERIFIED,group=PM_PACKAGING; hold_to_chemist_h=0.65; grpo_state=PENDING_IN_APP
qc_inspection,JIVO_OIL,1453,2026-08-12,GE-2026-3304,PM0000014,LABEL 1 LTR COLD PRESS BACK 8181,Label_cp_canola_1l_back,160000.000,PCS,ROYAL PRIME LABELS,hold_hours_slip_to_QA_manager,1.54,hours,ACCEPTED,factory.jivo.in /quality-control/inspections/,VERIFIED,group=PM_PACKAGING; hold_to_chemist_h=0.58; grpo_state=PENDING_IN_APP
qc_inspection,JIVO_OIL,1452,2026-08-12,GE-2026-3304,PM0000015,LABEL 1 LTR COLD PRESS FRONT,Label_canola_oil_1l_front,160000.000,PCS,ROYAL PRIME LABELS,hold_hours_slip_to_QA_manager,1.55,hours,ACCEPTED,factory.jivo.in /quality-control/inspections/,VERIFIED,group=PM_PACKAGING; hold_to_chemist_h=0.56; grpo_state=PENDING_IN_APP
qc_inspection,JIVO_OIL,1461,2026-08-12,GE-2026-3304,PM0000230,LABEL 1 LTR SUNFLOWER FRONT,Label_cp_sunflower_1l_front,256500.000,PCS,ROYAL PRIME LABELS,hold_hours_slip_to_QA_manager,3.36,hours,ACCEPTED,factory.jivo.in /quality-control/inspections/,VERIFIED,group=PM_PACKAGING; hold_to_chemist_h=3.33; grpo_state=PENDING_IN_APP
qc_inspection,JIVO_OIL,1462,2026-08-12,GE-2026-3304,PM0000231,LABEL 1 LTR SUNFLOWER BACK,Label_cp_sunflower_1l_back,256500.000,PCS,ROYAL PRIME LABELS,hold_hours_slip_to_QA_manager,3.37,hours,ACCEPTED,factory.jivo.in /quality-control/inspections/,VERIFIED,group=PM_PACKAGING; hold_to_chemist_h=3.34; grpo_state=PENDING_IN_APP
qc_inspection,JIVO_OIL,1450,2026-08-12,GE-2026-3304,PM0000370,LABEL 1 LTR MUSTARD FRONT SANO,Label_canola_oil_1l_front,105000.000,PCS,ROYAL PRIME LABELS,hold_hours_slip_to_QA_manager,1.56,hours,ACCEPTED,factory.jivo.in /quality-control/inspections/,VERIFIED,group=PM_PACKAGING; hold_to_chemist_h=0.47; grpo_state=PENDING_IN_APP
qc_inspection,JIVO_OIL,1458,2026-08-12,GE-2026-4891,PM0000469,CAPS 5 LTR BROWN,Cap 5l Brown,350.000,PCS,RAJ TECHNOPACK PVT LTD,hold_hours_slip_to_QA_manager,1.53,hours,ACCEPTED,factory.jivo.in /quality-control/inspections/,VERIFIED,group=PM_PACKAGING; hold_to_chemist_h=0.84; grpo_state=PENDING_IN_APP
qc_inspection,JIVO_OIL,1451,2026-08-12,GE-2026-3304,PM0000369,LABEL 1 LTR MUSTARD BACK SANO,Label_canola_oil_1l_back,105000.000,PCS,ROYAL PRIME LABELS,hold_hours_slip_to_QA_manager,1.56,hours,ACCEPTED,factory.jivo.in /quality-control/inspections/,VERIFIED,group=PM_PACKAGING; hold_to_chemist_h=0.5; grpo_state=PENDING_IN_APP
qc_inspection,JIVO_OIL,1466,2026-08-12,GE-2026-3304,PM0000307,LABEL 1 LTR PRESSED YELLOW MUSTARD OIL BACK,Label_jivo_first_pressed_sesame_1l,42700.000,PCS,ROYAL PRIME LABELS,hold_hours_slip_to_QA_manager,19.16,hours,ACCEPTED,factory.jivo.in /quality-control/inspections/,VERIFIED,group=PM_PACKAGING; hold_to_chemist_h=3.71; grpo_state=PENDING_IN_APP
qc_inspection,JIVO_OIL,1467,2026-08-12,GE-2026-3304,PM0000308,LABEL 1 LTR PRESSED YELLOW MUSTARD OIL FRONT,Label_jivo_first_pressed_sesame_1l,42700.000,PCS,ROYAL PRIME LABELS,hold_hours_slip_to_QA_manager,19.17,hours,ACCEPTED,factory.jivo.in /quality-control/inspections/,VERIFIED,group=PM_PACKAGING; hold_to_chemist_h=3.72; grpo_state=PENDING_IN_APP
qc_inspection,JIVO_OIL,1449,2026-08-12,GE-2026-9829,PM0000029,LABEL 15 LTR COLD PRESS KACHCHI GHANI,Label 15 Kgs Refined Soybean Oil,600.000,PCS,MEDIA GRAPHIC PRINTS VEND,hold_hours_slip_to_QA_manager,0.97,hours,ACCEPTED,factory.jivo.in /quality-control/inspections/,VERIFIED,group=PM_PACKAGING; hold_to_chemist_h=0.96; grpo_state=POSTED_VIA_APP
qc_inspection,JIVO_OIL,1463,2026-08-12,GE-2026-4176,PM0000851,PET BOTTLE 1 LTR 26 GM,Pet_bottle_1_ltr_26gm,20160.000,PCS,BR AGROTECH LTD,hold_hours_slip_to_QA_manager,4.58,hours,ACCEPTED,factory.jivo.in /quality-control/inspections/,VERIFIED,group=PM_PACKAGING; hold_to_chemist_h=4.57; grpo_state=POSTED_VIA_APP
qc_inspection,JIVO_OIL,1448,2026-08-12,GE-2026-4176,PM0000194,PET BOTTLE 1 LTR 40 GMS,Pet_bottle_1ltr_40gm,18480.000,PCS,BR AGROTECH LTD,hold_hours_slip_to_QA_manager,1.66,hours,ACCEPTED,factory.jivo.in /quality-control/inspections/,VERIFIED,group=PM_PACKAGING; hold_to_chemist_h=1.24; grpo_state=POSTED_VIA_APP
qc_inspection,JIVO_OIL,1469,2026-08-12,GE-2026-0126,RM0000025,SOYABEAN REFINED LOOSE OIL,Refined Soyben Rm0000025,38.980,MTS,AWL AGRI BUSINESS LIMITED,hold_hours_slip_to_QA_manager,22.64,hours,ACCEPTED,factory.jivo.in /quality-control/inspections/,VERIFIED,group=RM_BULK_OIL; hold_to_chemist_h=22.21; grpo_state=PENDING_IN_APP
qc_inspection,JIVO_OIL,1443,2026-08-12,GE-2026-9815,PM0000594,PREFORM 40 GMS 36 MM,Pet Preform 40 Gm,93000.000,PCS,FRYSTAL PET PRIVATE LIMITED,hold_hours_slip_to_QA_manager,0.32,hours,ACCEPTED,factory.jivo.in /quality-control/inspections/,VERIFIED,group=PM_PACKAGING; hold_to_chemist_h=0.14; grpo_state=POSTED_VIA_APP
qc_inspection,JIVO_OIL,1444,2026-08-12,GE-2026-9815,PM0000594,PREFORM 40 GMS 36 MM,Pet Preform 40 Gm,89400.000,PCS,FRYSTAL PET PRIVATE LIMITED,hold_hours_slip_to_QA_manager,0.32,hours,ACCEPTED,factory.jivo.in /quality-control/inspections/,VERIFIED,group=PM_PACKAGING; hold_to_chemist_h=0.22; grpo_state=POSTED_VIA_APP
qc_inspection,JIVO_OIL,1447,2026-08-12,GE-2026-9815,PM0000852,PREFORM 49.5 GMS 36 MM,Pet Preform 50 Gm,9600.000,PCS,FRYSTAL PET PRIVATE LIMITED,hold_hours_slip_to_QA_manager,4.23,hours,ACCEPTED,factory.jivo.in /quality-control/inspections/,VERIFIED,group=PM_PACKAGING; hold_to_chemist_h=4.21; grpo_state=POSTED_VIA_APP
qc_inspection,JIVO_OIL,1441,2026-08-11,GE-2026-1875,PM0000871,TIKKI BARCODE CSD 1 LTR COCONUT EV,Tikki Barcode 46 X 56,7750.000,PCS,GRAPHICS ELITE,hold_hours_slip_to_QA_manager,1.02,hours,ACCEPTED,factory.jivo.in /quality-control/inspections/,VERIFIED,group=PM_PACKAGING; hold_to_chemist_h=0.83; grpo_state=NOT_IN_GRPO_QUEUE
qc_inspection,JIVO_OIL,1440,2026-08-11,GE-2026-1875,PM0000873,TIKKI BARCODE CSD 1 LTR POMACE,Tikki Barcode 46 X 56,2100.000,PCS,GRAPHICS ELITE,hold_hours_slip_to_QA_manager,1.03,hours,ACCEPTED,factory.jivo.in /quality-control/inspections/,VERIFIED,group=PM_PACKAGING; hold_to_chemist_h=0.8; grpo_state=NOT_IN_GRPO_QUEUE
qc_inspection,JIVO_OIL,1439,2026-08-11,GE-2026-1875,PM0000876,TIKKI BARCODE CSD EXTRA LIGHT 1 LTR,Tikki Barcode 46 X 56,4300.000,PCS,GRAPHICS ELITE,hold_hours_slip_to_QA_manager,1.04,hours,ACCEPTED,factory.jivo.in /quality-control/inspections/,VERIFIED,group=PM_PACKAGING; hold_to_chemist_h=0.78; grpo_state=NOT_IN_GRPO_QUEUE
qc_inspection,JIVO_OIL,1438,2026-08-11,GE-2026-1875,PM0000875,TIKKI BARCODE CSD 500 ML EV,Tikki Barcode 46 X 56,8250.000,PCS,GRAPHICS ELITE,hold_hours_slip_to_QA_manager,,hours,PENDING,factory.jivo.in /quality-control/inspections/,VERIFIED,group=PM_PACKAGING; hold_to_chemist_h=; grpo_state=NOT_IN_GRPO_QUEUE
qc_inspection,JIVO_OIL,1437,2026-08-11,GE-2026-1875,PM0000874,TIKKI BARCODE CSD 1 LTR EV,Tikki Barcode 46 X 56,4200.000,PCS,GRAPHICS ELITE,hold_hours_slip_to_QA_manager,1.04,hours,ACCEPTED,factory.jivo.in /quality-control/inspections/,VERIFIED,group=PM_PACKAGING; hold_to_chemist_h=0.72; grpo_state=NOT_IN_GRPO_QUEUE
qc_inspection,JIVO_OIL,1432,2026-08-11,GE-2026-6607,PM0000071,SHRINKS 1 LTR 235X310,Shrink_pouch_310x240,21800.000,PCS,MULTILAYER INDUSTRIES,hold_hours_slip_to_QA_manager,0.31,hours,ACCEPTED,factory.jivo.in /quality-control/inspections/,VERIFIED,group=PM_PACKAGING; hold_to_chemist_h=0.29; grpo_state=POSTED_VIA_APP
qc_inspection,JIVO_OIL,1431,2026-08-11,GE-2026-6607,PM0000094,SHRINKS 5 LTR 340X415 5 LTR SINGAL PCS,Shrink 5ltr 340x415,61000.000,PCS,MULTILAYER INDUSTRIES,hold_hours_slip_to_QA_manager,0.31,hours,ACCEPTED,factory.jivo.in /quality-control/inspections/,VERIFIED,group=PM_PACKAGING; hold_to_chemist_h=0.24; grpo_state=POSTED_VIA_APP
qc_inspection,JIVO_OIL,1429,2026-08-11,GE-2026-1775,PM0000411,CARTON 1 LTR 20 PCS PET 26GM,Carton_1l_x_20_pcs_26_gm,3124.000,PCS,SSY CONTAINERS PVT LTD,hold_hours_slip_to_QA_manager,0.39,hours,ACCEPTED,factory.jivo.in /quality-control/inspections/,VERIFIED,group=PM_PACKAGING; hold_to_chemist_h=0.37; grpo_state=POSTED_VIA_APP
qc_inspection,JIVO_OIL,1430,2026-08-11,GE-2026-1775,PM0000254,CARTON 2 LTR 10 PCS HANDLE BOTTLE,Carton_2x10_pcs_handle,2875.000,PCS,SSY CONTAINERS PVT LTD,hold_hours_slip_to_QA_manager,0.63,hours,ACCEPTED,factory.jivo.in /quality-control/inspections/,VERIFIED,group=PM_PACKAGING; hold_to_chemist_h=0.61; grpo_state=POSTED_VIA_APP
qc_inspection,JIVO_OIL,1428,2026-08-11,GE-2026-1775,PM0000411,CARTON 1 LTR 20 PCS PET 26GM,Carton_1l_x_20_pcs_26_gm,2751.000,PCS,SSY CONTAINERS PVT LTD,hold_hours_slip_to_QA_manager,0.4,hours,ACCEPTED,factory.jivo.in /quality-control/inspections/,VERIFIED,group=PM_PACKAGING; hold_to_chemist_h=0.34; grpo_state=POSTED_VIA_APP
qc_inspection,JIVO_OIL,1435,2026-08-11,GE-2026-8542,PM0000471,CAPS 5 LTR BLUE,Caps 5 Ltr Blue,1500.000,PCS,ECHO PLAST INDIA,hold_hours_slip_to_QA_manager,2.81,hours,ACCEPTED,factory.jivo.in /quality-control/inspections/,VERIFIED,group=PM_PACKAGING; hold_to_chemist_h=2.77; grpo_state=POSTED_VIA_APP
qc_inspection,JIVO_OIL,1434,2026-08-11,GE-2026-8542,PM0000469,CAPS 5 LTR BROWN,Cap 5l Brown,1500.000,PCS,ECHO PLAST INDIA,hold_hours_slip_to_QA_manager,2.82,hours,ACCEPTED,factory.jivo.in /quality-control/inspections/,VERIFIED,group=PM_PACKAGING; hold_to_chemist_h=2.61; grpo_state=POSTED_VIA_APP
qc_inspection,JIVO_OIL,1433,2026-08-11,GE-2026-8542,PM0000053,HDPE BOTTLE 5 LTR,5 Ltr. Jerry Can,2850.000,PCS,ECHO PLAST INDIA,hold_hours_slip_to_QA_manager,2.83,hours,ACCEPTED,factory.jivo.in /quality-control/inspections/,VERIFIED,group=PM_PACKAGING; hold_to_chemist_h=2.48; grpo_state=POSTED_VIA_APP
qc_inspection,JIVO_OIL,1426,2026-08-11,GE-2026-1234,PM0000194,PET BOTTLE 1 LTR 40 GMS,Pet_bottle_1ltr_40gm,17892.000,PCS,BR AGROTECH LTD,hold_hours_slip_to_QA_manager,1.07,hours,ACCEPTED,factory.jivo.in /quality-control/inspections/,VERIFIED,group=PM_PACKAGING; hold_to_chemist_h=1.03; grpo_state=POSTED_VIA_APP
qc_inspection,JIVO_OIL,1427,2026-08-11,GE-2026-1234,PM0000851,PET BOTTLE 1 LTR 26 GM,Pet_bottle_1_ltr_26gm,18032.000,PCS,BR AGROTECH LTD,hold_hours_slip_to_QA_manager,2.78,hours,ACCEPTED,factory.jivo.in /quality-control/inspections/,VERIFIED,group=PM_PACKAGING; hold_to_chemist_h=2.56; grpo_state=POSTED_VIA_APP
qc_inspection,JIVO_OIL,1446,2026-08-11,GE-2026-4268,RM0000003,MUSTARD LOOSE OIL,Mustard Oil,38.840,MTS,M/S ARORA AGRI BUSINESS VENTURES,hold_hours_slip_to_QA_manager,24.8,hours,ACCEPTED,factory.jivo.in /quality-control/inspections/,VERIFIED,group=RM_BULK_OIL; hold_to_chemist_h=24.79; grpo_state=PENDING_IN_APP
qc_inspection,JIVO_OIL,1425,2026-08-11,GE-2026-2017,RM0000003,MUSTARD LOOSE OIL,Mustard Oil,38.780,MTS,AWL AGRI BUSINESS LIMITED,hold_hours_slip_to_QA_manager,1.13,hours,ACCEPTED,factory.jivo.in /quality-control/inspections/,VERIFIED,group=RM_BULK_OIL; hold_to_chemist_h=1.12; grpo_state=PENDING_IN_APP
qc_inspection,JIVO_OIL,1468,2026-08-11,GE-2026-2331,RM0000003,MUSTARD LOOSE OIL,Mustard Oil,39.540,MTS,VAISHNODEVI REFOILS & SOLVEX PRIVATE LIMITED,hold_hours_slip_to_QA_manager,48.75,hours,ACCEPTED,factory.jivo.in /quality-control/inspections/,VERIFIED,group=RM_BULK_OIL; hold_to_chemist_h=48.75; grpo_state=PENDING_IN_APP
qc_inspection,JIVO_OIL,1423,2026-08-11,GE-2026-0610,PM0000359,LABEL 5 LTR GOLD FRONT NEW,Label 5 Ltr Gold Front New,26600.000,PCS,CORE PACKAGING,hold_hours_slip_to_QA_manager,2.39,hours,ACCEPTED,factory.jivo.in /quality-control/inspections/,VERIFIED,group=PM_PACKAGING; hold_to_chemist_h=2.37; grpo_state=POSTED_VIA_APP
qc_inspection,JIVO_OIL,1424,2026-08-11,GE-2026-0610,PM0000360,LABEL 5 LTR GOLD BACK NEW,Label 5 Ltr Gold Back New,26400.000,PCS,CORE PACKAGING,hold_hours_slip_to_QA_manager,2.4,hours,ACCEPTED,factory.jivo.in /quality-control/inspections/,VERIFIED,group=PM_PACKAGING; hold_to_chemist_h=2.38; grpo_state=POSTED_VIA_APP
qc_inspection,JIVO_OIL,1421,2026-08-10,GE-2026-3434,PM0000060,CAPS 1 & 2 LTR WHITE AND BLUE WITH LOGO,Cap_blue_white_1-2_ltr,51000.000,PCS,BABAJI UDYOG PVT. LTD.,hold_hours_slip_to_QA_manager,0.58,hours,ACCEPTED,factory.jivo.in /quality-control/inspections/,VERIFIED,group=PM_PACKAGING; hold_to_chemist_h=0.57; grpo_state=POSTED_VIA_APP
qc_inspection,JIVO_OIL,1420,2026-08-10,GE-2026-3434,PM0000085,CAPS 1 OR 2 LTR WHITE AND YELLOW WITH LOGO,Cap_yellow_white_1ltr._&_2_ltr.,75000.000,PCS,BABAJI UDYOG PVT. LTD.,hold_hours_slip_to_QA_manager,0.58,hours,ACCEPTED,factory.jivo.in /quality-control/inspections/,VERIFIED,group=PM_PACKAGING; hold_to_chemist_h=0.5; grpo_state=POSTED_VIA_APP
qc_inspection,JIVO_OIL,1419,2026-08-10,GE-2026-7629,PM0000013,CARTON 5 LTR 4 PCS,Carton_5l_x_4_pcs_canola_(450x257x325),3774.000,PCS,KUBER PAPER & PACK PRIVATE LIMITED AAJCK3867H0,hold_hours_slip_to_QA_manager,0.8,hours,ACCEPTED,factory.jivo.in /quality-control/inspections/,VERIFIED,group=PM_PACKAGING; hold_to_chemist_h=0.4; grpo_state=POSTED_VIA_APP
qc_inspection,JIVO_OIL,1445,2026-08-10,GE-2026-6997,RM0000025,SOYABEAN REFINED LOOSE OIL,Refined Soyben Rm0000025,39.260,MTS,AWL AGRI BUSINESS LIMITED,hold_hours_slip_to_QA_manager,43.09,hours,ACCEPTED,factory.jivo.in /quality-control/inspections/,VERIFIED,group=RM_BULK_OIL; hold_to_chemist_h=43.07; grpo_state=PENDING_IN_APP
qc_inspection,JIVO_OIL,1410,2026-08-10,GE-2026-1211,PM0000470,CAPS 5 LTR ORANGE,Caps 5l Orange,455.000,PCS,RAJ TECHNOPACK PVT LTD,hold_hours_slip_to_QA_manager,0.87,hours,ACCEPTED,factory.jivo.in /quality-control/inspections/,VERIFIED,group=PM_PACKAGING; hold_to_chemist_h=0.86; grpo_state=PENDING_IN_APP
qc_inspection,JIVO_OIL,1407,2026-08-10,GE-2026-1211,PM0000469,CAPS 5 LTR BROWN,Cap 5l Brown,3175.000,PCS,RAJ TECHNOPACK PVT LTD,hold_hours_slip_to_QA_manager,0.81,hours,ACCEPTED,factory.jivo.in /quality-control/inspections/,VERIFIED,group=PM_PACKAGING; hold_to_chemist_h=0.38; grpo_state=PENDING_IN_APP
qc_inspection,JIVO_OIL,1408,2026-08-10,GE-2026-1211,PM0000053,HDPE BOTTLE 5 LTR,5 Ltr. Jerry Can,3175.000,PCS,RAJ TECHNOPACK PVT LTD,hold_hours_slip_to_QA_manager,1.12,hours,ACCEPTED,factory.jivo.in /quality-control/inspections/,VERIFIED,group=PM_PACKAGING; hold_to_chemist_h=1.11; grpo_state=PENDING_IN_APP
qc_inspection,JIVO_OIL,1409,2026-08-10,GE-2026-1211,PM0000113,HDPE BOTTLE 3 LTR,Hdpe Bottle 3 Ltr,455.000,PCS,RAJ TECHNOPACK PVT LTD,hold_hours_slip_to_QA_manager,0.82,hours,ACCEPTED,factory.jivo.in /quality-control/inspections/,VERIFIED,group=PM_PACKAGING; hold_to_chemist_h=0.81; grpo_state=PENDING_IN_APP
qc_inspection,JIVO_OIL,1417,2026-08-10,GE-2026-8560,PM0000425,LABEL 1 LTR GROUNDNUT FRONT,Label 1ltr Cp Groundnut,303000.000,PCS,ROYAL PRIME LABELS,hold_hours_slip_to_QA_manager,3.06,hours,ACCEPTED,factory.jivo.in /quality-control/inspections/,VERIFIED,group=PM_PACKAGING; hold_to_chemist_h=3.02; grpo_state=POSTED_VIA_APP
qc_inspection,JIVO_OIL,1418,2026-08-10,GE-2026-8560,PM0000426,LABEL 1 LTR GROUNDNUT BACK,Label 1ltr Cp Groundnut,303000.000,PCS,ROYAL PRIME LABELS,hold_hours_slip_to_QA_manager,3.06,hours,ACCEPTED,factory.jivo.in /quality-control/inspections/,VERIFIED,group=PM_PACKAGING; hold_to_chemist_h=3.05; grpo_state=POSTED_VIA_APP
qc_inspection,JIVO_OIL,1411,2026-08-10,GE-2026-8560,PM0000881,LABEL 2 LTR GROUNDNUT HANDLE BOTTLE FRONT,Label Cp Groundnut Oil 2 L,15950.000,PCS,ROYAL PRIME LABELS,hold_hours_slip_to_QA_manager,3.07,hours,ACCEPTED,factory.jivo.in /quality-control/inspections/,VERIFIED,group=PM_PACKAGING; hold_to_chemist_h=3.03; grpo_state=POSTED_VIA_APP
qc_inspection,JIVO_OIL,1412,2026-08-10,GE-2026-8560,PM0000880,LABEL 2 LTR GROUNDNUT HANDLE BOTTLE BACK,Label Cp Groundnut Oil 2 L,15950.000,PCS,ROYAL PRIME LABELS,hold_hours_slip_to_QA_manager,3.07,hours,ACCEPTED,factory.jivo.in /quality-control/inspections/,VERIFIED,group=PM_PACKAGING; hold_to_chemist_h=3.04; grpo_state=POSTED_VIA_APP
qc_inspection,JIVO_OIL,1413,2026-08-10,GE-2026-8560,PM0000108,LABEL 1 LTR POMACE FRONT,Jivo Pomace Olive 1ltr,107500.000,PCS,ROYAL PRIME LABELS,hold_hours_slip_to_QA_manager,2.97,hours,ACCEPTED,factory.jivo.in /quality-control/inspections/,VERIFIED,group=PM_PACKAGING; hold_to_chemist_h=2.95; grpo_state=POSTED_VIA_APP
qc_inspection,JIVO_OIL,1414,2026-08-10,GE-2026-8560,PM0000107,LABEL 1 LTR POMACE BACK,Jivo Pomace Olive 1ltr,107500.000,PCS,ROYAL PRIME LABELS,hold_hours_slip_to_QA_manager,2.97,hours,ACCEPTED,factory.jivo.in /quality-control/inspections/,VERIFIED,group=PM_PACKAGING; hold_to_chemist_h=2.97; grpo_state=POSTED_VIA_APP
qc_inspection,JIVO_OIL,1415,2026-08-10,GE-2026-8560,PM0000050,LABEL 5 LTR PAKKI GHANI FRONT,Label Pakki Ghani Mustard Oil,4400.000,PCS,ROYAL PRIME LABELS,hold_hours_slip_to_QA_manager,2.81,hours,ACCEPTED,factory.jivo.in /quality-control/inspections/,VERIFIED,group=PM_PACKAGING; hold_to_chemist_h=2.79; grpo_state=POSTED_VIA_APP
qc_inspection,JIVO_OIL,1416,2026-08-10,GE-2026-8560,PM0000049,LABEL 5 LTR PAKKI GHANI BACK,Label Pakki Ghani Mustard Oil,4400.000,PCS,ROYAL PRIME LABELS,hold_hours_slip_to_QA_manager,2.82,hours,ACCEPTED,factory.jivo.in /quality-control/inspections/,VERIFIED,group=PM_PACKAGING; hold_to_chemist_h=2.8; grpo_state=POSTED_VIA_APP
qc_inspection,JIVO_OIL,1405,2026-08-10,GE-2026-4680,PM0000469,CAPS 5 LTR BROWN,Cap 5l Brown,5705.000,PCS,RAJ TECHNOPACK PVT LTD,hold_hours_slip_to_QA_manager,0.38,hours,ACCEPTED,factory.jivo.in /quality-control/inspections/,VERIFIED,group=PM_PACKAGING; hold_to_chemist_h=0.13; grpo_state=PENDING_IN_APP
qc_inspection,JIVO_OIL,1406,2026-08-10,GE-2026-4680,PM0000113,HDPE BOTTLE 3 LTR,Hdpe Bottle 3 Ltr,5705.000,PCS,RAJ TECHNOPACK PVT LTD,hold_hours_slip_to_QA_manager,0.39,hours,ACCEPTED,factory.jivo.in /quality-control/inspections/,VERIFIED,group=PM_PACKAGING; hold_to_chemist_h=0.24; grpo_state=PENDING_IN_APP
qc_inspection,JIVO_OIL,1401,2026-08-10,GE-2026-5721,PM0000469,CAPS 5 LTR BROWN,Cap 5l Brown,2900.000,PCS,ECHO PLAST INDIA,hold_hours_slip_to_QA_manager,1.45,hours,ACCEPTED,factory.jivo.in /quality-control/inspections/,VERIFIED,group=PM_PACKAGING; hold_to_chemist_h=1.28; grpo_state=PENDING_IN_APP
qc_inspection,JIVO_OIL,1402,2026-08-10,GE-2026-5721,PM0000186,HDPE BOTTLE 5 LTR OLIVE GREEN,Jerry Can Olive,1935.000,PCS,ECHO PLAST INDIA,hold_hours_slip_to_QA_manager,1.45,hours,ACCEPTED,factory.jivo.in /quality-control/inspections/,VERIFIED,group=PM_PACKAGING; hold_to_chemist_h=1.35; grpo_state=PENDING_IN_APP
qc_inspection,JIVO_OIL,1403,2026-08-10,GE-2026-5721,PM0000053,HDPE BOTTLE 5 LTR,5 Ltr. Jerry Can,2460.000,PCS,ECHO PLAST INDIA,hold_hours_slip_to_QA_manager,1.45,hours,ACCEPTED,factory.jivo.in /quality-control/inspections/,VERIFIED,group=PM_PACKAGING; hold_to_chemist_h=1.39; grpo_state=PENDING_IN_APP
qc_inspection,JIVO_OIL,1404,2026-08-10,GE-2026-5721,PM0000468,CAPS 5 LTR GREEN,Cap_5l_green,1500.000,PCS,ECHO PLAST INDIA,hold_hours_slip_to_QA_manager,1.45,hours,ACCEPTED,factory.jivo.in /quality-control/inspections/,VERIFIED,group=PM_PACKAGING; hold_to_chemist_h=1.44; grpo_state=PENDING_IN_APP
qc_inspection,JIVO_OIL,1422,2026-08-10,GE-2026-6033,RM0000025,SOYABEAN REFINED LOOSE OIL,Refined Soyben Rm0000025,39.600,MTS,AWL AGRI BUSINESS LIMITED,hold_hours_slip_to_QA_manager,25.07,hours,ACCEPTED,factory.jivo.in /quality-control/inspections/,VERIFIED,group=RM_BULK_OIL; hold_to_chemist_h=25.06; grpo_state=PENDING_IN_APP
qc_inspection,JIVO_OIL,1436,2026-08-10,GE-2026-1172,RM0000003,MUSTARD LOOSE OIL,Mustard Oil,39.610,MTS,VAISHNODEVI REFOILS & SOLVEX PRIVATE LIMITED,hold_hours_slip_to_QA_manager,31.39,hours,ACCEPTED,factory.jivo.in /quality-control/inspections/,VERIFIED,group=RM_BULK_OIL; hold_to_chemist_h=31.25; grpo_state=PENDING_IN_APP
qc_inspection,JIVO_OIL,1399,2026-08-10,GE-2026-7245,RM0000025,SOYABEAN REFINED LOOSE OIL,Refined Soyben Rm0000025,39.000,MTS,AWL AGRI BUSINESS LIMITED,hold_hours_slip_to_QA_manager,1.26,hours,ACCEPTED,factory.jivo.in /quality-control/inspections/,VERIFIED,group=RM_BULK_OIL; hold_to_chemist_h=1.25; grpo_state=PENDING_IN_APP
qc_inspection,JIVO_OIL,1396,2026-08-10,GE-2026-5494,RM0000025,SOYABEAN REFINED LOOSE OIL,Refined Soyben Rm0000025,39.080,MTS,AWL AGRI BUSINESS LIMITED,hold_hours_slip_to_QA_manager,0.5,hours,ACCEPTED,factory.jivo.in /quality-control/inspections/,VERIFIED,group=RM_BULK_OIL; hold_to_chemist_h=0.49; grpo_state=PENDING_IN_APP
qc_inspection,JIVO_OIL,1398,2026-08-10,GE-2026-6152,PM0000194,PET BOTTLE 1 LTR 40 GMS,Pet_bottle_1ltr_40gm,13524.000,PCS,BR AGROTECH LTD,hold_hours_slip_to_QA_manager,0.96,hours,ACCEPTED,factory.jivo.in /quality-control/inspections/,VERIFIED,group=PM_PACKAGING; hold_to_chemist_h=0.95; grpo_state=POSTED_VIA_APP
qc_inspection,JIVO_OIL,1400,2026-08-10,GE-2026-6152,PM0000851,PET BOTTLE 1 LTR 26 GM,Pet_bottle_1_ltr_26gm,26320.000,PCS,BR AGROTECH LTD,hold_hours_slip_to_QA_manager,2.08,hours,ACCEPTED,factory.jivo.in /quality-control/inspections/,VERIFIED,group=PM_PACKAGING; hold_to_chemist_h=2.07; grpo_state=POSTED_VIA_APP
qc_inspection,JIVO_OIL,1397,2026-08-10,GE-2026-8313,PM0000076,TIN 15 LTR,Tin 15 Kg,3674.000,PCS,HARYANA GENERAL INDUSTRIES,hold_hours_slip_to_QA_manager,0.92,hours,ACCEPTED,factory.jivo.in /quality-control/inspections/,VERIFIED,group=PM_PACKAGING; hold_to_chemist_h=0.91; grpo_state=POSTED_VIA_APP
qc_inspection,JIVO_OIL,1395,2026-08-09,GE-2026-2940,RM0000003,MUSTARD LOOSE OIL,Mustard Oil,38.880,MTS,M/S ARORA AGRI BUSINESS VENTURES,hold_hours_slip_to_QA_manager,0.39,hours,ACCEPTED,factory.jivo.in /quality-control/inspections/,VERIFIED,group=RM_BULK_OIL; hold_to_chemist_h=0.38; grpo_state=PENDING_IN_APP
qc_inspection,JIVO_OIL,1393,2026-08-09,GE-2026-7617,RM0000003,MUSTARD LOOSE OIL,Mustard Oil,40.340,MTS,VAISHNODEVI REFOILS & SOLVEX PRIVATE LIMITED,hold_hours_slip_to_QA_manager,1.1,hours,ACCEPTED,factory.jivo.in /quality-control/inspections/,VERIFIED,group=RM_BULK_OIL; hold_to_chemist_h=1.09; grpo_state=PENDING_IN_APP
qc_inspection,JIVO_OIL,1392,2026-08-09,GE-2026-0811,RM0000025,SOYABEAN REFINED LOOSE OIL,Refined Soyben Rm0000025,10.690,MTS,AWL AGRI BUSINESS LIMITED,hold_hours_slip_to_QA_manager,2.09,hours,ACCEPTED,factory.jivo.in /quality-control/inspections/,VERIFIED,group=RM_BULK_OIL; hold_to_chemist_h=2.05; grpo_state=PENDING_IN_APP
qc_inspection,JIVO_OIL,1394,2026-08-09,GE-2026-0811,RM0000025,SOYABEAN REFINED LOOSE OIL,Refined Soyben Rm0000025,23.980,MTS,AWL AGRI BUSINESS LIMITED,hold_hours_slip_to_QA_manager,4.44,hours,ACCEPTED,factory.jivo.in /quality-control/inspections/,VERIFIED,group=RM_BULK_OIL; hold_to_chemist_h=4.43; grpo_state=PENDING_IN_APP
qc_inspection,JIVO_OIL,1386,2026-08-08,GE-2026-4878,PM0000335,TIKKI 250 MLS,Tikki 250ml Olive,1080.000,PCS,MEDIA GRAPHIC PRINTS VEND,hold_hours_slip_to_QA_manager,0.47,hours,ACCEPTED,factory.jivo.in /quality-control/inspections/,VERIFIED,group=PM_PACKAGING; hold_to_chemist_h=0.46; grpo_state=POSTED_VIA_APP
qc_inspection,JIVO_OIL,1385,2026-08-08,GE-2026-4878,PM0000122,TIKKI 100 MLS,Tikki 100ml Olive,2160.000,PCS,MEDIA GRAPHIC PRINTS VEND,hold_hours_slip_to_QA_manager,0.39,hours,ACCEPTED,factory.jivo.in /quality-control/inspections/,VERIFIED,group=PM_PACKAGING; hold_to_chemist_h=0.38; grpo_state=POSTED_VIA_APP
qc_inspection,JIVO_OIL,1391,2026-08-08,GE-2026-4878,PM0000270,LABEL 15 LTR COLD PRESS SUNFLOWER OIL,Label 15 Ltr Cold Press Sunflower Oil,860.000,PCS,MEDIA GRAPHIC PRINTS VEND,hold_hours_slip_to_QA_manager,1.7,hours,ACCEPTED,factory.jivo.in /quality-control/inspections/,VERIFIED,group=PM_PACKAGING; hold_to_chemist_h=1.7; grpo_state=POSTED_VIA_APP
qc_inspection,JIVO_OIL,1390,2026-08-08,GE-2026-4878,PM0000331,LABEL 250 GMS EXTRA LIGHT FRONT,Label E L Olive 250 Front,3020.000,PCS,MEDIA GRAPHIC PRINTS VEND,hold_hours_slip_to_QA_manager,1.62,hours,ACCEPTED,factory.jivo.in /quality-control/inspections/,VERIFIED,group=PM_PACKAGING; hold_to_chemist_h=1.62; grpo_state=POSTED_VIA_APP
qc_inspection,JIVO_OIL,1389,2026-08-08,GE-2026-4878,PM0000332,LABEL 250 GMS EXTRA LIGHT BACK,Label E L Olive 250ml,3020.000,PCS,MEDIA GRAPHIC PRINTS VEND,hold_hours_slip_to_QA_manager,1.62,hours,ACCEPTED,factory.jivo.in /quality-control/inspections/,VERIFIED,group=PM_PACKAGING; hold_to_chemist_h=1.55; grpo_state=POSTED_VIA_APP
qc_inspection,JIVO_OIL,1387,2026-08-08,GE-2026-4878,PM0000219,LABEL 100 ML PET BOTTLE  EXTRA LIGHT BACK,Label E.l Olive,3020.000,PCS,MEDIA GRAPHIC PRINTS VEND,hold_hours_slip_to_QA_manager,1.47,hours,ACCEPTED,factory.jivo.in /quality-control/inspections/,VERIFIED,group=PM_PACKAGING; hold_to_chemist_h=1.42; grpo_state=POSTED_VIA_APP
qc_inspection,JIVO_OIL,1388,2026-08-08,GE-2026-4878,PM0000218,LABEL 100 ML PET BOTTLE  EXTRA LIGHT FRONT,Label E.l Olive,3020.000,PCS,MEDIA GRAPHIC PRINTS VEND,hold_hours_slip_to_QA_manager,1.48,hours,ACCEPTED,factory.jivo.in /quality-control/inspections/,VERIFIED,group=PM_PACKAGING; hold_to_chemist_h=1.46; grpo_state=POSTED_VIA_APP
qc_inspection,JIVO_OIL,1383,2026-08-08,GE-2026-2881,RM0000066,PEANUT OIL,Peanut_oil,41.700,MTS,DHANLAXMI EDIBLES PRIVATE LIMITED,hold_hours_slip_to_QA_manager,1.24,hours,ACCEPTED,factory.jivo.in /quality-control/inspections/,VERIFIED,group=RM_BULK_OIL; hold_to_chemist_h=1.22; grpo_state=PENDING_IN_APP
qc_inspection,JIVO_OIL,1381,2026-08-08,GE-2026-5822,PM0000013,CARTON 5 LTR 4 PCS,Carton_5l_x_4_pcs_canola_(450x257x325),4223.000,PCS,KUBER PAPER & PACK PRIVATE LIMITED AAJCK3867H0,hold_hours_slip_to_QA_manager,0.52,hours,ACCEPTED,factory.jivo.in /quality-control/inspections/,VERIFIED,group=PM_PACKAGING; hold_to_chemist_h=0.52; grpo_state=POSTED_VIA_APP
qc_inspection,JIVO_OIL,1384,2026-08-08,GE-2026-5822,PM0000003,CARTON 1 LTR POMACE 16 PCS,Carton1_liter_x_16pcs_(olive-pomace),10352.000,PCS,KUBER PAPER & PACK PRIVATE LIMITED AAJCK3867H0,hold_hours_slip_to_QA_manager,4.47,hours,ACCEPTED,factory.jivo.in /quality-control/inspections/,VERIFIED,group=PM_PACKAGING; hold_to_chemist_h=4.34; grpo_state=POSTED_VIA_APP
qc_inspection,JIVO_OIL,1380,2026-08-08,GE-2026-5068,PM0000594,PREFORM 40 GMS 36 MM,Pet Preform 40 Gm,182400.000,PCS,FRYSTAL PET PRIVATE LIMITED,hold_hours_slip_to_QA_manager,0.51,hours,ACCEPTED,factory.jivo.in /quality-control/inspections/,VERIFIED,group=PM_PACKAGING; hold_to_chemist_h=0.51; grpo_state=POSTED_VIA_APP
qc_inspection,JIVO_OIL,1379,2026-08-08,GE-2026-3224,PM0000852,PREFORM 49.5 GMS 36 MM,Pet Preform 50 Gm,9600.000,PCS,FRYSTAL PET PRIVATE LIMITED,hold_hours_slip_to_QA_manager,0.56,hours,ACCEPTED,factory.jivo.in /quality-control/inspections/,VERIFIED,group=PM_PACKAGING; hold_to_chemist_h=0.54; grpo_state=POSTED_VIA_APP
qc_inspection,JIVO_OIL,1378,2026-08-08,GE-2026-7695,PM0000076,TIN 15 LTR,Tin 15 Kg,3534.000,PCS,NATIONAL TIN INDUSTRIES,hold_hours_slip_to_QA_manager,1.3,hours,ACCEPTED,factory.jivo.in /quality-control/inspections/,VERIFIED,group=PM_PACKAGING; hold_to_chemist_h=1.29; grpo_state=POSTED_VIA_APP
qc_inspection,JIVO_OIL,1377,2026-08-07,GE-2026-9723,PM0000411,CARTON 1 LTR 20 PCS PET 26GM,Carton_1l_x_20_pcs_26_gm,6286.000,PCS,SSY CONTAINERS PVT LTD,hold_hours_slip_to_QA_manager,0.38,hours,ACCEPTED,factory.jivo.in /quality-control/inspections/,VERIFIED,group=PM_PACKAGING; hold_to_chemist_h=0.34; grpo_state=POSTED_VIA_APP
qc_inspection,JIVO_OIL,1376,2026-08-07,GE-2026-9723,PM0000005,CARTON 1 LTR 12 POUCHES,Carton_1l_x_12_pcs_(pouch),3580.000,PCS,SSY CONTAINERS PVT LTD,hold_hours_slip_to_QA_manager,0.38,hours,ACCEPTED,factory.jivo.in /quality-control/inspections/,VERIFIED,group=PM_PACKAGING; hold_to_chemist_h=0.26; grpo_state=POSTED_VIA_APP
qc_inspection,JIVO_OIL,1375,2026-08-07,GE-2026-5691,RM0000007,RICE BRAN REFINED OIL,Rice Bran,38.980,MTS,M/S ARORA AGRI BUSINESS VENTURES,hold_hours_slip_to_QA_manager,0.4,hours,ACCEPTED,factory.jivo.in /quality-control/inspections/,VERIFIED,group=RM_BULK_OIL; hold_to_chemist_h=0.39; grpo_state=PENDING_IN_APP
qc_inspection,JIVO_OIL,1374,2026-08-07,GE-2026-4172,PM0000235,CAPS 1 LTR WHITE AND YELLOW SMALL PLAIN,Cap Yellow-white 1l Plain,100000.000,PCS,BABAJI UDYOG PVT. LTD.,hold_hours_slip_to_QA_manager,0.49,hours,ACCEPTED,factory.jivo.in /quality-control/inspections/,VERIFIED,group=PM_PACKAGING; hold_to_chemist_h=0.48; grpo_state=POSTED_VIA_APP
qc_inspection,JIVO_OIL,1373,2026-08-07,GE-2026-4172,PM0000085,CAPS 1 OR 2 LTR WHITE AND YELLOW WITH LOGO,Cap_yellow_white_1ltr._&_2_ltr.,66000.000,PCS,BABAJI UDYOG PVT. LTD.,hold_hours_slip_to_QA_manager,0.5,hours,ACCEPTED,factory.jivo.in /quality-control/inspections/,VERIFIED,group=PM_PACKAGING; hold_to_chemist_h=0.33; grpo_state=POSTED_VIA_APP
qc_inspection,JIVO_OIL,1371,2026-08-07,GE-2026-6364,PM0000469,CAPS 5 LTR BROWN,Cap 5l Brown,5705.000,PCS,RAJ TECHNOPACK PVT LTD,hold_hours_slip_to_QA_manager,0.87,hours,ACCEPTED,factory.jivo.in /quality-control/inspections/,VERIFIED,group=PM_PACKAGING; hold_to_chemist_h=0.84; grpo_state=POSTED_VIA_APP
qc_inspection,JIVO_OIL,1370,2026-08-07,GE-2026-6364,PM0000113,HDPE BOTTLE 3 LTR,Hdpe Bottle 3 Ltr,5705.000,PCS,RAJ TECHNOPACK PVT LTD,hold_hours_slip_to_QA_manager,0.87,hours,ACCEPTED,factory.jivo.in /quality-control/inspections/,VERIFIED,group=PM_PACKAGING; hold_to_chemist_h=0.82; grpo_state=POSTED_VIA_APP
qc_inspection,JIVO_OIL,1368,2026-08-07,GE-2026-0235,PM0000469,CAPS 5 LTR BROWN,Cap 5l Brown,3030.000,PCS,ECHO PLAST INDIA,hold_hours_slip_to_QA_manager,1.0,hours,ACCEPTED,factory.jivo.in /quality-control/inspections/,VERIFIED,group=PM_PACKAGING; hold_to_chemist_h=0.89; grpo_state=POSTED_VIA_APP
qc_inspection,JIVO_OIL,1369,2026-08-07,GE-2026-0235,PM0000186,HDPE BOTTLE 5 LTR OLIVE GREEN,Jerry Can Olive,1110.000,PCS,ECHO PLAST INDIA,hold_hours_slip_to_QA_manager,2.1,hours,ACCEPTED,factory.jivo.in /quality-control/inspections/,VERIFIED,group=PM_PACKAGING; hold_to_chemist_h=0.99; grpo_state=POSTED_VIA_APP
qc_inspection,JIVO_OIL,1367,2026-08-07,GE-2026-0235,PM0000053,HDPE BOTTLE 5 LTR,5 Ltr. Jerry Can,1920.000,PCS,ECHO PLAST INDIA,hold_hours_slip_to_QA_manager,0.85,hours,ACCEPTED,factory.jivo.in /quality-control/inspections/,VERIFIED,group=PM_PACKAGING; hold_to_chemist_h=0.78; grpo_state=POSTED_VIA_APP
qc_inspection,JIVO_OIL,1362,2026-08-07,GE-2026-4472,PM0000053,HDPE BOTTLE 5 LTR,5 Ltr. Jerry Can,2508.000,PCS,AG POLY PACKS PVT LTD,hold_hours_slip_to_QA_manager,0.24,hours,ACCEPTED,factory.jivo.in /quality-control/inspections/,VERIFIED,group=PM_PACKAGING; hold_to_chemist_h=0.15; grpo_state=PENDING_IN_APP
qc_inspection,JIVO_OIL,1363,2026-08-07,GE-2026-4472,PM0000469,CAPS 5 LTR BROWN,Cap 5l Brown,2508.000,PCS,AG POLY PACKS PVT LTD,hold_hours_slip_to_QA_manager,2.2,hours,ACCEPTED,factory.jivo.in /quality-control/inspections/,VERIFIED,group=PM_PACKAGING; hold_to_chemist_h=0.25; grpo_state=PENDING_IN_APP
qc_inspection,JIVO_OIL,1364,2026-08-07,GE-2026-8284,PM0000852,PREFORM 49.5 GMS 36 MM,Pet Preform 50 Gm,155400.000,PCS,FRYSTAL PET PRIVATE LIMITED,hold_hours_slip_to_QA_manager,0.86,hours,ACCEPTED,factory.jivo.in /quality-control/inspections/,VERIFIED,group=PM_PACKAGING; hold_to_chemist_h=0.85; grpo_state=POSTED_VIA_APP
qc_inspection,JIVO_OIL,1366,2026-08-07,GE-2026-4564,PM0000861,LABEL 1 LTR GOLD FULL,Label 1ltr Jivo Gold,8550.000,PCS,CORE PACKAGING,hold_hours_slip_to_QA_manager,3.38,hours,ACCEPTED,factory.jivo.in /quality-control/inspections/,VERIFIED,group=PM_PACKAGING; hold_to_chemist_h=3.37; grpo_state=POSTED_VIA_APP
qc_inspection,JIVO_OIL,1365,2026-08-07,GE-2026-4564,PM0000861,LABEL 1 LTR GOLD FULL,Label 1ltr Jivo Gold,30000.000,PCS,CORE PACKAGING,hold_hours_slip_to_QA_manager,3.19,hours,ACCEPTED,factory.jivo.in /quality-control/inspections/,VERIFIED,group=PM_PACKAGING; hold_to_chemist_h=3.05; grpo_state=POSTED_VIA_APP
qc_inspection,JIVO_OIL,1361,2026-08-06,GE-2026-9248,PM0000182,CARTON 3 LTR 6 PCS,Carton 3lr X 6 Pcs,1930.000,PCS,SSY CONTAINERS PVT LTD,hold_hours_slip_to_QA_manager,1.33,hours,ACCEPTED,factory.jivo.in /quality-control/inspections/,VERIFIED,group=PM_PACKAGING; hold_to_chemist_h=1.32; grpo_state=PENDING_IN_APP
qc_inspection,JIVO_OIL,1360,2026-08-06,GE-2026-9248,PM0000013,CARTON 5 LTR 4 PCS,Carton_5l_x_4_pcs_canola_(450x257x325),5365.000,PCS,SSY CONTAINERS PVT LTD,hold_hours_slip_to_QA_manager,1.21,hours,ACCEPTED,factory.jivo.in /quality-control/inspections/,VERIFIED,group=PM_PACKAGING; hold_to_chemist_h=1.14; grpo_state=PENDING_IN_APP
qc_inspection,JIVO_OIL,1359,2026-08-06,GE-2026-9248,PM0000411,CARTON 1 LTR 20 PCS PET 26GM,Carton_1l_x_20_pcs_26_gm,930.000,PCS,SSY CONTAINERS PVT LTD,hold_hours_slip_to_QA_manager,1.22,hours,ACCEPTED,factory.jivo.in /quality-control/inspections/,VERIFIED,group=PM_PACKAGING; hold_to_chemist_h=1.1; grpo_state=PENDING_IN_APP
qc_inspection,JIVO_OIL,1358,2026-08-06,GE-2026-1171,PM0000589,CARTON PET BOTTLE 100 ML 20 PCS,Carton Pet Bottle 100 Ml 20 Pcs,200.000,PCS,PACKSTER PACKAGING SOLUTIONS,hold_hours_slip_to_QA_manager,0.53,hours,ACCEPTED,factory.jivo.in /quality-control/inspections/,VERIFIED,group=PM_PACKAGING; hold_to_chemist_h=0.5; grpo_state=POSTED_VIA_APP
qc_inspection,JIVO_OIL,1357,2026-08-06,GE-2026-1171,PM0000588,CARTON PET BOTTLE 100 ML 10 PCS,Carton Pet Bottle 100 Ml 10 Pcs,200.000,PCS,PACKSTER PACKAGING SOLUTIONS,hold_hours_slip_to_QA_manager,0.54,hours,ACCEPTED,factory.jivo.in /quality-control/inspections/,VERIFIED,group=PM_PACKAGING; hold_to_chemist_h=0.46; grpo_state=POSTED_VIA_APP
qc_inspection,JIVO_OIL,1354,2026-08-06,GE-2026-3229,PM0000275,CAPS GLASS JAR 82 MM A2 DESI GHEE 1 LTR & 500 MLS,Cap 1ltr / 500 Ml Ghee Jar,4800.000,PCS,EMAAR GLASS INDUSTRIES,hold_hours_slip_to_QA_manager,0.14,hours,ACCEPTED,factory.jivo.in /quality-control/inspections/,VERIFIED,group=PM_PACKAGING; hold_to_chemist_h=0.12; grpo_state=PENDING_IN_APP
qc_inspection,JIVO_OIL,1353,2026-08-06,GE-2026-3229,PM0000273,GLASS JAR 580 MLS A2 DESI GHEE,Glass_jar_550_ml,4800.000,PCS,EMAAR GLASS INDUSTRIES,hold_hours_slip_to_QA_manager,0.14,hours,ACCEPTED,factory.jivo.in /quality-control/inspections/,VERIFIED,group=PM_PACKAGING; hold_to_chemist_h=0.08; grpo_state=PENDING_IN_APP
qc_inspection,JIVO_OIL,1352,2026-08-06,GE-2026-0712,RM0000003,MUSTARD LOOSE OIL,Mustard Oil,37.760,MTS,AWL AGRI BUSINESS LIMITED,hold_hours_slip_to_QA_manager,0.26,hours,ACCEPTED,factory.jivo.in /quality-control/inspections/,VERIFIED,group=RM_BULK_OIL; hold_to_chemist_h=0.25; grpo_state=PENDING_IN_APP
qc_inspection,JIVO_OIL,1351,2026-08-06,GE-2026-3169,PM0000273,GLASS JAR 580 MLS A2 DESI GHEE,Glass_jar_550_ml,4800.000,PCS,EMAAR GLASS INDUSTRIES,hold_hours_slip_to_QA_manager,1.92,hours,ACCEPTED,factory.jivo.in /quality-control/inspections/,VERIFIED,group=PM_PACKAGING; hold_to_chemist_h=1.9; grpo_state=NOT_IN_GRPO_QUEUE
qc_inspection,JIVO_OIL,1350,2026-08-06,GE-2026-2398,RM0000025,SOYABEAN REFINED LOOSE OIL,Refined Soyben Rm0000025,38.980,MTS,AWL AGRI BUSINESS LIMITED,hold_hours_slip_to_QA_manager,1.81,hours,ACCEPTED,factory.jivo.in /quality-control/inspections/,VERIFIED,group=RM_BULK_OIL; hold_to_chemist_h=1.64; grpo_state=PENDING_IN_APP
qc_inspection,JIVO_OIL,1348,2026-08-05,GE-2026-4581,PM0000408,CAPS 1 & 2 LTR WHITE AND GREEN PLAIN,Cap_green_green_1-2_ltr,78000.000,PCS,BABAJI UDYOG PVT. LTD.,hold_hours_slip_to_QA_manager,0.54,hours,ACCEPTED,factory.jivo.in /quality-control/inspections/,VERIFIED,group=PM_PACKAGING; hold_to_chemist_h=0.4; grpo_state=POSTED_VIA_APP
qc_inspection,JIVO_OIL,1349,2026-08-05,GE-2026-4581,PM0000085,CAPS 1 OR 2 LTR WHITE AND YELLOW WITH LOGO,Cap_yellow_white_1ltr._&_2_ltr.,48000.000,PCS,BABAJI UDYOG PVT. LTD.,hold_hours_slip_to_QA_manager,0.53,hours,ACCEPTED,factory.jivo.in /quality-control/inspections/,VERIFIED,group=PM_PACKAGING; hold_to_chemist_h=0.51; grpo_state=POSTED_VIA_APP
qc_inspection,JIVO_OIL,1346,2026-08-04,GE-2026-5452,PM0000053,HDPE BOTTLE 5 LTR,5 Ltr. Jerry Can,700.000,PCS,RAJ TECHNOPACK PVT LTD,hold_hours_slip_to_QA_manager,1.94,hours,ACCEPTED,factory.jivo.in /quality-control/inspections/,VERIFIED,group=PM_PACKAGING; hold_to_chemist_h=1.88; grpo_state=PENDING_IN_APP
qc_inspection,JIVO_OIL,1345,2026-08-04,GE-2026-5452,PM0000469,CAPS 5 LTR BROWN,Cap 5l Brown,6230.000,PCS,RAJ TECHNOPACK PVT LTD,hold_hours_slip_to_QA_manager,1.9,hours,ACCEPTED,factory.jivo.in /quality-control/inspections/,VERIFIED,group=PM_PACKAGING; hold_to_chemist_h=1.82; grpo_state=PENDING_IN_APP
qc_inspection,JIVO_OIL,1344,2026-08-04,GE-2026-5452,PM0000113,HDPE BOTTLE 3 LTR,Hdpe Bottle 3 Ltr,5530.000,PCS,RAJ TECHNOPACK PVT LTD,hold_hours_slip_to_QA_manager,1.45,hours,ACCEPTED,factory.jivo.in /quality-control/inspections/,VERIFIED,group=PM_PACKAGING; hold_to_chemist_h=1.42; grpo_state=PENDING_IN_APP
qc_inspection,JIVO_OIL,1343,2026-08-04,GE-2026-4061,RM0000025,SOYABEAN REFINED LOOSE OIL,Refined Soyben Rm0000025,38.980,MTS,AWL AGRI BUSINESS LIMITED,hold_hours_slip_to_QA_manager,1.0,hours,ACCEPTED,factory.jivo.in /quality-control/inspections/,VERIFIED,group=RM_BULK_OIL; hold_to_chemist_h=1.0; grpo_state=PENDING_IN_APP
qc_inspection,JIVO_OIL,1342,2026-08-04,GE-2026-0201,PM0000003,CARTON 1 LTR POMACE 16 PCS,Carton1_liter_x_16pcs_(olive-pomace),7237.000,PCS,KUBER PAPER & PACK PRIVATE LIMITED AAJCK3867H0,hold_hours_slip_to_QA_manager,2.67,hours,ACCEPTED,factory.jivo.in /quality-control/inspections/,VERIFIED,group=PM_PACKAGING; hold_to_chemist_h=2.65; grpo_state=PENDING_IN_APP
qc_inspection,JIVO_OIL,1341,2026-08-04,GE-2026-3902,PM0000891,POUCH SOYABEAN MULTI  KGS,Pouch Soyabean Multi  Kgs,3000.360,KGS,UFLEX LIMITED NEW,hold_hours_slip_to_QA_manager,0.52,hours,ACCEPTED,factory.jivo.in /quality-control/inspections/,VERIFIED,group=PM_PACKAGING; hold_to_chemist_h=0.51; grpo_state=PENDING_IN_APP
qc_inspection,JIVO_OIL,1356,2026-08-03,GE-2026-8854,PM0000422,LABEL 500 MLS EXTRA VIRGIN OLIVE OIL BACK,Label 500ml Cp Groundnut Oil,1131.000,PCS,GRAPHICS ELITE,hold_hours_slip_to_QA_manager,70.12,hours,ACCEPTED,factory.jivo.in /quality-control/inspections/,VERIFIED,group=PM_PACKAGING; hold_to_chemist_h=69.95; grpo_state=POSTED_VIA_APP
qc_inspection,JIVO_OIL,1355,2026-08-03,GE-2026-8854,PM0000421,LABEL 500 MLS EXTRA VIRGIN OLIVE OIL FRONT,Label 500ml Cp Groundnut Oil,1131.000,PCS,GRAPHICS ELITE,hold_hours_slip_to_QA_manager,70.1,hours,ACCEPTED,factory.jivo.in /quality-control/inspections/,VERIFIED,group=PM_PACKAGING; hold_to_chemist_h=69.93; grpo_state=POSTED_VIA_APP
qc_inspection,JIVO_OIL,1339,2026-08-03,GE-2026-4486,PM0000468,CAPS 5 LTR GREEN,Cap_5l_green,3750.000,PCS,RAJ TECHNOPACK PVT LTD,hold_hours_slip_to_QA_manager,2.22,hours,ACCEPTED,factory.jivo.in /quality-control/inspections/,VERIFIED,group=PM_PACKAGING; hold_to_chemist_h=2.21; grpo_state=PENDING_IN_APP
qc_inspection,JIVO_OIL,1340,2026-08-03,GE-2026-4486,PM0000053,HDPE BOTTLE 5 LTR,5 Ltr. Jerry Can,3750.000,PCS,RAJ TECHNOPACK PVT LTD,hold_hours_slip_to_QA_manager,2.2,hours,ACCEPTED,factory.jivo.in /quality-control/inspections/,VERIFIED,group=PM_PACKAGING; hold_to_chemist_h=1.87; grpo_state=PENDING_IN_APP
qc_inspection,JIVO_OIL,1338,2026-08-03,GE-2026-9760,RM0000066,PEANUT OIL,Peanut_oil,41.555,MTS,DHANLAXMI EDIBLES PRIVATE LIMITED,hold_hours_slip_to_QA_manager,7.68,hours,ACCEPTED,factory.jivo.in /quality-control/inspections/,VERIFIED,group=RM_BULK_OIL; hold_to_chemist_h=7.49; grpo_state=PENDING_IN_APP
qc_inspection,JIVO_OIL,1336,2026-08-01,GE-2026-1754,PM0000469,CAPS 5 LTR BROWN,Cap 5l Brown,3745.000,PCS,RAJ TECHNOPACK PVT LTD,hold_hours_slip_to_QA_manager,2.13,hours,ACCEPTED,factory.jivo.in /quality-control/inspections/,VERIFIED,group=PM_PACKAGING; hold_to_chemist_h=2.1; grpo_state=PENDING_IN_APP
qc_inspection,JIVO_OIL,1335,2026-08-01,GE-2026-1754,PM0000113,HDPE BOTTLE 3 LTR,Hdpe Bottle 3 Ltr,3745.000,PCS,RAJ TECHNOPACK PVT LTD,hold_hours_slip_to_QA_manager,2.13,hours,ACCEPTED,factory.jivo.in /quality-control/inspections/,VERIFIED,group=PM_PACKAGING; hold_to_chemist_h=2.06; grpo_state=PENDING_IN_APP
qc_inspection,JIVO_OIL,1333,2026-08-01,GE-2026-4748,PM0000006,CARTON 1 LTR 20 PCS PET 40 GM,1 Liter X 20 Pcs (o),7708.000,PCS,SSY CONTAINERS PVT LTD,hold_hours_slip_to_QA_manager,1.09,hours,ACCEPTED,factory.jivo.in /quality-control/inspections/,VERIFIED,group=PM_PACKAGING; hold_to_chemist_h=0.97; grpo_state=PENDING_IN_APP
qc_inspection,JIVO_OIL,1332,2026-08-01,GE-2026-9772,PM0000877,TIKKI BARCODE CSD KGMO 5 LTR,Tikki Barcode 46 X 56,2065.000,PCS,MEDIA GRAPHIC PRINTS VEND,hold_hours_slip_to_QA_manager,1.72,hours,ACCEPTED,factory.jivo.in /quality-control/inspections/,VERIFIED,group=PM_PACKAGING; hold_to_chemist_h=1.26; grpo_state=PENDING_IN_APP
qc_inspection,JIVO_OIL,1331,2026-08-01,GE-2026-9772,PM0000878,TIKKI BARCODE CSD KGMO 1 LTR,Tikki Barcode 46 X 56,1535.000,PCS,MEDIA GRAPHIC PRINTS VEND,hold_hours_slip_to_QA_manager,1.73,hours,ACCEPTED,factory.jivo.in /quality-control/inspections/,VERIFIED,group=PM_PACKAGING; hold_to_chemist_h=1.25; grpo_state=PENDING_IN_APP
qc_inspection,JIVO_OIL,1328,2026-08-01,GE-2026-7858,RM0000003,MUSTARD LOOSE OIL,Mustard Oil,37.440,MTS,AWL AGRI BUSINESS LIMITED,hold_hours_slip_to_QA_manager,0.9,hours,ACCEPTED,factory.jivo.in /quality-control/inspections/,VERIFIED,group=RM_BULK_OIL; hold_to_chemist_h=0.89; grpo_state=PENDING_IN_APP
qc_inspection,JIVO_OIL,1334,2026-08-01,GE-2026-8606,RM0000025,SOYABEAN REFINED LOOSE OIL,Refined Soyben Rm0000025,38.880,MTS,AWL AGRI BUSINESS LIMITED,hold_hours_slip_to_QA_manager,6.77,hours,ACCEPTED,factory.jivo.in /quality-control/inspections/,VERIFIED,group=RM_BULK_OIL; hold_to_chemist_h=6.65; grpo_state=PENDING_IN_APP
qc_inspection,JIVO_OIL,1325,2026-08-01,GE-2026-6380,PM0000058,PET BOTTLE 200 MLS OLIVE OIL,Pet Bottle 200ml 16gm,66640.000,PCS,PARAMBA POLYMER,hold_hours_slip_to_QA_manager,1.46,hours,ACCEPTED,factory.jivo.in /quality-control/inspections/,VERIFIED,group=PM_PACKAGING; hold_to_chemist_h=1.41; grpo_state=PENDING_IN_APP
qc_inspection,JIVO_OIL,1324,2026-08-01,GE-2026-1155,PM0000078,CAPS 5 LTR/15 LTR,Spout_cap_tin_yellow_5l_15_l,90000.000,PCS,BERICAP INDIA PRIVATE LIMITED,hold_hours_slip_to_QA_manager,1.38,hours,ACCEPTED,factory.jivo.in /quality-control/inspections/,VERIFIED,group=PM_PACKAGING; hold_to_chemist_h=1.35; grpo_state=PENDING_IN_APP
qc_inspection,JIVO_OIL,1323,2026-08-01,GE-2026-4211,PM0000852,PREFORM 49.5 GMS 36 MM,Pet Preform 50 Gm,72000.000,PCS,FRYSTAL PET PRIVATE LIMITED,hold_hours_slip_to_QA_manager,0.64,hours,ACCEPTED,factory.jivo.in /quality-control/inspections/,VERIFIED,group=PM_PACKAGING; hold_to_chemist_h=0.55; grpo_state=PENDING_IN_APP
qc_inspection,JIVO_OIL,1330,2026-08-01,GE-2026-4211,PM0000594,PREFORM 40 GMS 36 MM,Pet Preform 40 Gm,90000.000,PCS,FRYSTAL PET PRIVATE LIMITED,hold_hours_slip_to_QA_manager,3.72,hours,ACCEPTED,factory.jivo.in /quality-control/inspections/,VERIFIED,group=PM_PACKAGING; hold_to_chemist_h=3.72; grpo_state=PENDING_IN_APP
qc_inspection,JIVO_OIL,1320,2026-07-31,GE-2026-7768,PM0000046,LABEL 5 LTR COLD PRESS FRONT,Label Cold Pressed Canola Oil 5l Front,31950.000,PCS,ROYAL PRIME LABELS,hold_hours_slip_to_QA_manager,1.55,hours,ACCEPTED,factory.jivo.in /quality-control/inspections/,VERIFIED,group=PM_PACKAGING; hold_to_chemist_h=1.19; grpo_state=PENDING_IN_APP
qc_inspection,JIVO_OIL,1321,2026-07-31,GE-2026-7768,PM0000535,LABEL 5 LTR COLD PRESS BACK 994,Label Cold Pressed Canola Oil 5l Back,31950.000,PCS,ROYAL PRIME LABELS,hold_hours_slip_to_QA_manager,1.56,hours,ACCEPTED,factory.jivo.in /quality-control/inspections/,VERIFIED,group=PM_PACKAGING; hold_to_chemist_h=1.22; grpo_state=PENDING_IN_APP
qc_inspection,JIVO_OIL,1319,2026-07-31,GE-2026-7768,PM0000231,LABEL 1 LTR SUNFLOWER BACK,Label_cp_sunflower_1l_back,72600.000,PCS,ROYAL PRIME LABELS,hold_hours_slip_to_QA_manager,0.89,hours,ACCEPTED,factory.jivo.in /quality-control/inspections/,VERIFIED,group=PM_PACKAGING; hold_to_chemist_h=0.86; grpo_state=PENDING_IN_APP
qc_inspection,JIVO_OIL,1318,2026-07-31,GE-2026-7768,PM0000230,LABEL 1 LTR SUNFLOWER FRONT,Label_cp_sunflower_1l_front,72600.000,PCS,ROYAL PRIME LABELS,hold_hours_slip_to_QA_manager,0.89,hours,ACCEPTED,factory.jivo.in /quality-control/inspections/,VERIFIED,group=PM_PACKAGING; hold_to_chemist_h=0.83; grpo_state=PENDING_IN_APP
qc_inspection,JIVO_OIL,1316,2026-07-31,GE-2026-2702,PM0000053,HDPE BOTTLE 5 LTR,5 Ltr. Jerry Can,4350.000,PCS,ECHO PLAST INDIA,hold_hours_slip_to_QA_manager,2.77,hours,ACCEPTED,factory.jivo.in /quality-control/inspections/,VERIFIED,group=PM_PACKAGING; hold_to_chemist_h=2.7; grpo_state=PENDING_IN_APP
qc_inspection,JIVO_OIL,1317,2026-07-31,GE-2026-2702,PM0000469,CAPS 5 LTR BROWN,Cap 5l Brown,4350.000,PCS,ECHO PLAST INDIA,hold_hours_slip_to_QA_manager,2.88,hours,ACCEPTED,factory.jivo.in /quality-control/inspections/,VERIFIED,group=PM_PACKAGING; hold_to_chemist_h=2.86; grpo_state=PENDING_IN_APP
qc_inspection,JIVO_OIL,1312,2026-07-31,GE-2026-5232,PM0000076,TIN 15 LTR,Tin 15 Kg,816.000,PCS,NATIONAL TIN INDUSTRIES,hold_hours_slip_to_QA_manager,3.04,hours,ACCEPTED,factory.jivo.in /quality-control/inspections/,VERIFIED,group=PM_PACKAGING; hold_to_chemist_h=1.61; grpo_state=PENDING_IN_APP
qc_inspection,JIVO_OIL,1314,2026-07-31,GE-2026-5232,PM0000080,TIN 5 LTR POMACE OLIVE PRINTED,Printed Tin 5l Olive Pomace,7692.000,PCS,NATIONAL TIN INDUSTRIES,hold_hours_slip_to_QA_manager,3.05,hours,ACCEPTED,factory.jivo.in /quality-control/inspections/,VERIFIED,group=PM_PACKAGING; hold_to_chemist_h=1.77; grpo_state=PENDING_IN_APP
qc_inspection,JIVO_OIL,1313,2026-07-31,GE-2026-5232,PM0000395,TIN 5 LTR POMACE OLIVE SANO,Printed Tin 5 Ltr,835.000,PCS,NATIONAL TIN INDUSTRIES,hold_hours_slip_to_QA_manager,3.05,hours,ACCEPTED,factory.jivo.in /quality-control/inspections/,VERIFIED,group=PM_PACKAGING; hold_to_chemist_h=1.72; grpo_state=PENDING_IN_APP
qc_inspection,JIVO_OIL,1322,2026-07-31,GE-2026-8324,RM0000025,SOYABEAN REFINED LOOSE OIL,Refined Soyben Rm0000025,38.900,MTS,AWL AGRI BUSINESS LIMITED,hold_hours_slip_to_QA_manager,24.94,hours,ACCEPTED,factory.jivo.in /quality-control/inspections/,VERIFIED,group=RM_BULK_OIL; hold_to_chemist_h=8.44; grpo_state=PENDING_IN_APP
qc_inspection,JIVO_OIL,1329,2026-07-31,GE-2026-7943,RM0000066,PEANUT OIL,Peanut_oil,41.955,MTS,DHANLAXMI EDIBLES PRIVATE LIMITED,hold_hours_slip_to_QA_manager,27.87,hours,ACCEPTED,factory.jivo.in /quality-control/inspections/,VERIFIED,group=RM_BULK_OIL; hold_to_chemist_h=27.87; grpo_state=PENDING_IN_APP
qc_inspection,JIVO_OIL,1309,2026-07-30,GE-2026-7174,PM0000469,CAPS 5 LTR BROWN,Cap 5l Brown,4425.000,PCS,RAJ TECHNOPACK PVT LTD,hold_hours_slip_to_QA_manager,15.6,hours,ACCEPTED,factory.jivo.in /quality-control/inspections/,VERIFIED,group=PM_PACKAGING; hold_to_chemist_h=15.26; grpo_state=PENDING_IN_APP
qc_inspection,JIVO_OIL,1311,2026-07-30,GE-2026-7174,PM0000053,HDPE BOTTLE 5 LTR,5 Ltr. Jerry Can,4425.000,PCS,RAJ TECHNOPACK PVT LTD,hold_hours_slip_to_QA_manager,15.43,hours,ACCEPTED,factory.jivo.in /quality-control/inspections/,VERIFIED,group=PM_PACKAGING; hold_to_chemist_h=15.37; grpo_state=PENDING_IN_APP
qc_inspection,JIVO_OIL,1308,2026-07-30,GE-2026-6427,PM0000469,CAPS 5 LTR BROWN,Cap 5l Brown,3750.000,PCS,RAJ TECHNOPACK PVT LTD,hold_hours_slip_to_QA_manager,15.22,hours,ACCEPTED,factory.jivo.in /quality-control/inspections/,VERIFIED,group=PM_PACKAGING; hold_to_chemist_h=14.79; grpo_state=PENDING_IN_APP
qc_inspection,JIVO_OIL,1310,2026-07-30,GE-2026-6427,PM0000053,HDPE BOTTLE 5 LTR,5 Ltr. Jerry Can,3750.000,PCS,RAJ TECHNOPACK PVT LTD,hold_hours_slip_to_QA_manager,15.74,hours,ACCEPTED,factory.jivo.in /quality-control/inspections/,VERIFIED,group=PM_PACKAGING; hold_to_chemist_h=15.63; grpo_state=PENDING_IN_APP
qc_inspection,JIVO_OIL,1303,2026-07-30,GE-2026-0265,PM0000469,CAPS 5 LTR BROWN,Cap 5l Brown,3395.000,PCS,RAJ TECHNOPACK PVT LTD,hold_hours_slip_to_QA_manager,2.02,hours,ACCEPTED,factory.jivo.in /quality-control/inspections/,VERIFIED,group=PM_PACKAGING; hold_to_chemist_h=1.6; grpo_state=PENDING_IN_APP
qc_inspection,JIVO_OIL,1302,2026-07-30,GE-2026-0265,PM0000113,HDPE BOTTLE 3 LTR,Hdpe Bottle 3 Ltr,3395.000,PCS,RAJ TECHNOPACK PVT LTD,hold_hours_slip_to_QA_manager,2.03,hours,ACCEPTED,factory.jivo.in /quality-control/inspections/,VERIFIED,group=PM_PACKAGING; hold_to_chemist_h=1.56; grpo_state=PENDING_IN_APP
qc_inspection,JIVO_OIL,1304,2026-07-30,GE-2026-5784,PM0000425,LABEL 1 LTR GROUNDNUT FRONT,Label 1ltr Cp Groundnut,152500.000,PCS,ROYAL PRIME LABELS,hold_hours_slip_to_QA_manager,2.35,hours,ACCEPTED,factory.jivo.in /quality-control/inspections/,VERIFIED,group=PM_PACKAGING; hold_to_chemist_h=2.28; grpo_state=PENDING_IN_APP
qc_inspection,JIVO_OIL,1305,2026-07-30,GE-2026-5784,PM0000426,LABEL 1 LTR GROUNDNUT BACK,Label 1ltr Cp Groundnut,152500.000,PCS,ROYAL PRIME LABELS,hold_hours_slip_to_QA_manager,2.35,hours,ACCEPTED,factory.jivo.in /quality-control/inspections/,VERIFIED,group=PM_PACKAGING; hold_to_chemist_h=2.3; grpo_state=PENDING_IN_APP
qc_inspection,JIVO_OIL,1299,2026-07-30,GE-2026-8274,PM0000408,CAPS 1 & 2 LTR WHITE AND GREEN PLAIN,Cap_green_green_1-2_ltr,24000.000,PCS,BABAJI UDYOG PVT. LTD.,hold_hours_slip_to_QA_manager,0.85,hours,ACCEPTED,factory.jivo.in /quality-control/inspections/,VERIFIED,group=PM_PACKAGING; hold_to_chemist_h=0.84; grpo_state=PENDING_IN_APP
qc_inspection,JIVO_OIL,1298,2026-07-30,GE-2026-8274,PM0000085,CAPS 1 OR 2 LTR WHITE AND YELLOW WITH LOGO,Cap_yellow_white_1ltr._&_2_ltr.,102000.000,PCS,BABAJI UDYOG PVT. LTD.,hold_hours_slip_to_QA_manager,0.85,hours,ACCEPTED,factory.jivo.in /quality-control/inspections/,VERIFIED,group=PM_PACKAGING; hold_to_chemist_h=0.75; grpo_state=PENDING_IN_APP
qc_inspection,JIVO_OIL,1293,2026-07-30,GE-2026-2717,PM0000076,TIN 15 LTR,Tin 15 Kg,816.000,PCS,NATIONAL TIN INDUSTRIES,hold_hours_slip_to_QA_manager,1.08,hours,ACCEPTED,factory.jivo.in /quality-control/inspections/,VERIFIED,group=PM_PACKAGING; hold_to_chemist_h=0.65; grpo_state=PENDING_IN_APP
qc_inspection,JIVO_OIL,1296,2026-07-30,GE-2026-2717,PM0000395,TIN 5 LTR POMACE OLIVE SANO,Printed Tin 5 Ltr,6948.000,PCS,NATIONAL TIN INDUSTRIES,hold_hours_slip_to_QA_manager,3.5,hours,ACCEPTED,factory.jivo.in /quality-control/inspections/,VERIFIED,group=PM_PACKAGING; hold_to_chemist_h=1.78; grpo_state=PENDING_IN_APP
qc_inspection,JIVO_OIL,1297,2026-07-30,GE-2026-9344,PM0000851,PET BOTTLE 1 LTR 26 GM,Pet_bottle_1_ltr_26gm,46800.000,PCS,TPAC PACKAGING INDIA PVT LTD II,hold_hours_slip_to_QA_manager,3.65,hours,ACCEPTED,factory.jivo.in /quality-control/inspections/,VERIFIED,group=PM_PACKAGING; hold_to_chemist_h=2.03; grpo_state=PENDING_IN_APP
qc_inspection,JIVO_OIL,1295,2026-07-30,GE-2026-0087,PM0000005,CARTON 1 LTR 12 POUCHES,Carton_1l_x_12_pcs_(pouch),1013.000,PCS,KUBER PAPER & PACK PRIVATE LIMITED AAJCK3867H0,hold_hours_slip_to_QA_manager,1.57,hours,ACCEPTED,factory.jivo.in /quality-control/inspections/,VERIFIED,group=PM_PACKAGING; hold_to_chemist_h=1.32; grpo_state=PENDING_IN_APP
qc_inspection,JIVO_OIL,1300,2026-07-30,GE-2026-0087,PM0000003,CARTON 1 LTR POMACE 16 PCS,Carton1_liter_x_16pcs_(olive-pomace),3828.000,PCS,KUBER PAPER & PACK PRIVATE LIMITED AAJCK3867H0,hold_hours_slip_to_QA_manager,5.19,hours,ACCEPTED,factory.jivo.in /quality-control/inspections/,VERIFIED,group=PM_PACKAGING; hold_to_chemist_h=5.18; grpo_state=PENDING_IN_APP
qc_inspection,JIVO_OIL,1294,2026-07-30,GE-2026-0087,PM0000082,CARTON 5 LTR OLIVE 4 PCS,Carton_5_liter_x_4_pcs(canola/olive),4500.000,PCS,KUBER PAPER & PACK PRIVATE LIMITED AAJCK3867H0,hold_hours_slip_to_QA_manager,1.57,hours,ACCEPTED,factory.jivo.in /quality-control/inspections/,VERIFIED,group=PM_PACKAGING; hold_to_chemist_h=1.28; grpo_state=PENDING_IN_APP
qc_inspection,JIVO_OIL,1292,2026-07-30,GE-2026-5360,RM0000025,SOYABEAN REFINED LOOSE OIL,Refined Soyben Rm0000025,38.910,MTS,AWL AGRI BUSINESS LIMITED,hold_hours_slip_to_QA_manager,0.15,hours,ACCEPTED,factory.jivo.in /quality-control/inspections/,VERIFIED,group=RM_BULK_OIL; hold_to_chemist_h=0.11; grpo_state=PENDING_IN_APP
qc_inspection,JIVO_OIL,1291,2026-07-29,GE-2026-9469,PM0000634,CARTON 1 LTR 20 PCS SANO,Carton_1l_x_20_pcs_26_gm,2582.000,PCS,SSY CONTAINERS PVT LTD,hold_hours_slip_to_QA_manager,1.38,hours,ACCEPTED,factory.jivo.in /quality-control/inspections/,VERIFIED,group=PM_PACKAGING; hold_to_chemist_h=1.36; grpo_state=PENDING_IN_APP
qc_inspection,JIVO_OIL,1290,2026-07-29,GE-2026-9469,PM0000632,CARTON 5 LTR TIN OLIVE 4 PCS SANO,Carton_5l_x_4_pcs_sano,1426.000,PCS,SSY CONTAINERS PVT LTD,hold_hours_slip_to_QA_manager,16.64,hours,ACCEPTED,factory.jivo.in /quality-control/inspections/,VERIFIED,group=PM_PACKAGING; hold_to_chemist_h=16.63; grpo_state=PENDING_IN_APP
qc_inspection,JIVO_OIL,1287,2026-07-29,GE-2026-9469,PM0000003,CARTON 1 LTR POMACE 16 PCS,Carton1_liter_x_16pcs_(olive-pomace),3546.000,PCS,SSY CONTAINERS PVT LTD,hold_hours_slip_to_QA_manager,0.9,hours,ACCEPTED,factory.jivo.in /quality-control/inspections/,VERIFIED,group=PM_PACKAGING; hold_to_chemist_h=0.32; grpo_state=PENDING_IN_APP
qc_inspection,JIVO_OIL,1288,2026-07-29,GE-2026-9469,PM0000825,CARTON 1 LTR 20 PCS NEW,Carton 1ltr 20pcs (435x340x290),2045.000,PCS,SSY CONTAINERS PVT LTD,hold_hours_slip_to_QA_manager,0.9,hours,ACCEPTED,factory.jivo.in /quality-control/inspections/,VERIFIED,group=PM_PACKAGING; hold_to_chemist_h=0.79; grpo_state=PENDING_IN_APP
qc_inspection,JIVO_OIL,1327,2026-07-29,GE-2026-5713,PM0000554,CAPS GLASS JAR 63 MM,Cap Glass Jar 63 Mm,4100.000,PCS,AJANTA BOTTLE PVT LTD,hold_hours_slip_to_QA_manager,68.38,hours,ACCEPTED,factory.jivo.in /quality-control/inspections/,VERIFIED,group=PM_PACKAGING; hold_to_chemist_h=68.36; grpo_state=PENDING_IN_APP
qc_inspection,JIVO_OIL,1289,2026-07-29,GE-2026-5713,PM0000912,GLASS JAR 200 MLS A2 DESI GHEE,Glass_jar_200_ml,4032.000,PCS,AJANTA BOTTLE PVT LTD,hold_hours_slip_to_QA_manager,67.99,hours,ACCEPTED,factory.jivo.in /quality-control/inspections/,VERIFIED,group=PM_PACKAGING; hold_to_chemist_h=2.76; grpo_state=PENDING_IN_APP
qc_inspection,JIVO_OIL,1326,2026-07-29,GE-2026-5713,PM0000275,CAPS GLASS JAR 82 MM A2 DESI GHEE 1 LTR & 500 MLS,Cap 1ltr / 500 Ml Ghee Jar,1100.000,PCS,AJANTA BOTTLE PVT LTD,hold_hours_slip_to_QA_manager,68.23,hours,ACCEPTED,factory.jivo.in /quality-control/inspections/,VERIFIED,group=PM_PACKAGING; hold_to_chemist_h=68.22; grpo_state=PENDING_IN_APP
qc_inspection,JIVO_OIL,1286,2026-07-29,GE-2026-5713,PM0000274,GLASS JAR 1000 MLS A2 DESI GHEE,1 Ltr Glass Jar,1062.000,PCS,AJANTA BOTTLE PVT LTD,hold_hours_slip_to_QA_manager,68.0,hours,ACCEPTED,factory.jivo.in /quality-control/inspections/,VERIFIED,group=PM_PACKAGING; hold_to_chemist_h=2.69; grpo_state=PENDING_IN_APP
qc_inspection,JIVO_OIL,1282,2026-07-29,GE-2026-7369,PM0000270,LABEL 15 LTR COLD PRESS SUNFLOWER OIL,Label 15 Ltr Cold Press Sunflower Oil,2540.000,PCS,GRAPHICS ELITE,hold_hours_slip_to_QA_manager,1.1,hours,ACCEPTED,factory.jivo.in /quality-control/inspections/,VERIFIED,group=PM_PACKAGING; hold_to_chemist_h=1.07; grpo_state=PENDING_IN_APP
qc_inspection,JIVO_OIL,1279,2026-07-29,GE-2026-7650,PM0000468,CAPS 5 LTR GREEN,Cap_5l_green,3375.000,PCS,ECHO PLAST INDIA,hold_hours_slip_to_QA_manager,3.25,hours,ACCEPTED,factory.jivo.in /quality-control/inspections/,VERIFIED,group=PM_PACKAGING; hold_to_chemist_h=3.24; grpo_state=PENDING_IN_APP
qc_inspection,JIVO_OIL,1280,2026-07-29,GE-2026-7650,PM0000053,HDPE BOTTLE 5 LTR,5 Ltr. Jerry Can,3375.000,PCS,ECHO PLAST INDIA,hold_hours_slip_to_QA_manager,2.09,hours,ACCEPTED,factory.jivo.in /quality-control/inspections/,VERIFIED,group=PM_PACKAGING; hold_to_chemist_h=0.79; grpo_state=PENDING_IN_APP
qc_inspection,JIVO_OIL,1278,2026-07-29,GE-2026-0331,PM0000851,PET BOTTLE 1 LTR 26 GM,Pet_bottle_1_ltr_26gm,49140.000,PCS,TPAC PACKAGING INDIA PVT LTD II,hold_hours_slip_to_QA_manager,1.14,hours,ACCEPTED,factory.jivo.in /quality-control/inspections/,VERIFIED,group=PM_PACKAGING; hold_to_chemist_h=1.13; grpo_state=PENDING_IN_APP
qc_inspection,JIVO_OIL,1276,2026-07-29,GE-2026-1341,PM0000005,CARTON 1 LTR 12 POUCHES,Carton_1l_x_12_pcs_(pouch),4950.000,PCS,KUBER PAPER & PACK PRIVATE LIMITED AAJCK3867H0,hold_hours_slip_to_QA_manager,2.65,hours,ACCEPTED,factory.jivo.in /quality-control/inspections/,VERIFIED,group=PM_PACKAGING; hold_to_chemist_h=1.72; grpo_state=PENDING_IN_APP
qc_inspection,JIVO_OIL,1277,2026-07-29,GE-2026-1341,PM0000003,CARTON 1 LTR POMACE 16 PCS,Carton1_liter_x_16pcs_(olive-pomace),2860.000,PCS,KUBER PAPER & PACK PRIVATE LIMITED AAJCK3867H0,hold_hours_slip_to_QA_manager,2.65,hours,ACCEPTED,factory.jivo.in /quality-control/inspections/,VERIFIED,group=PM_PACKAGING; hold_to_chemist_h=2.62; grpo_state=PENDING_IN_APP
qc_inspection,JIVO_OIL,1306,2026-07-28,GE-2026-8401,PM0000690,LABEL 1 LTR PRESSED SESAME OIL FRONT,Label 1ltr Sesame Oil,4500.000,PCS,ROYAL PRIME LABELS,hold_hours_slip_to_QA_manager,47.3,hours,ACCEPTED,factory.jivo.in /quality-control/inspections/,VERIFIED,group=PM_PACKAGING; hold_to_chemist_h=47.24; grpo_state=PENDING_IN_APP
qc_inspection,JIVO_OIL,1307,2026-07-28,GE-2026-8401,PM0000691,LABEL 1 LTR PRESSED SESAME OIL BACK,Label 1ltr Sesame Oil,4500.000,PCS,ROYAL PRIME LABELS,hold_hours_slip_to_QA_manager,47.31,hours,ACCEPTED,factory.jivo.in /quality-control/inspections/,VERIFIED,group=PM_PACKAGING; hold_to_chemist_h=47.25; grpo_state=PENDING_IN_APP
qc_inspection,JIVO_OIL,1272,2026-07-28,GE-2026-8401,PM0000881,LABEL 2 LTR GROUNDNUT HANDLE BOTTLE FRONT,Label Cp Groundnut Oil 2 L,3700.000,PCS,ROYAL PRIME LABELS,hold_hours_slip_to_QA_manager,0.78,hours,ACCEPTED,factory.jivo.in /quality-control/inspections/,VERIFIED,group=PM_PACKAGING; hold_to_chemist_h=0.48; grpo_state=PENDING_IN_APP
qc_inspection,JIVO_OIL,1273,2026-07-28,GE-2026-8401,PM0000880,LABEL 2 LTR GROUNDNUT HANDLE BOTTLE BACK,Label Cp Groundnut Oil 2 L,3700.000,PCS,ROYAL PRIME LABELS,hold_hours_slip_to_QA_manager,0.81,hours,ACCEPTED,factory.jivo.in /quality-control/inspections/,VERIFIED,group=PM_PACKAGING; hold_to_chemist_h=0.59; grpo_state=PENDING_IN_APP
qc_inspection,JIVO_OIL,1271,2026-07-28,GE-2026-3047,PM0000825,CARTON 1 LTR 20 PCS NEW,Carton 1ltr 20pcs (435x340x290),3504.000,PCS,SSY CONTAINERS PVT LTD,hold_hours_slip_to_QA_manager,0.96,hours,ACCEPTED,factory.jivo.in /quality-control/inspections/,VERIFIED,group=PM_PACKAGING; hold_to_chemist_h=0.95; grpo_state=PENDING_IN_APP
qc_inspection,JIVO_OIL,1270,2026-07-28,GE-2026-3047,PM0000003,CARTON 1 LTR POMACE 16 PCS,Carton1_liter_x_16pcs_(olive-pomace),2033.000,PCS,SSY CONTAINERS PVT LTD,hold_hours_slip_to_QA_manager,0.31,hours,ACCEPTED,factory.jivo.in /quality-control/inspections/,VERIFIED,group=PM_PACKAGING; hold_to_chemist_h=0.27; grpo_state=PENDING_IN_APP
qc_inspection,JIVO_OIL,1274,2026-07-28,GE-2026-7681,PM0000370,LABEL 1 LTR MUSTARD FRONT SANO,Label_canola_oil_1l_front,52000.000,PCS,ROYAL PRIME LABELS,hold_hours_slip_to_QA_manager,17.88,hours,ACCEPTED,factory.jivo.in /quality-control/inspections/,VERIFIED,group=PM_PACKAGING; hold_to_chemist_h=17.83; grpo_state=PENDING_IN_APP
qc_inspection,JIVO_OIL,1275,2026-07-28,GE-2026-7681,PM0000369,LABEL 1 LTR MUSTARD BACK SANO,Label_canola_oil_1l_back,52000.000,PCS,ROYAL PRIME LABELS,hold_hours_slip_to_QA_manager,17.88,hours,ACCEPTED,factory.jivo.in /quality-control/inspections/,VERIFIED,group=PM_PACKAGING; hold_to_chemist_h=17.86; grpo_state=PENDING_IN_APP
qc_inspection,JIVO_OIL,1266,2026-07-28,GE-2026-3390,RM0000025,SOYABEAN REFINED LOOSE OIL,Refined Soyben Rm0000025,17.510,MTS,AWL AGRI BUSINESS LIMITED,hold_hours_slip_to_QA_manager,0.56,hours,ACCEPTED,factory.jivo.in /quality-control/inspections/,VERIFIED,group=RM_BULK_OIL; hold_to_chemist_h=0.54; grpo_state=PENDING_IN_APP
qc_inspection,JIVO_OIL,1265,2026-07-28,GE-2026-3390,RM0000025,SOYABEAN REFINED LOOSE OIL,Refined Soyben Rm0000025,21.370,MTS,AWL AGRI BUSINESS LIMITED,hold_hours_slip_to_QA_manager,0.55,hours,ACCEPTED,factory.jivo.in /quality-control/inspections/,VERIFIED,group=RM_BULK_OIL; hold_to_chemist_h=0.5; grpo_state=PENDING_IN_APP
qc_inspection,JIVO_OIL,1301,2026-07-28,GE-2026-5881,RM0000066,PEANUT OIL,Peanut_oil,41.045,MTS,DHANLAXMI EDIBLES PRIVATE LIMITED,hold_hours_slip_to_QA_manager,72.62,hours,ACCEPTED,factory.jivo.in /quality-control/inspections/,VERIFIED,group=RM_BULK_OIL; hold_to_chemist_h=56.74; grpo_state=PENDING_IN_APP
qc_inspection,JIVO_OIL,1263,2026-07-27,GE-2026-9169,PM0000235,CAPS 1 LTR WHITE AND YELLOW SMALL PLAIN,Cap Yellow-white 1l Plain,400000.000,PCS,BABAJI UDYOG PVT. LTD.,hold_hours_slip_to_QA_manager,15.44,hours,ACCEPTED,factory.jivo.in /quality-control/inspections/,VERIFIED,group=PM_PACKAGING; hold_to_chemist_h=15.27; grpo_state=PENDING_IN_APP
qc_inspection,JIVO_OIL,1264,2026-07-27,GE-2026-9169,PM0000079,CAPS 1 & 2 LTR FULL GREEN WITH LOGO,Cap_green_green_1-2_ltr,135000.000,PCS,BABAJI UDYOG PVT. LTD.,hold_hours_slip_to_QA_manager,15.43,hours,ACCEPTED,factory.jivo.in /quality-control/inspections/,VERIFIED,group=PM_PACKAGING; hold_to_chemist_h=15.4; grpo_state=PENDING_IN_APP
qc_inspection,JIVO_OIL,1262,2026-07-27,GE-2026-2592,PM0000053,HDPE BOTTLE 5 LTR,5 Ltr. Jerry Can,890.000,PCS,BAL KRISHNA INDUSTRIES,hold_hours_slip_to_QA_manager,2.4,hours,REJECTED,factory.jivo.in /quality-control/inspections/,VERIFIED,group=PM_PACKAGING; hold_to_chemist_h=2.33; grpo_state=NOT_IN_GRPO_QUEUE
qc_inspection,JIVO_OIL,1258,2026-07-27,GE-2026-1297,PM0000076,TIN 15 LTR,Tin 15 Kg,1590.000,PCS,NATIONAL TIN INDUSTRIES,hold_hours_slip_to_QA_manager,1.38,hours,ACCEPTED,factory.jivo.in /quality-control/inspections/,VERIFIED,group=PM_PACKAGING; hold_to_chemist_h=0.52; grpo_state=PENDING_IN_APP
qc_inspection,JIVO_OIL,1261,2026-07-27,GE-2026-1297,PM0000830,TIN 3 LTR POMACE OLIVE PRINTED,Printed Tin 3 Ltr,1017.000,PCS,NATIONAL TIN INDUSTRIES,hold_hours_slip_to_QA_manager,6.16,hours,ACCEPTED,factory.jivo.in /quality-control/inspections/,VERIFIED,group=PM_PACKAGING; hold_to_chemist_h=5.76; grpo_state=PENDING_IN_APP
qc_inspection,JIVO_OIL,1260,2026-07-27,GE-2026-1297,PM0000831,TIN 3 LTR EXTRA LIGHT OLIVE PRINTED,Printed Tin 3 Ltr,1016.000,PCS,NATIONAL TIN INDUSTRIES,hold_hours_slip_to_QA_manager,5.72,hours,ACCEPTED,factory.jivo.in /quality-control/inspections/,VERIFIED,group=PM_PACKAGING; hold_to_chemist_h=5.7; grpo_state=PENDING_IN_APP
qc_inspection,JIVO_OIL,1259,2026-07-27,GE-2026-1297,PM0000080,TIN 5 LTR POMACE OLIVE PRINTED,Printed Tin 5l Olive Pomace,4206.000,PCS,NATIONAL TIN INDUSTRIES,hold_hours_slip_to_QA_manager,5.72,hours,ACCEPTED,factory.jivo.in /quality-control/inspections/,VERIFIED,group=PM_PACKAGING; hold_to_chemist_h=3.99; grpo_state=PENDING_IN_APP
qc_inspection,JIVO_OIL,1257,2026-07-27,GE-2026-8131,PM0000851,PET BOTTLE 1 LTR 26 GM,Pet_bottle_1_ltr_26gm,42900.000,PCS,TPAC PACKAGING INDIA PVT LTD II,hold_hours_slip_to_QA_manager,2.29,hours,ACCEPTED,factory.jivo.in /quality-control/inspections/,VERIFIED,group=PM_PACKAGING; hold_to_chemist_h=2.28; grpo_state=PENDING_IN_APP
qc_inspection,JIVO_OIL,1256,2026-07-25,GE-2026-0090,PM0000524,LABEL 5 LTR RICE BRAN OIL FRONT,Label 5ltr Rice Bran Oil,25950.000,PCS,CORE PACKAGING,hold_hours_slip_to_QA_manager,2.2,hours,ACCEPTED,factory.jivo.in /quality-control/inspections/,VERIFIED,group=PM_PACKAGING; hold_to_chemist_h=2.19; grpo_state=PENDING_IN_APP
qc_inspection,JIVO_OIL,1255,2026-07-25,GE-2026-0090,PM0000525,LABEL 5 LTR RICE BRAN OIL BACK,Label 5ltr Rice Bran Oil,26700.000,PCS,CORE PACKAGING,hold_hours_slip_to_QA_manager,2.2,hours,ACCEPTED,factory.jivo.in /quality-control/inspections/,VERIFIED,group=PM_PACKAGING; hold_to_chemist_h=2.19; grpo_state=PENDING_IN_APP
qc_inspection,JIVO_OIL,1252,2026-07-25,GE-2026-9381,PM0000125,PET BOTTLE 500 MLS 34 GMS,Pet Bottle 500ml Olive Green,30096.000,PCS,TPAC PACKAGING INDIA PVT LTD,hold_hours_slip_to_QA_manager,3.39,hours,ACCEPTED,factory.jivo.in /quality-control/inspections/,VERIFIED,group=PM_PACKAGING; hold_to_chemist_h=3.2; grpo_state=PENDING_IN_APP
qc_inspection,JIVO_OIL,1251,2026-07-25,GE-2026-9381,PM0000851,PET BOTTLE 1 LTR 26 GM,Pet_bottle_1_ltr_26gm,27612.000,PCS,TPAC PACKAGING INDIA PVT LTD II,hold_hours_slip_to_QA_manager,0.55,hours,ACCEPTED,factory.jivo.in /quality-control/inspections/,VERIFIED,group=PM_PACKAGING; hold_to_chemist_h=0.42; grpo_state=PENDING_IN_APP
qc_inspection,JIVO_OIL,,2026-07-25,GE-2026-3069,RM0000025,SOYABEAN REFINED LOOSE OIL,,38.920,MTS,AWL AGRI BUSINESS LIMITED,hold_hours_slip_to_QA_manager,,hours,NOT_STARTED,factory.jivo.in /quality-control/inspections/,VERIFIED,group=RM_BULK_OIL; hold_to_chemist_h=; grpo_state=NOT_IN_GRPO_QUEUE
qc_inspection,JIVO_OIL,1248,2026-07-24,GE-2026-6726,RM0000025,SOYABEAN REFINED LOOSE OIL,Refined Soyben Rm0000025,35.980,MTS,AWL AGRI BUSINESS LIMITED,hold_hours_slip_to_QA_manager,1.95,hours,ACCEPTED,factory.jivo.in /quality-control/inspections/,VERIFIED,group=RM_BULK_OIL; hold_to_chemist_h=1.93; grpo_state=PENDING_IN_APP
qc_inspection,JIVO_OIL,1244,2026-07-24,GE-2026-6540,RM0000003,MUSTARD LOOSE OIL,Mustard Oil,10.140,MTS,AWL AGRI BUSINESS LIMITED,hold_hours_slip_to_QA_manager,24.11,hours,ACCEPTED,factory.jivo.in /quality-control/inspections/,VERIFIED,group=RM_BULK_OIL; hold_to_chemist_h=24.02; grpo_state=PENDING_IN_APP
qc_inspection,JIVO_OIL,1245,2026-07-24,GE-2026-6540,RM0000003,MUSTARD LOOSE OIL,Mustard Oil,27.880,MTS,AWL AGRI BUSINESS LIMITED,hold_hours_slip_to_QA_manager,24.12,hours,ACCEPTED,factory.jivo.in /quality-control/inspections/,VERIFIED,group=RM_BULK_OIL; hold_to_chemist_h=24.02; grpo_state=PENDING_IN_APP
qc_inspection,JIVO_OIL,1243,2026-07-24,GE-2026-3764,PM0000076,TIN 15 LTR,Tin 15 Kg,2878.000,PCS,HARYANA INDUSTRIAL COMPANY,hold_hours_slip_to_QA_manager,0.36,hours,ACCEPTED,factory.jivo.in /quality-control/inspections/,VERIFIED,group=PM_PACKAGING; hold_to_chemist_h=0.33; grpo_state=PENDING_IN_APP
qc_inspection,JIVO_OIL,1247,2026-07-24,GE-2026-2261,PM0000073,MS COATED DRUM 200 LTR,Ms_coated_drum_200_ltr,200.000,PCS,EAST INDIA DRUMS AND BARRELS MANUFACTURING LIMITED AAACV4766F,hold_hours_slip_to_QA_manager,6.26,hours,ACCEPTED,factory.jivo.in /quality-control/inspections/,VERIFIED,group=PM_PACKAGING; hold_to_chemist_h=6.21; grpo_state=PENDING_IN_APP
qc_inspection,JIVO_OIL,1242,2026-07-24,GE-2026-1917,PM0000076,TIN 15 LTR,Tin 15 Kg,2810.000,PCS,HARYANA GENERAL INDUSTRIES,hold_hours_slip_to_QA_manager,0.32,hours,ACCEPTED,factory.jivo.in /quality-control/inspections/,VERIFIED,group=PM_PACKAGING; hold_to_chemist_h=0.29; grpo_state=PENDING_IN_APP
qc_inspection,JIVO_OIL,1238,2026-07-23,GE-2026-8433,RM0000025,SOYABEAN REFINED LOOSE OIL,Refined Soyben Rm0000025,39.590,MTS,AWL AGRI BUSINESS LIMITED,hold_hours_slip_to_QA_manager,0.23,hours,ACCEPTED,factory.jivo.in /quality-control/inspections/,VERIFIED,group=RM_BULK_OIL; hold_to_chemist_h=0.23; grpo_state=PENDING_IN_APP
qc_inspection,JIVO_OIL,1236,2026-07-23,GE-2026-6499,PM0000013,CARTON 5 LTR 4 PCS,Carton_5l_x_4_pcs_canola_(450x257x325),3378.000,PCS,SSY CONTAINERS PVT LTD,hold_hours_slip_to_QA_manager,0.38,hours,ACCEPTED,factory.jivo.in /quality-control/inspections/,VERIFIED,group=PM_PACKAGING; hold_to_chemist_h=0.37; grpo_state=PENDING_IN_APP
qc_inspection,JIVO_OIL,1239,2026-07-23,GE-2026-6499,PM0000629,CARTON TIN TOP,Carton Tin Collar,4470.000,PCS,SSY CONTAINERS PVT LTD,hold_hours_slip_to_QA_manager,4.55,hours,ACCEPTED,factory.jivo.in /quality-control/inspections/,VERIFIED,group=PM_PACKAGING; hold_to_chemist_h=4.02; grpo_state=PENDING_IN_APP
qc_inspection,JIVO_OIL,1237,2026-07-23,GE-2026-6499,PM0000409,CARTON 1 LTR POMACE 16 PCS PLAIN,Carton 1ltr 16 Pcs,1990.000,PCS,SSY CONTAINERS PVT LTD,hold_hours_slip_to_QA_manager,0.58,hours,ACCEPTED,factory.jivo.in /quality-control/inspections/,VERIFIED,group=PM_PACKAGING; hold_to_chemist_h=0.57; grpo_state=PENDING_IN_APP
qc_inspection,JIVO_OIL,1240,2026-07-23,GE-2026-6499,PM0000629,CARTON TIN TOP,Carton Tin Collar,6430.000,PCS,SSY CONTAINERS PVT LTD,hold_hours_slip_to_QA_manager,4.83,hours,ACCEPTED,factory.jivo.in /quality-control/inspections/,VERIFIED,group=PM_PACKAGING; hold_to_chemist_h=4.82; grpo_state=PENDING_IN_APP
qc_inspection,JIVO_OIL,1235,2026-07-23,GE-2026-1841,PM0000006,CARTON 1 LTR 20 PCS PET 40 GM,1 Liter X 20 Pcs (o),5210.000,PCS,KUBER PAPER & PACK PRIVATE LIMITED AAJCK3867H0,hold_hours_slip_to_QA_manager,28.98,hours,ACCEPTED,factory.jivo.in /quality-control/inspections/,VERIFIED,group=PM_PACKAGING; hold_to_chemist_h=1.58; grpo_state=PENDING_IN_APP
qc_inspection,JIVO_OIL,1281,2026-07-23,GE-2026-6423,RM0000003,MUSTARD LOOSE OIL,Mustard Oil,39.570,MTS,VAISHNODEVI AGRO RESOURCES PRIVATE LIMITED,hold_hours_slip_to_QA_manager,145.62,hours,ACCEPTED,factory.jivo.in /quality-control/inspections/,VERIFIED,group=RM_BULK_OIL; hold_to_chemist_h=145.18; grpo_state=PENDING_IN_APP
qc_inspection,JIVO_OIL,1254,2026-07-23,GE-2026-6090,RM0000007,RICE BRAN REFINED OIL,Rice Bran,39.240,MTS,M/S ARORA AGRI BUSINESS VENTURES,hold_hours_slip_to_QA_manager,51.05,hours,ACCEPTED,factory.jivo.in /quality-control/inspections/,VERIFIED,group=RM_BULK_OIL; hold_to_chemist_h=51.05; grpo_state=PENDING_IN_APP
qc_inspection,JIVO_OIL,1234,2026-07-23,GE-2026-8815,RM0000007,RICE BRAN REFINED OIL,Rice Bran,40.060,MTS,M/S ARORA AGRI BUSINESS VENTURES,hold_hours_slip_to_QA_manager,0.64,hours,ACCEPTED,factory.jivo.in /quality-control/inspections/,VERIFIED,group=RM_BULK_OIL; hold_to_chemist_h=0.63; grpo_state=PENDING_IN_APP
qc_inspection,JIVO_OIL,1232,2026-07-22,GE-2026-2553,PM0000079,CAPS 1 & 2 LTR FULL GREEN WITH LOGO,Cap_green_green_1-2_ltr,126000.000,PCS,BABAJI UDYOG PVT. LTD.,hold_hours_slip_to_QA_manager,1.13,hours,ACCEPTED,factory.jivo.in /quality-control/inspections/,VERIFIED,group=PM_PACKAGING; hold_to_chemist_h=1.1; grpo_state=PENDING_IN_APP
qc_inspection,JIVO_OIL,1222,2026-07-22,GE-2026-9746,PM0000469,CAPS 5 LTR BROWN,Cap 5l Brown,3700.000,PCS,RAJ TECHNOPACK PVT LTD,hold_hours_slip_to_QA_manager,2.08,hours,ACCEPTED,factory.jivo.in /quality-control/inspections/,VERIFIED,group=PM_PACKAGING; hold_to_chemist_h=1.72; grpo_state=NOT_IN_GRPO_QUEUE
qc_inspection,JIVO_OIL,1221,2026-07-22,GE-2026-9746,PM0000053,HDPE BOTTLE 5 LTR,5 Ltr. Jerry Can,3700.000,PCS,RAJ TECHNOPACK PVT LTD,hold_hours_slip_to_QA_manager,2.06,hours,REJECTED,factory.jivo.in /quality-control/inspections/,VERIFIED,group=PM_PACKAGING; hold_to_chemist_h=1.7; grpo_state=NOT_IN_GRPO_QUEUE
qc_inspection,JIVO_OIL,1231,2026-07-22,GE-2026-5818,PM0000881,LABEL 2 LTR GROUNDNUT HANDLE BOTTLE FRONT,Label Cp Groundnut Oil 2 L,3700.000,PCS,ROYAL PRIME LABELS,hold_hours_slip_to_QA_manager,4.22,hours,REJECTED,factory.jivo.in /quality-control/inspections/,VERIFIED,group=PM_PACKAGING; hold_to_chemist_h=4.17; grpo_state=PENDING_IN_APP
qc_inspection,JIVO_OIL,1230,2026-07-22,GE-2026-5818,PM0000880,LABEL 2 LTR GROUNDNUT HANDLE BOTTLE BACK,Label Cp Groundnut Oil 2 L,3700.000,PCS,ROYAL PRIME LABELS,hold_hours_slip_to_QA_manager,4.24,hours,REJECTED,factory.jivo.in /quality-control/inspections/,VERIFIED,group=PM_PACKAGING; hold_to_chemist_h=4.18; grpo_state=PENDING_IN_APP
qc_inspection,JIVO_OIL,1229,2026-07-22,GE-2026-5818,PM0000344,LABEL 1 LTR EXTRA VIRGIN COCONUT FRONT,Label Extra Virgin Coconut1l New,5400.000,PCS,ROYAL PRIME LABELS,hold_hours_slip_to_QA_manager,4.02,hours,ACCEPTED,factory.jivo.in /quality-control/inspections/,VERIFIED,group=PM_PACKAGING; hold_to_chemist_h=3.82; grpo_state=PENDING_IN_APP
qc_inspection,JIVO_OIL,1228,2026-07-22,GE-2026-5818,PM0000345,LABEL 1 LTR EXTRA VIRGIN COCONUT BACK,Label Extra Virgin Coconut1l New,5400.000,PCS,ROYAL PRIME LABELS,hold_hours_slip_to_QA_manager,4.03,hours,ACCEPTED,factory.jivo.in /quality-control/inspections/,VERIFIED,group=PM_PACKAGING; hold_to_chemist_h=3.81; grpo_state=PENDING_IN_APP
qc_inspection,JIVO_OIL,1227,2026-07-22,GE-2026-5818,PM0000266,LABEL 2 LTR CP CANOLA HANDLE BOTTLE FRONT,Label Cp Canola 2ltr,3400.000,PCS,ROYAL PRIME LABELS,hold_hours_slip_to_QA_manager,4.2,hours,ACCEPTED,factory.jivo.in /quality-control/inspections/,VERIFIED,group=PM_PACKAGING; hold_to_chemist_h=4.12; grpo_state=PENDING_IN_APP
qc_inspection,JIVO_OIL,1226,2026-07-22,GE-2026-5818,PM0000265,LABEL 2 LTR CP CANOLA HANDLE BOTTLE BACK,Label Cp Canola 2ltr,3400.000,PCS,ROYAL PRIME LABELS,hold_hours_slip_to_QA_manager,4.2,hours,ACCEPTED,factory.jivo.in /quality-control/inspections/,VERIFIED,group=PM_PACKAGING; hold_to_chemist_h=4.12; grpo_state=PENDING_IN_APP
qc_inspection,JIVO_OIL,1225,2026-07-22,GE-2026-5818,PM0000690,LABEL 1 LTR PRESSED SESAME OIL FRONT,Label 1ltr Sesame Oil,4500.000,PCS,ROYAL PRIME LABELS,hold_hours_slip_to_QA_manager,4.25,hours,REJECTED,factory.jivo.in /quality-control/inspections/,VERIFIED,group=PM_PACKAGING; hold_to_chemist_h=4.22; grpo_state=PENDING_IN_APP
qc_inspection,JIVO_OIL,1224,2026-07-22,GE-2026-5818,PM0000691,LABEL 1 LTR PRESSED SESAME OIL BACK,Label 1ltr Sesame Oil,4500.000,PCS,ROYAL PRIME LABELS,hold_hours_slip_to_QA_manager,4.36,hours,REJECTED,factory.jivo.in /quality-control/inspections/,VERIFIED,group=PM_PACKAGING; hold_to_chemist_h=4.27; grpo_state=PENDING_IN_APP
qc_inspection,JIVO_OIL,1219,2026-07-22,GE-2026-9066,PM0000887,LABEL 200 LTR POMACE SANO,Label Sano Pomace Olive 200lr,100.000,PCS,PACKGEN INTERNATIONAL PVT LTD,hold_hours_slip_to_QA_manager,0.68,hours,ACCEPTED,factory.jivo.in /quality-control/inspections/,VERIFIED,group=PM_PACKAGING; hold_to_chemist_h=0.57; grpo_state=PENDING_IN_APP
qc_inspection,JIVO_OIL,1218,2026-07-22,GE-2026-9066,PM0000890,LABEL 12 KG REFINED SOYABEAN OIL,Refined Soyabean 12 Kg,4000.000,PCS,PACKGEN INTERNATIONAL PVT LTD,hold_hours_slip_to_QA_manager,0.26,hours,ACCEPTED,factory.jivo.in /quality-control/inspections/,VERIFIED,group=PM_PACKAGING; hold_to_chemist_h=0.25; grpo_state=PENDING_IN_APP
qc_inspection,JIVO_OIL,1217,2026-07-22,GE-2026-1700,PM0000057,PET BOTTLE 2 LTR 66 GMS,Pet Bottle 2 Ltr 66 Gm,3350.000,PCS,TPAC PACKAGING INDIA PVT LTD II,hold_hours_slip_to_QA_manager,0.79,hours,ACCEPTED,factory.jivo.in /quality-control/inspections/,VERIFIED,group=PM_PACKAGING; hold_to_chemist_h=0.79; grpo_state=PENDING_IN_APP
qc_inspection,JIVO_OIL,1220,2026-07-22,GE-2026-1700,PM0000851,PET BOTTLE 1 LTR 26 GM,Pet_bottle_1_ltr_26gm,38922.000,PCS,TPAC PACKAGING INDIA PVT LTD II,hold_hours_slip_to_QA_manager,3.74,hours,ACCEPTED,factory.jivo.in /quality-control/inspections/,VERIFIED,group=PM_PACKAGING; hold_to_chemist_h=3.73; grpo_state=PENDING_IN_APP
qc_inspection,JIVO_OIL,1250,2026-07-22,GE-2026-3049,RM0000066,PEANUT OIL,Peanut_oil,40.040,MTS,DHANLAXMI EDIBLES PRIVATE LIMITED,hold_hours_slip_to_QA_manager,72.81,hours,ACCEPTED,factory.jivo.in /quality-control/inspections/,VERIFIED,group=RM_BULK_OIL; hold_to_chemist_h=72.79; grpo_state=PENDING_IN_APP
qc_inspection,JIVO_OIL,1215,2026-07-21,GE-2026-6850,PM0000128,CARTON 500 MLS 24 PCS,Carton 500ml 24 Pcs,5433.000,PCS,KUBER PAPER & PACK PRIVATE LIMITED AAJCK3867H0,hold_hours_slip_to_QA_manager,2.42,hours,ACCEPTED,factory.jivo.in /quality-control/inspections/,VERIFIED,group=PM_PACKAGING; hold_to_chemist_h=2.41; grpo_state=PENDING_IN_APP
qc_inspection,JIVO_OIL,1212,2026-07-21,GE-2026-6389,PM0000411,CARTON 1 LTR 20 PCS PET 26GM,Carton_1l_x_20_pcs_26_gm,2037.000,PCS,SSY CONTAINERS PVT LTD,hold_hours_slip_to_QA_manager,5.15,hours,ACCEPTED,factory.jivo.in /quality-control/inspections/,VERIFIED,group=PM_PACKAGING; hold_to_chemist_h=0.77; grpo_state=PENDING_IN_APP
qc_inspection,JIVO_OIL,1213,2026-07-21,GE-2026-6389,PM0000657,CARTON 1 LTR 16 PCS SANO,Carton Sano 1ltr X 16pcs,4110.000,PCS,SSY CONTAINERS PVT LTD,hold_hours_slip_to_QA_manager,0.99,hours,ACCEPTED,factory.jivo.in /quality-control/inspections/,VERIFIED,group=PM_PACKAGING; hold_to_chemist_h=0.99; grpo_state=PENDING_IN_APP
qc_inspection,JIVO_OIL,1214,2026-07-21,GE-2026-1543,RM0000025,SOYABEAN REFINED LOOSE OIL,Refined Soyben Rm0000025,39.880,MTS,AWL AGRI BUSINESS LIMITED,hold_hours_slip_to_QA_manager,4.23,hours,ACCEPTED,factory.jivo.in /quality-control/inspections/,VERIFIED,group=RM_BULK_OIL; hold_to_chemist_h=4.22; grpo_state=PENDING_IN_APP
qc_inspection,JIVO_OIL,1223,2026-07-21,GE-2026-5079,RM0000066,PEANUT OIL,Peanut_oil,40.980,MTS,DHANLAXMI EDIBLES PRIVATE LIMITED,hold_hours_slip_to_QA_manager,29.49,hours,ACCEPTED,factory.jivo.in /quality-control/inspections/,VERIFIED,group=RM_BULK_OIL; hold_to_chemist_h=29.48; grpo_state=PENDING_IN_APP
qc_inspection,JIVO_OIL,1208,2026-07-20,GE-2026-7448,PM0000660,TIN STRIP,Strapping Roll,1008.000,KGS,JOY PACK INDIA PVT LTD,hold_hours_slip_to_QA_manager,0.8,hours,ACCEPTED,factory.jivo.in /quality-control/inspections/,VERIFIED,group=PM_PACKAGING; hold_to_chemist_h=0.34; grpo_state=PENDING_IN_APP
qc_inspection,JIVO_OIL,1210,2026-07-20,GE-2026-6531,PM0000468,CAPS 5 LTR GREEN,Cap_5l_green,2160.000,PCS,A A ENTERPRISES,hold_hours_slip_to_QA_manager,1.88,hours,ACCEPTED,factory.jivo.in /quality-control/inspections/,VERIFIED,group=PM_PACKAGING; hold_to_chemist_h=1.71; grpo_state=PENDING_IN_APP
qc_inspection,JIVO_OIL,1209,2026-07-20,GE-2026-6531,PM0000053,HDPE BOTTLE 5 LTR,5 Ltr. Jerry Can,2160.000,PCS,A A ENTERPRISES,hold_hours_slip_to_QA_manager,1.68,hours,ACCEPTED,factory.jivo.in /quality-control/inspections/,VERIFIED,group=PM_PACKAGING; hold_to_chemist_h=1.67; grpo_state=PENDING_IN_APP
qc_inspection,JIVO_OIL,1207,2026-07-20,GE-2026-1095,RM0000003,MUSTARD LOOSE OIL,Mustard Oil,39.660,MTS,VAISHNODEVI AGRO RESOURCES PRIVATE LIMITED,hold_hours_slip_to_QA_manager,1.23,hours,ACCEPTED,factory.jivo.in /quality-control/inspections/,VERIFIED,group=RM_BULK_OIL; hold_to_chemist_h=1.23; grpo_state=PENDING_IN_APP
qc_inspection,JIVO_OIL,1205,2026-07-20,GE-2026-6002,PM0000056,PET BOTTLE 100 MLS BOTTLES,Pet Bottle 100ml,4830.000,PCS,ECHO PLAST INDIA,hold_hours_slip_to_QA_manager,0.87,hours,ACCEPTED,factory.jivo.in /quality-control/inspections/,VERIFIED,group=PM_PACKAGING; hold_to_chemist_h=0.86; grpo_state=PENDING_IN_APP
qc_inspection,JIVO_OIL,1204,2026-07-20,GE-2026-6002,PM0000468,CAPS 5 LTR GREEN,Cap_5l_green,3000.000,PCS,ECHO PLAST INDIA,hold_hours_slip_to_QA_manager,0.87,hours,ACCEPTED,factory.jivo.in /quality-control/inspections/,VERIFIED,group=PM_PACKAGING; hold_to_chemist_h=0.76; grpo_state=PENDING_IN_APP
qc_inspection,JIVO_OIL,1203,2026-07-20,GE-2026-6002,PM0000053,HDPE BOTTLE 5 LTR,5 Ltr. Jerry Can,2970.000,PCS,ECHO PLAST INDIA,hold_hours_slip_to_QA_manager,0.88,hours,ACCEPTED,factory.jivo.in /quality-control/inspections/,VERIFIED,group=PM_PACKAGING; hold_to_chemist_h=0.5; grpo_state=PENDING_IN_APP
qc_inspection,JIVO_OIL,1202,2026-07-20,GE-2026-3258,PM0000076,TIN 15 LTR,Tin 15 Kg,3678.000,PCS,HARYANA INDUSTRIAL COMPANY,hold_hours_slip_to_QA_manager,0.2,hours,ACCEPTED,factory.jivo.in /quality-control/inspections/,VERIFIED,group=PM_PACKAGING; hold_to_chemist_h=0.19; grpo_state=PENDING_IN_APP
qc_inspection,JIVO_OIL,1233,2026-07-20,GE-2026-4509,RM0000003,MUSTARD LOOSE OIL,Mustard Oil,38.380,MTS,AWL AGRI BUSINESS LIMITED,hold_hours_slip_to_QA_manager,56.57,hours,ACCEPTED,factory.jivo.in /quality-control/inspections/,VERIFIED,group=RM_BULK_OIL; hold_to_chemist_h=56.55; grpo_state=PENDING_IN_APP
qc_inspection,JIVO_OIL,1211,2026-07-20,GE-2026-3683,RM0000066,PEANUT OIL,Peanut_oil,41.575,MTS,DHANLAXMI EDIBLES PRIVATE LIMITED,hold_hours_slip_to_QA_manager,24.02,hours,ACCEPTED,factory.jivo.in /quality-control/inspections/,VERIFIED,group=RM_BULK_OIL; hold_to_chemist_h=23.93; grpo_state=PENDING_IN_APP
qc_inspection,JIVO_OIL,1201,2026-07-20,GE-2026-0516,RM0000025,SOYABEAN REFINED LOOSE OIL,Refined Soyben Rm0000025,40.230,MTS,VAISHNODEVI AGRO RESOURCES PRIVATE LIMITED,hold_hours_slip_to_QA_manager,0.4,hours,ACCEPTED,factory.jivo.in /quality-control/inspections/,VERIFIED,group=RM_BULK_OIL; hold_to_chemist_h=0.23; grpo_state=PENDING_IN_APP
qc_inspection,JIVO_OIL,1200,2026-07-20,GE-2026-5468,RM0000025,SOYABEAN REFINED LOOSE OIL,Refined Soyben Rm0000025,39.870,MTS,VAISHNODEVI AGRO RESOURCES PRIVATE LIMITED,hold_hours_slip_to_QA_manager,0.07,hours,ACCEPTED,factory.jivo.in /quality-control/inspections/,VERIFIED,group=RM_BULK_OIL; hold_to_chemist_h=0.06; grpo_state=PENDING_IN_APP
qc_inspection,JIVO_OIL,1198,2026-07-18,GE-2026-6913,PM0000056,PET BOTTLE 100 MLS BOTTLES,Pet Bottle 100ml,5635.000,PCS,ECHO PLAST INDIA,hold_hours_slip_to_QA_manager,2.66,hours,REJECTED,factory.jivo.in /quality-control/inspections/,VERIFIED,group=PM_PACKAGING; hold_to_chemist_h=2.15; grpo_state=NOT_IN_GRPO_QUEUE
qc_inspection,JIVO_OIL,1195,2026-07-18,GE-2026-3334,PM0000005,CARTON 1 LTR 12 POUCHES,Carton_1l_x_12_pcs_(pouch),3263.000,PCS,KUBER PAPER & PACK PRIVATE LIMITED AAJCK3867H0,hold_hours_slip_to_QA_manager,2.33,hours,ACCEPTED,factory.jivo.in /quality-control/inspections/,VERIFIED,group=PM_PACKAGING; hold_to_chemist_h=2.3; grpo_state=PENDING_IN_APP
qc_inspection,JIVO_OIL,1196,2026-07-17,GE-2026-2705,PM0000909,LABEL 500 ML CP GROUNDNUT BACK,Label 500ml Cp Groundnut Oil,28000.000,PCS,ROYAL PRIME LABELS,hold_hours_slip_to_QA_manager,22.46,hours,ACCEPTED,factory.jivo.in /quality-control/inspections/,VERIFIED,group=PM_PACKAGING; hold_to_chemist_h=22.38; grpo_state=NOT_IN_GRPO_QUEUE
qc_inspection,JIVO_OIL,1197,2026-07-17,GE-2026-2705,PM0000908,LABEL 500 ML CP GROUNDNUT FRONT,Pm0000908,28000.000,PCS,ROYAL PRIME LABELS,hold_hours_slip_to_QA_manager,22.45,hours,ACCEPTED,factory.jivo.in /quality-control/inspections/,VERIFIED,group=PM_PACKAGING; hold_to_chemist_h=22.4; grpo_state=NOT_IN_GRPO_QUEUE
qc_inspection,JIVO_OIL,1194,2026-07-17,GE-2026-0628,PM0000187,SHRINKS 3 LTR/4 LTR,Shrink_pouch_3/4l 385 X 325,7000.000,PCS,MULTILAYER INDUSTRIES,hold_hours_slip_to_QA_manager,0.69,hours,ACCEPTED,factory.jivo.in /quality-control/inspections/,VERIFIED,group=PM_PACKAGING; hold_to_chemist_h=0.69; grpo_state=PENDING_IN_APP
qc_inspection,JIVO_OIL,1191,2026-07-17,GE-2026-3218,RM0000025,SOYABEAN REFINED LOOSE OIL,Refined Soyben Rm0000025,39.120,MTS,VAISHNODEVI AGRO RESOURCES PRIVATE LIMITED,hold_hours_slip_to_QA_manager,4.03,hours,ACCEPTED,factory.jivo.in /quality-control/inspections/,VERIFIED,group=RM_BULK_OIL; hold_to_chemist_h=3.99; grpo_state=PENDING_IN_APP
qc_inspection,JIVO_OIL,1199,2026-07-17,GE-2026-7236,RM0000003,MUSTARD LOOSE OIL,Mustard Oil,38.880,MTS,AWL AGRI BUSINESS LIMITED,hold_hours_slip_to_QA_manager,30.0,hours,ACCEPTED,factory.jivo.in /quality-control/inspections/,VERIFIED,group=RM_BULK_OIL; hold_to_chemist_h=29.99; grpo_state=PENDING_IN_APP
qc_inspection,JIVO_OIL,1193,2026-07-17,GE-2026-6331,PM0000053,HDPE BOTTLE 5 LTR,5 Ltr. Jerry Can,3750.000,PCS,RAJ TECHNOPACK PVT LTD,hold_hours_slip_to_QA_manager,1.61,hours,REJECTED,factory.jivo.in /quality-control/inspections/,VERIFIED,group=PM_PACKAGING; hold_to_chemist_h=1.58; grpo_state=NOT_IN_GRPO_QUEUE
qc_inspection,JIVO_OIL,1192,2026-07-17,GE-2026-6331,PM0000469,CAPS 5 LTR BROWN,Cap 5l Brown,3750.000,PCS,RAJ TECHNOPACK PVT LTD,hold_hours_slip_to_QA_manager,1.63,hours,REJECTED,factory.jivo.in /quality-control/inspections/,VERIFIED,group=PM_PACKAGING; hold_to_chemist_h=1.5; grpo_state=NOT_IN_GRPO_QUEUE
qc_inspection,JIVO_OIL,1188,2026-07-16,GE-2026-8297,PM0000058,PET BOTTLE 200 MLS OLIVE OIL,Pet Bottle 200ml 16gm,52500.000,PCS,PARAMBA POLYMER,hold_hours_slip_to_QA_manager,0.29,hours,ACCEPTED,factory.jivo.in /quality-control/inspections/,VERIFIED,group=PM_PACKAGING; hold_to_chemist_h=0.11; grpo_state=PENDING_IN_APP
qc_inspection,JIVO_OIL,1190,2026-07-16,GE-2026-2912,RM0000066,PEANUT OIL,Peanut_oil,41.690,MTS,DHANLAXMI EDIBLES PRIVATE LIMITED,hold_hours_slip_to_QA_manager,29.06,hours,ACCEPTED,factory.jivo.in /quality-control/inspections/,VERIFIED,group=RM_BULK_OIL; hold_to_chemist_h=28.9; grpo_state=PENDING_IN_APP
qc_inspection,JIVO_OIL,1187,2026-07-16,GE-2026-3676,RM0000025,SOYABEAN REFINED LOOSE OIL,Refined Soyben Rm0000025,39.020,MTS,AWL AGRI BUSINESS LIMITED,hold_hours_slip_to_QA_manager,2.81,hours,ACCEPTED,factory.jivo.in /quality-control/inspections/,VERIFIED,group=RM_BULK_OIL; hold_to_chemist_h=2.3; grpo_state=PENDING_IN_APP
qc_inspection,JIVO_OIL,1189,2026-07-16,GE-2026-0388,RM0000025,SOYABEAN REFINED LOOSE OIL,Refined Soyben Rm0000025,39.080,MTS,AWL AGRI BUSINESS LIMITED,hold_hours_slip_to_QA_manager,6.03,hours,ACCEPTED,factory.jivo.in /quality-control/inspections/,VERIFIED,group=RM_BULK_OIL; hold_to_chemist_h=5.99; grpo_state=PENDING_IN_APP
qc_inspection,JIVO_OIL,1184,2026-07-15,GE-2026-3011,PM0000468,CAPS 5 LTR GREEN,Cap_5l_green,900.000,PCS,RAJ TECHNOPACK PVT LTD,hold_hours_slip_to_QA_manager,0.48,hours,ACCEPTED,factory.jivo.in /quality-control/inspections/,VERIFIED,group=PM_PACKAGING; hold_to_chemist_h=0.47; grpo_state=PENDING_IN_APP
qc_inspection,JIVO_OIL,1182,2026-07-15,GE-2026-3011,PM0000053,HDPE BOTTLE 5 LTR,5 Ltr. Jerry Can,2900.000,PCS,RAJ TECHNOPACK PVT LTD,hold_hours_slip_to_QA_manager,0.48,hours,ACCEPTED,factory.jivo.in /quality-control/inspections/,VERIFIED,group=PM_PACKAGING; hold_to_chemist_h=0.4; grpo_state=PENDING_IN_APP
qc_inspection,JIVO_OIL,1183,2026-07-15,GE-2026-3011,PM0000469,CAPS 5 LTR BROWN,Cap 5l Brown,2000.000,PCS,RAJ TECHNOPACK PVT LTD,hold_hours_slip_to_QA_manager,0.49,hours,ACCEPTED,factory.jivo.in /quality-control/inspections/,VERIFIED,group=PM_PACKAGING; hold_to_chemist_h=0.44; grpo_state=PENDING_IN_APP
qc_inspection,JIVO_OIL,1177,2026-07-15,GE-2026-8072,PM0000076,TIN 15 LTR,Tin 15 Kg,2451.000,PCS,NATIONAL TIN INDUSTRIES,hold_hours_slip_to_QA_manager,1.03,hours,ACCEPTED,factory.jivo.in /quality-control/inspections/,VERIFIED,group=PM_PACKAGING; hold_to_chemist_h=0.18; grpo_state=PENDING_IN_APP
qc_inspection,JIVO_OIL,1178,2026-07-15,GE-2026-8072,PM0000395,TIN 5 LTR POMACE OLIVE SANO,Printed Tin 5 Ltr,2244.000,PCS,NATIONAL TIN INDUSTRIES,hold_hours_slip_to_QA_manager,28.77,hours,ACCEPTED,factory.jivo.in /quality-control/inspections/,VERIFIED,group=PM_PACKAGING; hold_to_chemist_h=1.95; grpo_state=PENDING_IN_APP
qc_inspection,JIVO_OIL,1179,2026-07-15,GE-2026-7786,PM0000851,PET BOTTLE 1 LTR 26 GM,Pet_bottle_1_ltr_26gm,9828.000,PCS,TPAC PACKAGING INDIA PVT LTD II,hold_hours_slip_to_QA_manager,2.65,hours,ACCEPTED,factory.jivo.in /quality-control/inspections/,VERIFIED,group=PM_PACKAGING; hold_to_chemist_h=2.43; grpo_state=PENDING_IN_APP
qc_inspection,JIVO_OIL,1181,2026-07-15,GE-2026-7786,PM0000057,PET BOTTLE 2 LTR 66 GMS,Pet Bottle 2 Ltr 66 Gm,5550.000,PCS,TPAC PACKAGING INDIA PVT LTD II,hold_hours_slip_to_QA_manager,4.2,hours,ACCEPTED,factory.jivo.in /quality-control/inspections/,VERIFIED,group=PM_PACKAGING; hold_to_chemist_h=4.18; grpo_state=PENDING_IN_APP
qc_inspection,JIVO_OIL,1185,2026-07-15,GE-2026-7786,PM0000125,PET BOTTLE 500 MLS 34 GMS,Pet Bottle 500ml Olive Green,23040.000,PCS,TPAC PACKAGING INDIA PVT LTD,hold_hours_slip_to_QA_manager,6.16,hours,ACCEPTED,factory.jivo.in /quality-control/inspections/,VERIFIED,group=PM_PACKAGING; hold_to_chemist_h=6.15; grpo_state=PENDING_IN_APP
qc_inspection,JIVO_OIL,1176,2026-07-15,GE-2026-9959,PM0000003,CARTON 1 LTR POMACE 16 PCS,Carton1_liter_x_16pcs_(olive-pomace),6400.000,PCS,KUBER PAPER & PACK PRIVATE LIMITED AAJCK3867H0,hold_hours_slip_to_QA_manager,0.18,hours,ACCEPTED,factory.jivo.in /quality-control/inspections/,VERIFIED,group=PM_PACKAGING; hold_to_chemist_h=0.16; grpo_state=PENDING_IN_APP
qc_inspection,JIVO_OIL,1175,2026-07-15,GE-2026-9472,PM0000852,PREFORM 49.5 GMS 36 MM,Pet Preform 50 Gm,159000.000,PCS,FRYSTAL PET PRIVATE LIMITED,hold_hours_slip_to_QA_manager,0.34,hours,ACCEPTED,factory.jivo.in /quality-control/inspections/,VERIFIED,group=PM_PACKAGING; hold_to_chemist_h=0.33; grpo_state=PENDING_IN_APP
qc_inspection,JIVO_OIL,1173,2026-07-14,GE-2026-1362,PM0000468,CAPS 5 LTR GREEN,Cap_5l_green,2850.000,PCS,RAJ TECHNOPACK PVT LTD,hold_hours_slip_to_QA_manager,0.53,hours,ACCEPTED,factory.jivo.in /quality-control/inspections/,VERIFIED,group=PM_PACKAGING; hold_to_chemist_h=0.47; grpo_state=POSTED_VIA_APP
qc_inspection,JIVO_OIL,1172,2026-07-14,GE-2026-1362,PM0000053,HDPE BOTTLE 5 LTR,5 Ltr. Jerry Can,2850.000,PCS,RAJ TECHNOPACK PVT LTD,hold_hours_slip_to_QA_manager,0.54,hours,ACCEPTED,factory.jivo.in /quality-control/inspections/,VERIFIED,group=PM_PACKAGING; hold_to_chemist_h=0.42; grpo_state=POSTED_VIA_APP
qc_inspection,JIVO_OIL,1180,2026-07-14,GE-2026-2957,RM0000003,MUSTARD LOOSE OIL,Mustard Oil,40.680,MTS,VAISHNODEVI AGRO RESOURCES PRIVATE LIMITED,hold_hours_slip_to_QA_manager,23.79,hours,ACCEPTED,factory.jivo.in /quality-control/inspections/,VERIFIED,group=RM_BULK_OIL; hold_to_chemist_h=23.77; grpo_state=PENDING_IN_APP
qc_inspection,JIVO_OIL,1186,2026-07-14,GE-2026-5769,RM0000003,MUSTARD LOOSE OIL,Mustard Oil,40.060,MTS,AWL AGRI BUSINESS LIMITED,hold_hours_slip_to_QA_manager,43.52,hours,ACCEPTED,factory.jivo.in /quality-control/inspections/,VERIFIED,group=RM_BULK_OIL; hold_to_chemist_h=43.49; grpo_state=PENDING_IN_APP
qc_inspection,JIVO_OIL,1171,2026-07-14,GE-2026-5223,RM0000003,MUSTARD LOOSE OIL,Mustard Oil,38.900,MTS,AWL AGRI BUSINESS LIMITED,hold_hours_slip_to_QA_manager,1.08,hours,ACCEPTED,factory.jivo.in /quality-control/inspections/,VERIFIED,group=RM_BULK_OIL; hold_to_chemist_h=1.08; grpo_state=PENDING_IN_APP
qc_inspection,JIVO_OIL,1170,2026-07-14,GE-2026-6981,PM0000522,LABEL 1 LTR RICE BRAN OIL FRONT,Label Rice Bran 1 Ltr.,38200.000,PCS,CORE PACKAGING,hold_hours_slip_to_QA_manager,0.57,hours,ACCEPTED,factory.jivo.in /quality-control/inspections/,VERIFIED,group=PM_PACKAGING; hold_to_chemist_h=0.56; grpo_state=PENDING_IN_APP
qc_inspection,JIVO_OIL,1169,2026-07-14,GE-2026-6981,PM0000523,LABEL 1 LTR RICE BRAN OIL BACK,Label Rice Bran 1 Ltr.,38200.000,PCS,CORE PACKAGING,hold_hours_slip_to_QA_manager,0.56,hours,ACCEPTED,factory.jivo.in /quality-control/inspections/,VERIFIED,group=PM_PACKAGING; hold_to_chemist_h=0.54; grpo_state=PENDING_IN_APP
qc_inspection,JIVO_OIL,1167,2026-07-14,GE-2026-1017,PM0000094,SHRINKS 5 LTR 340X415 5 LTR SINGAL PCS,Shrink 5ltr 340x415,27500.000,PCS,MULTILAYER INDUSTRIES,hold_hours_slip_to_QA_manager,0.6,hours,ACCEPTED,factory.jivo.in /quality-control/inspections/,VERIFIED,group=PM_PACKAGING; hold_to_chemist_h=0.55; grpo_state=POSTED_VIA_APP
qc_inspection,JIVO_OIL,1168,2026-07-14,GE-2026-1017,PM0000187,SHRINKS 3 LTR/4 LTR,Shrink_pouch_3/4l 385 X 325,8000.000,PCS,MULTILAYER INDUSTRIES,hold_hours_slip_to_QA_manager,0.6,hours,ACCEPTED,factory.jivo.in /quality-control/inspections/,VERIFIED,group=PM_PACKAGING; hold_to_chemist_h=0.59; grpo_state=POSTED_VIA_APP
qc_inspection,JIVO_OIL,1166,2026-07-14,GE-2026-1879,PM0000082,CARTON 5 LTR OLIVE 4 PCS,Carton_5_liter_x_4_pcs(canola/olive),1455.000,PCS,SSY CONTAINERS PVT LTD,hold_hours_slip_to_QA_manager,3.11,hours,ACCEPTED,factory.jivo.in /quality-control/inspections/,VERIFIED,group=PM_PACKAGING; hold_to_chemist_h=3.1; grpo_state=PENDING_IN_APP
qc_inspection,JIVO_OIL,1165,2026-07-14,GE-2026-1879,PM0000013,CARTON 5 LTR 4 PCS,Carton_5l_x_4_pcs_canola_(450x257x325),2718.000,PCS,SSY CONTAINERS PVT LTD,hold_hours_slip_to_QA_manager,0.71,hours,ACCEPTED,factory.jivo.in /quality-control/inspections/,VERIFIED,group=PM_PACKAGING; hold_to_chemist_h=0.42; grpo_state=PENDING_IN_APP
qc_inspection,JIVO_OIL,,2026-07-14,GE-2026-9799,RM0000013,POMACE OLIVE LOOSE OIL IMPORTED,,21.240,MTS,MIGASA ACEITES S L U,hold_hours_slip_to_QA_manager,,hours,NOT_STARTED,factory.jivo.in /quality-control/inspections/,VERIFIED,group=RM_BULK_OIL; hold_to_chemist_h=; grpo_state=NOT_IN_GRPO_QUEUE
qc_inspection,JIVO_OIL,,2026-07-14,GE-2026-9799,RM0000013,POMACE OLIVE LOOSE OIL IMPORTED,,22.000,MTS,MIGASA ACEITES S L U,hold_hours_slip_to_QA_manager,,hours,NOT_STARTED,factory.jivo.in /quality-control/inspections/,VERIFIED,group=RM_BULK_OIL; hold_to_chemist_h=; grpo_state=NOT_IN_GRPO_QUEUE
qc_inspection,JIVO_OIL,1164,2026-07-14,GE-2026-7168,RM0000025,SOYABEAN REFINED LOOSE OIL,Refined Soyben Rm0000025,40.290,MTS,VAISHNODEVI AGRO RESOURCES PRIVATE LIMITED,hold_hours_slip_to_QA_manager,0.9,hours,ACCEPTED,factory.jivo.in /quality-control/inspections/,VERIFIED,group=RM_BULK_OIL; hold_to_chemist_h=0.89; grpo_state=PENDING_IN_APP
qc_inspection,JIVO_OIL,1150,2026-07-13,GE-2026-9111,PM0000468,CAPS 5 LTR GREEN,Cap_5l_green,2700.000,PCS,RAJ TECHNOPACK PVT LTD,hold_hours_slip_to_QA_manager,0.51,hours,ACCEPTED,factory.jivo.in /quality-control/inspections/,VERIFIED,group=PM_PACKAGING; hold_to_chemist_h=0.5; grpo_state=POSTED_VIA_APP
qc_inspection,JIVO_OIL,1149,2026-07-13,GE-2026-9111,PM0000053,HDPE BOTTLE 5 LTR,5 Ltr. Jerry Can,3750.000,PCS,RAJ TECHNOPACK PVT LTD,hold_hours_slip_to_QA_manager,0.51,hours,ACCEPTED,factory.jivo.in /quality-control/inspections/,VERIFIED,group=PM_PACKAGING; hold_to_chemist_h=0.47; grpo_state=POSTED_VIA_APP
qc_inspection,JIVO_OIL,1153,2026-07-13,GE-2026-9111,PM0000469,CAPS 5 LTR BROWN,Cap 5l Brown,1050.000,PCS,RAJ TECHNOPACK PVT LTD,hold_hours_slip_to_QA_manager,0.95,hours,ACCEPTED,factory.jivo.in /quality-control/inspections/,VERIFIED,group=PM_PACKAGING; hold_to_chemist_h=0.95; grpo_state=POSTED_VIA_APP
qc_inspection,JIVO_OIL,1158,2026-07-13,GE-2026-6696,PM0000126,LABEL 500 MLS COLD PRESS FRONT,Label Cp Canola 500ml,29000.000,PCS,ROYAL PRIME LABELS,hold_hours_slip_to_QA_manager,2.34,hours,ACCEPTED,factory.jivo.in /quality-control/inspections/,VERIFIED,group=PM_PACKAGING; hold_to_chemist_h=2.13; grpo_state=NOT_IN_GRPO_QUEUE
qc_inspection,JIVO_OIL,1159,2026-07-13,GE-2026-6696,PM0000127,LABEL 500 MLS COLD PRESS BACK,Label Cp Canola 500ml,29000.000,PCS,ROYAL PRIME LABELS,hold_hours_slip_to_QA_manager,18.33,hours,ACCEPTED,factory.jivo.in /quality-control/inspections/,VERIFIED,group=PM_PACKAGING; hold_to_chemist_h=2.14; grpo_state=NOT_IN_GRPO_QUEUE
qc_inspection,JIVO_OIL,1160,2026-07-13,GE-2026-6696,PM0000911,LABEL 500 ML FP SESAME OIL BACK,Label F P Sesame Oil,27500.000,PCS,ROYAL PRIME LABELS,hold_hours_slip_to_QA_manager,18.33,hours,ACCEPTED,factory.jivo.in /quality-control/inspections/,VERIFIED,group=PM_PACKAGING; hold_to_chemist_h=2.11; grpo_state=NOT_IN_GRPO_QUEUE
qc_inspection,JIVO_OIL,1161,2026-07-13,GE-2026-6696,PM0000910,LABEL 500 ML FP SESAME OIL FRONT,Label F P Sesame Oil,27500.000,PCS,ROYAL PRIME LABELS,hold_hours_slip_to_QA_manager,18.36,hours,ACCEPTED,factory.jivo.in /quality-control/inspections/,VERIFIED,group=PM_PACKAGING; hold_to_chemist_h=2.1; grpo_state=NOT_IN_GRPO_QUEUE
qc_inspection,JIVO_OIL,1157,2026-07-13,GE-2026-6696,PM0000048,LABEL 5 LTR KACHCHI GHANI FRONT,Cold Press Canola 5 L/ 5 L Soyabean,35500.000,PCS,ROYAL PRIME LABELS,hold_hours_slip_to_QA_manager,18.38,hours,ACCEPTED,factory.jivo.in /quality-control/inspections/,VERIFIED,group=PM_PACKAGING; hold_to_chemist_h=2.33; grpo_state=NOT_IN_GRPO_QUEUE
qc_inspection,JIVO_OIL,1156,2026-07-13,GE-2026-6696,PM0000047,LABEL 5 LTR KACHCHI GHANI BACK,Cold Press Canola 5 L/ 5 L Soyabean,35500.000,PCS,ROYAL PRIME LABELS,hold_hours_slip_to_QA_manager,18.42,hours,ACCEPTED,factory.jivo.in /quality-control/inspections/,VERIFIED,group=PM_PACKAGING; hold_to_chemist_h=18.4; grpo_state=NOT_IN_GRPO_QUEUE
qc_inspection,JIVO_OIL,1155,2026-07-13,GE-2026-6696,PM0000230,LABEL 1 LTR SUNFLOWER FRONT,Label_cp_sunflower_1l_front,103000.000,PCS,ROYAL PRIME LABELS,hold_hours_slip_to_QA_manager,1.22,hours,ACCEPTED,factory.jivo.in /quality-control/inspections/,VERIFIED,group=PM_PACKAGING; hold_to_chemist_h=1.21; grpo_state=NOT_IN_GRPO_QUEUE
qc_inspection,JIVO_OIL,1154,2026-07-13,GE-2026-6696,PM0000231,LABEL 1 LTR SUNFLOWER BACK,Label_cp_sunflower_1l_back,103000.000,PCS,ROYAL PRIME LABELS,hold_hours_slip_to_QA_manager,1.18,hours,ACCEPTED,factory.jivo.in /quality-control/inspections/,VERIFIED,group=PM_PACKAGING; hold_to_chemist_h=1.17; grpo_state=NOT_IN_GRPO_QUEUE
qc_inspection,JIVO_OIL,1162,2026-07-13,GE-2026-6696,PM0000158,LABEL 1 LTR EXTRA VIRGIN FRONT,Label Ev Olive Oil 1l Front,33000.000,PCS,ROYAL PRIME LABELS,hold_hours_slip_to_QA_manager,500.16,hours,ACCEPTED,factory.jivo.in /quality-control/inspections/,VERIFIED,group=PM_PACKAGING; hold_to_chemist_h=25.97; grpo_state=NOT_IN_GRPO_QUEUE
qc_inspection,JIVO_OIL,1163,2026-07-13,GE-2026-6696,PM0000159,LABEL 1 LTR EXTRA VIRGIN BACK,Label_ev_olive_oil_1l_back,33000.000,PCS,ROYAL PRIME LABELS,hold_hours_slip_to_QA_manager,500.15,hours,ACCEPTED,factory.jivo.in /quality-control/inspections/,VERIFIED,group=PM_PACKAGING; hold_to_chemist_h=26.01; grpo_state=NOT_IN_GRPO_QUEUE
qc_inspection,JIVO_OIL,1152,2026-07-13,GE-2026-6696,PM0000015,LABEL 1 LTR COLD PRESS FRONT,Label_canola_oil_1l_front,150000.000,PCS,ROYAL PRIME LABELS,hold_hours_slip_to_QA_manager,1.05,hours,ACCEPTED,factory.jivo.in /quality-control/inspections/,VERIFIED,group=PM_PACKAGING; hold_to_chemist_h=1.05; grpo_state=NOT_IN_GRPO_QUEUE
qc_inspection,JIVO_OIL,1151,2026-07-13,GE-2026-6696,PM0000014,LABEL 1 LTR COLD PRESS BACK 8181,Label_cp_canola_1l_back,100000.000,PCS,ROYAL PRIME LABELS,hold_hours_slip_to_QA_manager,1.05,hours,ACCEPTED,factory.jivo.in /quality-control/inspections/,VERIFIED,group=PM_PACKAGING; hold_to_chemist_h=1.0; grpo_state=NOT_IN_GRPO_QUEUE
qc_inspection,JIVO_OIL,1148,2026-07-13,GE-2026-6633,PM0000884,SHRINK POF ROLL KG,Shrink Film 17x20 Micron,955.000,KGS,JOY PACK INDIA PVT LTD,hold_hours_slip_to_QA_manager,0.59,hours,ACCEPTED,factory.jivo.in /quality-control/inspections/,VERIFIED,group=PM_PACKAGING; hold_to_chemist_h=0.26; grpo_state=PENDING_IN_APP
qc_inspection,JIVO_OIL,1145,2026-07-13,GE-2026-2586,PM0000085,CAPS 1 OR 2 LTR WHITE AND YELLOW WITH LOGO,Cap_yellow_white_1ltr._&_2_ltr.,126000.000,PCS,BABAJI UDYOG PVT. LTD.,hold_hours_slip_to_QA_manager,0.21,hours,ACCEPTED,factory.jivo.in /quality-control/inspections/,VERIFIED,group=PM_PACKAGING; hold_to_chemist_h=0.2; grpo_state=POSTED_VIA_APP
qc_inspection,JIVO_OIL,1143,2026-07-13,GE-2026-9028,PM0000468,CAPS 5 LTR GREEN,Cap_5l_green,3300.000,PCS,ECHO PLAST INDIA,hold_hours_slip_to_QA_manager,2.09,hours,ACCEPTED,factory.jivo.in /quality-control/inspections/,VERIFIED,group=PM_PACKAGING; hold_to_chemist_h=2.01; grpo_state=PENDING_IN_APP
qc_inspection,JIVO_OIL,1142,2026-07-13,GE-2026-9028,PM0000053,HDPE BOTTLE 5 LTR,5 Ltr. Jerry Can,3300.000,PCS,ECHO PLAST INDIA,hold_hours_slip_to_QA_manager,75.61,hours,ACCEPTED,factory.jivo.in /quality-control/inspections/,VERIFIED,group=PM_PACKAGING; hold_to_chemist_h=1.97; grpo_state=PENDING_IN_APP
qc_inspection,JIVO_OIL,1140,2026-07-13,GE-2026-3806,PM0000057,PET BOTTLE 2 LTR 66 GMS,Pet Bottle 2 Ltr 66 Gm,12950.000,PCS,TPAC PACKAGING INDIA PVT LTD II,hold_hours_slip_to_QA_manager,0.77,hours,ACCEPTED,factory.jivo.in /quality-control/inspections/,VERIFIED,group=PM_PACKAGING; hold_to_chemist_h=0.39; grpo_state=POSTED_VIA_APP
qc_inspection,JIVO_OIL,1144,2026-07-13,GE-2026-3806,PM0000125,PET BOTTLE 500 MLS 34 GMS,Pet Bottle 500ml Olive Green,22464.000,PCS,TPAC PACKAGING INDIA PVT LTD,hold_hours_slip_to_QA_manager,6.27,hours,ACCEPTED,factory.jivo.in /quality-control/inspections/,VERIFIED,group=PM_PACKAGING; hold_to_chemist_h=5.21; grpo_state=POSTED_VIA_APP
qc_inspection,JIVO_OIL,1139,2026-07-13,GE-2026-3022,PM0000058,PET BOTTLE 200 MLS OLIVE OIL,Pet Bottle 200ml 16gm,19380.000,PCS,PARAMBA POLYMER,hold_hours_slip_to_QA_manager,0.48,hours,ACCEPTED,factory.jivo.in /quality-control/inspections/,VERIFIED,group=PM_PACKAGING; hold_to_chemist_h=0.46; grpo_state=POSTED_VIA_APP
qc_inspection,JIVO_OIL,1137,2026-07-11,GE-2026-4511,PM0000722,CARTON 1 LTR 20 PCS PET 75 GM,Carton 1ltr 20 Pcs75 Gm,1580.000,PCS,SSY CONTAINERS PVT LTD,hold_hours_slip_to_QA_manager,40.04,hours,ACCEPTED,factory.jivo.in /quality-control/inspections/,VERIFIED,group=PM_PACKAGING; hold_to_chemist_h=0.2; grpo_state=POSTED_VIA_APP
qc_inspection,JIVO_OIL,1138,2026-07-11,GE-2026-4511,PM0000629,CARTON TIN TOP,Carton Tin Collar,5300.000,PCS,SSY CONTAINERS PVT LTD,hold_hours_slip_to_QA_manager,20.43,hours,ACCEPTED,factory.jivo.in /quality-control/inspections/,VERIFIED,group=PM_PACKAGING; hold_to_chemist_h=18.14; grpo_state=POSTED_VIA_APP
qc_inspection,JIVO_OIL,1136,2026-07-11,GE-2026-4511,PM0000013,CARTON 5 LTR 4 PCS,Carton_5l_x_4_pcs_canola_(450x257x325),6910.000,PCS,SSY CONTAINERS PVT LTD,hold_hours_slip_to_QA_manager,0.15,hours,ACCEPTED,factory.jivo.in /quality-control/inspections/,VERIFIED,group=PM_PACKAGING; hold_to_chemist_h=0.14; grpo_state=POSTED_VIA_APP
qc_inspection,JIVO_OIL,1135,2026-07-11,GE-2026-0982,PM0000824,LABEL 1 LTR KACHI GHANI FULL,Label_jivo_mustard_kg_full (1l Round),172000.000,PCS,ZENBI INTERNATIONAL PRIVATE LIMITED,hold_hours_slip_to_QA_manager,4.13,hours,ACCEPTED,factory.jivo.in /quality-control/inspections/,VERIFIED,group=PM_PACKAGING; hold_to_chemist_h=4.04; grpo_state=POSTED_VIA_APP
qc_inspection,JIVO_OIL,1133,2026-07-11,GE-2026-0982,PM0000020,LABEL 1 LTR KACHCHI GHANI FRONT,Label_cp_kg_mustard_1l_front,210000.000,PCS,ZENBI INTERNATIONAL PRIVATE LIMITED,hold_hours_slip_to_QA_manager,4.15,hours,ACCEPTED,factory.jivo.in /quality-control/inspections/,VERIFIED,group=PM_PACKAGING; hold_to_chemist_h=3.96; grpo_state=POSTED_VIA_APP
qc_inspection,JIVO_OIL,1134,2026-07-11,GE-2026-0982,PM0000019,LABEL 1 LTR KACHCHI GHANI BACK,Label_cp_kg_mustard_1l_back,210000.000,PCS,ZENBI INTERNATIONAL PRIVATE LIMITED,hold_hours_slip_to_QA_manager,4.17,hours,ACCEPTED,factory.jivo.in /quality-control/inspections/,VERIFIED,group=PM_PACKAGING; hold_to_chemist_h=4.0; grpo_state=POSTED_VIA_APP
qc_inspection,JIVO_OIL,1131,2026-07-11,GE-2026-8672,PM0000058,PET BOTTLE 200 MLS OLIVE OIL,Pet Bottle 200ml 16gm,19380.000,PCS,PARAMBA POLYMER,hold_hours_slip_to_QA_manager,1.78,hours,ACCEPTED,factory.jivo.in /quality-control/inspections/,VERIFIED,group=PM_PACKAGING; hold_to_chemist_h=1.77; grpo_state=POSTED_VIA_APP
qc_inspection,JIVO_OIL,1124,2026-07-11,GE-2026-1703,PM0000076,TIN 15 LTR,Tin 15 Kg,2810.000,PCS,HARYANA GENERAL INDUSTRIES,hold_hours_slip_to_QA_manager,0.67,hours,ACCEPTED,factory.jivo.in /quality-control/inspections/,VERIFIED,group=PM_PACKAGING; hold_to_chemist_h=0.66; grpo_state=POSTED_VIA_APP
qc_inspection,JIVO_OIL,1112,2026-07-10,GE-2026-3143,PM0000427,LABEL 5 LTR GROUNDNUT FRONT,Label 5ltr Groundnut Oil,21800.000,PCS,ROYAL PRIME LABELS,hold_hours_slip_to_QA_manager,17.83,hours,ACCEPTED,factory.jivo.in /quality-control/inspections/,VERIFIED,group=PM_PACKAGING; hold_to_chemist_h=16.74; grpo_state=PENDING_IN_APP
qc_inspection,JIVO_OIL,1113,2026-07-10,GE-2026-3143,PM0000428,LABEL 5 LTR GROUNDNUT BACK,Label 5ltr Groundnut Oil,21800.000,PCS,ROYAL PRIME LABELS,hold_hours_slip_to_QA_manager,17.83,hours,ACCEPTED,factory.jivo.in /quality-control/inspections/,VERIFIED,group=PM_PACKAGING; hold_to_chemist_h=16.75; grpo_state=PENDING_IN_APP
qc_inspection,JIVO_OIL,1114,2026-07-10,GE-2026-3143,PM0000386,LABEL 1 LTR POMACE FRONT SANO,Label Sano Pomace Olive 1ltr,42500.000,PCS,ROYAL PRIME LABELS,hold_hours_slip_to_QA_manager,17.83,hours,ACCEPTED,factory.jivo.in /quality-control/inspections/,VERIFIED,group=PM_PACKAGING; hold_to_chemist_h=16.75; grpo_state=PENDING_IN_APP
qc_inspection,JIVO_OIL,1115,2026-07-10,GE-2026-3143,PM0000385,LABEL 1 LTR POMACE BACK SANO,Label Sano Pomace Olive 1ltr,42500.000,PCS,ROYAL PRIME LABELS,hold_hours_slip_to_QA_manager,17.83,hours,ACCEPTED,factory.jivo.in /quality-control/inspections/,VERIFIED,group=PM_PACKAGING; hold_to_chemist_h=16.76; grpo_state=PENDING_IN_APP
qc_inspection,JIVO_OIL,1116,2026-07-10,GE-2026-3143,PM0000425,LABEL 1 LTR GROUNDNUT FRONT,Label 1ltr Cp Groundnut,56200.000,PCS,ROYAL PRIME LABELS,hold_hours_slip_to_QA_manager,17.81,hours,ACCEPTED,factory.jivo.in /quality-control/inspections/,VERIFIED,group=PM_PACKAGING; hold_to_chemist_h=16.78; grpo_state=PENDING_IN_APP
qc_inspection,JIVO_OIL,1117,2026-07-10,GE-2026-3143,PM0000426,LABEL 1 LTR GROUNDNUT BACK,Label 1ltr Cp Groundnut,56200.000,PCS,ROYAL PRIME LABELS,hold_hours_slip_to_QA_manager,17.81,hours,ACCEPTED,factory.jivo.in /quality-control/inspections/,VERIFIED,group=PM_PACKAGING; hold_to_chemist_h=16.78; grpo_state=PENDING_IN_APP
qc_inspection,JIVO_OIL,1118,2026-07-10,GE-2026-3143,PM0000018,LABEL 1 LTR EXTRA LIGHT FRONT,Label E L Olive 1ltr,55000.000,PCS,ROYAL PRIME LABELS,hold_hours_slip_to_QA_manager,17.81,hours,ACCEPTED,factory.jivo.in /quality-control/inspections/,VERIFIED,group=PM_PACKAGING; hold_to_chemist_h=16.82; grpo_state=PENDING_IN_APP
qc_inspection,JIVO_OIL,1119,2026-07-10,GE-2026-3143,PM0000017,LABEL 1 LTR EXTRA LIGHT BACK,Label E L Olive 1ltr,55000.000,PCS,ROYAL PRIME LABELS,hold_hours_slip_to_QA_manager,17.81,hours,ACCEPTED,factory.jivo.in /quality-control/inspections/,VERIFIED,group=PM_PACKAGING; hold_to_chemist_h=16.83; grpo_state=PENDING_IN_APP
qc_inspection,JIVO_OIL,1125,2026-07-10,GE-2026-3143,PM0000907,LABEL 500 ML CP SUNFLOWER BACK,Label C P Sunflower 500ml,28000.000,PCS,ROYAL PRIME LABELS,hold_hours_slip_to_QA_manager,65.42,hours,ACCEPTED,factory.jivo.in /quality-control/inspections/,VERIFIED,group=PM_PACKAGING; hold_to_chemist_h=65.14; grpo_state=PENDING_IN_APP
qc_inspection,JIVO_OIL,1126,2026-07-10,GE-2026-3143,PM0000906,LABEL 500 ML CP SUNFLOWER FRONT,Label C P Sunflower 500ml,28000.000,PCS,ROYAL PRIME LABELS,hold_hours_slip_to_QA_manager,65.43,hours,ACCEPTED,factory.jivo.in /quality-control/inspections/,VERIFIED,group=PM_PACKAGING; hold_to_chemist_h=65.15; grpo_state=PENDING_IN_APP
qc_inspection,JIVO_OIL,1127,2026-07-10,GE-2026-3143,PM0000905,LABEL 500 ML CP KACHI GHANI BACK,Label Kg Mustard 500ml,27000.000,PCS,ROYAL PRIME LABELS,hold_hours_slip_to_QA_manager,65.43,hours,ACCEPTED,factory.jivo.in /quality-control/inspections/,VERIFIED,group=PM_PACKAGING; hold_to_chemist_h=65.16; grpo_state=PENDING_IN_APP
qc_inspection,JIVO_OIL,1128,2026-07-10,GE-2026-3143,PM0000904,LABEL 500 ML CP KACHI GHANI FRONT,Label Kg Mustard 500ml,27000.000,PCS,ROYAL PRIME LABELS,hold_hours_slip_to_QA_manager,65.44,hours,ACCEPTED,factory.jivo.in /quality-control/inspections/,VERIFIED,group=PM_PACKAGING; hold_to_chemist_h=65.17; grpo_state=PENDING_IN_APP
qc_inspection,JIVO_OIL,1129,2026-07-10,GE-2026-3143,PM0000903,LABEL 200 ML CP SUNFLOWER BACK,Label 200ml Sunflower,29500.000,PCS,ROYAL PRIME LABELS,hold_hours_slip_to_QA_manager,65.45,hours,ACCEPTED,factory.jivo.in /quality-control/inspections/,VERIFIED,group=PM_PACKAGING; hold_to_chemist_h=65.17; grpo_state=PENDING_IN_APP
qc_inspection,JIVO_OIL,1130,2026-07-10,GE-2026-3143,PM0000902,LABEL 200 ML CP SUNFLOWER FRONT,Label 200ml Sunflower,29500.000,PCS,ROYAL PRIME LABELS,hold_hours_slip_to_QA_manager,65.48,hours,ACCEPTED,factory.jivo.in /quality-control/inspections/,VERIFIED,group=PM_PACKAGING; hold_to_chemist_h=65.18; grpo_state=PENDING_IN_APP
qc_inspection,JIVO_OIL,1123,2026-07-10,GE-2026-3143,PM0000419,LABEL 200 MLS EXTRA VIRGIN OLIVE OIL FRONT,Label 200ml E V,29500.000,PCS,ROYAL PRIME LABELS,hold_hours_slip_to_QA_manager,65.47,hours,ACCEPTED,factory.jivo.in /quality-control/inspections/,VERIFIED,group=PM_PACKAGING; hold_to_chemist_h=15.99; grpo_state=PENDING_IN_APP
qc_inspection,JIVO_OIL,1122,2026-07-10,GE-2026-3143,PM0000420,LABEL 200 MLS EXTRA VIRGIN OLIVE OIL BACK,Label 200ml E V,29500.000,PCS,ROYAL PRIME LABELS,hold_hours_slip_to_QA_manager,65.49,hours,ACCEPTED,factory.jivo.in /quality-control/inspections/,VERIFIED,group=PM_PACKAGING; hold_to_chemist_h=15.98; grpo_state=PENDING_IN_APP
qc_inspection,JIVO_OIL,1146,2026-07-10,GE-2026-3143,PM0000866,LABEL 200 ML CP GROUNDNUT OIL FRONT,Label Cp Groundnut 200ml,104800.000,PCS,ROYAL PRIME LABELS,hold_hours_slip_to_QA_manager,90.75,hours,ACCEPTED,factory.jivo.in /quality-control/inspections/,VERIFIED,group=PM_PACKAGING; hold_to_chemist_h=70.4; grpo_state=PENDING_IN_APP
qc_inspection,JIVO_OIL,1147,2026-07-10,GE-2026-3143,PM0000865,LABEL 200 ML CP GROUNDNUT OIL BACK,Label Cp Groundnut 200ml,104800.000,PCS,ROYAL PRIME LABELS,hold_hours_slip_to_QA_manager,90.76,hours,ACCEPTED,factory.jivo.in /quality-control/inspections/,VERIFIED,group=PM_PACKAGING; hold_to_chemist_h=70.48; grpo_state=PENDING_IN_APP
qc_inspection,JIVO_OIL,1121,2026-07-10,GE-2026-3143,PM0000901,LABEL 200 ML CP KACHI GHANI BACK,Label Cp Kg Mustard 200ml,111000.000,PCS,ROYAL PRIME LABELS,hold_hours_slip_to_QA_manager,15.71,hours,ACCEPTED,factory.jivo.in /quality-control/inspections/,VERIFIED,group=PM_PACKAGING; hold_to_chemist_h=15.7; grpo_state=PENDING_IN_APP
qc_inspection,JIVO_OIL,1120,2026-07-10,GE-2026-3143,PM0000900,LABEL 200 ML CP KACHI GHANI FRONT,Label Cp Kg Mustard 200ml,111000.000,PCS,ROYAL PRIME LABELS,hold_hours_slip_to_QA_manager,15.71,hours,ACCEPTED,factory.jivo.in /quality-control/inspections/,VERIFIED,group=PM_PACKAGING; hold_to_chemist_h=15.68; grpo_state=PENDING_IN_APP
qc_inspection,JIVO_OIL,1110,2026-07-10,GE-2026-4342,PM0000194,PET BOTTLE 1 LTR 40 GMS,Pet_bottle_1ltr_40gm,11544.000,PCS,TPAC PACKAGING INDIA PVT LTD,hold_hours_slip_to_QA_manager,3.24,hours,ACCEPTED,factory.jivo.in /quality-control/inspections/,VERIFIED,group=PM_PACKAGING; hold_to_chemist_h=3.13; grpo_state=POSTED_VIA_APP
qc_inspection,JIVO_OIL,1111,2026-07-10,GE-2026-4342,PM0000125,PET BOTTLE 500 MLS 34 GMS,Pet Bottle 500ml Olive Green,12240.000,PCS,TPAC PACKAGING INDIA PVT LTD II,hold_hours_slip_to_QA_manager,3.24,hours,ACCEPTED,factory.jivo.in /quality-control/inspections/,VERIFIED,group=PM_PACKAGING; hold_to_chemist_h=3.22; grpo_state=POSTED_VIA_APP
qc_inspection,JIVO_OIL,1106,2026-07-10,GE-2026-4342,PM0000851,PET BOTTLE 1 LTR 26 GM,Pet_bottle_1_ltr_26gm,10218.000,PCS,TPAC PACKAGING INDIA PVT LTD II,hold_hours_slip_to_QA_manager,0.85,hours,ACCEPTED,factory.jivo.in /quality-control/inspections/,VERIFIED,group=PM_PACKAGING; hold_to_chemist_h=0.19; grpo_state=POSTED_VIA_APP
qc_inspection,JIVO_OIL,1108,2026-07-10,GE-2026-1420,PM0000468,CAPS 5 LTR GREEN,Cap_5l_green,2115.000,PCS,ECHO PLAST INDIA,hold_hours_slip_to_QA_manager,1.13,hours,REJECTED,factory.jivo.in /quality-control/inspections/,VERIFIED,group=PM_PACKAGING; hold_to_chemist_h=0.97; grpo_state=NOT_IN_GRPO_QUEUE
qc_inspection,JIVO_OIL,1107,2026-07-10,GE-2026-1420,PM0000053,HDPE BOTTLE 5 LTR,5 Ltr. Jerry Can,2115.000,PCS,ECHO PLAST INDIA,hold_hours_slip_to_QA_manager,1.14,hours,REJECTED,factory.jivo.in /quality-control/inspections/,VERIFIED,group=PM_PACKAGING; hold_to_chemist_h=1.01; grpo_state=NOT_IN_GRPO_QUEUE
qc_inspection,JIVO_OIL,1104,2026-07-10,GE-2026-2737,PM0000053,HDPE BOTTLE 5 LTR,5 Ltr. Jerry Can,4350.000,PCS,RAJ TECHNOPACK PVT LTD,hold_hours_slip_to_QA_manager,0.94,hours,ACCEPTED,factory.jivo.in /quality-control/inspections/,VERIFIED,group=PM_PACKAGING; hold_to_chemist_h=0.52; grpo_state=POSTED_VIA_APP
qc_inspection,JIVO_OIL,1105,2026-07-10,GE-2026-2737,PM0000469,CAPS 5 LTR BROWN,Cap 5l Brown,4350.000,PCS,RAJ TECHNOPACK PVT LTD,hold_hours_slip_to_QA_manager,0.87,hours,ACCEPTED,factory.jivo.in /quality-control/inspections/,VERIFIED,group=PM_PACKAGING; hold_to_chemist_h=0.72; grpo_state=POSTED_VIA_APP
qc_inspection,JIVO_OIL,1096,2026-07-09,GE-2026-5318,PM0000006,CARTON 1 LTR 20 PCS PET 40 GM,1 Liter X 20 Pcs (o),3520.000,PCS,KUBER PAPER & PACK PRIVATE LIMITED AAJCK3867H0,hold_hours_slip_to_QA_manager,0.91,hours,ACCEPTED,factory.jivo.in /quality-control/inspections/,VERIFIED,group=PM_PACKAGING; hold_to_chemist_h=0.9; grpo_state=POSTED_VIA_APP
qc_inspection,JIVO_OIL,1095,2026-07-09,GE-2026-5318,PM0000003,CARTON 1 LTR POMACE 16 PCS,Carton1_liter_x_16pcs_(olive-pomace),3358.000,PCS,KUBER PAPER & PACK PRIVATE LIMITED AAJCK3867H0,hold_hours_slip_to_QA_manager,0.91,hours,ACCEPTED,factory.jivo.in /quality-control/inspections/,VERIFIED,group=PM_PACKAGING; hold_to_chemist_h=0.83; grpo_state=POSTED_VIA_APP
qc_inspection,JIVO_OIL,1094,2026-07-09,GE-2026-5318,PM0000013,CARTON 5 LTR 4 PCS,Carton_5l_x_4_pcs_canola_(450x257x325),180.000,PCS,KUBER PAPER & PACK PRIVATE LIMITED AAJCK3867H0,hold_hours_slip_to_QA_manager,0.91,hours,ACCEPTED,factory.jivo.in /quality-control/inspections/,VERIFIED,group=PM_PACKAGING; hold_to_chemist_h=0.74; grpo_state=POSTED_VIA_APP
qc_inspection,JIVO_OIL,1091,2026-07-08,GE-2026-0414,PM0000408,CAPS 1 & 2 LTR WHITE AND GREEN PLAIN,Cap_green_green_1-2_ltr,51000.000,PCS,BABAJI UDYOG PVT. LTD.,hold_hours_slip_to_QA_manager,0.97,hours,ACCEPTED,factory.jivo.in /quality-control/inspections/,VERIFIED,group=PM_PACKAGING; hold_to_chemist_h=0.97; grpo_state=POSTED_VIA_APP
qc_inspection,JIVO_OIL,1090,2026-07-08,GE-2026-0414,PM0000506,CAPS 1 & 2 LTR FULL GREEN PLAIN,Cap_blue_white_1-2_ltr,9000.000,PCS,BABAJI UDYOG PVT. LTD.,hold_hours_slip_to_QA_manager,1.48,hours,ACCEPTED,factory.jivo.in /quality-control/inspections/,VERIFIED,group=PM_PACKAGING; hold_to_chemist_h=1.41; grpo_state=POSTED_VIA_APP
qc_inspection,JIVO_OIL,1089,2026-07-08,GE-2026-0414,PM0000085,CAPS 1 OR 2 LTR WHITE AND YELLOW WITH LOGO,Cap_yellow_white_1ltr._&_2_ltr.,15000.000,PCS,BABAJI UDYOG PVT. LTD.,hold_hours_slip_to_QA_manager,0.4,hours,ACCEPTED,factory.jivo.in /quality-control/inspections/,VERIFIED,group=PM_PACKAGING; hold_to_chemist_h=0.39; grpo_state=POSTED_VIA_APP
qc_inspection,JIVO_OIL,1088,2026-07-08,GE-2026-0414,PM0000235,CAPS 1 LTR WHITE AND YELLOW SMALL PLAIN,Cap Yellow-white 1l Plain,85000.000,PCS,BABAJI UDYOG PVT. LTD.,hold_hours_slip_to_QA_manager,0.4,hours,ACCEPTED,factory.jivo.in /quality-control/inspections/,VERIFIED,group=PM_PACKAGING; hold_to_chemist_h=0.31; grpo_state=POSTED_VIA_APP
qc_inspection,JIVO_OIL,1084,2026-07-08,GE-2026-8673,PM0000005,CARTON 1 LTR 12 POUCHES,Carton_1l_x_12_pcs_(pouch),5176.000,PCS,SSY CONTAINERS PVT LTD,hold_hours_slip_to_QA_manager,0.28,hours,ACCEPTED,factory.jivo.in /quality-control/inspections/,VERIFIED,group=PM_PACKAGING; hold_to_chemist_h=0.18; grpo_state=PENDING_IN_APP
qc_inspection,JIVO_OIL,1092,2026-07-08,GE-2026-8673,PM0000629,CARTON TIN TOP,Carton Tin Collar,5000.000,PCS,SSY CONTAINERS PVT LTD,hold_hours_slip_to_QA_manager,2.82,hours,ACCEPTED,factory.jivo.in /quality-control/inspections/,VERIFIED,group=PM_PACKAGING; hold_to_chemist_h=2.81; grpo_state=PENDING_IN_APP
qc_inspection,JIVO_OIL,1085,2026-07-08,GE-2026-8673,PM0000245,CARTON 5 LTR 4 PCS PET,Carton_5l_x_4_pcs_330x260x375,2622.000,PCS,SSY CONTAINERS PVT LTD,hold_hours_slip_to_QA_manager,0.29,hours,ACCEPTED,factory.jivo.in /quality-control/inspections/,VERIFIED,group=PM_PACKAGING; hold_to_chemist_h=0.27; grpo_state=PENDING_IN_APP
qc_inspection,JIVO_OIL,1086,2026-07-08,GE-2026-1464,PM0000892,LABEL 1 LTR PRESSED SUNFLOWER OIL FRONT,Label_jivo_first_pressed_sesame_1l,5500.000,PCS,ROYAL PRIME LABELS,hold_hours_slip_to_QA_manager,1.36,hours,ACCEPTED,factory.jivo.in /quality-control/inspections/,VERIFIED,group=PM_PACKAGING; hold_to_chemist_h=1.28; grpo_state=POSTED_VIA_APP
qc_inspection,JIVO_OIL,1087,2026-07-08,GE-2026-1464,PM0000893,LABEL 1 LTR PRESSED SUNFLOWER OIL BACK,Label_jivo_first_pressed_sesame_1l,5500.000,PCS,ROYAL PRIME LABELS,hold_hours_slip_to_QA_manager,1.36,hours,ACCEPTED,factory.jivo.in /quality-control/inspections/,VERIFIED,group=PM_PACKAGING; hold_to_chemist_h=1.31; grpo_state=POSTED_VIA_APP
qc_inspection,JIVO_OIL,1100,2026-07-08,GE-2026-1394,RM0000066,PEANUT OIL,Peanut_oil,40.340,MTS,DHANLAXMI EDIBLES PRIVATE LIMITED,hold_hours_slip_to_QA_manager,46.97,hours,ACCEPTED,factory.jivo.in /quality-control/inspections/,VERIFIED,group=RM_BULK_OIL; hold_to_chemist_h=46.81; grpo_state=PENDING_IN_APP
qc_inspection,JIVO_OIL,1082,2026-07-08,GE-2026-3090,PM0000468,CAPS 5 LTR GREEN,Cap_5l_green,3750.000,PCS,RAJ TECHNOPACK PVT LTD,hold_hours_slip_to_QA_manager,0.43,hours,ACCEPTED,factory.jivo.in /quality-control/inspections/,VERIFIED,group=PM_PACKAGING; hold_to_chemist_h=0.43; grpo_state=POSTED_VIA_APP
qc_inspection,JIVO_OIL,1081,2026-07-08,GE-2026-3090,PM0000053,HDPE BOTTLE 5 LTR,5 Ltr. Jerry Can,3750.000,PCS,RAJ TECHNOPACK PVT LTD,hold_hours_slip_to_QA_manager,0.44,hours,ACCEPTED,factory.jivo.in /quality-control/inspections/,VERIFIED,group=PM_PACKAGING; hold_to_chemist_h=0.34; grpo_state=POSTED_VIA_APP
qc_inspection,JIVO_OIL,1109,2026-07-08,GE-2026-6258,RM0000025,SOYABEAN REFINED LOOSE OIL,Refined Soyben Rm0000025,39.840,MTS,DIL EXIM COMMODITIES PRIVATE LIMITED,hold_hours_slip_to_QA_manager,53.24,hours,ACCEPTED,factory.jivo.in /quality-control/inspections/,VERIFIED,group=RM_BULK_OIL; hold_to_chemist_h=53.23; grpo_state=PENDING_IN_APP
qc_inspection,JIVO_OIL,1080,2026-07-07,GE-2026-7579,PM0000058,PET BOTTLE 200 MLS OLIVE OIL,Pet Bottle 200ml 16gm,19380.000,PCS,PARAMBA POLYMER,hold_hours_slip_to_QA_manager,0.56,hours,ACCEPTED,factory.jivo.in /quality-control/inspections/,VERIFIED,group=PM_PACKAGING; hold_to_chemist_h=0.35; grpo_state=POSTED_VIA_APP
qc_inspection,JIVO_OIL,1078,2026-07-07,GE-2026-1127,PM0000468,CAPS 5 LTR GREEN,Cap_5l_green,4500.000,PCS,ECHO PLAST INDIA,hold_hours_slip_to_QA_manager,0.29,hours,ACCEPTED,factory.jivo.in /quality-control/inspections/,VERIFIED,group=PM_PACKAGING; hold_to_chemist_h=0.17; grpo_state=POSTED_VIA_APP
qc_inspection,JIVO_OIL,1079,2026-07-07,GE-2026-1127,PM0000053,HDPE BOTTLE 5 LTR,5 Ltr. Jerry Can,4425.000,PCS,ECHO PLAST INDIA,hold_hours_slip_to_QA_manager,0.29,hours,ACCEPTED,factory.jivo.in /quality-control/inspections/,VERIFIED,group=PM_PACKAGING; hold_to_chemist_h=0.25; grpo_state=POSTED_VIA_APP
qc_inspection,JIVO_OIL,1077,2026-07-07,GE-2026-9803,PM0000468,CAPS 5 LTR GREEN,Cap_5l_green,4020.000,PCS,RAJ TECHNOPACK PVT LTD,hold_hours_slip_to_QA_manager,0.38,hours,ACCEPTED,factory.jivo.in /quality-control/inspections/,VERIFIED,group=PM_PACKAGING; hold_to_chemist_h=0.36; grpo_state=POSTED_VIA_APP
qc_inspection,JIVO_OIL,1076,2026-07-07,GE-2026-9803,PM0000228,HDPE BOTTLE 4 LTR,4_ltr_jerry Can,4020.000,PCS,RAJ TECHNOPACK PVT LTD,hold_hours_slip_to_QA_manager,0.31,hours,ACCEPTED,factory.jivo.in /quality-control/inspections/,VERIFIED,group=PM_PACKAGING; hold_to_chemist_h=0.27; grpo_state=POSTED_VIA_APP
qc_inspection,JIVO_OIL,1102,2026-07-06,GE-2026-3034,RM0000025,SOYABEAN REFINED LOOSE OIL,Refined Soyben Rm0000025,39.820,MTS,DIL EXIM COMMODITIES PRIVATE LIMITED,hold_hours_slip_to_QA_manager,94.61,hours,ACCEPTED,factory.jivo.in /quality-control/inspections/,VERIFIED,group=RM_BULK_OIL; hold_to_chemist_h=94.53; grpo_state=PENDING_IN_APP
qc_inspection,JIVO_OIL,1073,2026-07-06,GE-2026-5794,PM0000058,PET BOTTLE 200 MLS OLIVE OIL,Pet Bottle 200ml 16gm,19380.000,PCS,PARAMBA POLYMER,hold_hours_slip_to_QA_manager,1.92,hours,ACCEPTED,factory.jivo.in /quality-control/inspections/,VERIFIED,group=PM_PACKAGING; hold_to_chemist_h=1.91; grpo_state=POSTED_VIA_APP
qc_inspection,JIVO_OIL,1101,2026-07-06,GE-2026-6867,RM0000025,SOYABEAN REFINED LOOSE OIL,Refined Soyben Rm0000025,39.990,MTS,DIL EXIM COMMODITIES PRIVATE LIMITED,hold_hours_slip_to_QA_manager,97.6,hours,ACCEPTED,factory.jivo.in /quality-control/inspections/,VERIFIED,group=RM_BULK_OIL; hold_to_chemist_h=97.49; grpo_state=PENDING_IN_APP
qc_inspection,JIVO_OIL,1103,2026-07-06,GE-2026-2710,RM0000003,MUSTARD LOOSE OIL,Mustard Oil,38.580,MTS,AWL AGRI BUSINESS LIMITED,hold_hours_slip_to_QA_manager,97.73,hours,ACCEPTED,factory.jivo.in /quality-control/inspections/,VERIFIED,group=RM_BULK_OIL; hold_to_chemist_h=97.68; grpo_state=PENDING_IN_APP
qc_inspection,JIVO_OIL,1068,2026-07-04,GE-2026-1723,PM0000468,CAPS 5 LTR GREEN,Cap_5l_green,3000.000,PCS,ECHO PLAST INDIA,hold_hours_slip_to_QA_manager,0.09,hours,ACCEPTED,factory.jivo.in /quality-control/inspections/,VERIFIED,group=PM_PACKAGING; hold_to_chemist_h=0.04; grpo_state=POSTED_VIA_APP
qc_inspection,JIVO_OIL,1069,2026-07-04,GE-2026-1723,PM0000053,HDPE BOTTLE 5 LTR,5 Ltr. Jerry Can,4035.000,PCS,ECHO PLAST INDIA,hold_hours_slip_to_QA_manager,0.1,hours,ACCEPTED,factory.jivo.in /quality-control/inspections/,VERIFIED,group=PM_PACKAGING; hold_to_chemist_h=0.06; grpo_state=POSTED_VIA_APP
qc_inspection,JIVO_OIL,1070,2026-07-04,GE-2026-1723,PM0000469,CAPS 5 LTR BROWN,Cap 5l Brown,1035.000,PCS,ECHO PLAST INDIA,hold_hours_slip_to_QA_manager,0.33,hours,ACCEPTED,factory.jivo.in /quality-control/inspections/,VERIFIED,group=PM_PACKAGING; hold_to_chemist_h=0.33; grpo_state=POSTED_VIA_APP
qc_inspection,JIVO_OIL,1064,2026-07-04,GE-2026-3715,PM0000085,CAPS 1 OR 2 LTR WHITE AND YELLOW WITH LOGO,Cap_yellow_white_1ltr._&_2_ltr.,126000.000,PCS,BABAJI UDYOG PVT. LTD.,hold_hours_slip_to_QA_manager,0.24,hours,ACCEPTED,factory.jivo.in /quality-control/inspections/,VERIFIED,group=PM_PACKAGING; hold_to_chemist_h=0.18; grpo_state=POSTED_VIA_APP
qc_inspection,JIVO_OIL,1062,2026-07-04,GE-2026-3883,PM0000469,CAPS 5 LTR BROWN,Cap 5l Brown,3750.000,PCS,RAJ TECHNOPACK PVT LTD,hold_hours_slip_to_QA_manager,0.58,hours,ACCEPTED,factory.jivo.in /quality-control/inspections/,VERIFIED,group=PM_PACKAGING; hold_to_chemist_h=0.17; grpo_state=POSTED_VIA_APP
qc_inspection,JIVO_OIL,1063,2026-07-04,GE-2026-3883,PM0000053,HDPE BOTTLE 5 LTR,5 Ltr. Jerry Can,3750.000,PCS,RAJ TECHNOPACK PVT LTD,hold_hours_slip_to_QA_manager,0.58,hours,ACCEPTED,factory.jivo.in /quality-control/inspections/,VERIFIED,group=PM_PACKAGING; hold_to_chemist_h=0.56; grpo_state=POSTED_VIA_APP
qc_inspection,JIVO_OIL,1083,2026-07-04,GE-2026-2159,RM0000025,SOYABEAN REFINED LOOSE OIL,Refined Soyben Rm0000025,39.900,MTS,DIL EXIM COMMODITIES PRIVATE LIMITED,hold_hours_slip_to_QA_manager,95.96,hours,ACCEPTED,factory.jivo.in /quality-control/inspections/,VERIFIED,group=RM_BULK_OIL; hold_to_chemist_h=95.95; grpo_state=PENDING_IN_APP
qc_inspection,JIVO_OIL,1061,2026-07-04,GE-2026-7510,PM0000058,PET BOTTLE 200 MLS OLIVE OIL,Pet Bottle 200ml 16gm,18360.000,PCS,PARAMBA POLYMER,hold_hours_slip_to_QA_manager,2.58,hours,ACCEPTED,factory.jivo.in /quality-control/inspections/,VERIFIED,group=PM_PACKAGING; hold_to_chemist_h=2.07; grpo_state=POSTED_VIA_APP
qc_inspection,JIVO_OIL,1065,2026-07-04,GE-2026-8810,RM0000007,RICE BRAN REFINED OIL,Rice Bran,39.880,MTS,AWL AGRI BUSINESS LIMITED,hold_hours_slip_to_QA_manager,4.52,hours,ACCEPTED,factory.jivo.in /quality-control/inspections/,VERIFIED,group=RM_BULK_OIL; hold_to_chemist_h=4.51; grpo_state=PENDING_IN_APP
qc_inspection,JIVO_OIL,1066,2026-07-04,GE-2026-1747,PM0000852,PREFORM 49.5 GMS 36 MM,Pet Preform 50 Gm,94200.000,PCS,FRYSTAL PET PRIVATE LIMITED,hold_hours_slip_to_QA_manager,5.19,hours,ACCEPTED,factory.jivo.in /quality-control/inspections/,VERIFIED,group=PM_PACKAGING; hold_to_chemist_h=5.11; grpo_state=PENDING_IN_APP
qc_inspection,JIVO_OIL,1060,2026-07-04,GE-2026-1747,PM0000594,PREFORM 40 GMS 36 MM,Pet Preform 40 Gm,45600.000,PCS,FRYSTAL PET PRIVATE LIMITED,hold_hours_slip_to_QA_manager,0.29,hours,ACCEPTED,factory.jivo.in /quality-control/inspections/,VERIFIED,group=PM_PACKAGING; hold_to_chemist_h=0.23; grpo_state=PENDING_IN_APP
qc_inspection,JIVO_OIL,1059,2026-07-04,GE-2026-6985,PM0000593,TIN 15 KGS/LTR MULTI CP KACCHI GHANI MUSTARD OIL  PRINTED,Tin 15 Kg,1047.000,PCS,NATIONAL TIN INDUSTRIES,hold_hours_slip_to_QA_manager,0.52,hours,ACCEPTED,factory.jivo.in /quality-control/inspections/,VERIFIED,group=PM_PACKAGING; hold_to_chemist_h=0.51; grpo_state=POSTED_VIA_APP
qc_inspection,JIVO_OIL,1058,2026-07-04,GE-2026-6985,PM0000076,TIN 15 LTR,Tin 15 Kg,2502.000,PCS,NATIONAL TIN INDUSTRIES,hold_hours_slip_to_QA_manager,0.52,hours,ACCEPTED,factory.jivo.in /quality-control/inspections/,VERIFIED,group=PM_PACKAGING; hold_to_chemist_h=0.44; grpo_state=POSTED_VIA_APP
qc_inspection,JIVO_OIL,1075,2026-07-04,GE-2026-5184,RM0000025,SOYABEAN REFINED LOOSE OIL,Refined Soyben Rm0000025,40.030,MTS,DIL EXIM COMMODITIES PRIVATE LIMITED,hold_hours_slip_to_QA_manager,72.1,hours,ACCEPTED,factory.jivo.in /quality-control/inspections/,VERIFIED,group=RM_BULK_OIL; hold_to_chemist_h=72.09; grpo_state=PENDING_IN_APP
qc_inspection,JIVO_OIL,1074,2026-07-04,GE-2026-3920,RM0000025,SOYABEAN REFINED LOOSE OIL,Refined Soyben Rm0000025,29.740,MTS,M/S ARORA AGRI BUSINESS VENTURES,hold_hours_slip_to_QA_manager,56.08,hours,ACCEPTED,factory.jivo.in /quality-control/inspections/,VERIFIED,group=RM_BULK_OIL; hold_to_chemist_h=56.07; grpo_state=PENDING_IN_APP
qc_inspection,JIVO_OIL,1056,2026-07-04,GE-2026-7518,PM0000270,LABEL 15 LTR COLD PRESS SUNFLOWER OIL,Label 15 Ltr Cold Press Sunflower Oil,1500.000,PCS,PACKGEN INTERNATIONAL PVT LTD,hold_hours_slip_to_QA_manager,0.95,hours,ACCEPTED,factory.jivo.in /quality-control/inspections/,VERIFIED,group=PM_PACKAGING; hold_to_chemist_h=0.92; grpo_state=POSTED_VIA_APP
qc_inspection,JIVO_OIL,1057,2026-07-04,GE-2026-7518,PM0000895,LABEL 15 KG REFINED RICE BRAN OIL,Refined Soyabean,2500.000,PCS,PACKGEN INTERNATIONAL PVT LTD,hold_hours_slip_to_QA_manager,1.03,hours,ACCEPTED,factory.jivo.in /quality-control/inspections/,VERIFIED,group=PM_PACKAGING; hold_to_chemist_h=1.01; grpo_state=POSTED_VIA_APP
qc_inspection,JIVO_OIL,1072,2026-07-03,GE-2026-4512,RM0000025,SOYABEAN REFINED LOOSE OIL,Refined Soyben Rm0000025,38.280,MTS,M/S ARORA AGRI BUSINESS VENTURES,hold_hours_slip_to_QA_manager,65.45,hours,ACCEPTED,factory.jivo.in /quality-control/inspections/,VERIFIED,group=RM_BULK_OIL; hold_to_chemist_h=64.78; grpo_state=PENDING_IN_APP
qc_inspection,JIVO_OIL,1052,2026-07-03,GE-2026-0907,PM0000469,CAPS 5 LTR BROWN,Cap 5l Brown,3630.000,PCS,RAJ TECHNOPACK PVT LTD,hold_hours_slip_to_QA_manager,1.56,hours,ACCEPTED,factory.jivo.in /quality-control/inspections/,VERIFIED,group=PM_PACKAGING; hold_to_chemist_h=1.32; grpo_state=POSTED_VIA_APP
qc_inspection,JIVO_OIL,1055,2026-07-03,GE-2026-0907,PM0000228,HDPE BOTTLE 4 LTR,4_ltr_jerry Can,3630.000,PCS,RAJ TECHNOPACK PVT LTD,hold_hours_slip_to_QA_manager,2.22,hours,ACCEPTED,factory.jivo.in /quality-control/inspections/,VERIFIED,group=PM_PACKAGING; hold_to_chemist_h=2.18; grpo_state=POSTED_VIA_APP
qc_inspection,JIVO_OIL,1053,2026-07-03,GE-2026-0907,PM0000469,CAPS 5 LTR BROWN,Cap 5l Brown,750.000,PCS,RAJ TECHNOPACK PVT LTD,hold_hours_slip_to_QA_manager,1.55,hours,ACCEPTED,factory.jivo.in /quality-control/inspections/,VERIFIED,group=PM_PACKAGING; hold_to_chemist_h=1.35; grpo_state=POSTED_VIA_APP
qc_inspection,JIVO_OIL,1054,2026-07-03,GE-2026-0907,PM0000053,HDPE BOTTLE 5 LTR,5 Ltr. Jerry Can,750.000,PCS,RAJ TECHNOPACK PVT LTD,hold_hours_slip_to_QA_manager,2.23,hours,ACCEPTED,factory.jivo.in /quality-control/inspections/,VERIFIED,group=PM_PACKAGING; hold_to_chemist_h=1.98; grpo_state=POSTED_VIA_APP
qc_inspection,JIVO_OIL,1051,2026-07-03,GE-2026-5497,PM0000078,CAPS 5 LTR/15 LTR,Spout_cap_tin_yellow_5l_15_l,5000.000,PCS,BABAJI UDYOG PVT. LTD.,hold_hours_slip_to_QA_manager,1.85,hours,ACCEPTED,factory.jivo.in /quality-control/inspections/,VERIFIED,group=PM_PACKAGING; hold_to_chemist_h=1.56; grpo_state=POSTED_VIA_APP
qc_inspection,JIVO_OIL,1050,2026-07-03,GE-2026-5497,PM0000078,CAPS 5 LTR/15 LTR,Spout_cap_tin_yellow_5l_15_l,35000.000,PCS,BABAJI UDYOG PVT. LTD.,hold_hours_slip_to_QA_manager,1.52,hours,ACCEPTED,factory.jivo.in /quality-control/inspections/,VERIFIED,group=PM_PACKAGING; hold_to_chemist_h=0.89; grpo_state=POSTED_VIA_APP
qc_inspection,JIVO_OIL,1049,2026-07-03,GE-2026-5497,PM0000235,CAPS 1 LTR WHITE AND YELLOW SMALL PLAIN,Cap Yellow-white 1l Plain,100000.000,PCS,BABAJI UDYOG PVT. LTD.,hold_hours_slip_to_QA_manager,1.52,hours,ACCEPTED,factory.jivo.in /quality-control/inspections/,VERIFIED,group=PM_PACKAGING; hold_to_chemist_h=0.83; grpo_state=POSTED_VIA_APP
qc_inspection,JIVO_OIL,1048,2026-07-03,GE-2026-6309,PM0000468,CAPS 5 LTR GREEN,Cap_5l_green,4125.000,PCS,ECHO PLAST INDIA,hold_hours_slip_to_QA_manager,0.53,hours,ACCEPTED,factory.jivo.in /quality-control/inspections/,VERIFIED,group=PM_PACKAGING; hold_to_chemist_h=0.5; grpo_state=POSTED_VIA_APP
qc_inspection,JIVO_OIL,1047,2026-07-03,GE-2026-6309,PM0000053,HDPE BOTTLE 5 LTR,5 Ltr. Jerry Can,4125.000,PCS,ECHO PLAST INDIA,hold_hours_slip_to_QA_manager,0.53,hours,ACCEPTED,factory.jivo.in /quality-control/inspections/,VERIFIED,group=PM_PACKAGING; hold_to_chemist_h=0.45; grpo_state=POSTED_VIA_APP
qc_inspection,JIVO_OIL,1046,2026-07-03,GE-2026-2208,PM0000194,PET BOTTLE 1 LTR 40 GMS,Pet_bottle_1ltr_40gm,38688.000,PCS,TPAC PACKAGING INDIA PVT LTD,hold_hours_slip_to_QA_manager,1.46,hours,ACCEPTED,factory.jivo.in /quality-control/inspections/,VERIFIED,group=PM_PACKAGING; hold_to_chemist_h=1.39; grpo_state=POSTED_VIA_APP
qc_inspection,JIVO_OIL,1044,2026-07-03,GE-2026-0716,PM0000076,TIN 15 LTR,Tin 15 Kg,2810.000,PCS,HARYANA GENERAL INDUSTRIES,hold_hours_slip_to_QA_manager,1.01,hours,ACCEPTED,factory.jivo.in /quality-control/inspections/,VERIFIED,group=PM_PACKAGING; hold_to_chemist_h=0.97; grpo_state=POSTED_VIA_APP
qc_inspection,JIVO_OIL,1042,2026-07-02,GE-2026-6790,PM0000079,CAPS 1 & 2 LTR FULL GREEN WITH LOGO,Cap_green_green_1-2_ltr,126000.000,PCS,BABAJI UDYOG PVT. LTD.,hold_hours_slip_to_QA_manager,0.68,hours,ACCEPTED,factory.jivo.in /quality-control/inspections/,VERIFIED,group=PM_PACKAGING; hold_to_chemist_h=0.64; grpo_state=POSTED_VIA_APP
qc_inspection,JIVO_OIL,,2026-07-02,GE-2026-7042,RM0000025,SOYABEAN REFINED LOOSE OIL,,39.180,MTS,M/S ARORA AGRI BUSINESS VENTURES,hold_hours_slip_to_QA_manager,,hours,NOT_STARTED,factory.jivo.in /quality-control/inspections/,VERIFIED,group=RM_BULK_OIL; hold_to_chemist_h=; grpo_state=NOT_IN_GRPO_QUEUE
qc_inspection,JIVO_OIL,1045,2026-07-02,GE-2026-4614,RM0000025,SOYABEAN REFINED LOOSE OIL,Refined Soyben Rm0000025,39.980,MTS,M/S ARORA AGRI BUSINESS VENTURES,hold_hours_slip_to_QA_manager,22.97,hours,ACCEPTED,factory.jivo.in /quality-control/inspections/,VERIFIED,group=RM_BULK_OIL; hold_to_chemist_h=22.96; grpo_state=PENDING_IN_APP
qc_inspection,JIVO_OIL,1043,2026-07-02,GE-2026-7182,RM0000003,MUSTARD LOOSE OIL,Mustard Oil,38.860,MTS,AWL AGRI BUSINESS LIMITED,hold_hours_slip_to_QA_manager,6.19,hours,ACCEPTED,factory.jivo.in /quality-control/inspections/,VERIFIED,group=RM_BULK_OIL; hold_to_chemist_h=6.18; grpo_state=PENDING_IN_APP
qc_inspection,JIVO_OIL,1041,2026-07-01,GE-2026-0870,PM0000891,POUCH SOYABEAN MULTI  KGS,Pouch Soyabean Multi  Kgs,1970.000,KGS,UNIQUE PACKTECH,hold_hours_slip_to_QA_manager,0.47,hours,ACCEPTED,factory.jivo.in /quality-control/inspections/,VERIFIED,group=PM_PACKAGING; hold_to_chemist_h=0.37; grpo_state=POSTED_VIA_APP
qc_inspection,JIVO_OIL,1038,2026-07-01,GE-2026-6075,PM0000470,CAPS 5 LTR ORANGE,Caps 5l Orange,3750.000,PCS,RAJ TECHNOPACK PVT LTD,hold_hours_slip_to_QA_manager,1.12,hours,ACCEPTED,factory.jivo.in /quality-control/inspections/,VERIFIED,group=PM_PACKAGING; hold_to_chemist_h=0.98; grpo_state=POSTED_VIA_APP
qc_inspection,JIVO_OIL,1039,2026-07-01,GE-2026-6075,PM0000053,HDPE BOTTLE 5 LTR,5 Ltr. Jerry Can,3750.000,PCS,RAJ TECHNOPACK PVT LTD,hold_hours_slip_to_QA_manager,1.12,hours,ACCEPTED,factory.jivo.in /quality-control/inspections/,VERIFIED,group=PM_PACKAGING; hold_to_chemist_h=1.11; grpo_state=POSTED_VIA_APP
qc_inspection,JIVO_OIL,1037,2026-07-01,GE-2026-0990,PM0000468,CAPS 5 LTR GREEN,Cap_5l_green,3750.000,PCS,ECHO PLAST INDIA,hold_hours_slip_to_QA_manager,0.33,hours,ACCEPTED,factory.jivo.in /quality-control/inspections/,VERIFIED,group=PM_PACKAGING; hold_to_chemist_h=0.29; grpo_state=POSTED_VIA_APP
qc_inspection,JIVO_OIL,1036,2026-07-01,GE-2026-0990,PM0000053,HDPE BOTTLE 5 LTR,5 Ltr. Jerry Can,3750.000,PCS,ECHO PLAST INDIA,hold_hours_slip_to_QA_manager,0.34,hours,ACCEPTED,factory.jivo.in /quality-control/inspections/,VERIFIED,group=PM_PACKAGING; hold_to_chemist_h=0.27; grpo_state=POSTED_VIA_APP
qc_inspection,JIVO_OIL,1040,2026-07-01,GE-2026-0495,RM0000003,MUSTARD LOOSE OIL,Mustard Oil,38.380,MTS,AWL AGRI BUSINESS LIMITED,hold_hours_slip_to_QA_manager,4.88,hours,ACCEPTED,factory.jivo.in /quality-control/inspections/,VERIFIED,group=RM_BULK_OIL; hold_to_chemist_h=4.85; grpo_state=PENDING_IN_APP
qc_inspection,JIVO_OIL,1035,2026-07-01,GE-2026-0220,PM0000851,PET BOTTLE 1 LTR 26 GM,Pet_bottle_1_ltr_26gm,40404.000,PCS,TPAC PACKAGING INDIA PVT LTD II,hold_hours_slip_to_QA_manager,0.52,hours,ACCEPTED,factory.jivo.in /quality-control/inspections/,VERIFIED,group=PM_PACKAGING; hold_to_chemist_h=0.5; grpo_state=POSTED_VIA_APP
qc_inspection,JIVO_OIL,1032,2026-06-30,GE-2026-9808,PM0000888,LABEL 1 LTR DIVINE HARVEST CP KACHI GHANI FRONT,Label_divine_harvest_cp_kg_mustard_1l_front,5500.000,PCS,ROYAL PRIME LABELS,hold_hours_slip_to_QA_manager,25.39,hours,ACCEPTED,factory.jivo.in /quality-control/inspections/,VERIFIED,group=PM_PACKAGING; hold_to_chemist_h=0.93; grpo_state=POSTED_VIA_APP
qc_inspection,JIVO_OIL,1033,2026-06-30,GE-2026-9808,PM0000889,LABEL 1 LTR DIVINE HARVEST CP KACHI GHANI BACK,Label_divine_harvest_cp_kg_mustard_1l_back,5500.000,PCS,ROYAL PRIME LABELS,hold_hours_slip_to_QA_manager,25.41,hours,ACCEPTED,factory.jivo.in /quality-control/inspections/,VERIFIED,group=PM_PACKAGING; hold_to_chemist_h=0.96; grpo_state=POSTED_VIA_APP
qc_inspection,JIVO_OIL,1026,2026-06-30,GE-2026-9808,PM0000503,LABEL 1 LTR POMACE FRONT ZANO,Label_zano_spain_pomace_olive_1l_front,6300.000,PCS,ROYAL PRIME LABELS,hold_hours_slip_to_QA_manager,1.01,hours,ACCEPTED,factory.jivo.in /quality-control/inspections/,VERIFIED,group=PM_PACKAGING; hold_to_chemist_h=0.48; grpo_state=POSTED_VIA_APP
qc_inspection,JIVO_OIL,1027,2026-06-30,GE-2026-9808,PM0000504,LABEL 1 LTR POMACE BACK ZANO,Label_zano_spain_pomace_1l_back,6300.000,PCS,ROYAL PRIME LABELS,hold_hours_slip_to_QA_manager,1.0,hours,ACCEPTED,factory.jivo.in /quality-control/inspections/,VERIFIED,group=PM_PACKAGING; hold_to_chemist_h=0.5; grpo_state=POSTED_VIA_APP
qc_inspection,JIVO_OIL,1030,2026-06-30,GE-2026-9808,PM0000499,LABEL 1 LTR EXTRA VIRGIN FRONT ZANO,Label_zano_ev_olive_1l_front,3150.000,PCS,ROYAL PRIME LABELS,hold_hours_slip_to_QA_manager,25.46,hours,ACCEPTED,factory.jivo.in /quality-control/inspections/,VERIFIED,group=PM_PACKAGING; hold_to_chemist_h=0.75; grpo_state=POSTED_VIA_APP
qc_inspection,JIVO_OIL,1031,2026-06-30,GE-2026-9808,PM0000500,LABEL 1 LTR EXTRA VIRGIN BACK ZANO,Label_zano_ev_olive_oil_1l_back,3150.000,PCS,ROYAL PRIME LABELS,hold_hours_slip_to_QA_manager,25.46,hours,ACCEPTED,factory.jivo.in /quality-control/inspections/,VERIFIED,group=PM_PACKAGING; hold_to_chemist_h=0.77; grpo_state=POSTED_VIA_APP
qc_inspection,JIVO_OIL,1028,2026-06-30,GE-2026-9808,PM0000894,LABEL 4 LTR CANOLA FRONT (NIRMAL RISHI),Label_canola_oil_4l_front,21900.000,PCS,ROYAL PRIME LABELS,hold_hours_slip_to_QA_manager,1.0,hours,ACCEPTED,factory.jivo.in /quality-control/inspections/,VERIFIED,group=PM_PACKAGING; hold_to_chemist_h=0.68; grpo_state=POSTED_VIA_APP
qc_inspection,JIVO_OIL,1029,2026-06-30,GE-2026-9808,PM0000226,LABEL 4 LTR COLD PRESS BACK,Label_canola_oil_4l_back,22200.000,PCS,ROYAL PRIME LABELS,hold_hours_slip_to_QA_manager,2.47,hours,ACCEPTED,factory.jivo.in /quality-control/inspections/,VERIFIED,group=PM_PACKAGING; hold_to_chemist_h=2.16; grpo_state=POSTED_VIA_APP
qc_inspection,JIVO_OIL,1023,2026-06-30,GE-2026-5771,PM0000470,CAPS 5 LTR ORANGE,Caps 5l Orange,3675.000,PCS,RAJ TECHNOPACK PVT LTD,hold_hours_slip_to_QA_manager,0.25,hours,ACCEPTED,factory.jivo.in /quality-control/inspections/,VERIFIED,group=PM_PACKAGING; hold_to_chemist_h=0.13; grpo_state=POSTED_VIA_APP
qc_inspection,JIVO_OIL,1024,2026-06-30,GE-2026-5771,PM0000053,HDPE BOTTLE 5 LTR,5 Ltr. Jerry Can,3675.000,PCS,RAJ TECHNOPACK PVT LTD,hold_hours_slip_to_QA_manager,0.25,hours,ACCEPTED,factory.jivo.in /quality-control/inspections/,VERIFIED,group=PM_PACKAGING; hold_to_chemist_h=0.18; grpo_state=POSTED_VIA_APP
qc_inspection,JIVO_OIL,1034,2026-06-30,GE-2026-9957,PM0000251,PET BOTTLE 2 LTR 80 GMS YELLOW HANDLE,Pet Bottle 2 Ltr 80 Gm Yellow Handle,9030.000,PCS,TPAC PACKAGING INDIA PVT LTD II,hold_hours_slip_to_QA_manager,5.0,hours,ACCEPTED,factory.jivo.in /quality-control/inspections/,VERIFIED,group=PM_PACKAGING; hold_to_chemist_h=4.98; grpo_state=PENDING_IN_APP
qc_inspection,JIVO_OIL,1025,2026-06-30,GE-2026-9957,PM0000851,PET BOTTLE 1 LTR 26 GM,Pet_bottle_1_ltr_26gm,21450.000,PCS,TPAC PACKAGING INDIA PVT LTD II,hold_hours_slip_to_QA_manager,1.56,hours,ACCEPTED,factory.jivo.in /quality-control/inspections/,VERIFIED,group=PM_PACKAGING; hold_to_chemist_h=1.55; grpo_state=PENDING_IN_APP
qc_inspection,JIVO_OIL,1022,2026-06-30,GE-2026-0662,RM0000066,PEANUT OIL,Peanut_oil,41.800,MTS,DHANLAXMI EDIBLES PRIVATE LIMITED,hold_hours_slip_to_QA_manager,4.8,hours,ACCEPTED,factory.jivo.in /quality-control/inspections/,VERIFIED,group=RM_BULK_OIL; hold_to_chemist_h=3.44; grpo_state=PENDING_IN_APP
qc_inspection,JIVO_OIL,1021,2026-06-29,GE-2026-7482,RM0000066,PEANUT OIL,Peanut_oil,30.090,MTS,M/S ARORA AGRI BUSINESS VENTURES,hold_hours_slip_to_QA_manager,20.53,hours,ACCEPTED,factory.jivo.in /quality-control/inspections/,VERIFIED,group=RM_BULK_OIL; hold_to_chemist_h=19.13; grpo_state=PENDING_IN_APP
qc_inspection,JIVO_OIL,1017,2026-06-29,GE-2026-0209,PM0000053,HDPE BOTTLE 5 LTR,5 Ltr. Jerry Can,3750.000,PCS,RAJ TECHNOPACK PVT LTD,hold_hours_slip_to_QA_manager,0.37,hours,ACCEPTED,factory.jivo.in /quality-control/inspections/,VERIFIED,group=PM_PACKAGING; hold_to_chemist_h=0.34; grpo_state=PENDING_IN_APP
qc_inspection,JIVO_OIL,1016,2026-06-29,GE-2026-0209,PM0000470,CAPS 5 LTR ORANGE,Caps 5l Orange,3750.000,PCS,RAJ TECHNOPACK PVT LTD,hold_hours_slip_to_QA_manager,0.21,hours,ACCEPTED,factory.jivo.in /quality-control/inspections/,VERIFIED,group=PM_PACKAGING; hold_to_chemist_h=0.2; grpo_state=PENDING_IN_APP
qc_inspection,JIVO_OIL,1018,2026-06-29,GE-2026-2309,RM0000025,SOYABEAN REFINED LOOSE OIL,Refined Soyben Rm0000025,39.880,MTS,DIL EXIM COMMODITIES PRIVATE LIMITED,hold_hours_slip_to_QA_manager,5.56,hours,ACCEPTED,factory.jivo.in /quality-control/inspections/,VERIFIED,group=RM_BULK_OIL; hold_to_chemist_h=5.42; grpo_state=PENDING_IN_APP
qc_inspection,JIVO_OIL,1014,2026-06-29,GE-2026-6461,PM0000229,CARTON 4 LTR 5 PCS,Carton 4l X 5 Pcs. 495 X 225 X 333,2879.000,PCS,SSY CONTAINERS PVT LTD,hold_hours_slip_to_QA_manager,0.39,hours,ACCEPTED,factory.jivo.in /quality-control/inspections/,VERIFIED,group=PM_PACKAGING; hold_to_chemist_h=0.34; grpo_state=POSTED_VIA_APP
qc_inspection,JIVO_OIL,1015,2026-06-29,GE-2026-6461,PM0000006,CARTON 1 LTR 20 PCS PET 40 GM,1 Liter X 20 Pcs (o),5857.000,PCS,SSY CONTAINERS PVT LTD,hold_hours_slip_to_QA_manager,0.39,hours,ACCEPTED,factory.jivo.in /quality-control/inspections/,VERIFIED,group=PM_PACKAGING; hold_to_chemist_h=0.39; grpo_state=POSTED_VIA_APP
qc_inspection,JIVO_OIL,1020,2026-06-29,GE-2026-2422,PM0000080,TIN 5 LTR POMACE OLIVE PRINTED,Printed Tin 5l Olive Pomace,4176.000,PCS,NATIONAL TIN INDUSTRIES,hold_hours_slip_to_QA_manager,24.87,hours,ACCEPTED,factory.jivo.in /quality-control/inspections/,VERIFIED,group=PM_PACKAGING; hold_to_chemist_h=24.86; grpo_state=POSTED_VIA_APP
qc_inspection,JIVO_OIL,1019,2026-06-29,GE-2026-2422,PM0000593,TIN 15 KGS/LTR MULTI CP KACCHI GHANI MUSTARD OIL  PRINTED,Tin 15 Kg,1020.000,PCS,NATIONAL TIN INDUSTRIES,hold_hours_slip_to_QA_manager,7.55,hours,ACCEPTED,factory.jivo.in /quality-control/inspections/,VERIFIED,group=PM_PACKAGING; hold_to_chemist_h=7.54; grpo_state=POSTED_VIA_APP
qc_inspection,JIVO_OIL,1013,2026-06-29,GE-2026-2422,PM0000076,TIN 15 LTR,Tin 15 Kg,744.000,PCS,NATIONAL TIN INDUSTRIES,hold_hours_slip_to_QA_manager,0.38,hours,ACCEPTED,factory.jivo.in /quality-control/inspections/,VERIFIED,group=PM_PACKAGING; hold_to_chemist_h=0.3; grpo_state=POSTED_VIA_APP
qc_inspection,JIVO_OIL,1008,2026-06-27,GE-2026-8985,PM0000468,CAPS 5 LTR GREEN,Cap_5l_green,1140.000,PCS,ECHO PLAST INDIA,hold_hours_slip_to_QA_manager,0.61,hours,ACCEPTED,factory.jivo.in /quality-control/inspections/,VERIFIED,group=PM_PACKAGING; hold_to_chemist_h=0.4; grpo_state=POSTED_VIA_APP
qc_inspection,JIVO_OIL,1010,2026-06-27,GE-2026-8985,PM0000053,HDPE BOTTLE 5 LTR,5 Ltr. Jerry Can,4140.000,PCS,ECHO PLAST INDIA,hold_hours_slip_to_QA_manager,0.61,hours,ACCEPTED,factory.jivo.in /quality-control/inspections/,VERIFIED,group=PM_PACKAGING; hold_to_chemist_h=0.6; grpo_state=POSTED_VIA_APP
qc_inspection,JIVO_OIL,1009,2026-06-27,GE-2026-8985,PM0000469,CAPS 5 LTR BROWN,Cap 5l Brown,3000.000,PCS,ECHO PLAST INDIA,hold_hours_slip_to_QA_manager,0.63,hours,ACCEPTED,factory.jivo.in /quality-control/inspections/,VERIFIED,group=PM_PACKAGING; hold_to_chemist_h=0.46; grpo_state=POSTED_VIA_APP
qc_inspection,JIVO_OIL,1005,2026-06-27,GE-2026-5481,RM0000025,SOYABEAN REFINED LOOSE OIL,Refined Soyben Rm0000025,38.980,MTS,AWL AGRI BUSINESS LIMITED,hold_hours_slip_to_QA_manager,2.58,hours,ACCEPTED,factory.jivo.in /quality-control/inspections/,VERIFIED,group=RM_BULK_OIL; hold_to_chemist_h=2.54; grpo_state=PENDING_IN_APP
qc_inspection,JIVO_OIL,1001,2026-06-27,GE-2026-1123,RM0000003,MUSTARD LOOSE OIL,Mustard Oil,38.900,MTS,AWL AGRI BUSINESS LIMITED,hold_hours_slip_to_QA_manager,1.0,hours,ACCEPTED,factory.jivo.in /quality-control/inspections/,VERIFIED,group=RM_BULK_OIL; hold_to_chemist_h=0.99; grpo_state=PENDING_IN_APP
qc_inspection,JIVO_OIL,1002,2026-06-27,GE-2026-0939,SF0000001,SOYABEAN OIL 13 KGS TIN IMP,Soyabean Oil,2000.000,PCS,MAA JAWALA OVERSEAS,hold_hours_slip_to_QA_manager,1.46,hours,ACCEPTED,factory.jivo.in /quality-control/inspections/,VERIFIED,group=OTHER; hold_to_chemist_h=1.38; grpo_state=PENDING_IN_APP
qc_inspection,JIVO_OIL,1004,2026-06-27,GE-2026-4253,PM0000194,PET BOTTLE 1 LTR 40 GMS,Pet_bottle_1ltr_40gm,30888.000,PCS,TPAC PACKAGING INDIA PVT LTD,hold_hours_slip_to_QA_manager,3.1,hours,ACCEPTED,factory.jivo.in /quality-control/inspections/,VERIFIED,group=PM_PACKAGING; hold_to_chemist_h=2.96; grpo_state=POSTED_VIA_APP
qc_inspection,JIVO_OIL,998,2026-06-27,GE-2026-4253,PM0000851,PET BOTTLE 1 LTR 26 GM,Pet_bottle_1_ltr_26gm,8034.000,PCS,TPAC PACKAGING INDIA PVT LTD II,hold_hours_slip_to_QA_manager,0.98,hours,ACCEPTED,factory.jivo.in /quality-control/inspections/,VERIFIED,group=PM_PACKAGING; hold_to_chemist_h=0.62; grpo_state=POSTED_VIA_APP
qc_inspection,JIVO_OIL,999,2026-06-27,GE-2026-2832,PM0000053,HDPE BOTTLE 5 LTR,5 Ltr. Jerry Can,3750.000,PCS,RAJ TECHNOPACK PVT LTD,hold_hours_slip_to_QA_manager,0.44,hours,ACCEPTED,factory.jivo.in /quality-control/inspections/,VERIFIED,group=PM_PACKAGING; hold_to_chemist_h=0.41; grpo_state=POSTED_VIA_APP
qc_inspection,JIVO_OIL,1000,2026-06-27,GE-2026-2832,PM0000470,CAPS 5 LTR ORANGE,Caps 5l Orange,3750.000,PCS,RAJ TECHNOPACK PVT LTD,hold_hours_slip_to_QA_manager,0.7,hours,ACCEPTED,factory.jivo.in /quality-control/inspections/,VERIFIED,group=PM_PACKAGING; hold_to_chemist_h=0.69; grpo_state=POSTED_VIA_APP
qc_inspection,JIVO_OIL,996,2026-06-26,GE-2026-0494,PM0000071,SHRINKS 1 LTR 235X310,Shrink_pouch_310x240,30350.000,PCS,MULTILAYER INDUSTRIES,hold_hours_slip_to_QA_manager,0.31,hours,ACCEPTED,factory.jivo.in /quality-control/inspections/,VERIFIED,group=PM_PACKAGING; hold_to_chemist_h=0.28; grpo_state=POSTED_VIA_APP
qc_inspection,JIVO_OIL,994,2026-06-26,GE-2026-6154,PM0000852,PREFORM 49.5 GMS 36 MM,Pet Preform 50 Gm,64990.000,PCS,PIONEER PET SWASTIC PET INDUSTRIES (ACSFS8137Q),hold_hours_slip_to_QA_manager,18.93,hours,REJECTED,factory.jivo.in /quality-control/inspections/,VERIFIED,group=PM_PACKAGING; hold_to_chemist_h=0.39; grpo_state=NOT_IN_GRPO_QUEUE
qc_inspection,JIVO_OIL,991,2026-06-26,GE-2026-7220,PM0000078,CAPS 5 LTR/15 LTR,Spout_cap_tin_yellow_5l_15_l,16000.000,PCS,BABAJI UDYOG PVT. LTD.,hold_hours_slip_to_QA_manager,0.83,hours,ACCEPTED,factory.jivo.in /quality-control/inspections/,VERIFIED,group=PM_PACKAGING; hold_to_chemist_h=0.58; grpo_state=POSTED_VIA_APP
qc_inspection,JIVO_OIL,992,2026-06-26,GE-2026-7220,PM0000235,CAPS 1 LTR WHITE AND YELLOW SMALL PLAIN,Cap Yellow-white 1l Plain,170000.000,PCS,BABAJI UDYOG PVT. LTD.,hold_hours_slip_to_QA_manager,0.94,hours,ACCEPTED,factory.jivo.in /quality-control/inspections/,VERIFIED,group=PM_PACKAGING; hold_to_chemist_h=0.89; grpo_state=POSTED_VIA_APP
qc_inspection,JIVO_OIL,985,2026-06-26,GE-2026-7110,PM0000053,HDPE BOTTLE 5 LTR,5 Ltr. Jerry Can,3750.000,PCS,RAJ TECHNOPACK PVT LTD,hold_hours_slip_to_QA_manager,1.48,hours,ACCEPTED,factory.jivo.in /quality-control/inspections/,VERIFIED,group=PM_PACKAGING; hold_to_chemist_h=0.95; grpo_state=POSTED_VIA_APP
qc_inspection,JIVO_OIL,986,2026-06-26,GE-2026-7110,PM0000470,CAPS 5 LTR ORANGE,Caps 5l Orange,3750.000,PCS,RAJ TECHNOPACK PVT LTD,hold_hours_slip_to_QA_manager,1.49,hours,ACCEPTED,factory.jivo.in /quality-control/inspections/,VERIFIED,group=PM_PACKAGING; hold_to_chemist_h=1.09; grpo_state=POSTED_VIA_APP
qc_inspection,JIVO_OIL,995,2026-06-26,GE-2026-4571,PM0000895,LABEL 15 KG REFINED RICE BRAN OIL,Refined Soyabean,1000.000,PCS,PACKGEN INTERNATIONAL PVT LTD,hold_hours_slip_to_QA_manager,6.12,hours,ACCEPTED,factory.jivo.in /quality-control/inspections/,VERIFIED,group=PM_PACKAGING; hold_to_chemist_h=6.1; grpo_state=POSTED_VIA_APP
qc_inspection,JIVO_OIL,997,2026-06-26,GE-2026-4119,PM0000868,LABEL 15 LTR SANO POMACE,Sano_pomace_olive_15_l,1000.000,PCS,PACKGEN INTERNATIONAL PVT LTD,hold_hours_slip_to_QA_manager,6.81,hours,ACCEPTED,factory.jivo.in /quality-control/inspections/,VERIFIED,group=PM_PACKAGING; hold_to_chemist_h=6.78; grpo_state=PENDING_IN_APP
qc_inspection,JIVO_OIL,1003,2026-06-26,GE-2026-4119,PM0000430,LABEL 15 LTR REFINED COTTON SEED,Refined Cotton Seed 15 Ltr,1000.000,PCS,PACKGEN INTERNATIONAL PVT LTD,hold_hours_slip_to_QA_manager,24.47,hours,ACCEPTED,factory.jivo.in /quality-control/inspections/,VERIFIED,group=PM_PACKAGING; hold_to_chemist_h=24.43; grpo_state=PENDING_IN_APP
qc_inspection,JIVO_OIL,984,2026-06-26,GE-2026-4119,PM0000859,LABEL 13 KG REFINED CANOLA,Refined Canola 13 Kg,2000.000,PCS,PACKGEN INTERNATIONAL PVT LTD,hold_hours_slip_to_QA_manager,144.01,hours,ACCEPTED,factory.jivo.in /quality-control/inspections/,VERIFIED,group=PM_PACKAGING; hold_to_chemist_h=0.91; grpo_state=PENDING_IN_APP
qc_inspection,JIVO_OIL,987,2026-06-26,GE-2026-4119,PM0000890,LABEL 12 KG REFINED SOYABEAN OIL,Refined Soyabean 12 Kg,2500.000,PCS,PACKGEN INTERNATIONAL PVT LTD,hold_hours_slip_to_QA_manager,144.03,hours,ACCEPTED,factory.jivo.in /quality-control/inspections/,VERIFIED,group=PM_PACKAGING; hold_to_chemist_h=1.34; grpo_state=PENDING_IN_APP
qc_inspection,JIVO_OIL,989,2026-06-26,GE-2026-2997,PM0000862,CAP 10 ML,Cap 10ml,5456.000,PCS,MAHESHWARI CAPS PVT LTD,hold_hours_slip_to_QA_manager,1.86,hours,ACCEPTED,factory.jivo.in /quality-control/inspections/,VERIFIED,group=PM_PACKAGING; hold_to_chemist_h=1.86; grpo_state=POSTED_VIA_APP
qc_inspection,JIVO_OIL,988,2026-06-26,GE-2026-2997,PM0000855,PET BOTTLE 10 ML,10 Ml Bottle,5456.000,PCS,MAHESHWARI CAPS PVT LTD,hold_hours_slip_to_QA_manager,1.87,hours,ACCEPTED,factory.jivo.in /quality-control/inspections/,VERIFIED,group=PM_PACKAGING; hold_to_chemist_h=1.72; grpo_state=POSTED_VIA_APP
qc_inspection,JIVO_OIL,978,2026-06-26,GE-2026-7334,PM0000009,CARTON 2 LTR 10 PCS,Carton 2l X 10pcs 580x200x300,2508.000,PCS,SSY CONTAINERS PVT LTD,hold_hours_slip_to_QA_manager,0.2,hours,ACCEPTED,factory.jivo.in /quality-control/inspections/,VERIFIED,group=PM_PACKAGING; hold_to_chemist_h=0.18; grpo_state=PENDING_IN_APP
qc_inspection,JIVO_OIL,979,2026-06-26,GE-2026-7334,PM0000411,CARTON 1 LTR 20 PCS PET 26GM,Carton_1l_x_20_pcs_26_gm,4610.000,PCS,SSY CONTAINERS PVT LTD,hold_hours_slip_to_QA_manager,0.35,hours,ACCEPTED,factory.jivo.in /quality-control/inspections/,VERIFIED,group=PM_PACKAGING; hold_to_chemist_h=0.22; grpo_state=PENDING_IN_APP
qc_inspection,JIVO_OIL,980,2026-06-26,GE-2026-2958,PM0000468,CAPS 5 LTR GREEN,Cap_5l_green,1305.000,PCS,ECHO PLAST INDIA,hold_hours_slip_to_QA_manager,3.05,hours,REJECTED,factory.jivo.in /quality-control/inspections/,VERIFIED,group=PM_PACKAGING; hold_to_chemist_h=0.67; grpo_state=NOT_IN_GRPO_QUEUE
qc_inspection,JIVO_OIL,976,2026-06-26,GE-2026-2958,PM0000053,HDPE BOTTLE 5 LTR,5 Ltr. Jerry Can,4305.000,PCS,ECHO PLAST INDIA,hold_hours_slip_to_QA_manager,0.56,hours,ACCEPTED,factory.jivo.in /quality-control/inspections/,VERIFIED,group=PM_PACKAGING; hold_to_chemist_h=0.27; grpo_state=NOT_IN_GRPO_QUEUE
qc_inspection,JIVO_OIL,977,2026-06-26,GE-2026-2958,PM0000469,CAPS 5 LTR BROWN,Cap 5l Brown,3000.000,PCS,ECHO PLAST INDIA,hold_hours_slip_to_QA_manager,0.55,hours,ACCEPTED,factory.jivo.in /quality-control/inspections/,VERIFIED,group=PM_PACKAGING; hold_to_chemist_h=0.34; grpo_state=NOT_IN_GRPO_QUEUE
qc_inspection,JIVO_OIL,983,2026-06-26,GE-2026-7751,PM0000854,LABEL 10 ML EXTRA VIRGIN OLIVE OIL,Label Extra Virgin,6000.000,PCS,ROYAL PRIME LABELS,hold_hours_slip_to_QA_manager,2.97,hours,ACCEPTED,factory.jivo.in /quality-control/inspections/,VERIFIED,group=PM_PACKAGING; hold_to_chemist_h=2.1; grpo_state=POSTED_VIA_APP
qc_inspection,JIVO_OIL,993,2026-06-25,GE-2026-0690,RM0000003,MUSTARD LOOSE OIL,Mustard Oil,34.960,MTS,AWL AGRI BUSINESS LIMITED,hold_hours_slip_to_QA_manager,23.48,hours,ACCEPTED,factory.jivo.in /quality-control/inspections/,VERIFIED,group=RM_BULK_OIL; hold_to_chemist_h=23.44; grpo_state=PENDING_IN_APP
qc_inspection,JIVO_OIL,975,2026-06-25,GE-2026-4129,RM0000003,MUSTARD LOOSE OIL,Mustard Oil,40.610,MTS,VAISHNODEVI AGRO RESOURCES PRIVATE LIMITED,hold_hours_slip_to_QA_manager,1.13,hours,ACCEPTED,factory.jivo.in /quality-control/inspections/,VERIFIED,group=RM_BULK_OIL; hold_to_chemist_h=1.13; grpo_state=PENDING_IN_APP
qc_inspection,JIVO_OIL,974,2026-06-25,GE-2026-4913,PM0000005,CARTON 1 LTR 12 POUCHES,Carton_1l_x_12_pcs_(pouch),382.000,PCS,SSY CONTAINERS PVT LTD,hold_hours_slip_to_QA_manager,0.43,hours,ACCEPTED,factory.jivo.in /quality-control/inspections/,VERIFIED,group=PM_PACKAGING; hold_to_chemist_h=0.39; grpo_state=POSTED_VIA_APP
qc_inspection,JIVO_OIL,973,2026-06-25,GE-2026-4913,PM0000411,CARTON 1 LTR 20 PCS PET 26GM,Carton_1l_x_20_pcs_26_gm,2706.000,PCS,SSY CONTAINERS PVT LTD,hold_hours_slip_to_QA_manager,0.43,hours,ACCEPTED,factory.jivo.in /quality-control/inspections/,VERIFIED,group=PM_PACKAGING; hold_to_chemist_h=0.26; grpo_state=POSTED_VIA_APP
qc_inspection,JIVO_OIL,971,2026-06-25,GE-2026-6228,PM0000851,PET BOTTLE 1 LTR 26 GM,Pet_bottle_1_ltr_26gm,42900.000,PCS,TPAC PACKAGING INDIA PVT LTD II,hold_hours_slip_to_QA_manager,0.37,hours,ACCEPTED,factory.jivo.in /quality-control/inspections/,VERIFIED,group=PM_PACKAGING; hold_to_chemist_h=0.22; grpo_state=POSTED_VIA_APP
qc_inspection,JIVO_OIL,970,2026-06-25,GE-2026-6334,PM0000005,CARTON 1 LTR 12 POUCHES,Carton_1l_x_12_pcs_(pouch),13784.000,PCS,SSY CONTAINERS PVT LTD,hold_hours_slip_to_QA_manager,0.99,hours,ACCEPTED,factory.jivo.in /quality-control/inspections/,VERIFIED,group=PM_PACKAGING; hold_to_chemist_h=0.5; grpo_state=POSTED_VIA_APP
qc_inspection,JIVO_OIL,968,2026-06-25,GE-2026-5063,PM0000013,CARTON 5 LTR 4 PCS,Carton_5l_x_4_pcs_canola_(450x257x325),5000.000,PCS,KUBER PAPER & PACK PRIVATE LIMITED AAJCK3867H0,hold_hours_slip_to_QA_manager,1.23,hours,ACCEPTED,factory.jivo.in /quality-control/inspections/,VERIFIED,group=PM_PACKAGING; hold_to_chemist_h=0.58; grpo_state=POSTED_VIA_APP
qc_inspection,JIVO_OIL,969,2026-06-25,GE-2026-5063,PM0000013,CARTON 5 LTR 4 PCS,Carton_5l_x_4_pcs_canola_(450x257x325),1831.000,PCS,KUBER PAPER & PACK PRIVATE LIMITED AAJCK3867H0,hold_hours_slip_to_QA_manager,1.23,hours,ACCEPTED,factory.jivo.in /quality-control/inspections/,VERIFIED,group=PM_PACKAGING; hold_to_chemist_h=0.65; grpo_state=POSTED_VIA_APP
qc_inspection,JIVO_OIL,966,2026-06-24,GE-2026-3091,PM0000053,HDPE BOTTLE 5 LTR,5 Ltr. Jerry Can,3750.000,PCS,RAJ TECHNOPACK PVT LTD,hold_hours_slip_to_QA_manager,0.64,hours,ACCEPTED,factory.jivo.in /quality-control/inspections/,VERIFIED,group=PM_PACKAGING; hold_to_chemist_h=0.56; grpo_state=POSTED_VIA_APP
qc_inspection,JIVO_OIL,965,2026-06-24,GE-2026-3091,PM0000470,CAPS 5 LTR ORANGE,Caps 5l Orange,3750.000,PCS,RAJ TECHNOPACK PVT LTD,hold_hours_slip_to_QA_manager,0.64,hours,ACCEPTED,factory.jivo.in /quality-control/inspections/,VERIFIED,group=PM_PACKAGING; hold_to_chemist_h=0.29; grpo_state=POSTED_VIA_APP
qc_inspection,JIVO_OIL,972,2026-06-24,GE-2026-6216,RM0000025,SOYABEAN REFINED LOOSE OIL,Refined Soyben Rm0000025,38.890,MTS,M/S ARORA AGRI BUSINESS VENTURES,hold_hours_slip_to_QA_manager,23.61,hours,ACCEPTED,factory.jivo.in /quality-control/inspections/,VERIFIED,group=RM_BULK_OIL; hold_to_chemist_h=23.59; grpo_state=PENDING_IN_APP
qc_inspection,JIVO_OIL,963,2026-06-24,GE-2026-7860,PM0000008,CARTON 15 LTR 1 PCS,Carton_15l_x_1_pcs_canola,2358.000,PCS,BALAJI INC.,hold_hours_slip_to_QA_manager,1.05,hours,ACCEPTED,factory.jivo.in /quality-control/inspections/,VERIFIED,group=PM_PACKAGING; hold_to_chemist_h=0.95; grpo_state=POSTED_VIA_APP
qc_inspection,JIVO_OIL,964,2026-06-24,GE-2026-5090,PM0000835,TIN 5 LTR FP YELLOW MUSTARD OIL PRINTED,Tin 5l Fp Yellow Mustard Oil Printed,2160.000,PCS,NATIONAL TIN INDUSTRIES,hold_hours_slip_to_QA_manager,2.3,hours,ACCEPTED,factory.jivo.in /quality-control/inspections/,VERIFIED,group=PM_PACKAGING; hold_to_chemist_h=2.2; grpo_state=POSTED_VIA_APP
qc_inspection,JIVO_OIL,961,2026-06-24,GE-2026-5090,PM0000080,TIN 5 LTR POMACE OLIVE PRINTED,Printed Tin 5l Olive Pomace,7788.000,PCS,NATIONAL TIN INDUSTRIES,hold_hours_slip_to_QA_manager,0.7,hours,ACCEPTED,factory.jivo.in /quality-control/inspections/,VERIFIED,group=PM_PACKAGING; hold_to_chemist_h=0.69; grpo_state=POSTED_VIA_APP
qc_inspection,JIVO_OIL,959,2026-06-24,GE-2026-9920,PM0000852,PREFORM 49.5 GMS 36 MM,Pet Preform 50 Gm,3600.000,PCS,FRYSTAL PET PRIVATE LIMITED,hold_hours_slip_to_QA_manager,0.59,hours,ACCEPTED,factory.jivo.in /quality-control/inspections/,VERIFIED,group=PM_PACKAGING; hold_to_chemist_h=0.33; grpo_state=POSTED_VIA_APP
qc_inspection,JIVO_OIL,960,2026-06-24,GE-2026-9920,PM0000852,PREFORM 49.5 GMS 36 MM,Pet Preform 50 Gm,156000.000,PCS,FRYSTAL PET PRIVATE LIMITED,hold_hours_slip_to_QA_manager,0.59,hours,ACCEPTED,factory.jivo.in /quality-control/inspections/,VERIFIED,group=PM_PACKAGING; hold_to_chemist_h=0.35; grpo_state=POSTED_VIA_APP
qc_inspection,JIVO_OIL,958,2026-06-23,GE-2026-0064,PM0000003,CARTON 1 LTR POMACE 16 PCS,Carton1_liter_x_16pcs_(olive-pomace),6782.000,PCS,KUBER PAPER & PACK PRIVATE LIMITED AAJCK3867H0,hold_hours_slip_to_QA_manager,14.21,hours,ACCEPTED,factory.jivo.in /quality-control/inspections/,VERIFIED,group=PM_PACKAGING; hold_to_chemist_h=14.19; grpo_state=POSTED_VIA_APP
qc_inspection,JIVO_OIL,956,2026-06-23,GE-2026-6133,PM0000468,CAPS 5 LTR GREEN,Cap_5l_green,4140.000,PCS,ECHO PLAST INDIA,hold_hours_slip_to_QA_manager,0.53,hours,ACCEPTED,factory.jivo.in /quality-control/inspections/,VERIFIED,group=PM_PACKAGING; hold_to_chemist_h=0.46; grpo_state=PENDING_IN_APP
qc_inspection,JIVO_OIL,957,2026-06-23,GE-2026-6133,PM0000053,HDPE BOTTLE 5 LTR,5 Ltr. Jerry Can,4140.000,PCS,ECHO PLAST INDIA,hold_hours_slip_to_QA_manager,0.53,hours,ACCEPTED,factory.jivo.in /quality-control/inspections/,VERIFIED,group=PM_PACKAGING; hold_to_chemist_h=0.51; grpo_state=PENDING_IN_APP
qc_inspection,JIVO_OIL,955,2026-06-23,GE-2026-8826,PM0000609,LABEL 15 KGS REFINED SOYBEAN OIL PCS,Label 15 Kgs Refined Soybean Oil,20900.000,PCS,PEARL INDUSTRIES,hold_hours_slip_to_QA_manager,1.5,hours,ACCEPTED,factory.jivo.in /quality-control/inspections/,VERIFIED,group=PM_PACKAGING; hold_to_chemist_h=1.46; grpo_state=PENDING_IN_APP
qc_inspection,JIVO_OIL,954,2026-06-23,GE-2026-0403,PM0000053,HDPE BOTTLE 5 LTR,5 Ltr. Jerry Can,3750.000,PCS,RAJ TECHNOPACK PVT LTD,hold_hours_slip_to_QA_manager,1.37,hours,ACCEPTED,factory.jivo.in /quality-control/inspections/,VERIFIED,group=PM_PACKAGING; hold_to_chemist_h=1.31; grpo_state=PENDING_IN_APP
qc_inspection,JIVO_OIL,953,2026-06-23,GE-2026-0403,PM0000470,CAPS 5 LTR ORANGE,Caps 5l Orange,3750.000,PCS,RAJ TECHNOPACK PVT LTD,hold_hours_slip_to_QA_manager,1.37,hours,ACCEPTED,factory.jivo.in /quality-control/inspections/,VERIFIED,group=PM_PACKAGING; hold_to_chemist_h=1.29; grpo_state=PENDING_IN_APP
qc_inspection,JIVO_OIL,952,2026-06-23,GE-2026-4306,PM0000082,CARTON 5 LTR OLIVE 4 PCS,Carton_5_liter_x_4_pcs(canola/olive),6166.000,PCS,SSY CONTAINERS PVT LTD,hold_hours_slip_to_QA_manager,2.96,hours,ACCEPTED,factory.jivo.in /quality-control/inspections/,VERIFIED,group=PM_PACKAGING; hold_to_chemist_h=2.92; grpo_state=PENDING_IN_APP
qc_inspection,JIVO_OIL,962,2026-06-23,GE-2026-9107,RM0000003,MUSTARD LOOSE OIL,Mustard Oil,39.200,MTS,AWL AGRI BUSINESS LIMITED,hold_hours_slip_to_QA_manager,25.22,hours,ACCEPTED,factory.jivo.in /quality-control/inspections/,VERIFIED,group=RM_BULK_OIL; hold_to_chemist_h=25.21; grpo_state=PENDING_IN_APP
qc_inspection,JIVO_OIL,951,2026-06-23,GE-2026-1092,PM0000031,LABEL 15 LTR REFINED FRONT,Label 15 Ltr Canola Oil,6600.000,PCS,PEARL INDUSTRIES,hold_hours_slip_to_QA_manager,0.64,hours,ACCEPTED,factory.jivo.in /quality-control/inspections/,VERIFIED,group=PM_PACKAGING; hold_to_chemist_h=0.46; grpo_state=PENDING_IN_APP
qc_inspection,JIVO_OIL,982,2026-06-22,GE-2026-9393,PM0000288,LABEL 5 LTR SOYABEAN BACK,Label 5 Ltr Soyabean Back,4200.000,PCS,ROYAL PRIME LABELS,hold_hours_slip_to_QA_manager,89.03,hours,ACCEPTED,factory.jivo.in /quality-control/inspections/,VERIFIED,group=PM_PACKAGING; hold_to_chemist_h=87.75; grpo_state=PENDING_IN_APP
qc_inspection,JIVO_OIL,981,2026-06-22,GE-2026-9393,PM0000289,LABEL 5 LTR SOYABEAN FRONT,Label Soybean Oil 5l Front,4200.000,PCS,ROYAL PRIME LABELS,hold_hours_slip_to_QA_manager,89.07,hours,ACCEPTED,factory.jivo.in /quality-control/inspections/,VERIFIED,group=PM_PACKAGING; hold_to_chemist_h=87.69; grpo_state=PENDING_IN_APP
qc_inspection,JIVO_OIL,949,2026-06-22,GE-2026-9393,PM0000846,LABEL 2 LTR CP MUSTARD OIL HENDLE BOTTLE FRONT LA RASOI,Label 2l Cp Kachi Ghani Mustard Rasoi Front,2700.000,PCS,ROYAL PRIME LABELS,hold_hours_slip_to_QA_manager,13.22,hours,ACCEPTED,factory.jivo.in /quality-control/inspections/,VERIFIED,group=PM_PACKAGING; hold_to_chemist_h=13.04; grpo_state=PENDING_IN_APP
qc_inspection,JIVO_OIL,950,2026-06-22,GE-2026-9393,PM0000843,LABEL 2 LTR CP MUSTARD OIL HANDLE BOTTLE BACK LA RASOI,Label 2l Cp Kachi Ghani Mustard Rasoi Back,2700.000,PCS,ROYAL PRIME LABELS,hold_hours_slip_to_QA_manager,13.22,hours,ACCEPTED,factory.jivo.in /quality-control/inspections/,VERIFIED,group=PM_PACKAGING; hold_to_chemist_h=13.06; grpo_state=PENDING_IN_APP
qc_inspection,JIVO_OIL,944,2026-06-22,GE-2026-5954,PM0000053,HDPE BOTTLE 5 LTR,5 Ltr. Jerry Can,4200.000,PCS,RAJ TECHNOPACK PVT LTD,hold_hours_slip_to_QA_manager,0.94,hours,ACCEPTED,factory.jivo.in /quality-control/inspections/,VERIFIED,group=PM_PACKAGING; hold_to_chemist_h=0.91; grpo_state=PENDING_IN_APP
qc_inspection,JIVO_OIL,941,2026-06-22,GE-2026-5954,PM0000468,CAPS 5 LTR GREEN,Cap_5l_green,4200.000,PCS,RAJ TECHNOPACK PVT LTD,hold_hours_slip_to_QA_manager,0.96,hours,ACCEPTED,factory.jivo.in /quality-control/inspections/,VERIFIED,group=PM_PACKAGING; hold_to_chemist_h=0.68; grpo_state=PENDING_IN_APP
qc_inspection,JIVO_OIL,945,2026-06-22,GE-2026-4204,PM0000358,HDPE BOTTLE 5 LTR GOLD,5 Ltr. Jerry Can Golden,1335.000,PCS,ECHO PLAST INDIA,hold_hours_slip_to_QA_manager,2.11,hours,ACCEPTED,factory.jivo.in /quality-control/inspections/,VERIFIED,group=PM_PACKAGING; hold_to_chemist_h=1.99; grpo_state=PENDING_IN_APP
qc_inspection,JIVO_OIL,946,2026-06-22,GE-2026-4204,PM0000053,HDPE BOTTLE 5 LTR,5 Ltr. Jerry Can,3090.000,PCS,ECHO PLAST INDIA,hold_hours_slip_to_QA_manager,3.69,hours,ACCEPTED,factory.jivo.in /quality-control/inspections/,VERIFIED,group=PM_PACKAGING; hold_to_chemist_h=3.6; grpo_state=PENDING_IN_APP
qc_inspection,JIVO_OIL,947,2026-06-22,GE-2026-4204,PM0000468,CAPS 5 LTR GREEN,Cap_5l_green,1425.000,PCS,ECHO PLAST INDIA,hold_hours_slip_to_QA_manager,3.71,hours,ACCEPTED,factory.jivo.in /quality-control/inspections/,VERIFIED,group=PM_PACKAGING; hold_to_chemist_h=3.62; grpo_state=PENDING_IN_APP
qc_inspection,JIVO_OIL,948,2026-06-22,GE-2026-4204,PM0000469,CAPS 5 LTR BROWN,Cap 5l Brown,3000.000,PCS,ECHO PLAST INDIA,hold_hours_slip_to_QA_manager,3.71,hours,ACCEPTED,factory.jivo.in /quality-control/inspections/,VERIFIED,group=PM_PACKAGING; hold_to_chemist_h=3.67; grpo_state=PENDING_IN_APP
qc_inspection,JIVO_OIL,940,2026-06-22,GE-2026-0807,PM0000080,TIN 5 LTR POMACE OLIVE PRINTED,Printed Tin 5l Olive Pomace,3248.000,PCS,NATIONAL TIN INDUSTRIES,hold_hours_slip_to_QA_manager,0.09,hours,ACCEPTED,factory.jivo.in /quality-control/inspections/,VERIFIED,group=PM_PACKAGING; hold_to_chemist_h=0.03; grpo_state=PENDING_IN_APP
qc_inspection,JIVO_OIL,943,2026-06-22,GE-2026-0807,PM0000077,TIN 5 LTR EXTRA LIGHT OLIVE PRINTED,Tin 5l E L Olive Printed,599.000,PCS,NATIONAL TIN INDUSTRIES,hold_hours_slip_to_QA_manager,6.2,hours,ACCEPTED,factory.jivo.in /quality-control/inspections/,VERIFIED,group=PM_PACKAGING; hold_to_chemist_h=6.06; grpo_state=PENDING_IN_APP
qc_inspection,JIVO_OIL,942,2026-06-22,GE-2026-0807,PM0000395,TIN 5 LTR POMACE OLIVE SANO,Printed Tin 5 Ltr,2232.000,PCS,NATIONAL TIN INDUSTRIES,hold_hours_slip_to_QA_manager,6.22,hours,ACCEPTED,factory.jivo.in /quality-control/inspections/,VERIFIED,group=PM_PACKAGING; hold_to_chemist_h=6.04; grpo_state=PENDING_IN_APP
qc_inspection,JIVO_OIL,939,2026-06-22,GE-2026-0807,PM0000080,TIN 5 LTR POMACE OLIVE PRINTED,Printed Tin 5l Olive Pomace,2186.000,PCS,NATIONAL TIN INDUSTRIES,hold_hours_slip_to_QA_manager,0.15,hours,ACCEPTED,factory.jivo.in /quality-control/inspections/,VERIFIED,group=PM_PACKAGING; hold_to_chemist_h=0.07; grpo_state=PENDING_IN_APP
qc_inspection,JIVO_OIL,938,2026-06-21,GE-2026-1519,PM0000851,PET BOTTLE 1 LTR 26 GM,Pet_bottle_1_ltr_26gm,1638.000,PCS,TPAC PACKAGING INDIA PVT LTD II,hold_hours_slip_to_QA_manager,0.29,hours,ACCEPTED,factory.jivo.in /quality-control/inspections/,VERIFIED,group=PM_PACKAGING; hold_to_chemist_h=0.25; grpo_state=POSTED_VIA_APP
qc_inspection,JIVO_OIL,936,2026-06-21,GE-2026-6054,PM0000194,PET BOTTLE 1 LTR 40 GMS,Pet_bottle_1ltr_40gm,15288.000,PCS,TPAC PACKAGING INDIA PVT LTD,hold_hours_slip_to_QA_manager,0.08,hours,ACCEPTED,factory.jivo.in /quality-control/inspections/,VERIFIED,group=PM_PACKAGING; hold_to_chemist_h=0.03; grpo_state=POSTED_VIA_APP
qc_inspection,JIVO_OIL,937,2026-06-21,GE-2026-6054,PM0000851,PET BOTTLE 1 LTR 26 GM,Pet_bottle_1_ltr_26gm,20280.000,PCS,TPAC PACKAGING INDIA PVT LTD II,hold_hours_slip_to_QA_manager,0.38,hours,ACCEPTED,factory.jivo.in /quality-control/inspections/,VERIFIED,group=PM_PACKAGING; hold_to_chemist_h=0.28; grpo_state=POSTED_VIA_APP
qc_inspection,JIVO_OIL,934,2026-06-20,GE-2026-7741,PM0000229,CARTON 4 LTR 5 PCS,Carton 4l X 5 Pcs. 495 X 225 X 333,2015.000,PCS,SSY CONTAINERS PVT LTD,hold_hours_slip_to_QA_manager,1.58,hours,ACCEPTED,factory.jivo.in /quality-control/inspections/,VERIFIED,group=PM_PACKAGING; hold_to_chemist_h=1.5; grpo_state=POSTED_VIA_APP
qc_inspection,JIVO_OIL,935,2026-06-20,GE-2026-7741,PM0000009,CARTON 2 LTR 10 PCS,Carton 2l X 10pcs 580x200x300,2226.000,PCS,SSY CONTAINERS PVT LTD,hold_hours_slip_to_QA_manager,2.04,hours,ACCEPTED,factory.jivo.in /quality-control/inspections/,VERIFIED,group=PM_PACKAGING; hold_to_chemist_h=2.01; grpo_state=POSTED_VIA_APP
qc_inspection,JIVO_OIL,933,2026-06-20,GE-2026-7741,PM0000005,CARTON 1 LTR 12 POUCHES,Carton_1l_x_12_pcs_(pouch),1840.000,PCS,SSY CONTAINERS PVT LTD,hold_hours_slip_to_QA_manager,1.59,hours,ACCEPTED,factory.jivo.in /quality-control/inspections/,VERIFIED,group=PM_PACKAGING; hold_to_chemist_h=1.29; grpo_state=POSTED_VIA_APP
qc_inspection,JIVO_OIL,931,2026-06-20,GE-2026-7228,PM0000053,HDPE BOTTLE 5 LTR,5 Ltr. Jerry Can,3750.000,PCS,RAJ TECHNOPACK PVT LTD,hold_hours_slip_to_QA_manager,0.57,hours,ACCEPTED,factory.jivo.in /quality-control/inspections/,VERIFIED,group=PM_PACKAGING; hold_to_chemist_h=0.55; grpo_state=POSTED_VIA_APP
qc_inspection,JIVO_OIL,930,2026-06-20,GE-2026-7228,PM0000468,CAPS 5 LTR GREEN,Cap_5l_green,3750.000,PCS,RAJ TECHNOPACK PVT LTD,hold_hours_slip_to_QA_manager,0.57,hours,ACCEPTED,factory.jivo.in /quality-control/inspections/,VERIFIED,group=PM_PACKAGING; hold_to_chemist_h=0.34; grpo_state=POSTED_VIA_APP
qc_inspection,JIVO_OIL,932,2026-06-20,GE-2026-1571,PM0000075,TAPE LOGO PRINTED,Printed Tape,109200.000,MTR,SHRI PATA ENTERPRISES,hold_hours_slip_to_QA_manager,2.23,hours,ACCEPTED,factory.jivo.in /quality-control/inspections/,VERIFIED,group=PM_PACKAGING; hold_to_chemist_h=2.22; grpo_state=POSTED_VIA_APP
qc_inspection,JIVO_OIL,929,2026-06-19,GE-2026-6814,PM0000013,CARTON 5 LTR 4 PCS,Carton_5l_x_4_pcs_canola_(450x257x325),8466.000,PCS,KUBER PAPER & PACK PRIVATE LIMITED AAJCK3867H0,hold_hours_slip_to_QA_manager,3.21,hours,ACCEPTED,factory.jivo.in /quality-control/inspections/,VERIFIED,group=PM_PACKAGING; hold_to_chemist_h=3.2; grpo_state=POSTED_VIA_APP
qc_inspection,JIVO_OIL,923,2026-06-18,GE-2026-3455,PM0000053,HDPE BOTTLE 5 LTR,5 Ltr. Jerry Can,108.000,PCS,AG POLY PACKS PVT LTD,hold_hours_slip_to_QA_manager,15.86,hours,ACCEPTED,factory.jivo.in /quality-control/inspections/,VERIFIED,group=PM_PACKAGING; hold_to_chemist_h=0.08; grpo_state=POSTED_VIA_APP
qc_inspection,JIVO_OIL,924,2026-06-18,GE-2026-3455,PM0000469,CAPS 5 LTR BROWN,Cap 5l Brown,108.000,PCS,AG POLY PACKS PVT LTD,hold_hours_slip_to_QA_manager,0.12,hours,ACCEPTED,factory.jivo.in /quality-control/inspections/,VERIFIED,group=PM_PACKAGING; hold_to_chemist_h=0.1; grpo_state=POSTED_VIA_APP
qc_inspection,JIVO_OIL,919,2026-06-18,GE-2026-6110,PM0000851,PET BOTTLE 1 LTR 26 GM,Pet_bottle_1_ltr_26gm,11856.000,PCS,TPAC PACKAGING INDIA PVT LTD II,hold_hours_slip_to_QA_manager,0.39,hours,ACCEPTED,factory.jivo.in /quality-control/inspections/,VERIFIED,group=PM_PACKAGING; hold_to_chemist_h=0.34; grpo_state=POSTED_VIA_APP
qc_inspection,JIVO_OIL,925,2026-06-18,GE-2026-6110,PM0000194,PET BOTTLE 1 LTR 40 GMS,Pet_bottle_1ltr_40gm,3666.000,PCS,TPAC PACKAGING INDIA PVT LTD,hold_hours_slip_to_QA_manager,17.91,hours,ACCEPTED,factory.jivo.in /quality-control/inspections/,VERIFIED,group=PM_PACKAGING; hold_to_chemist_h=17.76; grpo_state=POSTED_VIA_APP
qc_inspection,JIVO_OIL,926,2026-06-18,GE-2026-6110,PM0000121,PET BOTTLE 1 LTR 52 GMS POMACE,1 Ltr Pet Bottle Pomace (52gm) Br,6112.000,PCS,TPAC PACKAGING INDIA PVT LTD,hold_hours_slip_to_QA_manager,17.92,hours,ACCEPTED,factory.jivo.in /quality-control/inspections/,VERIFIED,group=PM_PACKAGING; hold_to_chemist_h=17.81; grpo_state=POSTED_VIA_APP
qc_inspection,JIVO_OIL,927,2026-06-18,GE-2026-6110,PM0000121,PET BOTTLE 1 LTR 52 GMS POMACE,1 Ltr Pet Bottle Pomace (52gm) Br,14636.000,PCS,TPAC PACKAGING INDIA PVT LTD,hold_hours_slip_to_QA_manager,17.9,hours,ACCEPTED,factory.jivo.in /quality-control/inspections/,VERIFIED,group=PM_PACKAGING; hold_to_chemist_h=17.84; grpo_state=POSTED_VIA_APP
qc_inspection,JIVO_OIL,917,2026-06-18,GE-2026-3268,PM0000094,SHRINKS 5 LTR 340X415 5 LTR SINGAL PCS,Shrink 5ltr 340x415,23000.000,PCS,MULTILAYER INDUSTRIES,hold_hours_slip_to_QA_manager,0.47,hours,ACCEPTED,factory.jivo.in /quality-control/inspections/,VERIFIED,group=PM_PACKAGING; hold_to_chemist_h=0.17; grpo_state=PENDING_IN_APP
qc_inspection,JIVO_OIL,918,2026-06-18,GE-2026-3268,PM0000187,SHRINKS 3 LTR/4 LTR,Shrink_pouch_3/4l 385 X 325,11000.000,PCS,MULTILAYER INDUSTRIES,hold_hours_slip_to_QA_manager,0.47,hours,ACCEPTED,factory.jivo.in /quality-control/inspections/,VERIFIED,group=PM_PACKAGING; hold_to_chemist_h=0.43; grpo_state=PENDING_IN_APP
qc_inspection,JIVO_OIL,916,2026-06-18,GE-2026-1959,PM0000053,HDPE BOTTLE 5 LTR,5 Ltr. Jerry Can,3750.000,PCS,RAJ TECHNOPACK PVT LTD,hold_hours_slip_to_QA_manager,0.73,hours,ACCEPTED,factory.jivo.in /quality-control/inspections/,VERIFIED,group=PM_PACKAGING; hold_to_chemist_h=0.71; grpo_state=PENDING_IN_APP
qc_inspection,JIVO_OIL,920,2026-06-18,GE-2026-2918,PM0000468,CAPS 5 LTR GREEN,Cap_5l_green,2280.000,PCS,ECHO PLAST INDIA,hold_hours_slip_to_QA_manager,,hours,REJECTED,factory.jivo.in /quality-control/inspections/,VERIFIED,group=PM_PACKAGING; hold_to_chemist_h=3.37; grpo_state=NOT_IN_GRPO_QUEUE
qc_inspection,JIVO_OIL,921,2026-06-18,GE-2026-2918,PM0000358,HDPE BOTTLE 5 LTR GOLD,5 Ltr. Jerry Can Golden,2040.000,PCS,ECHO PLAST INDIA,hold_hours_slip_to_QA_manager,3.45,hours,ACCEPTED,factory.jivo.in /quality-control/inspections/,VERIFIED,group=PM_PACKAGING; hold_to_chemist_h=3.42; grpo_state=NOT_IN_GRPO_QUEUE
qc_inspection,JIVO_OIL,915,2026-06-18,GE-2026-2918,PM0000053,HDPE BOTTLE 5 LTR,5 Ltr. Jerry Can,240.000,PCS,ECHO PLAST INDIA,hold_hours_slip_to_QA_manager,0.62,hours,ACCEPTED,factory.jivo.in /quality-control/inspections/,VERIFIED,group=PM_PACKAGING; hold_to_chemist_h=0.58; grpo_state=NOT_IN_GRPO_QUEUE
qc_inspection,JIVO_OIL,912,2026-06-18,GE-2026-7969,PM0000078,CAPS 5 LTR/15 LTR,Spout_cap_tin_yellow_5l_15_l,18000.000,PCS,NATIONAL TIN INDUSTRIES,hold_hours_slip_to_QA_manager,4.11,hours,ACCEPTED,factory.jivo.in /quality-control/inspections/,VERIFIED,group=PM_PACKAGING; hold_to_chemist_h=3.87; grpo_state=POSTED_VIA_APP
qc_inspection,JIVO_OIL,911,2026-06-18,GE-2026-7969,PM0000076,TIN 15 LTR,Tin 15 Kg,3201.000,PCS,NATIONAL TIN INDUSTRIES,hold_hours_slip_to_QA_manager,1.05,hours,ACCEPTED,factory.jivo.in /quality-control/inspections/,VERIFIED,group=PM_PACKAGING; hold_to_chemist_h=1.03; grpo_state=POSTED_VIA_APP
qc_inspection,JIVO_OIL,910,2026-06-17,GE-2026-7098,PM0000468,CAPS 5 LTR GREEN,Cap_5l_green,2550.000,PCS,ECHO PLAST INDIA,hold_hours_slip_to_QA_manager,0.36,hours,ACCEPTED,factory.jivo.in /quality-control/inspections/,VERIFIED,group=PM_PACKAGING; hold_to_chemist_h=0.35; grpo_state=PENDING_IN_APP
qc_inspection,JIVO_OIL,909,2026-06-17,GE-2026-7098,PM0000053,HDPE BOTTLE 5 LTR,5 Ltr. Jerry Can,2550.000,PCS,ECHO PLAST INDIA,hold_hours_slip_to_QA_manager,0.36,hours,ACCEPTED,factory.jivo.in /quality-control/inspections/,VERIFIED,group=PM_PACKAGING; hold_to_chemist_h=0.29; grpo_state=PENDING_IN_APP
qc_inspection,JIVO_OIL,907,2026-06-17,GE-2026-5837,PM0000632,CARTON 5 LTR TIN OLIVE 4 PCS SANO,Carton_5l_x_4_pcs_sano,1800.000,PCS,SSY CONTAINERS PVT LTD,hold_hours_slip_to_QA_manager,1.1,hours,ACCEPTED,factory.jivo.in /quality-control/inspections/,VERIFIED,group=PM_PACKAGING; hold_to_chemist_h=1.08; grpo_state=PENDING_IN_APP
qc_inspection,JIVO_OIL,906,2026-06-17,GE-2026-5837,PM0000082,CARTON 5 LTR OLIVE 4 PCS,Carton_5l_x_4_pcs_sano,1700.000,PCS,SSY CONTAINERS PVT LTD,hold_hours_slip_to_QA_manager,0.99,hours,ACCEPTED,factory.jivo.in /quality-control/inspections/,VERIFIED,group=PM_PACKAGING; hold_to_chemist_h=0.96; grpo_state=PENDING_IN_APP
qc_inspection,JIVO_OIL,905,2026-06-17,GE-2026-5837,PM0000411,CARTON 1 LTR 20 PCS PET 26GM,Carton_1l_x_20_pcs_26_gm,995.000,PCS,SSY CONTAINERS PVT LTD,hold_hours_slip_to_QA_manager,1.0,hours,ACCEPTED,factory.jivo.in /quality-control/inspections/,VERIFIED,group=PM_PACKAGING; hold_to_chemist_h=0.72; grpo_state=PENDING_IN_APP
qc_inspection,JIVO_OIL,904,2026-06-17,GE-2026-5837,PM0000629,CARTON TIN TOP,Carton Tin Collar,5300.000,PCS,SSY CONTAINERS PVT LTD,hold_hours_slip_to_QA_manager,1.01,hours,ACCEPTED,factory.jivo.in /quality-control/inspections/,VERIFIED,group=PM_PACKAGING; hold_to_chemist_h=0.61; grpo_state=PENDING_IN_APP
qc_inspection,JIVO_OIL,902,2026-06-17,GE-2026-3490,PM0000075,TAPE LOGO PRINTED,Printed Tape,241500.000,MTR,BAKSHI PLASTIC BHANDAR,hold_hours_slip_to_QA_manager,0.83,hours,ACCEPTED,factory.jivo.in /quality-control/inspections/,VERIFIED,group=PM_PACKAGING; hold_to_chemist_h=0.82; grpo_state=PENDING_IN_APP
qc_inspection,JIVO_OIL,903,2026-06-16,GE-2026-8817,PM0000076,TIN 15 LTR,Tin 15 Kg,1122.000,PCS,NATIONAL TIN INDUSTRIES,hold_hours_slip_to_QA_manager,19.05,hours,ACCEPTED,factory.jivo.in /quality-control/inspections/,VERIFIED,group=PM_PACKAGING; hold_to_chemist_h=19.02; grpo_state=PENDING_IN_APP
qc_inspection,JIVO_OIL,901,2026-06-16,GE-2026-8817,PM0000080,TIN 5 LTR POMACE OLIVE PRINTED,Printed Tin 5l Olive Pomace,7044.000,PCS,NATIONAL TIN INDUSTRIES,hold_hours_slip_to_QA_manager,0.24,hours,ACCEPTED,factory.jivo.in /quality-control/inspections/,VERIFIED,group=PM_PACKAGING; hold_to_chemist_h=0.23; grpo_state=PENDING_IN_APP
qc_inspection,JIVO_OIL,900,2026-06-16,GE-2026-7813,PM0000235,CAPS 1 LTR WHITE AND YELLOW SMALL PLAIN,Cap Yellow-white 1l Plain,45000.000,PCS,BABAJI UDYOG PVT. LTD.,hold_hours_slip_to_QA_manager,3.32,hours,ACCEPTED,factory.jivo.in /quality-control/inspections/,VERIFIED,group=PM_PACKAGING; hold_to_chemist_h=3.14; grpo_state=PENDING_IN_APP
qc_inspection,JIVO_OIL,899,2026-06-16,GE-2026-7813,PM0000085,CAPS 1 OR 2 LTR WHITE AND YELLOW WITH LOGO,Cap_yellow_white_1ltr._&_2_ltr.,99000.000,PCS,BABAJI UDYOG PVT. LTD.,hold_hours_slip_to_QA_manager,3.16,hours,ACCEPTED,factory.jivo.in /quality-control/inspections/,VERIFIED,group=PM_PACKAGING; hold_to_chemist_h=3.1; grpo_state=PENDING_IN_APP
qc_inspection,JIVO_OIL,898,2026-06-16,GE-2026-9236,PM0000469,CAPS 5 LTR BROWN,Cap 5l Brown,4050.000,PCS,RAJ TECHNOPACK PVT LTD,hold_hours_slip_to_QA_manager,5.1,hours,ACCEPTED,factory.jivo.in /quality-control/inspections/,VERIFIED,group=PM_PACKAGING; hold_to_chemist_h=4.99; grpo_state=PENDING_IN_APP
qc_inspection,JIVO_OIL,897,2026-06-16,GE-2026-9236,PM0000053,HDPE BOTTLE 5 LTR,5 Ltr. Jerry Can,4050.000,PCS,RAJ TECHNOPACK PVT LTD,hold_hours_slip_to_QA_manager,5.09,hours,ACCEPTED,factory.jivo.in /quality-control/inspections/,VERIFIED,group=PM_PACKAGING; hold_to_chemist_h=4.97; grpo_state=PENDING_IN_APP
qc_inspection,JIVO_OIL,852,2026-06-15,GE-2026-0739,PM0000094,SHRINKS 5 LTR 340X415 5 LTR SINGAL PCS,Shrink 5ltr 340x415,17500.000,PCS,MULTILAYER INDUSTRIES,hold_hours_slip_to_QA_manager,0.08,hours,ACCEPTED,factory.jivo.in /quality-control/inspections/,VERIFIED,group=PM_PACKAGING; hold_to_chemist_h=0.07; grpo_state=POSTED_VIA_APP
qc_inspection,JIVO_OIL,853,2026-06-15,GE-2026-4625,PM0000358,HDPE BOTTLE 5 LTR GOLD,5 Ltr. Jerry Can Golden,2475.000,PCS,ECHO PLAST INDIA,hold_hours_slip_to_QA_manager,0.18,hours,ACCEPTED,factory.jivo.in /quality-control/inspections/,VERIFIED,group=PM_PACKAGING; hold_to_chemist_h=0.1; grpo_state=PENDING_IN_APP
qc_inspection,JIVO_OIL,854,2026-06-15,GE-2026-4625,PM0000469,CAPS 5 LTR BROWN,Cap 5l Brown,3000.000,PCS,ECHO PLAST INDIA,hold_hours_slip_to_QA_manager,0.18,hours,ACCEPTED,factory.jivo.in /quality-control/inspections/,VERIFIED,group=PM_PACKAGING; hold_to_chemist_h=0.13; grpo_state=PENDING_IN_APP
qc_inspection,JIVO_OIL,855,2026-06-15,GE-2026-4625,PM0000053,HDPE BOTTLE 5 LTR,5 Ltr. Jerry Can,1905.000,PCS,ECHO PLAST INDIA,hold_hours_slip_to_QA_manager,,hours,REJECTED,factory.jivo.in /quality-control/inspections/,VERIFIED,group=PM_PACKAGING; hold_to_chemist_h=0.19; grpo_state=PENDING_IN_APP
qc_inspection,JIVO_OIL,856,2026-06-15,GE-2026-4625,PM0000468,CAPS 5 LTR GREEN,Cap_5l_green,1380.000,PCS,ECHO PLAST INDIA,hold_hours_slip_to_QA_manager,,hours,REJECTED,factory.jivo.in /quality-control/inspections/,VERIFIED,group=PM_PACKAGING; hold_to_chemist_h=0.31; grpo_state=PENDING_IN_APP
qc_inspection,JIVO_OIL,850,2026-06-15,GE-2026-1205,PM0000020,LABEL 1 LTR KACHCHI GHANI FRONT,Label_cp_kg_mustard_1l_front,300000.000,PCS,ZENBI INTERNATIONAL PRIVATE LIMITED,hold_hours_slip_to_QA_manager,1.27,hours,ACCEPTED,factory.jivo.in /quality-control/inspections/,VERIFIED,group=PM_PACKAGING; hold_to_chemist_h=1.23; grpo_state=POSTED_VIA_APP
qc_inspection,JIVO_OIL,851,2026-06-15,GE-2026-1205,PM0000019,LABEL 1 LTR KACHCHI GHANI BACK,Label_cp_kg_mustard_1l_back,300000.000,PCS,ZENBI INTERNATIONAL PRIVATE LIMITED,hold_hours_slip_to_QA_manager,1.27,hours,ACCEPTED,factory.jivo.in /quality-control/inspections/,VERIFIED,group=PM_PACKAGING; hold_to_chemist_h=1.25; grpo_state=POSTED_VIA_APP
qc_inspection,JIVO_OIL,844,2026-06-15,GE-2026-0442,PM0000851,PET BOTTLE 1 LTR 26 GM,Pet_bottle_1_ltr_26gm,43456.000,PCS,BR AGROTECH LTD,hold_hours_slip_to_QA_manager,0.4,hours,ACCEPTED,factory.jivo.in /quality-control/inspections/,VERIFIED,group=PM_PACKAGING; hold_to_chemist_h=0.29; grpo_state=POSTED_VIA_APP
qc_inspection,JIVO_OIL,847,2026-06-15,GE-2026-4152,PM0000891,POUCH SOYABEAN MULTI  KGS,Pouch Soyabean Multi  Kgs,4107.000,KGS,UFLEX LIMITED NEW,hold_hours_slip_to_QA_manager,1.9,hours,ACCEPTED,factory.jivo.in /quality-control/inspections/,VERIFIED,group=PM_PACKAGING; hold_to_chemist_h=1.89; grpo_state=PENDING_IN_APP
qc_inspection,JIVO_OIL,843,2026-06-15,GE-2026-4300,PM0000005,CARTON 1 LTR 12 POUCHES,Carton_1l_x_12_pcs_(pouch),7204.000,PCS,SSY CONTAINERS PVT LTD,hold_hours_slip_to_QA_manager,0.82,hours,ACCEPTED,factory.jivo.in /quality-control/inspections/,VERIFIED,group=PM_PACKAGING; hold_to_chemist_h=0.44; grpo_state=POSTED_VIA_APP
qc_inspection,JIVO_OIL,838,2026-06-13,GE-2026-8102,PM0000005,CARTON 1 LTR 12 POUCHES,Carton_1l_x_12_pcs_(pouch),2830.000,PCS,SSY CONTAINERS PVT LTD,hold_hours_slip_to_QA_manager,0.67,hours,ACCEPTED,factory.jivo.in /quality-control/inspections/,VERIFIED,group=PM_PACKAGING; hold_to_chemist_h=0.66; grpo_state=PENDING_IN_APP
qc_inspection,JIVO_OIL,849,2026-06-13,GE-2026-6611,PM0000025,LABEL 1 LTR REFINED BACK,Label_canola_oil_1l_back,7100.000,PCS,ROYAL PRIME LABELS,hold_hours_slip_to_QA_manager,47.82,hours,ACCEPTED,factory.jivo.in /quality-control/inspections/,VERIFIED,group=PM_PACKAGING; hold_to_chemist_h=47.74; grpo_state=PENDING_IN_APP
qc_inspection,JIVO_OIL,848,2026-06-13,GE-2026-6611,PM0000026,LABEL 1 LTR REFINED FRONT,Label_canola_oil_1l_front,7100.000,PCS,ROYAL PRIME LABELS,hold_hours_slip_to_QA_manager,47.82,hours,ACCEPTED,factory.jivo.in /quality-control/inspections/,VERIFIED,group=PM_PACKAGING; hold_to_chemist_h=47.72; grpo_state=PENDING_IN_APP
qc_inspection,JIVO_OIL,834,2026-06-13,GE-2026-6611,PM0000042,LABEL 2 LTR REFINED FRONT,Label Canola Oil 2 Ltr Front,5100.000,PCS,ROYAL PRIME LABELS,hold_hours_slip_to_QA_manager,1.36,hours,ACCEPTED,factory.jivo.in /quality-control/inspections/,VERIFIED,group=PM_PACKAGING; hold_to_chemist_h=0.72; grpo_state=PENDING_IN_APP
qc_inspection,JIVO_OIL,835,2026-06-13,GE-2026-6611,PM0000041,LABEL 2 LTR REFINED BACK,Label Canola Oil 2 Ltr Back,5100.000,PCS,ROYAL PRIME LABELS,hold_hours_slip_to_QA_manager,1.35,hours,ACCEPTED,factory.jivo.in /quality-control/inspections/,VERIFIED,group=PM_PACKAGING; hold_to_chemist_h=0.77; grpo_state=PENDING_IN_APP
qc_inspection,JIVO_OIL,836,2026-06-13,GE-2026-6611,PM0000014,LABEL 1 LTR COLD PRESS BACK 8181,Label_cp_canola_1l_back,72500.000,PCS,ROYAL PRIME LABELS,hold_hours_slip_to_QA_manager,1.36,hours,ACCEPTED,factory.jivo.in /quality-control/inspections/,VERIFIED,group=PM_PACKAGING; hold_to_chemist_h=1.05; grpo_state=PENDING_IN_APP
qc_inspection,JIVO_OIL,837,2026-06-13,GE-2026-6611,PM0000864,LABEL 1 LTR CANOLA FRONT (NIRMAL RISHI),Label_cp_canola_1l_front,72500.000,PCS,ROYAL PRIME LABELS,hold_hours_slip_to_QA_manager,1.35,hours,ACCEPTED,factory.jivo.in /quality-control/inspections/,VERIFIED,group=PM_PACKAGING; hold_to_chemist_h=1.1; grpo_state=PENDING_IN_APP
qc_inspection,JIVO_OIL,839,2026-06-13,GE-2026-6611,PM0000159,LABEL 1 LTR EXTRA VIRGIN BACK,Label_ev_olive_oil_1l_back,21500.000,PCS,ROYAL PRIME LABELS,hold_hours_slip_to_QA_manager,2.18,hours,ACCEPTED,factory.jivo.in /quality-control/inspections/,VERIFIED,group=PM_PACKAGING; hold_to_chemist_h=1.85; grpo_state=PENDING_IN_APP
qc_inspection,JIVO_OIL,840,2026-06-13,GE-2026-6611,PM0000158,LABEL 1 LTR EXTRA VIRGIN FRONT,Label Ev Olive Oil 1l Front,21500.000,PCS,ROYAL PRIME LABELS,hold_hours_slip_to_QA_manager,2.18,hours,ACCEPTED,factory.jivo.in /quality-control/inspections/,VERIFIED,group=PM_PACKAGING; hold_to_chemist_h=1.86; grpo_state=PENDING_IN_APP
qc_inspection,JIVO_OIL,845,2026-06-13,GE-2026-6611,PM0000035,LABEL 2 LTR KACHCHI GHANI BACK,Label_cp_kg_mustard_oil_2l_back,22000.000,PCS,ROYAL PRIME LABELS,hold_hours_slip_to_QA_manager,42.84,hours,ACCEPTED,factory.jivo.in /quality-control/inspections/,VERIFIED,group=PM_PACKAGING; hold_to_chemist_h=42.42; grpo_state=PENDING_IN_APP
qc_inspection,JIVO_OIL,846,2026-06-13,GE-2026-6611,PM0000036,LABEL 2 LTR KACHCHI GHANI FRONT,Label_cp_kg_mustard_oil_2l Front,22000.000,PCS,ROYAL PRIME LABELS,hold_hours_slip_to_QA_manager,42.84,hours,ACCEPTED,factory.jivo.in /quality-control/inspections/,VERIFIED,group=PM_PACKAGING; hold_to_chemist_h=42.43; grpo_state=PENDING_IN_APP
qc_inspection,JIVO_OIL,913,2026-06-13,GE-2026-6611,PM0000023,LABEL 1 LTR PAKKI GHANI FRONT,Label_pg_mustard_oil_1l_front,41500.000,PCS,ROYAL PRIME LABELS,hold_hours_slip_to_QA_manager,118.3,hours,ACCEPTED,factory.jivo.in /quality-control/inspections/,VERIFIED,group=PM_PACKAGING; hold_to_chemist_h=117.35; grpo_state=PENDING_IN_APP
qc_inspection,JIVO_OIL,914,2026-06-13,GE-2026-6611,PM0000022,LABEL 1 LTR PAKKI GHANI BACK,Label_pg_mustard_oil_1l_back,41500.000,PCS,ROYAL PRIME LABELS,hold_hours_slip_to_QA_manager,118.3,hours,ACCEPTED,factory.jivo.in /quality-control/inspections/,VERIFIED,group=PM_PACKAGING; hold_to_chemist_h=117.36; grpo_state=PENDING_IN_APP
qc_inspection,JIVO_OIL,842,2026-06-13,GE-2026-6611,PM0000230,LABEL 1 LTR SUNFLOWER FRONT,Label_cp_sunflower_1l_front,73000.000,PCS,ROYAL PRIME LABELS,hold_hours_slip_to_QA_manager,42.17,hours,ACCEPTED,factory.jivo.in /quality-control/inspections/,VERIFIED,group=PM_PACKAGING; hold_to_chemist_h=41.6; grpo_state=PENDING_IN_APP
qc_inspection,JIVO_OIL,841,2026-06-13,GE-2026-6611,PM0000231,LABEL 1 LTR SUNFLOWER BACK,Label_cp_sunflower_1l_back,73000.000,PCS,ROYAL PRIME LABELS,hold_hours_slip_to_QA_manager,42.17,hours,ACCEPTED,factory.jivo.in /quality-control/inspections/,VERIFIED,group=PM_PACKAGING; hold_to_chemist_h=41.58; grpo_state=PENDING_IN_APP
qc_inspection,JIVO_OIL,1012,2026-06-13,GE-2026-6611,PM0000888,LABEL 1 LTR DIVINE HARVEST CP KACHI GHANI FRONT,Label_divine_harvest_cp_kg_mustard_1l_front,5500.000,PCS,ROYAL PRIME LABELS,hold_hours_slip_to_QA_manager,337.48,hours,ACCEPTED,factory.jivo.in /quality-control/inspections/,VERIFIED,group=PM_PACKAGING; hold_to_chemist_h=337.46; grpo_state=PENDING_IN_APP
qc_inspection,JIVO_OIL,1011,2026-06-13,GE-2026-6611,PM0000889,LABEL 1 LTR DIVINE HARVEST CP KACHI GHANI BACK,Label_divine_harvest_cp_kg_mustard_1l_back,5500.000,PCS,ROYAL PRIME LABELS,hold_hours_slip_to_QA_manager,337.51,hours,REJECTED,factory.jivo.in /quality-control/inspections/,VERIFIED,group=PM_PACKAGING; hold_to_chemist_h=337.44; grpo_state=PENDING_IN_APP
qc_inspection,JIVO_OIL,831,2026-06-13,GE-2026-6352,PM0000469,CAPS 5 LTR BROWN,Cap 5l Brown,3600.000,PCS,RAJ TECHNOPACK PVT LTD,hold_hours_slip_to_QA_manager,0.88,hours,ACCEPTED,factory.jivo.in /quality-control/inspections/,VERIFIED,group=PM_PACKAGING; hold_to_chemist_h=0.84; grpo_state=POSTED_VIA_APP
qc_inspection,JIVO_OIL,830,2026-06-13,GE-2026-6352,PM0000053,HDPE BOTTLE 5 LTR,5 Ltr. Jerry Can,3600.000,PCS,RAJ TECHNOPACK PVT LTD,hold_hours_slip_to_QA_manager,0.88,hours,ACCEPTED,factory.jivo.in /quality-control/inspections/,VERIFIED,group=PM_PACKAGING; hold_to_chemist_h=0.8; grpo_state=POSTED_VIA_APP
qc_inspection,JIVO_OIL,828,2026-06-13,GE-2026-1188,PM0000076,TIN 15 LTR,Tin 15 Kg,1110.000,PCS,NATIONAL TIN INDUSTRIES,hold_hours_slip_to_QA_manager,0.51,hours,ACCEPTED,factory.jivo.in /quality-control/inspections/,VERIFIED,group=PM_PACKAGING; hold_to_chemist_h=0.45; grpo_state=POSTED_VIA_APP
qc_inspection,JIVO_OIL,829,2026-06-13,GE-2026-1188,PM0000395,TIN 5 LTR POMACE OLIVE SANO,Printed Tin 5 Ltr,8180.000,PCS,NATIONAL TIN INDUSTRIES,hold_hours_slip_to_QA_manager,0.65,hours,ACCEPTED,factory.jivo.in /quality-control/inspections/,VERIFIED,group=PM_PACKAGING; hold_to_chemist_h=0.57; grpo_state=POSTED_VIA_APP
qc_inspection,JIVO_OIL,833,2026-06-13,GE-2026-1572,PM0000194,PET BOTTLE 1 LTR 40 GMS,Pet_bottle_1ltr_40gm,5226.000,PCS,TPAC PACKAGING INDIA PVT LTD,hold_hours_slip_to_QA_manager,6.65,hours,ACCEPTED,factory.jivo.in /quality-control/inspections/,VERIFIED,group=PM_PACKAGING; hold_to_chemist_h=6.64; grpo_state=POSTED_VIA_APP
qc_inspection,JIVO_OIL,832,2026-06-13,GE-2026-1282,PM0000194,PET BOTTLE 1 LTR 40 GMS,Pet_bottle_1ltr_40gm,5928.000,PCS,TPAC PACKAGING INDIA PVT LTD,hold_hours_slip_to_QA_manager,6.69,hours,ACCEPTED,factory.jivo.in /quality-control/inspections/,VERIFIED,group=PM_PACKAGING; hold_to_chemist_h=6.66; grpo_state=POSTED_VIA_APP
qc_inspection,JIVO_OIL,827,2026-06-13,GE-2026-5815,PM0000121,PET BOTTLE 1 LTR 52 GMS POMACE,1 Ltr Pet Bottle Pomace (52gm) Br,13104.000,PCS,TPAC PACKAGING INDIA PVT LTD,hold_hours_slip_to_QA_manager,0.72,hours,ACCEPTED,factory.jivo.in /quality-control/inspections/,VERIFIED,group=PM_PACKAGING; hold_to_chemist_h=0.41; grpo_state=POSTED_VIA_APP
qc_inspection,JIVO_OIL,826,2026-06-13,GE-2026-3345,PM0000121,PET BOTTLE 1 LTR 52 GMS POMACE,1 Ltr Pet Bottle Pomace (52gm) Br,19992.000,PCS,TPAC PACKAGING INDIA PVT LTD,hold_hours_slip_to_QA_manager,0.77,hours,ACCEPTED,factory.jivo.in /quality-control/inspections/,VERIFIED,group=PM_PACKAGING; hold_to_chemist_h=0.36; grpo_state=POSTED_VIA_APP
qc_inspection,JIVO_OIL,825,2026-06-12,GE-2026-4366,PM0000079,CAPS 1 & 2 LTR FULL GREEN WITH LOGO,Cap_green_green_1-2_ltr,24000.000,PCS,BABAJI UDYOG PVT. LTD.,hold_hours_slip_to_QA_manager,16.14,hours,ACCEPTED,factory.jivo.in /quality-control/inspections/,VERIFIED,group=PM_PACKAGING; hold_to_chemist_h=16.12; grpo_state=POSTED_VIA_APP
qc_inspection,JIVO_OIL,824,2026-06-12,GE-2026-4366,PM0000235,CAPS 1 LTR WHITE AND YELLOW SMALL PLAIN,Cap Yellow-white 1l Plain,90000.000,PCS,BABAJI UDYOG PVT. LTD.,hold_hours_slip_to_QA_manager,16.14,hours,ACCEPTED,factory.jivo.in /quality-control/inspections/,VERIFIED,group=PM_PACKAGING; hold_to_chemist_h=16.07; grpo_state=POSTED_VIA_APP
qc_inspection,JIVO_OIL,823,2026-06-12,GE-2026-4366,PM0000060,CAPS 1 & 2 LTR WHITE AND BLUE WITH LOGO,Cap_blue_white_1-2_ltr,12000.000,PCS,BABAJI UDYOG PVT. LTD.,hold_hours_slip_to_QA_manager,16.14,hours,ACCEPTED,factory.jivo.in /quality-control/inspections/,VERIFIED,group=PM_PACKAGING; hold_to_chemist_h=15.97; grpo_state=POSTED_VIA_APP
qc_inspection,JIVO_OIL,822,2026-06-12,GE-2026-4366,PM0000085,CAPS 1 OR 2 LTR WHITE AND YELLOW WITH LOGO,Cap_yellow_white_1ltr._&_2_ltr.,36000.000,PCS,BABAJI UDYOG PVT. LTD.,hold_hours_slip_to_QA_manager,16.14,hours,ACCEPTED,factory.jivo.in /quality-control/inspections/,VERIFIED,group=PM_PACKAGING; hold_to_chemist_h=15.33; grpo_state=POSTED_VIA_APP
qc_inspection,JIVO_OIL,818,2026-06-12,GE-2026-4765,PM0000468,CAPS 5 LTR GREEN,Cap_5l_green,612.000,PCS,S M PLAST & CHEMICALS VEND,hold_hours_slip_to_QA_manager,,hours,REJECTED,factory.jivo.in /quality-control/inspections/,VERIFIED,group=PM_PACKAGING; hold_to_chemist_h=0.85; grpo_state=NOT_IN_GRPO_QUEUE
qc_inspection,JIVO_OIL,817,2026-06-12,GE-2026-4765,PM0000053,HDPE BOTTLE 5 LTR,5 Ltr. Jerry Can,612.000,PCS,S M PLAST & CHEMICALS VEND,hold_hours_slip_to_QA_manager,0.77,hours,REJECTED,factory.jivo.in /quality-control/inspections/,VERIFIED,group=PM_PACKAGING; hold_to_chemist_h=0.74; grpo_state=NOT_IN_GRPO_QUEUE
qc_inspection,JIVO_OIL,821,2026-06-12,GE-2026-2987,PM0000358,HDPE BOTTLE 5 LTR GOLD,5 Ltr. Jerry Can Golden,615.000,PCS,ECHO PLAST INDIA,hold_hours_slip_to_QA_manager,,hours,REJECTED,factory.jivo.in /quality-control/inspections/,VERIFIED,group=PM_PACKAGING; hold_to_chemist_h=3.4; grpo_state=NOT_IN_GRPO_QUEUE
qc_inspection,JIVO_OIL,820,2026-06-12,GE-2026-2987,PM0000469,CAPS 5 LTR BROWN,Cap 5l Brown,3034.000,PCS,ECHO PLAST INDIA,hold_hours_slip_to_QA_manager,,hours,REJECTED,factory.jivo.in /quality-control/inspections/,VERIFIED,group=PM_PACKAGING; hold_to_chemist_h=3.39; grpo_state=NOT_IN_GRPO_QUEUE
qc_inspection,JIVO_OIL,819,2026-06-12,GE-2026-2987,PM0000053,HDPE BOTTLE 5 LTR,5 Ltr. Jerry Can,2805.000,PCS,ECHO PLAST INDIA,hold_hours_slip_to_QA_manager,,hours,REJECTED,factory.jivo.in /quality-control/inspections/,VERIFIED,group=PM_PACKAGING; hold_to_chemist_h=3.36; grpo_state=NOT_IN_GRPO_QUEUE
qc_inspection,JIVO_OIL,816,2026-06-12,GE-2026-4248,PM0000851,PET BOTTLE 1 LTR 26 GM,Pet_bottle_1_ltr_26gm,48384.000,PCS,BR AGROTECH LTD,hold_hours_slip_to_QA_manager,0.55,hours,ACCEPTED,factory.jivo.in /quality-control/inspections/,VERIFIED,group=PM_PACKAGING; hold_to_chemist_h=0.44; grpo_state=POSTED_VIA_APP
qc_inspection,JIVO_OIL,815,2026-06-12,GE-2026-8524,PM0000076,TIN 15 LTR,Tin 15 Kg,2810.000,PCS,HARYANA GENERAL INDUSTRIES,hold_hours_slip_to_QA_manager,1.48,hours,ACCEPTED,factory.jivo.in /quality-control/inspections/,VERIFIED,group=PM_PACKAGING; hold_to_chemist_h=1.47; grpo_state=POSTED_VIA_APP
qc_inspection,JIVO_OIL,814,2026-06-12,GE-2026-7610,PM0000411,CARTON 1 LTR 20 PCS PET 26GM,Carton_1l_x_20_pcs_26_gm,2730.000,PCS,SSY CONTAINERS PVT LTD,hold_hours_slip_to_QA_manager,1.84,hours,ACCEPTED,factory.jivo.in /quality-control/inspections/,VERIFIED,group=PM_PACKAGING; hold_to_chemist_h=1.83; grpo_state=POSTED_VIA_APP
qc_inspection,JIVO_OIL,813,2026-06-11,GE-2026-9816,PM0000469,CAPS 5 LTR BROWN,Cap 5l Brown,4300.000,PCS,RAJ TECHNOPACK PVT LTD,hold_hours_slip_to_QA_manager,18.44,hours,ACCEPTED,factory.jivo.in /quality-control/inspections/,VERIFIED,group=PM_PACKAGING; hold_to_chemist_h=18.36; grpo_state=POSTED_VIA_APP
qc_inspection,JIVO_OIL,812,2026-06-11,GE-2026-9816,PM0000053,HDPE BOTTLE 5 LTR,5 Ltr. Jerry Can,4300.000,PCS,RAJ TECHNOPACK PVT LTD,hold_hours_slip_to_QA_manager,18.44,hours,ACCEPTED,factory.jivo.in /quality-control/inspections/,VERIFIED,group=PM_PACKAGING; hold_to_chemist_h=18.34; grpo_state=POSTED_VIA_APP
qc_inspection,JIVO_OIL,811,2026-06-11,GE-2026-6686,PM0000013,CARTON 5 LTR 4 PCS,Carton_5l_x_4_pcs_canola_(450x257x325),7487.000,PCS,KUBER PAPER & PACK PRIVATE LIMITED AAJCK3867H0,hold_hours_slip_to_QA_manager,18.69,hours,ACCEPTED,factory.jivo.in /quality-control/inspections/,VERIFIED,group=PM_PACKAGING; hold_to_chemist_h=18.55; grpo_state=PENDING_IN_APP
qc_inspection,JIVO_OIL,810,2026-06-11,GE-2026-6686,PM0000003,CARTON 1 LTR POMACE 16 PCS,Carton1_liter_x_16pcs_(olive-pomace),10080.000,PCS,KUBER PAPER & PACK PRIVATE LIMITED AAJCK3867H0,hold_hours_slip_to_QA_manager,18.42,hours,ACCEPTED,factory.jivo.in /quality-control/inspections/,VERIFIED,group=PM_PACKAGING; hold_to_chemist_h=18.39; grpo_state=PENDING_IN_APP
qc_inspection,JIVO_OIL,806,2026-06-11,GE-2026-0173,PM0000013,CARTON 5 LTR 4 PCS,Carton_5l_x_4_pcs_canola_(450x257x325),3077.000,PCS,SSY CONTAINERS PVT LTD,hold_hours_slip_to_QA_manager,1.38,hours,ACCEPTED,factory.jivo.in /quality-control/inspections/,VERIFIED,group=PM_PACKAGING; hold_to_chemist_h=1.37; grpo_state=POSTED_VIA_APP
qc_inspection,JIVO_OIL,805,2026-06-11,GE-2026-0173,PM0000003,CARTON 1 LTR POMACE 16 PCS,Carton1_liter_x_16pcs_(olive-pomace),2243.000,PCS,SSY CONTAINERS PVT LTD,hold_hours_slip_to_QA_manager,1.3,hours,ACCEPTED,factory.jivo.in /quality-control/inspections/,VERIFIED,group=PM_PACKAGING; hold_to_chemist_h=1.29; grpo_state=POSTED_VIA_APP
qc_inspection,JIVO_OIL,804,2026-06-11,GE-2026-0173,PM0000411,CARTON 1 LTR 20 PCS PET 26GM,Carton_1l_x_20_pcs_26_gm,4070.000,PCS,SSY CONTAINERS PVT LTD,hold_hours_slip_to_QA_manager,1.23,hours,ACCEPTED,factory.jivo.in /quality-control/inspections/,VERIFIED,group=PM_PACKAGING; hold_to_chemist_h=1.22; grpo_state=POSTED_VIA_APP
qc_inspection,JIVO_OIL,803,2026-06-11,GE-2026-4080,PM0000053,HDPE BOTTLE 5 LTR,5 Ltr. Jerry Can,1880.000,PCS,A A ENTERPRISES,hold_hours_slip_to_QA_manager,,hours,REJECTED,factory.jivo.in /quality-control/inspections/,VERIFIED,group=PM_PACKAGING; hold_to_chemist_h=1.07; grpo_state=NOT_IN_GRPO_QUEUE
qc_inspection,JIVO_OIL,802,2026-06-11,GE-2026-4080,PM0000468,CAPS 5 LTR GREEN,Cap 5l Brown,1880.000,PCS,A A ENTERPRISES,hold_hours_slip_to_QA_manager,,hours,REJECTED,factory.jivo.in /quality-control/inspections/,VERIFIED,group=PM_PACKAGING; hold_to_chemist_h=1.06; grpo_state=NOT_IN_GRPO_QUEUE
qc_inspection,JIVO_OIL,807,2026-06-11,GE-2026-4616,PM0000008,CARTON 15 LTR 1 PCS,Carton_15l_x_1_pcs_canola,3000.000,PCS,BALAJI INC.,hold_hours_slip_to_QA_manager,2.34,hours,ACCEPTED,factory.jivo.in /quality-control/inspections/,VERIFIED,group=PM_PACKAGING; hold_to_chemist_h=1.93; grpo_state=PENDING_IN_APP
qc_inspection,JIVO_OIL,799,2026-06-10,GE-2026-1048,PM0000235,CAPS 1 LTR WHITE AND YELLOW SMALL PLAIN,Cap Yellow-white 1l Plain,210000.000,PCS,BABAJI UDYOG PVT. LTD.,hold_hours_slip_to_QA_manager,1.48,hours,ACCEPTED,factory.jivo.in /quality-control/inspections/,VERIFIED,group=PM_PACKAGING; hold_to_chemist_h=1.46; grpo_state=POSTED_VIA_APP
qc_inspection,JIVO_OIL,797,2026-06-10,GE-2026-7260,PM0000594,PREFORM 40 GMS 36 MM,Pet Preform 40 Gm,32000.000,PCS,PIONEER PET SWASTIC PET INDUSTRIES (ACSFS8137Q),hold_hours_slip_to_QA_manager,0.92,hours,ACCEPTED,factory.jivo.in /quality-control/inspections/,VERIFIED,group=PM_PACKAGING; hold_to_chemist_h=0.87; grpo_state=POSTED_VIA_APP
qc_inspection,JIVO_OIL,796,2026-06-10,GE-2026-7260,PM0000852,PREFORM 49.5 GMS 36 MM,Pet Preform 49.5 Gm (pioneer),22260.000,PCS,PIONEER PET SWASTIC PET INDUSTRIES (ACSFS8137Q),hold_hours_slip_to_QA_manager,0.92,hours,ACCEPTED,factory.jivo.in /quality-control/inspections/,VERIFIED,group=PM_PACKAGING; hold_to_chemist_h=0.82; grpo_state=POSTED_VIA_APP
qc_inspection,JIVO_OIL,798,2026-06-10,GE-2026-1592,PM0000594,PREFORM 40 GMS 36 MM,Pet Preform 40 Gm,37500.000,PCS,PIONEER PET SWASTIC PET INDUSTRIES (ACSFS8137Q),hold_hours_slip_to_QA_manager,1.07,hours,ACCEPTED,factory.jivo.in /quality-control/inspections/,VERIFIED,group=PM_PACKAGING; hold_to_chemist_h=1.06; grpo_state=POSTED_VIA_APP
qc_inspection,JIVO_OIL,795,2026-06-09,GE-2026-0224,PM0000394,CAP 100MLS/250MLS PET BOTTLE 1810 LONG NECK,Cap Yellow Csd Clouser Plain,27000.000,PCS,AMD INDUSTRIES LTD,hold_hours_slip_to_QA_manager,16.34,hours,ACCEPTED,factory.jivo.in /quality-control/inspections/,VERIFIED,group=PM_PACKAGING; hold_to_chemist_h=16.3; grpo_state=POSTED_VIA_APP
qc_inspection,JIVO_OIL,794,2026-06-09,GE-2026-4781,PM0000886,LABEL 869 GM CP MUSTARD OIL BACK,Label_cp_canola_1l_front,82000.000,PCS,ROYAL PRIME LABELS,hold_hours_slip_to_QA_manager,1.88,hours,ACCEPTED,factory.jivo.in /quality-control/inspections/,VERIFIED,group=PM_PACKAGING; hold_to_chemist_h=1.87; grpo_state=POSTED_VIA_APP
qc_inspection,JIVO_OIL,793,2026-06-09,GE-2026-4781,PM0000885,LABEL 869 GM CP MUSTARD OIL FRONT,Label_cp_canola_1l_front,82000.000,PCS,ROYAL PRIME LABELS,hold_hours_slip_to_QA_manager,1.88,hours,ACCEPTED,factory.jivo.in /quality-control/inspections/,VERIFIED,group=PM_PACKAGING; hold_to_chemist_h=1.86; grpo_state=POSTED_VIA_APP
qc_inspection,JIVO_OIL,790,2026-06-09,GE-2026-4781,PM0000048,LABEL 5 LTR KACHCHI GHANI FRONT,Cold Press Canola 5 L/ 5 L Soyabean,21000.000,PCS,ROYAL PRIME LABELS,hold_hours_slip_to_QA_manager,1.62,hours,ACCEPTED,factory.jivo.in /quality-control/inspections/,VERIFIED,group=PM_PACKAGING; hold_to_chemist_h=1.6; grpo_state=POSTED_VIA_APP
qc_inspection,JIVO_OIL,791,2026-06-09,GE-2026-4781,PM0000047,LABEL 5 LTR KACHCHI GHANI BACK,Cold Press Canola 5 L/ 5 L Soyabean,21000.000,PCS,ROYAL PRIME LABELS,hold_hours_slip_to_QA_manager,1.62,hours,ACCEPTED,factory.jivo.in /quality-control/inspections/,VERIFIED,group=PM_PACKAGING; hold_to_chemist_h=1.62; grpo_state=POSTED_VIA_APP
qc_inspection,JIVO_OIL,792,2026-06-09,GE-2026-4781,PM0000535,LABEL 5 LTR COLD PRESS BACK 994,Cold Press Canola 5 L/ 5 L Soyabean,26200.000,PCS,ROYAL PRIME LABELS,hold_hours_slip_to_QA_manager,1.89,hours,ACCEPTED,factory.jivo.in /quality-control/inspections/,VERIFIED,group=PM_PACKAGING; hold_to_chemist_h=1.71; grpo_state=POSTED_VIA_APP
qc_inspection,JIVO_OIL,789,2026-06-09,GE-2026-4781,PM0000107,LABEL 1 LTR POMACE BACK,Label Groundnut 1 Ltr,104000.000,PCS,ROYAL PRIME LABELS,hold_hours_slip_to_QA_manager,1.64,hours,ACCEPTED,factory.jivo.in /quality-control/inspections/,VERIFIED,group=PM_PACKAGING; hold_to_chemist_h=1.59; grpo_state=POSTED_VIA_APP
qc_inspection,JIVO_OIL,788,2026-06-09,GE-2026-4781,PM0000108,LABEL 1 LTR POMACE FRONT,Label Groundnut 1 Ltr,104000.000,PCS,ROYAL PRIME LABELS,hold_hours_slip_to_QA_manager,1.64,hours,ACCEPTED,factory.jivo.in /quality-control/inspections/,VERIFIED,group=PM_PACKAGING; hold_to_chemist_h=1.58; grpo_state=POSTED_VIA_APP
qc_inspection,JIVO_OIL,787,2026-06-09,GE-2026-4781,PM0000425,LABEL 1 LTR GROUNDNUT FRONT,Label Groundnut 1 Ltr,103600.000,PCS,ROYAL PRIME LABELS,hold_hours_slip_to_QA_manager,1.36,hours,ACCEPTED,factory.jivo.in /quality-control/inspections/,VERIFIED,group=PM_PACKAGING; hold_to_chemist_h=1.34; grpo_state=POSTED_VIA_APP
qc_inspection,JIVO_OIL,786,2026-06-09,GE-2026-4781,PM0000426,LABEL 1 LTR GROUNDNUT BACK,Label Groundnut 1 Ltr,103600.000,PCS,ROYAL PRIME LABELS,hold_hours_slip_to_QA_manager,1.36,hours,ACCEPTED,factory.jivo.in /quality-control/inspections/,VERIFIED,group=PM_PACKAGING; hold_to_chemist_h=1.33; grpo_state=POSTED_VIA_APP
qc_inspection,JIVO_OIL,785,2026-06-09,GE-2026-3360,PM0000504,LABEL 1 LTR POMACE BACK ZANO,Label_zano_spain_pomace_olive_1l_front,7600.000,PCS,ROYAL PRIME LABELS,hold_hours_slip_to_QA_manager,1.61,hours,ACCEPTED,factory.jivo.in /quality-control/inspections/,VERIFIED,group=PM_PACKAGING; hold_to_chemist_h=1.56; grpo_state=POSTED_VIA_APP
qc_inspection,JIVO_OIL,784,2026-06-09,GE-2026-3360,PM0000503,LABEL 1 LTR POMACE FRONT ZANO,Label_zano_spain_pomace_olive_1l_front,7600.000,PCS,ROYAL PRIME LABELS,hold_hours_slip_to_QA_manager,1.61,hours,ACCEPTED,factory.jivo.in /quality-control/inspections/,VERIFIED,group=PM_PACKAGING; hold_to_chemist_h=1.54; grpo_state=POSTED_VIA_APP
qc_inspection,JIVO_OIL,780,2026-06-09,GE-2026-8910,PM0000859,LABEL 13 KG REFINED CANOLA,Refined Cotton Seed 15 Ltr,1500.000,PCS,PACKGEN INTERNATIONAL PVT LTD,hold_hours_slip_to_QA_manager,0.26,hours,ACCEPTED,factory.jivo.in /quality-control/inspections/,VERIFIED,group=PM_PACKAGING; hold_to_chemist_h=0.24; grpo_state=POSTED_VIA_APP
qc_inspection,JIVO_OIL,783,2026-06-09,GE-2026-1129,PM0000469,CAPS 5 LTR BROWN,Cap 5l Brown,3500.000,PCS,RAJ TECHNOPACK PVT LTD,hold_hours_slip_to_QA_manager,0.67,hours,ACCEPTED,factory.jivo.in /quality-control/inspections/,VERIFIED,group=PM_PACKAGING; hold_to_chemist_h=0.66; grpo_state=POSTED_VIA_APP
qc_inspection,JIVO_OIL,782,2026-06-09,GE-2026-1129,PM0000053,HDPE BOTTLE 5 LTR,5 Ltr. Jerry Can,3500.000,PCS,RAJ TECHNOPACK PVT LTD,hold_hours_slip_to_QA_manager,0.67,hours,ACCEPTED,factory.jivo.in /quality-control/inspections/,VERIFIED,group=PM_PACKAGING; hold_to_chemist_h=0.63; grpo_state=POSTED_VIA_APP
qc_inspection,JIVO_OIL,781,2026-06-09,GE-2026-4416,PM0000851,PET BOTTLE 1 LTR 26 GM,Pet_bottle_1_ltr_26gm,18592.000,PCS,BR AGROTECH LTD,hold_hours_slip_to_QA_manager,2.17,hours,ACCEPTED,factory.jivo.in /quality-control/inspections/,VERIFIED,group=PM_PACKAGING; hold_to_chemist_h=2.17; grpo_state=POSTED_VIA_APP
qc_inspection,JIVO_OIL,779,2026-06-09,GE-2026-4416,PM0000851,PET BOTTLE 1 LTR 26 GM,Pet_bottle_1_ltr_26gm,22344.000,PCS,BR AGROTECH LTD,hold_hours_slip_to_QA_manager,1.12,hours,ACCEPTED,factory.jivo.in /quality-control/inspections/,VERIFIED,group=PM_PACKAGING; hold_to_chemist_h=1.11; grpo_state=POSTED_VIA_APP
qc_inspection,JIVO_OIL,778,2026-06-09,GE-2026-2266,PM0000020,LABEL 1 LTR KACHCHI GHANI FRONT,Label_cp_canola_1l_front,103000.000,PCS,ZENBI INTERNATIONAL PRIVATE LIMITED,hold_hours_slip_to_QA_manager,1.28,hours,ACCEPTED,factory.jivo.in /quality-control/inspections/,VERIFIED,group=PM_PACKAGING; hold_to_chemist_h=1.27; grpo_state=POSTED_VIA_APP
qc_inspection,JIVO_OIL,777,2026-06-09,GE-2026-2266,PM0000019,LABEL 1 LTR KACHCHI GHANI BACK,Label_cp_canola_1l_front,103000.000,PCS,ZENBI INTERNATIONAL PRIVATE LIMITED,hold_hours_slip_to_QA_manager,1.28,hours,ACCEPTED,factory.jivo.in /quality-control/inspections/,VERIFIED,group=PM_PACKAGING; hold_to_chemist_h=1.25; grpo_state=POSTED_VIA_APP
qc_inspection,JIVO_OIL,772,2026-06-09,GE-2026-2663,PM0000470,CAPS 5 LTR ORANGE,Cap 5l Brown,2080.000,PCS,A A ENTERPRISES,hold_hours_slip_to_QA_manager,0.13,hours,ACCEPTED,factory.jivo.in /quality-control/inspections/,VERIFIED,group=PM_PACKAGING; hold_to_chemist_h=0.09; grpo_state=POSTED_VIA_APP
qc_inspection,JIVO_OIL,773,2026-06-09,GE-2026-2663,PM0000053,HDPE BOTTLE 5 LTR,5 Ltr. Jerry Can,2080.000,PCS,A A ENTERPRISES,hold_hours_slip_to_QA_manager,0.13,hours,ACCEPTED,factory.jivo.in /quality-control/inspections/,VERIFIED,group=PM_PACKAGING; hold_to_chemist_h=0.13; grpo_state=POSTED_VIA_APP
qc_inspection,JIVO_OIL,771,2026-06-09,GE-2026-7900,PM0000122,TIKKI 100 MLS,Tikki 100ml Olive,5184.000,PCS,MEDIA GRAPHIC PRINTS VEND,hold_hours_slip_to_QA_manager,1.76,hours,ACCEPTED,factory.jivo.in /quality-control/inspections/,VERIFIED,group=PM_PACKAGING; hold_to_chemist_h=1.21; grpo_state=POSTED_VIA_APP
qc_inspection,JIVO_OIL,775,2026-06-09,GE-2026-4279,PM0000890,LABEL 12 KG REFINED SOYABEAN OIL,Refined Cotton Seed 15 Ltr,3550.000,PCS,PACKGEN INTERNATIONAL PVT LTD,hold_hours_slip_to_QA_manager,2.14,hours,ACCEPTED,factory.jivo.in /quality-control/inspections/,VERIFIED,group=PM_PACKAGING; hold_to_chemist_h=2.13; grpo_state=POSTED_VIA_APP
qc_inspection,JIVO_OIL,770,2026-06-09,GE-2026-8910,PM0000868,LABEL 15 LTR SANO POMACE,Refined Cotton Seed 15 Ltr,800.000,PCS,PACKGEN INTERNATIONAL PVT LTD,hold_hours_slip_to_QA_manager,2.0,hours,ACCEPTED,factory.jivo.in /quality-control/inspections/,VERIFIED,group=PM_PACKAGING; hold_to_chemist_h=1.34; grpo_state=POSTED_VIA_APP
qc_inspection,JIVO_OIL,774,2026-06-09,GE-2026-8910,PM0000430,LABEL 15 LTR REFINED COTTON SEED,Refined Cotton Seed 15 Ltr,500.000,PCS,PACKGEN INTERNATIONAL PVT LTD,hold_hours_slip_to_QA_manager,2.21,hours,ACCEPTED,factory.jivo.in /quality-control/inspections/,VERIFIED,group=PM_PACKAGING; hold_to_chemist_h=2.18; grpo_state=POSTED_VIA_APP
qc_inspection,JIVO_OIL,769,2026-06-08,GE-2026-2772,PM0000629,CARTON TIN TOP,Carton Tin Collar,6400.000,PCS,SSY CONTAINERS PVT LTD,hold_hours_slip_to_QA_manager,2.22,hours,ACCEPTED,factory.jivo.in /quality-control/inspections/,VERIFIED,group=PM_PACKAGING; hold_to_chemist_h=2.21; grpo_state=POSTED_VIA_APP
qc_inspection,JIVO_OIL,767,2026-06-08,GE-2026-2772,PM0000411,CARTON 1 LTR 20 PCS PET 26GM,Carton_1l_x_20_pcs_26_gm,2895.000,PCS,SSY CONTAINERS PVT LTD,hold_hours_slip_to_QA_manager,2.03,hours,ACCEPTED,factory.jivo.in /quality-control/inspections/,VERIFIED,group=PM_PACKAGING; hold_to_chemist_h=1.77; grpo_state=POSTED_VIA_APP
qc_inspection,JIVO_OIL,763,2026-06-08,GE-2026-8460,PM0000469,CAPS 5 LTR BROWN,Cap 5l Brown,3900.000,PCS,RAJ TECHNOPACK PVT LTD,hold_hours_slip_to_QA_manager,1.46,hours,ACCEPTED,factory.jivo.in /quality-control/inspections/,VERIFIED,group=PM_PACKAGING; hold_to_chemist_h=1.22; grpo_state=PENDING_IN_APP
qc_inspection,JIVO_OIL,762,2026-06-08,GE-2026-8460,PM0000053,HDPE BOTTLE 5 LTR,5 Ltr. Jerry Can,3900.000,PCS,RAJ TECHNOPACK PVT LTD,hold_hours_slip_to_QA_manager,1.46,hours,ACCEPTED,factory.jivo.in /quality-control/inspections/,VERIFIED,group=PM_PACKAGING; hold_to_chemist_h=1.2; grpo_state=PENDING_IN_APP
qc_inspection,JIVO_OIL,761,2026-06-08,GE-2026-3074,PM0000079,CAPS 1 & 2 LTR FULL GREEN WITH LOGO,Cap_yellow_white_1ltr._&_2_ltr.,126000.000,PCS,BABAJI UDYOG PVT. LTD.,hold_hours_slip_to_QA_manager,0.98,hours,ACCEPTED,factory.jivo.in /quality-control/inspections/,VERIFIED,group=PM_PACKAGING; hold_to_chemist_h=0.97; grpo_state=POSTED_VIA_APP
qc_inspection,JIVO_OIL,756,2026-06-08,GE-2026-1379,PM0000053,HDPE BOTTLE 5 LTR,5 Ltr. Jerry Can,1500.000,PCS,ECHO PLAST INDIA,hold_hours_slip_to_QA_manager,0.76,hours,ACCEPTED,factory.jivo.in /quality-control/inspections/,VERIFIED,group=PM_PACKAGING; hold_to_chemist_h=0.5; grpo_state=PENDING_IN_APP
qc_inspection,JIVO_OIL,757,2026-06-08,GE-2026-1379,PM0000471,CAPS 5 LTR BLUE,Cap 5l Brown,2790.000,PCS,ECHO PLAST INDIA,hold_hours_slip_to_QA_manager,0.74,hours,ACCEPTED,factory.jivo.in /quality-control/inspections/,VERIFIED,group=PM_PACKAGING; hold_to_chemist_h=0.53; grpo_state=PENDING_IN_APP
qc_inspection,JIVO_OIL,759,2026-06-08,GE-2026-1379,PM0000358,HDPE BOTTLE 5 LTR GOLD,5 Ltr. Jerry Can,2490.000,PCS,ECHO PLAST INDIA,hold_hours_slip_to_QA_manager,0.71,hours,ACCEPTED,factory.jivo.in /quality-control/inspections/,VERIFIED,group=PM_PACKAGING; hold_to_chemist_h=0.62; grpo_state=PENDING_IN_APP
qc_inspection,JIVO_OIL,758,2026-06-08,GE-2026-1379,PM0000469,CAPS 5 LTR BROWN,Cap 5l Brown,1500.000,PCS,ECHO PLAST INDIA,hold_hours_slip_to_QA_manager,0.7,hours,ACCEPTED,factory.jivo.in /quality-control/inspections/,VERIFIED,group=PM_PACKAGING; hold_to_chemist_h=0.58; grpo_state=PENDING_IN_APP
qc_inspection,JIVO_OIL,766,2026-06-08,GE-2026-7965,PM0000852,PREFORM 49.5 GMS 36 MM,Pet Preform 49.5 Gm (pioneer),143.000,PCS,PIONEER PET SWASTIC PET INDUSTRIES (ACSFS8137Q),hold_hours_slip_to_QA_manager,4.39,hours,ACCEPTED,factory.jivo.in /quality-control/inspections/,VERIFIED,group=PM_PACKAGING; hold_to_chemist_h=4.13; grpo_state=POSTED_VIA_APP
qc_inspection,JIVO_OIL,765,2026-06-08,GE-2026-0804,PM0000852,PREFORM 49.5 GMS 36 MM,Pet Preform 49.5 Gm (pioneer),16660.000,PCS,PIONEER PET SWASTIC PET INDUSTRIES (ACSFS8137Q),hold_hours_slip_to_QA_manager,4.43,hours,ACCEPTED,factory.jivo.in /quality-control/inspections/,VERIFIED,group=PM_PACKAGING; hold_to_chemist_h=4.15; grpo_state=POSTED_VIA_APP
qc_inspection,JIVO_OIL,760,2026-06-08,GE-2026-4394,PM0000852,PREFORM 49.5 GMS 36 MM,Pet Preform 49.5 Gm (pioneer),50960.000,PCS,PIONEER PET SWASTIC PET INDUSTRIES (ACSFS8137Q),hold_hours_slip_to_QA_manager,2.58,hours,ACCEPTED,factory.jivo.in /quality-control/inspections/,VERIFIED,group=PM_PACKAGING; hold_to_chemist_h=2.51; grpo_state=POSTED_VIA_APP
qc_inspection,JIVO_OIL,764,2026-06-08,GE-2026-4394,PM0000594,PREFORM 40 GMS 36 MM,Pet Preform 40 Gm,33000.000,PCS,PIONEER PET SWASTIC PET INDUSTRIES (ACSFS8137Q),hold_hours_slip_to_QA_manager,3.95,hours,ACCEPTED,factory.jivo.in /quality-control/inspections/,VERIFIED,group=PM_PACKAGING; hold_to_chemist_h=3.94; grpo_state=POSTED_VIA_APP
qc_inspection,JIVO_OIL,755,2026-06-08,GE-2026-5521,PM0000851,PET BOTTLE 1 LTR 26 GM,Pet_bottle_1_ltr_26gm,43008.000,PCS,BR AGROTECH LTD,hold_hours_slip_to_QA_manager,1.27,hours,ACCEPTED,factory.jivo.in /quality-control/inspections/,VERIFIED,group=PM_PACKAGING; hold_to_chemist_h=1.26; grpo_state=POSTED_VIA_APP
qc_inspection,JIVO_OIL,768,2026-06-06,GE-2026-5807,PM0000671,POUCH SOYABEAN MULTI ROLLS KGS,Pouch Soyabean Multi  Kgs,1158.260,PCS,UNIQUE PACKTECH,hold_hours_slip_to_QA_manager,45.93,hours,ACCEPTED,factory.jivo.in /quality-control/inspections/,VERIFIED,group=PM_PACKAGING; hold_to_chemist_h=45.92; grpo_state=PENDING_IN_APP
qc_inspection,JIVO_OIL,749,2026-06-06,GE-2026-4525,PM0000053,HDPE BOTTLE 5 LTR,5 Ltr. Jerry Can,1500.000,PCS,ECHO PLAST INDIA,hold_hours_slip_to_QA_manager,0.52,hours,REJECTED,factory.jivo.in /quality-control/inspections/,VERIFIED,group=PM_PACKAGING; hold_to_chemist_h=0.5; grpo_state=NOT_IN_GRPO_QUEUE
qc_inspection,JIVO_OIL,748,2026-06-06,GE-2026-4525,PM0000471,CAPS 5 LTR BLUE,5 Ltr. Jerry Can,2790.000,PCS,ECHO PLAST INDIA,hold_hours_slip_to_QA_manager,0.49,hours,REJECTED,factory.jivo.in /quality-control/inspections/,VERIFIED,group=PM_PACKAGING; hold_to_chemist_h=0.43; grpo_state=NOT_IN_GRPO_QUEUE
qc_inspection,JIVO_OIL,750,2026-06-06,GE-2026-4525,PM0000358,HDPE BOTTLE 5 LTR GOLD,Cap 5l Brown,2790.000,PCS,ECHO PLAST INDIA,hold_hours_slip_to_QA_manager,,hours,REJECTED,factory.jivo.in /quality-control/inspections/,VERIFIED,group=PM_PACKAGING; hold_to_chemist_h=; grpo_state=NOT_IN_GRPO_QUEUE
qc_inspection,JIVO_OIL,751,2026-06-06,GE-2026-4525,PM0000469,CAPS 5 LTR BROWN,Cap 5l Brown,1500.000,PCS,ECHO PLAST INDIA,hold_hours_slip_to_QA_manager,,hours,REJECTED,factory.jivo.in /quality-control/inspections/,VERIFIED,group=PM_PACKAGING; hold_to_chemist_h=; grpo_state=NOT_IN_GRPO_QUEUE
qc_inspection,JIVO_OIL,752,2026-06-06,GE-2026-0432,PM0000308,LABEL 1 LTR PRESSED YELLOW MUSTARD OIL FRONT,1.0 Ltr Yellow Mustard Front And Back Label,42800.000,PCS,ROYAL PRIME LABELS,hold_hours_slip_to_QA_manager,1.99,hours,ACCEPTED,factory.jivo.in /quality-control/inspections/,VERIFIED,group=PM_PACKAGING; hold_to_chemist_h=1.97; grpo_state=POSTED_VIA_APP
qc_inspection,JIVO_OIL,753,2026-06-06,GE-2026-0432,PM0000307,LABEL 1 LTR PRESSED YELLOW MUSTARD OIL BACK,1.0 Ltr Yellow Mustard Front And Back Label,42800.000,PCS,ROYAL PRIME LABELS,hold_hours_slip_to_QA_manager,1.99,hours,ACCEPTED,factory.jivo.in /quality-control/inspections/,VERIFIED,group=PM_PACKAGING; hold_to_chemist_h=1.99; grpo_state=POSTED_VIA_APP
qc_inspection,JIVO_OIL,745,2026-06-06,GE-2026-1613,PM0000006,CARTON 1 LTR 20 PCS PET 40 GM,1 Liter X 20 Pcs (o),8558.000,PCS,KUBER PAPER & PACK PRIVATE LIMITED AAJCK3867H0,hold_hours_slip_to_QA_manager,0.08,hours,ACCEPTED,factory.jivo.in /quality-control/inspections/,VERIFIED,group=PM_PACKAGING; hold_to_chemist_h=0.07; grpo_state=POSTED_VIA_APP
qc_inspection,JIVO_OIL,747,2026-06-06,GE-2026-8965,PM0000852,PREFORM 49.5 GMS 36 MM,Pet Preform 49.5 Gm (pioneer),49430.000,PCS,PIONEER PET SWASTIC PET INDUSTRIES (ACSFS8137Q),hold_hours_slip_to_QA_manager,2.12,hours,ACCEPTED,factory.jivo.in /quality-control/inspections/,VERIFIED,group=PM_PACKAGING; hold_to_chemist_h=2.12; grpo_state=POSTED_VIA_APP
qc_inspection,JIVO_OIL,746,2026-06-06,GE-2026-8965,PM0000594,PREFORM 40 GMS 36 MM,Pet Preform 40 Gm,79500.000,PCS,PIONEER PET SWASTIC PET INDUSTRIES (ACSFS8137Q),hold_hours_slip_to_QA_manager,1.99,hours,ACCEPTED,factory.jivo.in /quality-control/inspections/,VERIFIED,group=PM_PACKAGING; hold_to_chemist_h=1.99; grpo_state=POSTED_VIA_APP
qc_inspection,JIVO_OIL,742,2026-06-06,GE-2026-4782,PM0000470,CAPS 5 LTR ORANGE,Cap 5l Brown,2360.000,PCS,A A ENTERPRISES,hold_hours_slip_to_QA_manager,0.78,hours,ACCEPTED,factory.jivo.in /quality-control/inspections/,VERIFIED,group=PM_PACKAGING; hold_to_chemist_h=0.63; grpo_state=NOT_IN_GRPO_QUEUE
qc_inspection,JIVO_OIL,741,2026-06-06,GE-2026-4782,PM0000053,HDPE BOTTLE 5 LTR,5 Ltr. Jerry Can,2360.000,PCS,A A ENTERPRISES,hold_hours_slip_to_QA_manager,0.76,hours,REJECTED,factory.jivo.in /quality-control/inspections/,VERIFIED,group=PM_PACKAGING; hold_to_chemist_h=0.6; grpo_state=NOT_IN_GRPO_QUEUE
qc_inspection,JIVO_OIL,740,2026-06-06,GE-2026-2639,PM0000671,POUCH SOYABEAN MULTI ROLLS KGS,Pouch Soyabean Multi  Kgs,201.470,KG,UFLEX LIMITED NEW,hold_hours_slip_to_QA_manager,0.94,hours,ACCEPTED,factory.jivo.in /quality-control/inspections/,VERIFIED,group=PM_PACKAGING; hold_to_chemist_h=0.93; grpo_state=PENDING_IN_APP
qc_inspection,JIVO_OIL,738,2026-06-05,GE-2026-2421,PM0000470,CAPS 5 LTR ORANGE,Cap 5l Brown,3750.000,PCS,RAJ TECHNOPACK PVT LTD,hold_hours_slip_to_QA_manager,0.95,hours,ACCEPTED,factory.jivo.in /quality-control/inspections/,VERIFIED,group=PM_PACKAGING; hold_to_chemist_h=0.88; grpo_state=PENDING_IN_APP
qc_inspection,JIVO_OIL,739,2026-06-05,GE-2026-2421,PM0000053,HDPE BOTTLE 5 LTR,5 Ltr. Jerry Can,3750.000,PCS,RAJ TECHNOPACK PVT LTD,hold_hours_slip_to_QA_manager,0.96,hours,ACCEPTED,factory.jivo.in /quality-control/inspections/,VERIFIED,group=PM_PACKAGING; hold_to_chemist_h=0.94; grpo_state=PENDING_IN_APP
qc_inspection,JIVO_OIL,737,2026-06-05,GE-2026-4117,PM0000470,CAPS 5 LTR ORANGE,Cap 5l Brown,3750.000,PCS,RAJ TECHNOPACK PVT LTD,hold_hours_slip_to_QA_manager,0.16,hours,ACCEPTED,factory.jivo.in /quality-control/inspections/,VERIFIED,group=PM_PACKAGING; hold_to_chemist_h=0.15; grpo_state=PENDING_IN_APP
qc_inspection,JIVO_OIL,736,2026-06-05,GE-2026-4117,PM0000053,HDPE BOTTLE 5 LTR,5 Ltr. Jerry Can,3750.000,PCS,RAJ TECHNOPACK PVT LTD,hold_hours_slip_to_QA_manager,0.16,hours,ACCEPTED,factory.jivo.in /quality-control/inspections/,VERIFIED,group=PM_PACKAGING; hold_to_chemist_h=0.09; grpo_state=PENDING_IN_APP
qc_inspection,JIVO_OIL,734,2026-06-05,GE-2026-3685,PM0000851,PET BOTTLE 1 LTR 26 GM,Pet_bottle_1_ltr_26gm,44912.000,PCS,BR AGROTECH LTD,hold_hours_slip_to_QA_manager,1.13,hours,ACCEPTED,factory.jivo.in /quality-control/inspections/,VERIFIED,group=PM_PACKAGING; hold_to_chemist_h=1.12; grpo_state=POSTED_VIA_APP
qc_inspection,JIVO_OIL,733,2026-06-05,GE-2026-7395,PM0000594,PREFORM 40 GMS 36 MM,Pet Preform 40gm New Frystal,12000.000,PCS,FRYSTAL PET PRIVATE LIMITED,hold_hours_slip_to_QA_manager,1.4,hours,ACCEPTED,factory.jivo.in /quality-control/inspections/,VERIFIED,group=PM_PACKAGING; hold_to_chemist_h=1.4; grpo_state=POSTED_VIA_APP
qc_inspection,JIVO_OIL,735,2026-06-05,GE-2026-7395,PM0000852,PREFORM 49.5 GMS 36 MM,Pet Preform 50 Gm,147000.000,PCS,FRYSTAL PET PRIVATE LIMITED,hold_hours_slip_to_QA_manager,2.61,hours,ACCEPTED,factory.jivo.in /quality-control/inspections/,VERIFIED,group=PM_PACKAGING; hold_to_chemist_h=2.52; grpo_state=POSTED_VIA_APP
qc_inspection,JIVO_OIL,732,2026-06-04,GE-2026-5446,PM0000877,TIKKI BARCODE CSD KGMO 5 LTR,Tikki Barcode 46 X 56,1198.000,PCS,MEDIA GRAPHIC PRINTS VEND,hold_hours_slip_to_QA_manager,1.83,hours,ACCEPTED,factory.jivo.in /quality-control/inspections/,VERIFIED,group=PM_PACKAGING; hold_to_chemist_h=1.81; grpo_state=POSTED_VIA_APP
qc_inspection,JIVO_OIL,731,2026-06-04,GE-2026-5446,PM0000878,TIKKI BARCODE CSD KGMO 1 LTR,Tikki Barcode 46 X 56,974.000,PCS,MEDIA GRAPHIC PRINTS VEND,hold_hours_slip_to_QA_manager,1.83,hours,ACCEPTED,factory.jivo.in /quality-control/inspections/,VERIFIED,group=PM_PACKAGING; hold_to_chemist_h=1.8; grpo_state=POSTED_VIA_APP
qc_inspection,JIVO_OIL,730,2026-06-04,GE-2026-5446,PM0000871,TIKKI BARCODE CSD 1 LTR COCONUT EV,Tikki Barcode 46 X 56,432.000,PCS,MEDIA GRAPHIC PRINTS VEND,hold_hours_slip_to_QA_manager,1.83,hours,ACCEPTED,factory.jivo.in /quality-control/inspections/,VERIFIED,group=PM_PACKAGING; hold_to_chemist_h=1.78; grpo_state=POSTED_VIA_APP
qc_inspection,JIVO_OIL,729,2026-06-04,GE-2026-5446,PM0000876,TIKKI BARCODE CSD EXTRA LIGHT 1 LTR,Tikki Barcode 46 X 56,264.000,PCS,MEDIA GRAPHIC PRINTS VEND,hold_hours_slip_to_QA_manager,1.83,hours,ACCEPTED,factory.jivo.in /quality-control/inspections/,VERIFIED,group=PM_PACKAGING; hold_to_chemist_h=1.78; grpo_state=POSTED_VIA_APP
qc_inspection,JIVO_OIL,728,2026-06-04,GE-2026-5446,PM0000874,TIKKI BARCODE CSD 1 LTR EV,Tikki Barcode 46 X 56,240.000,PCS,MEDIA GRAPHIC PRINTS VEND,hold_hours_slip_to_QA_manager,1.83,hours,ACCEPTED,factory.jivo.in /quality-control/inspections/,VERIFIED,group=PM_PACKAGING; hold_to_chemist_h=1.77; grpo_state=POSTED_VIA_APP
qc_inspection,JIVO_OIL,727,2026-06-04,GE-2026-5446,PM0000875,TIKKI BARCODE CSD 500 ML EV,Tikki Barcode 46 X 56,96.000,PCS,MEDIA GRAPHIC PRINTS VEND,hold_hours_slip_to_QA_manager,1.83,hours,ACCEPTED,factory.jivo.in /quality-control/inspections/,VERIFIED,group=PM_PACKAGING; hold_to_chemist_h=1.77; grpo_state=POSTED_VIA_APP
qc_inspection,JIVO_OIL,726,2026-06-04,GE-2026-5446,PM0000873,TIKKI BARCODE CSD 1 LTR POMACE,Tikki Barcode 46 X 56,96.000,PCS,MEDIA GRAPHIC PRINTS VEND,hold_hours_slip_to_QA_manager,1.84,hours,ACCEPTED,factory.jivo.in /quality-control/inspections/,VERIFIED,group=PM_PACKAGING; hold_to_chemist_h=1.76; grpo_state=POSTED_VIA_APP
qc_inspection,JIVO_OIL,724,2026-06-04,GE-2026-3382,PM0000060,CAPS 1 & 2 LTR WHITE AND BLUE WITH LOGO,Cap_yellow_white_1ltr._&_2_ltr.,78000.000,PCS,BABAJI UDYOG PVT. LTD.,hold_hours_slip_to_QA_manager,1.36,hours,ACCEPTED,factory.jivo.in /quality-control/inspections/,VERIFIED,group=PM_PACKAGING; hold_to_chemist_h=1.28; grpo_state=POSTED_VIA_APP
qc_inspection,JIVO_OIL,725,2026-06-04,GE-2026-3382,PM0000079,CAPS 1 & 2 LTR FULL GREEN WITH LOGO,Cap_yellow_white_1ltr._&_2_ltr.,48000.000,PCS,BABAJI UDYOG PVT. LTD.,hold_hours_slip_to_QA_manager,1.36,hours,ACCEPTED,factory.jivo.in /quality-control/inspections/,VERIFIED,group=PM_PACKAGING; hold_to_chemist_h=1.35; grpo_state=POSTED_VIA_APP
qc_inspection,JIVO_OIL,722,2026-06-04,GE-2026-8308,PM0000053,HDPE BOTTLE 5 LTR,5 Ltr. Jerry Can,3213.000,PCS,ECHO PLAST INDIA,hold_hours_slip_to_QA_manager,1.42,hours,ACCEPTED,factory.jivo.in /quality-control/inspections/,VERIFIED,group=PM_PACKAGING; hold_to_chemist_h=1.38; grpo_state=POSTED_VIA_APP
qc_inspection,JIVO_OIL,723,2026-06-04,GE-2026-8308,PM0000469,CAPS 5 LTR BROWN,Cap 5l Brown,3213.000,PCS,ECHO PLAST INDIA,hold_hours_slip_to_QA_manager,1.42,hours,REJECTED,factory.jivo.in /quality-control/inspections/,VERIFIED,group=PM_PACKAGING; hold_to_chemist_h=1.4; grpo_state=POSTED_VIA_APP
qc_inspection,JIVO_OIL,721,2026-06-04,GE-2026-8865,PM0000053,HDPE BOTTLE 5 LTR,5 Ltr. Jerry Can,1520.000,PCS,A A ENTERPRISES,hold_hours_slip_to_QA_manager,0.29,hours,ACCEPTED,factory.jivo.in /quality-control/inspections/,VERIFIED,group=PM_PACKAGING; hold_to_chemist_h=0.17; grpo_state=NOT_IN_GRPO_QUEUE
qc_inspection,JIVO_OIL,719,2026-06-03,GE-2026-7484,PM0000053,HDPE BOTTLE 5 LTR,5 Ltr. Jerry Can,3813.000,PCS,ECHO PLAST INDIA,hold_hours_slip_to_QA_manager,0.53,hours,ACCEPTED,factory.jivo.in /quality-control/inspections/,VERIFIED,group=PM_PACKAGING; hold_to_chemist_h=0.52; grpo_state=POSTED_VIA_APP
qc_inspection,JIVO_OIL,720,2026-06-03,GE-2026-7484,PM0000469,CAPS 5 LTR BROWN,Cap 5l Brown,3813.000,PCS,ECHO PLAST INDIA,hold_hours_slip_to_QA_manager,0.56,hours,ACCEPTED,factory.jivo.in /quality-control/inspections/,VERIFIED,group=PM_PACKAGING; hold_to_chemist_h=0.56; grpo_state=POSTED_VIA_APP
qc_inspection,JIVO_OIL,718,2026-06-03,GE-2026-1849,PM0000082,CARTON 5 LTR OLIVE 4 PCS,Carton_5_liter_x_4_pcs(canola/olive),3130.000,PCS,SSY CONTAINERS PVT LTD,hold_hours_slip_to_QA_manager,2.07,hours,ACCEPTED,factory.jivo.in /quality-control/inspections/,VERIFIED,group=PM_PACKAGING; hold_to_chemist_h=2.06; grpo_state=POSTED_VIA_APP
qc_inspection,JIVO_OIL,713,2026-06-03,GE-2026-1849,PM0000013,CARTON 5 LTR 4 PCS,Carton_5l_x_4_pcs_canola_(450x257x325),5577.000,PCS,SSY CONTAINERS PVT LTD,hold_hours_slip_to_QA_manager,0.49,hours,ACCEPTED,factory.jivo.in /quality-control/inspections/,VERIFIED,group=PM_PACKAGING; hold_to_chemist_h=0.47; grpo_state=POSTED_VIA_APP
qc_inspection,JIVO_OIL,712,2026-06-03,GE-2026-3381,PM0000006,CARTON 1 LTR 20 PCS PET 40 GM,1 Liter X 20 Pcs (o),774.000,PCS,KUBER PAPER & PACK PRIVATE LIMITED AAJCK3867H0,hold_hours_slip_to_QA_manager,0.64,hours,ACCEPTED,factory.jivo.in /quality-control/inspections/,VERIFIED,group=PM_PACKAGING; hold_to_chemist_h=0.59; grpo_state=POSTED_VIA_APP
qc_inspection,JIVO_OIL,711,2026-06-03,GE-2026-3381,PM0000006,CARTON 1 LTR 20 PCS PET 40 GM,1 Liter X 20 Pcs (o),5000.000,PCS,KUBER PAPER & PACK PRIVATE LIMITED AAJCK3867H0,hold_hours_slip_to_QA_manager,0.64,hours,ACCEPTED,factory.jivo.in /quality-control/inspections/,VERIFIED,group=PM_PACKAGING; hold_to_chemist_h=0.56; grpo_state=POSTED_VIA_APP
qc_inspection,JIVO_OIL,714,2026-06-03,GE-2026-3314,PM0000053,HDPE BOTTLE 5 LTR,5 Ltr. Jerry Can,3750.000,PCS,RAJ TECHNOPACK PVT LTD,hold_hours_slip_to_QA_manager,2.59,hours,ACCEPTED,factory.jivo.in /quality-control/inspections/,VERIFIED,group=PM_PACKAGING; hold_to_chemist_h=2.47; grpo_state=PENDING_IN_APP
qc_inspection,JIVO_OIL,715,2026-06-03,GE-2026-3314,PM0000470,CAPS 5 LTR ORANGE,Cap 5l Brown,3750.000,PCS,RAJ TECHNOPACK PVT LTD,hold_hours_slip_to_QA_manager,2.58,hours,ACCEPTED,factory.jivo.in /quality-control/inspections/,VERIFIED,group=PM_PACKAGING; hold_to_chemist_h=2.49; grpo_state=PENDING_IN_APP
qc_inspection,JIVO_OIL,716,2026-06-03,GE-2026-2825,PM0000468,CAPS 5 LTR GREEN,Cap 5l Brown,108.000,PCS,AG POLY PACKS PVT LTD,hold_hours_slip_to_QA_manager,,hours,REJECTED,factory.jivo.in /quality-control/inspections/,VERIFIED,group=PM_PACKAGING; hold_to_chemist_h=2.83; grpo_state=POSTED_VIA_APP
qc_inspection,JIVO_OIL,717,2026-06-03,GE-2026-2825,PM0000053,HDPE BOTTLE 5 LTR,5 Ltr. Jerry Can,108.000,PCS,AG POLY PACKS PVT LTD,hold_hours_slip_to_QA_manager,,hours,REJECTED,factory.jivo.in /quality-control/inspections/,VERIFIED,group=PM_PACKAGING; hold_to_chemist_h=2.85; grpo_state=POSTED_VIA_APP
qc_inspection,JIVO_OIL,710,2026-06-03,GE-2026-7533,PM0000851,PET BOTTLE 1 LTR 26 GM,Pet_bottle_1_ltr_26gm,43456.000,PCS,BR AGROTECH LTD,hold_hours_slip_to_QA_manager,0.66,hours,ACCEPTED,factory.jivo.in /quality-control/inspections/,VERIFIED,group=PM_PACKAGING; hold_to_chemist_h=0.62; grpo_state=POSTED_VIA_APP
qc_inspection,JIVO_OIL,708,2026-06-02,GE-2026-8668,PM0000866,LABEL 200 ML CP GROUNDNUT OIL FRONT,Cold Press Groundnut 200 Ml N,35600.000,PCS,ZENBI INTERNATIONAL PRIVATE LIMITED,hold_hours_slip_to_QA_manager,0.1,hours,ACCEPTED,factory.jivo.in /quality-control/inspections/,VERIFIED,group=PM_PACKAGING; hold_to_chemist_h=0.09; grpo_state=POSTED_VIA_APP
qc_inspection,JIVO_OIL,707,2026-06-02,GE-2026-8668,PM0000865,LABEL 200 ML CP GROUNDNUT OIL BACK,Cold Press Groundnut 200 Ml N,35600.000,PCS,ZENBI INTERNATIONAL PRIVATE LIMITED,hold_hours_slip_to_QA_manager,0.1,hours,ACCEPTED,factory.jivo.in /quality-control/inspections/,VERIFIED,group=PM_PACKAGING; hold_to_chemist_h=0.08; grpo_state=POSTED_VIA_APP
qc_inspection,JIVO_OIL,705,2026-06-02,GE-2026-4702,PM0000085,CAPS 1 OR 2 LTR WHITE AND YELLOW WITH LOGO,Cap_yellow_white_1ltr._&_2_ltr.,51000.000,PCS,BABAJI UDYOG PVT. LTD.,hold_hours_slip_to_QA_manager,0.27,hours,ACCEPTED,factory.jivo.in /quality-control/inspections/,VERIFIED,group=PM_PACKAGING; hold_to_chemist_h=0.25; grpo_state=POSTED_VIA_APP
qc_inspection,JIVO_OIL,706,2026-06-02,GE-2026-4702,PM0000078,CAPS 5 LTR/15 LTR,Spout_cap_tin_yellow_5l_15_l,20000.000,PCS,BABAJI UDYOG PVT. LTD.,hold_hours_slip_to_QA_manager,0.46,hours,ACCEPTED,factory.jivo.in /quality-control/inspections/,VERIFIED,group=PM_PACKAGING; hold_to_chemist_h=0.44; grpo_state=POSTED_VIA_APP
qc_inspection,JIVO_OIL,704,2026-06-02,GE-2026-4702,PM0000079,CAPS 1 & 2 LTR FULL GREEN WITH LOGO,Cap_yellow_white_1ltr._&_2_ltr.,45000.000,PCS,BABAJI UDYOG PVT. LTD.,hold_hours_slip_to_QA_manager,0.27,hours,ACCEPTED,factory.jivo.in /quality-control/inspections/,VERIFIED,group=PM_PACKAGING; hold_to_chemist_h=0.22; grpo_state=POSTED_VIA_APP
qc_inspection,JIVO_OIL,703,2026-06-02,GE-2026-7462,PM0000468,CAPS 5 LTR GREEN,Cap 5l Brown,3600.000,PCS,RAJ TECHNOPACK PVT LTD,hold_hours_slip_to_QA_manager,0.39,hours,ACCEPTED,factory.jivo.in /quality-control/inspections/,VERIFIED,group=PM_PACKAGING; hold_to_chemist_h=0.3; grpo_state=PENDING_IN_APP
qc_inspection,JIVO_OIL,702,2026-06-02,GE-2026-7462,PM0000053,HDPE BOTTLE 5 LTR,5 Ltr. Jerry Can,3600.000,PCS,RAJ TECHNOPACK PVT LTD,hold_hours_slip_to_QA_manager,0.39,hours,ACCEPTED,factory.jivo.in /quality-control/inspections/,VERIFIED,group=PM_PACKAGING; hold_to_chemist_h=0.29; grpo_state=PENDING_IN_APP
qc_inspection,JIVO_OIL,701,2026-06-02,GE-2026-3067,PM0000053,HDPE BOTTLE 5 LTR,5 Ltr. Jerry Can,4300.000,PCS,RAJ TECHNOPACK PVT LTD,hold_hours_slip_to_QA_manager,0.22,hours,ACCEPTED,factory.jivo.in /quality-control/inspections/,VERIFIED,group=PM_PACKAGING; hold_to_chemist_h=0.2; grpo_state=POSTED_VIA_APP
qc_inspection,JIVO_OIL,700,2026-06-02,GE-2026-3067,PM0000468,CAPS 5 LTR GREEN,Cap 5l Brown,4300.000,PCS,RAJ TECHNOPACK PVT LTD,hold_hours_slip_to_QA_manager,0.22,hours,ACCEPTED,factory.jivo.in /quality-control/inspections/,VERIFIED,group=PM_PACKAGING; hold_to_chemist_h=0.18; grpo_state=POSTED_VIA_APP
qc_inspection,JIVO_OIL,698,2026-06-02,GE-2026-3825,PM0000005,CARTON 1 LTR 12 POUCHES,Carton_1l_x_12_pcs_(pouch),2150.000,PCS,SSY CONTAINERS PVT LTD,hold_hours_slip_to_QA_manager,0.16,hours,ACCEPTED,factory.jivo.in /quality-control/inspections/,VERIFIED,group=PM_PACKAGING; hold_to_chemist_h=0.13; grpo_state=POSTED_VIA_APP
qc_inspection,JIVO_OIL,697,2026-06-02,GE-2026-3825,PM0000003,CARTON 1 LTR POMACE 16 PCS,Carton1_liter_x_16pcs_(olive-pomace),5049.000,PCS,SSY CONTAINERS PVT LTD,hold_hours_slip_to_QA_manager,0.16,hours,ACCEPTED,factory.jivo.in /quality-control/inspections/,VERIFIED,group=PM_PACKAGING; hold_to_chemist_h=0.11; grpo_state=POSTED_VIA_APP
qc_inspection,JIVO_OIL,696,2026-06-02,GE-2026-3825,PM0000629,CARTON TIN TOP,Carton Tin Collar,10000.000,PCS,SSY CONTAINERS PVT LTD,hold_hours_slip_to_QA_manager,0.15,hours,ACCEPTED,factory.jivo.in /quality-control/inspections/,VERIFIED,group=PM_PACKAGING; hold_to_chemist_h=0.08; grpo_state=POSTED_VIA_APP
qc_inspection,JIVO_OIL,695,2026-06-02,GE-2026-3825,PM0000657,CARTON 1 LTR 16 PCS SANO,Carton1_liter_x_16pcs_(olive-pomace),4005.000,PCS,SSY CONTAINERS PVT LTD,hold_hours_slip_to_QA_manager,0.15,hours,ACCEPTED,factory.jivo.in /quality-control/inspections/,VERIFIED,group=PM_PACKAGING; hold_to_chemist_h=0.07; grpo_state=POSTED_VIA_APP
qc_inspection,JIVO_OIL,699,2026-06-02,GE-2026-9499,PM0000076,TIN 15 LTR,Tin 15 Kg,1314.000,PCS,NATIONAL TIN INDUSTRIES,hold_hours_slip_to_QA_manager,4.8,hours,ACCEPTED,factory.jivo.in /quality-control/inspections/,VERIFIED,group=PM_PACKAGING; hold_to_chemist_h=4.49; grpo_state=POSTED_VIA_APP
qc_inspection,JIVO_OIL,694,2026-06-02,GE-2026-9499,PM0000080,TIN 5 LTR POMACE OLIVE PRINTED,Printed Tin 5 Ltr,6192.000,PCS,NATIONAL TIN INDUSTRIES,hold_hours_slip_to_QA_manager,0.22,hours,ACCEPTED,factory.jivo.in /quality-control/inspections/,VERIFIED,group=PM_PACKAGING; hold_to_chemist_h=0.22; grpo_state=POSTED_VIA_APP
qc_inspection,JIVO_OIL,693,2026-06-01,GE-2026-7952,PM0000657,CARTON 1 LTR 16 PCS SANO,Carton1_liter_x_16pcs_(olive-pomace),4005.000,PCS,SSY CONTAINERS PVT LTD,hold_hours_slip_to_QA_manager,13.09,hours,ACCEPTED,factory.jivo.in /quality-control/inspections/,VERIFIED,group=PM_PACKAGING; hold_to_chemist_h=13.03; grpo_state=NOT_IN_GRPO_QUEUE
qc_inspection,JIVO_OIL,692,2026-06-01,GE-2026-7952,PM0000005,CARTON 1 LTR 12 POUCHES,Carton_1l_x_12_pcs_(pouch),2150.000,PCS,SSY CONTAINERS PVT LTD,hold_hours_slip_to_QA_manager,13.1,hours,ACCEPTED,factory.jivo.in /quality-control/inspections/,VERIFIED,group=PM_PACKAGING; hold_to_chemist_h=12.94; grpo_state=NOT_IN_GRPO_QUEUE
qc_inspection,JIVO_OIL,691,2026-06-01,GE-2026-7952,PM0000629,CARTON TIN TOP,Carton Tin Collar,10000.000,PCS,SSY CONTAINERS PVT LTD,hold_hours_slip_to_QA_manager,13.1,hours,ACCEPTED,factory.jivo.in /quality-control/inspections/,VERIFIED,group=PM_PACKAGING; hold_to_chemist_h=12.87; grpo_state=NOT_IN_GRPO_QUEUE
qc_inspection,JIVO_OIL,689,2026-06-01,GE-2026-5773,PM0000053,HDPE BOTTLE 5 LTR,5 Ltr. Jerry Can,2400.000,PCS,A A ENTERPRISES,hold_hours_slip_to_QA_manager,1.19,hours,ACCEPTED,factory.jivo.in /quality-control/inspections/,VERIFIED,group=PM_PACKAGING; hold_to_chemist_h=0.55; grpo_state=POSTED_VIA_APP
qc_inspection,JIVO_OIL,688,2026-06-01,GE-2026-6254,PM0000194,PET BOTTLE 1 LTR 40 GMS,Pet Bottle 40gm,32214.000,32214,TPAC PACKAGING INDIA PVT LTD,hold_hours_slip_to_QA_manager,1.39,hours,ACCEPTED,factory.jivo.in /quality-control/inspections/,VERIFIED,group=PM_PACKAGING; hold_to_chemist_h=0.73; grpo_state=POSTED_VIA_APP
qc_inspection,JIVO_OIL,687,2026-05-30,GE-2026-0003,PM0000053,HDPE BOTTLE 5 LTR,5 Ltr. Jerry Can,3750.000,PCS,RAJ TECHNOPACK PVT LTD,hold_hours_slip_to_QA_manager,0.17,hours,ACCEPTED,factory.jivo.in /quality-control/inspections/,VERIFIED,group=PM_PACKAGING; hold_to_chemist_h=0.1; grpo_state=POSTED_VIA_APP
qc_inspection,JIVO_OIL,686,2026-05-30,GE-2026-0003,PM0000468,CAPS 5 LTR GREEN,Cap 5l Brown,3750.000,PCS,RAJ TECHNOPACK PVT LTD,hold_hours_slip_to_QA_manager,0.17,hours,ACCEPTED,factory.jivo.in /quality-control/inspections/,VERIFIED,group=PM_PACKAGING; hold_to_chemist_h=0.08; grpo_state=POSTED_VIA_APP
qc_inspection,JIVO_OIL,685,2026-05-30,GE-2026-2641,PM0000468,CAPS 5 LTR GREEN,Cap 5l Brown,3750.000,3750,RAJ TECHNOPACK PVT LTD,hold_hours_slip_to_QA_manager,0.48,hours,ACCEPTED,factory.jivo.in /quality-control/inspections/,VERIFIED,group=PM_PACKAGING; hold_to_chemist_h=0.34; grpo_state=NOT_IN_GRPO_QUEUE
qc_inspection,JIVO_OIL,678,2026-05-30,GE-2026-5349,PM0000195,PET BOTTLE 1 LTR 52 GMS GREEN,1 Ltr Pet Bottle Pomace (52gm) Br,46032.000,PCS,BR AGROTECH LTD,hold_hours_slip_to_QA_manager,0.26,hours,ACCEPTED,factory.jivo.in /quality-control/inspections/,VERIFIED,group=PM_PACKAGING; hold_to_chemist_h=0.05; grpo_state=POSTED_VIA_APP
qc_inspection,JIVO_OIL,681,2026-05-30,GE-2026-0645,PM0000031,LABEL 15 LTR REFINED FRONT,Label 15ltr Sunflower,4000.000,PCS,PEARL INDUSTRIES,hold_hours_slip_to_QA_manager,1.39,hours,ACCEPTED,factory.jivo.in /quality-control/inspections/,VERIFIED,group=PM_PACKAGING; hold_to_chemist_h=1.37; grpo_state=POSTED_VIA_APP
qc_inspection,JIVO_OIL,682,2026-05-30,GE-2026-1991,PM0000080,TIN 5 LTR POMACE OLIVE PRINTED,Printed Tin 5 Ltr,4578.000,PCS,NATIONAL TIN INDUSTRIES,hold_hours_slip_to_QA_manager,1.67,hours,ACCEPTED,factory.jivo.in /quality-control/inspections/,VERIFIED,group=PM_PACKAGING; hold_to_chemist_h=1.56; grpo_state=POSTED_VIA_APP
qc_inspection,JIVO_OIL,684,2026-05-30,GE-2026-1991,PM0000077,TIN 5 LTR EXTRA LIGHT OLIVE PRINTED,Printed Tin 5 Ltr,1812.000,PCS,NATIONAL TIN INDUSTRIES,hold_hours_slip_to_QA_manager,1.67,hours,ACCEPTED,factory.jivo.in /quality-control/inspections/,VERIFIED,group=PM_PACKAGING; hold_to_chemist_h=1.59; grpo_state=POSTED_VIA_APP
qc_inspection,JIVO_OIL,683,2026-05-30,GE-2026-1991,PM0000080,TIN 5 LTR POMACE OLIVE PRINTED,Printed Tin 5 Ltr,788.000,PCS,NATIONAL TIN INDUSTRIES,hold_hours_slip_to_QA_manager,1.67,hours,ACCEPTED,factory.jivo.in /quality-control/inspections/,VERIFIED,group=PM_PACKAGING; hold_to_chemist_h=1.57; grpo_state=POSTED_VIA_APP
qc_inspection,JIVO_OIL,680,2026-05-30,GE-2026-3269,PM0000468,CAPS 5 LTR GREEN,Cap 5l Brown,2000.000,PCS,A A ENTERPRISES,hold_hours_slip_to_QA_manager,1.23,hours,ACCEPTED,factory.jivo.in /quality-control/inspections/,VERIFIED,group=PM_PACKAGING; hold_to_chemist_h=1.09; grpo_state=POSTED_VIA_APP
qc_inspection,JIVO_OIL,679,2026-05-30,GE-2026-3269,PM0000053,HDPE BOTTLE 5 LTR,5 Ltr. Jerry Can,2000.000,PCS,A A ENTERPRISES,hold_hours_slip_to_QA_manager,1.23,hours,ACCEPTED,factory.jivo.in /quality-control/inspections/,VERIFIED,group=PM_PACKAGING; hold_to_chemist_h=1.08; grpo_state=POSTED_VIA_APP
qc_inspection,JIVO_OIL,674,2026-05-29,GE-2026-4521,PM0000053,HDPE BOTTLE 5 LTR,5 Ltr. Jerry Can,3750.000,PCS,RAJ TECHNOPACK PVT LTD,hold_hours_slip_to_QA_manager,1.84,hours,ACCEPTED,factory.jivo.in /quality-control/inspections/,VERIFIED,group=PM_PACKAGING; hold_to_chemist_h=1.8; grpo_state=POSTED_VIA_APP
qc_inspection,JIVO_OIL,673,2026-05-29,GE-2026-4521,PM0000468,CAPS 5 LTR GREEN,Cap 5l Brown,3750.000,PCS,RAJ TECHNOPACK PVT LTD,hold_hours_slip_to_QA_manager,1.84,hours,ACCEPTED,factory.jivo.in /quality-control/inspections/,VERIFIED,group=PM_PACKAGING; hold_to_chemist_h=1.79; grpo_state=POSTED_VIA_APP
qc_inspection,JIVO_OIL,672,2026-05-29,GE-2026-5053,PM0000013,CARTON 5 LTR 4 PCS,Carton_5l_x_4_pcs_canola_(450x257x325),2840.000,PCS,SSY CONTAINERS PVT LTD,hold_hours_slip_to_QA_manager,3.88,hours,ACCEPTED,factory.jivo.in /quality-control/inspections/,VERIFIED,group=PM_PACKAGING; hold_to_chemist_h=2.06; grpo_state=POSTED_VIA_APP
qc_inspection,JIVO_OIL,671,2026-05-29,GE-2026-5053,PM0000411,CARTON 1 LTR 20 PCS PET 26GM,Carton_1l_x_20_pcs_26_gm,2594.000,PCS,SSY CONTAINERS PVT LTD,hold_hours_slip_to_QA_manager,3.89,hours,ACCEPTED,factory.jivo.in /quality-control/inspections/,VERIFIED,group=PM_PACKAGING; hold_to_chemist_h=2.04; grpo_state=POSTED_VIA_APP
qc_inspection,JIVO_OIL,677,2026-05-29,GE-2026-8315,PM0000594,PREFORM 40 GMS 36 MM,Pet Preform 40 Gm,9000.000,PCS,FRYSTAL PET PRIVATE LIMITED,hold_hours_slip_to_QA_manager,8.44,hours,ACCEPTED,factory.jivo.in /quality-control/inspections/,VERIFIED,group=PM_PACKAGING; hold_to_chemist_h=8.33; grpo_state=POSTED_VIA_APP
qc_inspection,JIVO_OIL,670,2026-05-29,GE-2026-8315,PM0000852,PREFORM 49.5 GMS 36 MM,Pet Preform 50 Gm,37800.000,PCS,FRYSTAL PET PRIVATE LIMITED,hold_hours_slip_to_QA_manager,0.66,hours,ACCEPTED,factory.jivo.in /quality-control/inspections/,VERIFIED,group=PM_PACKAGING; hold_to_chemist_h=0.53; grpo_state=POSTED_VIA_APP
qc_inspection,JIVO_OIL,669,2026-05-29,GE-2026-1279,PM0000076,TIN 15 LTR,Tin 15 Kg,2810.000,PCS,HARYANA GENERAL INDUSTRIES,hold_hours_slip_to_QA_manager,0.23,hours,ACCEPTED,factory.jivo.in /quality-control/inspections/,VERIFIED,group=PM_PACKAGING; hold_to_chemist_h=0.07; grpo_state=POSTED_VIA_APP
qc_inspection,JIVO_OIL,668,2026-05-28,GE-2026-5541,PM0000085,CAPS 1 OR 2 LTR WHITE AND YELLOW WITH LOGO,Cap_yellow_white_1ltr._&_2_ltr.,66000.000,PCS,BABAJI UDYOG PVT. LTD.,hold_hours_slip_to_QA_manager,12.12,hours,ACCEPTED,factory.jivo.in /quality-control/inspections/,VERIFIED,group=PM_PACKAGING; hold_to_chemist_h=0.15; grpo_state=POSTED_VIA_APP
qc_inspection,JIVO_OIL,667,2026-05-28,GE-2026-5541,PM0000235,CAPS 1 LTR WHITE AND YELLOW SMALL PLAIN,Cap Yellow-white 1l Plain,100000.000,PCS,BABAJI UDYOG PVT. LTD.,hold_hours_slip_to_QA_manager,12.13,hours,ACCEPTED,factory.jivo.in /quality-control/inspections/,VERIFIED,group=PM_PACKAGING; hold_to_chemist_h=0.11; grpo_state=POSTED_VIA_APP
qc_inspection,JIVO_OIL,666,2026-05-28,GE-2026-4450,PM0000053,HDPE BOTTLE 5 LTR,5 Ltr. Jerry Can,3750.000,PCS,RAJ TECHNOPACK PVT LTD,hold_hours_slip_to_QA_manager,12.28,hours,ACCEPTED,factory.jivo.in /quality-control/inspections/,VERIFIED,group=PM_PACKAGING; hold_to_chemist_h=0.22; grpo_state=PENDING_IN_APP
qc_inspection,JIVO_OIL,665,2026-05-28,GE-2026-4450,PM0000470,CAPS 5 LTR ORANGE,Cap 5l Brown,3750.000,PCS,RAJ TECHNOPACK PVT LTD,hold_hours_slip_to_QA_manager,12.29,hours,ACCEPTED,factory.jivo.in /quality-control/inspections/,VERIFIED,group=PM_PACKAGING; hold_to_chemist_h=0.21; grpo_state=PENDING_IN_APP
qc_inspection,JIVO_OIL,663,2026-05-28,GE-2026-5455,PM0000091,LABEL 2 LTR EXTRA LIGHT HANDLE BOTTLE FRONT,Label_cp_canola_2ltr_front,45200.000,PCS,ROYAL PRIME LABELS,hold_hours_slip_to_QA_manager,0.91,hours,ACCEPTED,factory.jivo.in /quality-control/inspections/,VERIFIED,group=PM_PACKAGING; hold_to_chemist_h=0.9; grpo_state=POSTED_VIA_APP
qc_inspection,JIVO_OIL,662,2026-05-28,GE-2026-5455,PM0000090,LABEL 2 LTR EXTRA LIGHT HANDLE BOTTLE BACK,Label_cp_canola_2ltr_front,45200.000,PCS,ROYAL PRIME LABELS,hold_hours_slip_to_QA_manager,0.91,hours,ACCEPTED,factory.jivo.in /quality-control/inspections/,VERIFIED,group=PM_PACKAGING; hold_to_chemist_h=0.88; grpo_state=POSTED_VIA_APP
qc_inspection,JIVO_OIL,660,2026-05-28,GE-2026-0411,PM0000470,CAPS 5 LTR ORANGE,Cap 5l Brown,1100.000,PCS,A A ENTERPRISES,hold_hours_slip_to_QA_manager,0.76,hours,ACCEPTED,factory.jivo.in /quality-control/inspections/,VERIFIED,group=PM_PACKAGING; hold_to_chemist_h=0.67; grpo_state=POSTED_VIA_APP
qc_inspection,JIVO_OIL,661,2026-05-28,GE-2026-0411,PM0000053,HDPE BOTTLE 5 LTR,5 Ltr. Jerry Can,1100.000,PCS,A A ENTERPRISES,hold_hours_slip_to_QA_manager,0.76,hours,ACCEPTED,factory.jivo.in /quality-control/inspections/,VERIFIED,group=PM_PACKAGING; hold_to_chemist_h=0.74; grpo_state=POSTED_VIA_APP
qc_inspection,JIVO_OIL,664,2026-05-28,GE-2026-2797,RM0000003,MUSTARD LOOSE OIL,Oil Tanker,39.000,MTS,M/S ARORA AGRI BUSINESS VENTURES,hold_hours_slip_to_QA_manager,3.25,hours,ACCEPTED,factory.jivo.in /quality-control/inspections/,VERIFIED,group=RM_BULK_OIL; hold_to_chemist_h=3.24; grpo_state=PENDING_IN_APP
qc_inspection,JIVO_OIL,659,2026-05-28,GE-2026-2464,RM0000003,MUSTARD LOOSE OIL,Oil Tanker,39.930,MTS,VAISHNODEVI AGRO RESOURCES PRIVATE LIMITED,hold_hours_slip_to_QA_manager,1.58,hours,ACCEPTED,factory.jivo.in /quality-control/inspections/,VERIFIED,group=RM_BULK_OIL; hold_to_chemist_h=1.43; grpo_state=PENDING_IN_APP
qc_inspection,JIVO_OIL,658,2026-05-27,GE-2026-6717,RM0000003,MUSTARD LOOSE OIL,Oil Tanker,38.880,MTS,M/S ARORA AGRI BUSINESS VENTURES,hold_hours_slip_to_QA_manager,15.3,hours,ACCEPTED,factory.jivo.in /quality-control/inspections/,VERIFIED,group=RM_BULK_OIL; hold_to_chemist_h=15.13; grpo_state=PENDING_IN_APP
qc_inspection,JIVO_OIL,657,2026-05-27,GE-2026-8772,RM0000025,SOYABEAN REFINED LOOSE OIL,Oil Tanker,39.100,MTS,AWL AGRI BUSINESS LIMITED,hold_hours_slip_to_QA_manager,16.95,hours,ACCEPTED,factory.jivo.in /quality-control/inspections/,VERIFIED,group=RM_BULK_OIL; hold_to_chemist_h=16.7; grpo_state=PENDING_IN_APP
qc_inspection,JIVO_OIL,656,2026-05-27,GE-2026-3349,RM0000003,MUSTARD LOOSE OIL,Oil Tanker,41.350,MTS,VAISHNODEVI AGRO RESOURCES PRIVATE LIMITED,hold_hours_slip_to_QA_manager,19.18,hours,ACCEPTED,factory.jivo.in /quality-control/inspections/,VERIFIED,group=RM_BULK_OIL; hold_to_chemist_h=18.89; grpo_state=PENDING_IN_APP
qc_inspection,JIVO_OIL,654,2026-05-27,GE-2026-0776,PM0000470,CAPS 5 LTR ORANGE,Cap 5l Brown,3750.000,PCS,RAJ TECHNOPACK PVT LTD,hold_hours_slip_to_QA_manager,0.73,hours,ACCEPTED,factory.jivo.in /quality-control/inspections/,VERIFIED,group=PM_PACKAGING; hold_to_chemist_h=0.72; grpo_state=PENDING_IN_APP
qc_inspection,JIVO_OIL,653,2026-05-27,GE-2026-0776,PM0000053,HDPE BOTTLE 5 LTR,5 Ltr. Jerry Can,3750.000,PCS,RAJ TECHNOPACK PVT LTD,hold_hours_slip_to_QA_manager,0.73,hours,ACCEPTED,factory.jivo.in /quality-control/inspections/,VERIFIED,group=PM_PACKAGING; hold_to_chemist_h=0.69; grpo_state=PENDING_IN_APP
qc_inspection,JIVO_OIL,648,2026-05-27,GE-2026-7582,PM0000411,CARTON 1 LTR 20 PCS PET 26GM,Carton_1l_x_20_pcs_26_gm,1296.000,PCS,SSY CONTAINERS PVT LTD,hold_hours_slip_to_QA_manager,2.14,hours,ACCEPTED,factory.jivo.in /quality-control/inspections/,VERIFIED,group=PM_PACKAGING; hold_to_chemist_h=1.46; grpo_state=PENDING_IN_APP
qc_inspection,JIVO_OIL,647,2026-05-27,GE-2026-7582,PM0000003,CARTON 1 LTR POMACE 16 PCS,Carton1_liter_x_16pcs_(olive-pomace),4950.000,PCS,SSY CONTAINERS PVT LTD,hold_hours_slip_to_QA_manager,1.45,hours,ACCEPTED,factory.jivo.in /quality-control/inspections/,VERIFIED,group=PM_PACKAGING; hold_to_chemist_h=1.26; grpo_state=PENDING_IN_APP
qc_inspection,JIVO_OIL,649,2026-05-27,GE-2026-7582,PM0000411,CARTON 1 LTR 20 PCS PET 26GM,Carton_1l_x_20_pcs_26_gm,3078.000,PCS,SSY CONTAINERS PVT LTD,hold_hours_slip_to_QA_manager,2.14,hours,ACCEPTED,factory.jivo.in /quality-control/inspections/,VERIFIED,group=PM_PACKAGING; hold_to_chemist_h=1.72; grpo_state=PENDING_IN_APP
qc_inspection,JIVO_OIL,645,2026-05-27,GE-2026-1389,PM0000194,PET BOTTLE 1 LTR 40 GMS,Pet Bottle 40gm,10764.000,PCS,TPAC PACKAGING INDIA PVT LTD,hold_hours_slip_to_QA_manager,0.92,hours,ACCEPTED,factory.jivo.in /quality-control/inspections/,VERIFIED,group=PM_PACKAGING; hold_to_chemist_h=0.91; grpo_state=PENDING_IN_APP
qc_inspection,JIVO_OIL,646,2026-05-27,GE-2026-5596,PM0000851,PET BOTTLE 1 LTR 26 GM,Pet_bottle_1_ltr_26gm,4056.000,PCS,TPAC PACKAGING INDIA PVT LTD II,hold_hours_slip_to_QA_manager,1.73,hours,ACCEPTED,factory.jivo.in /quality-control/inspections/,VERIFIED,group=PM_PACKAGING; hold_to_chemist_h=1.47; grpo_state=POSTED_VIA_APP
qc_inspection,JIVO_OIL,650,2026-05-27,GE-2026-9317,PM0000251,PET BOTTLE 2 LTR 80 GMS YELLOW HANDLE,Pet Bottle 2 Ltr 80 Gm Yellow Handle,6804.000,PCS,TPAC PACKAGING INDIA PVT LTD II,hold_hours_slip_to_QA_manager,2.48,hours,ACCEPTED,factory.jivo.in /quality-control/inspections/,VERIFIED,group=PM_PACKAGING; hold_to_chemist_h=2.39; grpo_state=PENDING_IN_APP
qc_inspection,JIVO_OIL,642,2026-05-25,GE-2026-3961,PM0000036,LABEL 2 LTR KACHCHI GHANI FRONT,Label Canola Oil 2 Ltr Back,21500.000,PCS,ROYAL PRIME LABELS,hold_hours_slip_to_QA_manager,17.04,hours,ACCEPTED,factory.jivo.in /quality-control/inspections/,VERIFIED,group=PM_PACKAGING; hold_to_chemist_h=16.85; grpo_state=PENDING_IN_APP
qc_inspection,JIVO_OIL,641,2026-05-25,GE-2026-3961,PM0000035,LABEL 2 LTR KACHCHI GHANI BACK,Label Canola Oil 2 Ltr Front,21500.000,PCS,ROYAL PRIME LABELS,hold_hours_slip_to_QA_manager,17.05,hours,ACCEPTED,factory.jivo.in /quality-control/inspections/,VERIFIED,group=PM_PACKAGING; hold_to_chemist_h=16.83; grpo_state=PENDING_IN_APP
qc_inspection,JIVO_OIL,640,2026-05-25,GE-2026-3961,PM0000885,LABEL 869 GM CP MUSTARD OIL FRONT,Label_cp_canola_1l_front,55000.000,PCS,ROYAL PRIME LABELS,hold_hours_slip_to_QA_manager,17.05,hours,ACCEPTED,factory.jivo.in /quality-control/inspections/,VERIFIED,group=PM_PACKAGING; hold_to_chemist_h=16.75; grpo_state=PENDING_IN_APP
qc_inspection,JIVO_OIL,639,2026-05-25,GE-2026-3961,PM0000886,LABEL 869 GM CP MUSTARD OIL BACK,Label_cp_canola_1l_front,55000.000,PCS,ROYAL PRIME LABELS,hold_hours_slip_to_QA_manager,17.05,hours,ACCEPTED,factory.jivo.in /quality-control/inspections/,VERIFIED,group=PM_PACKAGING; hold_to_chemist_h=16.73; grpo_state=PENDING_IN_APP
qc_inspection,JIVO_OIL,638,2026-05-25,GE-2026-6131,PM0000053,HDPE BOTTLE 5 LTR,5 Ltr. Jerry Can,3750.000,PCS,RAJ TECHNOPACK PVT LTD,hold_hours_slip_to_QA_manager,17.8,hours,ACCEPTED,factory.jivo.in /quality-control/inspections/,VERIFIED,group=PM_PACKAGING; hold_to_chemist_h=17.43; grpo_state=PENDING_IN_APP
qc_inspection,JIVO_OIL,637,2026-05-25,GE-2026-6131,PM0000468,CAPS 5 LTR GREEN,5 Ltr. Jerry Can,3750.000,PCS,RAJ TECHNOPACK PVT LTD,hold_hours_slip_to_QA_manager,17.8,hours,ACCEPTED,factory.jivo.in /quality-control/inspections/,VERIFIED,group=PM_PACKAGING; hold_to_chemist_h=17.39; grpo_state=PENDING_IN_APP
qc_inspection,JIVO_OIL,636,2026-05-25,GE-2026-9224,PM0000468,CAPS 5 LTR GREEN,Cap 5l Brown,3900.000,PCS,ECHO PLAST INDIA,hold_hours_slip_to_QA_manager,17.86,hours,ACCEPTED,factory.jivo.in /quality-control/inspections/,VERIFIED,group=PM_PACKAGING; hold_to_chemist_h=17.42; grpo_state=PENDING_IN_APP
qc_inspection,JIVO_OIL,635,2026-05-25,GE-2026-9224,PM0000053,HDPE BOTTLE 5 LTR,5 Ltr. Jerry Can,2220.000,PCS,ECHO PLAST INDIA,hold_hours_slip_to_QA_manager,17.45,hours,ACCEPTED,factory.jivo.in /quality-control/inspections/,VERIFIED,group=PM_PACKAGING; hold_to_chemist_h=17.41; grpo_state=PENDING_IN_APP
qc_inspection,JIVO_OIL,634,2026-05-25,GE-2026-9224,PM0000358,HDPE BOTTLE 5 LTR GOLD,5 Ltr. Jerry Can,1680.000,PCS,ECHO PLAST INDIA,hold_hours_slip_to_QA_manager,,hours,REJECTED,factory.jivo.in /quality-control/inspections/,VERIFIED,group=PM_PACKAGING; hold_to_chemist_h=17.36; grpo_state=PENDING_IN_APP
qc_inspection,JIVO_OIL,633,2026-05-25,GE-2026-0758,PM0000594,PREFORM 40 GMS 36 MM,Pet Preform 40 Gm,19150.000,PCS,PIONEER PET SWASTIC PET INDUSTRIES (ACSFS8137Q),hold_hours_slip_to_QA_manager,25.19,hours,ACCEPTED,factory.jivo.in /quality-control/inspections/,VERIFIED,group=PM_PACKAGING; hold_to_chemist_h=25.09; grpo_state=PENDING_IN_APP
qc_inspection,JIVO_OIL,632,2026-05-25,GE-2026-0758,PM0000852,PREFORM 49.5 GMS 36 MM,Pet Preform 49.5 Gm (pioneer),16170.000,PCS,PIONEER PET SWASTIC PET INDUSTRIES (ACSFS8137Q),hold_hours_slip_to_QA_manager,25.2,hours,ACCEPTED,factory.jivo.in /quality-control/inspections/,VERIFIED,group=PM_PACKAGING; hold_to_chemist_h=24.97; grpo_state=PENDING_IN_APP
qc_inspection,JIVO_OIL,631,2026-05-23,GE-2026-2557,PM0000053,HDPE BOTTLE 5 LTR,5 Ltr. Jerry Can,3225.000,PCS,ECHO PLAST INDIA,hold_hours_slip_to_QA_manager,40.44,hours,ACCEPTED,factory.jivo.in /quality-control/inspections/,VERIFIED,group=PM_PACKAGING; hold_to_chemist_h=40.36; grpo_state=PENDING_IN_APP
qc_inspection,JIVO_OIL,630,2026-05-23,GE-2026-7983,PM0000395,TIN 5 LTR POMACE OLIVE SANO,Printed Tin 5 Ltr,2755.000,PCS,NATIONAL TIN INDUSTRIES,hold_hours_slip_to_QA_manager,41.99,hours,ACCEPTED,factory.jivo.in /quality-control/inspections/,VERIFIED,group=PM_PACKAGING; hold_to_chemist_h=41.89; grpo_state=PENDING_IN_APP
qc_inspection,JIVO_OIL,629,2026-05-23,GE-2026-7983,PM0000077,TIN 5 LTR EXTRA LIGHT OLIVE PRINTED,Printed Tin 5 Ltr,7760.000,PCS,NATIONAL TIN INDUSTRIES,hold_hours_slip_to_QA_manager,42.0,hours,ACCEPTED,factory.jivo.in /quality-control/inspections/,VERIFIED,group=PM_PACKAGING; hold_to_chemist_h=41.87; grpo_state=PENDING_IN_APP
qc_inspection,JIVO_OIL,628,2026-05-22,GE-2026-4015,PM0000852,PREFORM 49.5 GMS 36 MM,Pet Preform 49.5 Gm (pioneer),161400.000,PCS,FRYSTAL PET PRIVATE LIMITED,hold_hours_slip_to_QA_manager,66.18,hours,ACCEPTED,factory.jivo.in /quality-control/inspections/,VERIFIED,group=PM_PACKAGING; hold_to_chemist_h=16.72; grpo_state=PENDING_IN_APP
qc_inspection,JIVO_OIL,627,2026-05-22,GE-2026-1940,PM0000053,HDPE BOTTLE 5 LTR,5 Ltr. Jerry Can,3425.000,PCS,RAJ TECHNOPACK PVT LTD,hold_hours_slip_to_QA_manager,66.68,hours,ACCEPTED,factory.jivo.in /quality-control/inspections/,VERIFIED,group=PM_PACKAGING; hold_to_chemist_h=17.17; grpo_state=PENDING_IN_APP
qc_inspection,JIVO_OIL,626,2026-05-22,GE-2026-4317,PM0000194,PET BOTTLE 1 LTR 40 GMS,Pet_bottle_1ltr_40gm,21996.000,PCS,TPAC PACKAGING INDIA PVT LTD,hold_hours_slip_to_QA_manager,66.92,hours,ACCEPTED,factory.jivo.in /quality-control/inspections/,VERIFIED,group=PM_PACKAGING; hold_to_chemist_h=17.38; grpo_state=PENDING_IN_APP
qc_inspection,JIVO_OIL,625,2026-05-22,GE-2026-3024,PM0000851,PET BOTTLE 1 LTR 26 GM,Pet_bottle_1_ltr_26gm,18018.000,PCS,TPAC PACKAGING INDIA PVT LTD II,hold_hours_slip_to_QA_manager,67.23,hours,ACCEPTED,factory.jivo.in /quality-control/inspections/,VERIFIED,group=PM_PACKAGING; hold_to_chemist_h=17.66; grpo_state=PENDING_IN_APP
qc_inspection,JIVO_OIL,624,2026-05-22,GE-2026-3130,PM0000468,CAPS 5 LTR GREEN,Cap 5l Brown,4305.000,PCS,ECHO PLAST INDIA,hold_hours_slip_to_QA_manager,69.62,hours,ACCEPTED,factory.jivo.in /quality-control/inspections/,VERIFIED,group=PM_PACKAGING; hold_to_chemist_h=20.03; grpo_state=PENDING_IN_APP
qc_inspection,JIVO_OIL,623,2026-05-22,GE-2026-3130,PM0000053,HDPE BOTTLE 5 LTR,5 Ltr. Jerry Can,4305.000,PCS,ECHO PLAST INDIA,hold_hours_slip_to_QA_manager,69.63,hours,ACCEPTED,factory.jivo.in /quality-control/inspections/,VERIFIED,group=PM_PACKAGING; hold_to_chemist_h=20.01; grpo_state=PENDING_IN_APP
qc_inspection,JIVO_OIL,622,2026-05-21,GE-2026-6359,PM0000046,LABEL 5 LTR COLD PRESS FRONT,Cold Press Canola 5 L/ 5 L Soyabean,31500.000,PCS,ROYAL PRIME LABELS,hold_hours_slip_to_QA_manager,91.25,hours,ACCEPTED,factory.jivo.in /quality-control/inspections/,VERIFIED,group=PM_PACKAGING; hold_to_chemist_h=28.52; grpo_state=PENDING_IN_APP
qc_inspection,JIVO_OIL,621,2026-05-21,GE-2026-6359,PM0000535,LABEL 5 LTR COLD PRESS BACK 994,Cold Press Canola 5 L/ 5 L Soyabean,31500.000,PCS,ROYAL PRIME LABELS,hold_hours_slip_to_QA_manager,91.26,hours,ACCEPTED,factory.jivo.in /quality-control/inspections/,VERIFIED,group=PM_PACKAGING; hold_to_chemist_h=28.5; grpo_state=PENDING_IN_APP
qc_inspection,JIVO_OIL,620,2026-05-21,GE-2026-6359,PM0000266,LABEL 2 LTR COLD PRESS HANDLE BOTTLE FRONT,Label_cp_canola_2ltr_front,3250.000,PCS,ROYAL PRIME LABELS,hold_hours_slip_to_QA_manager,91.26,hours,ACCEPTED,factory.jivo.in /quality-control/inspections/,VERIFIED,group=PM_PACKAGING; hold_to_chemist_h=28.48; grpo_state=PENDING_IN_APP
qc_inspection,JIVO_OIL,619,2026-05-21,GE-2026-6359,PM0000265,LABEL 2 LTR COLD PRESS HANDLE BOTTLE BACK,Label_cp_canola_2ltr_front,3250.000,PCS,ROYAL PRIME LABELS,hold_hours_slip_to_QA_manager,91.29,hours,ACCEPTED,factory.jivo.in /quality-control/inspections/,VERIFIED,group=PM_PACKAGING; hold_to_chemist_h=28.46; grpo_state=PENDING_IN_APP
qc_inspection,JIVO_OIL,618,2026-05-21,GE-2026-6359,PM0000233,LABEL 5 LTR SUNFLOWER FRONT,Cold Press Canola 5 L/ 5 L Soyabean,53100.000,PCS,ROYAL PRIME LABELS,hold_hours_slip_to_QA_manager,91.3,hours,ACCEPTED,factory.jivo.in /quality-control/inspections/,VERIFIED,group=PM_PACKAGING; hold_to_chemist_h=28.43; grpo_state=PENDING_IN_APP
qc_inspection,JIVO_OIL,617,2026-05-21,GE-2026-6359,PM0000232,LABEL 5 LTR SUNFLOWER BACK,Cold Press Canola 5 L/ 5 L Soyabean,53100.000,PCS,ROYAL PRIME LABELS,hold_hours_slip_to_QA_manager,91.3,hours,ACCEPTED,factory.jivo.in /quality-control/inspections/,VERIFIED,group=PM_PACKAGING; hold_to_chemist_h=28.42; grpo_state=PENDING_IN_APP
qc_inspection,JIVO_OIL,612,2026-05-20,GE-2026-0149,PM0000053,HDPE BOTTLE 5 LTR,5 Ltr. Jerry Can,4300.000,PCS,RAJ TECHNOPACK PVT LTD,hold_hours_slip_to_QA_manager,21.34,hours,ACCEPTED,factory.jivo.in /quality-control/inspections/,VERIFIED,group=PM_PACKAGING; hold_to_chemist_h=20.3; grpo_state=POSTED_VIA_APP
qc_inspection,JIVO_OIL,613,2026-05-20,GE-2026-0149,PM0000469,CAPS 5 LTR BROWN,Cap 5l Brown,4300.000,PCS,RAJ TECHNOPACK PVT LTD,hold_hours_slip_to_QA_manager,21.35,hours,ACCEPTED,factory.jivo.in /quality-control/inspections/,VERIFIED,group=PM_PACKAGING; hold_to_chemist_h=20.77; grpo_state=POSTED_VIA_APP
qc_inspection,JIVO_OIL,610,2026-05-20,GE-2026-9812,PM0000001,CARTON 1 LTR 16 PCS,Carton1_liter_x_16pcs_(olive-pomace),4935.000,PCS,SSY CONTAINERS PVT LTD,hold_hours_slip_to_QA_manager,21.66,hours,ACCEPTED,factory.jivo.in /quality-control/inspections/,VERIFIED,group=PM_PACKAGING; hold_to_chemist_h=20.53; grpo_state=PENDING_IN_APP
qc_inspection,JIVO_OIL,611,2026-05-20,GE-2026-9812,PM0000003,CARTON 1 LTR POMACE 16 PCS,Carton1_liter_x_16pcs_(olive-pomace),3255.000,PCS,SSY CONTAINERS PVT LTD,hold_hours_slip_to_QA_manager,21.66,hours,ACCEPTED,factory.jivo.in /quality-control/inspections/,VERIFIED,group=PM_PACKAGING; hold_to_chemist_h=20.58; grpo_state=PENDING_IN_APP
qc_inspection,JIVO_OIL,614,2026-05-20,GE-2026-3768,PM0000851,PET BOTTLE 1 LTR 26 GM,Pet_bottle_1_ltr_26gm,46800.000,PCS,TPAC PACKAGING INDIA PVT LTD II,hold_hours_slip_to_QA_manager,21.85,hours,ACCEPTED,factory.jivo.in /quality-control/inspections/,VERIFIED,group=PM_PACKAGING; hold_to_chemist_h=21.29; grpo_state=PENDING_IN_APP
qc_inspection,JIVO_OIL,609,2026-05-20,GE-2026-8130,PM0000013,CARTON 5 LTR 4 PCS,Carton_5l_x_4_pcs_canola_(450x257x325),5850.000,PCS,SHIVALIK CONTAINERS PVT.LTD (AAECS1496B),hold_hours_slip_to_QA_manager,22.38,hours,ACCEPTED,factory.jivo.in /quality-control/inspections/,VERIFIED,group=PM_PACKAGING; hold_to_chemist_h=21.21; grpo_state=PENDING_IN_APP
qc_inspection,JIVO_OIL,608,2026-05-19,GE-2026-2200,PM0000609,LABEL 15 KGS REFINED SOYBEAN OIL PCS,Label 15ltr Sunflower,10000.000,PCS,PEARL INDUSTRIES,hold_hours_slip_to_QA_manager,16.19,hours,ACCEPTED,factory.jivo.in /quality-control/inspections/,VERIFIED,group=PM_PACKAGING; hold_to_chemist_h=0.94; grpo_state=PENDING_IN_APP
qc_inspection,JIVO_OIL,607,2026-05-19,GE-2026-4847,PM0000053,HDPE BOTTLE 5 LTR,5 Ltr. Jerry Can,2130.000,PCS,ECHO PLAST INDIA,hold_hours_slip_to_QA_manager,16.33,hours,ACCEPTED,factory.jivo.in /quality-control/inspections/,VERIFIED,group=PM_PACKAGING; hold_to_chemist_h=1.06; grpo_state=NOT_IN_GRPO_QUEUE
qc_inspection,JIVO_OIL,606,2026-05-19,GE-2026-4847,PM0000468,CAPS 5 LTR GREEN,Cap 5l Brown,2130.000,PCS,ECHO PLAST INDIA,hold_hours_slip_to_QA_manager,,hours,REJECTED,factory.jivo.in /quality-control/inspections/,VERIFIED,group=PM_PACKAGING; hold_to_chemist_h=1.02; grpo_state=NOT_IN_GRPO_QUEUE
qc_inspection,JIVO_OIL,603,2026-05-16,GE-2026-3801,PM0000194,PET BOTTLE 1 LTR 40 GMS,Pet Bottle 40gm,32370.000,PCS,TPAC PACKAGING INDIA PVT LTD,hold_hours_slip_to_QA_manager,95.19,hours,ACCEPTED,factory.jivo.in /quality-control/inspections/,VERIFIED,group=PM_PACKAGING; hold_to_chemist_h=49.93; grpo_state=PENDING_IN_APP
qc_inspection,JIVO_OIL,602,2026-05-16,GE-2026-6113,PM0000195,PET BOTTLE 1 LTR 52 GMS GREEN,1 Ltr Pet Bottle Pomace (52gm) Br,4200.000,PCS,TPAC PACKAGING INDIA PVT LTD,hold_hours_slip_to_QA_manager,,hours,REJECTED,factory.jivo.in /quality-control/inspections/,VERIFIED,group=PM_PACKAGING; hold_to_chemist_h=49.85; grpo_state=NOT_IN_GRPO_QUEUE
qc_inspection,JIVO_OIL,601,2026-05-16,GE-2026-6113,PM0000121,PET BOTTLE 1 LTR 52 GMS POMACE,1 Ltr Pet Bottle Pomace (52gm) Br,2268.000,PCS,TPAC PACKAGING INDIA PVT LTD,hold_hours_slip_to_QA_manager,49.9,hours,ACCEPTED,factory.jivo.in /quality-control/inspections/,VERIFIED,group=PM_PACKAGING; hold_to_chemist_h=49.82; grpo_state=NOT_IN_GRPO_QUEUE
qc_inspection,JIVO_OIL,605,2026-05-15,GE-2026-4460,PM0000470,CAPS 5 LTR ORANGE,Cap 5l Brown,3150.000,PCS,RAJ TECHNOPACK PVT LTD,hold_hours_slip_to_QA_manager,113.37,hours,ACCEPTED,factory.jivo.in /quality-control/inspections/,VERIFIED,group=PM_PACKAGING; hold_to_chemist_h=68.16; grpo_state=PENDING_IN_APP
qc_inspection,JIVO_OIL,604,2026-05-15,GE-2026-4460,PM0000053,HDPE BOTTLE 5 LTR,5 Ltr. Jerry Can,3150.000,PCS,RAJ TECHNOPACK PVT LTD,hold_hours_slip_to_QA_manager,113.38,hours,ACCEPTED,factory.jivo.in /quality-control/inspections/,VERIFIED,group=PM_PACKAGING; hold_to_chemist_h=68.14; grpo_state=PENDING_IN_APP
qc_inspection,JIVO_OIL,597,2026-05-15,GE-2026-2170,PM0000005,CARTON 1 LTR 12 POUCHES,Carton_1l_x_12_pcs_(pouch),7170.000,PCS,SSY CONTAINERS PVT LTD,hold_hours_slip_to_QA_manager,4.54,hours,ACCEPTED,factory.jivo.in /quality-control/inspections/,VERIFIED,group=PM_PACKAGING; hold_to_chemist_h=0.21; grpo_state=POSTED_VIA_APP
qc_inspection,JIVO_OIL,598,2026-05-14,GE-2026-5246,PM0000468,CAPS 5 LTR GREEN,Cap 5l Brown,2562.000,PCS,ECHO PLAST INDIA,hold_hours_slip_to_QA_manager,20.46,hours,ACCEPTED,factory.jivo.in /quality-control/inspections/,VERIFIED,group=PM_PACKAGING; hold_to_chemist_h=16.27; grpo_state=PENDING_IN_APP
qc_inspection,JIVO_OIL,600,2026-05-14,GE-2026-5246,PM0000053,HDPE BOTTLE 5 LTR,5 Ltr. Jerry Can,1380.000,PCS,ECHO PLAST INDIA,hold_hours_slip_to_QA_manager,21.48,hours,ACCEPTED,factory.jivo.in /quality-control/inspections/,VERIFIED,group=PM_PACKAGING; hold_to_chemist_h=16.29; grpo_state=PENDING_IN_APP
qc_inspection,JIVO_OIL,599,2026-05-14,GE-2026-5246,PM0000358,HDPE BOTTLE 5 LTR GOLD,5 Ltr. Jerry Can,1182.000,PCS,ECHO PLAST INDIA,hold_hours_slip_to_QA_manager,,hours,REJECTED,factory.jivo.in /quality-control/inspections/,VERIFIED,group=PM_PACKAGING; hold_to_chemist_h=16.27; grpo_state=PENDING_IN_APP
qc_inspection,JIVO_OIL,588,2026-05-14,GE-2026-6695,PM0000108,LABEL 1 LTR POMACE FRONT,Label Groundnut 1 Ltr,153500.000,PCS,ROYAL PRIME LABELS,hold_hours_slip_to_QA_manager,3.57,hours,ACCEPTED,factory.jivo.in /quality-control/inspections/,VERIFIED,group=PM_PACKAGING; hold_to_chemist_h=1.88; grpo_state=PENDING_IN_APP
qc_inspection,JIVO_OIL,589,2026-05-14,GE-2026-6695,PM0000107,LABEL 1 LTR POMACE BACK,Label Groundnut 1 Ltr,153500.000,PCS,ROYAL PRIME LABELS,hold_hours_slip_to_QA_manager,3.57,hours,ACCEPTED,factory.jivo.in /quality-control/inspections/,VERIFIED,group=PM_PACKAGING; hold_to_chemist_h=1.9; grpo_state=PENDING_IN_APP
qc_inspection,JIVO_OIL,590,2026-05-14,GE-2026-7777,PM0000005,CARTON 1 LTR 12 POUCHES,Carton_1l_x_12_pcs_(pouch),2010.000,PCS,SSY CONTAINERS PVT LTD,hold_hours_slip_to_QA_manager,4.21,hours,ACCEPTED,factory.jivo.in /quality-control/inspections/,VERIFIED,group=PM_PACKAGING; hold_to_chemist_h=2.56; grpo_state=PENDING_IN_APP
qc_inspection,JIVO_OIL,591,2026-05-14,GE-2026-4656,PM0000824,LABEL 1 LTR KACHI GHANI FULL,1 Ltr Jivo Soyabean(round ) Label,200200.000,PCS,ROYAL PRIME LABELS,hold_hours_slip_to_QA_manager,4.43,hours,ACCEPTED,factory.jivo.in /quality-control/inspections/,VERIFIED,group=PM_PACKAGING; hold_to_chemist_h=2.81; grpo_state=PENDING_IN_APP
qc_inspection,JIVO_OIL,592,2026-05-14,GE-2026-1281,PM0000042,LABEL 2 LTR REFINED FRONT,Label Canola Oil 2 Ltr Front,5200.000,PCS,ROYAL PRIME LABELS,hold_hours_slip_to_QA_manager,4.48,hours,ACCEPTED,factory.jivo.in /quality-control/inspections/,VERIFIED,group=PM_PACKAGING; hold_to_chemist_h=3.09; grpo_state=PENDING_IN_APP
qc_inspection,JIVO_OIL,593,2026-05-14,GE-2026-1281,PM0000041,LABEL 2 LTR REFINED BACK,Label Canola Oil 2 Ltr Back,5200.000,PCS,ROYAL PRIME LABELS,hold_hours_slip_to_QA_manager,4.46,hours,ACCEPTED,factory.jivo.in /quality-control/inspections/,VERIFIED,group=PM_PACKAGING; hold_to_chemist_h=3.11; grpo_state=PENDING_IN_APP
qc_inspection,JIVO_OIL,596,2026-05-14,GE-2026-5619,PM0000851,PET BOTTLE 1 LTR 26 GM,Pet_bottle_1_ltr_26gm,15132.000,PCS,TPAC PACKAGING INDIA PVT LTD II,hold_hours_slip_to_QA_manager,29.65,hours,ACCEPTED,factory.jivo.in /quality-control/inspections/,VERIFIED,group=PM_PACKAGING; hold_to_chemist_h=7.16; grpo_state=PENDING_IN_APP
qc_inspection,JIVO_OIL,587,2026-05-14,GE-2026-8677,PM0000251,PET BOTTLE 2 LTR 80 GMS YELLOW HANDLE,Pet Bottle 2 Ltr 80 Gm Yellow Handle,13020.000,PCS,TPAC PACKAGING INDIA PVT LTD II,hold_hours_slip_to_QA_manager,0.34,hours,ACCEPTED,factory.jivo.in /quality-control/inspections/,VERIFIED,group=PM_PACKAGING; hold_to_chemist_h=0.33; grpo_state=POSTED_VIA_APP
qc_inspection,JIVO_OIL,586,2026-05-07,GE-2026-1460,PM0000852,PREFORM 49.5 GMS 36 MM,Pet Preform 50 Gm,162000.000,PCS,FRYSTAL PET PRIVATE LIMITED,hold_hours_slip_to_QA_manager,6.46,hours,ACCEPTED,factory.jivo.in /quality-control/inspections/,VERIFIED,group=PM_PACKAGING; hold_to_chemist_h=0.08; grpo_state=PENDING_IN_APP
qc_inspection,JIVO_OIL,567,2026-05-05,GE-2026-4094,PM0000427,LABEL 5 LTR GROUNDNUT FRONT,Cold Press Canola 5 L/ 5 L Soyabean,10900.000,PCS,ZENBI INTERNATIONAL PRIVATE LIMITED,hold_hours_slip_to_QA_manager,17.77,hours,ACCEPTED,factory.jivo.in /quality-control/inspections/,VERIFIED,group=PM_PACKAGING; hold_to_chemist_h=15.9; grpo_state=POSTED_VIA_APP
qc_inspection,JIVO_OIL,568,2026-05-05,GE-2026-4094,PM0000428,LABEL 5 LTR GROUNDNUT BACK,Cold Press Canola 5 L/ 5 L Soyabean,10900.000,PCS,ZENBI INTERNATIONAL PRIVATE LIMITED,hold_hours_slip_to_QA_manager,17.77,hours,ACCEPTED,factory.jivo.in /quality-control/inspections/,VERIFIED,group=PM_PACKAGING; hold_to_chemist_h=15.91; grpo_state=POSTED_VIA_APP
qc_inspection,JIVO_OIL,569,2026-05-05,GE-2026-4094,PM0000018,LABEL 1 LTR EXTRA LIGHT FRONT,Label_extra_light_olive_1_l_,132900.000,PCS,ZENBI INTERNATIONAL PRIVATE LIMITED,hold_hours_slip_to_QA_manager,17.77,hours,ACCEPTED,factory.jivo.in /quality-control/inspections/,VERIFIED,group=PM_PACKAGING; hold_to_chemist_h=15.96; grpo_state=POSTED_VIA_APP
qc_inspection,JIVO_OIL,570,2026-05-05,GE-2026-4094,PM0000017,LABEL 1 LTR EXTRA LIGHT BACK,Label_extra_light_olive_1_l_,132900.000,PCS,ZENBI INTERNATIONAL PRIVATE LIMITED,hold_hours_slip_to_QA_manager,17.78,hours,ACCEPTED,factory.jivo.in /quality-control/inspections/,VERIFIED,group=PM_PACKAGING; hold_to_chemist_h=15.98; grpo_state=POSTED_VIA_APP
qc_inspection,JIVO_OIL,571,2026-05-05,GE-2026-4094,PM0000522,LABEL 1 LTR RICE BRAN OIL FRONT,Label Rice Bran 1 Ltr.,36000.000,PCS,ZENBI INTERNATIONAL PRIVATE LIMITED,hold_hours_slip_to_QA_manager,17.78,hours,ACCEPTED,factory.jivo.in /quality-control/inspections/,VERIFIED,group=PM_PACKAGING; hold_to_chemist_h=16.14; grpo_state=POSTED_VIA_APP
qc_inspection,JIVO_OIL,572,2026-05-05,GE-2026-4094,PM0000523,LABEL 1 LTR RICE BRAN OIL BACK,Label Rice Bran 1 Ltr.,36000.000,PCS,ZENBI INTERNATIONAL PRIVATE LIMITED,hold_hours_slip_to_QA_manager,17.78,hours,ACCEPTED,factory.jivo.in /quality-control/inspections/,VERIFIED,group=PM_PACKAGING; hold_to_chemist_h=16.15; grpo_state=POSTED_VIA_APP
qc_inspection,JIVO_OIL,562,2026-05-05,GE-2026-4358,PM0000230,LABEL 1 LTR SUNFLOWER FRONT,Label_cp_canola_1l_front,110000.000,PCS,ROYAL PRIME LABELS,hold_hours_slip_to_QA_manager,18.08,hours,ACCEPTED,factory.jivo.in /quality-control/inspections/,VERIFIED,group=PM_PACKAGING; hold_to_chemist_h=0.12; grpo_state=POSTED_VIA_APP
qc_inspection,JIVO_OIL,563,2026-05-05,GE-2026-4358,PM0000231,LABEL 1 LTR SUNFLOWER BACK,Label_cp_canola_1l_front,103000.000,PCS,ROYAL PRIME LABELS,hold_hours_slip_to_QA_manager,18.09,hours,ACCEPTED,factory.jivo.in /quality-control/inspections/,VERIFIED,group=PM_PACKAGING; hold_to_chemist_h=0.14; grpo_state=POSTED_VIA_APP
qc_inspection,JIVO_OIL,564,2026-05-05,GE-2026-4358,PM0000015,LABEL 1 LTR COLD PRESS FRONT,Label_cp_canola_1l_front,105000.000,PCS,ROYAL PRIME LABELS,hold_hours_slip_to_QA_manager,18.09,hours,ACCEPTED,factory.jivo.in /quality-control/inspections/,VERIFIED,group=PM_PACKAGING; hold_to_chemist_h=0.16; grpo_state=POSTED_VIA_APP
qc_inspection,JIVO_OIL,565,2026-05-05,GE-2026-4358,PM0000014,LABEL 1 LTR COLD PRESS BACK 8181,Label_cp_canola_1l_front,105000.000,PCS,ROYAL PRIME LABELS,hold_hours_slip_to_QA_manager,18.1,hours,ACCEPTED,factory.jivo.in /quality-control/inspections/,VERIFIED,group=PM_PACKAGING; hold_to_chemist_h=0.18; grpo_state=POSTED_VIA_APP
qc_inspection,JIVO_OIL,566,2026-05-05,GE-2026-4358,PM0000045,LABEL 5 LTR COLD PRESS BACK 365,Cold Press Canola 5 L/ 5 L Soyabean,29700.000,PCS,ROYAL PRIME LABELS,hold_hours_slip_to_QA_manager,18.1,hours,ACCEPTED,factory.jivo.in /quality-control/inspections/,VERIFIED,group=PM_PACKAGING; hold_to_chemist_h=0.2; grpo_state=POSTED_VIA_APP
qc_inspection,JIVO_OIL,559,2026-05-05,GE-2026-1096,PM0000053,HDPE BOTTLE 5 LTR,5 Ltr. Jerry Can,3500.000,PCS,RAJ TECHNOPACK PVT LTD,hold_hours_slip_to_QA_manager,19.85,hours,ACCEPTED,factory.jivo.in /quality-control/inspections/,VERIFIED,group=PM_PACKAGING; hold_to_chemist_h=0.07; grpo_state=PENDING_IN_APP
qc_inspection,JIVO_OIL,560,2026-05-05,GE-2026-2404,PM0000080,TIN 5 LTR POMACE OLIVE PRINTED,Printed Tin 5 Ltr,7268.000,PCS,NATIONAL TIN INDUSTRIES,hold_hours_slip_to_QA_manager,19.92,hours,ACCEPTED,factory.jivo.in /quality-control/inspections/,VERIFIED,group=PM_PACKAGING; hold_to_chemist_h=0.16; grpo_state=PENDING_IN_APP
qc_inspection,JIVO_OIL,561,2026-05-05,GE-2026-2404,PM0000080,TIN 5 LTR POMACE OLIVE PRINTED,Printed Tin 5 Ltr,2927.000,PCS,NATIONAL TIN INDUSTRIES,hold_hours_slip_to_QA_manager,,hours,REJECTED,factory.jivo.in /quality-control/inspections/,VERIFIED,group=PM_PACKAGING; hold_to_chemist_h=0.18; grpo_state=PENDING_IN_APP
qc_inspection,JIVO_OIL,585,2026-05-05,GE-2026-5156,PM0000877,TIKKI BARCODE CSD KGMO 5 LTR,Tikki Barcode 46 X 56,400.000,PCS,MEDIA GRAPHIC PRINTS VEND,hold_hours_slip_to_QA_manager,42.11,hours,ACCEPTED,factory.jivo.in /quality-control/inspections/,VERIFIED,group=PM_PACKAGING; hold_to_chemist_h=23.63; grpo_state=PENDING_IN_APP
qc_inspection,JIVO_OIL,573,2026-05-05,GE-2026-5156,PM0000878,TIKKI BARCODE CSD KGMO 1 LTR,Tikki 1 Ltr Top Csd,490.000,PCS,MEDIA GRAPHIC PRINTS VEND,hold_hours_slip_to_QA_manager,20.1,hours,ACCEPTED,factory.jivo.in /quality-control/inspections/,VERIFIED,group=PM_PACKAGING; hold_to_chemist_h=18.55; grpo_state=PENDING_IN_APP
qc_inspection,JIVO_OIL,584,2026-05-05,GE-2026-5156,PM0000876,TIKKI BARCODE CSD EXTRA LIGHT 1 LTR,Tikki Barcode 46 X 56,100.000,PCS,MEDIA GRAPHIC PRINTS VEND,hold_hours_slip_to_QA_manager,42.11,hours,ACCEPTED,factory.jivo.in /quality-control/inspections/,VERIFIED,group=PM_PACKAGING; hold_to_chemist_h=23.63; grpo_state=PENDING_IN_APP
qc_inspection,JIVO_OIL,574,2026-05-05,GE-2026-5156,PM0000875,TIKKI BARCODE CSD 500 ML EV,Tikki Barcode 500ml Ev Olive,40.000,PCS,MEDIA GRAPHIC PRINTS VEND,hold_hours_slip_to_QA_manager,20.1,hours,ACCEPTED,factory.jivo.in /quality-control/inspections/,VERIFIED,group=PM_PACKAGING; hold_to_chemist_h=19.1; grpo_state=PENDING_IN_APP
qc_inspection,JIVO_OIL,583,2026-05-05,GE-2026-5156,PM0000765,TIKKI BARCODE CSD 5 LTR CANOLA,Tikki Barcode 46 X 56,500.000,PCS,MEDIA GRAPHIC PRINTS VEND,hold_hours_slip_to_QA_manager,42.11,hours,ACCEPTED,factory.jivo.in /quality-control/inspections/,VERIFIED,group=PM_PACKAGING; hold_to_chemist_h=23.62; grpo_state=PENDING_IN_APP
qc_inspection,JIVO_OIL,582,2026-05-05,GE-2026-5156,PM0000766,TIKKI BARCODE CSD 2 LTR CANOLA,Tikki Barcode 46 X 56,555.000,PCS,MEDIA GRAPHIC PRINTS VEND,hold_hours_slip_to_QA_manager,42.11,hours,ACCEPTED,factory.jivo.in /quality-control/inspections/,VERIFIED,group=PM_PACKAGING; hold_to_chemist_h=23.61; grpo_state=PENDING_IN_APP
qc_inspection,JIVO_OIL,581,2026-05-05,GE-2026-5156,PM0000873,TIKKI BARCODE CSD 1 LTR POMACE,Tikki Barcode 46 X 56,65.000,PCS,MEDIA GRAPHIC PRINTS VEND,hold_hours_slip_to_QA_manager,42.1,hours,ACCEPTED,factory.jivo.in /quality-control/inspections/,VERIFIED,group=PM_PACKAGING; hold_to_chemist_h=23.6; grpo_state=PENDING_IN_APP
qc_inspection,JIVO_OIL,580,2026-05-05,GE-2026-5156,PM0000874,TIKKI BARCODE CSD 1 LTR EV,Tikki Barcode 46 X 56,100.000,PCS,MEDIA GRAPHIC PRINTS VEND,hold_hours_slip_to_QA_manager,42.1,hours,ACCEPTED,factory.jivo.in /quality-control/inspections/,VERIFIED,group=PM_PACKAGING; hold_to_chemist_h=23.59; grpo_state=PENDING_IN_APP
qc_inspection,JIVO_OIL,579,2026-05-05,GE-2026-5156,PM0000871,TIKKI BARCODE CSD 1 LTR COCONUT EV,Tikki Barcode 46 X 56,200.000,PCS,MEDIA GRAPHIC PRINTS VEND,hold_hours_slip_to_QA_manager,42.1,hours,ACCEPTED,factory.jivo.in /quality-control/inspections/,VERIFIED,group=PM_PACKAGING; hold_to_chemist_h=23.58; grpo_state=PENDING_IN_APP
qc_inspection,JIVO_OIL,578,2026-05-05,GE-2026-5156,PM0000083,TIKKI BARCODE CSD 1 LTR CANOLA,Tikki Barcode 46 X 56,350.000,PCS,MEDIA GRAPHIC PRINTS VEND,hold_hours_slip_to_QA_manager,42.09,hours,ACCEPTED,factory.jivo.in /quality-control/inspections/,VERIFIED,group=PM_PACKAGING; hold_to_chemist_h=23.56; grpo_state=PENDING_IN_APP
qc_inspection,JIVO_OIL,558,2026-05-05,GE-2026-0004,PM0000080,TIN 5 LTR POMACE OLIVE PRINTED,Printed Tin 5 Ltr,7208.000,PCS,NATIONAL TIN INDUSTRIES,hold_hours_slip_to_QA_manager,21.24,hours,ACCEPTED,factory.jivo.in /quality-control/inspections/,VERIFIED,group=PM_PACKAGING; hold_to_chemist_h=0.89; grpo_state=NOT_IN_GRPO_QUEUE
qc_inspection,JIVO_OIL,556,2026-05-05,GE-2026-2996,PM0000224,TIKKI 1+1 COMBO PACK 650,Tikki 1+1 Super Saver,60300.000,PCS,THE LABEL STORE AFOPC8295E,hold_hours_slip_to_QA_manager,2.34,hours,ACCEPTED,factory.jivo.in /quality-control/inspections/,VERIFIED,group=PM_PACKAGING; hold_to_chemist_h=1.1; grpo_state=POSTED_VIA_APP
qc_inspection,JIVO_OIL,557,2026-05-05,GE-2026-9565,PM0000085,CAPS 1 OR 2 LTR WHITE AND YELLOW WITH LOGO,Cap_yellow_white_1ltr._&_2_ltr.,126000.000,PCS,BABAJI UDYOG PVT. LTD.,hold_hours_slip_to_QA_manager,2.81,hours,ACCEPTED,factory.jivo.in /quality-control/inspections/,VERIFIED,group=PM_PACKAGING; hold_to_chemist_h=2.59; grpo_state=PENDING_IN_APP
qc_inspection,JIVO_OIL,554,2026-05-04,GE-2026-8254,PM0000122,TIKKI 100 MLS,Tikki 100ml Olive,7128.000,PCS,MEDIA GRAPHIC PRINTS VEND,hold_hours_slip_to_QA_manager,5.2,hours,ACCEPTED,factory.jivo.in /quality-control/inspections/,VERIFIED,group=PM_PACKAGING; hold_to_chemist_h=2.53; grpo_state=POSTED_VIA_APP
qc_inspection,JIVO_OIL,551,2026-05-04,GE-2026-2739,PM0000594,PREFORM 40 GMS 36 MM,Pet Preform 40 Gm,25500.000,PCS,PIONEER PET SWASTIC PET INDUSTRIES (ACSFS8137Q),hold_hours_slip_to_QA_manager,5.71,hours,ACCEPTED,factory.jivo.in /quality-control/inspections/,VERIFIED,group=PM_PACKAGING; hold_to_chemist_h=2.77; grpo_state=POSTED_VIA_APP
qc_inspection,JIVO_OIL,550,2026-05-04,GE-2026-2781,PM0000031,LABEL 15 LTR REFINED FRONT,Label 15ltr Sunflower,700.000,PCS,PACKGEN INTERNATIONAL PVT LTD,hold_hours_slip_to_QA_manager,6.76,hours,ACCEPTED,factory.jivo.in /quality-control/inspections/,VERIFIED,group=PM_PACKAGING; hold_to_chemist_h=3.67; grpo_state=POSTED_VIA_APP
qc_inspection,JIVO_OIL,548,2026-05-04,GE-2026-2781,PM0000859,LABEL 13 KG REFINED CANOLA,Label 15ltr Sunflower,300.000,PCS,PACKGEN INTERNATIONAL PVT LTD,hold_hours_slip_to_QA_manager,6.76,hours,ACCEPTED,factory.jivo.in /quality-control/inspections/,VERIFIED,group=PM_PACKAGING; hold_to_chemist_h=3.98; grpo_state=POSTED_VIA_APP
qc_inspection,JIVO_OIL,552,2026-05-02,GE-2026-2149,PM0000053,HDPE BOTTLE 5 LTR,5 Ltr. Jerry Can,3750.000,PCS,RAJ TECHNOPACK PVT LTD,hold_hours_slip_to_QA_manager,46.78,hours,ACCEPTED,factory.jivo.in /quality-control/inspections/,VERIFIED,group=PM_PACKAGING; hold_to_chemist_h=43.91; grpo_state=POSTED_VIA_APP
qc_inspection,JIVO_OIL,553,2026-05-02,GE-2026-6367,PM0000469,CAPS 5 LTR BROWN,Cap 5l Brown,2115.000,PCS,ECHO PLAST INDIA,hold_hours_slip_to_QA_manager,47.94,hours,ACCEPTED,factory.jivo.in /quality-control/inspections/,VERIFIED,group=PM_PACKAGING; hold_to_chemist_h=45.13; grpo_state=POSTED_VIA_APP
qc_inspection,JIVO_OIL,549,2026-05-02,GE-2026-6367,PM0000053,HDPE BOTTLE 5 LTR,5 Ltr. Jerry Can,2115.000,PCS,ECHO PLAST INDIA,hold_hours_slip_to_QA_manager,47.94,hours,ACCEPTED,factory.jivo.in /quality-control/inspections/,VERIFIED,group=PM_PACKAGING; hold_to_chemist_h=44.8; grpo_state=POSTED_VIA_APP
qc_inspection,JIVO_OIL,555,2026-05-02,GE-2026-0011,PM0000085,CAPS 1 OR 2 LTR WHITE AND YELLOW WITH LOGO,Cap_yellow_white_1ltr._&_2_ltr.,45000.000,PCS,BABAJI UDYOG PVT. LTD.,hold_hours_slip_to_QA_manager,72.84,hours,ACCEPTED,factory.jivo.in /quality-control/inspections/,VERIFIED,group=PM_PACKAGING; hold_to_chemist_h=72.83; grpo_state=PENDING_IN_APP
qc_inspection,JIVO_OIL,528,2026-04-30,GE-2026-6563,PM0000053,HDPE BOTTLE 5 LTR,5 Ltr. Jerry Can,1050.000,PCS,ECHO PLAST INDIA,hold_hours_slip_to_QA_manager,1.94,hours,ACCEPTED,factory.jivo.in /quality-control/inspections/,VERIFIED,group=PM_PACKAGING; hold_to_chemist_h=1.93; grpo_state=PENDING_IN_APP
qc_inspection,JIVO_OIL,527,2026-04-30,GE-2026-6563,PM0000469,CAPS 5 LTR BROWN,Cap 5l Brown,2200.000,PCS,ECHO PLAST INDIA,hold_hours_slip_to_QA_manager,1.95,hours,ACCEPTED,factory.jivo.in /quality-control/inspections/,VERIFIED,group=PM_PACKAGING; hold_to_chemist_h=1.91; grpo_state=PENDING_IN_APP
qc_inspection,JIVO_OIL,526,2026-04-30,GE-2026-6563,PM0000053,HDPE BOTTLE 5 LTR,5 Ltr. Jerry Can,1140.000,PCS,ECHO PLAST INDIA,hold_hours_slip_to_QA_manager,1.95,hours,ACCEPTED,factory.jivo.in /quality-control/inspections/,VERIFIED,group=PM_PACKAGING; hold_to_chemist_h=1.89; grpo_state=PENDING_IN_APP
qc_inspection,JIVO_OIL,525,2026-04-30,GE-2026-4181,PM0000006,CARTON 1 LTR 20 PCS PET 40 GM,1 Liter X 20 Pcs (o),4583.000,PCS,SSY CONTAINERS PVT LTD,hold_hours_slip_to_QA_manager,2.58,hours,ACCEPTED,factory.jivo.in /quality-control/inspections/,VERIFIED,group=PM_PACKAGING; hold_to_chemist_h=2.5; grpo_state=PENDING_IN_APP
qc_inspection,JIVO_OIL,524,2026-04-30,GE-2026-4181,PM0000006,CARTON 1 LTR 20 PCS PET 40 GM,1 Liter X 20 Pcs (o),2355.000,PCS,SSY CONTAINERS PVT LTD,hold_hours_slip_to_QA_manager,2.58,hours,ACCEPTED,factory.jivo.in /quality-control/inspections/,VERIFIED,group=PM_PACKAGING; hold_to_chemist_h=2.48; grpo_state=PENDING_IN_APP
qc_inspection,JIVO_OIL,523,2026-04-30,GE-2026-4181,PM0000825,CARTON 1 LTR 20 PCS NEW,Carton 1ltr 20pcs (435x340x290),1176.000,PCS,SSY CONTAINERS PVT LTD,hold_hours_slip_to_QA_manager,2.59,hours,ACCEPTED,factory.jivo.in /quality-control/inspections/,VERIFIED,group=PM_PACKAGING; hold_to_chemist_h=2.46; grpo_state=PENDING_IN_APP
qc_inspection,JIVO_OIL,522,2026-04-30,GE-2026-4910,PM0000053,HDPE BOTTLE 5 LTR,5 Ltr. Jerry Can,2250.000,PCS,RAJ TECHNOPACK PVT LTD,hold_hours_slip_to_QA_manager,3.23,hours,ACCEPTED,factory.jivo.in /quality-control/inspections/,VERIFIED,group=PM_PACKAGING; hold_to_chemist_h=3.09; grpo_state=PENDING_IN_APP
qc_inspection,JIVO_OIL,521,2026-04-30,GE-2026-9720,PM0000228,HDPE BOTTLE 4 LTR,4_ltr_jerry Can,1800.000,PCS,RAJ TECHNOPACK PVT LTD,hold_hours_slip_to_QA_manager,3.27,hours,ACCEPTED,factory.jivo.in /quality-control/inspections/,VERIFIED,group=PM_PACKAGING; hold_to_chemist_h=3.13; grpo_state=PENDING_IN_APP
qc_inspection,JIVO_OIL,517,2026-04-29,GE-2026-1376,PM0000018,LABEL 1 LTR EXTRA LIGHT FRONT,Label_extra_light_olive_1_l_,20000.000,PCS,ZENBI INTERNATIONAL PRIVATE LIMITED,hold_hours_slip_to_QA_manager,0.28,hours,ACCEPTED,factory.jivo.in /quality-control/inspections/,VERIFIED,group=PM_PACKAGING; hold_to_chemist_h=0.03; grpo_state=POSTED_VIA_APP
qc_inspection,JIVO_OIL,518,2026-04-29,GE-2026-1376,PM0000017,LABEL 1 LTR EXTRA LIGHT BACK,Label_extra_light_olive_1_l_,20000.000,PCS,ZENBI INTERNATIONAL PRIVATE LIMITED,hold_hours_slip_to_QA_manager,0.29,hours,ACCEPTED,factory.jivo.in /quality-control/inspections/,VERIFIED,group=PM_PACKAGING; hold_to_chemist_h=0.05; grpo_state=POSTED_VIA_APP
qc_inspection,JIVO_OIL,519,2026-04-29,GE-2026-5814,PM0000825,CARTON 1 LTR 20 PCS NEW,Carton 1ltr 20pcs (435x340x290),1151.000,PCS,SSY CONTAINERS PVT LTD,hold_hours_slip_to_QA_manager,2.0,hours,ACCEPTED,factory.jivo.in /quality-control/inspections/,VERIFIED,group=PM_PACKAGING; hold_to_chemist_h=1.95; grpo_state=POSTED_VIA_APP
qc_inspection,JIVO_OIL,520,2026-04-29,GE-2026-5814,PM0000825,CARTON 1 LTR 20 PCS NEW,Carton 1ltr 20pcs (435x340x290),4849.000,PCS,SSY CONTAINERS PVT LTD,hold_hours_slip_to_QA_manager,2.01,hours,ACCEPTED,factory.jivo.in /quality-control/inspections/,VERIFIED,group=PM_PACKAGING; hold_to_chemist_h=1.97; grpo_state=POSTED_VIA_APP
qc_inspection,JIVO_OIL,516,2026-04-29,GE-2026-5814,PM0000657,CARTON 1 LTR 16 PCS SANO,Carton1_liter_x_16pcs_(olive-pomace),1985.000,PCS,SSY CONTAINERS PVT LTD,hold_hours_slip_to_QA_manager,2.01,hours,ACCEPTED,factory.jivo.in /quality-control/inspections/,VERIFIED,group=PM_PACKAGING; hold_to_chemist_h=1.71; grpo_state=POSTED_VIA_APP
qc_inspection,JIVO_OIL,515,2026-04-29,GE-2026-7660,PM0000468,CAPS 5 LTR GREEN,Cap 5l Brown,950.000,PCS,ECHO PLAST INDIA,hold_hours_slip_to_QA_manager,3.68,hours,ACCEPTED,factory.jivo.in /quality-control/inspections/,VERIFIED,group=PM_PACKAGING; hold_to_chemist_h=3.36; grpo_state=POSTED_VIA_APP
qc_inspection,JIVO_OIL,514,2026-04-29,GE-2026-7660,PM0000469,CAPS 5 LTR BROWN,Cap 5l Brown,1030.000,PCS,ECHO PLAST INDIA,hold_hours_slip_to_QA_manager,3.69,hours,ACCEPTED,factory.jivo.in /quality-control/inspections/,VERIFIED,group=PM_PACKAGING; hold_to_chemist_h=3.34; grpo_state=POSTED_VIA_APP
qc_inspection,JIVO_OIL,513,2026-04-29,GE-2026-7660,PM0000053,HDPE BOTTLE 5 LTR,5 Ltr. Jerry Can,1980.000,PCS,ECHO PLAST INDIA,hold_hours_slip_to_QA_manager,3.69,hours,ACCEPTED,factory.jivo.in /quality-control/inspections/,VERIFIED,group=PM_PACKAGING; hold_to_chemist_h=3.33; grpo_state=POSTED_VIA_APP
qc_inspection,JIVO_OIL,511,2026-04-29,GE-2026-9062,PM0000468,CAPS 5 LTR GREEN,Cap 5l Brown,3450.000,PCS,RAJ TECHNOPACK PVT LTD,hold_hours_slip_to_QA_manager,5.19,hours,ACCEPTED,factory.jivo.in /quality-control/inspections/,VERIFIED,group=PM_PACKAGING; hold_to_chemist_h=2.37; grpo_state=POSTED_VIA_APP
qc_inspection,JIVO_OIL,510,2026-04-29,GE-2026-9062,PM0000228,HDPE BOTTLE 4 LTR,4_ltr_jerry Can,750.000,PCS,RAJ TECHNOPACK PVT LTD,hold_hours_slip_to_QA_manager,5.19,hours,ACCEPTED,factory.jivo.in /quality-control/inspections/,VERIFIED,group=PM_PACKAGING; hold_to_chemist_h=2.36; grpo_state=POSTED_VIA_APP
qc_inspection,JIVO_OIL,509,2026-04-29,GE-2026-9062,PM0000358,HDPE BOTTLE 5 LTR GOLD,5 Ltr. Jerry Can,2700.000,PCS,RAJ TECHNOPACK PVT LTD,hold_hours_slip_to_QA_manager,5.18,hours,ACCEPTED,factory.jivo.in /quality-control/inspections/,VERIFIED,group=PM_PACKAGING; hold_to_chemist_h=2.34; grpo_state=POSTED_VIA_APP
qc_inspection,JIVO_OIL,508,2026-04-29,GE-2026-0142,PM0000006,CARTON 1 LTR 20 PCS PET 40 GM,1 Liter X 20 Pcs (o),4850.000,PCS,SSY CONTAINERS PVT LTD,hold_hours_slip_to_QA_manager,5.33,hours,ACCEPTED,factory.jivo.in /quality-control/inspections/,VERIFIED,group=PM_PACKAGING; hold_to_chemist_h=1.78; grpo_state=POSTED_VIA_APP
qc_inspection,JIVO_OIL,507,2026-04-28,GE-2026-2530,PM0000003,CARTON 1 LTR POMACE 16 PCS,Carton1_liter_x_16pcs_(olive-pomace),2135.000,PCS,KUBER PAPER & PACK PRIVATE LIMITED AAJCK3867H0,hold_hours_slip_to_QA_manager,21.58,hours,ACCEPTED,factory.jivo.in /quality-control/inspections/,VERIFIED,group=PM_PACKAGING; hold_to_chemist_h=18.0; grpo_state=POSTED_VIA_APP
qc_inspection,JIVO_OIL,506,2026-04-28,GE-2026-2530,PM0000003,CARTON 1 LTR POMACE 16 PCS,Carton1_liter_x_16pcs_(olive-pomace),5853.000,PCS,KUBER PAPER & PACK PRIVATE LIMITED AAJCK3867H0,hold_hours_slip_to_QA_manager,21.58,hours,ACCEPTED,factory.jivo.in /quality-control/inspections/,VERIFIED,group=PM_PACKAGING; hold_to_chemist_h=17.92; grpo_state=POSTED_VIA_APP
qc_inspection,JIVO_OIL,505,2026-04-28,GE-2026-7345,PM0000470,CAPS 5 LTR ORANGE,Cap 5l Brown,1875.000,PCS,ECHO PLAST INDIA,hold_hours_slip_to_QA_manager,22.81,hours,ACCEPTED,factory.jivo.in /quality-control/inspections/,VERIFIED,group=PM_PACKAGING; hold_to_chemist_h=19.09; grpo_state=POSTED_VIA_APP
qc_inspection,JIVO_OIL,504,2026-04-28,GE-2026-7345,PM0000053,HDPE BOTTLE 5 LTR,5 Ltr. Jerry Can,1875.000,PCS,ECHO PLAST INDIA,hold_hours_slip_to_QA_manager,22.81,hours,ACCEPTED,factory.jivo.in /quality-control/inspections/,VERIFIED,group=PM_PACKAGING; hold_to_chemist_h=19.07; grpo_state=POSTED_VIA_APP
qc_inspection,JIVO_OIL,501,2026-04-28,GE-2026-9319,PM0000076,TIN 15 LTR,Tin 15 Kg,1470.000,PCS,NATIONAL TIN INDUSTRIES,hold_hours_slip_to_QA_manager,5.9,hours,ACCEPTED,factory.jivo.in /quality-control/inspections/,VERIFIED,group=PM_PACKAGING; hold_to_chemist_h=1.58; grpo_state=PENDING_IN_APP
qc_inspection,JIVO_OIL,502,2026-04-28,GE-2026-9319,PM0000395,TIN 5 LTR POMACE OLIVE SANO,Printed Tin 5 Ltr,3540.000,PCS,NATIONAL TIN INDUSTRIES,hold_hours_slip_to_QA_manager,5.9,hours,ACCEPTED,factory.jivo.in /quality-control/inspections/,VERIFIED,group=PM_PACKAGING; hold_to_chemist_h=4.74; grpo_state=PENDING_IN_APP
qc_inspection,JIVO_OIL,503,2026-04-28,GE-2026-9319,PM0000080,TIN 5 LTR POMACE OLIVE PRINTED,Printed Tin 5 Ltr,3245.000,PCS,NATIONAL TIN INDUSTRIES,hold_hours_slip_to_QA_manager,5.89,hours,ACCEPTED,factory.jivo.in /quality-control/inspections/,VERIFIED,group=PM_PACKAGING; hold_to_chemist_h=4.76; grpo_state=PENDING_IN_APP
qc_inspection,JIVO_OIL,500,2026-04-27,GE-2026-9740,PM0000031,LABEL 15 LTR REFINED FRONT,Label 15ltr Sunflower,800.000,PCS,PACKGEN INTERNATIONAL PVT LTD,hold_hours_slip_to_QA_manager,17.2,hours,ACCEPTED,factory.jivo.in /quality-control/inspections/,VERIFIED,group=PM_PACKAGING; hold_to_chemist_h=17.18; grpo_state=POSTED_VIA_APP
qc_inspection,JIVO_OIL,499,2026-04-27,GE-2026-9740,PM0000029,LABEL 15 LTR COLD PRESS KACHCHI GHANI,Label 15ltr Sunflower,800.000,PCS,PACKGEN INTERNATIONAL PVT LTD,hold_hours_slip_to_QA_manager,17.2,hours,ACCEPTED,factory.jivo.in /quality-control/inspections/,VERIFIED,group=PM_PACKAGING; hold_to_chemist_h=17.17; grpo_state=POSTED_VIA_APP
qc_inspection,JIVO_OIL,498,2026-04-27,GE-2026-1116,PM0000227,LABEL 4 LTR COLD PRESS FRONT,Cold Press Canola 5 L/ 5 L Soyabean,5100.000,PCS,ROYAL PRIME LABELS,hold_hours_slip_to_QA_manager,17.27,hours,ACCEPTED,factory.jivo.in /quality-control/inspections/,VERIFIED,group=PM_PACKAGING; hold_to_chemist_h=17.22; grpo_state=PENDING_IN_APP
qc_inspection,JIVO_OIL,497,2026-04-27,GE-2026-1116,PM0000226,LABEL 4 LTR COLD PRESS BACK,Cold Press Canola 5 L/ 5 L Soyabean,5100.000,PCS,ROYAL PRIME LABELS,hold_hours_slip_to_QA_manager,17.28,hours,ACCEPTED,factory.jivo.in /quality-control/inspections/,VERIFIED,group=PM_PACKAGING; hold_to_chemist_h=17.21; grpo_state=PENDING_IN_APP
qc_inspection,JIVO_OIL,496,2026-04-27,GE-2026-4020,PM0000425,LABEL 1 LTR GROUNDNUT FRONT,Label Groundnut 1 Ltr,153800.000,PCS,ZENBI INTERNATIONAL PRIVATE LIMITED,hold_hours_slip_to_QA_manager,17.52,hours,ACCEPTED,factory.jivo.in /quality-control/inspections/,VERIFIED,group=PM_PACKAGING; hold_to_chemist_h=17.43; grpo_state=POSTED_VIA_APP
qc_inspection,JIVO_OIL,495,2026-04-27,GE-2026-4020,PM0000426,LABEL 1 LTR GROUNDNUT BACK,Label Groundnut 1 Ltr,153800.000,PCS,ZENBI INTERNATIONAL PRIVATE LIMITED,hold_hours_slip_to_QA_manager,17.51,hours,ACCEPTED,factory.jivo.in /quality-control/inspections/,VERIFIED,group=PM_PACKAGING; hold_to_chemist_h=17.42; grpo_state=POSTED_VIA_APP
qc_inspection,JIVO_OIL,491,2026-04-27,GE-2026-6589,PM0000468,CAPS 5 LTR GREEN,Cap 5l Brown,4790.000,PCS,RAJ TECHNOPACK PVT LTD,hold_hours_slip_to_QA_manager,0.16,hours,ACCEPTED,factory.jivo.in /quality-control/inspections/,VERIFIED,group=PM_PACKAGING; hold_to_chemist_h=0.1; grpo_state=POSTED_VIA_APP
qc_inspection,JIVO_OIL,492,2026-04-27,GE-2026-6589,PM0000053,HDPE BOTTLE 5 LTR,5 Ltr. Jerry Can,1100.000,PCS,RAJ TECHNOPACK PVT LTD,hold_hours_slip_to_QA_manager,0.16,hours,ACCEPTED,factory.jivo.in /quality-control/inspections/,VERIFIED,group=PM_PACKAGING; hold_to_chemist_h=0.12; grpo_state=POSTED_VIA_APP
qc_inspection,JIVO_OIL,493,2026-04-27,GE-2026-6589,PM0000228,HDPE BOTTLE 4 LTR,4_ltr_jerry Can,3690.000,PCS,RAJ TECHNOPACK PVT LTD,hold_hours_slip_to_QA_manager,0.17,hours,ACCEPTED,factory.jivo.in /quality-control/inspections/,VERIFIED,group=PM_PACKAGING; hold_to_chemist_h=0.14; grpo_state=POSTED_VIA_APP
qc_inspection,JIVO_OIL,494,2026-04-27,GE-2026-9064,PM0000082,CARTON 5 LTR OLIVE 4 PCS,Cap 5l Brown,2204.000,PCS,SSY CONTAINERS PVT LTD,hold_hours_slip_to_QA_manager,0.25,hours,ACCEPTED,factory.jivo.in /quality-control/inspections/,VERIFIED,group=PM_PACKAGING; hold_to_chemist_h=0.23; grpo_state=POSTED_VIA_APP
qc_inspection,JIVO_OIL,490,2026-04-27,GE-2026-9064,PM0000632,CARTON 5 LTR TIN OLIVE 4 PCS SANO,Carton_5_liter_x_4_pcs(canola/olive),4200.000,PCS,SSY CONTAINERS PVT LTD,hold_hours_slip_to_QA_manager,0.25,hours,ACCEPTED,factory.jivo.in /quality-control/inspections/,VERIFIED,group=PM_PACKAGING; hold_to_chemist_h=0.16; grpo_state=POSTED_VIA_APP
qc_inspection,JIVO_OIL,489,2026-04-27,GE-2026-3432,PM0000080,TIN 5 LTR POMACE OLIVE PRINTED,Printed Tin 5 Ltr,5772.000,PCS,NATIONAL TIN INDUSTRIES,hold_hours_slip_to_QA_manager,3.8,hours,ACCEPTED,factory.jivo.in /quality-control/inspections/,VERIFIED,group=PM_PACKAGING; hold_to_chemist_h=2.07; grpo_state=POSTED_VIA_APP
qc_inspection,JIVO_OIL,488,2026-04-27,GE-2026-3432,PM0000076,TIN 15 LTR,Tin 15 Kg,1284.000,PCS,NATIONAL TIN INDUSTRIES,hold_hours_slip_to_QA_manager,3.79,hours,ACCEPTED,factory.jivo.in /quality-control/inspections/,VERIFIED,group=PM_PACKAGING; hold_to_chemist_h=2.05; grpo_state=POSTED_VIA_APP
qc_inspection,JIVO_OIL,487,2026-04-25,GE-2026-0250,PM0000468,CAPS 5 LTR GREEN,Cap 5l Brown,2115.000,PCS,ECHO PLAST INDIA,hold_hours_slip_to_QA_manager,43.69,hours,ACCEPTED,factory.jivo.in /quality-control/inspections/,VERIFIED,group=PM_PACKAGING; hold_to_chemist_h=41.94; grpo_state=POSTED_VIA_APP
qc_inspection,JIVO_OIL,486,2026-04-25,GE-2026-0250,PM0000053,HDPE BOTTLE 5 LTR,5 Ltr. Jerry Can,2115.000,PCS,ECHO PLAST INDIA,hold_hours_slip_to_QA_manager,41.94,hours,ACCEPTED,factory.jivo.in /quality-control/inspections/,VERIFIED,group=PM_PACKAGING; hold_to_chemist_h=41.92; grpo_state=POSTED_VIA_APP
qc_inspection,JIVO_OIL,485,2026-04-25,GE-2026-8771,PM0000073,MS COATED DRUM 200 LTR,Ms_coated_drum_200_ltr,25.000,PCS,BALAJI STEEL DRUM AND BARRELS PRIVATE LIMITED,hold_hours_slip_to_QA_manager,0.69,hours,ACCEPTED,factory.jivo.in /quality-control/inspections/,VERIFIED,group=PM_PACKAGING; hold_to_chemist_h=0.62; grpo_state=PENDING_IN_APP
qc_inspection,JIVO_OIL,482,2026-04-25,GE-2026-1137,PM0000235,CAPS 1 LTR WHITE AND YELLOW SMALL PLAIN,Cap Yellow-white 1l Plain,100000.000,PCS,BABAJI UDYOG PVT. LTD.,hold_hours_slip_to_QA_manager,3.23,hours,ACCEPTED,factory.jivo.in /quality-control/inspections/,VERIFIED,group=PM_PACKAGING; hold_to_chemist_h=1.45; grpo_state=PENDING_IN_APP
qc_inspection,JIVO_OIL,483,2026-04-25,GE-2026-1137,PM0000078,CAPS 5 LTR/15 LTR,Spout_cap_tin_yellow_5l_15_l,44000.000,PCS,BABAJI UDYOG PVT. LTD.,hold_hours_slip_to_QA_manager,3.24,hours,ACCEPTED,factory.jivo.in /quality-control/inspections/,VERIFIED,group=PM_PACKAGING; hold_to_chemist_h=1.47; grpo_state=PENDING_IN_APP
qc_inspection,JIVO_OIL,484,2026-04-25,GE-2026-4961,PM0000060,CAPS 1 & 2 LTR WHITE AND BLUE WITH LOGO,Cap,36000.000,PCS,BABAJI UDYOG PVT. LTD.,hold_hours_slip_to_QA_manager,3.33,hours,ACCEPTED,factory.jivo.in /quality-control/inspections/,VERIFIED,group=PM_PACKAGING; hold_to_chemist_h=1.58; grpo_state=POSTED_VIA_APP
qc_inspection,JIVO_OIL,481,2026-04-25,GE-2026-4961,PM0000079,CAPS 1 & 2 LTR FULL GREEN WITH LOGO,Cap,90000.000,PCS,BABAJI UDYOG PVT. LTD.,hold_hours_slip_to_QA_manager,3.34,hours,ACCEPTED,factory.jivo.in /quality-control/inspections/,VERIFIED,group=PM_PACKAGING; hold_to_chemist_h=1.5; grpo_state=POSTED_VIA_APP
qc_inspection,JIVO_OIL,476,2026-04-25,GE-2026-1755,PM0000076,TIN 15 LTR,Tin 15 Kg,2850.000,PCS,HARYANA INDUSTRIAL COMPANY,hold_hours_slip_to_QA_manager,0.13,hours,ACCEPTED,factory.jivo.in /quality-control/inspections/,VERIFIED,group=PM_PACKAGING; hold_to_chemist_h=0.1; grpo_state=POSTED_VIA_APP
qc_inspection,JIVO_OIL,475,2026-04-24,GE-2026-5279,PM0000628,LABEL 15 LTR SUNFLOWER OIL,Label 15ltr Sunflower,1000.000,PCS,PACKGEN INTERNATIONAL PVT LTD,hold_hours_slip_to_QA_manager,16.05,hours,ACCEPTED,factory.jivo.in /quality-control/inspections/,VERIFIED,group=PM_PACKAGING; hold_to_chemist_h=15.92; grpo_state=POSTED_VIA_APP
qc_inspection,JIVO_OIL,474,2026-04-24,GE-2026-8631,PM0000852,PREFORM 49.5 GMS 36 MM,Pet Preform 49.5 Gm (pioneer),10290.000,PCS,PIONEER PET SWASTIC PET INDUSTRIES (ACSFS8137Q),hold_hours_slip_to_QA_manager,16.34,hours,ACCEPTED,factory.jivo.in /quality-control/inspections/,VERIFIED,group=PM_PACKAGING; hold_to_chemist_h=16.11; grpo_state=POSTED_VIA_APP
qc_inspection,JIVO_OIL,473,2026-04-24,GE-2026-8631,PM0000594,PREFORM 40 GMS 36 MM,Pet Preform 40 Gm,25000.000,PCS,PIONEER PET SWASTIC PET INDUSTRIES (ACSFS8137Q),hold_hours_slip_to_QA_manager,16.34,hours,ACCEPTED,factory.jivo.in /quality-control/inspections/,VERIFIED,group=PM_PACKAGING; hold_to_chemist_h=16.07; grpo_state=POSTED_VIA_APP
qc_inspection,JIVO_OIL,467,2026-04-24,GE-2026-4675,PM0000469,CAPS 5 LTR BROWN,Cap 5l Brown,4500.000,PCS,RAJ TECHNOPACK PVT LTD,hold_hours_slip_to_QA_manager,1.26,hours,ACCEPTED,factory.jivo.in /quality-control/inspections/,VERIFIED,group=PM_PACKAGING; hold_to_chemist_h=0.83; grpo_state=PENDING_IN_APP
qc_inspection,JIVO_OIL,468,2026-04-24,GE-2026-4675,PM0000228,HDPE BOTTLE 4 LTR,4_ltr_jerry Can,4500.000,PCS,RAJ TECHNOPACK PVT LTD,hold_hours_slip_to_QA_manager,1.26,hours,ACCEPTED,factory.jivo.in /quality-control/inspections/,VERIFIED,group=PM_PACKAGING; hold_to_chemist_h=0.84; grpo_state=PENDING_IN_APP
qc_inspection,JIVO_OIL,471,2026-04-24,GE-2026-5150,PM0000219,LABEL 100 ML PET BOTTLE  EXTRA LIGHT BACK,Label 100ml E Light,1536.000,PCS,MEDIA GRAPHIC PRINTS VEND,hold_hours_slip_to_QA_manager,2.13,hours,ACCEPTED,factory.jivo.in /quality-control/inspections/,VERIFIED,group=PM_PACKAGING; hold_to_chemist_h=2.09; grpo_state=PENDING_IN_APP
qc_inspection,JIVO_OIL,472,2026-04-24,GE-2026-5150,PM0000218,LABEL 100 ML PET BOTTLE  EXTRA LIGHT FRONT,Label 100ml E Light,1536.000,PCS,MEDIA GRAPHIC PRINTS VEND,hold_hours_slip_to_QA_manager,2.19,hours,ACCEPTED,factory.jivo.in /quality-control/inspections/,VERIFIED,group=PM_PACKAGING; hold_to_chemist_h=2.16; grpo_state=PENDING_IN_APP
qc_inspection,JIVO_OIL,470,2026-04-23,GE-2026-8592,CG0000018,INK CARTRIDGE WASHING,No Qc Item,25.000,PCS,DIGICOD FLUIDS & MACHINERY,hold_hours_slip_to_QA_manager,23.61,hours,ACCEPTED,factory.jivo.in /quality-control/inspections/,VERIFIED,group=OTHER; hold_to_chemist_h=23.22; grpo_state=PENDING_IN_APP
qc_inspection,JIVO_OIL,469,2026-04-23,GE-2026-8592,CG0000012,MAKEUP CARTRIDGE,No Qc Item,20.000,PCS,DIGICOD FLUIDS & MACHINERY,hold_hours_slip_to_QA_manager,23.62,hours,ACCEPTED,factory.jivo.in /quality-control/inspections/,VERIFIED,group=OTHER; hold_to_chemist_h=23.22; grpo_state=PENDING_IN_APP
qc_inspection,JIVO_OIL,458,2026-04-23,GE-2026-8260,PM0000825,CARTON 1 LTR 20 PCS NEW,Carton,4400.000,PCS,SSY CONTAINERS PVT LTD,hold_hours_slip_to_QA_manager,4.27,hours,ACCEPTED,factory.jivo.in /quality-control/inspections/,VERIFIED,group=PM_PACKAGING; hold_to_chemist_h=0.85; grpo_state=PENDING_IN_APP
qc_inspection,JIVO_OIL,459,2026-04-23,GE-2026-8260,PM0000003,CARTON 1 LTR POMACE 16 PCS,Carton1_liter_x_16pcs_(olive-pomace),1335.000,PCS,SSY CONTAINERS PVT LTD,hold_hours_slip_to_QA_manager,4.28,hours,ACCEPTED,factory.jivo.in /quality-control/inspections/,VERIFIED,group=PM_PACKAGING; hold_to_chemist_h=0.87; grpo_state=PENDING_IN_APP
qc_inspection,JIVO_OIL,460,2026-04-23,GE-2026-8260,PM0000013,CARTON 5 LTR 4 PCS,Carton_5l_x_4_pcs_canola_(450x257x325),408.000,PCS,SSY CONTAINERS PVT LTD,hold_hours_slip_to_QA_manager,4.29,hours,ACCEPTED,factory.jivo.in /quality-control/inspections/,VERIFIED,group=PM_PACKAGING; hold_to_chemist_h=0.9; grpo_state=PENDING_IN_APP
qc_inspection,JIVO_OIL,461,2026-04-23,GE-2026-8260,PM0000012,CARTON 5 LTR 3 PCS,Carton,1790.000,PCS,SSY CONTAINERS PVT LTD,hold_hours_slip_to_QA_manager,4.3,hours,ACCEPTED,factory.jivo.in /quality-control/inspections/,VERIFIED,group=PM_PACKAGING; hold_to_chemist_h=0.94; grpo_state=PENDING_IN_APP
qc_inspection,JIVO_OIL,455,2026-04-23,GE-2026-2359,PM0000056,PET BOTTLE 100 MLS BOTTLES,100 Ml. Oil Bottle,5830.000,PCS,ECHO PLAST INDIA,hold_hours_slip_to_QA_manager,0.23,hours,ACCEPTED,factory.jivo.in /quality-control/inspections/,VERIFIED,group=PM_PACKAGING; hold_to_chemist_h=0.12; grpo_state=POSTED_VIA_APP
qc_inspection,JIVO_OIL,456,2026-04-23,GE-2026-2359,PM0000470,CAPS 5 LTR ORANGE,Cap 5l Brown,1500.000,PCS,ECHO PLAST INDIA,hold_hours_slip_to_QA_manager,0.24,hours,ACCEPTED,factory.jivo.in /quality-control/inspections/,VERIFIED,group=PM_PACKAGING; hold_to_chemist_h=0.15; grpo_state=POSTED_VIA_APP
qc_inspection,JIVO_OIL,457,2026-04-23,GE-2026-2359,PM0000053,HDPE BOTTLE 5 LTR,5 Ltr. Jerry Can,1500.000,PCS,ECHO PLAST INDIA,hold_hours_slip_to_QA_manager,0.25,hours,ACCEPTED,factory.jivo.in /quality-control/inspections/,VERIFIED,group=PM_PACKAGING; hold_to_chemist_h=0.17; grpo_state=POSTED_VIA_APP
qc_inspection,JIVO_OIL,462,2026-04-23,GE-2026-4943,PM0000468,CAPS 5 LTR GREEN,Cap 5l Brown,1100.000,PCS,A A ENTERPRISES,hold_hours_slip_to_QA_manager,4.98,hours,ACCEPTED,factory.jivo.in /quality-control/inspections/,VERIFIED,group=PM_PACKAGING; hold_to_chemist_h=1.63; grpo_state=PENDING_IN_APP
qc_inspection,JIVO_OIL,463,2026-04-23,GE-2026-4943,PM0000053,HDPE BOTTLE 5 LTR,5 Ltr. Jerry Can,1100.000,PCS,A A ENTERPRISES,hold_hours_slip_to_QA_manager,4.98,hours,ACCEPTED,factory.jivo.in /quality-control/inspections/,VERIFIED,group=PM_PACKAGING; hold_to_chemist_h=1.69; grpo_state=PENDING_IN_APP
qc_inspection,JIVO_OIL,454,2026-04-21,GE-2026-7764,PM0000470,CAPS 5 LTR ORANGE,Cap 5l Brown,3000.000,PCS,RAJ TECHNOPACK PVT LTD,hold_hours_slip_to_QA_manager,0.25,hours,ACCEPTED,factory.jivo.in /quality-control/inspections/,VERIFIED,group=PM_PACKAGING; hold_to_chemist_h=0.24; grpo_state=POSTED_VIA_APP
qc_inspection,JIVO_OIL,453,2026-04-21,GE-2026-7764,PM0000469,CAPS 5 LTR BROWN,Cap 5l Brown,1500.000,PCS,RAJ TECHNOPACK PVT LTD,hold_hours_slip_to_QA_manager,0.25,hours,ACCEPTED,factory.jivo.in /quality-control/inspections/,VERIFIED,group=PM_PACKAGING; hold_to_chemist_h=0.22; grpo_state=POSTED_VIA_APP
qc_inspection,JIVO_OIL,452,2026-04-21,GE-2026-7764,PM0000228,HDPE BOTTLE 4 LTR,4_ltr_jerry Can,4500.000,PCS,RAJ TECHNOPACK PVT LTD,hold_hours_slip_to_QA_manager,0.27,hours,ACCEPTED,factory.jivo.in /quality-control/inspections/,VERIFIED,group=PM_PACKAGING; hold_to_chemist_h=0.21; grpo_state=POSTED_VIA_APP
qc_inspection,JIVO_OIL,451,2026-04-21,GE-2026-4146,PM0000094,SHRINKS 5 LTR 340X415 5 LTR SINGAL PCS,Shrink 5ltr 340x415,27800.000,PCS,MULTILAYER INDUSTRIES,hold_hours_slip_to_QA_manager,0.36,hours,ACCEPTED,factory.jivo.in /quality-control/inspections/,VERIFIED,group=PM_PACKAGING; hold_to_chemist_h=0.28; grpo_state=POSTED_VIA_APP
qc_inspection,JIVO_OIL,450,2026-04-21,GE-2026-4146,PM0000187,SHRINKS 3 LTR/4 LTR,Shrink_pouch_3/4l 385 X 325,12000.000,PCS,MULTILAYER INDUSTRIES,hold_hours_slip_to_QA_manager,0.37,hours,ACCEPTED,factory.jivo.in /quality-control/inspections/,VERIFIED,group=PM_PACKAGING; hold_to_chemist_h=0.18; grpo_state=POSTED_VIA_APP
qc_inspection,JIVO_OIL,449,2026-04-21,GE-2026-4146,PM0000071,SHRINKS 1 LTR 235X310,Shrink_pouch_310x240,15000.000,PCS,MULTILAYER INDUSTRIES,hold_hours_slip_to_QA_manager,0.37,hours,ACCEPTED,factory.jivo.in /quality-control/inspections/,VERIFIED,group=PM_PACKAGING; hold_to_chemist_h=0.16; grpo_state=POSTED_VIA_APP
qc_inspection,JIVO_OIL,446,2026-04-21,GE-2026-7715,PM0000071,SHRINKS 1 LTR 235X310,Shrink_pouch_310x240,5000.000,PCS,MULTILAYER INDUSTRIES,hold_hours_slip_to_QA_manager,2.7,hours,ACCEPTED,factory.jivo.in /quality-control/inspections/,VERIFIED,group=PM_PACKAGING; hold_to_chemist_h=1.06; grpo_state=POSTED_VIA_APP
qc_inspection,JIVO_OIL,445,2026-04-21,GE-2026-6020,SF0000006,CHAI 250 GMS 40 PCS,Tea_250_gm_pack_jivo,3200.000,PCS,EASTERN ENTERPRISE (ASSAM),hold_hours_slip_to_QA_manager,6.42,hours,ACCEPTED,factory.jivo.in /quality-control/inspections/,VERIFIED,group=OTHER; hold_to_chemist_h=4.79; grpo_state=PENDING_IN_APP
qc_inspection,JIVO_OIL,442,2026-04-20,GE-2026-9649,PM0000235,CAPS 1 LTR WHITE AND YELLOW SMALL PLAIN,Cap Yellow-white 1l Plain,200000.000,PCS,BABAJI UDYOG PVT. LTD.,hold_hours_slip_to_QA_manager,26.3,hours,ACCEPTED,factory.jivo.in /quality-control/inspections/,VERIFIED,group=PM_PACKAGING; hold_to_chemist_h=21.97; grpo_state=PENDING_IN_APP
qc_inspection,JIVO_OIL,443,2026-04-20,GE-2026-7388,CF0000037,ELECTRICAL WORK - TIN SHED NEW LAND,No Qc Item,5.000,PCS,BATRA ELECTRIC STORE,hold_hours_slip_to_QA_manager,26.88,hours,ACCEPTED,factory.jivo.in /quality-control/inspections/,VERIFIED,group=OTHER; hold_to_chemist_h=24.95; grpo_state=NOT_IN_GRPO_QUEUE
qc_inspection,JIVO_OIL,444,2026-04-20,GE-2026-7388,CF0000037,ELECTRICAL WORK - TIN SHED NEW LAND,No Qc Item,3.000,PCS,BATRA ELECTRIC STORE,hold_hours_slip_to_QA_manager,26.89,hours,ACCEPTED,factory.jivo.in /quality-control/inspections/,VERIFIED,group=OTHER; hold_to_chemist_h=24.96; grpo_state=NOT_IN_GRPO_QUEUE
qc_inspection,JIVO_OIL,425,2026-04-18,GE-2026-7788,PM0000005,CARTON 1 LTR 12 POUCHES,Carton_1l_x_12_pcs_(pouch),3025.000,PCS,SSY CONTAINERS PVT LTD,hold_hours_slip_to_QA_manager,43.49,hours,ACCEPTED,factory.jivo.in /quality-control/inspections/,VERIFIED,group=PM_PACKAGING; hold_to_chemist_h=1.22; grpo_state=POSTED_VIA_APP
qc_inspection,JIVO_OIL,426,2026-04-18,GE-2026-7788,PM0000013,CARTON 5 LTR 4 PCS,Carton_5l_x_4_pcs_canola_(450x257x325),2090.000,PCS,SSY CONTAINERS PVT LTD,hold_hours_slip_to_QA_manager,43.49,hours,ACCEPTED,factory.jivo.in /quality-control/inspections/,VERIFIED,group=PM_PACKAGING; hold_to_chemist_h=1.24; grpo_state=POSTED_VIA_APP
qc_inspection,JIVO_OIL,437,2026-04-18,GE-2026-7788,PM0000629,CARTON TIN TOP,Carton Tin Collar,10000.000,PCS,SSY CONTAINERS PVT LTD,hold_hours_slip_to_QA_manager,43.5,hours,ACCEPTED,factory.jivo.in /quality-control/inspections/,VERIFIED,group=PM_PACKAGING; hold_to_chemist_h=1.54; grpo_state=POSTED_VIA_APP
qc_inspection,JIVO_OIL,427,2026-04-18,GE-2026-2362,PM0000048,LABEL 5 LTR KACHCHI GHANI FRONT,Cold Press Canola 5 L/ 5 L Soyabean,38000.000,PCS,ROYAL PRIME LABELS,hold_hours_slip_to_QA_manager,43.61,hours,ACCEPTED,factory.jivo.in /quality-control/inspections/,VERIFIED,group=PM_PACKAGING; hold_to_chemist_h=1.39; grpo_state=POSTED_VIA_APP
qc_inspection,JIVO_OIL,428,2026-04-18,GE-2026-2362,PM0000047,LABEL 5 LTR KACHCHI GHANI BACK,Cold Press Canola 5 L/ 5 L Soyabean,38000.000,PCS,ROYAL PRIME LABELS,hold_hours_slip_to_QA_manager,43.62,hours,ACCEPTED,factory.jivo.in /quality-control/inspections/,VERIFIED,group=PM_PACKAGING; hold_to_chemist_h=1.4; grpo_state=POSTED_VIA_APP
qc_inspection,JIVO_OIL,429,2026-04-18,GE-2026-2362,PM0000046,LABEL 5 LTR COLD PRESS FRONT,Cold Press Canola 5 L/ 5 L Soyabean,36900.000,PCS,ROYAL PRIME LABELS,hold_hours_slip_to_QA_manager,43.62,hours,ACCEPTED,factory.jivo.in /quality-control/inspections/,VERIFIED,group=PM_PACKAGING; hold_to_chemist_h=1.42; grpo_state=POSTED_VIA_APP
qc_inspection,JIVO_OIL,430,2026-04-18,GE-2026-2362,PM0000045,LABEL 5 LTR COLD PRESS BACK 365,Cold Press Canola 5 L/ 5 L Soyabean,36900.000,PCS,ROYAL PRIME LABELS,hold_hours_slip_to_QA_manager,43.62,hours,ACCEPTED,factory.jivo.in /quality-control/inspections/,VERIFIED,group=PM_PACKAGING; hold_to_chemist_h=1.43; grpo_state=POSTED_VIA_APP
qc_inspection,JIVO_OIL,431,2026-04-18,GE-2026-2362,PM0000107,LABEL 1 LTR POMACE BACK,Label_extra_light_olive_1_l_,129000.000,PCS,ROYAL PRIME LABELS,hold_hours_slip_to_QA_manager,43.65,hours,ACCEPTED,factory.jivo.in /quality-control/inspections/,VERIFIED,group=PM_PACKAGING; hold_to_chemist_h=1.47; grpo_state=POSTED_VIA_APP
qc_inspection,JIVO_OIL,432,2026-04-18,GE-2026-2362,PM0000108,LABEL 1 LTR POMACE FRONT,Label_extra_light_olive_1_l_,129000.000,PCS,ROYAL PRIME LABELS,hold_hours_slip_to_QA_manager,43.66,hours,ACCEPTED,factory.jivo.in /quality-control/inspections/,VERIFIED,group=PM_PACKAGING; hold_to_chemist_h=1.5; grpo_state=POSTED_VIA_APP
qc_inspection,JIVO_OIL,438,2026-04-18,GE-2026-4659,PM0000848,LABEL 1 LTR POMACE OIL BACK ILAHI,Label 1ltr Pomace Ilahi,2200.000,PCS,ROYAL PRIME LABELS,hold_hours_slip_to_QA_manager,43.92,hours,ACCEPTED,factory.jivo.in /quality-control/inspections/,VERIFIED,group=PM_PACKAGING; hold_to_chemist_h=43.25; grpo_state=POSTED_VIA_APP
qc_inspection,JIVO_OIL,439,2026-04-18,GE-2026-4659,PM0000847,LABEL 1 LTR POMACE OIL FRONT ILAHI,Label 1ltr Pomace Ilahi,2200.000,PCS,ROYAL PRIME LABELS,hold_hours_slip_to_QA_manager,43.93,hours,ACCEPTED,factory.jivo.in /quality-control/inspections/,VERIFIED,group=PM_PACKAGING; hold_to_chemist_h=43.26; grpo_state=POSTED_VIA_APP
qc_inspection,JIVO_OIL,433,2026-04-18,GE-2026-4659,PM0000500,LABEL 1 LTR EXTRA VIRGIN BACK ZANO,Label_zano_spain_pomace_olive_1l_front,3100.000,PCS,ROYAL PRIME LABELS,hold_hours_slip_to_QA_manager,43.93,hours,ACCEPTED,factory.jivo.in /quality-control/inspections/,VERIFIED,group=PM_PACKAGING; hold_to_chemist_h=1.8; grpo_state=POSTED_VIA_APP
qc_inspection,JIVO_OIL,434,2026-04-18,GE-2026-4659,PM0000499,LABEL 1 LTR EXTRA VIRGIN FRONT ZANO,Label_zano_spain_pomace_olive_1l_front,3100.000,PCS,ROYAL PRIME LABELS,hold_hours_slip_to_QA_manager,43.93,hours,ACCEPTED,factory.jivo.in /quality-control/inspections/,VERIFIED,group=PM_PACKAGING; hold_to_chemist_h=1.82; grpo_state=POSTED_VIA_APP
qc_inspection,JIVO_OIL,435,2026-04-18,GE-2026-4659,PM0000052,LABEL 5 LTR REFINED FRONT,Cold Press Canola 5 L/ 5 L Soyabean,5600.000,PCS,ROYAL PRIME LABELS,hold_hours_slip_to_QA_manager,43.94,hours,ACCEPTED,factory.jivo.in /quality-control/inspections/,VERIFIED,group=PM_PACKAGING; hold_to_chemist_h=1.83; grpo_state=POSTED_VIA_APP
qc_inspection,JIVO_OIL,436,2026-04-18,GE-2026-4659,PM0000051,LABEL 5 LTR REFINED BACK,Cold Press Canola 5 L/ 5 L Soyabean,5600.000,PCS,ROYAL PRIME LABELS,hold_hours_slip_to_QA_manager,43.94,hours,ACCEPTED,factory.jivo.in /quality-control/inspections/,VERIFIED,group=PM_PACKAGING; hold_to_chemist_h=1.84; grpo_state=POSTED_VIA_APP
qc_inspection,JIVO_OIL,440,2026-04-18,GE-2026-4659,PM0000042,LABEL 2 LTR REFINED FRONT,Label 2ltr Canola,5600.000,PCS,ROYAL PRIME LABELS,hold_hours_slip_to_QA_manager,43.95,hours,ACCEPTED,factory.jivo.in /quality-control/inspections/,VERIFIED,group=PM_PACKAGING; hold_to_chemist_h=43.4; grpo_state=POSTED_VIA_APP
qc_inspection,JIVO_OIL,441,2026-04-18,GE-2026-4659,PM0000041,LABEL 2 LTR REFINED BACK,Label 2ltr Canola,5600.000,PCS,ROYAL PRIME LABELS,hold_hours_slip_to_QA_manager,43.95,hours,ACCEPTED,factory.jivo.in /quality-control/inspections/,VERIFIED,group=PM_PACKAGING; hold_to_chemist_h=43.42; grpo_state=POSTED_VIA_APP
qc_inspection,JIVO_OIL,424,2026-04-18,GE-2026-4659,PM0000265,LABEL 2 LTR COLD PRESS HANDLE BOTTLE BACK,Label 2ltr Canola,3100.000,PCS,ROYAL PRIME LABELS,hold_hours_slip_to_QA_manager,43.96,hours,ACCEPTED,factory.jivo.in /quality-control/inspections/,VERIFIED,group=PM_PACKAGING; hold_to_chemist_h=1.57; grpo_state=POSTED_VIA_APP
qc_inspection,JIVO_OIL,423,2026-04-18,GE-2026-4659,PM0000266,LABEL 2 LTR COLD PRESS HANDLE BOTTLE FRONT,Label 2ltr Canola,3100.000,PCS,ROYAL PRIME LABELS,hold_hours_slip_to_QA_manager,43.96,hours,ACCEPTED,factory.jivo.in /quality-control/inspections/,VERIFIED,group=PM_PACKAGING; hold_to_chemist_h=1.55; grpo_state=POSTED_VIA_APP
qc_inspection,JIVO_OIL,422,2026-04-18,GE-2026-3805,PM0000056,PET BOTTLE 100 MLS BOTTLES,100 Ml. Oil Bottle,8700.000,PCS,ECHO PLAST INDIA,hold_hours_slip_to_QA_manager,1.31,hours,ACCEPTED,factory.jivo.in /quality-control/inspections/,VERIFIED,group=PM_PACKAGING; hold_to_chemist_h=0.72; grpo_state=POSTED_VIA_APP
qc_inspection,JIVO_OIL,421,2026-04-18,GE-2026-3583,PM0000076,TIN 15 LTR,Tin 15 Kg,2377.000,PCS,NATIONAL TIN INDUSTRIES,hold_hours_slip_to_QA_manager,0.62,hours,ACCEPTED,factory.jivo.in /quality-control/inspections/,VERIFIED,group=PM_PACKAGING; hold_to_chemist_h=0.6; grpo_state=POSTED_VIA_APP
qc_inspection,JIVO_OIL,420,2026-04-17,GE-2026-6731,PM0000468,CAPS 5 LTR GREEN,Cap 5l Brown,4950.000,PCS,RAJ TECHNOPACK PVT LTD,hold_hours_slip_to_QA_manager,4.52,hours,ACCEPTED,factory.jivo.in /quality-control/inspections/,VERIFIED,group=PM_PACKAGING; hold_to_chemist_h=4.51; grpo_state=PENDING_IN_APP
qc_inspection,JIVO_OIL,419,2026-04-17,GE-2026-6731,PM0000228,HDPE BOTTLE 4 LTR,4_ltr_jerry Can,4950.000,PCS,RAJ TECHNOPACK PVT LTD,hold_hours_slip_to_QA_manager,4.49,hours,ACCEPTED,factory.jivo.in /quality-control/inspections/,VERIFIED,group=PM_PACKAGING; hold_to_chemist_h=4.48; grpo_state=PENDING_IN_APP
qc_inspection,JIVO_OIL,418,2026-04-17,GE-2026-3845,PM0000195,PET BOTTLE 1 LTR 52 GMS GREEN,1ltr_ricela_natural_pet_bottle(52gm),13536.000,PCS,BR AGROTECH LTD,hold_hours_slip_to_QA_manager,6.74,hours,ACCEPTED,factory.jivo.in /quality-control/inspections/,VERIFIED,group=PM_PACKAGING; hold_to_chemist_h=6.74; grpo_state=PENDING_IN_APP
qc_inspection,JIVO_OIL,417,2026-04-16,GE-2026-2581,PM0000468,CAPS 5 LTR GREEN,Cap 5l Brown,3750.000,PCS,RAJ TECHNOPACK PVT LTD,hold_hours_slip_to_QA_manager,,hours,REJECTED,factory.jivo.in /quality-control/inspections/,VERIFIED,group=PM_PACKAGING; hold_to_chemist_h=; grpo_state=NOT_IN_GRPO_QUEUE
qc_inspection,JIVO_OIL,416,2026-04-16,GE-2026-2581,PM0000358,HDPE BOTTLE 5 LTR GOLD,5 Ltr. Jerry Can,3750.000,PCS,RAJ TECHNOPACK PVT LTD,hold_hours_slip_to_QA_manager,,hours,REJECTED,factory.jivo.in /quality-control/inspections/,VERIFIED,group=PM_PACKAGING; hold_to_chemist_h=; grpo_state=NOT_IN_GRPO_QUEUE
qc_inspection,JIVO_OIL,412,2026-04-15,GE-2026-4350,PM0000824,LABEL 1 LTR KACHI GHANI FULL,Label_jivo_mustard_kg_full (1l Round),101400.000,PCS,ZENBI INTERNATIONAL PRIVATE LIMITED,hold_hours_slip_to_QA_manager,17.62,hours,ACCEPTED,factory.jivo.in /quality-control/inspections/,VERIFIED,group=PM_PACKAGING; hold_to_chemist_h=16.99; grpo_state=POSTED_VIA_APP
qc_inspection,JIVO_OIL,414,2026-04-15,GE-2026-7646,PM0000348,LABEL 250 MLS EXTRA VIRGIN GLASS BOTTLE BACK,Label Extra Virgin 250 Ml,15000.000,PCS,SAI DIGISTIK PRIVATE LIMITED,hold_hours_slip_to_QA_manager,17.66,hours,ACCEPTED,factory.jivo.in /quality-control/inspections/,VERIFIED,group=PM_PACKAGING; hold_to_chemist_h=17.15; grpo_state=POSTED_VIA_APP
qc_inspection,JIVO_OIL,413,2026-04-15,GE-2026-7646,PM0000347,LABEL 250 MLS EXTRA VIRGIN GLASS BOTTLE FRONT,Label Extra Virgin 250 Ml,15000.000,PCS,SAI DIGISTIK PRIVATE LIMITED,hold_hours_slip_to_QA_manager,17.66,hours,ACCEPTED,factory.jivo.in /quality-control/inspections/,VERIFIED,group=PM_PACKAGING; hold_to_chemist_h=17.14; grpo_state=POSTED_VIA_APP
qc_inspection,JIVO_OIL,411,2026-04-15,GE-2026-5924,PM0000060,CAPS 1 & 2 LTR WHITE AND BLUE WITH LOGO,Cap,63000.000,PCS,BABAJI UDYOG PVT. LTD.,hold_hours_slip_to_QA_manager,20.83,hours,ACCEPTED,factory.jivo.in /quality-control/inspections/,VERIFIED,group=PM_PACKAGING; hold_to_chemist_h=20.17; grpo_state=POSTED_VIA_APP
qc_inspection,JIVO_OIL,410,2026-04-15,GE-2026-5924,PM0000079,CAPS 1 & 2 LTR FULL GREEN WITH LOGO,Cap,60000.000,PCS,BABAJI UDYOG PVT. LTD.,hold_hours_slip_to_QA_manager,20.19,hours,ACCEPTED,factory.jivo.in /quality-control/inspections/,VERIFIED,group=PM_PACKAGING; hold_to_chemist_h=20.15; grpo_state=POSTED_VIA_APP
qc_inspection,JIVO_OIL,415,2026-04-15,GE-2026-0660,PM0000852,PREFORM 49.5 GMS 36 MM,Pet Preform 50 Gm,75000.000,PCS,FRYSTAL PET PRIVATE LIMITED,hold_hours_slip_to_QA_manager,27.33,hours,ACCEPTED,factory.jivo.in /quality-control/inspections/,VERIFIED,group=PM_PACKAGING; hold_to_chemist_h=27.25; grpo_state=POSTED_VIA_APP
qc_inspection,JIVO_OIL,409,2026-04-15,GE-2026-0660,PM0000594,PREFORM 40 GMS 36 MM,Pet Preform 40gm New Frystal,50400.000,PCS,FRYSTAL PET PRIVATE LIMITED,hold_hours_slip_to_QA_manager,24.11,hours,ACCEPTED,factory.jivo.in /quality-control/inspections/,VERIFIED,group=PM_PACKAGING; hold_to_chemist_h=24.02; grpo_state=POSTED_VIA_APP
qc_inspection,JIVO_OIL,408,2026-04-15,GE-2026-0660,PM0000817,PREFORM 21/23 GMS,Pet_preform_21_gm,100224.000,PCS,FRYSTAL PET PRIVATE LIMITED,hold_hours_slip_to_QA_manager,24.11,hours,ACCEPTED,factory.jivo.in /quality-control/inspections/,VERIFIED,group=PM_PACKAGING; hold_to_chemist_h=24.0; grpo_state=POSTED_VIA_APP
qc_inspection,JIVO_OIL,404,2026-04-11,GE-2026-2095,PM0000470,CAPS 5 LTR ORANGE,Cap 5l Brown,2520.000,PCS,RAJ TECHNOPACK PVT LTD,hold_hours_slip_to_QA_manager,0.77,hours,ACCEPTED,factory.jivo.in /quality-control/inspections/,VERIFIED,group=PM_PACKAGING; hold_to_chemist_h=0.7; grpo_state=PENDING_IN_APP
qc_inspection,JIVO_OIL,403,2026-04-11,GE-2026-2095,PM0000228,HDPE BOTTLE 4 LTR,4_ltr_jerry Can,2520.000,PCS,RAJ TECHNOPACK PVT LTD,hold_hours_slip_to_QA_manager,0.78,hours,ACCEPTED,factory.jivo.in /quality-control/inspections/,VERIFIED,group=PM_PACKAGING; hold_to_chemist_h=0.68; grpo_state=PENDING_IN_APP
qc_inspection,JIVO_OIL,402,2026-04-11,GE-2026-3289,PM0000469,CAPS 5 LTR BROWN,Cap 5l Brown,2170.000,PCS,RAJ TECHNOPACK PVT LTD,hold_hours_slip_to_QA_manager,0.85,hours,ACCEPTED,factory.jivo.in /quality-control/inspections/,VERIFIED,group=PM_PACKAGING; hold_to_chemist_h=0.74; grpo_state=PENDING_IN_APP
qc_inspection,JIVO_OIL,401,2026-04-11,GE-2026-3289,PM0000113,HDPE BOTTLE 3 LTR,3_ltr_jerry_can,2170.000,PCS,RAJ TECHNOPACK PVT LTD,hold_hours_slip_to_QA_manager,0.86,hours,ACCEPTED,factory.jivo.in /quality-control/inspections/,VERIFIED,group=PM_PACKAGING; hold_to_chemist_h=0.72; grpo_state=PENDING_IN_APP
qc_inspection,JIVO_OIL,400,2026-04-11,GE-2026-3167,PM0000470,CAPS 5 LTR ORANGE,Cap 5l Brown,4000.000,PCS,ECHO PLAST INDIA,hold_hours_slip_to_QA_manager,43.61,hours,ACCEPTED,factory.jivo.in /quality-control/inspections/,VERIFIED,group=PM_PACKAGING; hold_to_chemist_h=0.92; grpo_state=PENDING_IN_APP
qc_inspection,JIVO_OIL,399,2026-04-11,GE-2026-3167,PM0000053,HDPE BOTTLE 5 LTR,5 Ltr. Jerry Can,3975.000,PCS,ECHO PLAST INDIA,hold_hours_slip_to_QA_manager,43.62,hours,ACCEPTED,factory.jivo.in /quality-control/inspections/,VERIFIED,group=PM_PACKAGING; hold_to_chemist_h=0.91; grpo_state=PENDING_IN_APP
qc_inspection,JIVO_OIL,398,2026-04-11,GE-2026-9432,PM0000470,CAPS 5 LTR ORANGE,Cap 5l Brown,3350.000,PCS,RAJ TECHNOPACK PVT LTD,hold_hours_slip_to_QA_manager,44.91,hours,ACCEPTED,factory.jivo.in /quality-control/inspections/,VERIFIED,group=PM_PACKAGING; hold_to_chemist_h=2.18; grpo_state=PENDING_IN_APP
qc_inspection,JIVO_OIL,397,2026-04-11,GE-2026-9432,PM0000053,HDPE BOTTLE 5 LTR,5 Ltr. Jerry Can,3350.000,PCS,RAJ TECHNOPACK PVT LTD,hold_hours_slip_to_QA_manager,44.92,hours,ACCEPTED,factory.jivo.in /quality-control/inspections/,VERIFIED,group=PM_PACKAGING; hold_to_chemist_h=2.17; grpo_state=PENDING_IN_APP
qc_inspection,JIVO_OIL,396,2026-04-11,GE-2026-4609,PM0000470,CAPS 5 LTR ORANGE,Cap 5l Brown,480.000,PCS,RAJ TECHNOPACK PVT LTD,hold_hours_slip_to_QA_manager,44.98,hours,ACCEPTED,factory.jivo.in /quality-control/inspections/,VERIFIED,group=PM_PACKAGING; hold_to_chemist_h=2.2; grpo_state=PENDING_IN_APP
qc_inspection,JIVO_OIL,395,2026-04-11,GE-2026-4609,PM0000228,HDPE BOTTLE 4 LTR,4_ltr_jerry Can,480.000,PCS,RAJ TECHNOPACK PVT LTD,hold_hours_slip_to_QA_manager,44.98,hours,ACCEPTED,factory.jivo.in /quality-control/inspections/,VERIFIED,group=PM_PACKAGING; hold_to_chemist_h=2.18; grpo_state=PENDING_IN_APP
qc_inspection,JIVO_OIL,394,2026-04-11,GE-2026-3605,PM0000470,CAPS 5 LTR ORANGE,Cap 5l Brown,3750.000,PCS,RAJ TECHNOPACK PVT LTD,hold_hours_slip_to_QA_manager,45.06,hours,ACCEPTED,factory.jivo.in /quality-control/inspections/,VERIFIED,group=PM_PACKAGING; hold_to_chemist_h=2.43; grpo_state=PENDING_IN_APP
qc_inspection,JIVO_OIL,393,2026-04-11,GE-2026-3605,PM0000053,HDPE BOTTLE 5 LTR,5 Ltr. Jerry Can,3750.000,PCS,RAJ TECHNOPACK PVT LTD,hold_hours_slip_to_QA_manager,45.07,hours,ACCEPTED,factory.jivo.in /quality-control/inspections/,VERIFIED,group=PM_PACKAGING; hold_to_chemist_h=2.04; grpo_state=PENDING_IN_APP
qc_inspection,JIVO_OIL,391,2026-04-11,GE-2026-3279,PM0000395,TIN 5 LTR POMACE OLIVE SANO,Printed Tin 5 Ltr,3716.000,PCS,NATIONAL TIN INDUSTRIES,hold_hours_slip_to_QA_manager,2.78,hours,ACCEPTED,factory.jivo.in /quality-control/inspections/,VERIFIED,group=PM_PACKAGING; hold_to_chemist_h=0.19; grpo_state=PENDING_IN_APP
qc_inspection,JIVO_OIL,392,2026-04-11,GE-2026-3279,PM0000080,TIN 5 LTR POMACE OLIVE PRINTED,Printed Tin 5 Ltr,8056.000,PCS,NATIONAL TIN INDUSTRIES,hold_hours_slip_to_QA_manager,2.79,hours,ACCEPTED,factory.jivo.in /quality-control/inspections/,VERIFIED,group=PM_PACKAGING; hold_to_chemist_h=0.21; grpo_state=PENDING_IN_APP
qc_inspection,JIVO_OIL,448,2026-04-11,GE-2026-1742,PM0000852,PREFORM 49.5 GMS 36 MM,Pet Preform 50 Gm,75000.000,PCS,FRYSTAL PET PRIVATE LIMITED,hold_hours_slip_to_QA_manager,244.81,hours,ACCEPTED,factory.jivo.in /quality-control/inspections/,VERIFIED,group=PM_PACKAGING; hold_to_chemist_h=244.8; grpo_state=PENDING_IN_APP
qc_inspection,JIVO_OIL,390,2026-04-11,GE-2026-1742,PM0000594,PREFORM 40 GMS 36 MM,Pet Preform 40gm New Frystal,50400.000,PCS,FRYSTAL PET PRIVATE LIMITED,hold_hours_slip_to_QA_manager,2.65,hours,ACCEPTED,factory.jivo.in /quality-control/inspections/,VERIFIED,group=PM_PACKAGING; hold_to_chemist_h=2.64; grpo_state=PENDING_IN_APP
qc_inspection,JIVO_OIL,385,2026-04-11,GE-2026-1742,PM0000817,PREFORM 21/23 GMS,Pet_preform_21_gm,100224.000,PCS,FRYSTAL PET PRIVATE LIMITED,hold_hours_slip_to_QA_manager,1.96,hours,ACCEPTED,factory.jivo.in /quality-control/inspections/,VERIFIED,group=PM_PACKAGING; hold_to_chemist_h=1.47; grpo_state=PENDING_IN_APP
qc_inspection,JIVO_OIL,384,2026-04-10,GE-2026-8070,PM0000658,CARTON 250 MLS GLASS BOTTLE 4 PCS,Carton 250ml 4pcs,2975.000,PCS,CVS PACKAGING PRIVATE LIMITED,hold_hours_slip_to_QA_manager,21.82,hours,ACCEPTED,factory.jivo.in /quality-control/inspections/,VERIFIED,group=PM_PACKAGING; hold_to_chemist_h=4.81; grpo_state=POSTED_VIA_APP
qc_inspection,JIVO_OIL,383,2026-04-09,GE-2026-3230,PM0000470,CAPS 5 LTR ORANGE,Cap 5l Brown,1425.000,PCS,ECHO PLAST INDIA,hold_hours_slip_to_QA_manager,42.66,hours,ACCEPTED,factory.jivo.in /quality-control/inspections/,VERIFIED,group=PM_PACKAGING; hold_to_chemist_h=25.53; grpo_state=PENDING_IN_APP
qc_inspection,JIVO_OIL,382,2026-04-09,GE-2026-3230,PM0000053,HDPE BOTTLE 5 LTR,5 Ltr. Jerry Can,2175.000,PCS,ECHO PLAST INDIA,hold_hours_slip_to_QA_manager,42.67,hours,ACCEPTED,factory.jivo.in /quality-control/inspections/,VERIFIED,group=PM_PACKAGING; hold_to_chemist_h=25.51; grpo_state=PENDING_IN_APP
qc_inspection,JIVO_OIL,381,2026-04-09,GE-2026-9889,PM0000409,CARTON 1 LTR POMACE 16 PCS PLAIN,Carton1_liter_x_16pcs_(olive-pomace),1020.000,PCS,SSY CONTAINERS PVT LTD,hold_hours_slip_to_QA_manager,44.97,hours,ACCEPTED,factory.jivo.in /quality-control/inspections/,VERIFIED,group=PM_PACKAGING; hold_to_chemist_h=27.78; grpo_state=PENDING_IN_APP
qc_inspection,JIVO_OIL,380,2026-04-09,GE-2026-9889,PM0000013,CARTON 5 LTR 4 PCS,Carton_5l_x_4_pcs_canola_(450x257x325),380.000,PCS,SSY CONTAINERS PVT LTD,hold_hours_slip_to_QA_manager,44.97,hours,ACCEPTED,factory.jivo.in /quality-control/inspections/,VERIFIED,group=PM_PACKAGING; hold_to_chemist_h=27.74; grpo_state=PENDING_IN_APP
qc_inspection,JIVO_OIL,379,2026-04-09,GE-2026-9889,PM0000003,CARTON 1 LTR POMACE 16 PCS,Carton1_liter_x_16pcs_(olive-pomace),4215.000,PCS,SSY CONTAINERS PVT LTD,hold_hours_slip_to_QA_manager,44.98,hours,ACCEPTED,factory.jivo.in /quality-control/inspections/,VERIFIED,group=PM_PACKAGING; hold_to_chemist_h=27.68; grpo_state=PENDING_IN_APP
qc_inspection,JIVO_OIL,378,2026-04-09,GE-2026-0468,PM0000228,HDPE BOTTLE 4 LTR,4_ltr_jerry Can,930.000,PCS,RAJ TECHNOPACK PVT LTD,hold_hours_slip_to_QA_manager,45.06,hours,ACCEPTED,factory.jivo.in /quality-control/inspections/,VERIFIED,group=PM_PACKAGING; hold_to_chemist_h=27.72; grpo_state=PENDING_IN_APP
qc_inspection,JIVO_OIL,377,2026-04-09,GE-2026-0468,PM0000470,CAPS 5 LTR ORANGE,Cap 5l Brown,930.000,PCS,RAJ TECHNOPACK PVT LTD,hold_hours_slip_to_QA_manager,45.06,hours,ACCEPTED,factory.jivo.in /quality-control/inspections/,VERIFIED,group=PM_PACKAGING; hold_to_chemist_h=27.7; grpo_state=PENDING_IN_APP
qc_inspection,JIVO_OIL,376,2026-04-09,GE-2026-8589,PM0000470,CAPS 5 LTR ORANGE,Cap 5l Brown,3000.000,PCS,RAJ TECHNOPACK PVT LTD,hold_hours_slip_to_QA_manager,45.14,hours,ACCEPTED,factory.jivo.in /quality-control/inspections/,VERIFIED,group=PM_PACKAGING; hold_to_chemist_h=27.75; grpo_state=PENDING_IN_APP
qc_inspection,JIVO_OIL,375,2026-04-09,GE-2026-8589,PM0000053,HDPE BOTTLE 5 LTR,5 Ltr. Jerry Can,3000.000,PCS,RAJ TECHNOPACK PVT LTD,hold_hours_slip_to_QA_manager,45.14,hours,ACCEPTED,factory.jivo.in /quality-control/inspections/,VERIFIED,group=PM_PACKAGING; hold_to_chemist_h=27.72; grpo_state=PENDING_IN_APP
qc_inspection,JIVO_OIL,367,2026-04-08,GE-2026-3941,PM0000469,CAPS 5 LTR BROWN,Cap 5l Brown,1130.000,PCS,RAJ TECHNOPACK PVT LTD,hold_hours_slip_to_QA_manager,0.76,hours,ACCEPTED,factory.jivo.in /quality-control/inspections/,VERIFIED,group=PM_PACKAGING; hold_to_chemist_h=0.39; grpo_state=NOT_IN_GRPO_QUEUE
qc_inspection,JIVO_OIL,371,2026-04-08,GE-2026-3941,PM0000228,HDPE BOTTLE 4 LTR,4_ltr_jerry Can,330.000,PCS,RAJ TECHNOPACK PVT LTD,hold_hours_slip_to_QA_manager,0.77,hours,ACCEPTED,factory.jivo.in /quality-control/inspections/,VERIFIED,group=PM_PACKAGING; hold_to_chemist_h=0.59; grpo_state=NOT_IN_GRPO_QUEUE
qc_inspection,JIVO_OIL,372,2026-04-08,GE-2026-3941,PM0000053,HDPE BOTTLE 5 LTR,5 Ltr. Jerry Can,4150.000,PCS,RAJ TECHNOPACK PVT LTD,hold_hours_slip_to_QA_manager,0.78,hours,ACCEPTED,factory.jivo.in /quality-control/inspections/,VERIFIED,group=PM_PACKAGING; hold_to_chemist_h=0.62; grpo_state=NOT_IN_GRPO_QUEUE
qc_inspection,JIVO_OIL,364,2026-04-08,GE-2026-4636,PM0000470,CAPS 5 LTR ORANGE,Cap 5l Brown,3000.000,PCS,ECHO PLAST INDIA,hold_hours_slip_to_QA_manager,0.97,hours,ACCEPTED,factory.jivo.in /quality-control/inspections/,VERIFIED,group=PM_PACKAGING; hold_to_chemist_h=0.06; grpo_state=POSTED_VIA_APP
qc_inspection,JIVO_OIL,365,2026-04-08,GE-2026-4636,PM0000053,HDPE BOTTLE 5 LTR,5 Ltr. Jerry Can,2250.000,PCS,ECHO PLAST INDIA,hold_hours_slip_to_QA_manager,0.97,hours,ACCEPTED,factory.jivo.in /quality-control/inspections/,VERIFIED,group=PM_PACKAGING; hold_to_chemist_h=0.08; grpo_state=POSTED_VIA_APP
qc_inspection,JIVO_OIL,366,2026-04-08,GE-2026-8602,PM0000825,CARTON 1 LTR 20 PCS NEW,1 Lt X 20 Pcs N,489.000,PCS,SSY CONTAINERS PVT LTD,hold_hours_slip_to_QA_manager,1.11,hours,ACCEPTED,factory.jivo.in /quality-control/inspections/,VERIFIED,group=PM_PACKAGING; hold_to_chemist_h=0.27; grpo_state=NOT_IN_GRPO_QUEUE
qc_inspection,JIVO_OIL,368,2026-04-08,GE-2026-8602,PM0000013,CARTON 5 LTR 4 PCS,Carton_5l_x_4_pcs_canola_(450x257x325),1120.000,PCS,SSY CONTAINERS PVT LTD,hold_hours_slip_to_QA_manager,1.11,hours,ACCEPTED,factory.jivo.in /quality-control/inspections/,VERIFIED,group=PM_PACKAGING; hold_to_chemist_h=0.75; grpo_state=NOT_IN_GRPO_QUEUE
qc_inspection,JIVO_OIL,370,2026-04-08,GE-2026-8356,PM0000079,CAPS 1 & 2 LTR FULL GREEN WITH LOGO,Cap,24000.000,PCS,BABAJI UDYOG PVT. LTD.,hold_hours_slip_to_QA_manager,2.41,hours,ACCEPTED,factory.jivo.in /quality-control/inspections/,VERIFIED,group=PM_PACKAGING; hold_to_chemist_h=2.19; grpo_state=POSTED_VIA_APP
qc_inspection,JIVO_OIL,369,2026-04-08,GE-2026-8356,PM0000235,CAPS 1 LTR WHITE AND YELLOW SMALL PLAIN,Cap Yellow-white 1l Plain,150000.000,PCS,BABAJI UDYOG PVT. LTD.,hold_hours_slip_to_QA_manager,2.41,hours,ACCEPTED,factory.jivo.in /quality-control/inspections/,VERIFIED,group=PM_PACKAGING; hold_to_chemist_h=2.15; grpo_state=POSTED_VIA_APP
qc_inspection,JIVO_OIL,362,2026-04-08,GE-2026-1538,PM0000013,CARTON 5 LTR 4 PCS,Carton_5l_x_4_pcs_canola_(450x257x325),5657.000,PCS,SSY CONTAINERS PVT LTD,hold_hours_slip_to_QA_manager,3.58,hours,ACCEPTED,factory.jivo.in /quality-control/inspections/,VERIFIED,group=PM_PACKAGING; hold_to_chemist_h=1.22; grpo_state=POSTED_VIA_APP
qc_inspection,JIVO_OIL,388,2026-04-08,GE-2026-5190,PM0000045,LABEL 5 LTR COLD PRESS BACK 365,Cold Press Canola 5 L/ 5 L Soyabean,50600.000,PCS,ZENBI INTERNATIONAL PRIVATE LIMITED,hold_hours_slip_to_QA_manager,75.13,hours,ACCEPTED,factory.jivo.in /quality-control/inspections/,VERIFIED,group=PM_PACKAGING; hold_to_chemist_h=74.76; grpo_state=PENDING_IN_APP
qc_inspection,JIVO_OIL,389,2026-04-08,GE-2026-5190,PM0000863,LABEL 5 LTR CANOLA FRONT (NIRMAL RISHI),Cold Press Canola 5 L/ 5 L Soyabean,50600.000,PCS,ZENBI INTERNATIONAL PRIVATE LIMITED,hold_hours_slip_to_QA_manager,75.16,hours,ACCEPTED,factory.jivo.in /quality-control/inspections/,VERIFIED,group=PM_PACKAGING; hold_to_chemist_h=74.8; grpo_state=PENDING_IN_APP
qc_inspection,JIVO_OIL,387,2026-04-08,GE-2026-5390,PM0000014,LABEL 1 LTR COLD PRESS BACK 8181,Label_cp_canola_1l_front,51400.000,PCS,ZENBI INTERNATIONAL PRIVATE LIMITED,hold_hours_slip_to_QA_manager,75.23,hours,ACCEPTED,factory.jivo.in /quality-control/inspections/,VERIFIED,group=PM_PACKAGING; hold_to_chemist_h=74.8; grpo_state=PENDING_IN_APP
qc_inspection,JIVO_OIL,386,2026-04-08,GE-2026-5390,PM0000864,LABEL 1 LTR CANOLA FRONT (NIRMAL RISHI),Label_cp_canola_1l_front,51400.000,PCS,ZENBI INTERNATIONAL PRIVATE LIMITED,hold_hours_slip_to_QA_manager,75.22,hours,ACCEPTED,factory.jivo.in /quality-control/inspections/,VERIFIED,group=PM_PACKAGING; hold_to_chemist_h=74.78; grpo_state=PENDING_IN_APP
qc_inspection,JIVO_OIL,363,2026-04-07,GE-2026-7560,PM0000058,PET BOTTLE 200 MLS OLIVE OIL,Pet Bottle 200ml 16gm,18795.000,PCS,PIONEER PET SWASTIC PET INDUSTRIES (ACSFS8137Q),hold_hours_slip_to_QA_manager,23.0,hours,ACCEPTED,factory.jivo.in /quality-control/inspections/,VERIFIED,group=PM_PACKAGING; hold_to_chemist_h=21.54; grpo_state=PENDING_IN_APP
qc_inspection,JIVO_OIL,373,2026-04-07,GE-2026-0648,PM0000020,LABEL 1 LTR KACHCHI GHANI FRONT,Kachi Ghani Mustard 1ltr,101000.000,PCS,ZENBI INTERNATIONAL PRIVATE LIMITED,hold_hours_slip_to_QA_manager,23.16,hours,ACCEPTED,factory.jivo.in /quality-control/inspections/,VERIFIED,group=PM_PACKAGING; hold_to_chemist_h=22.99; grpo_state=POSTED_VIA_APP
qc_inspection,JIVO_OIL,374,2026-04-07,GE-2026-0648,PM0000019,LABEL 1 LTR KACHCHI GHANI BACK,Kachi Ghani Mustard 1ltr,101000.000,PCS,ZENBI INTERNATIONAL PRIVATE LIMITED,hold_hours_slip_to_QA_manager,23.17,hours,ACCEPTED,factory.jivo.in /quality-control/inspections/,VERIFIED,group=PM_PACKAGING; hold_to_chemist_h=23.0; grpo_state=POSTED_VIA_APP
qc_inspection,JIVO_OIL,360,2026-04-07,GE-2026-9039,PM0000469,CAPS 5 LTR BROWN,Cap 5l Brown,2900.000,PCS,RAJ TECHNOPACK PVT LTD,hold_hours_slip_to_QA_manager,22.29,hours,ACCEPTED,factory.jivo.in /quality-control/inspections/,VERIFIED,group=PM_PACKAGING; hold_to_chemist_h=19.83; grpo_state=PENDING_IN_APP
qc_inspection,JIVO_OIL,359,2026-04-07,GE-2026-9039,PM0000053,HDPE BOTTLE 5 LTR,5 Ltr. Jerry Can,2900.000,PCS,RAJ TECHNOPACK PVT LTD,hold_hours_slip_to_QA_manager,22.3,hours,ACCEPTED,factory.jivo.in /quality-control/inspections/,VERIFIED,group=PM_PACKAGING; hold_to_chemist_h=19.81; grpo_state=PENDING_IN_APP
qc_inspection,JIVO_OIL,358,2026-04-07,GE-2026-2711,PM0000469,CAPS 5 LTR BROWN,Cap 5l Brown,1225.000,PCS,RAJ TECHNOPACK PVT LTD,hold_hours_slip_to_QA_manager,22.35,hours,ACCEPTED,factory.jivo.in /quality-control/inspections/,VERIFIED,group=PM_PACKAGING; hold_to_chemist_h=19.84; grpo_state=PENDING_IN_APP
qc_inspection,JIVO_OIL,357,2026-04-07,GE-2026-2711,PM0000113,HDPE BOTTLE 3 LTR,3_ltr_jerry_can,1225.000,PCS,RAJ TECHNOPACK PVT LTD,hold_hours_slip_to_QA_manager,22.35,hours,ACCEPTED,factory.jivo.in /quality-control/inspections/,VERIFIED,group=PM_PACKAGING; hold_to_chemist_h=19.8; grpo_state=PENDING_IN_APP
qc_inspection,JIVO_OIL,361,2026-04-07,GE-2026-5038,PM0000194,PET BOTTLE 1 LTR 40 GMS,Pet_bottle_40_gm_1_ltr,6864.000,PCS,TPAC PACKAGING INDIA PVT LTD,hold_hours_slip_to_QA_manager,22.42,hours,ACCEPTED,factory.jivo.in /quality-control/inspections/,VERIFIED,group=PM_PACKAGING; hold_to_chemist_h=19.98; grpo_state=PENDING_IN_APP
qc_inspection,JIVO_OIL,356,2026-04-07,GE-2026-8758,PM0000121,PET BOTTLE 1 LTR 52 GMS POMACE,1 Ltr Pet Bottle Pomace (52gm) Br,12012.000,PCS,TPAC PACKAGING INDIA PVT LTD,hold_hours_slip_to_QA_manager,22.47,hours,ACCEPTED,factory.jivo.in /quality-control/inspections/,VERIFIED,group=PM_PACKAGING; hold_to_chemist_h=19.71; grpo_state=PENDING_IN_APP
qc_inspection,JIVO_OIL,355,2026-04-07,GE-2026-0022,PM0000057,PET BOTTLE 2 LTR 66 GMS,_2_ltr_90gm__and_cap_yellow_handle,6800.000,PCS,TPAC PACKAGING INDIA PVT LTD II,hold_hours_slip_to_QA_manager,22.54,hours,ACCEPTED,factory.jivo.in /quality-control/inspections/,VERIFIED,group=PM_PACKAGING; hold_to_chemist_h=19.74; grpo_state=PENDING_IN_APP
qc_inspection,JIVO_OIL,354,2026-04-07,GE-2026-8508,PM0000498,PET BOTTLE 500 MLS 34 GMS GREEN,Pet Bottle 500ml Olive Green,15120.000,PCS,TPAC PACKAGING INDIA PVT LTD,hold_hours_slip_to_QA_manager,28.58,hours,ACCEPTED,factory.jivo.in /quality-control/inspections/,VERIFIED,group=PM_PACKAGING; hold_to_chemist_h=25.74; grpo_state=PENDING_IN_APP
qc_inspection,JIVO_OIL,353,2026-04-06,GE-2026-5474,PM0000053,HDPE BOTTLE 5 LTR,5 Ltr. Jerry Can,1000.000,PCS,RAJ TECHNOPACK PVT LTD,hold_hours_slip_to_QA_manager,44.41,hours,ACCEPTED,factory.jivo.in /quality-control/inspections/,VERIFIED,group=PM_PACKAGING; hold_to_chemist_h=41.44; grpo_state=PENDING_IN_APP
qc_inspection,JIVO_OIL,352,2026-04-06,GE-2026-5474,PM0000469,CAPS 5 LTR BROWN,Cap 5l Brown,1000.000,PCS,RAJ TECHNOPACK PVT LTD,hold_hours_slip_to_QA_manager,44.41,hours,ACCEPTED,factory.jivo.in /quality-control/inspections/,VERIFIED,group=PM_PACKAGING; hold_to_chemist_h=41.41; grpo_state=PENDING_IN_APP
qc_inspection,JIVO_OIL,351,2026-04-06,GE-2026-5995,PM0000469,CAPS 5 LTR BROWN,Cap 5l Brown,3395.000,PCS,RAJ TECHNOPACK PVT LTD,hold_hours_slip_to_QA_manager,44.47,hours,ACCEPTED,factory.jivo.in /quality-control/inspections/,VERIFIED,group=PM_PACKAGING; hold_to_chemist_h=41.45; grpo_state=PENDING_IN_APP
qc_inspection,JIVO_OIL,350,2026-04-06,GE-2026-5995,PM0000113,HDPE BOTTLE 3 LTR,3_ltr_jerry_can,3395.000,PCS,RAJ TECHNOPACK PVT LTD,hold_hours_slip_to_QA_manager,44.42,hours,ACCEPTED,factory.jivo.in /quality-control/inspections/,VERIFIED,group=PM_PACKAGING; hold_to_chemist_h=41.41; grpo_state=PENDING_IN_APP
qc_inspection,JIVO_OIL,349,2026-04-06,GE-2026-9456,PM0000469,CAPS 5 LTR BROWN,Cap 5l Brown,4500.000,PCS,RAJ TECHNOPACK PVT LTD,hold_hours_slip_to_QA_manager,21.66,hours,ACCEPTED,factory.jivo.in /quality-control/inspections/,VERIFIED,group=PM_PACKAGING; hold_to_chemist_h=1.43; grpo_state=PENDING_IN_APP
qc_inspection,JIVO_OIL,348,2026-04-06,GE-2026-9456,PM0000053,HDPE BOTTLE 5 LTR,5 Ltr. Jerry Can,3750.000,PCS,RAJ TECHNOPACK PVT LTD,hold_hours_slip_to_QA_manager,21.67,hours,ACCEPTED,factory.jivo.in /quality-control/inspections/,VERIFIED,group=PM_PACKAGING; hold_to_chemist_h=1.41; grpo_state=PENDING_IN_APP
qc_inspection,JIVO_OIL,342,2026-04-04,GE-2026-0301,PM0000469,CAPS 5 LTR BROWN,Cap 5l Brown,1770.000,PCS,RAJ TECHNOPACK PVT LTD,hold_hours_slip_to_QA_manager,39.84,hours,ACCEPTED,factory.jivo.in /quality-control/inspections/,VERIFIED,group=PM_PACKAGING; hold_to_chemist_h=37.98; grpo_state=PENDING_IN_APP
qc_inspection,JIVO_OIL,343,2026-04-04,GE-2026-0301,PM0000053,HDPE BOTTLE 5 LTR,5 Ltr. Jerry Can,2100.000,PCS,RAJ TECHNOPACK PVT LTD,hold_hours_slip_to_QA_manager,39.85,hours,ACCEPTED,factory.jivo.in /quality-control/inspections/,VERIFIED,group=PM_PACKAGING; hold_to_chemist_h=38.01; grpo_state=PENDING_IN_APP
qc_inspection,JIVO_OIL,344,2026-04-04,GE-2026-0301,PM0000470,CAPS 5 LTR ORANGE,Cap 5l Brown,330.000,PCS,RAJ TECHNOPACK PVT LTD,hold_hours_slip_to_QA_manager,39.85,hours,ACCEPTED,factory.jivo.in /quality-control/inspections/,VERIFIED,group=PM_PACKAGING; hold_to_chemist_h=38.02; grpo_state=PENDING_IN_APP
qc_inspection,JIVO_OIL,345,2026-04-04,GE-2026-6684,PM0000470,CAPS 5 LTR ORANGE,Cap 5l Brown,2170.000,PCS,RAJ TECHNOPACK PVT LTD,hold_hours_slip_to_QA_manager,39.99,hours,ACCEPTED,factory.jivo.in /quality-control/inspections/,VERIFIED,group=PM_PACKAGING; hold_to_chemist_h=38.18; grpo_state=PENDING_IN_APP
qc_inspection,JIVO_OIL,346,2026-04-04,GE-2026-6684,PM0000113,HDPE BOTTLE 3 LTR,3_ltr_jerry_can,2170.000,PCS,RAJ TECHNOPACK PVT LTD,hold_hours_slip_to_QA_manager,39.99,hours,ACCEPTED,factory.jivo.in /quality-control/inspections/,VERIFIED,group=PM_PACKAGING; hold_to_chemist_h=38.24; grpo_state=PENDING_IN_APP
qc_inspection,JIVO_OIL,347,2026-04-04,GE-2026-8584,PM0000875,TIKKI BARCODE CSD 500 ML EV,Barcode_sticker_500_ml_ev_olive,50.000,PCS,MEDIA GRAPHIC PRINTS VEND,hold_hours_slip_to_QA_manager,40.14,hours,ACCEPTED,factory.jivo.in /quality-control/inspections/,VERIFIED,group=PM_PACKAGING; hold_to_chemist_h=38.7; grpo_state=NOT_IN_GRPO_QUEUE
qc_inspection,JIVO_OIL,341,2026-04-04,GE-2026-8498,PM0000469,CAPS 5 LTR BROWN,Cap 5l Brown,3200.000,PCS,RAJ TECHNOPACK PVT LTD,hold_hours_slip_to_QA_manager,43.84,hours,ACCEPTED,factory.jivo.in /quality-control/inspections/,VERIFIED,group=PM_PACKAGING; hold_to_chemist_h=1.42; grpo_state=PENDING_IN_APP
qc_inspection,JIVO_OIL,340,2026-04-04,GE-2026-8498,PM0000053,HDPE BOTTLE 5 LTR,5 Ltr. Jerry Can,3750.000,PCS,RAJ TECHNOPACK PVT LTD,hold_hours_slip_to_QA_manager,43.85,hours,ACCEPTED,factory.jivo.in /quality-control/inspections/,VERIFIED,group=PM_PACKAGING; hold_to_chemist_h=1.4; grpo_state=PENDING_IN_APP
qc_inspection,JIVO_OIL,447,2026-04-04,GE-2026-8498,PM0000470,CAPS 5 LTR ORANGE,Cap 5l Brown,550.000,PCS,RAJ TECHNOPACK PVT LTD,hold_hours_slip_to_QA_manager,,hours,REJECTED,factory.jivo.in /quality-control/inspections/,VERIFIED,group=PM_PACKAGING; hold_to_chemist_h=407.25; grpo_state=PENDING_IN_APP
qc_inspection,JIVO_OIL,338,2026-04-04,GE-2026-7878,PM0000469,CAPS 5 LTR BROWN,Cap 5l Brown,2250.000,PCS,RAJ TECHNOPACK PVT LTD,hold_hours_slip_to_QA_manager,4.03,hours,ACCEPTED,factory.jivo.in /quality-control/inspections/,VERIFIED,group=PM_PACKAGING; hold_to_chemist_h=0.28; grpo_state=PENDING_IN_APP
qc_inspection,JIVO_OIL,337,2026-04-04,GE-2026-7878,PM0000053,HDPE BOTTLE 5 LTR,5 Ltr. Jerry Can,2250.000,PCS,RAJ TECHNOPACK PVT LTD,hold_hours_slip_to_QA_manager,4.03,hours,ACCEPTED,factory.jivo.in /quality-control/inspections/,VERIFIED,group=PM_PACKAGING; hold_to_chemist_h=0.26; grpo_state=PENDING_IN_APP
qc_inspection,JIVO_OIL,336,2026-04-04,GE-2026-5959,PM0000469,CAPS 5 LTR BROWN,Cap 5l Brown,2170.000,PCS,RAJ TECHNOPACK PVT LTD,hold_hours_slip_to_QA_manager,4.09,hours,ACCEPTED,factory.jivo.in /quality-control/inspections/,VERIFIED,group=PM_PACKAGING; hold_to_chemist_h=0.29; grpo_state=PENDING_IN_APP
qc_inspection,JIVO_OIL,335,2026-04-04,GE-2026-5959,PM0000113,HDPE BOTTLE 3 LTR,3_ltr_jerry_can,2170.000,PCS,RAJ TECHNOPACK PVT LTD,hold_hours_slip_to_QA_manager,4.1,hours,ACCEPTED,factory.jivo.in /quality-control/inspections/,VERIFIED,group=PM_PACKAGING; hold_to_chemist_h=0.27; grpo_state=PENDING_IN_APP
qc_inspection,JIVO_OIL,334,2026-04-04,GE-2026-6413,PM0000013,CARTON 5 LTR 4 PCS,Carton_5l_x_4_pcs_330x260x375,2004.000,PCS,SSY CONTAINERS PVT LTD,hold_hours_slip_to_QA_manager,6.23,hours,ACCEPTED,factory.jivo.in /quality-control/inspections/,VERIFIED,group=PM_PACKAGING; hold_to_chemist_h=1.06; grpo_state=PENDING_IN_APP
qc_inspection,JIVO_OIL,328,2026-04-04,GE-2026-6413,PM0000825,CARTON 1 LTR 20 PCS NEW,1 Lt X 20 Pcs N,2000.000,PCS,SSY CONTAINERS PVT LTD,hold_hours_slip_to_QA_manager,6.24,hours,ACCEPTED,factory.jivo.in /quality-control/inspections/,VERIFIED,group=PM_PACKAGING; hold_to_chemist_h=0.23; grpo_state=PENDING_IN_APP
qc_inspection,JIVO_OIL,329,2026-04-04,GE-2026-6413,PM0000005,CARTON 1 LTR 12 POUCHES,Carton_1l_x_12_pcs_(pouch),1500.000,PCS,SSY CONTAINERS PVT LTD,hold_hours_slip_to_QA_manager,6.24,hours,ACCEPTED,factory.jivo.in /quality-control/inspections/,VERIFIED,group=PM_PACKAGING; hold_to_chemist_h=0.25; grpo_state=PENDING_IN_APP
qc_inspection,JIVO_OIL,333,2026-04-03,GE-2026-7773,PM0000082,CARTON 5 LTR OLIVE 4 PCS,Carton_5_liter_x_4_pcs(canola/olive),4416.000,PCS,KUBER PAPER & PACK PRIVATE LIMITED AAJCK3867H0,hold_hours_slip_to_QA_manager,21.99,hours,ACCEPTED,factory.jivo.in /quality-control/inspections/,VERIFIED,group=PM_PACKAGING; hold_to_chemist_h=16.61; grpo_state=PENDING_IN_APP
qc_inspection,JIVO_OIL,330,2026-04-03,GE-2026-1586,PM0000079,CAPS 1 & 2 LTR FULL GREEN WITH LOGO,Cap,123000.000,PCS,BABAJI UDYOG PVT. LTD.,hold_hours_slip_to_QA_manager,22.82,hours,ACCEPTED,factory.jivo.in /quality-control/inspections/,VERIFIED,group=PM_PACKAGING; hold_to_chemist_h=16.89; grpo_state=PENDING_IN_APP
qc_inspection,JIVO_OIL,332,2026-04-03,GE-2026-1586,PM0000078,CAPS 5 LTR/15 LTR,Spout_cap_tin_yellow_5l_15_l,2000.000,PCS,BABAJI UDYOG PVT. LTD.,hold_hours_slip_to_QA_manager,22.82,hours,ACCEPTED,factory.jivo.in /quality-control/inspections/,VERIFIED,group=PM_PACKAGING; hold_to_chemist_h=17.36; grpo_state=PENDING_IN_APP
qc_inspection,JIVO_OIL,331,2026-04-03,GE-2026-7544,PM0000071,SHRINKS 1 LTR 235X310,Shrink_pouch_310x240,5900.000,PCS,MULTILAYER INDUSTRIES,hold_hours_slip_to_QA_manager,22.92,hours,ACCEPTED,factory.jivo.in /quality-control/inspections/,VERIFIED,group=PM_PACKAGING; hold_to_chemist_h=17.2; grpo_state=PENDING_IN_APP
qc_inspection,JIVO_OIL,325,2026-04-03,GE-2026-6795,PM0000187,SHRINKS 3 LTR/4 LTR,Shrink_pouch_3/4l 385 X 325,5000.000,PCS,MULTILAYER INDUSTRIES,hold_hours_slip_to_QA_manager,28.65,hours,ACCEPTED,factory.jivo.in /quality-control/inspections/,VERIFIED,group=PM_PACKAGING; hold_to_chemist_h=0.68; grpo_state=PENDING_IN_APP
qc_inspection,JIVO_OIL,324,2026-04-02,GE-2026-2172,PM0000426,LABEL 1 LTR GROUNDNUT BACK,Cp_groundnut_1_ltr_jivo,52200.000,PCS,ZENBI INTERNATIONAL PRIVATE LIMITED,hold_hours_slip_to_QA_manager,18.05,hours,ACCEPTED,factory.jivo.in /quality-control/inspections/,VERIFIED,group=PM_PACKAGING; hold_to_chemist_h=16.66; grpo_state=POSTED_VIA_APP
qc_inspection,JIVO_OIL,323,2026-04-02,GE-2026-2172,PM0000425,LABEL 1 LTR GROUNDNUT FRONT,Cp_groundnut_1_ltr_jivo,52200.000,PCS,ZENBI INTERNATIONAL PRIVATE LIMITED,hold_hours_slip_to_QA_manager,18.05,hours,ACCEPTED,factory.jivo.in /quality-control/inspections/,VERIFIED,group=PM_PACKAGING; hold_to_chemist_h=16.65; grpo_state=POSTED_VIA_APP
qc_inspection,JIVO_OIL,321,2026-04-02,GE-2026-7386,PM0000468,CAPS 5 LTR GREEN,Cap 5l Brown,2130.000,PCS,ECHO PLAST INDIA,hold_hours_slip_to_QA_manager,19.97,hours,ACCEPTED,factory.jivo.in /quality-control/inspections/,VERIFIED,group=PM_PACKAGING; hold_to_chemist_h=1.02; grpo_state=PENDING_IN_APP
qc_inspection,JIVO_OIL,322,2026-04-02,GE-2026-7386,PM0000053,HDPE BOTTLE 5 LTR,5 Ltr. Jerry Can,2130.000,PCS,ECHO PLAST INDIA,hold_hours_slip_to_QA_manager,19.98,hours,ACCEPTED,factory.jivo.in /quality-control/inspections/,VERIFIED,group=PM_PACKAGING; hold_to_chemist_h=1.04; grpo_state=PENDING_IN_APP
qc_inspection,JIVO_OIL,320,2026-04-02,GE-2026-7386,PM0000121,PET BOTTLE 1 LTR 52 GMS POMACE,1ltr Olive Pet Bottle(51.50gm/o),8400.000,PCS,ECHO PLAST INDIA,hold_hours_slip_to_QA_manager,19.98,hours,ACCEPTED,factory.jivo.in /quality-control/inspections/,VERIFIED,group=PM_PACKAGING; hold_to_chemist_h=1.0; grpo_state=PENDING_IN_APP
qc_inspection,JIVO_OIL,319,2026-04-02,GE-2026-6906,PM0000469,CAPS 5 LTR BROWN,Cap 5l Brown,2650.000,PCS,RAJ TECHNOPACK PVT LTD,hold_hours_slip_to_QA_manager,20.38,hours,ACCEPTED,factory.jivo.in /quality-control/inspections/,VERIFIED,group=PM_PACKAGING; hold_to_chemist_h=1.35; grpo_state=PENDING_IN_APP
qc_inspection,JIVO_OIL,318,2026-04-02,GE-2026-6906,PM0000468,CAPS 5 LTR GREEN,Cap 5l Brown,1600.000,PCS,RAJ TECHNOPACK PVT LTD,hold_hours_slip_to_QA_manager,20.39,hours,ACCEPTED,factory.jivo.in /quality-control/inspections/,VERIFIED,group=PM_PACKAGING; hold_to_chemist_h=1.33; grpo_state=PENDING_IN_APP
qc_inspection,JIVO_OIL,317,2026-04-02,GE-2026-6906,PM0000053,HDPE BOTTLE 5 LTR,5 Ltr. Jerry Can,2500.000,PCS,RAJ TECHNOPACK PVT LTD,hold_hours_slip_to_QA_manager,20.5,hours,ACCEPTED,factory.jivo.in /quality-control/inspections/,VERIFIED,group=PM_PACKAGING; hold_to_chemist_h=1.4; grpo_state=PENDING_IN_APP
qc_inspection,JIVO_OIL,316,2026-04-02,GE-2026-6906,PM0000113,HDPE BOTTLE 3 LTR,3_ltr_jerry_can,1750.000,PCS,RAJ TECHNOPACK PVT LTD,hold_hours_slip_to_QA_manager,20.51,hours,ACCEPTED,factory.jivo.in /quality-control/inspections/,VERIFIED,group=PM_PACKAGING; hold_to_chemist_h=1.38; grpo_state=PENDING_IN_APP
qc_inspection,JIVO_OIL,313,2026-04-02,GE-2026-5295,PM0000289,LABEL 5 LTR SOYABEAN FRONT,Cold Press Canola 5 L/ 5 L Soyabean,3650.000,PCS,ROYAL PRIME LABELS,hold_hours_slip_to_QA_manager,2.62,hours,ACCEPTED,factory.jivo.in /quality-control/inspections/,VERIFIED,group=PM_PACKAGING; hold_to_chemist_h=2.24; grpo_state=PENDING_IN_APP
qc_inspection,JIVO_OIL,312,2026-04-02,GE-2026-5295,PM0000288,LABEL 5 LTR SOYABEAN BACK,Cold Press Canola 5 L/ 5 L Soyabean,3650.000,PCS,ROYAL PRIME LABELS,hold_hours_slip_to_QA_manager,2.63,hours,ACCEPTED,factory.jivo.in /quality-control/inspections/,VERIFIED,group=PM_PACKAGING; hold_to_chemist_h=2.21; grpo_state=PENDING_IN_APP
qc_inspection,JIVO_OIL,314,2026-04-02,GE-2026-5295,PM0000422,LABEL 500 MLS EXTRA VIRGIN OLIVE OIL BACK,Label_ev_olive_500_ml,5100.000,PCS,ROYAL PRIME LABELS,hold_hours_slip_to_QA_manager,2.67,hours,ACCEPTED,factory.jivo.in /quality-control/inspections/,VERIFIED,group=PM_PACKAGING; hold_to_chemist_h=2.34; grpo_state=PENDING_IN_APP
qc_inspection,JIVO_OIL,315,2026-04-02,GE-2026-5295,PM0000421,LABEL 500 MLS EXTRA VIRGIN OLIVE OIL FRONT,Label_ev_olive_500_ml,5100.000,PCS,ROYAL PRIME LABELS,hold_hours_slip_to_QA_manager,2.95,hours,ACCEPTED,factory.jivo.in /quality-control/inspections/,VERIFIED,group=PM_PACKAGING; hold_to_chemist_h=2.63; grpo_state=PENDING_IN_APP
qc_inspection,JIVO_OIL,311,2026-04-02,GE-2026-9181,PM0000005,CARTON 1 LTR 12 POUCHES,Carton_1l_x_12_pcs_(pouch),8006.000,PCS,SSY CONTAINERS PVT LTD,hold_hours_slip_to_QA_manager,5.06,hours,ACCEPTED,factory.jivo.in /quality-control/inspections/,VERIFIED,group=PM_PACKAGING; hold_to_chemist_h=4.57; grpo_state=POSTED_VIA_APP
qc_inspection,JIVO_OIL,310,2026-04-01,GE-2026-0790,PM0000469,CAPS 5 LTR BROWN,Cap 5l Brown,3000.000,PCS,RAJ TECHNOPACK PVT LTD,hold_hours_slip_to_QA_manager,21.12,hours,ACCEPTED,factory.jivo.in /quality-control/inspections/,VERIFIED,group=PM_PACKAGING; hold_to_chemist_h=15.72; grpo_state=PENDING_IN_APP
qc_inspection,JIVO_OIL,309,2026-04-01,GE-2026-0790,PM0000053,HDPE BOTTLE 5 LTR,5 Ltr. Jerry Can,3250.000,PCS,RAJ TECHNOPACK PVT LTD,hold_hours_slip_to_QA_manager,21.13,hours,ACCEPTED,factory.jivo.in /quality-control/inspections/,VERIFIED,group=PM_PACKAGING; hold_to_chemist_h=15.7; grpo_state=PENDING_IN_APP
qc_inspection,JIVO_OIL,308,2026-04-01,GE-2026-0790,PM0000468,CAPS 5 LTR GREEN,Cap 5l Brown,950.000,PCS,RAJ TECHNOPACK PVT LTD,hold_hours_slip_to_QA_manager,21.13,hours,ACCEPTED,factory.jivo.in /quality-control/inspections/,VERIFIED,group=PM_PACKAGING; hold_to_chemist_h=15.68; grpo_state=PENDING_IN_APP
qc_inspection,JIVO_OIL,307,2026-04-01,GE-2026-0790,PM0000113,HDPE BOTTLE 3 LTR,3_ltr_jerry_can,700.000,PCS,RAJ TECHNOPACK PVT LTD,hold_hours_slip_to_QA_manager,21.16,hours,ACCEPTED,factory.jivo.in /quality-control/inspections/,VERIFIED,group=PM_PACKAGING; hold_to_chemist_h=15.65; grpo_state=PENDING_IN_APP
qc_inspection,JIVO_OIL,305,2026-04-01,GE-2026-6435,PM0000121,PET BOTTLE 1 LTR 52 GMS POMACE,Pet_bottle_51.50_echo,11340.000,PCS,ECHO PLAST INDIA,hold_hours_slip_to_QA_manager,0.97,hours,ACCEPTED,factory.jivo.in /quality-control/inspections/,VERIFIED,group=PM_PACKAGING; hold_to_chemist_h=0.64; grpo_state=POSTED_VIA_APP
qc_inspection,JIVO_OIL,302,2026-03-31,GE-2026-6619,PM0000468,CAPS 5 LTR GREEN,Cap 5l Brown,3330.000,PCS,ECHO PLAST INDIA,hold_hours_slip_to_QA_manager,17.14,hours,ACCEPTED,factory.jivo.in /quality-control/inspections/,VERIFIED,group=PM_PACKAGING; hold_to_chemist_h=1.2; grpo_state=PENDING_IN_APP
qc_inspection,JIVO_OIL,303,2026-03-31,GE-2026-6619,PM0000053,HDPE BOTTLE 5 LTR,5 Ltr. Jerry Can,3330.000,PCS,ECHO PLAST INDIA,hold_hours_slip_to_QA_manager,17.14,hours,ACCEPTED,factory.jivo.in /quality-control/inspections/,VERIFIED,group=PM_PACKAGING; hold_to_chemist_h=1.22; grpo_state=PENDING_IN_APP
qc_inspection,JIVO_OIL,304,2026-03-31,GE-2026-6619,PM0000121,PET BOTTLE 1 LTR 52 GMS POMACE,1ltr Olive Pet Bottle(51.50gm/o),5040.000,PCS,ECHO PLAST INDIA,hold_hours_slip_to_QA_manager,17.15,hours,ACCEPTED,factory.jivo.in /quality-control/inspections/,VERIFIED,group=PM_PACKAGING; hold_to_chemist_h=1.25; grpo_state=PENDING_IN_APP
qc_inspection,JIVO_OIL,300,2026-03-31,GE-2026-0164,PM0000469,CAPS 5 LTR BROWN,Cap 5l Brown,3750.000,PCS,RAJ TECHNOPACK PVT LTD,hold_hours_slip_to_QA_manager,20.77,hours,ACCEPTED,factory.jivo.in /quality-control/inspections/,VERIFIED,group=PM_PACKAGING; hold_to_chemist_h=2.25; grpo_state=PENDING_IN_APP
qc_inspection,JIVO_OIL,299,2026-03-31,GE-2026-0164,PM0000053,HDPE BOTTLE 5 LTR,5 Ltr. Jerry Can,3750.000,PCS,RAJ TECHNOPACK PVT LTD,hold_hours_slip_to_QA_manager,20.77,hours,ACCEPTED,factory.jivo.in /quality-control/inspections/,VERIFIED,group=PM_PACKAGING; hold_to_chemist_h=2.24; grpo_state=PENDING_IN_APP
qc_inspection,JIVO_OIL,298,2026-03-31,GE-2026-6609,PM0000005,CARTON 1 LTR 12 POUCHES,Carton_1l_x_12_pcs_(pouch),760.000,PCS,SSY CONTAINERS PVT LTD,hold_hours_slip_to_QA_manager,22.01,hours,ACCEPTED,factory.jivo.in /quality-control/inspections/,VERIFIED,group=PM_PACKAGING; hold_to_chemist_h=3.44; grpo_state=PENDING_IN_APP
qc_inspection,JIVO_OIL,297,2026-03-31,GE-2026-6609,PM0000003,CARTON 1 LTR POMACE 16 PCS,Carton1_liter_x_16pcs_(olive-pomace),1755.000,PCS,SSY CONTAINERS PVT LTD,hold_hours_slip_to_QA_manager,22.01,hours,ACCEPTED,factory.jivo.in /quality-control/inspections/,VERIFIED,group=PM_PACKAGING; hold_to_chemist_h=3.41; grpo_state=PENDING_IN_APP
qc_inspection,JIVO_OIL,296,2026-03-31,GE-2026-6609,PM0000632,CARTON 5 LTR TIN OLIVE 4 PCS SANO,Carton_5_liter_x_4_pcs(canola/olive),5800.000,PCS,SSY CONTAINERS PVT LTD,hold_hours_slip_to_QA_manager,22.02,hours,ACCEPTED,factory.jivo.in /quality-control/inspections/,VERIFIED,group=PM_PACKAGING; hold_to_chemist_h=3.38; grpo_state=PENDING_IN_APP
qc_inspection,JIVO_OIL,301,2026-03-30,GE-2026-0571,PM0000672,SHRINK ROLL POF GM,Shrink_roll_17_inch_19_micron,486000.000,GMS,JOY PACK INDIA PVT LTD,hold_hours_slip_to_QA_manager,39.55,hours,ACCEPTED,factory.jivo.in /quality-control/inspections/,VERIFIED,group=PM_PACKAGING; hold_to_chemist_h=21.1; grpo_state=PENDING_IN_APP
qc_inspection,JIVO_OIL,294,2026-03-30,GE-2026-8393,PM0000468,CAPS 5 LTR GREEN,Cap 5l Brown,2280.000,PCS,ECHO PLAST INDIA,hold_hours_slip_to_QA_manager,1.24,hours,ACCEPTED,factory.jivo.in /quality-control/inspections/,VERIFIED,group=PM_PACKAGING; hold_to_chemist_h=1.03; grpo_state=PENDING_IN_APP
qc_inspection,JIVO_OIL,295,2026-03-30,GE-2026-8393,PM0000053,HDPE BOTTLE 5 LTR,5 Ltr. Jerry Can,2280.000,PCS,ECHO PLAST INDIA,hold_hours_slip_to_QA_manager,1.25,hours,ACCEPTED,factory.jivo.in /quality-control/inspections/,VERIFIED,group=PM_PACKAGING; hold_to_chemist_h=1.05; grpo_state=PENDING_IN_APP
qc_inspection,JIVO_OIL,289,2026-03-30,GE-2026-4206,PM0000835,TIN 5 LTR FP YELLOW MUSTARD OIL PRINTED,Printed Tin 5 Ltr,2066.000,PCS,NATIONAL TIN INDUSTRIES,hold_hours_slip_to_QA_manager,1.99,hours,ACCEPTED,factory.jivo.in /quality-control/inspections/,VERIFIED,group=PM_PACKAGING; hold_to_chemist_h=1.78; grpo_state=PENDING_IN_APP
qc_inspection,JIVO_OIL,290,2026-03-30,GE-2026-4206,PM0000395,TIN 5 LTR POMACE OLIVE SANO,Printed Tin 5 Ltr,8256.000,PCS,NATIONAL TIN INDUSTRIES,hold_hours_slip_to_QA_manager,2.0,hours,ACCEPTED,factory.jivo.in /quality-control/inspections/,VERIFIED,group=PM_PACKAGING; hold_to_chemist_h=1.8; grpo_state=PENDING_IN_APP
qc_inspection,JIVO_OIL,286,2026-03-30,GE-2026-6912,PM0000193,TIKKI 1 LTR EXTRA LIGHT FREE,Tikki_free_1l_el,64200.000,PCS,THE LABEL STORE AFOPC8295E,hold_hours_slip_to_QA_manager,2.12,hours,ACCEPTED,factory.jivo.in /quality-control/inspections/,VERIFIED,group=PM_PACKAGING; hold_to_chemist_h=0.06; grpo_state=PENDING_IN_APP
qc_inspection,JIVO_OIL,283,2026-03-30,GE-2026-6201,PM0000231,LABEL 1 LTR SUNFLOWER BACK,Label_cp_canola_1l_front,129000.000,PCS,ROYAL PRIME LABELS,hold_hours_slip_to_QA_manager,2.33,hours,ACCEPTED,factory.jivo.in /quality-control/inspections/,VERIFIED,group=PM_PACKAGING; hold_to_chemist_h=0.16; grpo_state=PENDING_IN_APP
qc_inspection,JIVO_OIL,284,2026-03-30,GE-2026-6201,PM0000230,LABEL 1 LTR SUNFLOWER FRONT,Label_cp_canola_1l_front,102000.000,PCS,ROYAL PRIME LABELS,hold_hours_slip_to_QA_manager,2.33,hours,ACCEPTED,factory.jivo.in /quality-control/inspections/,VERIFIED,group=PM_PACKAGING; hold_to_chemist_h=0.18; grpo_state=PENDING_IN_APP
qc_inspection,JIVO_OIL,285,2026-03-30,GE-2026-6201,PM0000860,LABEL 1 LTR SOYABEAN FULL,1 Ltr Jivo Soyabean(round ) Label,55400.000,PCS,ROYAL PRIME LABELS,hold_hours_slip_to_QA_manager,2.34,hours,ACCEPTED,factory.jivo.in /quality-control/inspections/,VERIFIED,group=PM_PACKAGING; hold_to_chemist_h=0.22; grpo_state=PENDING_IN_APP
qc_inspection,JIVO_OIL,276,2026-03-29,GE-2026-4309,PM0000014,LABEL 1 LTR COLD PRESS BACK 8181,Label_cp_canola_1l_front,107000.000,PCS,ROYAL PRIME LABELS,hold_hours_slip_to_QA_manager,20.97,hours,ACCEPTED,factory.jivo.in /quality-control/inspections/,VERIFIED,group=PM_PACKAGING; hold_to_chemist_h=18.44; grpo_state=PENDING_IN_APP
qc_inspection,JIVO_OIL,277,2026-03-29,GE-2026-4309,PM0000864,LABEL 1 LTR CANOLA FRONT (NIRMAL RISHI),Label_cp_canola_1l_front,107000.000,PCS,ROYAL PRIME LABELS,hold_hours_slip_to_QA_manager,20.97,hours,ACCEPTED,factory.jivo.in /quality-control/inspections/,VERIFIED,group=PM_PACKAGING; hold_to_chemist_h=18.47; grpo_state=PENDING_IN_APP
qc_inspection,JIVO_OIL,278,2026-03-29,GE-2026-4309,PM0000014,LABEL 1 LTR COLD PRESS BACK 8181,Label_cp_canola_1l_front,107000.000,PCS,ROYAL PRIME LABELS,hold_hours_slip_to_QA_manager,20.98,hours,ACCEPTED,factory.jivo.in /quality-control/inspections/,VERIFIED,group=PM_PACKAGING; hold_to_chemist_h=18.5; grpo_state=PENDING_IN_APP
qc_inspection,JIVO_OIL,279,2026-03-29,GE-2026-4309,PM0000015,LABEL 1 LTR COLD PRESS FRONT,Label_cp_canola_1l_front,107000.000,PCS,ROYAL PRIME LABELS,hold_hours_slip_to_QA_manager,20.98,hours,ACCEPTED,factory.jivo.in /quality-control/inspections/,VERIFIED,group=PM_PACKAGING; hold_to_chemist_h=18.52; grpo_state=PENDING_IN_APP
qc_inspection,JIVO_OIL,280,2026-03-29,GE-2026-4309,PM0000288,LABEL 5 LTR SOYABEAN BACK,Cold Press Canola 5 L/ 5 L Soyabean,3600.000,PCS,ROYAL PRIME LABELS,hold_hours_slip_to_QA_manager,20.98,hours,ACCEPTED,factory.jivo.in /quality-control/inspections/,VERIFIED,group=PM_PACKAGING; hold_to_chemist_h=18.61; grpo_state=PENDING_IN_APP
qc_inspection,JIVO_OIL,281,2026-03-29,GE-2026-4309,PM0000289,LABEL 5 LTR SOYABEAN FRONT,Cold Press Canola 5 L/ 5 L Soyabean,3600.000,PCS,ROYAL PRIME LABELS,hold_hours_slip_to_QA_manager,20.99,hours,ACCEPTED,factory.jivo.in /quality-control/inspections/,VERIFIED,group=PM_PACKAGING; hold_to_chemist_h=18.63; grpo_state=PENDING_IN_APP
qc_inspection,JIVO_OIL,292,2026-03-29,GE-2026-5208,PM0000656,GLASS BOTTLE 250 ML,Glass_bottle_250_ml,12000.000,PCS,M M OVERSEAS NEW,hold_hours_slip_to_QA_manager,21.19,hours,ACCEPTED,factory.jivo.in /quality-control/inspections/,VERIFIED,group=PM_PACKAGING; hold_to_chemist_h=21.13; grpo_state=NOT_IN_GRPO_QUEUE
qc_inspection,JIVO_OIL,293,2026-03-29,GE-2026-2158,PM0000468,CAPS 5 LTR GREEN,Cap 5l Brown,4690.000,PCS,RAJ TECHNOPACK PVT LTD,hold_hours_slip_to_QA_manager,27.54,hours,ACCEPTED,factory.jivo.in /quality-control/inspections/,VERIFIED,group=PM_PACKAGING; hold_to_chemist_h=27.3; grpo_state=PENDING_IN_APP
qc_inspection,JIVO_OIL,287,2026-03-29,GE-2026-4926,PM0000228,HDPE BOTTLE 4 LTR,4_ltr_jerry Can,2520.000,PCS,RAJ TECHNOPACK PVT LTD,hold_hours_slip_to_QA_manager,22.61,hours,ACCEPTED,factory.jivo.in /quality-control/inspections/,VERIFIED,group=PM_PACKAGING; hold_to_chemist_h=22.3; grpo_state=PENDING_IN_APP
qc_inspection,JIVO_OIL,288,2026-03-29,GE-2026-4926,PM0000113,HDPE BOTTLE 3 LTR,3_ltr_jerry_can,2170.000,PCS,RAJ TECHNOPACK PVT LTD,hold_hours_slip_to_QA_manager,22.61,hours,ACCEPTED,factory.jivo.in /quality-control/inspections/,VERIFIED,group=PM_PACKAGING; hold_to_chemist_h=22.33; grpo_state=PENDING_IN_APP
qc_inspection,JIVO_OIL,282,2026-03-29,GE-2026-5317,PM0000013,CARTON 5 LTR 4 PCS,Carton_5l_x_4_pcs_canola_(450x257x325),7084.000,PCS,SSY CONTAINERS PVT LTD,hold_hours_slip_to_QA_manager,22.76,hours,ACCEPTED,factory.jivo.in /quality-control/inspections/,VERIFIED,group=PM_PACKAGING; hold_to_chemist_h=20.44; grpo_state=PENDING_IN_APP
qc_inspection,JIVO_OIL,291,2026-03-28,GE-2026-0553,PM0000424,CAP 5 LTR TIN IMPORTANT,Tin_cap_3_l,3000.000,PCS,THE TIN FACTORY,hold_hours_slip_to_QA_manager,43.23,hours,ACCEPTED,factory.jivo.in /quality-control/inspections/,VERIFIED,group=PM_PACKAGING; hold_to_chemist_h=43.04; grpo_state=PENDING_IN_APP
qc_inspection,JIVO_OIL,275,2026-03-28,GE-2026-0561,PM0000053,HDPE BOTTLE 5 LTR,5 Ltr. Jerry Can,3500.000,PCS,RAJ TECHNOPACK PVT LTD,hold_hours_slip_to_QA_manager,43.3,hours,ACCEPTED,factory.jivo.in /quality-control/inspections/,VERIFIED,group=PM_PACKAGING; hold_to_chemist_h=40.7; grpo_state=PENDING_IN_APP
qc_inspection,JIVO_OIL,274,2026-03-28,GE-2026-0561,PM0000468,CAPS 5 LTR GREEN,Cap 5l Brown,3500.000,PCS,RAJ TECHNOPACK PVT LTD,hold_hours_slip_to_QA_manager,43.31,hours,ACCEPTED,factory.jivo.in /quality-control/inspections/,VERIFIED,group=PM_PACKAGING; hold_to_chemist_h=40.68; grpo_state=PENDING_IN_APP
qc_inspection,JIVO_OIL,273,2026-03-28,GE-2026-2681,PM0000121,PET BOTTLE 1 LTR 52 GMS POMACE,1 Ltr Pet Bottle Pomace (52gm) Br,10752.000,PCS,ECHO PLAST INDIA,hold_hours_slip_to_QA_manager,43.74,hours,ACCEPTED,factory.jivo.in /quality-control/inspections/,VERIFIED,group=PM_PACKAGING; hold_to_chemist_h=41.09; grpo_state=PENDING_IN_APP
qc_inspection,JIVO_OIL,272,2026-03-28,GE-2026-2681,PM0000053,HDPE BOTTLE 5 LTR,5 Ltr. Jerry Can,1500.000,PCS,ECHO PLAST INDIA,hold_hours_slip_to_QA_manager,43.75,hours,ACCEPTED,factory.jivo.in /quality-control/inspections/,VERIFIED,group=PM_PACKAGING; hold_to_chemist_h=41.06; grpo_state=PENDING_IN_APP
qc_inspection,JIVO_OIL,271,2026-03-28,GE-2026-2681,PM0000468,CAPS 5 LTR GREEN,Cap 5l Brown,1500.000,PCS,ECHO PLAST INDIA,hold_hours_slip_to_QA_manager,43.69,hours,ACCEPTED,factory.jivo.in /quality-control/inspections/,VERIFIED,group=PM_PACKAGING; hold_to_chemist_h=41.05; grpo_state=PENDING_IN_APP
qc_inspection,JIVO_OIL,269,2026-03-28,GE-2026-5244,PM0000251,PET BOTTLE 2 LTR 80 GMS YELLOW HANDLE,2_l_jivo_clear_bottle_yellow_side_handle(90gm),6930.000,PCS,TPAC PACKAGING INDIA PVT LTD II,hold_hours_slip_to_QA_manager,1.81,hours,ACCEPTED,factory.jivo.in /quality-control/inspections/,VERIFIED,group=PM_PACKAGING; hold_to_chemist_h=1.77; grpo_state=PENDING_IN_APP
qc_inspection,JIVO_OIL,267,2026-03-27,GE-2026-7778,PM0000053,HDPE BOTTLE 5 LTR,5 Ltr. Jerry Can,3750.000,PCS,RAJ TECHNOPACK PVT LTD,hold_hours_slip_to_QA_manager,18.83,hours,ACCEPTED,factory.jivo.in /quality-control/inspections/,VERIFIED,group=PM_PACKAGING; hold_to_chemist_h=18.32; grpo_state=PENDING_IN_APP
qc_inspection,JIVO_OIL,268,2026-03-27,GE-2026-7778,PM0000469,CAPS 5 LTR BROWN,Cap 5l Brown,3750.000,PCS,RAJ TECHNOPACK PVT LTD,hold_hours_slip_to_QA_manager,18.83,hours,ACCEPTED,factory.jivo.in /quality-control/inspections/,VERIFIED,group=PM_PACKAGING; hold_to_chemist_h=18.33; grpo_state=PENDING_IN_APP
qc_inspection,JIVO_OIL,265,2026-03-27,GE-2026-9863,PM0000003,CARTON 1 LTR POMACE 16 PCS,Carton1_liter_x_16pcs_(olive-pomace),7865.000,PCS,KUBER PAPER & PACK PRIVATE LIMITED AAJCK3867H0,hold_hours_slip_to_QA_manager,20.23,hours,ACCEPTED,factory.jivo.in /quality-control/inspections/,VERIFIED,group=PM_PACKAGING; hold_to_chemist_h=1.1; grpo_state=PENDING_IN_APP
qc_inspection,JIVO_OIL,266,2026-03-27,GE-2026-9863,PM0000013,CARTON 5 LTR 4 PCS,Carton_5l_x_4_pcs_canola_(450x257x325),910.000,PCS,KUBER PAPER & PACK PRIVATE LIMITED AAJCK3867H0,hold_hours_slip_to_QA_manager,20.24,hours,ACCEPTED,factory.jivo.in /quality-control/inspections/,VERIFIED,group=PM_PACKAGING; hold_to_chemist_h=19.69; grpo_state=PENDING_IN_APP
qc_inspection,JIVO_OIL,262,2026-03-27,GE-2026-3325,PM0000195,PET BOTTLE 1 LTR 52 GMS GREEN,1 Ltr Pet Bottle Pomace (52gm) Br,21840.000,PCS,BR AGROTECH LTD,hold_hours_slip_to_QA_manager,21.9,hours,ACCEPTED,factory.jivo.in /quality-control/inspections/,VERIFIED,group=PM_PACKAGING; hold_to_chemist_h=1.23; grpo_state=POSTED_VIA_APP
qc_inspection,JIVO_OIL,263,2026-03-27,GE-2026-6328,PM0000080,TIN 5 LTR POMACE OLIVE PRINTED,Printed Tin 5 Ltr,4851.000,PCS,NATIONAL TIN INDUSTRIES,hold_hours_slip_to_QA_manager,22.9,hours,ACCEPTED,factory.jivo.in /quality-control/inspections/,VERIFIED,group=PM_PACKAGING; hold_to_chemist_h=2.83; grpo_state=PENDING_IN_APP
qc_inspection,JIVO_OIL,264,2026-03-27,GE-2026-6328,PM0000080,TIN 5 LTR POMACE OLIVE PRINTED,Printed Tin 5 Ltr,7113.000,PCS,NATIONAL TIN INDUSTRIES,hold_hours_slip_to_QA_manager,22.91,hours,ACCEPTED,factory.jivo.in /quality-control/inspections/,VERIFIED,group=PM_PACKAGING; hold_to_chemist_h=2.88; grpo_state=PENDING_IN_APP
qc_inspection,JIVO_OIL,251,2026-03-26,GE-2026-1113,PM0000045,LABEL 5 LTR COLD PRESS BACK 365,Cold Press Canola 5 L/ 5 L Soyabean,50600.000,PCS,ZENBI INTERNATIONAL PRIVATE LIMITED,hold_hours_slip_to_QA_manager,,hours,REJECTED,factory.jivo.in /quality-control/inspections/,VERIFIED,group=PM_PACKAGING; hold_to_chemist_h=2.02; grpo_state=NOT_IN_GRPO_QUEUE
qc_inspection,JIVO_OIL,252,2026-03-26,GE-2026-1113,PM0000863,LABEL 5 LTR CANOLA FRONT (NIRMAL RISHI),Cold Press Canola 5 L/ 5 L Soyabean,50600.000,PCS,ZENBI INTERNATIONAL PRIVATE LIMITED,hold_hours_slip_to_QA_manager,,hours,REJECTED,factory.jivo.in /quality-control/inspections/,VERIFIED,group=PM_PACKAGING; hold_to_chemist_h=2.05; grpo_state=NOT_IN_GRPO_QUEUE
qc_inspection,JIVO_OIL,253,2026-03-26,GE-2026-3814,PM0000014,LABEL 1 LTR COLD PRESS BACK 8181,Label_cp_canola_1l_front,51400.000,PCS,ZENBI INTERNATIONAL PRIVATE LIMITED,hold_hours_slip_to_QA_manager,,hours,REJECTED,factory.jivo.in /quality-control/inspections/,VERIFIED,group=PM_PACKAGING; hold_to_chemist_h=2.38; grpo_state=POSTED_VIA_APP
qc_inspection,JIVO_OIL,254,2026-03-26,GE-2026-3814,PM0000864,LABEL 1 LTR CANOLA FRONT (NIRMAL RISHI),Label_cp_canola_1l_front,51400.000,PCS,ZENBI INTERNATIONAL PRIVATE LIMITED,hold_hours_slip_to_QA_manager,,hours,REJECTED,factory.jivo.in /quality-control/inspections/,VERIFIED,group=PM_PACKAGING; hold_to_chemist_h=2.41; grpo_state=POSTED_VIA_APP
qc_inspection,JIVO_OIL,255,2026-03-26,GE-2026-3814,PM0000824,LABEL 1 LTR KACHI GHANI FULL,Label_jivo_mustard_kg_full (1l Round),99000.000,PCS,ZENBI INTERNATIONAL PRIVATE LIMITED,hold_hours_slip_to_QA_manager,2.57,hours,ACCEPTED,factory.jivo.in /quality-control/inspections/,VERIFIED,group=PM_PACKAGING; hold_to_chemist_h=2.43; grpo_state=POSTED_VIA_APP
qc_inspection,JIVO_OIL,259,2026-03-26,GE-2026-3814,PM0000017,LABEL 1 LTR EXTRA LIGHT BACK,Label_extra_light_olive_1_l_,64200.000,PCS,ZENBI INTERNATIONAL PRIVATE LIMITED,hold_hours_slip_to_QA_manager,2.88,hours,ACCEPTED,factory.jivo.in /quality-control/inspections/,VERIFIED,group=PM_PACKAGING; hold_to_chemist_h=2.86; grpo_state=POSTED_VIA_APP
qc_inspection,JIVO_OIL,260,2026-03-26,GE-2026-3814,PM0000018,LABEL 1 LTR EXTRA LIGHT FRONT,Label_extra_light_olive_1_l_,64200.000,PCS,ZENBI INTERNATIONAL PRIVATE LIMITED,hold_hours_slip_to_QA_manager,2.89,hours,ACCEPTED,factory.jivo.in /quality-control/inspections/,VERIFIED,group=PM_PACKAGING; hold_to_chemist_h=2.88; grpo_state=POSTED_VIA_APP
qc_inspection,JIVO_OIL,256,2026-03-26,GE-2026-3814,PM0000860,LABEL 1 LTR SOYABEAN FULL,1 Ltr Jivo Soyabean(round ) Label,52350.000,PCS,ZENBI INTERNATIONAL PRIVATE LIMITED,hold_hours_slip_to_QA_manager,,hours,REJECTED,factory.jivo.in /quality-control/inspections/,VERIFIED,group=PM_PACKAGING; hold_to_chemist_h=2.47; grpo_state=POSTED_VIA_APP
qc_inspection,JIVO_OIL,258,2026-03-26,GE-2026-1491,PM0000013,CARTON 5 LTR 4 PCS,Carton_5l_x_4_pcs_canola_(450x257x325),570.000,PCS,KUBER PAPER & PACK PRIVATE LIMITED AAJCK3867H0,hold_hours_slip_to_QA_manager,4.59,hours,ACCEPTED,factory.jivo.in /quality-control/inspections/,VERIFIED,group=PM_PACKAGING; hold_to_chemist_h=4.42; grpo_state=PENDING_IN_APP
qc_inspection,JIVO_OIL,261,2026-03-26,GE-2026-1491,PM0000254,CARTON 2 LTR 10 PCS HANDLE BOTTLE,Carton_2x10_pcs_handle,4994.000,PCS,KUBER PAPER & PACK PRIVATE LIMITED AAJCK3867H0,hold_hours_slip_to_QA_manager,4.6,hours,ACCEPTED,factory.jivo.in /quality-control/inspections/,VERIFIED,group=PM_PACKAGING; hold_to_chemist_h=4.6; grpo_state=PENDING_IN_APP
qc_inspection,JIVO_OIL,250,2026-03-26,GE-2026-7556,PM0000053,HDPE BOTTLE 5 LTR,5 Ltr. Jerry Can,3750.000,PCS,RAJ TECHNOPACK PVT LTD,hold_hours_slip_to_QA_manager,4.46,hours,ACCEPTED,factory.jivo.in /quality-control/inspections/,VERIFIED,group=PM_PACKAGING; hold_to_chemist_h=4.04; grpo_state=PENDING_IN_APP
qc_inspection,JIVO_OIL,249,2026-03-26,GE-2026-7556,PM0000469,CAPS 5 LTR BROWN,Cap 5l Brown,3750.000,PCS,RAJ TECHNOPACK PVT LTD,hold_hours_slip_to_QA_manager,4.47,hours,ACCEPTED,factory.jivo.in /quality-control/inspections/,VERIFIED,group=PM_PACKAGING; hold_to_chemist_h=4.02; grpo_state=PENDING_IN_APP
qc_inspection,JIVO_OIL,257,2026-03-26,GE-2026-1216,PM0000057,PET BOTTLE 2 LTR 66 GMS,_2_ltr_90gm__and_cap_yellow_handle,9850.000,PCS,TPAC PACKAGING INDIA PVT LTD II,hold_hours_slip_to_QA_manager,7.31,hours,ACCEPTED,factory.jivo.in /quality-control/inspections/,VERIFIED,group=PM_PACKAGING; hold_to_chemist_h=7.1; grpo_state=POSTED_VIA_APP
qc_inspection,JIVO_OIL,248,2026-03-26,GE-2026-1216,PM0000251,PET BOTTLE 2 LTR 80 GMS YELLOW HANDLE,2_l_jivo_clear_bottle_yellow_side_handle(90gm),8568.000,PCS,TPAC PACKAGING INDIA PVT LTD II,hold_hours_slip_to_QA_manager,7.05,hours,ACCEPTED,factory.jivo.in /quality-control/inspections/,VERIFIED,group=PM_PACKAGING; hold_to_chemist_h=1.96; grpo_state=POSTED_VIA_APP
qc_inspection,JIVO_OIL,247,2026-03-26,GE-2026-7651,PM0000825,CARTON 1 LTR 20 PCS NEW,1 Lt X 20 Pcs N,2500.000,PCS,SSY CONTAINERS PVT LTD,hold_hours_slip_to_QA_manager,7.55,hours,ACCEPTED,factory.jivo.in /quality-control/inspections/,VERIFIED,group=PM_PACKAGING; hold_to_chemist_h=2.42; grpo_state=POSTED_VIA_APP
qc_inspection,JIVO_OIL,246,2026-03-26,GE-2026-1323,PM0000825,CARTON 1 LTR 20 PCS NEW,1 Lt X 20 Pcs N,4460.000,PCS,SSY CONTAINERS PVT LTD,hold_hours_slip_to_QA_manager,7.63,hours,ACCEPTED,factory.jivo.in /quality-control/inspections/,VERIFIED,group=PM_PACKAGING; hold_to_chemist_h=2.43; grpo_state=PENDING_IN_APP
qc_inspection,JIVO_OIL,240,2026-03-25,GE-2026-5567,PM0000003,CARTON 1 LTR POMACE 16 PCS,Carton1_liter_x_16pcs_(olive-pomace),2565.000,PCS,SSY CONTAINERS PVT LTD,hold_hours_slip_to_QA_manager,28.74,hours,ACCEPTED,factory.jivo.in /quality-control/inspections/,VERIFIED,group=PM_PACKAGING; hold_to_chemist_h=0.08; grpo_state=PENDING_IN_APP
qc_inspection,JIVO_OIL,241,2026-03-25,GE-2026-5567,PM0000006,CARTON 1 LTR 20 PCS PET 40 GM,1 Liter X 20 Pcs (o),2795.000,PCS,SSY CONTAINERS PVT LTD,hold_hours_slip_to_QA_manager,28.74,hours,ACCEPTED,factory.jivo.in /quality-control/inspections/,VERIFIED,group=PM_PACKAGING; hold_to_chemist_h=0.12; grpo_state=PENDING_IN_APP
qc_inspection,JIVO_OIL,242,2026-03-25,GE-2026-5567,PM0000411,CARTON 1 LTR 20 PCS PET 26GM,Carton_1l_x_20_pcs_26_gm,2760.000,PCS,SSY CONTAINERS PVT LTD,hold_hours_slip_to_QA_manager,28.75,hours,ACCEPTED,factory.jivo.in /quality-control/inspections/,VERIFIED,group=PM_PACKAGING; hold_to_chemist_h=0.15; grpo_state=PENDING_IN_APP
qc_inspection,JIVO_OIL,243,2026-03-25,GE-2026-9646,PM0000470,CAPS 5 LTR ORANGE,Cap 5l Brown,3750.000,PCS,RAJ TECHNOPACK PVT LTD,hold_hours_slip_to_QA_manager,28.84,hours,ACCEPTED,factory.jivo.in /quality-control/inspections/,VERIFIED,group=PM_PACKAGING; hold_to_chemist_h=0.26; grpo_state=PENDING_IN_APP
qc_inspection,JIVO_OIL,244,2026-03-25,GE-2026-9646,PM0000053,HDPE BOTTLE 5 LTR,5 Ltr. Jerry Can,3750.000,PCS,RAJ TECHNOPACK PVT LTD,hold_hours_slip_to_QA_manager,28.82,hours,ACCEPTED,factory.jivo.in /quality-control/inspections/,VERIFIED,group=PM_PACKAGING; hold_to_chemist_h=0.28; grpo_state=PENDING_IN_APP
qc_inspection,JIVO_OIL,245,2026-03-25,GE-2026-6662,PM0000251,PET BOTTLE 2 LTR 80 GMS YELLOW HANDLE,2_l_jivo_clear_bottle_yellow_side_handle(90gm),7980.000,PCS,TPAC PACKAGING INDIA PVT LTD II,hold_hours_slip_to_QA_manager,31.02,hours,ACCEPTED,factory.jivo.in /quality-control/inspections/,VERIFIED,group=PM_PACKAGING; hold_to_chemist_h=6.45; grpo_state=PENDING_IN_APP
qc_inspection,JIVO_OIL,239,2026-03-24,GE-2026-7376,SF0000006,CHAI 250 GMS 40 PCS,Tea_250_gm_pack_jivo,41960.000,PCS,EASTERN ENTERPRISE (ASSAM),hold_hours_slip_to_QA_manager,47.32,hours,ACCEPTED,factory.jivo.in /quality-control/inspections/,VERIFIED,group=OTHER; hold_to_chemist_h=18.69; grpo_state=PENDING_IN_APP
qc_inspection,JIVO_OIL,235,2026-03-24,GE-2026-6200,PM0000470,CAPS 5 LTR ORANGE,Cap 5l Brown,3750.000,PCS,RAJ TECHNOPACK PVT LTD,hold_hours_slip_to_QA_manager,1.03,hours,ACCEPTED,factory.jivo.in /quality-control/inspections/,VERIFIED,group=PM_PACKAGING; hold_to_chemist_h=0.77; grpo_state=PENDING_IN_APP
qc_inspection,JIVO_OIL,236,2026-03-24,GE-2026-6200,PM0000053,HDPE BOTTLE 5 LTR,5 Ltr. Jerry Can,3750.000,PCS,RAJ TECHNOPACK PVT LTD,hold_hours_slip_to_QA_manager,1.04,hours,ACCEPTED,factory.jivo.in /quality-control/inspections/,VERIFIED,group=PM_PACKAGING; hold_to_chemist_h=0.78; grpo_state=PENDING_IN_APP
qc_inspection,JIVO_OIL,237,2026-03-24,GE-2026-9857,PM0000121,PET BOTTLE 1 LTR 52 GMS POMACE,Pet_bottle_51.50_echo,4200.000,PCS,ECHO PLAST INDIA,hold_hours_slip_to_QA_manager,1.28,hours,ACCEPTED,factory.jivo.in /quality-control/inspections/,VERIFIED,group=PM_PACKAGING; hold_to_chemist_h=1.17; grpo_state=POSTED_VIA_APP
qc_inspection,JIVO_OIL,234,2026-03-24,GE-2026-9857,PM0000053,HDPE BOTTLE 5 LTR,5 Ltr. Jerry Can,2250.000,PCS,ECHO PLAST INDIA,hold_hours_slip_to_QA_manager,1.27,hours,ACCEPTED,factory.jivo.in /quality-control/inspections/,VERIFIED,group=PM_PACKAGING; hold_to_chemist_h=0.97; grpo_state=POSTED_VIA_APP
qc_inspection,JIVO_OIL,233,2026-03-24,GE-2026-9857,PM0000468,CAPS 5 LTR GREEN,Cap 5l Brown,2250.000,PCS,ECHO PLAST INDIA,hold_hours_slip_to_QA_manager,1.26,hours,ACCEPTED,factory.jivo.in /quality-control/inspections/,VERIFIED,group=PM_PACKAGING; hold_to_chemist_h=0.93; grpo_state=POSTED_VIA_APP
qc_inspection,JIVO_OIL,229,2026-03-24,GE-2026-0150,PM0000013,CARTON 5 LTR 4 PCS,Carton_5l_x_4_pcs_canola_(450x257x325),1500.000,PCS,KUBER PAPER & PACK PRIVATE LIMITED AAJCK3867H0,hold_hours_slip_to_QA_manager,2.19,hours,ACCEPTED,factory.jivo.in /quality-control/inspections/,VERIFIED,group=PM_PACKAGING; hold_to_chemist_h=2.02; grpo_state=POSTED_VIA_APP
qc_inspection,JIVO_OIL,226,2026-03-23,GE-2026-8983,PM0000868,LABEL 15 LTR SANO POMACE,Sano_pomace_olive_15_l,1004.000,PCS,MEDIA GRAPHIC PRINTS VEND,hold_hours_slip_to_QA_manager,18.01,hours,ACCEPTED,factory.jivo.in /quality-control/inspections/,VERIFIED,group=PM_PACKAGING; hold_to_chemist_h=17.83; grpo_state=PENDING_IN_APP
qc_inspection,JIVO_OIL,224,2026-03-23,GE-2026-8863,PM0000489,LABEL 1 LTR RICE BRAN & OLIVE OIL BACK B.B,Bb_royal_rice_bran_1_l,6500.000,PCS,ROYAL PRIME LABELS,hold_hours_slip_to_QA_manager,18.38,hours,ACCEPTED,factory.jivo.in /quality-control/inspections/,VERIFIED,group=PM_PACKAGING; hold_to_chemist_h=17.85; grpo_state=PENDING_IN_APP
qc_inspection,JIVO_OIL,223,2026-03-23,GE-2026-8863,PM0000488,LABEL 1 LTR RICE BRAN & OLIVE OIL FRONT B.B,Bb_royal_rice_bran_1_l,6500.000,PCS,ROYAL PRIME LABELS,hold_hours_slip_to_QA_manager,18.38,hours,ACCEPTED,factory.jivo.in /quality-control/inspections/,VERIFIED,group=PM_PACKAGING; hold_to_chemist_h=17.84; grpo_state=PENDING_IN_APP
qc_inspection,JIVO_OIL,216,2026-03-23,GE-2026-8863,PM0000047,LABEL 5 LTR KACHCHI GHANI BACK,Cp_kachi_ghani_5_ltr,33000.000,PCS,ROYAL PRIME LABELS,hold_hours_slip_to_QA_manager,17.54,hours,ACCEPTED,factory.jivo.in /quality-control/inspections/,VERIFIED,group=PM_PACKAGING; hold_to_chemist_h=17.54; grpo_state=PENDING_IN_APP
qc_inspection,JIVO_OIL,221,2026-03-23,GE-2026-8863,PM0000048,LABEL 5 LTR KACHCHI GHANI FRONT,Cp_kachi_ghani_5_ltr,33000.000,PCS,ROYAL PRIME LABELS,hold_hours_slip_to_QA_manager,18.39,hours,ACCEPTED,factory.jivo.in /quality-control/inspections/,VERIFIED,group=PM_PACKAGING; hold_to_chemist_h=17.79; grpo_state=PENDING_IN_APP
qc_inspection,JIVO_OIL,218,2026-03-23,GE-2026-8863,PM0000233,LABEL 5 LTR SUNFLOWER FRONT,C.p_sunflower 5 L,33000.000,PCS,ROYAL PRIME LABELS,hold_hours_slip_to_QA_manager,18.39,hours,ACCEPTED,factory.jivo.in /quality-control/inspections/,VERIFIED,group=PM_PACKAGING; hold_to_chemist_h=17.74; grpo_state=PENDING_IN_APP
qc_inspection,JIVO_OIL,222,2026-03-23,GE-2026-8863,PM0000232,LABEL 5 LTR SUNFLOWER BACK,C.p_sunflower 5 L,33000.000,PCS,ROYAL PRIME LABELS,hold_hours_slip_to_QA_manager,18.4,hours,ACCEPTED,factory.jivo.in /quality-control/inspections/,VERIFIED,group=PM_PACKAGING; hold_to_chemist_h=17.8; grpo_state=PENDING_IN_APP
qc_inspection,JIVO_OIL,220,2026-03-23,GE-2026-8863,PM0000159,LABEL 1 LTR EXTRA VIRGIN BACK,Label Ev Olive Oil 1l Front,32000.000,PCS,ROYAL PRIME LABELS,hold_hours_slip_to_QA_manager,18.4,hours,ACCEPTED,factory.jivo.in /quality-control/inspections/,VERIFIED,group=PM_PACKAGING; hold_to_chemist_h=17.78; grpo_state=PENDING_IN_APP
qc_inspection,JIVO_OIL,219,2026-03-23,GE-2026-8863,PM0000158,LABEL 1 LTR EXTRA VIRGIN FRONT,Label Ev Olive Oil 1l Front,32000.000,PCS,ROYAL PRIME LABELS,hold_hours_slip_to_QA_manager,18.41,hours,ACCEPTED,factory.jivo.in /quality-control/inspections/,VERIFIED,group=PM_PACKAGING; hold_to_chemist_h=17.76; grpo_state=PENDING_IN_APP
qc_inspection,JIVO_OIL,214,2026-03-23,GE-2026-8266,PM0000014,LABEL 1 LTR COLD PRESS BACK 8181,Label_cp_canola_1l_front,53500.000,PCS,ROYAL PRIME LABELS,hold_hours_slip_to_QA_manager,18.1,hours,ACCEPTED,factory.jivo.in /quality-control/inspections/,VERIFIED,group=PM_PACKAGING; hold_to_chemist_h=17.97; grpo_state=PENDING_IN_APP
qc_inspection,JIVO_OIL,212,2026-03-23,GE-2026-8266,PM0000864,LABEL 1 LTR CANOLA FRONT (NIRMAL RISHI),Cold Press Canola 5 L/ 5 L Soyabean,53500.000,PCS,ROYAL PRIME LABELS,hold_hours_slip_to_QA_manager,18.1,hours,ACCEPTED,factory.jivo.in /quality-control/inspections/,VERIFIED,group=PM_PACKAGING; hold_to_chemist_h=17.91; grpo_state=PENDING_IN_APP
qc_inspection,JIVO_OIL,213,2026-03-23,GE-2026-8266,PM0000863,LABEL 5 LTR CANOLA FRONT (NIRMAL RISHI),Cold Press Canola 5 L/ 5 L Soyabean,22500.000,PCS,ROYAL PRIME LABELS,hold_hours_slip_to_QA_manager,18.1,hours,ACCEPTED,factory.jivo.in /quality-control/inspections/,VERIFIED,group=PM_PACKAGING; hold_to_chemist_h=17.93; grpo_state=PENDING_IN_APP
qc_inspection,JIVO_OIL,225,2026-03-23,GE-2026-5356,PM0000121,PET BOTTLE 1 LTR 52 GMS POMACE,1ltr Olive Pet Bottle(51.50gm/o),11256.000,PCS,ECHO PLAST INDIA,hold_hours_slip_to_QA_manager,19.35,hours,ACCEPTED,factory.jivo.in /quality-control/inspections/,VERIFIED,group=PM_PACKAGING; hold_to_chemist_h=18.87; grpo_state=PENDING_IN_APP
qc_inspection,JIVO_OIL,211,2026-03-23,GE-2026-5356,PM0000468,CAPS 5 LTR GREEN,Cap 5l Brown,1500.000,PCS,ECHO PLAST INDIA,hold_hours_slip_to_QA_manager,18.33,hours,ACCEPTED,factory.jivo.in /quality-control/inspections/,VERIFIED,group=PM_PACKAGING; hold_to_chemist_h=17.52; grpo_state=PENDING_IN_APP
qc_inspection,JIVO_OIL,217,2026-03-23,GE-2026-5356,PM0000053,HDPE BOTTLE 5 LTR,5 Ltr. Jerry Can,1500.000,PCS,ECHO PLAST INDIA,hold_hours_slip_to_QA_manager,19.35,hours,ACCEPTED,factory.jivo.in /quality-control/inspections/,VERIFIED,group=PM_PACKAGING; hold_to_chemist_h=18.67; grpo_state=PENDING_IN_APP
qc_inspection,JIVO_OIL,215,2026-03-23,GE-2026-5356,PM0000056,PET BOTTLE 100 MLS BOTTLES,100 Ml. Oil Bottle,4220.000,PCS,ECHO PLAST INDIA,hold_hours_slip_to_QA_manager,18.33,hours,ACCEPTED,factory.jivo.in /quality-control/inspections/,VERIFIED,group=PM_PACKAGING; hold_to_chemist_h=18.28; grpo_state=PENDING_IN_APP
qc_inspection,JIVO_OIL,464,2026-03-23,GE-2026-9340,PM0000852,PREFORM 49.5 GMS 36 MM,Pet Preform 50 Gm,117000.000,PCS,FRYSTAL PET PRIVATE LIMITED,hold_hours_slip_to_QA_manager,745.86,hours,ACCEPTED,factory.jivo.in /quality-control/inspections/,VERIFIED,group=PM_PACKAGING; hold_to_chemist_h=745.84; grpo_state=PENDING_IN_APP
qc_inspection,JIVO_OIL,209,2026-03-23,GE-2026-9340,PM0000594,PREFORM 40 GMS 36 MM,Pet Preform 40gm New Frystal,42000.000,PCS,FRYSTAL PET PRIVATE LIMITED,hold_hours_slip_to_QA_manager,6.61,hours,ACCEPTED,factory.jivo.in /quality-control/inspections/,VERIFIED,group=PM_PACKAGING; hold_to_chemist_h=6.43; grpo_state=PENDING_IN_APP
qc_inspection,JIVO_OIL,210,2026-03-21,GE-2026-6714,PM0000825,CARTON 1 LTR 20 PCS NEW,1 Lt X 20 Pcs N,2457.000,PCS,SSY CONTAINERS PVT LTD,hold_hours_slip_to_QA_manager,67.39,hours,ACCEPTED,factory.jivo.in /quality-control/inspections/,VERIFIED,group=PM_PACKAGING; hold_to_chemist_h=48.64; grpo_state=NOT_IN_GRPO_QUEUE
qc_inspection,JIVO_OIL,230,2026-03-21,GE-2026-0148,PM0000658,CARTON 250 MLS GLASS BOTTLE 4 PCS,Carton_250x_24_pcs,1000.000,PCS,CVS PACKAGING PRIVATE LIMITED,hold_hours_slip_to_QA_manager,68.76,hours,ACCEPTED,factory.jivo.in /quality-control/inspections/,VERIFIED,group=PM_PACKAGING; hold_to_chemist_h=68.57; grpo_state=PENDING_IN_APP
qc_inspection,JIVO_OIL,208,2026-03-21,GE-2026-2428,PM0000077,TIN 5 LTR EXTRA LIGHT OLIVE PRINTED,Printed Tin 5 Ltr,9426.000,PCS,NATIONAL TIN INDUSTRIES,hold_hours_slip_to_QA_manager,69.49,hours,ACCEPTED,factory.jivo.in /quality-control/inspections/,VERIFIED,group=PM_PACKAGING; hold_to_chemist_h=69.47; grpo_state=PENDING_IN_APP
qc_inspection,JIVO_OIL,207,2026-03-21,GE-2026-2779,PM0000006,CARTON 1 LTR 20 PCS PET 40 GM,1 Liter X 20 Pcs (o),2120.000,PCS,SSY CONTAINERS PVT LTD,hold_hours_slip_to_QA_manager,1.57,hours,ACCEPTED,factory.jivo.in /quality-control/inspections/,VERIFIED,group=PM_PACKAGING; hold_to_chemist_h=1.55; grpo_state=PENDING_IN_APP
qc_inspection,JIVO_OIL,206,2026-03-21,GE-2026-2779,PM0000005,CARTON 1 LTR 12 POUCHES,Carton_1l_x_12_pcs_(pouch),3300.000,PCS,SSY CONTAINERS PVT LTD,hold_hours_slip_to_QA_manager,1.58,hours,ACCEPTED,factory.jivo.in /quality-control/inspections/,VERIFIED,group=PM_PACKAGING; hold_to_chemist_h=1.51; grpo_state=PENDING_IN_APP
qc_inspection,JIVO_OIL,205,2026-03-21,GE-2026-2779,PM0000411,CARTON 1 LTR 20 PCS PET 26GM,Carton_1l_x_20_pcs_26_gm,600.000,PCS,SSY CONTAINERS PVT LTD,hold_hours_slip_to_QA_manager,1.58,hours,ACCEPTED,factory.jivo.in /quality-control/inspections/,VERIFIED,group=PM_PACKAGING; hold_to_chemist_h=1.48; grpo_state=PENDING_IN_APP
qc_inspection,JIVO_OIL,231,2026-03-20,GE-2026-9106,PM0000853,POUCH 250 GM JIVO PREMIUM TEA,Tea_250_gm_pack_jivo,650.000,PCS,M.M INDUSTRIES,hold_hours_slip_to_QA_manager,91.75,hours,ACCEPTED,factory.jivo.in /quality-control/inspections/,VERIFIED,group=PM_PACKAGING; hold_to_chemist_h=91.67; grpo_state=PENDING_IN_APP
qc_inspection,JIVO_OIL,232,2026-03-20,GE-2026-8018,PM0000853,POUCH 250 GM JIVO PREMIUM TEA,Tea_250_gm_pack_jivo,124.230,PCS,M.M INDUSTRIES,hold_hours_slip_to_QA_manager,91.79,hours,ACCEPTED,factory.jivo.in /quality-control/inspections/,VERIFIED,group=PM_PACKAGING; hold_to_chemist_h=91.72; grpo_state=PENDING_IN_APP
qc_inspection,JIVO_OIL,204,2026-03-19,GE-2026-2229,PM0000824,LABEL 1 LTR KACHI GHANI FULL,Label_jivo_mustard_kg_full (1l Round),88000.000,PCS,ZENBI INTERNATIONAL PRIVATE LIMITED,hold_hours_slip_to_QA_manager,43.85,hours,ACCEPTED,factory.jivo.in /quality-control/inspections/,VERIFIED,group=PM_PACKAGING; hold_to_chemist_h=0.12; grpo_state=PENDING_IN_APP
qc_inspection,JIVO_OIL,198,2026-03-18,GE-2026-2268,PM0000824,LABEL 1 LTR KACHI GHANI FULL,Label_jivo_mustard_kg_full (1l Round),16000.000,PCS,ZENBI INTERNATIONAL PRIVATE LIMITED,hold_hours_slip_to_QA_manager,17.22,hours,ACCEPTED,factory.jivo.in /quality-control/inspections/,VERIFIED,group=PM_PACKAGING; hold_to_chemist_h=16.68; grpo_state=POSTED_VIA_APP
qc_inspection,JIVO_OIL,197,2026-03-18,GE-2026-1273,PM0000006,CARTON 1 LTR 20 PCS PET 40 GM,1 Liter X 20 Pcs (o),4064.000,PCS,KUBER PAPER & PACK PRIVATE LIMITED AAJCK3867H0,hold_hours_slip_to_QA_manager,19.96,hours,ACCEPTED,factory.jivo.in /quality-control/inspections/,VERIFIED,group=PM_PACKAGING; hold_to_chemist_h=19.27; grpo_state=PENDING_IN_APP
qc_inspection,JIVO_OIL,195,2026-03-17,GE-2026-1675,PM0000411,CARTON 1 LTR 20 PCS PET 26GM,Carton_1l_x_20_pcs_26_gm,1230.000,PCS,SSY CONTAINERS PVT LTD,hold_hours_slip_to_QA_manager,16.3,hours,ACCEPTED,factory.jivo.in /quality-control/inspections/,VERIFIED,group=PM_PACKAGING; hold_to_chemist_h=16.24; grpo_state=PENDING_IN_APP
qc_inspection,JIVO_OIL,196,2026-03-17,GE-2026-1675,PM0000005,CARTON 1 LTR 12 POUCHES,Carton_1l_x_12_pcs_(pouch),5538.000,PCS,SSY CONTAINERS PVT LTD,hold_hours_slip_to_QA_manager,16.3,hours,ACCEPTED,factory.jivo.in /quality-control/inspections/,VERIFIED,group=PM_PACKAGING; hold_to_chemist_h=16.28; grpo_state=PENDING_IN_APP
qc_inspection,JIVO_OIL,193,2026-03-16,GE-2026-0675,PM0000008,CARTON 15 LTR 1 PCS,Carton_15l_x_1_pcs_canola,1365.000,PCS,CVS PACKAGING PRIVATE LIMITED,hold_hours_slip_to_QA_manager,18.07,hours,ACCEPTED,factory.jivo.in /quality-control/inspections/,VERIFIED,group=PM_PACKAGING; hold_to_chemist_h=18.01; grpo_state=POSTED_VIA_APP
qc_inspection,JIVO_OIL,194,2026-03-16,GE-2026-2995,PM0000008,CARTON 15 LTR 1 PCS,Carton_15l_x_1_pcs_canola,1750.000,PCS,CVS PACKAGING PRIVATE LIMITED,hold_hours_slip_to_QA_manager,18.85,hours,ACCEPTED,factory.jivo.in /quality-control/inspections/,VERIFIED,group=PM_PACKAGING; hold_to_chemist_h=18.82; grpo_state=POSTED_VIA_APP
qc_inspection,JIVO_OIL,188,2026-03-16,GE-2026-9566,PM0000852,PREFORM 49.5 GMS 36 MM,Pet Preform 50 Gm,18000.000,PCS,FRYSTAL PET PRIVATE LIMITED,hold_hours_slip_to_QA_manager,22.34,hours,ACCEPTED,factory.jivo.in /quality-control/inspections/,VERIFIED,group=PM_PACKAGING; hold_to_chemist_h=0.47; grpo_state=POSTED_VIA_APP
qc_inspection,JIVO_OIL,189,2026-03-16,GE-2026-9566,PM0000594,PREFORM 40 GMS 36 MM,Pet Preform 40gm New Frystal,12000.000,PCS,FRYSTAL PET PRIVATE LIMITED,hold_hours_slip_to_QA_manager,22.34,hours,ACCEPTED,factory.jivo.in /quality-control/inspections/,VERIFIED,group=PM_PACKAGING; hold_to_chemist_h=0.53; grpo_state=POSTED_VIA_APP
qc_inspection,JIVO_OIL,190,2026-03-16,GE-2026-9566,PM0000817,PREFORM 21/23 GMS,Pet_preform_21_gm,308736.000,PCS,FRYSTAL PET PRIVATE LIMITED,hold_hours_slip_to_QA_manager,22.35,hours,ACCEPTED,factory.jivo.in /quality-control/inspections/,VERIFIED,group=PM_PACKAGING; hold_to_chemist_h=0.57; grpo_state=POSTED_VIA_APP
qc_inspection,JIVO_OIL,187,2026-03-16,GE-2026-9590,PM0000852,PREFORM 49.5 GMS 36 MM,Pet Preform 50 Gm,78000.000,PCS,FRYSTAL PET PRIVATE LIMITED,hold_hours_slip_to_QA_manager,22.99,hours,ACCEPTED,factory.jivo.in /quality-control/inspections/,VERIFIED,group=PM_PACKAGING; hold_to_chemist_h=1.05; grpo_state=POSTED_VIA_APP
qc_inspection,JIVO_OIL,186,2026-03-16,GE-2026-9590,PM0000594,PREFORM 40 GMS 36 MM,Pet Preform 40gm New Frystal,84000.000,PCS,FRYSTAL PET PRIVATE LIMITED,hold_hours_slip_to_QA_manager,23.6,hours,ACCEPTED,factory.jivo.in /quality-control/inspections/,VERIFIED,group=PM_PACKAGING; hold_to_chemist_h=0.86; grpo_state=POSTED_VIA_APP
qc_inspection,JIVO_OIL,180,2026-03-14,GE-2026-4870,PM0000691,LABEL 1 LTR PRESSED SESAME OIL BACK,Label_jivo_first_pressed_sesame_1l,7999.998,PCS,ROYAL PRIME LABELS,hold_hours_slip_to_QA_manager,3.02,hours,ACCEPTED,factory.jivo.in /quality-control/inspections/,VERIFIED,group=PM_PACKAGING; hold_to_chemist_h=2.42; grpo_state=PENDING_IN_APP
qc_inspection,JIVO_OIL,181,2026-03-14,GE-2026-4870,PM0000690,LABEL 1 LTR PRESSED SESAME OIL FRONT,Label_jivo_first_pressed_sesame_1l,8000.000,PCS,ROYAL PRIME LABELS,hold_hours_slip_to_QA_manager,3.02,hours,ACCEPTED,factory.jivo.in /quality-control/inspections/,VERIFIED,group=PM_PACKAGING; hold_to_chemist_h=2.44; grpo_state=PENDING_IN_APP
qc_inspection,JIVO_OIL,182,2026-03-14,GE-2026-4870,PM0000499,LABEL 1 LTR EXTRA VIRGIN FRONT ZANO,Label_zano_spain_pomace_olive_1l_front,2100.000,PCS,ROYAL PRIME LABELS,hold_hours_slip_to_QA_manager,3.02,hours,ACCEPTED,factory.jivo.in /quality-control/inspections/,VERIFIED,group=PM_PACKAGING; hold_to_chemist_h=2.46; grpo_state=PENDING_IN_APP
qc_inspection,JIVO_OIL,183,2026-03-14,GE-2026-4870,PM0000500,LABEL 1 LTR EXTRA VIRGIN BACK ZANO,Label_zano_spain_pomace_olive_1l_front,2100.000,PCS,ROYAL PRIME LABELS,hold_hours_slip_to_QA_manager,3.13,hours,ACCEPTED,factory.jivo.in /quality-control/inspections/,VERIFIED,group=PM_PACKAGING; hold_to_chemist_h=2.58; grpo_state=PENDING_IN_APP
qc_inspection,JIVO_OIL,184,2026-03-14,GE-2026-0886,PM0000121,PET BOTTLE 1 LTR 52 GMS POMACE,1ltr_ricela_natural_pet_bottle(52gm),43260.000,PCS,TPAC PACKAGING INDIA PVT LTD,hold_hours_slip_to_QA_manager,3.29,hours,ACCEPTED,factory.jivo.in /quality-control/inspections/,VERIFIED,group=PM_PACKAGING; hold_to_chemist_h=2.77; grpo_state=PENDING_IN_APP
qc_inspection,JIVO_OIL,185,2026-03-14,GE-2026-6087,PM0000817,PREFORM 21/23 GMS,Pet_preform_21_gm,92160.000,PCS,FRYSTAL PET PRIVATE LIMITED,hold_hours_slip_to_QA_manager,5.03,hours,ACCEPTED,factory.jivo.in /quality-control/inspections/,VERIFIED,group=PM_PACKAGING; hold_to_chemist_h=4.97; grpo_state=PENDING_IN_APP
qc_inspection,JIVO_OIL,173,2026-03-11,GE-2026-2079,PM0000121,PET BOTTLE 1 LTR 52 GMS POMACE,1 Ltr Pet Bottle Pomace (52gm) Br,4704.000,PCS,BR AGROTECH LTD,hold_hours_slip_to_QA_manager,0.65,hours,ACCEPTED,factory.jivo.in /quality-control/inspections/,VERIFIED,group=PM_PACKAGING; hold_to_chemist_h=0.61; grpo_state=PENDING_IN_APP
qc_inspection,JIVO_OIL,174,2026-03-11,GE-2026-2079,PM0000194,PET BOTTLE 1 LTR 40 GMS,Pet Bottle 42 Gm (b.r),38976.000,PCS,BR AGROTECH LTD,hold_hours_slip_to_QA_manager,0.85,hours,ACCEPTED,factory.jivo.in /quality-control/inspections/,VERIFIED,group=PM_PACKAGING; hold_to_chemist_h=0.84; grpo_state=PENDING_IN_APP
qc_inspection,JIVO_OIL,172,2026-03-10,GE-2026-3859,PM0000121,PET BOTTLE 1 LTR 52 GMS POMACE,1 Ltr Pet Bottle Pomace (52gm) Br,50880.000,PCS,BR AGROTECH LTD,hold_hours_slip_to_QA_manager,0.9,hours,ACCEPTED,factory.jivo.in /quality-control/inspections/,VERIFIED,group=PM_PACKAGING; hold_to_chemist_h=0.84; grpo_state=POSTED_VIA_APP
qc_inspection,JIVO_OIL,171,2026-03-10,GE-2026-1036,PM0000194,PET BOTTLE 1 LTR 40 GMS,Pet Bottle 42 Gm (b.r),43008.000,PCS,BR AGROTECH LTD,hold_hours_slip_to_QA_manager,1.23,hours,ACCEPTED,factory.jivo.in /quality-control/inspections/,VERIFIED,group=PM_PACKAGING; hold_to_chemist_h=0.77; grpo_state=PENDING_IN_APP
qc_inspection,JIVO_OIL,168,2026-03-09,GE-2026-6738,PM0000003,CARTON 1 LTR POMACE 16 PCS,Carton1_liter_x_16pcs_(olive-pomace),5429.000,PCS,KUBER PAPER & PACK PRIVATE LIMITED AAJCK3867H0,hold_hours_slip_to_QA_manager,19.22,hours,ACCEPTED,factory.jivo.in /quality-control/inspections/,VERIFIED,group=PM_PACKAGING; hold_to_chemist_h=0.66; grpo_state=PENDING_IN_APP
qc_inspection,JIVO_OIL,170,2026-03-09,GE-2026-9898,PM0000852,PREFORM 49.5 GMS 36 MM,Pet Preform 49.5 Gm (pioneer),10659.000,PCS,PIONEER PET SWASTIC PET INDUSTRIES (ACSFS8137Q),hold_hours_slip_to_QA_manager,19.49,hours,ACCEPTED,factory.jivo.in /quality-control/inspections/,VERIFIED,group=PM_PACKAGING; hold_to_chemist_h=17.75; grpo_state=PENDING_IN_APP
qc_inspection,JIVO_OIL,169,2026-03-09,GE-2026-9898,PM0000594,PREFORM 40 GMS 36 MM,Pet Preform 40 Gm,10350.000,PCS,PIONEER PET SWASTIC PET INDUSTRIES (ACSFS8137Q),hold_hours_slip_to_QA_manager,19.49,hours,ACCEPTED,factory.jivo.in /quality-control/inspections/,VERIFIED,group=PM_PACKAGING; hold_to_chemist_h=17.59; grpo_state=PENDING_IN_APP
qc_inspection,JIVO_OIL,167,2026-03-09,GE-2026-4884,PM0000852,PREFORM 49.5 GMS 36 MM,Pet Preform 50 Gm,13200.000,PCS,FRYSTAL PET PRIVATE LIMITED,hold_hours_slip_to_QA_manager,2.33,hours,ACCEPTED,factory.jivo.in /quality-control/inspections/,VERIFIED,group=PM_PACKAGING; hold_to_chemist_h=2.26; grpo_state=PENDING_IN_APP
qc_inspection,JIVO_OIL,166,2026-03-09,GE-2026-4884,PM0000594,PREFORM 40 GMS 36 MM,Pet Preform 40gm New Frystal,50400.000,PCS,FRYSTAL PET PRIVATE LIMITED,hold_hours_slip_to_QA_manager,2.35,hours,ACCEPTED,factory.jivo.in /quality-control/inspections/,VERIFIED,group=PM_PACKAGING; hold_to_chemist_h=1.87; grpo_state=PENDING_IN_APP
qc_inspection,JIVO_OIL,165,2026-03-09,GE-2026-1178,PM0000594,PREFORM 40 GMS 36 MM,Pet Preform 40gm New Frystal,54600.000,PCS,FRYSTAL PET PRIVATE LIMITED,hold_hours_slip_to_QA_manager,2.5,hours,ACCEPTED,factory.jivo.in /quality-control/inspections/,VERIFIED,group=PM_PACKAGING; hold_to_chemist_h=1.96; grpo_state=PENDING_IN_APP
qc_inspection,JIVO_OIL,164,2026-03-07,GE-2026-9591,FA0000246,PALLET BLUE COLOR JIVO,No Qc Item,250.000,PCS,SWASTIK INDUSTRIES INTERNATIONAL PRIVATE LIMITED,hold_hours_slip_to_QA_manager,3.26,hours,ACCEPTED,factory.jivo.in /quality-control/inspections/,VERIFIED,group=OTHER; hold_to_chemist_h=3.26; grpo_state=PENDING_IN_APP
qc_inspection,JIVO_OIL,163,2026-03-07,GE-2026-1974,PM0000085,CAPS 1 OR 2 LTR WHITE AND YELLOW WITH LOGO,Cap,120000.000,PCS,BABAJI UDYOG PVT. LTD.,hold_hours_slip_to_QA_manager,0.46,hours,ACCEPTED,factory.jivo.in /quality-control/inspections/,VERIFIED,group=PM_PACKAGING; hold_to_chemist_h=0.45; grpo_state=PENDING_IN_APP
qc_inspection,JIVO_OIL,162,2026-03-07,GE-2026-1619,PM0000056,PET BOTTLE 100 MLS BOTTLES,100 Ml. Oil Bottle,7000.000,PCS,ECHO PLAST INDIA,hold_hours_slip_to_QA_manager,0.67,hours,ACCEPTED,factory.jivo.in /quality-control/inspections/,VERIFIED,group=PM_PACKAGING; hold_to_chemist_h=0.61; grpo_state=PENDING_IN_APP
qc_inspection,JIVO_OIL,160,2026-03-06,GE-2026-0730,PM0000194,PET BOTTLE 1 LTR 40 GMS,1_l_jivo_olive_oil_bottle_natural(40gm),34086.000,PCS,TPAC PACKAGING INDIA PVT LTD,hold_hours_slip_to_QA_manager,2.24,hours,ACCEPTED,factory.jivo.in /quality-control/inspections/,VERIFIED,group=PM_PACKAGING; hold_to_chemist_h=1.98; grpo_state=PENDING_IN_APP
qc_inspection,JIVO_OIL,158,2026-03-06,GE-2026-0730,PM0000121,PET BOTTLE 1 LTR 52 GMS POMACE,1ltr_ricela_natural_pet_bottle(52gm),8484.000,PCS,TPAC PACKAGING INDIA PVT LTD,hold_hours_slip_to_QA_manager,2.24,hours,ACCEPTED,factory.jivo.in /quality-control/inspections/,VERIFIED,group=PM_PACKAGING; hold_to_chemist_h=1.92; grpo_state=PENDING_IN_APP
qc_inspection,JIVO_OIL,159,2026-03-06,GE-2026-9879,PM0000469,CAPS 5 LTR BROWN,Cap 5l Brown,2370.000,PCS,RAJ TECHNOPACK PVT LTD,hold_hours_slip_to_QA_manager,3.19,hours,ACCEPTED,factory.jivo.in /quality-control/inspections/,VERIFIED,group=PM_PACKAGING; hold_to_chemist_h=2.89; grpo_state=PENDING_IN_APP
qc_inspection,JIVO_OIL,157,2026-03-06,GE-2026-9879,PM0000468,CAPS 5 LTR GREEN,Cap 5l Brown,2130.000,PCS,RAJ TECHNOPACK PVT LTD,hold_hours_slip_to_QA_manager,3.19,hours,ACCEPTED,factory.jivo.in /quality-control/inspections/,VERIFIED,group=PM_PACKAGING; hold_to_chemist_h=0.33; grpo_state=PENDING_IN_APP
qc_inspection,JIVO_OIL,156,2026-03-06,GE-2026-9879,PM0000053,HDPE BOTTLE 5 LTR,5 Ltr. Jerry Can,4500.000,PCS,RAJ TECHNOPACK PVT LTD,hold_hours_slip_to_QA_manager,3.2,hours,ACCEPTED,factory.jivo.in /quality-control/inspections/,VERIFIED,group=PM_PACKAGING; hold_to_chemist_h=0.29; grpo_state=PENDING_IN_APP
qc_inspection,JIVO_OIL,154,2026-03-05,GE-2026-7427,PM0000194,PET BOTTLE 1 LTR 40 GMS,1_l_jivo_olive_oil_bottle_natural(40gm),7644.000,PCS,TPAC PACKAGING INDIA PVT LTD,hold_hours_slip_to_QA_manager,0.56,hours,ACCEPTED,factory.jivo.in /quality-control/inspections/,VERIFIED,group=PM_PACKAGING; hold_to_chemist_h=0.12; grpo_state=PENDING_IN_APP
qc_inspection,JIVO_OIL,155,2026-03-05,GE-2026-7427,PM0000121,PET BOTTLE 1 LTR 52 GMS POMACE,1ltr_ricela_natural_pet_bottle(52gm),35616.000,PCS,TPAC PACKAGING INDIA PVT LTD,hold_hours_slip_to_QA_manager,0.57,hours,ACCEPTED,factory.jivo.in /quality-control/inspections/,VERIFIED,group=PM_PACKAGING; hold_to_chemist_h=0.17; grpo_state=PENDING_IN_APP
qc_inspection,JIVO_OIL,152,2026-03-03,GE-2026-8179,PM0000866,LABEL 200 ML CP GROUNDNUT OIL FRONT,Cold Press Groundnut 200 Ml N,104399.998,PCS,ZENBI INTERNATIONAL PRIVATE LIMITED,hold_hours_slip_to_QA_manager,45.75,hours,ACCEPTED,factory.jivo.in /quality-control/inspections/,VERIFIED,group=PM_PACKAGING; hold_to_chemist_h=4.0; grpo_state=PENDING_IN_APP
qc_inspection,JIVO_OIL,153,2026-03-03,GE-2026-8179,PM0000865,LABEL 200 ML CP GROUNDNUT OIL BACK,Cold Press Groundnut 200 Ml N,104400.000,PCS,ZENBI INTERNATIONAL PRIVATE LIMITED,hold_hours_slip_to_QA_manager,45.75,hours,ACCEPTED,factory.jivo.in /quality-control/inspections/,VERIFIED,group=PM_PACKAGING; hold_to_chemist_h=4.01; grpo_state=PENDING_IN_APP
qc_inspection,JIVO_OIL,150,2026-03-03,GE-2026-8179,PM0000014,LABEL 1 LTR COLD PRESS BACK 8181,Label_cp_canola_1l_front,52399.997,PCS,ZENBI INTERNATIONAL PRIVATE LIMITED,hold_hours_slip_to_QA_manager,,hours,REJECTED,factory.jivo.in /quality-control/inspections/,VERIFIED,group=PM_PACKAGING; hold_to_chemist_h=; grpo_state=PENDING_IN_APP
qc_inspection,JIVO_OIL,151,2026-03-03,GE-2026-8179,PM0000864,LABEL 1 LTR CANOLA FRONT (NIRMAL RISHI),Label_cp_canola_1l_front,51400.000,PCS,ZENBI INTERNATIONAL PRIVATE LIMITED,hold_hours_slip_to_QA_manager,45.76,hours,REJECTED,factory.jivo.in /quality-control/inspections/,VERIFIED,group=PM_PACKAGING; hold_to_chemist_h=45.74; grpo_state=PENDING_IN_APP
qc_inspection,JIVO_OIL,149,2026-03-03,GE-2026-8179,PM0000045,LABEL 5 LTR COLD PRESS BACK 365,Cold Press Canola 5 L/ 5 L Soyabean,50599.999,PCS,ZENBI INTERNATIONAL PRIVATE LIMITED,hold_hours_slip_to_QA_manager,,hours,REJECTED,factory.jivo.in /quality-control/inspections/,VERIFIED,group=PM_PACKAGING; hold_to_chemist_h=; grpo_state=PENDING_IN_APP
qc_inspection,JIVO_OIL,148,2026-03-03,GE-2026-8179,PM0000863,LABEL 5 LTR CANOLA FRONT (NIRMAL RISHI),Cold Press Canola 5 L/ 5 L Soyabean,51200.000,PCS,ZENBI INTERNATIONAL PRIVATE LIMITED,hold_hours_slip_to_QA_manager,,hours,REJECTED,factory.jivo.in /quality-control/inspections/,VERIFIED,group=PM_PACKAGING; hold_to_chemist_h=; grpo_state=PENDING_IN_APP
qc_inspection,JIVO_OIL,147,2026-03-03,GE-2026-8179,PM0000860,LABEL 1 LTR SOYABEAN FULL,1 Ltr Jivo Soyabean(round ) Label,52349.999,PCS,ZENBI INTERNATIONAL PRIVATE LIMITED,hold_hours_slip_to_QA_manager,,hours,REJECTED,factory.jivo.in /quality-control/inspections/,VERIFIED,group=PM_PACKAGING; hold_to_chemist_h=; grpo_state=PENDING_IN_APP
qc_inspection,JIVO_OIL,143,2026-03-02,GE-2026-3513,PM0000470,CAPS 5 LTR ORANGE,Cap 5l Brown,2330.000,PCS,RAJ TECHNOPACK PVT LTD,hold_hours_slip_to_QA_manager,65.81,hours,ACCEPTED,factory.jivo.in /quality-control/inspections/,VERIFIED,group=PM_PACKAGING; hold_to_chemist_h=17.44; grpo_state=PENDING_IN_APP
qc_inspection,JIVO_OIL,144,2026-03-02,GE-2026-3513,PM0000468,CAPS 5 LTR GREEN,Cap 5l Brown,2170.000,PCS,RAJ TECHNOPACK PVT LTD,hold_hours_slip_to_QA_manager,65.81,hours,ACCEPTED,factory.jivo.in /quality-control/inspections/,VERIFIED,group=PM_PACKAGING; hold_to_chemist_h=17.47; grpo_state=PENDING_IN_APP
qc_inspection,JIVO_OIL,145,2026-03-02,GE-2026-3513,PM0000053,HDPE BOTTLE 5 LTR,5 Ltr. Jerry Can,4500.000,PCS,RAJ TECHNOPACK PVT LTD,hold_hours_slip_to_QA_manager,65.79,hours,ACCEPTED,factory.jivo.in /quality-control/inspections/,VERIFIED,group=PM_PACKAGING; hold_to_chemist_h=17.49; grpo_state=PENDING_IN_APP
qc_inspection,JIVO_OIL,142,2026-03-02,GE-2026-7559,PM0000006,CARTON 1 LTR 20 PCS PET 40 GM,1 Liter X 20 Pcs (o),4640.000,PCS,SHIVALIK CONTAINERS PVT.LTD (AAECS1496B),hold_hours_slip_to_QA_manager,2.3,hours,ACCEPTED,factory.jivo.in /quality-control/inspections/,VERIFIED,group=PM_PACKAGING; hold_to_chemist_h=2.25; grpo_state=PENDING_IN_APP
qc_inspection,JIVO_OIL,141,2026-03-02,GE-2026-7559,PM0000006,CARTON 1 LTR 20 PCS PET 40 GM,1 Liter X 20 Pcs (o),1630.000,PCS,SHIVALIK CONTAINERS PVT.LTD (AAECS1496B),hold_hours_slip_to_QA_manager,2.31,hours,ACCEPTED,factory.jivo.in /quality-control/inspections/,VERIFIED,group=PM_PACKAGING; hold_to_chemist_h=2.22; grpo_state=PENDING_IN_APP
qc_inspection,JIVO_OIL,116,2026-02-28,GE-2026-7353,PM0000235,CAPS 1 LTR WHITE AND YELLOW SMALL PLAIN,Cap Yellow-white 1l Plain,115000.000,PCS,BABAJI UDYOG PVT. LTD.,hold_hours_slip_to_QA_manager,41.4,hours,ACCEPTED,factory.jivo.in /quality-control/inspections/,VERIFIED,group=PM_PACKAGING; hold_to_chemist_h=40.39; grpo_state=PENDING_IN_APP
qc_inspection,JIVO_OIL,139,2026-02-28,GE-2026-7353,PM0000079,CAPS 1 & 2 LTR FULL GREEN WITH LOGO,Cap Yellow-white 1l Plain,35000.000,PCS,BABAJI UDYOG PVT. LTD.,hold_hours_slip_to_QA_manager,47.7,hours,ACCEPTED,factory.jivo.in /quality-control/inspections/,VERIFIED,group=PM_PACKAGING; hold_to_chemist_h=47.16; grpo_state=PENDING_IN_APP
qc_inspection,JIVO_OIL,140,2026-02-28,GE-2026-7353,PM0000079,CAPS 1 & 2 LTR FULL GREEN WITH LOGO,Cap,10000.000,PCS,BABAJI UDYOG PVT. LTD.,hold_hours_slip_to_QA_manager,47.7,hours,ACCEPTED,factory.jivo.in /quality-control/inspections/,VERIFIED,group=PM_PACKAGING; hold_to_chemist_h=47.21; grpo_state=PENDING_IN_APP
qc_inspection,JIVO_OIL,112,2026-02-28,GE-2026-9492,PM0000469,CAPS 5 LTR BROWN,Cap 5l Brown,625.000,PCS,RAJ TECHNOPACK PVT LTD,hold_hours_slip_to_QA_manager,0.74,hours,ACCEPTED,factory.jivo.in /quality-control/inspections/,VERIFIED,group=PM_PACKAGING; hold_to_chemist_h=0.64; grpo_state=PENDING_IN_APP
qc_inspection,JIVO_OIL,115,2026-02-28,GE-2026-9492,PM0000468,CAPS 5 LTR GREEN,Cap 5l Brown,625.000,PCS,RAJ TECHNOPACK PVT LTD,hold_hours_slip_to_QA_manager,0.75,hours,ACCEPTED,factory.jivo.in /quality-control/inspections/,VERIFIED,group=PM_PACKAGING; hold_to_chemist_h=0.68; grpo_state=PENDING_IN_APP
qc_inspection,JIVO_OIL,111,2026-02-28,GE-2026-9492,PM0000053,HDPE BOTTLE 5 LTR,5 Ltr. Jerry Can,1250.000,PCS,RAJ TECHNOPACK PVT LTD,hold_hours_slip_to_QA_manager,0.76,hours,ACCEPTED,factory.jivo.in /quality-control/inspections/,VERIFIED,group=PM_PACKAGING; hold_to_chemist_h=0.61; grpo_state=PENDING_IN_APP
qc_inspection,JIVO_OIL,96,2026-02-28,GE-2026-1801,PM0000194,PET BOTTLE 1 LTR 40 GMS,1_l_jivo_olive_oil_bottle_natural(40gm),34320.000,PCS,TPAC PACKAGING INDIA PVT LTD,hold_hours_slip_to_QA_manager,0.98,hours,ACCEPTED,factory.jivo.in /quality-control/inspections/,VERIFIED,group=PM_PACKAGING; hold_to_chemist_h=0.16; grpo_state=PENDING_IN_APP
qc_inspection,JIVO_OIL,97,2026-02-28,GE-2026-1731,PM0000121,PET BOTTLE 1 LTR 52 GMS POMACE,1ltr_ricela_natural_pet_bottle(52gm),4872.000,PCS,TPAC PACKAGING INDIA PVT LTD,hold_hours_slip_to_QA_manager,1.06,hours,ACCEPTED,factory.jivo.in /quality-control/inspections/,VERIFIED,group=PM_PACKAGING; hold_to_chemist_h=0.28; grpo_state=PENDING_IN_APP
qc_inspection,JIVO_OIL,74,2026-02-27,GE-2026-2919,PM0000079,CAPS 1 & 2 LTR FULL GREEN WITH LOGO,Cap,120000.000,PCS,BABAJI UDYOG PVT. LTD.,hold_hours_slip_to_QA_manager,19.31,hours,ACCEPTED,factory.jivo.in /quality-control/inspections/,VERIFIED,group=PM_PACKAGING; hold_to_chemist_h=18.31; grpo_state=PENDING_IN_APP
qc_inspection,JIVO_OIL,80,2026-02-27,GE-2026-9741,PM0000469,CAPS 5 LTR BROWN,Cap 5l Brown,3000.000,PCS,RAJ TECHNOPACK PVT LTD,hold_hours_slip_to_QA_manager,19.49,hours,ACCEPTED,factory.jivo.in /quality-control/inspections/,VERIFIED,group=PM_PACKAGING; hold_to_chemist_h=18.84; grpo_state=PENDING_IN_APP
qc_inspection,JIVO_OIL,71,2026-02-27,GE-2026-9741,PM0000468,CAPS 5 LTR GREEN,Cap 5l Brown,750.000,PCS,RAJ TECHNOPACK PVT LTD,hold_hours_slip_to_QA_manager,19.5,hours,ACCEPTED,factory.jivo.in /quality-control/inspections/,VERIFIED,group=PM_PACKAGING; hold_to_chemist_h=19.5; grpo_state=PENDING_IN_APP
qc_inspection,JIVO_OIL,64,2026-02-27,GE-2026-9741,PM0000358,HDPE BOTTLE 5 LTR GOLD,5 Ltr. Jerry Can,3750.000,PCS,RAJ TECHNOPACK PVT LTD,hold_hours_slip_to_QA_manager,19.51,hours,ACCEPTED,factory.jivo.in /quality-control/inspections/,VERIFIED,group=PM_PACKAGING; hold_to_chemist_h=0.1; grpo_state=PENDING_IN_APP
qc_inspection,JIVO_OIL,100,2026-02-27,GE-2026-2096,PM0000358,HDPE BOTTLE 5 LTR GOLD,Bottle,3750.000,PCS,RAJ TECHNOPACK PVT LTD,hold_hours_slip_to_QA_manager,598.12,hours,ACCEPTED,factory.jivo.in /quality-control/inspections/,VERIFIED,group=PM_PACKAGING; hold_to_chemist_h=598.12; grpo_state=NOT_IN_GRPO_QUEUE
qc_inspection,JIVO_OIL,57,2026-02-25,GE-2026-5119,PM0000468,CAPS 5 LTR GREEN,Cap_jerry_can,3750.000,PCS,RAJ TECHNOPACK PVT LTD,hold_hours_slip_to_QA_manager,67.52,hours,ACCEPTED,factory.jivo.in /quality-control/inspections/,VERIFIED,group=PM_PACKAGING; hold_to_chemist_h=1.55; grpo_state=PENDING_IN_APP
qc_inspection,JIVO_OIL,63,2026-02-25,GE-2026-5119,PM0000053,HDPE BOTTLE 5 LTR,5 Ltr. Jerry Can,3750.000,PCS,RAJ TECHNOPACK PVT LTD,hold_hours_slip_to_QA_manager,67.54,hours,ACCEPTED,factory.jivo.in /quality-control/inspections/,VERIFIED,group=PM_PACKAGING; hold_to_chemist_h=1.92; grpo_state=PENDING_IN_APP
qc_inspection,JIVO_OIL,84,2026-02-24,GE-2026-2106,PM0000470,CAPS 5 LTR ORANGE,Cap 5l Brown,750.000,PCS,RAJ TECHNOPACK PVT LTD,hold_hours_slip_to_QA_manager,92.18,hours,ACCEPTED,factory.jivo.in /quality-control/inspections/,VERIFIED,group=PM_PACKAGING; hold_to_chemist_h=89.52; grpo_state=PENDING_IN_APP
qc_inspection,JIVO_OIL,107,2026-02-24,GE-2026-2106,PM0000053,HDPE BOTTLE 5 LTR,5 Ltr. Jerry Can,3750.000,PCS,RAJ TECHNOPACK PVT LTD,hold_hours_slip_to_QA_manager,96.26,hours,ACCEPTED,factory.jivo.in /quality-control/inspections/,VERIFIED,group=PM_PACKAGING; hold_to_chemist_h=94.49; grpo_state=PENDING_IN_APP
qc_inspection,JIVO_OIL,108,2026-02-24,GE-2026-2106,PM0000468,CAPS 5 LTR GREEN,Cap 5l Brown,3000.000,PCS,RAJ TECHNOPACK PVT LTD,hold_hours_slip_to_QA_manager,96.27,hours,ACCEPTED,factory.jivo.in /quality-control/inspections/,VERIFIED,group=PM_PACKAGING; hold_to_chemist_h=93.69; grpo_state=PENDING_IN_APP
qc_inspection,JIVO_OIL,54,2026-02-24,GE-2026-9888,PM0000395,TIN 5 LTR POMACE OLIVE SANO,Printed Tin 5 Ltr,4952.000,PCS,NATIONAL TIN INDUSTRIES,hold_hours_slip_to_QA_manager,1.67,hours,ACCEPTED,factory.jivo.in /quality-control/inspections/,VERIFIED,group=PM_PACKAGING; hold_to_chemist_h=1.05; grpo_state=PENDING_IN_APP
qc_inspection,JIVO_OIL,55,2026-02-24,GE-2026-9888,PM0000080,TIN 5 LTR POMACE OLIVE PRINTED,Printed Tin 5 Ltr,6582.000,PCS,NATIONAL TIN INDUSTRIES,hold_hours_slip_to_QA_manager,1.68,hours,ACCEPTED,factory.jivo.in /quality-control/inspections/,VERIFIED,group=PM_PACKAGING; hold_to_chemist_h=1.1; grpo_state=PENDING_IN_APP
qc_inspection,JIVO_OIL,94,2026-02-23,GE-2026-6439,PM0000470,CAPS 5 LTR ORANGE,Cap 5l Brown,1108.000,PCS,RAJ TECHNOPACK PVT LTD,hold_hours_slip_to_QA_manager,115.04,hours,ACCEPTED,factory.jivo.in /quality-control/inspections/,VERIFIED,group=PM_PACKAGING; hold_to_chemist_h=113.82; grpo_state=PENDING_IN_APP
qc_inspection,JIVO_OIL,110,2026-02-23,GE-2026-6439,PM0000470,CAPS 5 LTR ORANGE,Cap 5l Brown,900.000,PCS,RAJ TECHNOPACK PVT LTD,hold_hours_slip_to_QA_manager,118.95,hours,ACCEPTED,factory.jivo.in /quality-control/inspections/,VERIFIED,group=PM_PACKAGING; hold_to_chemist_h=117.27; grpo_state=PENDING_IN_APP
qc_inspection,JIVO_OIL,120,2026-02-23,GE-2026-6439,PM0000470,CAPS 5 LTR ORANGE,Cap 5l Brown,492.000,PCS,RAJ TECHNOPACK PVT LTD,hold_hours_slip_to_QA_manager,160.67,hours,ACCEPTED,factory.jivo.in /quality-control/inspections/,VERIFIED,group=PM_PACKAGING; hold_to_chemist_h=159.97; grpo_state=PENDING_IN_APP
qc_inspection,JIVO_OIL,122,2026-02-23,GE-2026-6439,PM0000468,CAPS 5 LTR GREEN,Cap 5l Brown,2500.000,PCS,RAJ TECHNOPACK PVT LTD,hold_hours_slip_to_QA_manager,160.67,hours,ACCEPTED,factory.jivo.in /quality-control/inspections/,VERIFIED,group=PM_PACKAGING; hold_to_chemist_h=160.05; grpo_state=PENDING_IN_APP
qc_inspection,JIVO_OIL,123,2026-02-23,GE-2026-6439,PM0000053,HDPE BOTTLE 5 LTR,5 Ltr. Jerry Can,4525.000,PCS,RAJ TECHNOPACK PVT LTD,hold_hours_slip_to_QA_manager,160.68,hours,ACCEPTED,factory.jivo.in /quality-control/inspections/,VERIFIED,group=PM_PACKAGING; hold_to_chemist_h=160.08; grpo_state=PENDING_IN_APP
qc_inspection,JIVO_OIL,132,2026-02-23,GE-2026-0708,PM0000121,PET BOTTLE 1 LTR 52 GMS POMACE,1ltr Olive Pet Bottle(51.50gm/o),9576.000,PCS,ECHO PLAST INDIA,hold_hours_slip_to_QA_manager,163.83,hours,ACCEPTED,factory.jivo.in /quality-control/inspections/,VERIFIED,group=PM_PACKAGING; hold_to_chemist_h=163.1; grpo_state=PENDING_IN_APP
qc_inspection,JIVO_OIL,53,2026-02-23,GE-2026-6028,PM0000073,MS COATED DRUM 200 LTR,Ms_coated_drum_200_ltr,150.000,PCS,EAST INDIA DRUMS AND BARRELS MANUFACTURING LIMITED AAACV4766F,hold_hours_slip_to_QA_manager,0.23,hours,ACCEPTED,factory.jivo.in /quality-control/inspections/,VERIFIED,group=PM_PACKAGING; hold_to_chemist_h=0.17; grpo_state=PENDING_IN_APP
qc_inspection,JIVO_OIL,52,2026-02-21,GE-2026-2476,PM0000468,CAPS 5 LTR GREEN,5 Ltr. Jerry Can,4425.000,PCS,RAJ TECHNOPACK PVT LTD,hold_hours_slip_to_QA_manager,,hours,PENDING,factory.jivo.in /quality-control/inspections/,VERIFIED,group=PM_PACKAGING; hold_to_chemist_h=; grpo_state=NOT_IN_GRPO_QUEUE
qc_inspection,JIVO_OIL,128,2026-02-21,GE-2026-2476,PM0000053,HDPE BOTTLE 5 LTR,5 Ltr. Jerry Can,4425.000,PCS,RAJ TECHNOPACK PVT LTD,hold_hours_slip_to_QA_manager,210.78,hours,ACCEPTED,factory.jivo.in /quality-control/inspections/,VERIFIED,group=PM_PACKAGING; hold_to_chemist_h=210.31; grpo_state=NOT_IN_GRPO_QUEUE
qc_inspection,JIVO_OIL,130,2026-02-21,GE-2026-0656,PM0000468,CAPS 5 LTR GREEN,Cap 5l Brown,4335.000,PCS,ECHO PLAST INDIA,hold_hours_slip_to_QA_manager,211.18,hours,ACCEPTED,factory.jivo.in /quality-control/inspections/,VERIFIED,group=PM_PACKAGING; hold_to_chemist_h=210.85; grpo_state=PENDING_IN_APP
qc_inspection,JIVO_OIL,131,2026-02-21,GE-2026-0656,PM0000053,HDPE BOTTLE 5 LTR,5 Ltr. Jerry Can,4335.000,PCS,ECHO PLAST INDIA,hold_hours_slip_to_QA_manager,211.19,hours,ACCEPTED,factory.jivo.in /quality-control/inspections/,VERIFIED,group=PM_PACKAGING; hold_to_chemist_h=210.88; grpo_state=PENDING_IN_APP
qc_inspection,JIVO_OIL,133,2026-02-21,GE-2026-9570,PM0000825,CARTON 1 LTR 20 PCS NEW,1 Lt X 20 Pcs N,1600.000,PCS,SSY CONTAINERS PVT LTD,hold_hours_slip_to_QA_manager,213.59,hours,ACCEPTED,factory.jivo.in /quality-control/inspections/,VERIFIED,group=PM_PACKAGING; hold_to_chemist_h=213.27; grpo_state=PENDING_IN_APP
qc_inspection,JIVO_OIL,136,2026-02-21,GE-2026-9570,PM0000003,CARTON 1 LTR POMACE 16 PCS,Carton1_liter_x_16pcs_(olive-pomace),4635.000,PCS,SSY CONTAINERS PVT LTD,hold_hours_slip_to_QA_manager,213.82,hours,ACCEPTED,factory.jivo.in /quality-control/inspections/,VERIFIED,group=PM_PACKAGING; hold_to_chemist_h=213.77; grpo_state=PENDING_IN_APP
qc_inspection,JIVO_OIL,137,2026-02-21,GE-2026-8136,PM0000003,CARTON 1 LTR POMACE 16 PCS,Carton1_liter_x_16pcs_(olive-pomace),2646.000,PCS,KUBER PAPER & PACK PRIVATE LIMITED AAJCK3867H0,hold_hours_slip_to_QA_manager,214.67,hours,ACCEPTED,factory.jivo.in /quality-control/inspections/,VERIFIED,group=PM_PACKAGING; hold_to_chemist_h=214.65; grpo_state=PENDING_IN_APP
qc_inspection,JIVO_OIL,135,2026-02-21,GE-2026-8136,PM0000082,CARTON 5 LTR OLIVE 4 PCS,Carton_5_liter_x_4_pcs(canola/olive),1244.000,PCS,KUBER PAPER & PACK PRIVATE LIMITED AAJCK3867H0,hold_hours_slip_to_QA_manager,214.45,hours,ACCEPTED,factory.jivo.in /quality-control/inspections/,VERIFIED,group=PM_PACKAGING; hold_to_chemist_h=214.42; grpo_state=PENDING_IN_APP
qc_inspection,JIVO_OIL,134,2026-02-21,GE-2026-8457,PM0000825,CARTON 1 LTR 20 PCS NEW,1 Lt X 20 Pcs N,1890.000,PCS,SSY CONTAINERS PVT LTD,hold_hours_slip_to_QA_manager,216.98,hours,ACCEPTED,factory.jivo.in /quality-control/inspections/,VERIFIED,group=PM_PACKAGING; hold_to_chemist_h=216.71; grpo_state=PENDING_IN_APP
qc_inspection,JIVO_OIL,129,2026-02-21,GE-2026-4377,PM0000194,PET BOTTLE 1 LTR 40 GMS,1_l_jivo_olive_oil_bottle_natural(40gm),32058.000,PCS,TPAC PACKAGING INDIA PVT LTD,hold_hours_slip_to_QA_manager,217.09,hours,ACCEPTED,factory.jivo.in /quality-control/inspections/,VERIFIED,group=PM_PACKAGING; hold_to_chemist_h=216.64; grpo_state=PENDING_IN_APP
qc_inspection,JIVO_OIL,124,2026-02-21,GE-2026-2970,PM0000121,PET BOTTLE 1 LTR 52 GMS POMACE,1ltr_ricela_natural_pet_bottle(52gm),6888.000,PCS,TPAC PACKAGING INDIA PVT LTD,hold_hours_slip_to_QA_manager,217.2,hours,ACCEPTED,factory.jivo.in /quality-control/inspections/,VERIFIED,group=PM_PACKAGING; hold_to_chemist_h=216.65; grpo_state=PENDING_IN_APP
qc_inspection,JIVO_OIL,118,2026-02-20,GE-2026-4872,PM0000053,HDPE BOTTLE 5 LTR,5 Ltr. Jerry Can,3750.000,PCS,RAJ TECHNOPACK PVT LTD,hold_hours_slip_to_QA_manager,233.61,hours,ACCEPTED,factory.jivo.in /quality-control/inspections/,VERIFIED,group=PM_PACKAGING; hold_to_chemist_h=232.82; grpo_state=PENDING_IN_APP
qc_inspection,JIVO_OIL,49,2026-02-20,GE-2026-3795,PM0000080,TIN 5 LTR POMACE OLIVE PRINTED,Printed Tin 5 Ltr,3822.000,PCS,NATIONAL TIN INDUSTRIES,hold_hours_slip_to_QA_manager,1.13,hours,ACCEPTED,factory.jivo.in /quality-control/inspections/,VERIFIED,group=PM_PACKAGING; hold_to_chemist_h=1.08; grpo_state=NOT_IN_GRPO_QUEUE
qc_inspection,JIVO_OIL,50,2026-02-20,GE-2026-3795,PM0000395,TIN 5 LTR POMACE OLIVE SANO,Printed Tin 5 Ltr,2855.000,PCS,NATIONAL TIN INDUSTRIES,hold_hours_slip_to_QA_manager,186.74,hours,ACCEPTED,factory.jivo.in /quality-control/inspections/,VERIFIED,group=PM_PACKAGING; hold_to_chemist_h=1.32; grpo_state=NOT_IN_GRPO_QUEUE
qc_inspection,JIVO_OIL,79,2026-02-20,GE-2026-3795,PM0000395,TIN 5 LTR POMACE OLIVE SANO,1_l_jivo_olive_oil_bottle_natural(40gm),2293.000,PCS,NATIONAL TIN INDUSTRIES,hold_hours_slip_to_QA_manager,,hours,PENDING,factory.jivo.in /quality-control/inspections/,VERIFIED,group=PM_PACKAGING; hold_to_chemist_h=; grpo_state=NOT_IN_GRPO_QUEUE
qc_inspection,JIVO_OIL,117,2026-02-19,GE-2026-7789,PM0000468,CAPS 5 LTR GREEN,Cap 5l Brown,4080.000,PCS,A A ENTERPRISES,hold_hours_slip_to_QA_manager,259.29,hours,ACCEPTED,factory.jivo.in /quality-control/inspections/,VERIFIED,group=PM_PACKAGING; hold_to_chemist_h=258.45; grpo_state=PENDING_IN_APP
qc_inspection,JIVO_OIL,90,2026-02-19,GE-2026-7789,PM0000053,HDPE BOTTLE 5 LTR,5 Ltr. Jerry Can,4080.000,PCS,A A ENTERPRISES,hold_hours_slip_to_QA_manager,213.62,hours,ACCEPTED,factory.jivo.in /quality-control/inspections/,VERIFIED,group=PM_PACKAGING; hold_to_chemist_h=212.26; grpo_state=PENDING_IN_APP
qc_hold_summary,JIVO_OIL,,,,,ALL_MATERIALS,,,,,qc_hold_median,0.097,days,,computed from /quality-control/inspections/ created_at -> manager_decision.decided_at,VERIFIED,"clock starts when the QA arrival slip is raised, not at the gate"
qc_hold_summary,JIVO_OIL,,,,,ALL_MATERIALS,,,,,qc_hold_median_hours,2.33,hours,,computed from /quality-control/inspections/ created_at -> manager_decision.decided_at,VERIFIED,"clock starts when the QA arrival slip is raised, not at the gate"
qc_hold_summary,JIVO_OIL,,,,,ALL_MATERIALS,,,,,qc_hold_mean,0.728,days,,computed from /quality-control/inspections/ created_at -> manager_decision.decided_at,VERIFIED,"clock starts when the QA arrival slip is raised, not at the gate"
qc_hold_summary,JIVO_OIL,,,,,ALL_MATERIALS,,,,,qc_hold_p90,1.85,days,,computed from /quality-control/inspections/ created_at -> manager_decision.decided_at,VERIFIED,"clock starts when the QA arrival slip is raised, not at the gate"
qc_hold_summary,JIVO_OIL,,,,,ALL_MATERIALS,,,,,qc_hold_p95,2.901,days,,computed from /quality-control/inspections/ created_at -> manager_decision.decided_at,VERIFIED,"clock starts when the QA arrival slip is raised, not at the gate"
qc_hold_summary,JIVO_OIL,,,,,ALL_MATERIALS,,,,,qc_hold_max,31.078,days,,computed from /quality-control/inspections/ created_at -> manager_decision.decided_at,VERIFIED,"clock starts when the QA arrival slip is raised, not at the gate"
qc_hold_summary,JIVO_OIL,,,,,ALL_MATERIALS,,,,,qc_inspections_with_decision,1414,count,,computed from /quality-control/inspections/ created_at -> manager_decision.decided_at,VERIFIED,"clock starts when the QA arrival slip is raised, not at the gate"
qc_hold_summary,JIVO_OIL,,,,,RM_BULK_OIL,,,,,qc_hold_median,0.241,days,,computed from /quality-control/inspections/ created_at -> manager_decision.decided_at,VERIFIED,"clock starts when the QA arrival slip is raised, not at the gate"
qc_hold_summary,JIVO_OIL,,,,,RM_BULK_OIL,,,,,qc_hold_median_hours,5.79,hours,,computed from /quality-control/inspections/ created_at -> manager_decision.decided_at,VERIFIED,"clock starts when the QA arrival slip is raised, not at the gate"
qc_hold_summary,JIVO_OIL,,,,,RM_BULK_OIL,,,,,qc_hold_mean,0.986,days,,computed from /quality-control/inspections/ created_at -> manager_decision.decided_at,VERIFIED,"clock starts when the QA arrival slip is raised, not at the gate"
qc_hold_summary,JIVO_OIL,,,,,RM_BULK_OIL,,,,,qc_hold_p90,3.004,days,,computed from /quality-control/inspections/ created_at -> manager_decision.decided_at,VERIFIED,"clock starts when the QA arrival slip is raised, not at the gate"
qc_hold_summary,JIVO_OIL,,,,,RM_BULK_OIL,,,,,qc_hold_p95,3.998,days,,computed from /quality-control/inspections/ created_at -> manager_decision.decided_at,VERIFIED,"clock starts when the QA arrival slip is raised, not at the gate"
qc_hold_summary,JIVO_OIL,,,,,RM_BULK_OIL,,,,,qc_hold_max,6.067,days,,computed from /quality-control/inspections/ created_at -> manager_decision.decided_at,VERIFIED,"clock starts when the QA arrival slip is raised, not at the gate"
qc_hold_summary,JIVO_OIL,,,,,RM_BULK_OIL,,,,,qc_inspections_with_decision,114,count,,computed from /quality-control/inspections/ created_at -> manager_decision.decided_at,VERIFIED,"clock starts when the QA arrival slip is raised, not at the gate"
qc_hold_summary,JIVO_OIL,,,,,PM_PACKAGING,,,,,qc_hold_median,0.092,days,,computed from /quality-control/inspections/ created_at -> manager_decision.decided_at,VERIFIED,"clock starts when the QA arrival slip is raised, not at the gate"
qc_hold_summary,JIVO_OIL,,,,,PM_PACKAGING,,,,,qc_hold_median_hours,2.2,hours,,computed from /quality-control/inspections/ created_at -> manager_decision.decided_at,VERIFIED,"clock starts when the QA arrival slip is raised, not at the gate"
qc_hold_summary,JIVO_OIL,,,,,PM_PACKAGING,,,,,qc_hold_mean,0.705,days,,computed from /quality-control/inspections/ created_at -> manager_decision.decided_at,VERIFIED,"clock starts when the QA arrival slip is raised, not at the gate"
qc_hold_summary,JIVO_OIL,,,,,PM_PACKAGING,,,,,qc_hold_p90,1.82,days,,computed from /quality-control/inspections/ created_at -> manager_decision.decided_at,VERIFIED,"clock starts when the QA arrival slip is raised, not at the gate"
qc_hold_summary,JIVO_OIL,,,,,PM_PACKAGING,,,,,qc_hold_p95,2.833,days,,computed from /quality-control/inspections/ created_at -> manager_decision.decided_at,VERIFIED,"clock starts when the QA arrival slip is raised, not at the gate"
qc_hold_summary,JIVO_OIL,,,,,PM_PACKAGING,,,,,qc_hold_max,31.078,days,,computed from /quality-control/inspections/ created_at -> manager_decision.decided_at,VERIFIED,"clock starts when the QA arrival slip is raised, not at the gate"
qc_hold_summary,JIVO_OIL,,,,,PM_PACKAGING,,,,,qc_inspections_with_decision,1292,count,,computed from /quality-control/inspections/ created_at -> manager_decision.decided_at,VERIFIED,"clock starts when the QA arrival slip is raised, not at the gate"
qc_outcome,JIVO_OIL,,,,,ALL_MATERIALS,,,,,inspections_total,1454,count,,/quality-control/inspections/,VERIFIED,2026-02-19 .. 2026-08-30
qc_outcome,JIVO_OIL,,,,,ALL_MATERIALS,,,,,accepted,1393,count,,/quality-control/inspections/,VERIFIED,
qc_outcome,JIVO_OIL,,,,,ALL_MATERIALS,,,,,rejected,51,count,,/quality-control/inspections/,VERIFIED,
qc_outcome,JIVO_OIL,,,,,ALL_MATERIALS,,,,,on_hold,0,count,,/quality-control/inspections/counts/,VERIFIED,hold=0; no /inspections/hold/ endpoint exists
qc_outcome,JIVO_OIL,,,,,ALL_MATERIALS,,,,,reject_rate,3.53,pct_of_decided_lots,,computed,VERIFIED,51/1444 lots
qc_outcome,JIVO_OIL,,,,,RM_BULK_OIL,,,,,inspections_total,119,count,,/quality-control/inspections/,VERIFIED,oil tankers only; module went live for oil in Jul-2026
qc_outcome,JIVO_OIL,,,,,RM_BULK_OIL,,,,,rejected,0,count,,/quality-control/inspections/,VERIFIED,"ZERO bulk-oil lots rejected, ever"
qc_outcome,JIVO_OIL,,,,,RM_BULK_OIL,,,,,reject_rate,0.0,pct,,computed,VERIFIED,apply 0% QC loss to bulk oil in the plan
qc_outcome,JIVO_OIL,,,,,PM_PACKAGING,,,,,inspections_total,1327,count,,/quality-control/inspections/,VERIFIED,
qc_outcome,JIVO_OIL,,,,,PM_PACKAGING,,,,,rejected,51,count,,/quality-control/inspections/,VERIFIED,
qc_outcome,JIVO_OIL,,,,,PM_PACKAGING,,,,,reject_rate,3.86,pct,,computed,VERIFIED,all rejections at JIVO Oil are packaging
qc_outcome,JIVO_OIL,,,,,ALL_MATERIALS,,,,,grpo_qc_accepted_qty,12680977.220,mixed_uom,,/grpo/summary/,VERIFIED,"MIXED units (PCS+MTS) - not a tonnage, do not present as one"
qc_outcome,JIVO_OIL,,,,,ALL_MATERIALS,,,,,grpo_qc_rejected_qty,760.000,mixed_uom,,/grpo/summary/,VERIFIED,0.006% of accepted qty
qc_rejected_lot,JIVO_OIL,1480,2026-08-13,GE-2026-3840,PM0000046,LABEL 5 LTR COLD PRESS FRONT,Label Cold Pressed Canola Oil 5l Front,27500.000,PCS,ROYAL PRIME LABELS,return_to_vendor_gate_entry,NONE,,REJECTED,/quality-control/inspections/rejected/,VERIFIED,no gate return-entry was ever raised for any rejected lot
qc_rejected_lot,JIVO_OIL,1262,2026-07-27,GE-2026-2592,PM0000053,HDPE BOTTLE 5 LTR,5 Ltr. Jerry Can,890.000,PCS,BAL KRISHNA INDUSTRIES,return_to_vendor_gate_entry,NONE,,REJECTED,/quality-control/inspections/rejected/,VERIFIED,no gate return-entry was ever raised for any rejected lot
qc_rejected_lot,JIVO_OIL,1221,2026-07-22,GE-2026-9746,PM0000053,HDPE BOTTLE 5 LTR,5 Ltr. Jerry Can,3700.000,PCS,RAJ TECHNOPACK PVT LTD,return_to_vendor_gate_entry,NONE,,REJECTED,/quality-control/inspections/rejected/,VERIFIED,no gate return-entry was ever raised for any rejected lot
qc_rejected_lot,JIVO_OIL,1231,2026-07-22,GE-2026-5818,PM0000881,LABEL 2 LTR GROUNDNUT HANDLE BOTTLE FRONT,Label Cp Groundnut Oil 2 L,3700.000,PCS,ROYAL PRIME LABELS,return_to_vendor_gate_entry,NONE,,REJECTED,/quality-control/inspections/rejected/,VERIFIED,no gate return-entry was ever raised for any rejected lot
qc_rejected_lot,JIVO_OIL,1230,2026-07-22,GE-2026-5818,PM0000880,LABEL 2 LTR GROUNDNUT HANDLE BOTTLE BACK,Label Cp Groundnut Oil 2 L,3700.000,PCS,ROYAL PRIME LABELS,return_to_vendor_gate_entry,NONE,,REJECTED,/quality-control/inspections/rejected/,VERIFIED,no gate return-entry was ever raised for any rejected lot
qc_rejected_lot,JIVO_OIL,1225,2026-07-22,GE-2026-5818,PM0000690,LABEL 1 LTR PRESSED SESAME OIL FRONT,Label 1ltr Sesame Oil,4500.000,PCS,ROYAL PRIME LABELS,return_to_vendor_gate_entry,NONE,,REJECTED,/quality-control/inspections/rejected/,VERIFIED,no gate return-entry was ever raised for any rejected lot
qc_rejected_lot,JIVO_OIL,1224,2026-07-22,GE-2026-5818,PM0000691,LABEL 1 LTR PRESSED SESAME OIL BACK,Label 1ltr Sesame Oil,4500.000,PCS,ROYAL PRIME LABELS,return_to_vendor_gate_entry,NONE,,REJECTED,/quality-control/inspections/rejected/,VERIFIED,no gate return-entry was ever raised for any rejected lot
qc_rejected_lot,JIVO_OIL,1198,2026-07-18,GE-2026-6913,PM0000056,PET BOTTLE 100 MLS BOTTLES,Pet Bottle 100ml,5635.000,PCS,ECHO PLAST INDIA,return_to_vendor_gate_entry,NONE,,REJECTED,/quality-control/inspections/rejected/,VERIFIED,no gate return-entry was ever raised for any rejected lot
qc_rejected_lot,JIVO_OIL,1193,2026-07-17,GE-2026-6331,PM0000053,HDPE BOTTLE 5 LTR,5 Ltr. Jerry Can,3750.000,PCS,RAJ TECHNOPACK PVT LTD,return_to_vendor_gate_entry,NONE,,REJECTED,/quality-control/inspections/rejected/,VERIFIED,no gate return-entry was ever raised for any rejected lot
qc_rejected_lot,JIVO_OIL,1192,2026-07-17,GE-2026-6331,PM0000469,CAPS 5 LTR BROWN,Cap 5l Brown,3750.000,PCS,RAJ TECHNOPACK PVT LTD,return_to_vendor_gate_entry,NONE,,REJECTED,/quality-control/inspections/rejected/,VERIFIED,no gate return-entry was ever raised for any rejected lot
qc_rejected_lot,JIVO_OIL,1108,2026-07-10,GE-2026-1420,PM0000468,CAPS 5 LTR GREEN,Cap_5l_green,2115.000,PCS,ECHO PLAST INDIA,return_to_vendor_gate_entry,NONE,,REJECTED,/quality-control/inspections/rejected/,VERIFIED,no gate return-entry was ever raised for any rejected lot
qc_rejected_lot,JIVO_OIL,1107,2026-07-10,GE-2026-1420,PM0000053,HDPE BOTTLE 5 LTR,5 Ltr. Jerry Can,2115.000,PCS,ECHO PLAST INDIA,return_to_vendor_gate_entry,NONE,,REJECTED,/quality-control/inspections/rejected/,VERIFIED,no gate return-entry was ever raised for any rejected lot
qc_rejected_lot,JIVO_OIL,994,2026-06-26,GE-2026-6154,PM0000852,PREFORM 49.5 GMS 36 MM,Pet Preform 50 Gm,64990.000,PCS,PIONEER PET SWASTIC PET INDUSTRIES (ACSFS8137Q),return_to_vendor_gate_entry,NONE,,REJECTED,/quality-control/inspections/rejected/,VERIFIED,no gate return-entry was ever raised for any rejected lot
qc_rejected_lot,JIVO_OIL,980,2026-06-26,GE-2026-2958,PM0000468,CAPS 5 LTR GREEN,Cap_5l_green,1305.000,PCS,ECHO PLAST INDIA,return_to_vendor_gate_entry,NONE,,REJECTED,/quality-control/inspections/rejected/,VERIFIED,no gate return-entry was ever raised for any rejected lot
qc_rejected_lot,JIVO_OIL,920,2026-06-18,GE-2026-2918,PM0000468,CAPS 5 LTR GREEN,Cap_5l_green,2280.000,PCS,ECHO PLAST INDIA,return_to_vendor_gate_entry,NONE,,REJECTED,/quality-control/inspections/rejected/,VERIFIED,no gate return-entry was ever raised for any rejected lot
qc_rejected_lot,JIVO_OIL,855,2026-06-15,GE-2026-4625,PM0000053,HDPE BOTTLE 5 LTR,5 Ltr. Jerry Can,1905.000,PCS,ECHO PLAST INDIA,return_to_vendor_gate_entry,NONE,,REJECTED,/quality-control/inspections/rejected/,VERIFIED,no gate return-entry was ever raised for any rejected lot
qc_rejected_lot,JIVO_OIL,856,2026-06-15,GE-2026-4625,PM0000468,CAPS 5 LTR GREEN,Cap_5l_green,1380.000,PCS,ECHO PLAST INDIA,return_to_vendor_gate_entry,NONE,,REJECTED,/quality-control/inspections/rejected/,VERIFIED,no gate return-entry was ever raised for any rejected lot
qc_rejected_lot,JIVO_OIL,1011,2026-06-13,GE-2026-6611,PM0000889,LABEL 1 LTR DIVINE HARVEST CP KACHI GHANI BACK,Label_divine_harvest_cp_kg_mustard_1l_back,5500.000,PCS,ROYAL PRIME LABELS,return_to_vendor_gate_entry,NONE,,REJECTED,/quality-control/inspections/rejected/,VERIFIED,no gate return-entry was ever raised for any rejected lot
qc_rejected_lot,JIVO_OIL,818,2026-06-12,GE-2026-4765,PM0000468,CAPS 5 LTR GREEN,Cap_5l_green,612.000,PCS,S M PLAST & CHEMICALS VEND,return_to_vendor_gate_entry,NONE,,REJECTED,/quality-control/inspections/rejected/,VERIFIED,no gate return-entry was ever raised for any rejected lot
qc_rejected_lot,JIVO_OIL,817,2026-06-12,GE-2026-4765,PM0000053,HDPE BOTTLE 5 LTR,5 Ltr. Jerry Can,612.000,PCS,S M PLAST & CHEMICALS VEND,return_to_vendor_gate_entry,NONE,,REJECTED,/quality-control/inspections/rejected/,VERIFIED,no gate return-entry was ever raised for any rejected lot
qc_rejected_lot,JIVO_OIL,821,2026-06-12,GE-2026-2987,PM0000358,HDPE BOTTLE 5 LTR GOLD,5 Ltr. Jerry Can Golden,615.000,PCS,ECHO PLAST INDIA,return_to_vendor_gate_entry,NONE,,REJECTED,/quality-control/inspections/rejected/,VERIFIED,no gate return-entry was ever raised for any rejected lot
qc_rejected_lot,JIVO_OIL,820,2026-06-12,GE-2026-2987,PM0000469,CAPS 5 LTR BROWN,Cap 5l Brown,3034.000,PCS,ECHO PLAST INDIA,return_to_vendor_gate_entry,NONE,,REJECTED,/quality-control/inspections/rejected/,VERIFIED,no gate return-entry was ever raised for any rejected lot
qc_rejected_lot,JIVO_OIL,819,2026-06-12,GE-2026-2987,PM0000053,HDPE BOTTLE 5 LTR,5 Ltr. Jerry Can,2805.000,PCS,ECHO PLAST INDIA,return_to_vendor_gate_entry,NONE,,REJECTED,/quality-control/inspections/rejected/,VERIFIED,no gate return-entry was ever raised for any rejected lot
qc_rejected_lot,JIVO_OIL,803,2026-06-11,GE-2026-4080,PM0000053,HDPE BOTTLE 5 LTR,5 Ltr. Jerry Can,1880.000,PCS,A A ENTERPRISES,return_to_vendor_gate_entry,NONE,,REJECTED,/quality-control/inspections/rejected/,VERIFIED,no gate return-entry was ever raised for any rejected lot
qc_rejected_lot,JIVO_OIL,802,2026-06-11,GE-2026-4080,PM0000468,CAPS 5 LTR GREEN,Cap 5l Brown,1880.000,PCS,A A ENTERPRISES,return_to_vendor_gate_entry,NONE,,REJECTED,/quality-control/inspections/rejected/,VERIFIED,no gate return-entry was ever raised for any rejected lot
qc_rejected_lot,JIVO_OIL,749,2026-06-06,GE-2026-4525,PM0000053,HDPE BOTTLE 5 LTR,5 Ltr. Jerry Can,1500.000,PCS,ECHO PLAST INDIA,return_to_vendor_gate_entry,NONE,,REJECTED,/quality-control/inspections/rejected/,VERIFIED,no gate return-entry was ever raised for any rejected lot
qc_rejected_lot,JIVO_OIL,748,2026-06-06,GE-2026-4525,PM0000471,CAPS 5 LTR BLUE,5 Ltr. Jerry Can,2790.000,PCS,ECHO PLAST INDIA,return_to_vendor_gate_entry,NONE,,REJECTED,/quality-control/inspections/rejected/,VERIFIED,no gate return-entry was ever raised for any rejected lot
qc_rejected_lot,JIVO_OIL,750,2026-06-06,GE-2026-4525,PM0000358,HDPE BOTTLE 5 LTR GOLD,Cap 5l Brown,2790.000,PCS,ECHO PLAST INDIA,return_to_vendor_gate_entry,NONE,,REJECTED,/quality-control/inspections/rejected/,VERIFIED,no gate return-entry was ever raised for any rejected lot
qc_rejected_lot,JIVO_OIL,751,2026-06-06,GE-2026-4525,PM0000469,CAPS 5 LTR BROWN,Cap 5l Brown,1500.000,PCS,ECHO PLAST INDIA,return_to_vendor_gate_entry,NONE,,REJECTED,/quality-control/inspections/rejected/,VERIFIED,no gate return-entry was ever raised for any rejected lot
qc_rejected_lot,JIVO_OIL,741,2026-06-06,GE-2026-4782,PM0000053,HDPE BOTTLE 5 LTR,5 Ltr. Jerry Can,2360.000,PCS,A A ENTERPRISES,return_to_vendor_gate_entry,NONE,,REJECTED,/quality-control/inspections/rejected/,VERIFIED,no gate return-entry was ever raised for any rejected lot
qc_rejected_lot,JIVO_OIL,723,2026-06-04,GE-2026-8308,PM0000469,CAPS 5 LTR BROWN,Cap 5l Brown,3213.000,PCS,ECHO PLAST INDIA,return_to_vendor_gate_entry,NONE,,REJECTED,/quality-control/inspections/rejected/,VERIFIED,no gate return-entry was ever raised for any rejected lot
qc_rejected_lot,JIVO_OIL,716,2026-06-03,GE-2026-2825,PM0000468,CAPS 5 LTR GREEN,Cap 5l Brown,108.000,PCS,AG POLY PACKS PVT LTD,return_to_vendor_gate_entry,NONE,,REJECTED,/quality-control/inspections/rejected/,VERIFIED,no gate return-entry was ever raised for any rejected lot
qc_rejected_lot,JIVO_OIL,717,2026-06-03,GE-2026-2825,PM0000053,HDPE BOTTLE 5 LTR,5 Ltr. Jerry Can,108.000,PCS,AG POLY PACKS PVT LTD,return_to_vendor_gate_entry,NONE,,REJECTED,/quality-control/inspections/rejected/,VERIFIED,no gate return-entry was ever raised for any rejected lot
qc_rejected_lot,JIVO_OIL,634,2026-05-25,GE-2026-9224,PM0000358,HDPE BOTTLE 5 LTR GOLD,5 Ltr. Jerry Can,1680.000,PCS,ECHO PLAST INDIA,return_to_vendor_gate_entry,NONE,,REJECTED,/quality-control/inspections/rejected/,VERIFIED,no gate return-entry was ever raised for any rejected lot
qc_rejected_lot,JIVO_OIL,606,2026-05-19,GE-2026-4847,PM0000468,CAPS 5 LTR GREEN,Cap 5l Brown,2130.000,PCS,ECHO PLAST INDIA,return_to_vendor_gate_entry,NONE,,REJECTED,/quality-control/inspections/rejected/,VERIFIED,no gate return-entry was ever raised for any rejected lot
qc_rejected_lot,JIVO_OIL,602,2026-05-16,GE-2026-6113,PM0000195,PET BOTTLE 1 LTR 52 GMS GREEN,1 Ltr Pet Bottle Pomace (52gm) Br,4200.000,PCS,TPAC PACKAGING INDIA PVT LTD,return_to_vendor_gate_entry,NONE,,REJECTED,/quality-control/inspections/rejected/,VERIFIED,no gate return-entry was ever raised for any rejected lot
qc_rejected_lot,JIVO_OIL,599,2026-05-14,GE-2026-5246,PM0000358,HDPE BOTTLE 5 LTR GOLD,5 Ltr. Jerry Can,1182.000,PCS,ECHO PLAST INDIA,return_to_vendor_gate_entry,NONE,,REJECTED,/quality-control/inspections/rejected/,VERIFIED,no gate return-entry was ever raised for any rejected lot
qc_rejected_lot,JIVO_OIL,561,2026-05-05,GE-2026-2404,PM0000080,TIN 5 LTR POMACE OLIVE PRINTED,Printed Tin 5 Ltr,2927.000,PCS,NATIONAL TIN INDUSTRIES,return_to_vendor_gate_entry,NONE,,REJECTED,/quality-control/inspections/rejected/,VERIFIED,no gate return-entry was ever raised for any rejected lot
qc_rejected_lot,JIVO_OIL,417,2026-04-16,GE-2026-2581,PM0000468,CAPS 5 LTR GREEN,Cap 5l Brown,3750.000,PCS,RAJ TECHNOPACK PVT LTD,return_to_vendor_gate_entry,NONE,,REJECTED,/quality-control/inspections/rejected/,VERIFIED,no gate return-entry was ever raised for any rejected lot
qc_rejected_lot,JIVO_OIL,416,2026-04-16,GE-2026-2581,PM0000358,HDPE BOTTLE 5 LTR GOLD,5 Ltr. Jerry Can,3750.000,PCS,RAJ TECHNOPACK PVT LTD,return_to_vendor_gate_entry,NONE,,REJECTED,/quality-control/inspections/rejected/,VERIFIED,no gate return-entry was ever raised for any rejected lot
qc_rejected_lot,JIVO_OIL,447,2026-04-04,GE-2026-8498,PM0000470,CAPS 5 LTR ORANGE,Cap 5l Brown,550.000,PCS,RAJ TECHNOPACK PVT LTD,return_to_vendor_gate_entry,NONE,,REJECTED,/quality-control/inspections/rejected/,VERIFIED,no gate return-entry was ever raised for any rejected lot
qc_rejected_lot,JIVO_OIL,251,2026-03-26,GE-2026-1113,PM0000045,LABEL 5 LTR COLD PRESS BACK 365,Cold Press Canola 5 L/ 5 L Soyabean,50600.000,PCS,ZENBI INTERNATIONAL PRIVATE LIMITED,return_to_vendor_gate_entry,NONE,,REJECTED,/quality-control/inspections/rejected/,VERIFIED,no gate return-entry was ever raised for any rejected lot
qc_rejected_lot,JIVO_OIL,252,2026-03-26,GE-2026-1113,PM0000863,LABEL 5 LTR CANOLA FRONT (NIRMAL RISHI),Cold Press Canola 5 L/ 5 L Soyabean,50600.000,PCS,ZENBI INTERNATIONAL PRIVATE LIMITED,return_to_vendor_gate_entry,NONE,,REJECTED,/quality-control/inspections/rejected/,VERIFIED,no gate return-entry was ever raised for any rejected lot
qc_rejected_lot,JIVO_OIL,253,2026-03-26,GE-2026-3814,PM0000014,LABEL 1 LTR COLD PRESS BACK 8181,Label_cp_canola_1l_front,51400.000,PCS,ZENBI INTERNATIONAL PRIVATE LIMITED,return_to_vendor_gate_entry,NONE,,REJECTED,/quality-control/inspections/rejected/,VERIFIED,no gate return-entry was ever raised for any rejected lot
qc_rejected_lot,JIVO_OIL,254,2026-03-26,GE-2026-3814,PM0000864,LABEL 1 LTR CANOLA FRONT (NIRMAL RISHI),Label_cp_canola_1l_front,51400.000,PCS,ZENBI INTERNATIONAL PRIVATE LIMITED,return_to_vendor_gate_entry,NONE,,REJECTED,/quality-control/inspections/rejected/,VERIFIED,no gate return-entry was ever raised for any rejected lot
qc_rejected_lot,JIVO_OIL,256,2026-03-26,GE-2026-3814,PM0000860,LABEL 1 LTR SOYABEAN FULL,1 Ltr Jivo Soyabean(round ) Label,52350.000,PCS,ZENBI INTERNATIONAL PRIVATE LIMITED,return_to_vendor_gate_entry,NONE,,REJECTED,/quality-control/inspections/rejected/,VERIFIED,no gate return-entry was ever raised for any rejected lot
qc_rejected_lot,JIVO_OIL,150,2026-03-03,GE-2026-8179,PM0000014,LABEL 1 LTR COLD PRESS BACK 8181,Label_cp_canola_1l_front,52399.997,PCS,ZENBI INTERNATIONAL PRIVATE LIMITED,return_to_vendor_gate_entry,NONE,,REJECTED,/quality-control/inspections/rejected/,VERIFIED,no gate return-entry was ever raised for any rejected lot
qc_rejected_lot,JIVO_OIL,151,2026-03-03,GE-2026-8179,PM0000864,LABEL 1 LTR CANOLA FRONT (NIRMAL RISHI),Label_cp_canola_1l_front,51400.000,PCS,ZENBI INTERNATIONAL PRIVATE LIMITED,return_to_vendor_gate_entry,NONE,,REJECTED,/quality-control/inspections/rejected/,VERIFIED,no gate return-entry was ever raised for any rejected lot
qc_rejected_lot,JIVO_OIL,149,2026-03-03,GE-2026-8179,PM0000045,LABEL 5 LTR COLD PRESS BACK 365,Cold Press Canola 5 L/ 5 L Soyabean,50599.999,PCS,ZENBI INTERNATIONAL PRIVATE LIMITED,return_to_vendor_gate_entry,NONE,,REJECTED,/quality-control/inspections/rejected/,VERIFIED,no gate return-entry was ever raised for any rejected lot
qc_rejected_lot,JIVO_OIL,148,2026-03-03,GE-2026-8179,PM0000863,LABEL 5 LTR CANOLA FRONT (NIRMAL RISHI),Cold Press Canola 5 L/ 5 L Soyabean,51200.000,PCS,ZENBI INTERNATIONAL PRIVATE LIMITED,return_to_vendor_gate_entry,NONE,,REJECTED,/quality-control/inspections/rejected/,VERIFIED,no gate return-entry was ever raised for any rejected lot
qc_rejected_lot,JIVO_OIL,147,2026-03-03,GE-2026-8179,PM0000860,LABEL 1 LTR SOYABEAN FULL,1 Ltr Jivo Soyabean(round ) Label,52349.999,PCS,ZENBI INTERNATIONAL PRIVATE LIMITED,return_to_vendor_gate_entry,NONE,,REJECTED,/quality-control/inspections/rejected/,VERIFIED,no gate return-entry was ever raised for any rejected lot
qc_spec_bulk_oil,JIVO_OIL,1487,,,RM0000003,Mustard Oil,Mustard Oil,,,,Butyro_,58.6-61.7,,mandatory,/quality-control/material-types/184/parameters/,VERIFIED,"spec is per INCOMING OIL, not per finished product - no oil->product restriction exists in QC"
qc_spec_bulk_oil,JIVO_OIL,1488,,,RM0000003,Mustard Oil,Mustard Oil,,,,Refractive_Index,1.465-1.467 @ 40,,mandatory,/quality-control/material-types/184/parameters/,VERIFIED,"spec is per INCOMING OIL, not per finished product - no oil->product restriction exists in QC"
qc_spec_bulk_oil,JIVO_OIL,1489,,,RM0000003,Mustard Oil,Mustard Oil,,,,Pv,-,,mandatory,/quality-control/material-types/184/parameters/,VERIFIED,"spec is per INCOMING OIL, not per finished product - no oil->product restriction exists in QC"
qc_spec_bulk_oil,JIVO_OIL,1490,,,RM0000003,Mustard Oil,Mustard Oil,,,,Ffa,-,,mandatory,/quality-control/material-types/184/parameters/,VERIFIED,"spec is per INCOMING OIL, not per finished product - no oil->product restriction exists in QC"
qc_spec_bulk_oil,JIVO_OIL,1491,,,RM0000003,Mustard Oil,Mustard Oil,,,,Acid_Value,-,,mandatory,/quality-control/material-types/184/parameters/,VERIFIED,"spec is per INCOMING OIL, not per finished product - no oil->product restriction exists in QC"
qc_spec_bulk_oil,JIVO_OIL,1492,,,RM0000003,Mustard Oil,Mustard Oil,,,,Presence_Of_Tbhq_Oil,ABSENT/PRESENT,,mandatory,/quality-control/material-types/184/parameters/,VERIFIED,"spec is per INCOMING OIL, not per finished product - no oil->product restriction exists in QC"
qc_spec_bulk_oil,JIVO_OIL,1493,,,RM0000003,Mustard Oil,Mustard Oil,,,,Presence_Of_Argemone_Oil,ABSENT,,mandatory,/quality-control/material-types/184/parameters/,VERIFIED,"spec is per INCOMING OIL, not per finished product - no oil->product restriction exists in QC"
qc_spec_bulk_oil,JIVO_OIL,1494,,,RM0000003,Mustard Oil,Mustard Oil,,,,Presence_Of_Cotton_Seed_Oil,ABSENT,,mandatory,/quality-control/material-types/184/parameters/,VERIFIED,"spec is per INCOMING OIL, not per finished product - no oil->product restriction exists in QC"
qc_spec_bulk_oil,JIVO_OIL,1495,,,RM0000003,Mustard Oil,Mustard Oil,,,,Presence_Of_Tea_Seed_Oil,ABSENT,,mandatory,/quality-control/material-types/184/parameters/,VERIFIED,"spec is per INCOMING OIL, not per finished product - no oil->product restriction exists in QC"
qc_spec_bulk_oil,JIVO_OIL,1592,,,RM0000003,Mustard Oil,Mustard Oil,,,,Presence_Of_Mineral_Oil,ABSENT,,mandatory,/quality-control/material-types/184/parameters/,VERIFIED,"spec is per INCOMING OIL, not per finished product - no oil->product restriction exists in QC"
qc_spec_bulk_oil,JIVO_OIL,1593,,,RM0000003,Mustard Oil,Mustard Oil,,,,Presence_Of_Sesame_Oil,ABSENT,,mandatory,/quality-control/material-types/184/parameters/,VERIFIED,"spec is per INCOMING OIL, not per finished product - no oil->product restriction exists in QC"
qc_spec_bulk_oil,JIVO_OIL,1612,,,RM0000066,Peanut_oil,Peanut_oil,,,,B_R,54-57.1,@40,mandatory,/quality-control/material-types/203/parameters/,VERIFIED,"spec is per INCOMING OIL, not per finished product - no oil->product restriction exists in QC"
qc_spec_bulk_oil,JIVO_OIL,1613,,,RM0000066,Peanut_oil,Peanut_oil,,,,Ri,1.4620-1.4640,@ 40,mandatory,/quality-control/material-types/203/parameters/,VERIFIED,"spec is per INCOMING OIL, not per finished product - no oil->product restriction exists in QC"
qc_spec_bulk_oil,JIVO_OIL,1614,,,RM0000066,Peanut_oil,Peanut_oil,,,,Peroxide_Value,Less Than Or Equal To 15 Meq/kg,MEQ/KG,mandatory,/quality-control/material-types/203/parameters/,VERIFIED,"spec is per INCOMING OIL, not per finished product - no oil->product restriction exists in QC"
qc_spec_bulk_oil,JIVO_OIL,1615,,,RM0000066,Peanut_oil,Peanut_oil,,,,Free_Fatty_Acid_,Not More Than 0.3% By Weight,%,mandatory,/quality-control/material-types/203/parameters/,VERIFIED,"spec is per INCOMING OIL, not per finished product - no oil->product restriction exists in QC"
qc_spec_bulk_oil,JIVO_OIL,1616,,,RM0000066,Peanut_oil,Peanut_oil,,,,Acid_Value,---,%,mandatory,/quality-control/material-types/203/parameters/,VERIFIED,"spec is per INCOMING OIL, not per finished product - no oil->product restriction exists in QC"
qc_spec_bulk_oil,JIVO_OIL,1617,,,RM0000066,Peanut_oil,Peanut_oil,,,,Presence_Of_Tbhq_Oil,ABSENT/PRESENT,,mandatory,/quality-control/material-types/203/parameters/,VERIFIED,"spec is per INCOMING OIL, not per finished product - no oil->product restriction exists in QC"
qc_spec_bulk_oil,JIVO_OIL,1618,,,RM0000066,Peanut_oil,Peanut_oil,,,,Presence_Of_Argemone_Oil,ABSENT,,mandatory,/quality-control/material-types/203/parameters/,VERIFIED,"spec is per INCOMING OIL, not per finished product - no oil->product restriction exists in QC"
qc_spec_bulk_oil,JIVO_OIL,1619,,,RM0000066,Peanut_oil,Peanut_oil,,,,Presence_Of_Cotton_Seed_Oil,ABSENT,,mandatory,/quality-control/material-types/203/parameters/,VERIFIED,"spec is per INCOMING OIL, not per finished product - no oil->product restriction exists in QC"
qc_spec_bulk_oil,JIVO_OIL,1620,,,RM0000066,Peanut_oil,Peanut_oil,,,,Presence_Of_Tea_Seed_Oil,ABSENT,,mandatory,/quality-control/material-types/203/parameters/,VERIFIED,"spec is per INCOMING OIL, not per finished product - no oil->product restriction exists in QC"
qc_spec_bulk_oil,JIVO_OIL,1621,,,RM0000066,Peanut_oil,Peanut_oil,,,,Presence_Of_Mineral_Oil,ABSENT,,mandatory,/quality-control/material-types/203/parameters/,VERIFIED,"spec is per INCOMING OIL, not per finished product - no oil->product restriction exists in QC"
qc_spec_bulk_oil,JIVO_OIL,1622,,,RM0000066,Peanut_oil,Peanut_oil,,,,Presence_Of_Sesame_Oil,ABSENT,,mandatory,/quality-control/material-types/203/parameters/,VERIFIED,"spec is per INCOMING OIL, not per finished product - no oil->product restriction exists in QC"
qc_spec_bulk_oil,JIVO_OIL,2293,,,RM0000013,Pomace Olive Oil,Pomace Olive Oil,,,,B.r._,-,,mandatory,/quality-control/material-types/286/parameters/,VERIFIED,"spec is per INCOMING OIL, not per finished product - no oil->product restriction exists in QC"
qc_spec_bulk_oil,JIVO_OIL,2294,,,RM0000013,Pomace Olive Oil,Pomace Olive Oil,,,,R.i_@_20°_C,1.4680-1.4707 @20,,mandatory,/quality-control/material-types/286/parameters/,VERIFIED,"spec is per INCOMING OIL, not per finished product - no oil->product restriction exists in QC"
qc_spec_bulk_oil,JIVO_OIL,2295,,,RM0000013,Pomace Olive Oil,Pomace Olive Oil,,,,Pv,-,,mandatory,/quality-control/material-types/286/parameters/,VERIFIED,"spec is per INCOMING OIL, not per finished product - no oil->product restriction exists in QC"
qc_spec_bulk_oil,JIVO_OIL,2296,,,RM0000013,Pomace Olive Oil,Pomace Olive Oil,,,,Ffa,<1,,mandatory,/quality-control/material-types/286/parameters/,VERIFIED,"spec is per INCOMING OIL, not per finished product - no oil->product restriction exists in QC"
qc_spec_bulk_oil,JIVO_OIL,2297,,,RM0000013,Pomace Olive Oil,Pomace Olive Oil,,,,Acid_Value,-,,mandatory,/quality-control/material-types/286/parameters/,VERIFIED,"spec is per INCOMING OIL, not per finished product - no oil->product restriction exists in QC"
qc_spec_bulk_oil,JIVO_OIL,2298,,,RM0000013,Pomace Olive Oil,Pomace Olive Oil,,,,Presence_Of_Tbhq_Oil,ABSENT/PRESENT,,mandatory,/quality-control/material-types/286/parameters/,VERIFIED,"spec is per INCOMING OIL, not per finished product - no oil->product restriction exists in QC"
qc_spec_bulk_oil,JIVO_OIL,2299,,,RM0000013,Pomace Olive Oil,Pomace Olive Oil,,,,Presence_Of_Argemone_Oil,ABSENT,,mandatory,/quality-control/material-types/286/parameters/,VERIFIED,"spec is per INCOMING OIL, not per finished product - no oil->product restriction exists in QC"
qc_spec_bulk_oil,JIVO_OIL,2300,,,RM0000013,Pomace Olive Oil,Pomace Olive Oil,,,,Presence_Of_Cotton_Seed_Oil,ABSENT,,mandatory,/quality-control/material-types/286/parameters/,VERIFIED,"spec is per INCOMING OIL, not per finished product - no oil->product restriction exists in QC"
qc_spec_bulk_oil,JIVO_OIL,2301,,,RM0000013,Pomace Olive Oil,Pomace Olive Oil,,,,Presence_Of_Tea_Seed_Oil,ABSENT,,mandatory,/quality-control/material-types/286/parameters/,VERIFIED,"spec is per INCOMING OIL, not per finished product - no oil->product restriction exists in QC"
qc_spec_bulk_oil,JIVO_OIL,2302,,,RM0000013,Pomace Olive Oil,Pomace Olive Oil,,,,Presence_Of_Mineral_Oil,ABSENT,,mandatory,/quality-control/material-types/286/parameters/,VERIFIED,"spec is per INCOMING OIL, not per finished product - no oil->product restriction exists in QC"
qc_spec_bulk_oil,JIVO_OIL,2303,,,RM0000013,Pomace Olive Oil,Pomace Olive Oil,,,,Presence_Of_Sesame_Oil,ABSENT,,mandatory,/quality-control/material-types/286/parameters/,VERIFIED,"spec is per INCOMING OIL, not per finished product - no oil->product restriction exists in QC"
qc_spec_bulk_oil,JIVO_OIL,1545,,,RM0000025,Refined Soyben,Refined Soyben,,,,B.r._,58.5-68 @40,,mandatory,/quality-control/material-types/190/parameters/,VERIFIED,"spec is per INCOMING OIL, not per finished product - no oil->product restriction exists in QC"
qc_spec_bulk_oil,JIVO_OIL,1546,,,RM0000025,Refined Soyben,Refined Soyben,,,,R.i_@_20°_C,1.4649-1.4710 @40,,mandatory,/quality-control/material-types/190/parameters/,VERIFIED,"spec is per INCOMING OIL, not per finished product - no oil->product restriction exists in QC"
qc_spec_bulk_oil,JIVO_OIL,1547,,,RM0000025,Refined Soyben,Refined Soyben,,,,Pv,-,,mandatory,/quality-control/material-types/190/parameters/,VERIFIED,"spec is per INCOMING OIL, not per finished product - no oil->product restriction exists in QC"
qc_spec_bulk_oil,JIVO_OIL,1548,,,RM0000025,Refined Soyben,Refined Soyben,,,,Ffa,-,,mandatory,/quality-control/material-types/190/parameters/,VERIFIED,"spec is per INCOMING OIL, not per finished product - no oil->product restriction exists in QC"
qc_spec_bulk_oil,JIVO_OIL,1549,,,RM0000025,Refined Soyben,Refined Soyben,,,,Acid_Value,-,,mandatory,/quality-control/material-types/190/parameters/,VERIFIED,"spec is per INCOMING OIL, not per finished product - no oil->product restriction exists in QC"
qc_spec_bulk_oil,JIVO_OIL,1550,,,RM0000025,Refined Soyben,Refined Soyben,,,,Presence_Of_Tbhq_Oil,ABSENT/PRESENT,,mandatory,/quality-control/material-types/190/parameters/,VERIFIED,"spec is per INCOMING OIL, not per finished product - no oil->product restriction exists in QC"
qc_spec_bulk_oil,JIVO_OIL,1551,,,RM0000025,Refined Soyben,Refined Soyben,,,,Presence_Of_Argemone_Oil,ABSENT,,mandatory,/quality-control/material-types/190/parameters/,VERIFIED,"spec is per INCOMING OIL, not per finished product - no oil->product restriction exists in QC"
qc_spec_bulk_oil,JIVO_OIL,1552,,,RM0000025,Refined Soyben,Refined Soyben,,,,Presence_Of_Cotton_Seed_Oil,ABSENT,,mandatory,/quality-control/material-types/190/parameters/,VERIFIED,"spec is per INCOMING OIL, not per finished product - no oil->product restriction exists in QC"
qc_spec_bulk_oil,JIVO_OIL,1553,,,RM0000025,Refined Soyben,Refined Soyben,,,,Presence_Of_Tea_Seed_Oil,ABSENT,,mandatory,/quality-control/material-types/190/parameters/,VERIFIED,"spec is per INCOMING OIL, not per finished product - no oil->product restriction exists in QC"
qc_spec_bulk_oil,JIVO_OIL,1554,,,RM0000025,Refined Soyben,Refined Soyben,,,,Presence_Of_Mineral_Oil,ABSENT,,mandatory,/quality-control/material-types/190/parameters/,VERIFIED,"spec is per INCOMING OIL, not per finished product - no oil->product restriction exists in QC"
qc_spec_bulk_oil,JIVO_OIL,1555,,,RM0000025,Refined Soyben,Refined Soyben,,,,Presence_Of_Sesame_Oil,ABSENT,,mandatory,/quality-control/material-types/190/parameters/,VERIFIED,"spec is per INCOMING OIL, not per finished product - no oil->product restriction exists in QC"
qc_spec_bulk_oil,JIVO_OIL,1704,,,RM0000007,Rice Bran,Rice Bran,,,,B_R,51-66.4,,mandatory,/quality-control/material-types/210/parameters/,VERIFIED,"spec is per INCOMING OIL, not per finished product - no oil->product restriction exists in QC"
qc_spec_bulk_oil,JIVO_OIL,1705,,,RM0000007,Rice Bran,Rice Bran,,,,Ri,1.4600-1.4700,@40,mandatory,/quality-control/material-types/210/parameters/,VERIFIED,"spec is per INCOMING OIL, not per finished product - no oil->product restriction exists in QC"
qc_spec_bulk_oil,JIVO_OIL,1706,,,RM0000007,Rice Bran,Rice Bran,,,,Peroxide_Value,----,,mandatory,/quality-control/material-types/210/parameters/,VERIFIED,"spec is per INCOMING OIL, not per finished product - no oil->product restriction exists in QC"
qc_spec_bulk_oil,JIVO_OIL,1707,,,RM0000007,Rice Bran,Rice Bran,,,,Free_Fatty_Acid,----,,mandatory,/quality-control/material-types/210/parameters/,VERIFIED,"spec is per INCOMING OIL, not per finished product - no oil->product restriction exists in QC"
qc_spec_bulk_oil,JIVO_OIL,1708,,,RM0000007,Rice Bran,Rice Bran,,,,Acid_Value,Nmt 0.5,,mandatory,/quality-control/material-types/210/parameters/,VERIFIED,"spec is per INCOMING OIL, not per finished product - no oil->product restriction exists in QC"
qc_spec_bulk_oil,JIVO_OIL,1709,,,RM0000007,Rice Bran,Rice Bran,,,,Presence_Of_Tbhq_Oil,ABSENT/PRESENT,,mandatory,/quality-control/material-types/210/parameters/,VERIFIED,"spec is per INCOMING OIL, not per finished product - no oil->product restriction exists in QC"
qc_spec_bulk_oil,JIVO_OIL,1710,,,RM0000007,Rice Bran,Rice Bran,,,,Presence_Of_Argemone_Oil,ABSENT,,mandatory,/quality-control/material-types/210/parameters/,VERIFIED,"spec is per INCOMING OIL, not per finished product - no oil->product restriction exists in QC"
qc_spec_bulk_oil,JIVO_OIL,1711,,,RM0000007,Rice Bran,Rice Bran,,,,Presence_Of_Cotton_Seed_Oil,ABSENT,,mandatory,/quality-control/material-types/210/parameters/,VERIFIED,"spec is per INCOMING OIL, not per finished product - no oil->product restriction exists in QC"
qc_spec_bulk_oil,JIVO_OIL,1712,,,RM0000007,Rice Bran,Rice Bran,,,,Presence_Of_Tea_Seed_Oil,ABSENT,,mandatory,/quality-control/material-types/210/parameters/,VERIFIED,"spec is per INCOMING OIL, not per finished product - no oil->product restriction exists in QC"
qc_spec_bulk_oil,JIVO_OIL,1713,,,RM0000007,Rice Bran,Rice Bran,,,,Presence_Of_Mineral_Oil,ABSENT,,mandatory,/quality-control/material-types/210/parameters/,VERIFIED,"spec is per INCOMING OIL, not per finished product - no oil->product restriction exists in QC"
qc_spec_bulk_oil,JIVO_OIL,1714,,,RM0000007,Rice Bran,Rice Bran,,,,Presence_Of_Sesame_Oil,ABSENT,,mandatory,/quality-control/material-types/210/parameters/,VERIFIED,"spec is per INCOMING OIL, not per finished product - no oil->product restriction exists in QC"
qc_spec_bulk_oil,JIVO_OIL,2271,,,RM0000054,Sesame Oil,Sesame Oil,,,,Butyro_,58.0-61.0,@ 40,mandatory,/quality-control/material-types/285/parameters/,VERIFIED,"spec is per INCOMING OIL, not per finished product - no oil->product restriction exists in QC"
qc_spec_bulk_oil,JIVO_OIL,2272,,,RM0000054,Sesame Oil,Sesame Oil,,,,Refractive_Index,1.4646-1.4665,@ 40,mandatory,/quality-control/material-types/285/parameters/,VERIFIED,"spec is per INCOMING OIL, not per finished product - no oil->product restriction exists in QC"
qc_spec_bulk_oil,JIVO_OIL,2262,,,RM0000054,Sesame Oil,Sesame Oil,,,,Peroxide_Value,Less Than Or Equal To 15 Meq/kg,MEQ/KG,mandatory,/quality-control/material-types/285/parameters/,VERIFIED,"spec is per INCOMING OIL, not per finished product - no oil->product restriction exists in QC"
qc_spec_bulk_oil,JIVO_OIL,2263,,,RM0000054,Sesame Oil,Sesame Oil,,,,Free_Fatty_Acid_,%,%,mandatory,/quality-control/material-types/285/parameters/,VERIFIED,"spec is per INCOMING OIL, not per finished product - no oil->product restriction exists in QC"
qc_spec_bulk_oil,JIVO_OIL,2264,,,RM0000054,Sesame Oil,Sesame Oil,,,,Acid_Value,Not More Than 6.0,%,mandatory,/quality-control/material-types/285/parameters/,VERIFIED,"spec is per INCOMING OIL, not per finished product - no oil->product restriction exists in QC"
qc_spec_bulk_oil,JIVO_OIL,2265,,,RM0000054,Sesame Oil,Sesame Oil,,,,Presence_Of_Tbhq_Oil,ABSENT/PRESENT,,mandatory,/quality-control/material-types/285/parameters/,VERIFIED,"spec is per INCOMING OIL, not per finished product - no oil->product restriction exists in QC"
qc_spec_bulk_oil,JIVO_OIL,2266,,,RM0000054,Sesame Oil,Sesame Oil,,,,Presence_Of_Argemone_Oil,ABSENT,,mandatory,/quality-control/material-types/285/parameters/,VERIFIED,"spec is per INCOMING OIL, not per finished product - no oil->product restriction exists in QC"
qc_spec_bulk_oil,JIVO_OIL,2267,,,RM0000054,Sesame Oil,Sesame Oil,,,,Presence_Of_Cotton_Seed_Oil,ABSENT,,mandatory,/quality-control/material-types/285/parameters/,VERIFIED,"spec is per INCOMING OIL, not per finished product - no oil->product restriction exists in QC"
qc_spec_bulk_oil,JIVO_OIL,2268,,,RM0000054,Sesame Oil,Sesame Oil,,,,Presence_Of_Tea_Seed_Oil,ABSENT,,mandatory,/quality-control/material-types/285/parameters/,VERIFIED,"spec is per INCOMING OIL, not per finished product - no oil->product restriction exists in QC"
qc_spec_bulk_oil,JIVO_OIL,2269,,,RM0000054,Sesame Oil,Sesame Oil,,,,Presence_Of_Mineral_Oil,ABSENT,,mandatory,/quality-control/material-types/285/parameters/,VERIFIED,"spec is per INCOMING OIL, not per finished product - no oil->product restriction exists in QC"
qc_spec_bulk_oil,JIVO_OIL,2270,,,RM0000054,Sesame Oil,Sesame Oil,,,,Presence_Of_Sesame_Oil,ABSENT,,mandatory,/quality-control/material-types/285/parameters/,VERIFIED,"spec is per INCOMING OIL, not per finished product - no oil->product restriction exists in QC"
qc_spec_bulk_oil,JIVO_OIL,1601,,,SF0000001,Soyabean Oil,Soyabean Oil,,,,B.r._,58.5-68,,mandatory,/quality-control/material-types/201/parameters/,VERIFIED,"spec is per INCOMING OIL, not per finished product - no oil->product restriction exists in QC"
qc_spec_bulk_oil,JIVO_OIL,1602,,,SF0000001,Soyabean Oil,Soyabean Oil,,,,R.i_@_20°_C,1.4649-1.4710 @40,,mandatory,/quality-control/material-types/201/parameters/,VERIFIED,"spec is per INCOMING OIL, not per finished product - no oil->product restriction exists in QC"
qc_spec_bulk_oil,JIVO_OIL,1603,,,SF0000001,Soyabean Oil,Soyabean Oil,,,,Pv,Meq/kg,,mandatory,/quality-control/material-types/201/parameters/,VERIFIED,"spec is per INCOMING OIL, not per finished product - no oil->product restriction exists in QC"
qc_spec_bulk_oil,JIVO_OIL,1604,,,SF0000001,Soyabean Oil,Soyabean Oil,,,,Ffa,%,,mandatory,/quality-control/material-types/201/parameters/,VERIFIED,"spec is per INCOMING OIL, not per finished product - no oil->product restriction exists in QC"
qc_spec_bulk_oil,JIVO_OIL,1605,,,SF0000001,Soyabean Oil,Soyabean Oil,,,,Acid_Value,%,,mandatory,/quality-control/material-types/201/parameters/,VERIFIED,"spec is per INCOMING OIL, not per finished product - no oil->product restriction exists in QC"
qc_spec_bulk_oil,JIVO_OIL,1606,,,SF0000001,Soyabean Oil,Soyabean Oil,,,,Presence_Of_Tbhq_Oil,ABSENT/PRESENT,,mandatory,/quality-control/material-types/201/parameters/,VERIFIED,"spec is per INCOMING OIL, not per finished product - no oil->product restriction exists in QC"
qc_spec_bulk_oil,JIVO_OIL,1607,,,SF0000001,Soyabean Oil,Soyabean Oil,,,,Presence_Of_Argemone_Oil,ABSENT,,mandatory,/quality-control/material-types/201/parameters/,VERIFIED,"spec is per INCOMING OIL, not per finished product - no oil->product restriction exists in QC"
qc_spec_bulk_oil,JIVO_OIL,1608,,,SF0000001,Soyabean Oil,Soyabean Oil,,,,Presence_Of_Cotton_Seed_Oil,ABSENT,,mandatory,/quality-control/material-types/201/parameters/,VERIFIED,"spec is per INCOMING OIL, not per finished product - no oil->product restriction exists in QC"
qc_spec_bulk_oil,JIVO_OIL,1609,,,SF0000001,Soyabean Oil,Soyabean Oil,,,,Presence_Of_Tea_Seed_Oil,ABSENT,,mandatory,/quality-control/material-types/201/parameters/,VERIFIED,"spec is per INCOMING OIL, not per finished product - no oil->product restriction exists in QC"
qc_spec_bulk_oil,JIVO_OIL,1610,,,SF0000001,Soyabean Oil,Soyabean Oil,,,,Presence_Of_Mineral_Oil,ABSENT,,mandatory,/quality-control/material-types/201/parameters/,VERIFIED,"spec is per INCOMING OIL, not per finished product - no oil->product restriction exists in QC"
qc_spec_bulk_oil,JIVO_OIL,1611,,,SF0000001,Soyabean Oil,Soyabean Oil,,,,Presence_Of_Sesame_Oil,ABSENT,,mandatory,/quality-control/material-types/201/parameters/,VERIFIED,"spec is per INCOMING OIL, not per finished product - no oil->product restriction exists in QC"
grpo_lag,JIVO_OIL,,,,,PM_PACKAGING_ONLY,,,,,qc_to_grpo_post_median,0.72,days,,computed: /grpo/history/?status=POSTED joined to inspections on entry_no,VERIFIED,every app-posted GRPO is packaging; ZERO bulk-oil GRPOs have ever gone through the factory app
grpo_lag,JIVO_OIL,,,,,PM_PACKAGING_ONLY,,,,,qc_to_grpo_post_mean,0.74,days,,computed: /grpo/history/?status=POSTED joined to inspections on entry_no,VERIFIED,every app-posted GRPO is packaging; ZERO bulk-oil GRPOs have ever gone through the factory app
grpo_lag,JIVO_OIL,,,,,PM_PACKAGING_ONLY,,,,,qc_to_grpo_post_p90,1.79,days,,computed: /grpo/history/?status=POSTED joined to inspections on entry_no,VERIFIED,every app-posted GRPO is packaging; ZERO bulk-oil GRPOs have ever gone through the factory app
grpo_lag,JIVO_OIL,,,,,PM_PACKAGING_ONLY,,,,,qc_to_grpo_post_max,4.32,days,,computed: /grpo/history/?status=POSTED joined to inspections on entry_no,VERIFIED,every app-posted GRPO is packaging; ZERO bulk-oil GRPOs have ever gone through the factory app
grpo_lag,JIVO_OIL,,,,,PM_PACKAGING_ONLY,,,,,n,258,count,,computed: /grpo/history/?status=POSTED joined to inspections on entry_no,VERIFIED,every app-posted GRPO is packaging; ZERO bulk-oil GRPOs have ever gone through the factory app
grpo_lag,JIVO_OIL,,,,,RM_BULK_OIL,,,,,grpos_posted_via_app,0,count,,set intersection of RM entry_nos (113) with posted entry_nos (246) = 0,VERIFIED,"bulk-oil GRPOs are keyed by hand in the SAP client, not pushed from the factory app"
grpo_lag,JIVO_OIL,,,,,RM_BULK_OIL,,,,,sap_grpo_docdate_to_createdate_avg,1.65,days,,"HANA OPDN/PDN1 DAYS_BETWEEN(DocDate,CreateDate), ItemCode LIKE RM%, DocDate>=2026-04-01, n=225 GRPOs",VERIFIED,"oil appears in SAP ~1.65d AFTER arrival, backdated to the arrival date; max 37d"
grpo_lag,JIVO_OIL,,,,,PM_PACKAGING,,,,,sap_grpo_docdate_to_createdate_avg,1.77,days,,"HANA OPDN/PDN1, ItemCode LIKE PM%, n=682 GRPOs",VERIFIED,
grpo_backlog,JIVO_OIL,,,,,ALL,,,,,entries_cleared_qc_not_posted_from_app,456,count,,/grpo/pending/ all 19 pages,VERIFIED,"median age 57.3d, p90 162d, max 192d; 174 older than 90d"
grpo_backlog,JIVO_OIL,,,,,RM_BULK_OIL,,,,,entries_in_pending_queue,109,count,,intersection of RM entry_nos with /grpo/pending/,VERIFIED,
grpo_backlog,JIVO_OIL,,,,,ALL,,,,,backlog_is_real_stock_gap,NO,verdict,,spot-check: 15 of 19 sampled pending POs already have SAP GRPOs in OPDN/PDN1; the 4 misses are 1-2 days old,VERIFIED,"the app queue is an app-side bookkeeping backlog, NOT invisible stock"
returns_sap_by_warehouse,JIVO_OIL,,,,,BH-BT,,244063,PCS,,credit_notes,11,docs,INTERCO,"HANA ORIN/RIN1 DocDate 2026-04-01..2026-08-31, CANCELED='N', Quantity>0",VERIFIED,net_value_INR=84947654.9; returned stock posts BACK INTO this warehouse and is usable again
returns_sap_by_warehouse,JIVO_OIL,,,,,GP-FG,,66096,PCS,,credit_notes,39,docs,EXTERNAL,"HANA ORIN/RIN1 DocDate 2026-04-01..2026-08-31, CANCELED='N', Quantity>0",VERIFIED,net_value_INR=11902753.0; returned stock posts BACK INTO this warehouse and is usable again
returns_sap_by_warehouse,JIVO_OIL,,,,,BH-GR,,46474,PCS,,credit_notes,111,docs,INTERCO,"HANA ORIN/RIN1 DocDate 2026-04-01..2026-08-31, CANCELED='N', Quantity>0",VERIFIED,net_value_INR=12608012.1; returned stock posts BACK INTO this warehouse and is usable again
returns_sap_by_warehouse,JIVO_OIL,,,,,BH-PS,,34795,PCS,,credit_notes,20,docs,EXTERNAL,"HANA ORIN/RIN1 DocDate 2026-04-01..2026-08-31, CANCELED='N', Quantity>0",VERIFIED,net_value_INR=5531742.0; returned stock posts BACK INTO this warehouse and is usable again
returns_sap_by_warehouse,JIVO_OIL,,,,,BH-EC,,34341,PCS,,credit_notes,28,docs,INTERCO,"HANA ORIN/RIN1 DocDate 2026-04-01..2026-08-31, CANCELED='N', Quantity>0",VERIFIED,net_value_INR=9379328.7; returned stock posts BACK INTO this warehouse and is usable again
returns_sap_by_warehouse,JIVO_OIL,,,,,BH-GR,,24742.02,PCS,,credit_notes,224,docs,EXTERNAL,"HANA ORIN/RIN1 DocDate 2026-04-01..2026-08-31, CANCELED='N', Quantity>0",VERIFIED,net_value_INR=6777778.0; returned stock posts BACK INTO this warehouse and is usable again
returns_sap_by_warehouse,JIVO_OIL,,,,,GP-FG,,18996,PCS,,credit_notes,13,docs,INTERCO,"HANA ORIN/RIN1 DocDate 2026-04-01..2026-08-31, CANCELED='N', Quantity>0",VERIFIED,net_value_INR=6491557.2; returned stock posts BACK INTO this warehouse and is usable again
returns_sap_by_warehouse,JIVO_OIL,,,,,BH-PF,,9769,PCS,,credit_notes,4,docs,INTERCO,"HANA ORIN/RIN1 DocDate 2026-04-01..2026-08-31, CANCELED='N', Quantity>0",VERIFIED,net_value_INR=3550664.5; returned stock posts BACK INTO this warehouse and is usable again
returns_sap_by_warehouse,JIVO_OIL,,,,,BH-BT,,7136,PCS,,credit_notes,6,docs,EXTERNAL,"HANA ORIN/RIN1 DocDate 2026-04-01..2026-08-31, CANCELED='N', Quantity>0",VERIFIED,net_value_INR=2184476.8; returned stock posts BACK INTO this warehouse and is usable again
returns_sap_by_warehouse,JIVO_OIL,,,,,PB-ST,,6202,PCS,,credit_notes,7,docs,EXTERNAL,"HANA ORIN/RIN1 DocDate 2026-04-01..2026-08-31, CANCELED='N', Quantity>0",VERIFIED,net_value_INR=880680.1; returned stock posts BACK INTO this warehouse and is usable again
returns_sap_by_warehouse,JIVO_OIL,,,,,PB-RG,,4400,PCS,,credit_notes,3,docs,EXTERNAL,"HANA ORIN/RIN1 DocDate 2026-04-01..2026-08-31, CANCELED='N', Quantity>0",VERIFIED,net_value_INR=69179.2; returned stock posts BACK INTO this warehouse and is usable again
returns_sap_by_warehouse,JIVO_OIL,,,,,PB-JP,,3509,PCS,,credit_notes,4,docs,EXTERNAL,"HANA ORIN/RIN1 DocDate 2026-04-01..2026-08-31, CANCELED='N', Quantity>0",VERIFIED,net_value_INR=1982265.3; returned stock posts BACK INTO this warehouse and is usable again
returns_sap_by_warehouse,JIVO_OIL,,,,,BH-FG,,1472,PCS,,credit_notes,10,docs,EXTERNAL,"HANA ORIN/RIN1 DocDate 2026-04-01..2026-08-31, CANCELED='N', Quantity>0",VERIFIED,net_value_INR=721665.9; returned stock posts BACK INTO this warehouse and is usable again
returns_sap_by_warehouse,JIVO_OIL,,,,,BH-EC,,1370,PCS,,credit_notes,5,docs,EXTERNAL,"HANA ORIN/RIN1 DocDate 2026-04-01..2026-08-31, CANCELED='N', Quantity>0",VERIFIED,net_value_INR=390961.3; returned stock posts BACK INTO this warehouse and is usable again
returns_sap_by_warehouse,JIVO_OIL,,,,,BH-FG,,1330,PCS,,credit_notes,8,docs,INTERCO,"HANA ORIN/RIN1 DocDate 2026-04-01..2026-08-31, CANCELED='N', Quantity>0",VERIFIED,net_value_INR=776383.2; returned stock posts BACK INTO this warehouse and is usable again
returns_sap_by_warehouse,JIVO_OIL,,,,,PB-SG,,1264,PCS,,credit_notes,3,docs,EXTERNAL,"HANA ORIN/RIN1 DocDate 2026-04-01..2026-08-31, CANCELED='N', Quantity>0",VERIFIED,net_value_INR=153353.7; returned stock posts BACK INTO this warehouse and is usable again
returns_sap_by_warehouse,JIVO_OIL,,,,,BH-LR,,1125,PCS,,credit_notes,67,docs,EXTERNAL,"HANA ORIN/RIN1 DocDate 2026-04-01..2026-08-31, CANCELED='N', Quantity>0",VERIFIED,net_value_INR=878485.2; returned stock posts BACK INTO this warehouse and is usable again
returns_sap_by_warehouse,JIVO_OIL,,,,,BH-PF,,540,PCS,,credit_notes,7,docs,EXTERNAL,"HANA ORIN/RIN1 DocDate 2026-04-01..2026-08-31, CANCELED='N', Quantity>0",VERIFIED,net_value_INR=331830.8; returned stock posts BACK INTO this warehouse and is usable again
returns_sap_by_warehouse,JIVO_OIL,,,,,BH-SC,,115,PCS,,credit_notes,1,docs,EXTERNAL,"HANA ORIN/RIN1 DocDate 2026-04-01..2026-08-31, CANCELED='N', Quantity>0",VERIFIED,net_value_INR=8857.1; returned stock posts BACK INTO this warehouse and is usable again
returns_sap_by_warehouse,JIVO_OIL,,,,,BH-FA,,3,PCS,,credit_notes,3,docs,EXTERNAL,"HANA ORIN/RIN1 DocDate 2026-04-01..2026-08-31, CANCELED='N', Quantity>0",VERIFIED,net_value_INR=65000.0; returned stock posts BACK INTO this warehouse and is usable again
returns_summary,JIVO_OIL,,,,,EXTERNAL,,,,,returned_FG_pieces,152556,pcs,,"HANA ORIN/RIN1, ItemCode LIKE FG%, Apr-Aug 2026",VERIFIED,5 months
returns_summary,JIVO_OIL,,,,,EXTERNAL,,,,,returned_FG_litres_est,214255,litres,,pack size parsed from item name in SQL CASE,INFERRED,99.5% of pieces matched a pack-size pattern; unmatched counted as 0 L
returns_summary,JIVO_OIL,,,,,EXTERNAL,,,,,returned_FG_litres_per_month_est,42851,litres_per_month,,computed,INFERRED,
returns_summary,JIVO_OIL,,,,,INTERCO,,,,,returned_FG_pieces,337739,pcs,,"HANA ORIN/RIN1, ItemCode LIKE FG%, Apr-Aug 2026",VERIFIED,5 months
returns_summary,JIVO_OIL,,,,,INTERCO,,,,,returned_FG_litres_est,546004,litres,,pack size parsed from item name in SQL CASE,INFERRED,99.1% of pieces matched a pack-size pattern; unmatched counted as 0 L
returns_summary,JIVO_OIL,,,,,INTERCO,,,,,returned_FG_litres_per_month_est,109201,litres_per_month,,computed,INFERRED,
returns_summary,JIVO_OIL,,,,,TOTAL,,,,,returned_FG_litres_per_month_est,152052,litres_per_month,,computed,INFERRED,"~3.5% of the 4,323,300 L Sept plan comes back into FG godowns each month"
returns_summary,JIVO_OIL,,,,,ALL,,,,,credit_notes_total,639,docs,,HANA ORIN Apr-Aug 2026 CANCELED='N',VERIFIED,net value INR 15.19 Cr
returns_summary,JIVO_OIL,,,,,ALL,,,,,credit_notes_value_only_no_stock,65,docs,,HANA ORIN/RIN1 Quantity=0,VERIFIED,"rate-difference credits, INR 23.07 L, no storage impact"
returns_summary,JIVO_OIL,,,,,ALL,,,,,returns_re_enter_usable_stock,YES,verdict,,every physical credit-note line carries a WhsCode and posts a positive receipt,VERIFIED,"no quarantine, no QC re-inspection on return - it goes straight back to sellable stock"
returns_factory_app,JIVO_OIL,,,,,marketplace_returns (Flipkart/Amazon parcels),,,,,rows,1,count,,factory.jivo.in live,VERIFIED,JIVO_MART only; 403 WRONG_COMPANY on Oil; the single row is status SCANNING
returns_factory_app,JIVO_OIL,,,,,gate_rejected_qc_returns (failed lots back to vendor),,,,,rows,0,count,,factory.jivo.in live,VERIFIED,EMPTY on Oil despite 51 rejected lots - rejected packaging has no recorded exit
returns_factory_app,JIVO_OIL,,,,,gate_bst_returns (branch stock transfer back),,,,,rows,0,count,,factory.jivo.in live,VERIFIED,empty on Oil
returns_factory_app,JIVO_OIL,,,,,returnable_items RGP/NRGP gate passes,,,,,rows,73,count,,factory.jivo.in live,VERIFIED,"40 returnable + 33 non-returnable; pumps/motors/moulds/samples, not FG; 9 still OUT"
returns_factory_app,JIVO_OIL,,,,,production_qc_sessions (FG release gate),,,,,rows,6,count,,factory.jivo.in live,VERIFIED,ALL 6 are DRAFT with 0 parameters recorded - FG release QC is not actually being used
returns_factory_app,JIVO_OIL,,,,,qc_online_monitoring (in-line readings),,,,,rows,2,count,,factory.jivo.in live,VERIFIED,"2 rows, one is literally test data (product ""Test"", batch ""weew"")"
returns_factory_app,ALL,,,,,SALES_RETURNS,,,,,present_in_factory_app,NO,verdict,,every returns-shaped endpoint enumerated and called,VERIFIED,customer/distributor sales returns live ONLY in SAP as CreditNotes (ORIN). The factory app does not hold them.
qc_constraint,JIVO_OIL,,,,,oil_to_product_mapping,,,,,qc_restricts_which_oil_goes_into_which_product,NO,verdict,,"7 bulk-oil material types, each mapped 1:1 to ONE SAP RM code; 11 identity/purity params each; no product/FG reference anywhere in QC master data",VERIFIED,QC tests the INCOMING oil against an FSSAI identity spec for that oil. Once ACCEPTED the lot is just accepted stock of that RM code. The any-oil-any-line rule survives QC.
qc_constraint,JIVO_OIL,,,,,qc_release_gates_use,,,,,material_needs_QC_release_before_use,YES_BY_DESIGN,verdict,,GRPO domain: gate entry -> arrival slip -> QC accept -> only then GRPO posts to SAP,VERIFIED,but the practical delay is small: median 5.8h for oil
qc_constraint,JIVO_OIL,,,,,bulk_oil_qc_coverage,,,,,factory_QC_vs_SAP_GRPO_tonnage_Aug2026,2007.7 MT app vs 1860.1 MT SAP (108%),ratio,,app inspections billing_qty MTS vs HANA OPDN/PDN1 for the 6 oil RM codes,VERIFIED,QC covers ~100% of bulk-oil arrivals since Jul-2026; app leads SAP because month-end arrivals are keyed next month
