section,company,as_of,date,line,run_id,run_number,item_code,product,pack_litres,pieces_per_case,metric,value,unit,minutes,cases,pieces,litres,preset_speed,achieved_speed,pct_of_preset,remark,status,who,n,p25,median,p75,p90,max,verified,detail
LIVE_NOW,JIVO_OIL,2026-08-30T22:04:16+05:30,2026-08-30,10 Head,281,3,FG0000064,EXTRA LIGHT OIVE 2 LTR 10 PCS HANDLE,2.0,10,open run on line,IDLE - last segment closed,,227,480,4800,9600,1260,1532,122,TEA TIME; LUNCH TIME; CLOSE,IN_PROGRESS,sup=Ravi op=Ajeet labour=18,,,,,,,VERIFIED-live,"first segment 09:29, last closed 14:16, idle 468 min at as_of; typed rated_speed=1260.00; sap_sync=NOT_APPLICABLE; wh_approval=PARTIALLY_APPROVED"
LIVE_NOW,JIVO_OIL,2026-08-30T22:04:16+05:30,2026-08-30,10 Head,285,7,FG0000032,COLD PRESS 1 LTR 20 PCS,1.0,20,open run on line,IDLE - last segment closed,,215,105,2100,2100,2100,2520,120,TEA TIME; Close,IN_PROGRESS,sup=RAVI op=AJEET labour=18,,,,,,,VERIFIED-live,"first segment 15:27, last closed 19:04, idle 179 min at as_of; typed rated_speed=2100.00; sap_sync=NOT_APPLICABLE; wh_approval=PARTIALLY_APPROVED"
LIVE_NOW,JIVO_OIL,2026-08-30T22:04:16+05:30,2026-08-30,6 Head,282,4,FG0000151,SANO POMACE OLIVE 5 LTR TIN 4 PCS,5.0,4,open run on line,IDLE - last segment closed,,3,51,204,1020,600,4080,680,Close,IN_PROGRESS,sup=Ravi op=Mukesh labour=18,,,,,,,VERIFIED-live,"first segment 09:29, last closed 09:32, idle 752 min at as_of; typed rated_speed=600.00; sap_sync=NOT_APPLICABLE; wh_approval=PARTIALLY_APPROVED"
LIVE_NOW,JIVO_OIL,2026-08-30T22:04:16+05:30,2026-08-30,6 Head,283,5,FG0000374,YELLOW MUSTARD OIL 5 LTR TIN 4 PCS,5.0,4,open run on line,IDLE - last segment closed,,480,789,3156,15780,600,601,100,TEA TIME; LUNCH TIME; TEA TIME; Close,IN_PROGRESS,sup=Ravi op=Mukesh labour=18,,,,,,,VERIFIED-live,"first segment 09:40, last closed 19:05, idle 179 min at as_of; typed rated_speed=600.00; sap_sync=NOT_APPLICABLE; wh_approval=PARTIALLY_APPROVED"
LIVE_NOW,JIVO_OIL,2026-08-30T22:04:16+05:30,2026-08-30,Clear Pack,279,1,FG0000150,SANO POMACE OLIVE 1 LTR 16 PCS,1.0,16,open run on line,IDLE - last segment closed,,495,1515,24240,24240,4800,4407,92,Tea time; LUNCH TIME; TEA TIME; Close,IN_PROGRESS,sup=Ravi op=Rupesh labour=18,,,,,,,VERIFIED-live,"first segment 09:29, last closed 19:05, idle 179 min at as_of; typed rated_speed=4800.00; sap_sync=NOT_APPLICABLE; wh_approval=PARTIALLY_APPROVED"
LIVE_NOW,JIVO_OIL,2026-08-30T22:04:16+05:30,2026-08-30,JP Machine,280,2,FG0000030,MUSTARD KACHI GHANI 1 LTR 20 PCS,1.0,20,open run on line,IDLE - last segment closed,,491,1080,21600,21600,5400,3975,74,TEA TIME; LUNCH TIME; TEA TIME; Close,IN_PROGRESS,sup=Ravi op=Sudesh pradhan labour=18,,,,,,,VERIFIED-live,"first segment 09:29, last closed 19:05, idle 178 min at as_of; typed rated_speed=5400.00; sap_sync=NOT_APPLICABLE; wh_approval=PARTIALLY_APPROVED"
LIVE_NOW,JIVO_OIL,2026-08-30T22:04:16+05:30,2026-08-30,Pouch Machine,284,6,FG0000194,SOYABEAN OIL 1 LTR POUCH 12 PCS,1.0,12,open run on line,IDLE - last segment closed,,412,1012,12144,12144,2400,2950,123,Tea time; LUNCH TIME; TEA TIME; Close,IN_PROGRESS,sup=Ravi op=Amit labour=8,,,,,,,VERIFIED-live,"first segment 10:54, last closed 19:05, idle 179 min at as_of; typed rated_speed=2400.00; sap_sync=NOT_APPLICABLE; wh_approval=PARTIALLY_APPROVED"
LIVE_NOW,JIVO_OIL,2026-08-30T22:04:16+05:30,2026-08-30,Tin Head,,,,,,,open run on line,NO RUN TODAY,,,,,,,,,,IDLE,,,,,,,,VERIFIED-live,line exists and is_active=true in the app but had no production run raised on 2026-08-30
LIVE_NOW,JIVO_OIL,2026-08-30T22:04:16+05:30,2026-08-30,Manual,,,,,,,open run on line,NO RUN TODAY,,,,,,,,,,IDLE,,,,,,,,VERIFIED-live,line exists and is_active=true in the app but had no production run raised on 2026-08-30
LINE_MASTER,JIVO_OIL,2026-08-30T22:04:16+05:30,,10 Head,,,,,,,line master record,id=3,,,,,,,,,,ACTIVE,,,,,,,,VERIFIED-live,standard_hours_per_day=22.00 standard_hours_per_month=572.00 electricity_units_per_hour=None created=2026-04-08
LINE_MASTER,JIVO_OIL,2026-08-30T22:04:16+05:30,,6 Head,,,,,,,line master record,id=4,,,,,,,,,,ACTIVE,,,,,,,,VERIFIED-live,standard_hours_per_day=22.00 standard_hours_per_month=572.00 electricity_units_per_hour=None created=2026-04-08
LINE_MASTER,JIVO_OIL,2026-08-30T22:04:16+05:30,,Clear Pack,,,,,,,line master record,id=1,,,,,,,,,,ACTIVE,,,,,,,,VERIFIED-live,standard_hours_per_day=22.00 standard_hours_per_month=572.00 electricity_units_per_hour=None created=2026-04-08
LINE_MASTER,JIVO_OIL,2026-08-30T22:04:16+05:30,,JP Machine,,,,,,,line master record,id=2,,,,,,,,,,ACTIVE,,,,,,,,VERIFIED-live,standard_hours_per_day=22.00 standard_hours_per_month=572.00 electricity_units_per_hour=None created=2026-04-08
LINE_MASTER,JIVO_OIL,2026-08-30T22:04:16+05:30,,Manual,,,,,,,line master record,id=7,,,,,,,,,,ACTIVE,,,,,,,,VERIFIED-live,standard_hours_per_day=22.00 standard_hours_per_month=572.00 electricity_units_per_hour=None created=2026-06-01
LINE_MASTER,JIVO_OIL,2026-08-30T22:04:16+05:30,,Pouch Machine,,,,,,,line master record,id=5,,,,,,,,,,ACTIVE,,,,,,,,VERIFIED-live,standard_hours_per_day=22.00 standard_hours_per_month=572.00 electricity_units_per_hour=None created=2026-04-08
LINE_MASTER,JIVO_OIL,2026-08-30T22:04:16+05:30,,Tin Head,,,,,,,line master record,id=6,,,,,,,,,,ACTIVE,,,,,,,,VERIFIED-live,standard_hours_per_day=22.00 standard_hours_per_month=572.00 electricity_units_per_hour=None created=2026-04-08
LINE_MASTER,JIVO_BEVERAGES,2026-08-30T22:04:16+05:30,,Filler,,,,,,,line master record,id=11,,,,,,,,,,ACTIVE,,,,,,,,VERIFIED-live,standard_hours_per_day=22.00 standard_hours_per_month=572.00 electricity_units_per_hour=None created=2026-07-27
LINE_MASTER,JIVO_BEVERAGES,2026-08-30T22:04:16+05:30,,Sidel,,,,,,,line master record,id=8,,,,,,,,,,ACTIVE,,,,,,,,VERIFIED-live,standard_hours_per_day=22.00 standard_hours_per_month=572.00 electricity_units_per_hour=None created=2026-07-10
LINE_CONFIG,JIVO_OIL,2026-08-30T22:04:16+05:30,,10 Head,,,,,,,configured pack preset,1 LTR,pieces/hour,,,,,2100.00,,,,,,,,,,,,VERIFIED-live,config id=7 labour_count=0 supervisor='' operators='' sku_code=BLANK
LINE_CONFIG,JIVO_OIL,2026-08-30T22:04:16+05:30,,10 Head,,,,,,,configured pack preset,2 LTR,pieces/hour,,,,,1260.00,,,,,,,,,,,,VERIFIED-live,config id=8 labour_count=0 supervisor='' operators='' sku_code=BLANK
LINE_CONFIG,JIVO_OIL,2026-08-30T22:04:16+05:30,,10 Head,,,,,,,configured pack preset,5 LTR,pieces/hour,,,,,900.00,,,,,,,,,,,,VERIFIED-live,config id=9 labour_count=0 supervisor='' operators='' sku_code=BLANK
LINE_CONFIG,JIVO_OIL,2026-08-30T22:04:16+05:30,,6 Head,,,,,,,configured pack preset,1 LTR,pieces/hour,,,,,1080.00,,,,,,,,,,,,VERIFIED-live,config id=10 labour_count=0 supervisor='' operators='' sku_code=BLANK
LINE_CONFIG,JIVO_OIL,2026-08-30T22:04:16+05:30,,6 Head,,,,,,,configured pack preset,2 LTR,pieces/hour,,,,,720.00,,,,,,,,,,,,VERIFIED-live,config id=11 labour_count=0 supervisor='' operators='' sku_code=BLANK
LINE_CONFIG,JIVO_OIL,2026-08-30T22:04:16+05:30,,6 Head,,,,,,,configured pack preset,5 LTR,pieces/hour,,,,,600.00,,,,,,,,,,,,VERIFIED-live,config id=12 labour_count=0 supervisor='' operators='' sku_code=BLANK
LINE_CONFIG,JIVO_OIL,2026-08-30T22:04:16+05:30,,Clear Pack,,,,,,,configured pack preset,1 LTR,pieces/hour,,,,,4800.00,,,,,,,,,,,,VERIFIED-live,config id=4 labour_count=0 supervisor='' operators='' sku_code=BLANK
LINE_CONFIG,JIVO_OIL,2026-08-30T22:04:16+05:30,,Clear Pack,,,,,,,configured pack preset,5 LTR,pieces/hour,,,,,3000.00,,,,,,,,,,,,VERIFIED-live,config id=5 labour_count=0 supervisor='' operators='' sku_code=BLANK
LINE_CONFIG,JIVO_OIL,2026-08-30T22:04:16+05:30,,JP Machine,,,,,,,configured pack preset,1 LTR,pieces/hour,,,,,5400.00,,,,,,,,,,,,VERIFIED-live,config id=6 labour_count=0 supervisor='' operators='' sku_code=BLANK
LINE_CONFIG,JIVO_OIL,2026-08-30T22:04:16+05:30,,Pouch Machine,,,,,,,configured pack preset,Hitech,pieces/hour,,,,,1800.00,,,,,,,,,,,,VERIFIED-live,config id=13 labour_count=0 supervisor='' operators='' sku_code=BLANK
LINE_CONFIG,JIVO_OIL,2026-08-30T22:04:16+05:30,,Pouch Machine,,,,,,,configured pack preset,Samarpan,pieces/hour,,,,,2400.00,,,,,,,,,,,,VERIFIED-live,config id=14 labour_count=0 supervisor='' operators='' sku_code=BLANK
LINE_CONFIG,JIVO_BEVERAGES,2026-08-30T22:04:16+05:30,,Sidel,,,FG0000268,PET BOTTLE 1 LTR JIVO NATURAL MINERAL* (12 PCS),,12,configured pack preset,1 Ltr,pieces/hour,,,,,15000.00,,,,,,,,,,,,VERIFIED-live,config id=2 labour_count=0 supervisor='' operators='' sku_code=SET
LINE_CONFIG,JIVO_BEVERAGES,2026-08-30T22:04:16+05:30,,Sidel,,,FG0000328,PET BOTTLE 250 ML JIVO NATURAL MINERAL SPECIAL EDITION ARSHDEEP  * (24 PCS),,24,configured pack preset,250ml,pieces/hour,,,,,18000.00,,,,,,,,,,,,VERIFIED-live,config id=15 labour_count=0 supervisor='' operators='' sku_code=SET
LINE_CONFIG,JIVO_BEVERAGES,2026-08-30T22:04:16+05:30,,Sidel,,,FG0000276,PET BOTTLE 500 MLS JIVO NATURAL MINERAL* (24 PCS),,24,configured pack preset,500mL,pieces/hour,,,,,18000.00,,,,,,,,,,,,VERIFIED-live,config id=3 labour_count=0 supervisor='' operators='' sku_code=SET
LINE_CONFIG,JIVO_OIL,2026-08-30T22:04:16+05:30,,,,,,,,,machine master (/production-execution/machines/),0 rows,,,,,,,,,,,,,,,,,,VERIFIED-live,"EMPTY in all three companies. Runs carry machine_ids=[]; run machine-runtime and manpower endpoints return []. The app has LINES, not machines."
LINE_CONFIG,JIVO_MART,2026-08-30T22:04:16+05:30,,,,,,,,,machine master (/production-execution/machines/),0 rows,,,,,,,,,,,,,,,,,,VERIFIED-live,"EMPTY in all three companies. Runs carry machine_ids=[]; run machine-runtime and manpower endpoints return []. The app has LINES, not machines."
LINE_CONFIG,JIVO_BEVERAGES,2026-08-30T22:04:16+05:30,,,,,,,,,machine master (/production-execution/machines/),0 rows,,,,,,,,,,,,,,,,,,VERIFIED-live,"EMPTY in all three companies. Runs carry machine_ids=[]; run machine-runtime and manpower endpoints return []. The app has LINES, not machines."
LINE_CONFIG,JIVO_OIL,2026-08-30T22:04:16+05:30,,Synergy 1/4 (blowing),,,,,,,preform spec,Frystal,,,,,,,,,,,,,,,,,,VERIFIED-live,"{""id"": 7, ""make"": ""Frystal"", ""gram"": ""40.00"", ""preforms_per_box"": 600, ""preform_rate_per_bottle"": ""6.3000"", ""sap_item_code"": ""PM0000594"", ""sap_item_name"": ""PREFORM 40 GMS 36 MM"", ""bottle_weight_g"": ""40.00"", ""bottles_per_kg"": null, ""mould_cost"": null, ""mould_life_bottles"": null, ""std_make_cost_per_bo"
LINE_CONFIG,JIVO_OIL,2026-08-30T22:04:16+05:30,,Synergy 1/4 (blowing),,,,,,,preform spec,Frystal,,,,,,,,,,,,,,,,,,VERIFIED-live,"{""id"": 8, ""make"": ""Frystal"", ""gram"": ""50.00"", ""preforms_per_box"": 600, ""preform_rate_per_bottle"": ""7.8950"", ""sap_item_code"": ""PM0000852"", ""sap_item_name"": ""PREFORM 49.5 GMS 36 MM"", ""bottle_weight_g"": ""50.00"", ""bottles_per_kg"": null, ""mould_cost"": null, ""mould_life_bottles"": null, ""std_make_cost_per_"
LINE_CONFIG,JIVO_OIL,2026-08-30T22:04:16+05:30,,Synergy 1/4 (blowing),,,,,,,preform spec,pioneer,,,,,,,,,,,,,,,,,,VERIFIED-live,"{""id"": 10, ""make"": ""pioneer"", ""gram"": ""40.00"", ""preforms_per_box"": 500, ""preform_rate_per_bottle"": ""6.2800"", ""sap_item_code"": ""PM0000594"", ""sap_item_name"": ""PREFORM 40 GMS 36 MM"", ""bottle_weight_g"": null, ""bottles_per_kg"": null, ""mould_cost"": null, ""mould_life_bottles"": null, ""std_make_cost_per_bott"
LINE_CONFIG,JIVO_OIL,2026-08-30T22:04:16+05:30,,Synergy 1/4 (blowing),,,,,,,preform spec,Pioneer,,,,,,,,,,,,,,,,,,VERIFIED-live,"{""id"": 9, ""make"": ""Pioneer"", ""gram"": ""49.50"", ""preforms_per_box"": 490, ""preform_rate_per_bottle"": ""7.8500"", ""sap_item_code"": ""PM0000852"", ""sap_item_name"": ""PREFORM 49.5 GMS 36 MM"", ""bottle_weight_g"": null, ""bottles_per_kg"": null, ""mould_cost"": null, ""mould_life_bottles"": null, ""std_make_cost_per_bot"
LINE_RATE,JIVO_OIL,2026-08-30T22:04:16+05:30,,10 Head,,,,,0.5,,"PLANNING RATE BRACKET, pieces/hour (low = output / ALL recorded segment minutes incl. the dead end-of-shift block; high = output / minutes inside the productive window)",1738 - 1738,pieces/hour,232,,6720,,,1738,,,,,1,1738,1738,1738,3757,3757,"VERIFIED-live (app segments) / INFERRED (the split of output between segments is partly keyed at run close, so the bracket is wide)",LOW 1738 pph = all recorded segment minutes. HIGH 1738 pph = only minutes inside the productive window. Best single 45-min+ segment observed: 3757 pph. Use the LOW figure to plan a whole shift and the HIGH figure to size a burst.
LINE_RATE,JIVO_OIL,2026-08-30T22:04:16+05:30,,10 Head,,,,,1.0,,"PLANNING RATE BRACKET, pieces/hour (low = output / ALL recorded segment minutes incl. the dead end-of-shift block; high = output / minutes inside the productive window)",1781 - 2659,pieces/hour,13266,,393800,,2100,2659,127,,,,30,1781,2760,3153,4849,13642,"VERIFIED-live (app segments) / INFERRED (the split of output between segments is partly keyed at run close, so the bracket is wide)",LOW 1781 pph = all recorded segment minutes. HIGH 2659 pph = only minutes inside the productive window. Best single 45-min+ segment observed: 13642 pph = 650% of the 2100 preset. Use the LOW figure to plan a whole shift and the HIGH figure to size a burst.
LINE_RATE,JIVO_OIL,2026-08-30T22:04:16+05:30,,10 Head,,,,,2.0,,"PLANNING RATE BRACKET, pieces/hour (low = output / ALL recorded segment minutes incl. the dead end-of-shift block; high = output / minutes inside the productive window)",1281 - 1393,pieces/hour,487,,10400,,1260,1393,111,,,,2,1281,1412,1532,1826,1826,"VERIFIED-live (app segments) / INFERRED (the split of output between segments is partly keyed at run close, so the bracket is wide)",LOW 1281 pph = all recorded segment minutes. HIGH 1393 pph = only minutes inside the productive window. Best single 45-min+ segment observed: 1826 pph = 145% of the 1260 preset. Use the LOW figure to plan a whole shift and the HIGH figure to size a burst.
LINE_RATE,JIVO_OIL,2026-08-30T22:04:16+05:30,,6 Head,,,,,1.0,,"PLANNING RATE BRACKET, pieces/hour (low = output / ALL recorded segment minutes incl. the dead end-of-shift block; high = output / minutes inside the productive window)",1683 - 3584,pieces/hour,3080,,86400,,1080,3584,332,,,,6,1683,1840,2919,2008,2077,"VERIFIED-live (app segments) / INFERRED (the split of output between segments is partly keyed at run close, so the bracket is wide)",LOW 1683 pph = all recorded segment minutes. HIGH 3584 pph = only minutes inside the productive window. Best single 45-min+ segment observed: 2077 pph = 192% of the 1080 preset. Use the LOW figure to plan a whole shift and the HIGH figure to size a burst.
LINE_RATE,JIVO_OIL,2026-08-30T22:04:16+05:30,,6 Head,,,,,2.0,,"PLANNING RATE BRACKET, pieces/hour (low = output / ALL recorded segment minutes incl. the dead end-of-shift block; high = output / minutes inside the productive window)",708 - 1317,pieces/hour,2182,,25750,,720,1317,183,,,,4,708,1856,4853,2835,2835,"VERIFIED-live (app segments) / INFERRED (the split of output between segments is partly keyed at run close, so the bracket is wide)",LOW 708 pph = all recorded segment minutes. HIGH 1317 pph = only minutes inside the productive window. Best single 45-min+ segment observed: 2835 pph = 394% of the 720 preset. Use the LOW figure to plan a whole shift and the HIGH figure to size a burst.
LINE_RATE,JIVO_OIL,2026-08-30T22:04:16+05:30,,6 Head,,,,,3.0,,"PLANNING RATE BRACKET, pieces/hour (low = output / ALL recorded segment minutes incl. the dead end-of-shift block; high = output / minutes inside the productive window)",739 - 911,pieces/hour,712,,8772,,,911,,,,,3,739,1471,2143,633,633,"VERIFIED-live (app segments) / INFERRED (the split of output between segments is partly keyed at run close, so the bracket is wide)",LOW 739 pph = all recorded segment minutes. HIGH 911 pph = only minutes inside the productive window. Best single 45-min+ segment observed: 633 pph. Use the LOW figure to plan a whole shift and the HIGH figure to size a burst.
LINE_RATE,JIVO_OIL,2026-08-30T22:04:16+05:30,,6 Head,,,,,5.0,,"PLANNING RATE BRACKET, pieces/hour (low = output / ALL recorded segment minutes incl. the dead end-of-shift block; high = output / minutes inside the productive window)",481 - 892,pieces/hour,6885,,55235,,600,892,149,,,,19,481,841,1314,1937,2280,"VERIFIED-live (app segments) / INFERRED (the split of output between segments is partly keyed at run close, so the bracket is wide)",LOW 481 pph = all recorded segment minutes. HIGH 892 pph = only minutes inside the productive window. Best single 45-min+ segment observed: 2280 pph = 380% of the 600 preset. Use the LOW figure to plan a whole shift and the HIGH figure to size a burst.
LINE_RATE,JIVO_OIL,2026-08-30T22:04:16+05:30,,Clear Pack,,,,,1.0,,"PLANNING RATE BRACKET, pieces/hour (low = output / ALL recorded segment minutes incl. the dead end-of-shift block; high = output / minutes inside the productive window)",2311 - 2874,pieces/hour,9467,,364610,,4800,2874,60,,,,21,2311,3429,4407,4174,9231,"VERIFIED-live (app segments) / INFERRED (the split of output between segments is partly keyed at run close, so the bracket is wide)",LOW 2311 pph = all recorded segment minutes. HIGH 2874 pph = only minutes inside the productive window. Best single 45-min+ segment observed: 9231 pph = 192% of the 4800 preset. Use the LOW figure to plan a whole shift and the HIGH figure to size a burst.
LINE_RATE,JIVO_OIL,2026-08-30T22:04:16+05:30,,Clear Pack,,,,,5.0,,"PLANNING RATE BRACKET, pieces/hour (low = output / ALL recorded segment minutes incl. the dead end-of-shift block; high = output / minutes inside the productive window)",1025 - 1509,pieces/hour,4391,,75032,,3000,1509,50,,,,14,1025,1259,1871,1287,2695,"VERIFIED-live (app segments) / INFERRED (the split of output between segments is partly keyed at run close, so the bracket is wide)",LOW 1025 pph = all recorded segment minutes. HIGH 1509 pph = only minutes inside the productive window. Best single 45-min+ segment observed: 2695 pph = 90% of the 3000 preset. Use the LOW figure to plan a whole shift and the HIGH figure to size a burst.
LINE_RATE,JIVO_OIL,2026-08-30T22:04:16+05:30,,JP Machine,,,,,0.2,,"PLANNING RATE BRACKET, pieces/hour (low = output / ALL recorded segment minutes incl. the dead end-of-shift block; high = output / minutes inside the productive window)",2398 - 35850,pieces/hour,755,,30170,,,35850,,,,,1,2398,0,0,,,"VERIFIED-live (app segments) / INFERRED (the split of output between segments is partly keyed at run close, so the bracket is wide)",LOW 2398 pph = all recorded segment minutes. HIGH 35850 pph = only minutes inside the productive window. Best single 45-min+ segment observed: n/a pph. Use the LOW figure to plan a whole shift and the HIGH figure to size a burst.
LINE_RATE,JIVO_OIL,2026-08-30T22:04:16+05:30,,JP Machine,,,,,0.955,,"PLANNING RATE BRACKET, pieces/hour (low = output / ALL recorded segment minutes incl. the dead end-of-shift block; high = output / minutes inside the productive window)",2104 - 3645,pieces/hour,600,,21040,,,3645,,,,,2,2104,2888,4837,3643,3643,"VERIFIED-live (app segments) / INFERRED (the split of output between segments is partly keyed at run close, so the bracket is wide)",LOW 2104 pph = all recorded segment minutes. HIGH 3645 pph = only minutes inside the productive window. Best single 45-min+ segment observed: 3643 pph. Use the LOW figure to plan a whole shift and the HIGH figure to size a burst.
LINE_RATE,JIVO_OIL,2026-08-30T22:04:16+05:30,,JP Machine,,,,,1.0,,"PLANNING RATE BRACKET, pieces/hour (low = output / ALL recorded segment minutes incl. the dead end-of-shift block; high = output / minutes inside the productive window)",2433 - 2629,pieces/hour,10308,,417904,,5400,2629,49,,,,27,2433,2863,3287,3652,5341,"VERIFIED-live (app segments) / INFERRED (the split of output between segments is partly keyed at run close, so the bracket is wide)",LOW 2433 pph = all recorded segment minutes. HIGH 2629 pph = only minutes inside the productive window. Best single 45-min+ segment observed: 5341 pph = 99% of the 5400 preset. Use the LOW figure to plan a whole shift and the HIGH figure to size a burst.
LINE_RATE,JIVO_OIL,2026-08-30T22:04:16+05:30,,Pouch Machine,,,,,0.769,,"PLANNING RATE BRACKET, pieces/hour (low = output / ALL recorded segment minutes incl. the dead end-of-shift block; high = output / minutes inside the productive window)",2747 - 5143,pieces/hour,367,,16800,,,5143,,,,,1,2747,5143,5143,6072,6072,"VERIFIED-live (app segments) / INFERRED (the split of output between segments is partly keyed at run close, so the bracket is wide)",LOW 2747 pph = all recorded segment minutes. HIGH 5143 pph = only minutes inside the productive window. Best single 45-min+ segment observed: 6072 pph. Use the LOW figure to plan a whole shift and the HIGH figure to size a burst.
LINE_RATE,JIVO_OIL,2026-08-30T22:04:16+05:30,,Pouch Machine,,,,,0.824,,"PLANNING RATE BRACKET, pieces/hour (low = output / ALL recorded segment minutes incl. the dead end-of-shift block; high = output / minutes inside the productive window)",3414 - 4804,pieces/hour,1300,,73980,,,4804,,,,,3,3414,4320,5536,6537,6537,"VERIFIED-live (app segments) / INFERRED (the split of output between segments is partly keyed at run close, so the bracket is wide)",LOW 3414 pph = all recorded segment minutes. HIGH 4804 pph = only minutes inside the productive window. Best single 45-min+ segment observed: 6537 pph. Use the LOW figure to plan a whole shift and the HIGH figure to size a burst.
LINE_RATE,JIVO_OIL,2026-08-30T22:04:16+05:30,,Pouch Machine,,,,,1.0,,"PLANNING RATE BRACKET, pieces/hour (low = output / ALL recorded segment minutes incl. the dead end-of-shift block; high = output / minutes inside the productive window)",1243 - 3026,pieces/hour,1551,,32124,,2400,3026,126,,,,3,1243,2950,4605,2880,2880,"VERIFIED-live (app segments) / INFERRED (the split of output between segments is partly keyed at run close, so the bracket is wide)",LOW 1243 pph = all recorded segment minutes. HIGH 3026 pph = only minutes inside the productive window. Best single 45-min+ segment observed: 2880 pph = 120% of the 2400 preset. Use the LOW figure to plan a whole shift and the HIGH figure to size a burst.
LINE_RATE,JIVO_OIL,2026-08-30T22:04:16+05:30,,Tin Head,,,,,13.187,,"PLANNING RATE BRACKET, pieces/hour (low = output / ALL recorded segment minutes incl. the dead end-of-shift block; high = output / minutes inside the productive window)",816 - 816,pieces/hour,216,,2936,,,816,,,,,1,816,816,816,973,973,"VERIFIED-live (app segments) / INFERRED (the split of output between segments is partly keyed at run close, so the bracket is wide)",LOW 816 pph = all recorded segment minutes. HIGH 816 pph = only minutes inside the productive window. Best single 45-min+ segment observed: 973 pph. Use the LOW figure to plan a whole shift and the HIGH figure to size a burst.
LINE_RATE,JIVO_OIL,2026-08-30T22:04:16+05:30,,Tin Head,,,,,15.0,,"PLANNING RATE BRACKET, pieces/hour (low = output / ALL recorded segment minutes incl. the dead end-of-shift block; high = output / minutes inside the productive window)",155 - 337,pieces/hour,766,,1974,,240,337,140,,,,1,155,337,337,1087,1087,"VERIFIED-live (app segments) / INFERRED (the split of output between segments is partly keyed at run close, so the bracket is wide)",LOW 155 pph = all recorded segment minutes. HIGH 337 pph = only minutes inside the productive window. Best single 45-min+ segment observed: 1087 pph = 453% of the 240 preset. Use the LOW figure to plan a whole shift and the HIGH figure to size a burst.
LINE_RATE_VS_REFERENCE,JIVO_OIL,2026-08-30T22:04:16+05:30,,JP Machine,,,,,1.0,,PLAN-AND-LINES.md rated speed,5400,pieces/hour,,,,,,2433,45,,,,,,,,,,VERIFIED-live,MEASURED 2433 pph = 45% of the 5400 in PLAN-AND-LINES.md
LINE_RATE_VS_REFERENCE,JIVO_OIL,2026-08-30T22:04:16+05:30,,Clear Pack,,,,,1.0,,PLAN-AND-LINES.md rated speed,4800,pieces/hour,,,,,,2311,48,,,,,,,,,,VERIFIED-live,MEASURED 2311 pph = 48% of the 4800 in PLAN-AND-LINES.md
LINE_RATE_VS_REFERENCE,JIVO_OIL,2026-08-30T22:04:16+05:30,,Clear Pack,,,,,5.0,,PLAN-AND-LINES.md rated speed,3000,pieces/hour,,,,,,1025,34,,,,,,,,,,VERIFIED-live,MEASURED 1025 pph = 34% of the 3000 in PLAN-AND-LINES.md
LINE_RATE_VS_REFERENCE,JIVO_OIL,2026-08-30T22:04:16+05:30,,10 Head,,,,,1.0,,PLAN-AND-LINES.md rated speed,2100,pieces/hour,,,,,,1781,85,,,,,,,,,,VERIFIED-live,MEASURED 1781 pph = 85% of the 2100 in PLAN-AND-LINES.md
LINE_RATE_VS_REFERENCE,JIVO_OIL,2026-08-30T22:04:16+05:30,,10 Head,,,,,2.0,,PLAN-AND-LINES.md rated speed,1260,pieces/hour,,,,,,1281,102,,,,,,,,,,VERIFIED-live,MEASURED 1281 pph = 102% of the 1260 in PLAN-AND-LINES.md
LINE_RATE_VS_REFERENCE,JIVO_OIL,2026-08-30T22:04:16+05:30,,10 Head,,,,,5.0,,PLAN-AND-LINES.md rated speed,900,pieces/hour,,,,,,,,,,,,,,,,,NOT-CHECKED-no-data,NO RUN HISTORY on this line+pack; figure unverifiable from the app
LINE_RATE_VS_REFERENCE,JIVO_OIL,2026-08-30T22:04:16+05:30,,6 Head,,,,,1.0,,PLAN-AND-LINES.md rated speed,1080,pieces/hour,,,,,,1683,156,,,,,,,,,,VERIFIED-live,MEASURED 1683 pph = 156% of the 1080 in PLAN-AND-LINES.md
LINE_RATE_VS_REFERENCE,JIVO_OIL,2026-08-30T22:04:16+05:30,,6 Head,,,,,2.0,,PLAN-AND-LINES.md rated speed,720,pieces/hour,,,,,,708,98,,,,,,,,,,VERIFIED-live,MEASURED 708 pph = 98% of the 720 in PLAN-AND-LINES.md
LINE_RATE_VS_REFERENCE,JIVO_OIL,2026-08-30T22:04:16+05:30,,6 Head,,,,,5.0,,PLAN-AND-LINES.md rated speed,600,pieces/hour,,,,,,481,80,,,,,,,,,,VERIFIED-live,MEASURED 481 pph = 80% of the 600 in PLAN-AND-LINES.md
LINE_RATE_VS_REFERENCE,JIVO_OIL,2026-08-30T22:04:16+05:30,,Pouch Machine,,,,,1.0,,PLAN-AND-LINES.md rated speed,1800,pieces/hour,,,,,,1243,69,,,,,,,,,,VERIFIED-live,MEASURED 1243 pph = 69% of the 1800 in PLAN-AND-LINES.md
LINE_RATE_VS_REFERENCE,JIVO_OIL,2026-08-30T22:04:16+05:30,,Pouch Machine,,,,,1.0,,PLAN-AND-LINES.md rated speed,2400,pieces/hour,,,,,,1243,52,,,,,,,,,,VERIFIED-live,MEASURED 1243 pph = 52% of the 2400 in PLAN-AND-LINES.md
LINE_RATE_VS_REFERENCE,JIVO_OIL,2026-08-30T22:04:16+05:30,,Tin Head,,,,,15.0,,PLAN-AND-LINES.md rated speed,240,pieces/hour,,,,,,155,64,,,,,,,,,,VERIFIED-live,MEASURED 155 pph = 64% of the 240 in PLAN-AND-LINES.md
RUN,JIVO_OIL,2026-08-30T22:04:16+05:30,2026-04-13,10 Head,1,1,FG0000085,COLD PRESS SOYABEAN 5 LTR 4 PCS,5.0,4,production run,header figure used,,0,900,3600,18000,900,,,required=200.00 cases,COMPLETED,sup=Naresh Kumar op=Naresh Kumar labour=8 created_by_user=2,2,,,,,,VERIFIED-live,typed rated_speed=28.00; header_total_production=900.0; segment_sum=0; productive_min=0; breakdown_min=0; rejected=0.0; reworked=0.0; sap_sync=FAILED; sap_doc_entry=2650; wh_approval=APPROVED
RUN,JIVO_OIL,2026-08-30T22:04:16+05:30,2026-05-04,10 Head,2,1,FG0000142,COLD PRESS GROUNDNUT OIL 1 LTR 16 PCS,1.0,16,production run,header figure used,,0,0,0,,2100,,,required=200.00 cases,DRAFT,sup=Rupesh op=Rupesh labour=17 created_by_user=19,0,,,,,,VERIFIED-live,typed rated_speed=1920.00; header_total_production=0.0; segment_sum=0; productive_min=0; breakdown_min=0; rejected=0.0; reworked=0.0; sap_sync=NOT_APPLICABLE; sap_doc_entry=3651; wh_approval=REJECTED
RUN,JIVO_OIL,2026-08-30T22:04:16+05:30,2026-05-04,10 Head,3,2,FG0000142,COLD PRESS GROUNDNUT OIL 1 LTR 16 PCS,1.0,16,production run,header figure used,,9,18,288,288,2100,1920,91,required=200.00 cases,COMPLETED,sup=naresh kumar op=Gagandeep Singh labour=17 created_by_user=19,2,,,,,,VERIFIED-live,typed rated_speed=1920.00; header_total_production=18.0; segment_sum=18; productive_min=9; breakdown_min=0; rejected=0.0; reworked=0.0; sap_sync=FAILED; sap_doc_entry=3651; wh_approval=APPROVED
RUN,JIVO_OIL,2026-08-30T22:04:16+05:30,2026-05-04,10 Head,4,3,FG0000081,COLD PRESS SUNFLOWER 1 LTR 20 PCS,1.0,20,production run,segments figure used,,2,2,40,40,2100,1200,57,required=200.00 cases,IN_PROGRESS,sup=naresh kumar op=Gagandeep Singh labour=17 created_by_user=19,3,,,,,,VERIFIED-live,typed rated_speed=2000.00; header_total_production=0.0; segment_sum=2; productive_min=2; breakdown_min=0; rejected=0.0; reworked=0.0; sap_sync=NOT_APPLICABLE; sap_doc_entry=6175; wh_approval=APPROVED
RUN,JIVO_OIL,2026-08-30T22:04:16+05:30,2026-05-04,10 Head,5,4,FG0000227,RICE BRAN OIL 1 LTR 16 PCS,1.0,16,production run,header figure used,,0,100,1600,1600,2100,,,required=200.00 cases,COMPLETED,sup=Naresh Kumar op=Naresh Kumar labour=8 created_by_user=19,1,,,,,,VERIFIED-live,typed rated_speed=112.00; header_total_production=100.0; segment_sum=100; productive_min=0; breakdown_min=0; rejected=0.0; reworked=0.0; sap_sync=FAILED; sap_doc_entry=6189; wh_approval=APPROVED
RUN,JIVO_OIL,2026-08-30T22:04:16+05:30,2026-05-26,10 Head,6,1,FG0000085,COLD PRESS SOYABEAN 5 LTR 4 PCS,5.0,4,production run,header figure used,,1,4,16,80,900,960,107,required=200.00 cases,COMPLETED,sup=Naresh Kumar op=Naresh Kumar labour=8 created_by_user=19,2,,,,,,VERIFIED-live,typed rated_speed=28.00; header_total_production=4.0; segment_sum=4; productive_min=1; breakdown_min=0; rejected=0.0; reworked=0.0; sap_sync=FAILED; sap_doc_entry=2650; wh_approval=PARTIALLY_APPROVED
RUN,JIVO_OIL,2026-08-30T22:04:16+05:30,2026-06-11,10 Head,8,2,FG0000085,COLD PRESS SOYABEAN 5 LTR 4 PCS,5.0,4,production run,header figure used,,0,0,0,,900,,,required=None cases,DRAFT,sup= op= labour=0 created_by_user=19,0,,,,,,VERIFIED-live,typed rated_speed=None; header_total_production=0.0; segment_sum=0; productive_min=0; breakdown_min=0; rejected=0.0; reworked=0.0; sap_sync=NOT_APPLICABLE; sap_doc_entry=2650; wh_approval=NOT_REQUESTED
RUN,JIVO_OIL,2026-08-30T22:04:16+05:30,2026-06-11,Clear Pack,7,1,,,,0,production run,header figure used,,0,0,0,,,,,required=None cases,DRAFT,sup= op= labour=0 created_by_user=28,0,,,,,,VERIFIED-live,typed rated_speed=None; header_total_production=0.0; segment_sum=0; productive_min=0; breakdown_min=0; rejected=0.0; reworked=0.0; sap_sync=NOT_APPLICABLE; sap_doc_entry=None; wh_approval=NOT_REQUESTED
RUN,JIVO_OIL,2026-08-30T22:04:16+05:30,2026-06-12,Tin Head,9,1,FG0000169,REFINED COTTON SEED OIL 13 KGS,14.285714285714285,1,production run,segments figure used,,0,55,55,786,,,,required=2000.00 cases,IN_PROGRESS,sup=Ravi op=Mukesh Das labour=12 created_by_user=24,2,,,,,,VERIFIED-live,typed rated_speed=454.00; header_total_production=0.0; segment_sum=55; productive_min=0; breakdown_min=0; rejected=0.0; reworked=0.0; sap_sync=NOT_APPLICABLE; sap_doc_entry=2945; wh_approval=PARTIALLY_APPROVED
RUN,JIVO_OIL,2026-08-30T22:04:16+05:30,2026-07-08,10 Head,10,1,FG0000085,FG0000085,,4,production run,header figure used,,0,0,0,,,,,required=10.00 cases,DRAFT,sup= op= labour=0 created_by_user=1,0,,,,,,VERIFIED-live,typed rated_speed=None; header_total_production=0.0; segment_sum=0; productive_min=0; breakdown_min=0; rejected=0.0; reworked=0.0; sap_sync=NOT_APPLICABLE; sap_doc_entry=2650; wh_approval=PARTIALLY_APPROVED
RUN,JIVO_OIL,2026-08-30T22:04:16+05:30,2026-07-08,10 Head,11,2,FG0000085,FG0000085,,4,production run,header figure used,,0,0,0,,,,,required=10.00 cases,DRAFT,sup= op= labour=0 created_by_user=1,0,,,,,,VERIFIED-live,typed rated_speed=None; header_total_production=0.0; segment_sum=0; productive_min=0; breakdown_min=0; rejected=0.0; reworked=0.0; sap_sync=NOT_APPLICABLE; sap_doc_entry=2650; wh_approval=PARTIALLY_APPROVED
RUN,JIVO_OIL,2026-08-30T22:04:16+05:30,2026-07-10,10 Head,15,4,FG0000028,POMACE OLIVE 1 LTR 16 PCS,1.0,16,production run,segments figure used,,1,1900,30400,30400,2100,1824000,86857,required=1000.00 cases,COMPLETED,sup=Ravi op=ajeet labour=16 created_by_user=30,2,,,,,,VERIFIED-live,typed rated_speed=1920.00; header_total_production=1800.0; segment_sum=1900; productive_min=1; breakdown_min=0; rejected=0.0; reworked=0.0; sap_sync=NOT_APPLICABLE; sap_doc_entry=None; wh_approval=APPROVED
RUN,JIVO_OIL,2026-08-30T22:04:16+05:30,2026-07-10,Clear Pack,12,1,FG0000142,COLD PRESS GROUNDNUT OIL 1 LTR 16 PCS,1.0,16,production run,header figure used,,0,0,0,,4800,,,required=2000.00 cases,DRAFT,sup=ravi op=Rupesh labour=18 created_by_user=32,0,,,,,,VERIFIED-live,typed rated_speed=None; header_total_production=0.0; segment_sum=0; productive_min=0; breakdown_min=0; rejected=0.0; reworked=0.0; sap_sync=NOT_APPLICABLE; sap_doc_entry=3651; wh_approval=NOT_REQUESTED
RUN,JIVO_OIL,2026-08-30T22:04:16+05:30,2026-07-10,Clear Pack,13,2,FG0000142,COLD PRESS GROUNDNUT OIL 1 LTR 16 PCS,1.0,16,production run,segments figure used,,0,100,1600,1600,4800,,,required=2000.00 cases,IN_PROGRESS,sup=Ravi op=Rupesh labour=18 created_by_user=32,1,,,,,,VERIFIED-live,typed rated_speed=4800.00; header_total_production=0.0; segment_sum=100; productive_min=0; breakdown_min=0; rejected=0.0; reworked=0.0; sap_sync=NOT_APPLICABLE; sap_doc_entry=3651; wh_approval=PARTIALLY_APPROVED
RUN,JIVO_OIL,2026-08-30T22:04:16+05:30,2026-07-10,Clear Pack,16,5,RM0000002,CANOLA COLD PRESS LOOSE OIL OLD,,1,production run,header figure used,,0,0,0,,,,,required=2000.00 cases,DRAFT,sup=Ravi op=Rupesh labour=18 created_by_user=32,0,,,,,,VERIFIED-live,typed rated_speed=300.00; header_total_production=0.0; segment_sum=0; productive_min=0; breakdown_min=0; rejected=0.0; reworked=0.0; sap_sync=NOT_APPLICABLE; sap_doc_entry=None; wh_approval=NOT_REQUESTED
RUN,JIVO_OIL,2026-08-30T22:04:16+05:30,2026-07-10,Clear Pack,17,6,FG0000142,COLD PRESS GROUNDNUT OIL 1 LTR 16 PCS,1.0,16,production run,header figure used,,0,0,0,,4800,,,required=1000.00 cases,DRAFT,sup=Ravi op=Rupesh labour=16 created_by_user=32,0,,,,,,VERIFIED-live,typed rated_speed=1920.00; header_total_production=0.0; segment_sum=0; productive_min=0; breakdown_min=0; rejected=0.0; reworked=0.0; sap_sync=NOT_APPLICABLE; sap_doc_entry=None; wh_approval=NOT_REQUESTED
RUN,JIVO_OIL,2026-08-30T22:04:16+05:30,2026-07-10,Clear Pack,19,7,FG0000142,COLD PRESS GROUNDNUT OIL 1 LTR 16 PCS,1.0,16,production run,header figure used,,0,0,0,,4800,,,required=2000.00 cases,DRAFT,sup=Ravi op=Rupesh labour=18 created_by_user=32,0,,,,,,VERIFIED-live,typed rated_speed=4800.00; header_total_production=0.0; segment_sum=0; productive_min=0; breakdown_min=0; rejected=0.0; reworked=0.0; sap_sync=NOT_APPLICABLE; sap_doc_entry=None; wh_approval=NOT_REQUESTED
RUN,JIVO_OIL,2026-08-30T22:04:16+05:30,2026-07-10,JP Machine,14,3,FG0000142,COLD PRESS GROUNDNUT OIL 1 LTR 16 PCS,1.0,16,production run,segments figure used,,1,301,4816,4816,5400,288960,5351,required=500.00 cases,IN_PROGRESS,sup=Ravi op=Sudesh pradhan labour=18 created_by_user=33,3,,,,,,VERIFIED-live,typed rated_speed=2400.00; header_total_production=0.0; segment_sum=301; productive_min=1; breakdown_min=0; rejected=0.0; reworked=0.0; sap_sync=NOT_APPLICABLE; sap_doc_entry=3651; wh_approval=PARTIALLY_APPROVED
RUN,JIVO_OIL,2026-08-30T22:04:16+05:30,2026-07-13,Clear Pack,20,1,FG0000004,COLD PRESS 5 LTR 4 PCS,5.0,4,production run,header figure used,,0,0,0,,3000,,,required=1500.00 cases,DRAFT,sup=Ravi op=Roopesh labour=18 created_by_user=24,0,,,,,,VERIFIED-live,typed rated_speed=1000.00; header_total_production=0.0; segment_sum=0; productive_min=0; breakdown_min=0; rejected=0.0; reworked=0.0; sap_sync=NOT_APPLICABLE; sap_doc_entry=None; wh_approval=PARTIALLY_APPROVED
RUN,JIVO_OIL,2026-08-30T22:04:16+05:30,2026-07-14,6 Head,22,2,FG0000008,POMACE OLIVE 5 LTR TIN 4 PCS,5.0,4,production run,header figure used,,0,0,0,,600,,,required=2000.00 cases,DRAFT,sup=Ravi op=Krishna labour=14 created_by_user=31,0,,,,,,VERIFIED-live,typed rated_speed=880.00; header_total_production=0.0; segment_sum=0; productive_min=0; breakdown_min=0; rejected=0.0; reworked=0.0; sap_sync=NOT_APPLICABLE; sap_doc_entry=None; wh_approval=APPROVED
RUN,JIVO_OIL,2026-08-30T22:04:16+05:30,2026-07-14,Clear Pack,21,1,FG0000053,COLD PRESS SUNFLOWER 5 LTR 4 PCS,5.0,4,production run,segments figure used,,50,100,400,2000,3000,480,16,required=2000.00 cases,COMPLETED,sup=Ravi op=Roopesh labour=18 created_by_user=24,3,,,,,,VERIFIED-live,typed rated_speed=880.00; header_total_production=32.0; segment_sum=100; productive_min=50; breakdown_min=0; rejected=0.0; reworked=0.0; sap_sync=NOT_APPLICABLE; sap_doc_entry=None; wh_approval=PARTIALLY_APPROVED
RUN,JIVO_OIL,2026-08-30T22:04:16+05:30,2026-07-14,Clear Pack,23,3,,Sunflower,,0,production run,header figure used,,0,0,0,,,,,required=1200.00 cases,DRAFT,sup=Ravi op=Rupesh labour=19 created_by_user=32,0,,,,,,VERIFIED-live,typed rated_speed=250.00; header_total_production=0.0; segment_sum=0; productive_min=0; breakdown_min=0; rejected=0.0; reworked=0.0; sap_sync=NOT_APPLICABLE; sap_doc_entry=None; wh_approval=NOT_REQUESTED
RUN,JIVO_OIL,2026-08-30T22:04:16+05:30,2026-07-14,Clear Pack,25,5,,300,,0,production run,header figure used,,0,0,0,,,,,required=1500.00 cases,DRAFT,sup=Ravi op=Rupesh labour=19 created_by_user=32,0,,,,,,VERIFIED-live,typed rated_speed=250.00; header_total_production=0.0; segment_sum=0; productive_min=0; breakdown_min=0; rejected=0.0; reworked=0.0; sap_sync=NOT_APPLICABLE; sap_doc_entry=None; wh_approval=NOT_REQUESTED
RUN,JIVO_OIL,2026-08-30T22:04:16+05:30,2026-07-14,Clear Pack,26,6,,Sunflower,,0,production run,header figure used,,0,0,0,,,,,required=2000.00 cases,DRAFT,sup=Ravi op=Rupesh labour=18 created_by_user=32,0,,,,,,VERIFIED-live,typed rated_speed=250.00; header_total_production=0.0; segment_sum=0; productive_min=0; breakdown_min=0; rejected=0.0; reworked=0.0; sap_sync=NOT_APPLICABLE; sap_doc_entry=None; wh_approval=NOT_REQUESTED
RUN,JIVO_OIL,2026-08-30T22:04:16+05:30,2026-07-14,Clear Pack,27,7,,Sunflower,,0,production run,header figure used,,0,0,0,,,,,required=2000.00 cases,DRAFT,sup= op= labour=0 created_by_user=32,0,,,,,,VERIFIED-live,typed rated_speed=250.00; header_total_production=0.0; segment_sum=0; productive_min=0; breakdown_min=0; rejected=0.0; reworked=0.0; sap_sync=NOT_APPLICABLE; sap_doc_entry=None; wh_approval=NOT_REQUESTED
RUN,JIVO_OIL,2026-08-30T22:04:16+05:30,2026-07-14,Pouch Machine,24,4,FG0000359,SOYABEAN OIL 750 GMS 12 PCS POUCH,0.8241758241758241,12,production run,header figure used,,0,0,0,,,,,required=2500.00 cases,DRAFT,sup=Hardeep op=Amit labour=13 created_by_user=24,0,,,,,,VERIFIED-live,typed rated_speed=2640.00; header_total_production=0.0; segment_sum=0; productive_min=0; breakdown_min=0; rejected=0.0; reworked=0.0; sap_sync=NOT_APPLICABLE; sap_doc_entry=None; wh_approval=PARTIALLY_APPROVED
RUN,JIVO_OIL,2026-08-30T22:04:16+05:30,2026-07-15,10 Head,32,5,FG0000035,COLD PRESS 500 MLS 24 PCS,0.5,24,production run,segments figure used,,232,280,6720,3360,,1738,,required=1000.00 cases,IN_PROGRESS,sup=Ravi op=Ajit labour=10 created_by_user=24,3,,,,,,VERIFIED-live,typed rated_speed=2400.00; header_total_production=0.0; segment_sum=280; productive_min=232; breakdown_min=0; rejected=0.0; reworked=0.0; sap_sync=NOT_APPLICABLE; sap_doc_entry=None; wh_approval=PARTIALLY_APPROVED
RUN,JIVO_OIL,2026-08-30T22:04:16+05:30,2026-07-15,Clear Pack,28,1,FG0000053,COLD PRESS SUNFLOWER 5 LTR 4 PCS,5.0,4,production run,segments figure used,,310,721,2884,14420,3000,558,19,required=2000.00 cases,IN_PROGRESS,sup=Ravi op=Roopesh labour=16 created_by_user=24,12,,,,,,VERIFIED-live,typed rated_speed=880.00; header_total_production=0.0; segment_sum=721; productive_min=302; breakdown_min=0; rejected=0.0; reworked=0.0; sap_sync=NOT_APPLICABLE; sap_doc_entry=None; wh_approval=PARTIALLY_APPROVED
RUN,JIVO_OIL,2026-08-30T22:04:16+05:30,2026-07-15,Clear Pack,30,3,,Sunflower,,0,production run,header figure used,,0,0,0,,,,,required=2000.00 cases,DRAFT,sup=Ravi op=Rupesh labour=16 created_by_user=32,0,,,,,,VERIFIED-live,typed rated_speed=250.00; header_total_production=0.0; segment_sum=0; productive_min=0; breakdown_min=0; rejected=0.0; reworked=0.0; sap_sync=NOT_APPLICABLE; sap_doc_entry=None; wh_approval=NOT_REQUESTED
RUN,JIVO_OIL,2026-08-30T22:04:16+05:30,2026-07-15,Clear Pack,31,4,FG0000004,COLD PRESS 5 LTR 4 PCS,5.0,4,production run,segments figure used,,126,404,1616,8080,3000,770,26,required=1500.00 cases,IN_PROGRESS,sup=Ravi op=Roopesh labour=18 created_by_user=24,5,,,,,,VERIFIED-live,typed rated_speed=880.00; header_total_production=0.0; segment_sum=404; productive_min=126; breakdown_min=0; rejected=0.0; reworked=0.0; sap_sync=NOT_APPLICABLE; sap_doc_entry=None; wh_approval=PARTIALLY_APPROVED
RUN,JIVO_OIL,2026-08-30T22:04:16+05:30,2026-07-15,JP Machine,29,2,FG0000030,MUSTARD KACHI GHANI 1 LTR 20 PCS,1.0,20,production run,segments figure used,,169,54,1080,1080,5400,383,7,required=1100.00 cases,IN_PROGRESS,sup=Ravi op=Sudesh labour=18 created_by_user=24,2,,,,,,VERIFIED-live,typed rated_speed=2000.00; header_total_production=0.0; segment_sum=54; productive_min=169; breakdown_min=0; rejected=0.0; reworked=0.0; sap_sync=NOT_APPLICABLE; sap_doc_entry=None; wh_approval=PARTIALLY_APPROVED
RUN,JIVO_OIL,2026-08-30T22:04:16+05:30,2026-07-16,6 Head,46,4,FG0000008,POMACE OLIVE 5 LTR TIN 4 PCS,5.0,4,production run,segments figure used,,112,830,3320,16600,600,1779,296,required=1000.00 cases,IN_PROGRESS,sup=Ravi op=Krishna labour=14 created_by_user=31,6,,,,,,VERIFIED-live,typed rated_speed=880.00; header_total_production=0.0; segment_sum=830; productive_min=112; breakdown_min=0; rejected=0.0; reworked=0.0; sap_sync=NOT_APPLICABLE; sap_doc_entry=None; wh_approval=PARTIALLY_APPROVED
RUN,JIVO_OIL,2026-08-30T22:04:16+05:30,2026-07-16,Clear Pack,41,1,FG0000004,COLD PRESS 5 LTR 4 PCS,5.0,4,production run,segments figure used,,477,2166,8664,43320,3000,1090,36,required=1500.00 cases,IN_PROGRESS,sup=Ravi op=Rupesh labour=18 created_by_user=32,17,,,,,,VERIFIED-live,typed rated_speed=1000.00; header_total_production=0.0; segment_sum=2166; productive_min=477; breakdown_min=0; rejected=0.0; reworked=0.0; sap_sync=NOT_APPLICABLE; sap_doc_entry=None; wh_approval=PARTIALLY_APPROVED
RUN,JIVO_OIL,2026-08-30T22:04:16+05:30,2026-07-16,JP Machine,43,3,FG0000030,MUSTARD KACHI GHANI 1 LTR 20 PCS,1.0,20,production run,segments figure used,,192,180,3600,3600,5400,1125,21,required=1000.00 cases,IN_PROGRESS,sup=Ravi op=Sudesh labour=20 created_by_user=24,5,,,,,,VERIFIED-live,typed rated_speed=4400.00; header_total_production=0.0; segment_sum=180; productive_min=192; breakdown_min=0; rejected=0.0; reworked=0.0; sap_sync=NOT_APPLICABLE; sap_doc_entry=None; wh_approval=PARTIALLY_APPROVED
RUN,JIVO_OIL,2026-08-30T22:04:16+05:30,2026-07-16,Manual,42,2,FG0000030,MUSTARD KACHI GHANI 1 LTR 20 PCS,1.0,20,production run,header figure used,,0,0,0,,,,,required=1300.00 cases,DRAFT,sup= op= labour=0 created_by_user=33,0,,,,,,VERIFIED-live,typed rated_speed=None; header_total_production=0.0; segment_sum=0; productive_min=0; breakdown_min=0; rejected=0.0; reworked=0.0; sap_sync=NOT_APPLICABLE; sap_doc_entry=None; wh_approval=PARTIALLY_APPROVED
RUN,JIVO_OIL,2026-08-30T22:04:16+05:30,2026-07-17,JP Machine,47,1,FG0000379,MUSTARD KACHI GHANI 1 LTR 20 PCS ROUND BOTTLE,1.0,20,production run,header figure used,,0,0,0,,5400,,,required=1200.00 cases,DRAFT,sup=Ravi op=Sudesh pradhan labour=18 created_by_user=33,0,,,,,,VERIFIED-live,typed rated_speed=3000.00; header_total_production=0.0; segment_sum=0; productive_min=0; breakdown_min=0; rejected=0.0; reworked=0.0; sap_sync=NOT_APPLICABLE; sap_doc_entry=None; wh_approval=NOT_REQUESTED
RUN,JIVO_OIL,2026-08-30T22:04:16+05:30,2026-07-18,10 Head,54,6,FG0000142,COLD PRESS GROUNDNUT OIL 1 LTR 16 PCS,1.0,16,production run,header figure used,,0,0,0,,2100,,,required=1000.00 cases,DRAFT,sup=Ravi shukla op=Ajit labour=17 created_by_user=31,0,,,,,,VERIFIED-live,typed rated_speed=1440.00; header_total_production=0.0; segment_sum=0; productive_min=0; breakdown_min=0; rejected=0.0; reworked=0.0; sap_sync=NOT_APPLICABLE; sap_doc_entry=None; wh_approval=PARTIALLY_APPROVED
RUN,JIVO_OIL,2026-08-30T22:04:16+05:30,2026-07-18,6 Head,50,2,FG0000008,POMACE OLIVE 5 LTR TIN 4 PCS,5.0,4,production run,header figure used,,0,0,0,,600,,,required=1000.00 cases,DRAFT,sup=Ravi op=Krishna labour=18 created_by_user=31,0,,,,,,VERIFIED-live,typed rated_speed=840.00; header_total_production=0.0; segment_sum=0; productive_min=0; breakdown_min=0; rejected=0.0; reworked=0.0; sap_sync=NOT_APPLICABLE; sap_doc_entry=None; wh_approval=NOT_REQUESTED
RUN,JIVO_OIL,2026-08-30T22:04:16+05:30,2026-07-18,6 Head,51,3,FG0000008,POMACE OLIVE 5 LTR TIN 4 PCS,5.0,4,production run,header figure used,,0,0,0,,600,,,required=1000.00 cases,DRAFT,sup=Ravi op=Krishna labour=18 created_by_user=31,0,,,,,,VERIFIED-live,typed rated_speed=840.00; header_total_production=0.0; segment_sum=0; productive_min=0; breakdown_min=0; rejected=0.0; reworked=0.0; sap_sync=NOT_APPLICABLE; sap_doc_entry=None; wh_approval=NOT_REQUESTED
RUN,JIVO_OIL,2026-08-30T22:04:16+05:30,2026-07-18,6 Head,52,4,FG0000226,RICE BRAN OIL 5 LTR 4 PCS,5.0,4,production run,header figure used,,0,0,0,,600,,,required=1000.00 cases,DRAFT,sup=Ravi op=Krishna labour=18 created_by_user=31,0,,,,,,VERIFIED-live,typed rated_speed=880.00; header_total_production=0.0; segment_sum=0; productive_min=0; breakdown_min=0; rejected=0.0; reworked=0.0; sap_sync=NOT_APPLICABLE; sap_doc_entry=None; wh_approval=PARTIALLY_APPROVED
RUN,JIVO_OIL,2026-08-30T22:04:16+05:30,2026-07-18,Clear Pack,53,5,FG0000081,COLD PRESS SUNFLOWER 1 LTR 20 PCS,1.0,20,production run,header figure used,,0,0,0,,4800,,,required=1000.00 cases,DRAFT,sup=Ravi op=Rupesh labour=19 created_by_user=32,0,,,,,,VERIFIED-live,typed rated_speed=5000.00; header_total_production=0.0; segment_sum=0; productive_min=0; breakdown_min=0; rejected=0.0; reworked=0.0; sap_sync=NOT_APPLICABLE; sap_doc_entry=None; wh_approval=PARTIALLY_APPROVED
RUN,JIVO_OIL,2026-08-30T22:04:16+05:30,2026-07-18,JP Machine,49,1,FG0000379,MUSTARD KACHI GHANI 1 LTR 20 PCS ROUND BOTTLE,1.0,20,production run,header figure used,,0,0,0,,5400,,,required=1000.00 cases,DRAFT,sup=Ravi op=Sudesh pradhan labour=18 created_by_user=33,0,,,,,,VERIFIED-live,typed rated_speed=3000.00; header_total_production=0.0; segment_sum=0; productive_min=0; breakdown_min=0; rejected=0.0; reworked=0.0; sap_sync=NOT_APPLICABLE; sap_doc_entry=None; wh_approval=NOT_REQUESTED
RUN,JIVO_OIL,2026-08-30T22:04:16+05:30,2026-07-20,Clear Pack,56,1,FG0000081,COLD PRESS SUNFLOWER 1 LTR 20 PCS,1.0,20,production run,header figure used,,0,0,0,,4800,,,required=1200.00 cases,DRAFT,sup=Ravi op=Rupesh labour=19 created_by_user=32,0,,,,,,VERIFIED-live,typed rated_speed=2000.00; header_total_production=0.0; segment_sum=0; productive_min=0; breakdown_min=0; rejected=0.0; reworked=0.0; sap_sync=NOT_APPLICABLE; sap_doc_entry=None; wh_approval=PARTIALLY_APPROVED
RUN,JIVO_OIL,2026-08-30T22:04:16+05:30,2026-07-21,10 Head,63,7,FG0000085,FG0000085,,4,production run,header figure used,,0,0,0,,,,,required=10.00 cases,DRAFT,sup= op= labour=0 created_by_user=1,0,,,,,,VERIFIED-live,typed rated_speed=None; header_total_production=0.0; segment_sum=0; productive_min=0; breakdown_min=0; rejected=0.0; reworked=0.0; sap_sync=NOT_APPLICABLE; sap_doc_entry=2650; wh_approval=PARTIALLY_APPROVED
RUN,JIVO_OIL,2026-08-30T22:04:16+05:30,2026-07-21,6 Head,59,3,SL0000227,JIVO SO OLIVE 5 LTR,5.0,1,production run,header figure used,,0,0,0,,600,,,required=250.00 cases,DRAFT,sup=Ravi op=Krishna labour=15 created_by_user=111,0,,,,,,VERIFIED-live,typed rated_speed=None; header_total_production=0.0; segment_sum=0; productive_min=0; breakdown_min=0; rejected=0.0; reworked=0.0; sap_sync=NOT_APPLICABLE; sap_doc_entry=None; wh_approval=APPROVED
RUN,JIVO_OIL,2026-08-30T22:04:16+05:30,2026-07-21,6 Head,60,4,FG0000228,SO OLIVE OIL 1 LTR 16 PCS,1.0,16,production run,header figure used,,0,0,0,,1080,,,required=200.00 cases,DRAFT,sup=Ravi op=Krishna labour=19 created_by_user=31,0,,,,,,VERIFIED-live,typed rated_speed=160.00; header_total_production=0.0; segment_sum=0; productive_min=0; breakdown_min=0; rejected=0.0; reworked=0.0; sap_sync=NOT_APPLICABLE; sap_doc_entry=None; wh_approval=NOT_REQUESTED
RUN,JIVO_OIL,2026-08-30T22:04:16+05:30,2026-07-21,6 Head,61,5,FG0000228,SO OLIVE OIL 1 LTR 16 PCS,1.0,16,production run,header figure used,,0,0,0,,1080,,,required=200.00 cases,DRAFT,sup=Ravi op=Krishna labour=19 created_by_user=31,0,,,,,,VERIFIED-live,typed rated_speed=160.00; header_total_production=0.0; segment_sum=0; productive_min=0; breakdown_min=0; rejected=0.0; reworked=0.0; sap_sync=NOT_APPLICABLE; sap_doc_entry=None; wh_approval=PARTIALLY_APPROVED
RUN,JIVO_OIL,2026-08-30T22:04:16+05:30,2026-07-21,Clear Pack,57,1,FG0000081,COLD PRESS SUNFLOWER 1 LTR 20 PCS,1.0,20,production run,header figure used,,186,1617,32340,32340,4800,10432,217,required=1200.00 cases,COMPLETED,sup=Ravi op=Rupesh labour=20 created_by_user=32,5,,,,,,VERIFIED-live,typed rated_speed=2000.00; header_total_production=1617.0; segment_sum=600; productive_min=186; breakdown_min=0; rejected=0.0; reworked=0.0; sap_sync=NOT_APPLICABLE; sap_doc_entry=None; wh_approval=PARTIALLY_APPROVED
RUN,JIVO_OIL,2026-08-30T22:04:16+05:30,2026-07-21,Clear Pack,62,6,FG0000081,COLD PRESS SUNFLOWER 1 LTR 20 PCS,1.0,20,production run,header figure used,,0,0,0,,4800,,,required=1200.00 cases,DRAFT,sup=Ravi op=Rupesh labour=20 created_by_user=32,0,,,,,,VERIFIED-live,typed rated_speed=2000.00; header_total_production=0.0; segment_sum=0; productive_min=0; breakdown_min=0; rejected=0.0; reworked=0.0; sap_sync=NOT_APPLICABLE; sap_doc_entry=None; wh_approval=NOT_REQUESTED
RUN,JIVO_OIL,2026-08-30T22:04:16+05:30,2026-07-21,JP Machine,58,2,FG0000379,MUSTARD KACHI GHANI 1 LTR 20 PCS ROUND BOTTLE,1.0,20,production run,header figure used,,210,1158,23160,23160,5400,6617,123,required=1000.00 cases,COMPLETED,sup=Ravi op=Sudesh pradhan labour=18 created_by_user=33,3,,,,,,VERIFIED-live,typed rated_speed=2000.00; header_total_production=1158.0; segment_sum=130; productive_min=210; breakdown_min=0; rejected=0.0; reworked=0.0; sap_sync=NOT_APPLICABLE; sap_doc_entry=None; wh_approval=PARTIALLY_APPROVED
RUN,JIVO_OIL,2026-08-30T22:04:16+05:30,2026-07-22,10 Head,64,1,SL0000043,COLD PRESS GROUNDNUT  1 LTR,1.0,1,production run,header figure used,,0,0,0,,2100,,,required=900.00 cases,DRAFT,sup=Ravi op=Ajeet labour=15 created_by_user=111,0,,,,,,VERIFIED-live,typed rated_speed=7.00; header_total_production=0.0; segment_sum=0; productive_min=0; breakdown_min=0; rejected=0.0; reworked=0.0; sap_sync=NOT_APPLICABLE; sap_doc_entry=None; wh_approval=NOT_REQUESTED
RUN,JIVO_OIL,2026-08-30T22:04:16+05:30,2026-07-22,10 Head,68,5,FG0000142,COLD PRESS GROUNDNUT OIL 1 LTR 16 PCS,1.0,16,production run,header figure used,,0,0,0,,2100,,,required=1000.00 cases,DRAFT,sup=ravi op=amit labour=8 created_by_user=24,0,,,,,,VERIFIED-live,typed rated_speed=1600.00; header_total_production=0.0; segment_sum=0; productive_min=0; breakdown_min=0; rejected=0.0; reworked=0.0; sap_sync=NOT_APPLICABLE; sap_doc_entry=None; wh_approval=PARTIALLY_APPROVED
RUN,JIVO_OIL,2026-08-30T22:04:16+05:30,2026-07-22,10 Head,69,6,FG0000142,COLD PRESS GROUNDNUT OIL 1 LTR 16 PCS,1.0,16,production run,header figure used,,0,0,0,,2100,,,required=1000.00 cases,DRAFT,sup=ravi op=amit labour=8 created_by_user=24,0,,,,,,VERIFIED-live,typed rated_speed=1600.00; header_total_production=0.0; segment_sum=0; productive_min=0; breakdown_min=0; rejected=0.0; reworked=0.0; sap_sync=NOT_APPLICABLE; sap_doc_entry=None; wh_approval=PARTIALLY_APPROVED
RUN,JIVO_OIL,2026-08-30T22:04:16+05:30,2026-07-22,Clear Pack,65,2,FG0000081,COLD PRESS SUNFLOWER 1 LTR 20 PCS,1.0,20,production run,segments figure used,,295,723,14460,14460,4800,2941,61,required=1400.00 cases,IN_PROGRESS,sup=Ravi op=Rupesh labour=20 created_by_user=32,8,,,,,,VERIFIED-live,typed rated_speed=4400.00; header_total_production=0.0; segment_sum=723; productive_min=295; breakdown_min=0; rejected=0.0; reworked=0.0; sap_sync=NOT_APPLICABLE; sap_doc_entry=None; wh_approval=PARTIALLY_APPROVED
RUN,JIVO_OIL,2026-08-30T22:04:16+05:30,2026-07-22,Clear Pack,70,7,FG0000407,COLD PRESS 1 LTR (NIRMAL RISHI )20 PCS,1.0,20,production run,header figure used,,0,0,0,,4800,,,required=800.00 cases,DRAFT,sup=Ravi op=Rupesh labour=17 created_by_user=111,0,,,,,,VERIFIED-live,typed rated_speed=None; header_total_production=0.0; segment_sum=0; productive_min=0; breakdown_min=0; rejected=0.0; reworked=0.0; sap_sync=NOT_APPLICABLE; sap_doc_entry=None; wh_approval=PARTIALLY_APPROVED
RUN,JIVO_OIL,2026-08-30T22:04:16+05:30,2026-07-22,JP Machine,66,3,FG0000379,MUSTARD KACHI GHANI 1 LTR 20 PCS ROUND BOTTLE,1.0,20,production run,header figure used,,0,0,0,,5400,,,required=None cases,DRAFT,sup=Ravi op=Sudesh Pradhan labour=16 created_by_user=111,0,,,,,,VERIFIED-live,typed rated_speed=None; header_total_production=0.0; segment_sum=0; productive_min=0; breakdown_min=0; rejected=0.0; reworked=0.0; sap_sync=NOT_APPLICABLE; sap_doc_entry=None; wh_approval=NOT_REQUESTED
RUN,JIVO_OIL,2026-08-30T22:04:16+05:30,2026-07-22,JP Machine,67,4,FG0000379,MUSTARD KACHI GHANI 1 LTR 20 PCS ROUND BOTTLE,1.0,20,production run,segments figure used,,323,140,2800,2800,5400,520,10,required=1100.00 cases,IN_PROGRESS,sup= op= labour=0 created_by_user=111,4,,,,,,VERIFIED-live,typed rated_speed=None; header_total_production=0.0; segment_sum=140; productive_min=323; breakdown_min=0; rejected=0.0; reworked=0.0; sap_sync=NOT_APPLICABLE; sap_doc_entry=None; wh_approval=PARTIALLY_APPROVED
RUN,JIVO_OIL,2026-08-30T22:04:16+05:30,2026-07-23,10 Head,74,2,SL0000043,COLD PRESS GROUNDNUT  1 LTR,1.0,1,production run,header figure used,,0,0,0,,2100,,,required=250.00 cases,DRAFT,sup=Ravi op=Ajeet labour=16 created_by_user=111,0,,,,,,VERIFIED-live,typed rated_speed=None; header_total_production=0.0; segment_sum=0; productive_min=0; breakdown_min=0; rejected=0.0; reworked=0.0; sap_sync=NOT_APPLICABLE; sap_doc_entry=None; wh_approval=APPROVED
RUN,JIVO_OIL,2026-08-30T22:04:16+05:30,2026-07-23,10 Head,76,4,FG0000142,COLD PRESS GROUNDNUT OIL 1 LTR 16 PCS,1.0,16,production run,segments figure used,,452,120,1920,1920,2100,255,12,required=250.00 cases,IN_PROGRESS,sup=Ravi op=Ajit labour=8 created_by_user=111,1,,,,,,VERIFIED-live,typed rated_speed=112.00; header_total_production=0.0; segment_sum=120; productive_min=452; breakdown_min=0; rejected=0.0; reworked=0.0; sap_sync=NOT_APPLICABLE; sap_doc_entry=None; wh_approval=PARTIALLY_APPROVED
RUN,JIVO_OIL,2026-08-30T22:04:16+05:30,2026-07-23,6 Head,77,5,FG0000151,SANO POMACE OLIVE 5 LTR TIN 4 PCS,5.0,4,production run,header figure used,,0,0,0,,600,,,required=1000.00 cases,DRAFT,sup=Ravi op=Krishna labour=16 created_by_user=111,0,,,,,,VERIFIED-live,typed rated_speed=None; header_total_production=0.0; segment_sum=0; productive_min=0; breakdown_min=0; rejected=0.0; reworked=0.0; sap_sync=NOT_APPLICABLE; sap_doc_entry=None; wh_approval=PARTIALLY_APPROVED
RUN,JIVO_OIL,2026-08-30T22:04:16+05:30,2026-07-23,Clear Pack,73,1,FG0000407,COLD PRESS 1 LTR (NIRMAL RISHI )20 PCS,1.0,20,production run,segments figure used,,371,1060,21200,21200,4800,3429,71,required=1200.00 cases,IN_PROGRESS,sup=Ravi op=Rupesh labour=20 created_by_user=32,13,,,,,,VERIFIED-live,typed rated_speed=2000.00; header_total_production=0.0; segment_sum=1060; productive_min=371; breakdown_min=0; rejected=0.0; reworked=0.0; sap_sync=NOT_APPLICABLE; sap_doc_entry=None; wh_approval=PARTIALLY_APPROVED
RUN,JIVO_OIL,2026-08-30T22:04:16+05:30,2026-07-23,JP Machine,75,3,FG0000422,JIVO MUSTARD KACCHI GHANI 869 GMS 20 PCS,0.954945054945055,20,production run,segments figure used,,115,90,1800,1719,,939,,required=1000.00 cases,IN_PROGRESS,sup=Ravi op=Sudesh pradhan labour=18 created_by_user=33,3,,,,,,VERIFIED-live,typed rated_speed=2600.00; header_total_production=0.0; segment_sum=90; productive_min=115; breakdown_min=0; rejected=0.0; reworked=0.0; sap_sync=NOT_APPLICABLE; sap_doc_entry=None; wh_approval=PARTIALLY_APPROVED
RUN,JIVO_OIL,2026-08-30T22:04:16+05:30,2026-07-24,10 Head,79,2,FG0000227,RICE BRAN OIL 1 LTR 16 PCS,1.0,16,production run,header figure used,,441,956,15296,15296,2100,2081,99,required=1000.00 cases,COMPLETED,sup=Ravi op=Ajit labour=17 created_by_user=24,5,,,,,,VERIFIED-live,typed rated_speed=1600.00; header_total_production=956.0; segment_sum=951; productive_min=1537; breakdown_min=0; rejected=0.0; reworked=0.0; sap_sync=NOT_APPLICABLE; sap_doc_entry=None; wh_approval=PARTIALLY_APPROVED
RUN,JIVO_OIL,2026-08-30T22:04:16+05:30,2026-07-24,6 Head,80,3,FG0000114,POMACE OLIVE 2 LTR 10 PCS HANDLE,2.0,10,production run,segments figure used,,487,302,3020,6040,720,372,52,required=250.00 cases,IN_PROGRESS,sup=Ravi op=Krishna labour=16 created_by_user=24,4,,,,,,VERIFIED-live,typed rated_speed=1000.00; header_total_production=0.0; segment_sum=302; productive_min=487; breakdown_min=0; rejected=0.0; reworked=0.0; sap_sync=NOT_APPLICABLE; sap_doc_entry=None; wh_approval=PARTIALLY_APPROVED
RUN,JIVO_OIL,2026-08-30T22:04:16+05:30,2026-07-24,Clear Pack,78,1,FG0000088,COLD PRESS 1 LTR +1 LTR COMBO 10 SET PLAIN,1.0,10,production run,header figure used,,361,1017,10170,10170,4800,1690,35,required=500.00 cases,COMPLETED,sup=Ravi op=Roopesh labour=18 created_by_user=24,8,,,,,,VERIFIED-live,typed rated_speed=1000.00; header_total_production=1017.0; segment_sum=1017; productive_min=1528; breakdown_min=0; rejected=0.0; reworked=0.0; sap_sync=NOT_APPLICABLE; sap_doc_entry=None; wh_approval=PARTIALLY_APPROVED
RUN,JIVO_OIL,2026-08-30T22:04:16+05:30,2026-07-25,10 Head,81,1,FG0000227,RICE BRAN OIL 1 LTR 16 PCS,1.0,16,production run,segments figure used,,333,1438,23008,23008,2100,4146,197,required=1000.00 cases,COMPLETED,sup=Ravi op=Ajit labour=18 created_by_user=24,5,,,,,,VERIFIED-live,typed rated_speed=1600.00; header_total_production=1080.0; segment_sum=1438; productive_min=195; breakdown_min=0; rejected=0.0; reworked=0.0; sap_sync=NOT_APPLICABLE; sap_doc_entry=None; wh_approval=PARTIALLY_APPROVED
RUN,JIVO_OIL,2026-08-30T22:04:16+05:30,2026-07-25,6 Head,83,3,FG0000074,EXTRA VIRGIN OLIVE 5 LTR TIN 4 PCS IMPORTED,5.0,4,production run,segments figure used,,334,1035,4140,20700,600,744,124,required=1000.00 cases,COMPLETED,sup=Ravi op=Krishna labour=71 created_by_user=24,6,,,,,,VERIFIED-live,typed rated_speed=480.00; header_total_production=276.0; segment_sum=1035; productive_min=276; breakdown_min=0; rejected=0.0; reworked=0.0; sap_sync=NOT_APPLICABLE; sap_doc_entry=None; wh_approval=PARTIALLY_APPROVED
RUN,JIVO_OIL,2026-08-30T22:04:16+05:30,2026-07-25,Clear Pack,82,2,FG0000033,COLD PRESS 1 LTR + 1 LTR COMBO 10 SET,1.0,10,production run,segments figure used,,442,1596,15960,15960,4800,2167,45,required=1500.00 cases,COMPLETED,sup=Ravi op=Roopesh labour=29 created_by_user=24,5,,,,,,VERIFIED-live,typed rated_speed=1200.00; header_total_production=1036.0; segment_sum=1596; productive_min=442; breakdown_min=0; rejected=0.0; reworked=0.0; sap_sync=NOT_APPLICABLE; sap_doc_entry=None; wh_approval=PARTIALLY_APPROVED
RUN,JIVO_OIL,2026-08-30T22:04:16+05:30,2026-07-25,Tin Head,84,4,FG0000444,SOYABEAN OIL 12 KGS (B),13.186813186813186,1,production run,segments figure used,,216,2936,2936,38716,,816,,required=2000.00 cases,COMPLETED,sup=Hardeep op=Amit labour=13 created_by_user=24,3,,,,,,VERIFIED-live,typed rated_speed=150.00; header_total_production=1265.0; segment_sum=2936; productive_min=216; breakdown_min=0; rejected=0.0; reworked=0.0; sap_sync=NOT_APPLICABLE; sap_doc_entry=None; wh_approval=PARTIALLY_APPROVED
RUN,JIVO_OIL,2026-08-30T22:04:16+05:30,2026-07-27,10 Head,97,1,FG0000142,COLD PRESS GROUNDNUT OIL 1 LTR 16 PCS,1.0,16,production run,segments figure used,,421,1857,29712,29712,2100,4234,202,required=1000.00 cases,COMPLETED,sup=Ravi op=Ajit labour=18 created_by_user=19,4,,,,,,VERIFIED-live,typed rated_speed=1600.00; header_total_production=1068.0; segment_sum=1857; productive_min=396; breakdown_min=0; rejected=0.0; reworked=0.0; sap_sync=NOT_APPLICABLE; sap_doc_entry=None; wh_approval=PARTIALLY_APPROVED
RUN,JIVO_OIL,2026-08-30T22:04:16+05:30,2026-07-27,6 Head,101,5,FG0000038,MUSTARD KACCHI GHANI 2 LTR 10 PCS,2.0,10,production run,segments figure used,,370,874,8740,17480,720,1417,197,required=600.00 cases,COMPLETED,sup=ravi op=Krishna labour=16 created_by_user=116,5,,,,,,VERIFIED-live,typed rated_speed=500.00; header_total_production=547.0; segment_sum=874; productive_min=366; breakdown_min=15; rejected=0.0; reworked=0.0; sap_sync=NOT_APPLICABLE; sap_doc_entry=None; wh_approval=PARTIALLY_APPROVED
RUN,JIVO_OIL,2026-08-30T22:04:16+05:30,2026-07-27,Clear Pack,99,3,FG0000004,COLD PRESS 5 LTR 4 PCS,5.0,4,production run,segments figure used,,368,2369,9476,47380,3000,1545,52,required=1500.00 cases,COMPLETED,sup=ravi op=roopesh labour=18 created_by_user=116,7,,,,,,VERIFIED-live,typed rated_speed=600.00; header_total_production=1436.0; segment_sum=2369; productive_min=368; breakdown_min=18; rejected=0.0; reworked=0.0; sap_sync=NOT_APPLICABLE; sap_doc_entry=None; wh_approval=PARTIALLY_APPROVED
RUN,JIVO_OIL,2026-08-30T22:04:16+05:30,2026-07-27,JP Machine,98,2,FG0000379,MUSTARD KACHI GHANI 1 LTR 20 PCS ROUND BOTTLE,1.0,20,production run,header figure used,,242,1054,21080,21080,5400,5226,97,required=1200.00 cases,COMPLETED,sup=Ravi op=Sudesh labour=18 created_by_user=116,6,,,,,,VERIFIED-live,typed rated_speed=2200.00; header_total_production=1054.0; segment_sum=1054; productive_min=1317; breakdown_min=16; rejected=0.0; reworked=0.0; sap_sync=NOT_APPLICABLE; sap_doc_entry=None; wh_approval=PARTIALLY_APPROVED
RUN,JIVO_OIL,2026-08-30T22:04:16+05:30,2026-07-27,Pouch Machine,100,4,FG0000359,SOYABEAN OIL 750 GMS 12 PCS POUCH,0.8241758241758241,12,production run,segments figure used,,398,3060,36720,30264,,5536,,required=1000.00 cases,COMPLETED,sup= op= labour=0 created_by_user=116,4,,,,,,VERIFIED-live,typed rated_speed=None; header_total_production=1380.0; segment_sum=3060; productive_min=398; breakdown_min=0; rejected=0.0; reworked=0.0; sap_sync=NOT_APPLICABLE; sap_doc_entry=None; wh_approval=PARTIALLY_APPROVED
RUN,JIVO_OIL,2026-08-30T22:04:16+05:30,2026-07-28,10 Head,103,1,FG0000042,EXTRA VIRGIN OLIVE 1 LTR 16 PCS,1.0,16,production run,segments figure used,,452,653,10448,10448,2100,1387,66,required=1000.00 cases,COMPLETED,sup=Ravi op=Ajit labour=17 created_by_user=24,4,,,,,,VERIFIED-live,typed rated_speed=1600.00; header_total_production=648.0; segment_sum=653; productive_min=452; breakdown_min=44; rejected=0.0; reworked=0.0; sap_sync=NOT_APPLICABLE; sap_doc_entry=None; wh_approval=PARTIALLY_APPROVED
RUN,JIVO_OIL,2026-08-30T22:04:16+05:30,2026-07-28,6 Head,104,2,FG0000008,POMACE OLIVE 5 LTR TIN 4 PCS,5.0,4,production run,segments figure used,,118,550,2200,11000,600,1119,186,required=1500.00 cases,COMPLETED,sup=Ravi op=Krishna labour=16 created_by_user=24,2,,,,,,VERIFIED-live,typed rated_speed=520.00; header_total_production=290.0; segment_sum=550; productive_min=118; breakdown_min=432; rejected=0.0; reworked=0.0; sap_sync=NOT_APPLICABLE; sap_doc_entry=None; wh_approval=PARTIALLY_APPROVED
RUN,JIVO_OIL,2026-08-30T22:04:16+05:30,2026-07-28,Clear Pack,106,4,FG0000004,COLD PRESS 5 LTR 4 PCS,5.0,4,production run,header figure used,,369,1333,5332,26660,3000,867,29,required=1500.00 cases,COMPLETED,sup=Ravi op=Roopesh labour=18 created_by_user=24,7,,,,,,VERIFIED-live,typed rated_speed=544.00; header_total_production=1333.0; segment_sum=1060; productive_min=311; breakdown_min=86; rejected=0.0; reworked=0.0; sap_sync=NOT_APPLICABLE; sap_doc_entry=None; wh_approval=PARTIALLY_APPROVED
RUN,JIVO_OIL,2026-08-30T22:04:16+05:30,2026-07-28,JP Machine,105,3,FG0000389,JIVO GOLD 1 LTR 20 PCS ROUND BOTTLE,1.0,20,production run,header figure used,,420,1002,20040,20040,5400,2863,53,required=1200.00 cases,COMPLETED,sup=Ravi op=Sudesh labour=18 created_by_user=24,7,,,,,,VERIFIED-live,typed rated_speed=2200.00; header_total_production=1002.0; segment_sum=785; productive_min=420; breakdown_min=11; rejected=0.0; reworked=0.0; sap_sync=NOT_APPLICABLE; sap_doc_entry=None; wh_approval=PARTIALLY_APPROVED
RUN,JIVO_OIL,2026-08-30T22:04:16+05:30,2026-07-29,10 Head,109,1,FG0000042,EXTRA VIRGIN OLIVE 1 LTR 16 PCS,1.0,16,production run,segments figure used,,234,610,9760,9760,2100,2503,119,required=1000.00 cases,COMPLETED,sup=Ravi op=Rupesh labour=17 created_by_user=32,6,,,,,,VERIFIED-live,typed rated_speed=1600.00; header_total_production=559.0; segment_sum=610; productive_min=193; breakdown_min=90; rejected=0.0; reworked=0.0; sap_sync=NOT_APPLICABLE; sap_doc_entry=None; wh_approval=PARTIALLY_APPROVED
RUN,JIVO_OIL,2026-08-30T22:04:16+05:30,2026-07-29,10 Head,114,5,FG0000446,EXTRA VIRGIN OLIVE 3 LTR TIN 3 PCS,3.0,3,production run,header figure used,,79,96,288,864,,219,,required=500.00 cases,COMPLETED,sup=Ravi op=Ajit labour=17 created_by_user=24,1,,,,,,VERIFIED-live,typed rated_speed=300.00; header_total_production=96.0; segment_sum=0; productive_min=0; breakdown_min=0; rejected=0.0; reworked=0.0; sap_sync=NOT_APPLICABLE; sap_doc_entry=None; wh_approval=PARTIALLY_APPROVED
RUN,JIVO_OIL,2026-08-30T22:04:16+05:30,2026-07-29,6 Head,110,2,FG0000306,YELLOW MUSTARD OIL 1 LTR 20 PCS,1.0,20,production run,header figure used,,460,301,6020,6020,1080,785,73,required=600.00 cases,COMPLETED,sup=Ravi op=Krishna labour=19 created_by_user=32,5,,,,,,VERIFIED-live,typed rated_speed=2000.00; header_total_production=301.0; segment_sum=200; productive_min=296; breakdown_min=0; rejected=0.0; reworked=0.0; sap_sync=NOT_APPLICABLE; sap_doc_entry=None; wh_approval=PARTIALLY_APPROVED
RUN,JIVO_OIL,2026-08-30T22:04:16+05:30,2026-07-29,Clear Pack,113,4,FB0000016,COLD PRESS 5 LTR 4 PCS,5.0,4,production run,header figure used,,174,489,1956,9780,3000,674,22,required=1500.00 cases,COMPLETED,sup=ravi op=Rupesh labour=20 created_by_user=116,3,,,,,,VERIFIED-live,typed rated_speed=200.00; header_total_production=489.0; segment_sum=366; productive_min=127; breakdown_min=13; rejected=0.0; reworked=0.0; sap_sync=NOT_APPLICABLE; sap_doc_entry=None; wh_approval=APPROVED
RUN,JIVO_OIL,2026-08-30T22:04:16+05:30,2026-07-29,JP Machine,111,3,FG0000136,SANO MUSTARD OIL 1 LTR 20 PCS,1.0,20,production run,header figure used,,352,973,19460,19460,5400,3317,61,required=1000.00 cases,COMPLETED,sup=ravi op=Suresh Pradhan labour=18 created_by_user=116,4,,,,,,VERIFIED-live,typed rated_speed=1660.00; header_total_production=973.0; segment_sum=890; productive_min=352; breakdown_min=45; rejected=0.0; reworked=0.0; sap_sync=NOT_APPLICABLE; sap_doc_entry=None; wh_approval=PARTIALLY_APPROVED
RUN,JIVO_OIL,2026-08-30T22:04:16+05:30,2026-07-30,10 Head,117,3,FG0000142,COLD PRESS GROUNDNUT OIL 1 LTR 16 PCS,1.0,16,production run,segments figure used,,643,720,11520,11520,2100,1075,51,required=1000.00 cases,COMPLETED,sup=Ravi op=Ajeet labour=17 created_by_user=24,4,,,,,,VERIFIED-live,typed rated_speed=1456.00; header_total_production=355.0; segment_sum=720; productive_min=409; breakdown_min=0; rejected=0.0; reworked=0.0; sap_sync=NOT_APPLICABLE; sap_doc_entry=None; wh_approval=PARTIALLY_APPROVED
RUN,JIVO_OIL,2026-08-30T22:04:16+05:30,2026-07-30,6 Head,118,4,FG0000374,YELLOW MUSTARD OIL 5 LTR TIN 4 PCS,5.0,4,production run,header figure used,,163,347,1388,6940,600,511,85,required=80.00 cases,COMPLETED,sup=Ravi op=Krishna labour=14 created_by_user=24,1,,,,,,VERIFIED-live,typed rated_speed=320.00; header_total_production=347.0; segment_sum=0; productive_min=0; breakdown_min=0; rejected=0.0; reworked=0.0; sap_sync=NOT_APPLICABLE; sap_doc_entry=None; wh_approval=PARTIALLY_APPROVED
RUN,JIVO_OIL,2026-08-30T22:04:16+05:30,2026-07-30,6 Head,119,5,FG0000306,YELLOW MUSTARD OIL 1 LTR 20 PCS,1.0,20,production run,header figure used,,437,1063,21260,21260,1080,2919,270,required=800.00 cases,COMPLETED,sup=Ravi op=Krishna labour=20 created_by_user=24,5,,,,,,VERIFIED-live,typed rated_speed=1200.00; header_total_production=1063.0; segment_sum=523; productive_min=434; breakdown_min=13; rejected=0.0; reworked=0.0; sap_sync=NOT_APPLICABLE; sap_doc_entry=None; wh_approval=PARTIALLY_APPROVED
RUN,JIVO_OIL,2026-08-30T22:04:16+05:30,2026-07-30,Clear Pack,115,1,FG0000004,COLD PRESS 5 LTR 4 PCS,5.0,4,production run,header figure used,,117,344,1376,6880,3000,706,24,required=1500.00 cases,COMPLETED,sup=Ravi op=Rupesh labour=18 created_by_user=24,1,,,,,,VERIFIED-live,typed rated_speed=544.00; header_total_production=344.0; segment_sum=120; productive_min=117; breakdown_min=373; rejected=0.0; reworked=0.0; sap_sync=NOT_APPLICABLE; sap_doc_entry=None; wh_approval=PARTIALLY_APPROVED
RUN,JIVO_OIL,2026-08-30T22:04:16+05:30,2026-07-30,Clear Pack,122,6,FG0000032,COLD PRESS 1 LTR 20 PCS,1.0,20,production run,header figure used,,176,1018,20360,20360,4800,6941,145,required=500.00 cases,COMPLETED,sup=Ravi op=Rupesh labour=16 created_by_user=24,2,,,,,,VERIFIED-live,typed rated_speed=2400.00; header_total_production=1018.0; segment_sum=240; productive_min=176; breakdown_min=0; rejected=0.0; reworked=0.0; sap_sync=NOT_APPLICABLE; sap_doc_entry=None; wh_approval=PARTIALLY_APPROVED
RUN,JIVO_OIL,2026-08-30T22:04:16+05:30,2026-07-30,JP Machine,116,2,FG0000142,COLD PRESS GROUNDNUT OIL 1 LTR 16 PCS,1.0,16,production run,header figure used,,372,464,7424,7424,5400,1197,22,required=1000.00 cases,COMPLETED,sup=Ravi op=Sudesh pradhan labour=18 created_by_user=24,4,,,,,,VERIFIED-live,typed rated_speed=1456.00; header_total_production=464.0; segment_sum=440; productive_min=372; breakdown_min=18; rejected=0.0; reworked=0.0; sap_sync=NOT_APPLICABLE; sap_doc_entry=None; wh_approval=PARTIALLY_APPROVED
RUN,JIVO_OIL,2026-08-30T22:04:16+05:30,2026-07-31,10 Head,125,3,FG0000028,POMACE OLIVE 1 LTR 16 PCS,1.0,16,production run,header figure used,,611,923,14768,14768,2100,1450,69,required=1000.00 cases,COMPLETED,sup=Ravi op=Ajeet labour=17 created_by_user=24,4,,,,,,VERIFIED-live,typed rated_speed=1456.00; header_total_production=923.0; segment_sum=585; productive_min=415; breakdown_min=0; rejected=0.0; reworked=0.0; sap_sync=NOT_APPLICABLE; sap_doc_entry=None; wh_approval=PARTIALLY_APPROVED
RUN,JIVO_OIL,2026-08-30T22:04:16+05:30,2026-07-31,6 Head,126,4,FG0000043,COLD PRESS 3 LTR 6 PCS,3.0,6,production run,segments figure used,,230,940,5640,16920,,1471,,required=500.00 cases,COMPLETED,sup=Ravi op=Krishna labour=18 created_by_user=24,5,,,,,,VERIFIED-live,typed rated_speed=300.00; header_total_production=510.0; segment_sum=940; productive_min=230; breakdown_min=13; rejected=0.0; reworked=0.0; sap_sync=NOT_APPLICABLE; sap_doc_entry=None; wh_approval=PARTIALLY_APPROVED
RUN,JIVO_OIL,2026-08-30T22:04:16+05:30,2026-07-31,Clear Pack,123,1,FG0000032,COLD PRESS 1 LTR 20 PCS,1.0,20,production run,header figure used,,528,1466,29320,29320,4800,3332,69,required=1500.00 cases,COMPLETED,sup=Ravi op=Rupesh labour=18 created_by_user=24,8,,,,,,VERIFIED-live,typed rated_speed=2800.00; header_total_production=1466.0; segment_sum=1245; productive_min=528; breakdown_min=94; rejected=0.0; reworked=0.0; sap_sync=NOT_APPLICABLE; sap_doc_entry=None; wh_approval=PARTIALLY_APPROVED
RUN,JIVO_OIL,2026-08-30T22:04:16+05:30,2026-07-31,JP Machine,124,2,FG0000142,COLD PRESS GROUNDNUT OIL 1 LTR 16 PCS,1.0,16,production run,segments figure used,,449,1402,22432,22432,5400,2998,56,required=1000.00 cases,COMPLETED,sup=Ravi op=Sudesh pradhan labour=18 created_by_user=24,7,,,,,,VERIFIED-live,typed rated_speed=1440.00; header_total_production=1289.0; segment_sum=1402; productive_min=449; breakdown_min=120; rejected=0.0; reworked=0.0; sap_sync=NOT_APPLICABLE; sap_doc_entry=None; wh_approval=PARTIALLY_APPROVED
RUN,JIVO_OIL,2026-08-30T22:04:16+05:30,2026-08-01,10 Head,129,2,FG0000150,SANO POMACE OLIVE 1 LTR 16 PCS,1.0,16,production run,header figure used,,315,815,13040,13040,2100,2484,118,required=1000.00 cases,COMPLETED,sup=Ravi op=Ajeet labour=17 created_by_user=24,2,,,,,,VERIFIED-live,typed rated_speed=1456.00; header_total_production=815.0; segment_sum=585; productive_min=315; breakdown_min=0; rejected=0.0; reworked=0.0; sap_sync=NOT_APPLICABLE; sap_doc_entry=None; wh_approval=PARTIALLY_APPROVED
RUN,JIVO_OIL,2026-08-30T22:04:16+05:30,2026-08-01,6 Head,130,3,FG0000043,COLD PRESS 3 LTR 6 PCS,3.0,6,production run,segments figure used,,265,28,168,504,,38,,required=500.00 cases,COMPLETED,sup=Ravi op=Krishna labour=18 created_by_user=24,3,,,,,,VERIFIED-live,typed rated_speed=300.00; header_total_production=8.0; segment_sum=28; productive_min=265; breakdown_min=1; rejected=0.0; reworked=0.0; sap_sync=NOT_APPLICABLE; sap_doc_entry=None; wh_approval=PARTIALLY_APPROVED
RUN,JIVO_OIL,2026-08-30T22:04:16+05:30,2026-08-01,6 Head,131,4,FG0000020,REFINED OIL 5 LTR,5.0,1,production run,segments figure used,,277,323,323,1615,600,70,12,required=250.00 cases,COMPLETED,sup=Ravi op=Krishna labour=18 created_by_user=24,3,,,,,,VERIFIED-live,typed rated_speed=70.00; header_total_production=109.0; segment_sum=323; productive_min=223; breakdown_min=0; rejected=0.0; reworked=0.0; sap_sync=NOT_APPLICABLE; sap_doc_entry=None; wh_approval=PARTIALLY_APPROVED
RUN,JIVO_OIL,2026-08-30T22:04:16+05:30,2026-08-01,6 Head,132,5,FG0000016,REFINED OIL 2 LTR,2.0,1,production run,header figure used,,0,109,109,218,720,,,required=100.00 cases,COMPLETED,sup=Ravi op=Krishna labour=18 created_by_user=24,1,,,,,,VERIFIED-live,typed rated_speed=80.00; header_total_production=109.0; segment_sum=0; productive_min=0; breakdown_min=0; rejected=0.0; reworked=0.0; sap_sync=NOT_APPLICABLE; sap_doc_entry=None; wh_approval=PARTIALLY_APPROVED
RUN,JIVO_OIL,2026-08-30T22:04:16+05:30,2026-08-01,Clear Pack,133,6,FG0000013,REFINED OIL 1000 MLS,1.0,1,production run,header figure used,,0,43,43,43,4800,,,required=40.00 cases,COMPLETED,sup=Ravi op=Rupesh labour=17 created_by_user=24,1,,,,,,VERIFIED-live,typed rated_speed=40.00; header_total_production=43.0; segment_sum=0; productive_min=0; breakdown_min=0; rejected=0.0; reworked=0.0; sap_sync=NOT_APPLICABLE; sap_doc_entry=None; wh_approval=PARTIALLY_APPROVED
RUN,JIVO_OIL,2026-08-30T22:04:16+05:30,2026-08-01,Clear Pack,134,7,FG0000032,COLD PRESS 1 LTR 20 PCS,1.0,20,production run,header figure used,,1,47,940,940,4800,56400,1175,required=500.00 cases,COMPLETED,sup=Ravi op=Rupesh labour=18 created_by_user=24,1,,,,,,VERIFIED-live,typed rated_speed=1820.00; header_total_production=47.0; segment_sum=0; productive_min=0; breakdown_min=0; rejected=0.0; reworked=0.0; sap_sync=NOT_APPLICABLE; sap_doc_entry=None; wh_approval=PARTIALLY_APPROVED
RUN,JIVO_OIL,2026-08-30T22:04:16+05:30,2026-08-01,JP Machine,128,1,FG0000142,COLD PRESS GROUNDNUT OIL 1 LTR 16 PCS,1.0,16,production run,header figure used,,562,1453,23248,23248,5400,2482,46,required=1000.00 cases,COMPLETED,sup=Ravi op=Sudesh pradhan labour=18 created_by_user=24,3,,,,,,VERIFIED-live,typed rated_speed=1456.00; header_total_production=1453.0; segment_sum=1125; productive_min=562; breakdown_min=62; rejected=0.0; reworked=0.0; sap_sync=NOT_APPLICABLE; sap_doc_entry=None; wh_approval=PARTIALLY_APPROVED
RUN,JIVO_OIL,2026-08-30T22:04:16+05:30,2026-08-03,10 Head,136,2,FG0000227,RICE BRAN OIL 1 LTR 16 PCS,1.0,16,production run,header figure used,,399,137,2192,2192,2100,330,16,required=500.00 cases,COMPLETED,sup=Ravi op=Ajeet labour=17 created_by_user=24,1,,,,,,VERIFIED-live,typed rated_speed=1280.00; header_total_production=137.0; segment_sum=0; productive_min=0; breakdown_min=0; rejected=0.0; reworked=0.0; sap_sync=NOT_APPLICABLE; sap_doc_entry=None; wh_approval=PARTIALLY_APPROVED
RUN,JIVO_OIL,2026-08-30T22:04:16+05:30,2026-08-03,10 Head,140,5,FG0000142,COLD PRESS GROUNDNUT OIL 1 LTR 16 PCS,1.0,16,production run,segments figure used,,201,235,3760,3760,2100,1122,53,required=1000.00 cases,COMPLETED,sup=Ravi op=Ajeet labour=17 created_by_user=24,2,,,,,,VERIFIED-live,typed rated_speed=1440.00; header_total_production=10.0; segment_sum=235; productive_min=201; breakdown_min=0; rejected=0.0; reworked=0.0; sap_sync=NOT_APPLICABLE; sap_doc_entry=None; wh_approval=PARTIALLY_APPROVED
RUN,JIVO_OIL,2026-08-30T22:04:16+05:30,2026-08-03,6 Head,137,3,FG0000399,JIVO KACHI GHANI COLD PRESSED MUSTARD OIL 5 LTR 4 PCS ( CSD ),5.0,1,production run,header figure used,,139,320,320,1600,600,138,23,required=1000.00 cases,COMPLETED,sup=Ravi op=Krishan labour=18 created_by_user=24,2,,,,,,VERIFIED-live,typed rated_speed=90.00; header_total_production=320.0; segment_sum=320; productive_min=122; breakdown_min=0; rejected=0.0; reworked=0.0; sap_sync=NOT_APPLICABLE; sap_doc_entry=None; wh_approval=PARTIALLY_APPROVED
RUN,JIVO_OIL,2026-08-30T22:04:16+05:30,2026-08-03,6 Head,141,6,FG0000011,MUSTARD KACCHI GHANI 5 LTR 4 PCS,5.0,4,production run,segments figure used,,83,535,2140,10700,600,1547,258,required=500.00 cases,COMPLETED,sup=Ravi op=Krishna labour=18 created_by_user=24,2,,,,,,VERIFIED-live,typed rated_speed=360.00; header_total_production=381.0; segment_sum=535; productive_min=83; breakdown_min=0; rejected=0.0; reworked=0.0; sap_sync=NOT_APPLICABLE; sap_doc_entry=None; wh_approval=PARTIALLY_APPROVED
RUN,JIVO_OIL,2026-08-30T22:04:16+05:30,2026-08-03,6 Head,143,8,FG0000142,COLD PRESS GROUNDNUT OIL 1 LTR 16 PCS,1.0,16,production run,header figure used,,201,813,13008,13008,1080,3883,360,required=1000.00 cases,COMPLETED,sup=Ravi op=Ajeet labour=17 created_by_user=24,2,,,,,,VERIFIED-live,typed rated_speed=1600.00; header_total_production=813.0; segment_sum=270; productive_min=28; breakdown_min=0; rejected=0.0; reworked=0.0; sap_sync=NOT_APPLICABLE; sap_doc_entry=None; wh_approval=PARTIALLY_APPROVED
RUN,JIVO_OIL,2026-08-30T22:04:16+05:30,2026-08-03,Clear Pack,135,1,FG0000032,COLD PRESS 1 LTR 20 PCS,1.0,20,production run,header figure used,,324,782,15640,15640,4800,2896,60,required=1500.00 cases,COMPLETED,sup=Ravi op=Rupesh labour=17 created_by_user=24,3,,,,,,VERIFIED-live,typed rated_speed=2720.00; header_total_production=782.0; segment_sum=760; productive_min=324; breakdown_min=0; rejected=0.0; reworked=0.0; sap_sync=NOT_APPLICABLE; sap_doc_entry=None; wh_approval=PARTIALLY_APPROVED
RUN,JIVO_OIL,2026-08-30T22:04:16+05:30,2026-08-03,Clear Pack,142,7,FG0000081,COLD PRESS SUNFLOWER 1 LTR 20 PCS,1.0,20,production run,header figure used,,11,100,2000,2000,4800,10909,227,required=500.00 cases,COMPLETED,sup=Ravi op=Rupesh labour=18 created_by_user=24,1,,,,,,VERIFIED-live,typed rated_speed=1600.00; header_total_production=100.0; segment_sum=100; productive_min=11; breakdown_min=33; rejected=0.0; reworked=0.0; sap_sync=NOT_APPLICABLE; sap_doc_entry=None; wh_approval=PARTIALLY_APPROVED
RUN,JIVO_OIL,2026-08-30T22:04:16+05:30,2026-08-03,Clear Pack,144,9,FG0000091,COLD PRESS SUNFLOWER 1 LTR +1 LTR COMBO 10 SET PLAIN,1.0,10,production run,header figure used,,205,124,1240,1240,4800,363,8,required=500.00 cases,COMPLETED,sup=Ravi op=Rupesh labour=18 created_by_user=24,1,,,,,,VERIFIED-live,typed rated_speed=800.00; header_total_production=124.0; segment_sum=0; productive_min=0; breakdown_min=0; rejected=0.0; reworked=0.0; sap_sync=NOT_APPLICABLE; sap_doc_entry=None; wh_approval=PARTIALLY_APPROVED
RUN,JIVO_OIL,2026-08-30T22:04:16+05:30,2026-08-03,JP Machine,145,10,FG0000400,JIVO KACHI GHANI COLD PRESSED MUSTARD OIL1 LTR 20 PCS(CSD),1.0,1,production run,header figure used,,190,380,380,380,5400,120,2,required=1000.00 cases,COMPLETED,sup= op= labour=0 created_by_user=24,1,,,,,,VERIFIED-live,typed rated_speed=None; header_total_production=380.0; segment_sum=51; productive_min=190; breakdown_min=0; rejected=0.0; reworked=0.0; sap_sync=NOT_APPLICABLE; sap_doc_entry=None; wh_approval=PARTIALLY_APPROVED
RUN,JIVO_OIL,2026-08-30T22:04:16+05:30,2026-08-03,Pouch Machine,138,4,FG0000359,SOYABEAN OIL 750 GMS 12 PCS POUCH,0.8241758241758241,12,production run,segments figure used,,563,2235,26820,22104,,2858,,required=1200.00 cases,COMPLETED,sup=Ravi op=Amit labour=18 created_by_user=24,4,,,,,,VERIFIED-live,typed rated_speed=1320.00; header_total_production=1550.0; segment_sum=2235; productive_min=381; breakdown_min=0; rejected=0.0; reworked=0.0; sap_sync=NOT_APPLICABLE; sap_doc_entry=None; wh_approval=PARTIALLY_APPROVED
RUN,JIVO_OIL,2026-08-30T22:04:16+05:30,2026-08-04,10 Head,148,3,FG0000142,COLD PRESS GROUNDNUT OIL 1 LTR 16 PCS,1.0,16,production run,header figure used,,196,346,5536,5536,2100,1695,81,required=1400.00 cases,COMPLETED,sup=Ravi op=Ajeet labour=17 created_by_user=24,3,,,,,,VERIFIED-live,typed rated_speed=1920.00; header_total_production=346.0; segment_sum=287; productive_min=110; breakdown_min=70; rejected=0.0; reworked=0.0; sap_sync=NOT_APPLICABLE; sap_doc_entry=None; wh_approval=PARTIALLY_APPROVED
RUN,JIVO_OIL,2026-08-30T22:04:16+05:30,2026-08-04,10 Head,153,7,FG0000005,EXTRA LIGHT OLIVE 1 LTR 16 PCS,1.0,16,production run,header figure used,,74,94,1504,1504,2100,1219,58,required=60.00 cases,COMPLETED,sup=Ravi op=Ajeet labour=18 created_by_user=24,1,,,,,,VERIFIED-live,typed rated_speed=720.00; header_total_production=94.0; segment_sum=0; productive_min=0; breakdown_min=0; rejected=0.0; reworked=0.0; sap_sync=NOT_APPLICABLE; sap_doc_entry=None; wh_approval=PARTIALLY_APPROVED
RUN,JIVO_OIL,2026-08-30T22:04:16+05:30,2026-08-04,6 Head,149,4,FG0000043,COLD PRESS 3 LTR 6 PCS,3.0,6,production run,header figure used,,217,494,2964,8892,,820,,required=800.00 cases,COMPLETED,sup=Ravi op=Mukesh labour=18 created_by_user=24,4,,,,,,VERIFIED-live,typed rated_speed=540.00; header_total_production=494.0; segment_sum=280; productive_min=0; breakdown_min=0; rejected=0.0; reworked=0.0; sap_sync=NOT_APPLICABLE; sap_doc_entry=None; wh_approval=PARTIALLY_APPROVED
RUN,JIVO_OIL,2026-08-30T22:04:16+05:30,2026-08-04,6 Head,151,6,FG0000070,COLD PRESS 2 LTR 10 PCS HANDLE,2.0,10,production run,header figure used,,114,84,840,1680,720,442,61,required=200.00 cases,COMPLETED,sup=Ravi op=Mukesh labour=17 created_by_user=24,1,,,,,,VERIFIED-live,typed rated_speed=800.00; header_total_production=84.0; segment_sum=0; productive_min=0; breakdown_min=0; rejected=0.0; reworked=0.0; sap_sync=NOT_APPLICABLE; sap_doc_entry=None; wh_approval=PARTIALLY_APPROVED
RUN,JIVO_OIL,2026-08-30T22:04:16+05:30,2026-08-04,Clear Pack,146,1,FG0000091,COLD PRESS SUNFLOWER 1 LTR +1 LTR COMBO 10 SET PLAIN,1.0,10,production run,segments figure used,,550,590,5900,5900,4800,644,13,required=1000.00 cases,COMPLETED,sup=Ravi op=Rupesh labour=18 created_by_user=24,5,,,,,,VERIFIED-live,typed rated_speed=900.00; header_total_production=538.0; segment_sum=590; productive_min=550; breakdown_min=0; rejected=0.0; reworked=0.0; sap_sync=NOT_APPLICABLE; sap_doc_entry=None; wh_approval=PARTIALLY_APPROVED
RUN,JIVO_OIL,2026-08-30T22:04:16+05:30,2026-08-04,JP Machine,147,2,FG0000030,MUSTARD KACHI GHANI 1 LTR 20 PCS,1.0,20,production run,header figure used,,569,1134,22680,22680,5400,2392,44,required=1200.00 cases,COMPLETED,sup=Ravi op=Sudesh pradhan labour=17 created_by_user=24,4,,,,,,VERIFIED-live,typed rated_speed=2200.00; header_total_production=1134.0; segment_sum=675; productive_min=414; breakdown_min=0; rejected=0.0; reworked=0.0; sap_sync=NOT_APPLICABLE; sap_doc_entry=None; wh_approval=PARTIALLY_APPROVED
RUN,JIVO_OIL,2026-08-30T22:04:16+05:30,2026-08-04,Pouch Machine,150,5,FG0000299,SOYABEAN OIL 700 GMS POUCH 12 PCS,0.7692307692307693,12,production run,segments figure used,,367,1400,16800,12923,,2747,,required=1400.00 cases,COMPLETED,sup=Ravi op=Krishna labour=12 created_by_user=24,4,,,,,,VERIFIED-live,typed rated_speed=1632.00; header_total_production=790.0; segment_sum=1400; productive_min=174; breakdown_min=77; rejected=0.0; reworked=0.0; sap_sync=NOT_APPLICABLE; sap_doc_entry=None; wh_approval=PARTIALLY_APPROVED
RUN,JIVO_OIL,2026-08-30T22:04:16+05:30,2026-08-05,10 Head,156,3,FG0000005,EXTRA LIGHT OLIVE 1 LTR 16 PCS,1.0,0,production run,header figure used,,528,1391,0,,2100,0,0,required=1000.00 cases,COMPLETED,sup=Ravi op=Ajeet labour=17 created_by_user=24,4,,,,,,VERIFIED-live,typed rated_speed=90.00; header_total_production=1391.0; segment_sum=985; productive_min=375; breakdown_min=0; rejected=0.0; reworked=0.0; sap_sync=NOT_APPLICABLE; sap_doc_entry=None; wh_approval=PARTIALLY_APPROVED
RUN,JIVO_OIL,2026-08-30T22:04:16+05:30,2026-08-05,6 Head,157,4,FG0000070,COLD PRESS 2 LTR 10 PCS HANDLE,2.0,0,production run,segments figure used,,263,296,0,,720,0,0,required=1000.00 cases,COMPLETED,sup=Ravi op=Mukesh labour=18 created_by_user=24,3,,,,,,VERIFIED-live,typed rated_speed=100.00; header_total_production=234.0; segment_sum=296; productive_min=171; breakdown_min=0; rejected=0.0; reworked=0.0; sap_sync=NOT_APPLICABLE; sap_doc_entry=None; wh_approval=PARTIALLY_APPROVED
RUN,JIVO_OIL,2026-08-30T22:04:16+05:30,2026-08-05,6 Head,160,6,FG0000011,MUSTARD KACCHI GHANI 5 LTR 4 PCS,5.0,0,production run,header figure used,,333,647,0,,600,0,0,required=800.00 cases,COMPLETED,sup=Ravi op=Mukesh labour=14 created_by_user=24,3,,,,,,VERIFIED-live,typed rated_speed=100.00; header_total_production=647.0; segment_sum=293; productive_min=149; breakdown_min=0; rejected=0.0; reworked=0.0; sap_sync=NOT_APPLICABLE; sap_doc_entry=None; wh_approval=PARTIALLY_APPROVED
RUN,JIVO_OIL,2026-08-30T22:04:16+05:30,2026-08-05,Clear Pack,154,1,FG0000091,COLD PRESS SUNFLOWER 1 LTR +1 LTR COMBO 10 SET PLAIN,1.0,0,production run,segments figure used,,259,385,0,,4800,0,0,required=1000.00 cases,COMPLETED,sup=Ravi op=Rupesh labour=18 created_by_user=24,3,,,,,,VERIFIED-live,typed rated_speed=90.00; header_total_production=188.0; segment_sum=385; productive_min=257; breakdown_min=0; rejected=0.0; reworked=0.0; sap_sync=NOT_APPLICABLE; sap_doc_entry=None; wh_approval=PARTIALLY_APPROVED
RUN,JIVO_OIL,2026-08-30T22:04:16+05:30,2026-08-05,Clear Pack,161,7,FG0000053,COLD PRESS SUNFLOWER 5 LTR 4 PCS,5.0,0,production run,header figure used,,211,936,0,,3000,0,0,required=800.00 cases,COMPLETED,sup=Ravi op=Rupesh labour=18 created_by_user=24,4,,,,,,VERIFIED-live,typed rated_speed=100.00; header_total_production=936.0; segment_sum=320; productive_min=35; breakdown_min=79; rejected=0.0; reworked=0.0; sap_sync=NOT_APPLICABLE; sap_doc_entry=None; wh_approval=PARTIALLY_APPROVED
RUN,JIVO_OIL,2026-08-30T22:04:16+05:30,2026-08-05,JP Machine,155,2,FG0000030,MUSTARD KACHI GHANI 1 LTR 20 PCS,1.0,0,production run,header figure used,,534,1366,0,,5400,0,0,required=1100.00 cases,COMPLETED,sup=Ravi op=Sudesh pradhan labour=18 created_by_user=24,4,,,,,,VERIFIED-live,typed rated_speed=110.00; header_total_production=1366.0; segment_sum=820; productive_min=378; breakdown_min=0; rejected=0.0; reworked=0.0; sap_sync=NOT_APPLICABLE; sap_doc_entry=None; wh_approval=PARTIALLY_APPROVED
RUN,JIVO_OIL,2026-08-30T22:04:16+05:30,2026-08-05,Pouch Machine,159,5,FG0000299,SOYABEAN OIL 700 GMS POUCH 12 PCS,0.7692307692307693,0,production run,segments figure used,,348,2997,0,,,0,,required=1200.00 cases,COMPLETED,sup=Hardeep op=Amit labour=10 created_by_user=24,4,,,,,,VERIFIED-live,typed rated_speed=110.00; header_total_production=1407.0; segment_sum=2997; productive_min=273; breakdown_min=0; rejected=0.0; reworked=0.0; sap_sync=NOT_APPLICABLE; sap_doc_entry=None; wh_approval=PARTIALLY_APPROVED
RUN,JIVO_OIL,2026-08-30T22:04:16+05:30,2026-08-06,10 Head,164,3,FG0000005,EXTRA LIGHT OLIVE 1 LTR 16 PCS,1.0,16,production run,header figure used,,404,678,10848,10848,2100,1611,77,required=1100.00 cases,COMPLETED,sup=Ravi op=Ajeet labour=18 created_by_user=24,3,,,,,,VERIFIED-live,typed rated_speed=2100.00; header_total_production=678.0; segment_sum=540; productive_min=258; breakdown_min=0; rejected=0.0; reworked=0.0; sap_sync=NOT_APPLICABLE; sap_doc_entry=None; wh_approval=PARTIALLY_APPROVED
RUN,JIVO_OIL,2026-08-30T22:04:16+05:30,2026-08-06,10 Head,169,7,FG0000081,COLD PRESS SUNFLOWER 1 LTR 20 PCS,1.0,20,production run,header figure used,,286,171,3420,3420,2100,717,34,required=800.00 cases,COMPLETED,sup=Ravi op=Ajeet labour=18 created_by_user=24,1,,,,,,VERIFIED-live,typed rated_speed=2100.00; header_total_production=171.0; segment_sum=0; productive_min=0; breakdown_min=0; rejected=0.0; reworked=0.0; sap_sync=NOT_APPLICABLE; sap_doc_entry=None; wh_approval=PARTIALLY_APPROVED
RUN,JIVO_OIL,2026-08-30T22:04:16+05:30,2026-08-06,6 Head,165,4,FG0000306,YELLOW MUSTARD OIL 1 LTR 20 PCS,1.0,20,production run,header figure used,,658,444,8880,8880,1080,810,75,required=1000.00 cases,COMPLETED,sup=Ravi op=Krishna labour=17 created_by_user=24,3,,,,,,VERIFIED-live,typed rated_speed=1080.00; header_total_production=444.0; segment_sum=180; productive_min=261; breakdown_min=0; rejected=0.0; reworked=0.0; sap_sync=NOT_APPLICABLE; sap_doc_entry=None; wh_approval=PARTIALLY_APPROVED
RUN,JIVO_OIL,2026-08-30T22:04:16+05:30,2026-08-06,Clear Pack,162,1,FG0000004,COLD PRESS 5 LTR 4 PCS,5.0,4,production run,header figure used,,350,1311,5244,26220,3000,899,30,required=1000.00 cases,COMPLETED,sup=Ravi op=Rupesh labour=18 created_by_user=24,3,,,,,,VERIFIED-live,typed rated_speed=3000.00; header_total_production=1311.0; segment_sum=960; productive_min=214; breakdown_min=0; rejected=0.0; reworked=0.0; sap_sync=NOT_APPLICABLE; sap_doc_entry=None; wh_approval=PARTIALLY_APPROVED
RUN,JIVO_OIL,2026-08-30T22:04:16+05:30,2026-08-06,Clear Pack,168,6,FG0000143,COLD PRESS GROUNDNUT OIL 5 LTR 4 PCS,5.0,4,production run,header figure used,,285,222,888,4440,3000,187,6,required=700.00 cases,COMPLETED,sup=Ravi op=Rupesh labour=18 created_by_user=24,1,,,,,,VERIFIED-live,typed rated_speed=3000.00; header_total_production=222.0; segment_sum=0; productive_min=0; breakdown_min=0; rejected=0.0; reworked=0.0; sap_sync=NOT_APPLICABLE; sap_doc_entry=None; wh_approval=PARTIALLY_APPROVED
RUN,JIVO_OIL,2026-08-30T22:04:16+05:30,2026-08-06,JP Machine,163,2,FG0000030,MUSTARD KACHI GHANI 1 LTR 20 PCS,1.0,20,production run,header figure used,,159,311,6220,6220,5400,2347,43,required=1100.00 cases,COMPLETED,sup=Ravi op=Sudesh pradhan labour=18 created_by_user=24,2,,,,,,VERIFIED-live,typed rated_speed=5400.00; header_total_production=311.0; segment_sum=254; productive_min=158; breakdown_min=0; rejected=0.0; reworked=0.0; sap_sync=NOT_APPLICABLE; sap_doc_entry=None; wh_approval=PARTIALLY_APPROVED
RUN,JIVO_OIL,2026-08-30T22:04:16+05:30,2026-08-06,Pouch Machine,166,5,FG0000359,SOYABEAN OIL 750 GMS 12 PCS POUCH,0.8241758241758241,12,production run,header figure used,,339,870,10440,8604,,1848,,required=1200.00 cases,COMPLETED,sup=Hardeep op=Amit labour=12 created_by_user=24,3,,,,,,VERIFIED-live,typed rated_speed=2400.00; header_total_production=870.0; segment_sum=380; productive_min=145; breakdown_min=324; rejected=0.0; reworked=0.0; sap_sync=NOT_APPLICABLE; sap_doc_entry=None; wh_approval=PARTIALLY_APPROVED
RUN,JIVO_OIL,2026-08-30T22:04:16+05:30,2026-08-07,10 Head,173,4,FG0000081,COLD PRESS SUNFLOWER 1 LTR 20 PCS,1.0,20,production run,header figure used,,532,666,13320,13320,2100,1502,72,required=1000.00 cases,COMPLETED,sup=Ravi op=Ajeet labour=18 created_by_user=24,4,,,,,,VERIFIED-live,typed rated_speed=2100.00; header_total_production=666.0; segment_sum=290; productive_min=165; breakdown_min=0; rejected=0.0; reworked=0.0; sap_sync=NOT_APPLICABLE; sap_doc_entry=None; wh_approval=PARTIALLY_APPROVED
RUN,JIVO_OIL,2026-08-30T22:04:16+05:30,2026-08-07,10 Head,176,6,FG0000005,EXTRA LIGHT OLIVE 1 LTR 16 PCS,1.0,16,production run,header figure used,,177,51,816,816,2100,277,13,required=150.00 cases,COMPLETED,sup=Ravi op=Ajeet labour=18 created_by_user=24,1,,,,,,VERIFIED-live,typed rated_speed=2100.00; header_total_production=51.0; segment_sum=0; productive_min=0; breakdown_min=0; rejected=0.0; reworked=0.0; sap_sync=NOT_APPLICABLE; sap_doc_entry=None; wh_approval=PARTIALLY_APPROVED
RUN,JIVO_OIL,2026-08-30T22:04:16+05:30,2026-08-07,6 Head,170,1,FG0000306,YELLOW MUSTARD OIL 1 LTR 20 PCS,1.0,20,production run,header figure used,,146,72,1440,1440,1080,592,55,required=1000.00 cases,COMPLETED,sup=Ravi op=Mukesh labour=17 created_by_user=24,1,,,,,,VERIFIED-live,typed rated_speed=1080.00; header_total_production=72.0; segment_sum=0; productive_min=0; breakdown_min=0; rejected=0.0; reworked=0.0; sap_sync=NOT_APPLICABLE; sap_doc_entry=None; wh_approval=PARTIALLY_APPROVED
RUN,JIVO_OIL,2026-08-30T22:04:16+05:30,2026-08-07,6 Head,174,5,FG0000142,COLD PRESS GROUNDNUT OIL 1 LTR 16 PCS,1.0,16,production run,header figure used,,440,1600,25600,25600,1080,3491,323,required=800.00 cases,COMPLETED,sup= op= labour=0 created_by_user=24,4,,,,,,VERIFIED-live,typed rated_speed=1080.00; header_total_production=1600.0; segment_sum=148; productive_min=57; breakdown_min=0; rejected=0.0; reworked=0.0; sap_sync=NOT_APPLICABLE; sap_doc_entry=None; wh_approval=PARTIALLY_APPROVED
RUN,JIVO_OIL,2026-08-30T22:04:16+05:30,2026-08-07,Clear Pack,172,3,FG0000143,COLD PRESS GROUNDNUT OIL 5 LTR 4 PCS,5.0,4,production run,header figure used,,462,1600,6400,32000,3000,831,28,required=1000.00 cases,COMPLETED,sup=Ravi op=Rupesh labour=18 created_by_user=24,9,,,,,,VERIFIED-live,typed rated_speed=3000.00; header_total_production=1600.0; segment_sum=1584; productive_min=269; breakdown_min=86; rejected=0.0; reworked=0.0; sap_sync=NOT_APPLICABLE; sap_doc_entry=None; wh_approval=PARTIALLY_APPROVED
RUN,JIVO_OIL,2026-08-30T22:04:16+05:30,2026-08-07,JP Machine,171,2,FG0000030,MUSTARD KACHI GHANI 1 LTR 20 PCS,1.0,20,production run,header figure used,,515,1249,24980,24980,5400,2910,54,required=1000.00 cases,COMPLETED,sup=Ravi op=Sudesh pradhan labour=18 created_by_user=24,5,,,,,,VERIFIED-live,typed rated_speed=5400.00; header_total_production=1249.0; segment_sum=900; productive_min=266; breakdown_min=17; rejected=0.0; reworked=0.0; sap_sync=NOT_APPLICABLE; sap_doc_entry=None; wh_approval=PARTIALLY_APPROVED
RUN,JIVO_OIL,2026-08-30T22:04:16+05:30,2026-08-08,10 Head,177,1,FG0000005,EXTRA LIGHT OLIVE 1 LTR 16 PCS,1.0,16,production run,header figure used,,387,789,12624,12624,2100,1957,93,required=1100.00 cases,COMPLETED,sup=Ravi op=Ajeet labour=18 created_by_user=24,3,,,,,,VERIFIED-live,typed rated_speed=2100.00; header_total_production=789.0; segment_sum=730; productive_min=387; breakdown_min=0; rejected=0.0; reworked=0.0; sap_sync=NOT_APPLICABLE; sap_doc_entry=None; wh_approval=PARTIALLY_APPROVED
RUN,JIVO_OIL,2026-08-30T22:04:16+05:30,2026-08-08,6 Head,179,3,FG0000142,COLD PRESS GROUNDNUT OIL 1 LTR 16 PCS,1.0,16,production run,segments figure used,,496,543,8688,8688,1080,1051,97,required=1100.00 cases,COMPLETED,sup=Ravi op=Krishna labour=17 created_by_user=24,5,,,,,,VERIFIED-live,typed rated_speed=1080.00; header_total_production=219.0; segment_sum=543; productive_min=289; breakdown_min=0; rejected=0.0; reworked=0.0; sap_sync=NOT_APPLICABLE; sap_doc_entry=None; wh_approval=PARTIALLY_APPROVED
RUN,JIVO_OIL,2026-08-30T22:04:16+05:30,2026-08-08,JP Machine,178,2,FG0000030,MUSTARD KACHI GHANI 1 LTR 20 PCS,1.0,20,production run,segments figure used,,489,665,13300,13300,5400,1632,30,required=1200.00 cases,COMPLETED,sup=Ravi op=Sudesh pradhan labour=18 created_by_user=24,4,,,,,,VERIFIED-live,typed rated_speed=5400.00; header_total_production=636.0; segment_sum=665; productive_min=320; breakdown_min=0; rejected=0.0; reworked=0.0; sap_sync=NOT_APPLICABLE; sap_doc_entry=None; wh_approval=PARTIALLY_APPROVED
RUN,JIVO_OIL,2026-08-30T22:04:16+05:30,2026-08-10,10 Head,182,2,FG0000142,COLD PRESS GROUNDNUT OIL 1 LTR 16 PCS,1.0,16,production run,header figure used,,620,1153,18448,18448,2100,1785,85,required=1000.00 cases,COMPLETED,sup=Ravi op=Ajeet labour=18 created_by_user=24,3,,,,,,VERIFIED-live,typed rated_speed=2100.00; header_total_production=1153.0; segment_sum=855; productive_min=401; breakdown_min=0; rejected=0.0; reworked=0.0; sap_sync=NOT_APPLICABLE; sap_doc_entry=None; wh_approval=PARTIALLY_APPROVED
RUN,JIVO_OIL,2026-08-30T22:04:16+05:30,2026-08-10,6 Head,186,5,FG0000226,RICE BRAN OIL 5 LTR 4 PCS,5.0,4,production run,header figure used,,223,287,1148,5740,600,309,51,required=300.00 cases,COMPLETED,sup=Ravi op=Mukesh labour=17 created_by_user=24,2,,,,,,VERIFIED-live,typed rated_speed=600.00; header_total_production=287.0; segment_sum=0; productive_min=0; breakdown_min=0; rejected=0.0; reworked=0.0; sap_sync=NOT_APPLICABLE; sap_doc_entry=None; wh_approval=PARTIALLY_APPROVED
RUN,JIVO_OIL,2026-08-30T22:04:16+05:30,2026-08-10,Clear Pack,184,3,FG0000081,COLD PRESS SUNFLOWER 1 LTR 20 PCS,1.0,20,production run,header figure used,,241,390,7800,7800,4800,1942,40,required=11000.00 cases,COMPLETED,sup=Ravi op=Rupesh labour=18 created_by_user=24,2,,,,,,VERIFIED-live,typed rated_speed=4800.00; header_total_production=390.0; segment_sum=80; productive_min=22; breakdown_min=0; rejected=0.0; reworked=0.0; sap_sync=NOT_APPLICABLE; sap_doc_entry=None; wh_approval=PARTIALLY_APPROVED
RUN,JIVO_OIL,2026-08-30T22:04:16+05:30,2026-08-10,JP Machine,181,1,FG0000379,MUSTARD KACHI GHANI 1 LTR 20 PCS ROUND BOTTLE,1.0,20,production run,segments figure used,,520,772,15440,15440,5400,1782,33,required=1200.00 cases,COMPLETED,sup=Ravi op=Sudesh pradhan labour=18 created_by_user=24,5,,,,,,VERIFIED-live,typed rated_speed=5400.00; header_total_production=689.0; segment_sum=772; productive_min=285; breakdown_min=78; rejected=0.0; reworked=0.0; sap_sync=NOT_APPLICABLE; sap_doc_entry=None; wh_approval=PARTIALLY_APPROVED
RUN,JIVO_OIL,2026-08-30T22:04:16+05:30,2026-08-10,JP Machine,185,4,FG0000136,SANO MUSTARD OIL 1 LTR 20 PCS,1.0,20,production run,header figure used,,224,442,8840,8840,5400,2368,44,required=500.00 cases,COMPLETED,sup= op= labour=0 created_by_user=24,3,,,,,,VERIFIED-live,typed rated_speed=5400.00; header_total_production=442.0; segment_sum=116; productive_min=22; breakdown_min=15; rejected=0.0; reworked=0.0; sap_sync=NOT_APPLICABLE; sap_doc_entry=None; wh_approval=PARTIALLY_APPROVED
RUN,JIVO_OIL,2026-08-30T22:04:16+05:30,2026-08-11,10 Head,187,1,FG0000142,COLD PRESS GROUNDNUT OIL 1 LTR 16 PCS,1.0,16,production run,header figure used,,373,1217,19472,19472,2100,3132,149,required=1000.00 cases,COMPLETED,sup=Ravi op=Ajeet labour=17 created_by_user=24,3,,,,,,VERIFIED-live,typed rated_speed=2100.00; header_total_production=1217.0; segment_sum=200; productive_min=155; breakdown_min=0; rejected=0.0; reworked=0.0; sap_sync=NOT_APPLICABLE; sap_doc_entry=None; wh_approval=PARTIALLY_APPROVED
RUN,JIVO_OIL,2026-08-30T22:04:16+05:30,2026-08-11,6 Head,188,2,FG0000226,RICE BRAN OIL 5 LTR 4 PCS,5.0,4,production run,header figure used,,163,60,240,1200,600,88,15,required=800.00 cases,COMPLETED,sup=Ravi op=Mukesh labour=18 created_by_user=24,1,,,,,,VERIFIED-live,typed rated_speed=600.00; header_total_production=60.0; segment_sum=0; productive_min=0; breakdown_min=0; rejected=0.0; reworked=0.0; sap_sync=NOT_APPLICABLE; sap_doc_entry=None; wh_approval=PARTIALLY_APPROVED
RUN,JIVO_OIL,2026-08-30T22:04:16+05:30,2026-08-11,6 Head,191,5,FG0000143,COLD PRESS GROUNDNUT OIL 5 LTR 4 PCS,5.0,4,production run,header figure used,,249,1217,4868,24340,600,1173,196,required=800.00 cases,COMPLETED,sup=Ravi op=Mukesh labour=17 created_by_user=24,3,,,,,,VERIFIED-live,typed rated_speed=600.00; header_total_production=1217.0; segment_sum=280; productive_min=154; breakdown_min=287; rejected=0.0; reworked=0.0; sap_sync=NOT_APPLICABLE; sap_doc_entry=None; wh_approval=PARTIALLY_APPROVED
RUN,JIVO_OIL,2026-08-30T22:04:16+05:30,2026-08-11,Clear Pack,190,4,FG0000081,COLD PRESS SUNFLOWER 1 LTR 20 PCS,1.0,20,production run,header figure used,,578,1410,28200,28200,4800,2927,61,required=1100.00 cases,COMPLETED,sup=Ravi op=Rupesh labour=18 created_by_user=24,3,,,,,,VERIFIED-live,typed rated_speed=4800.00; header_total_production=1410.0; segment_sum=680; productive_min=272; breakdown_min=0; rejected=0.0; reworked=0.0; sap_sync=NOT_APPLICABLE; sap_doc_entry=None; wh_approval=PARTIALLY_APPROVED
RUN,JIVO_OIL,2026-08-30T22:04:16+05:30,2026-08-11,JP Machine,189,3,FG0000136,SANO MUSTARD OIL 1 LTR 20 PCS,1.0,20,production run,header figure used,,274,574,11480,11480,5400,2514,47,required=1000.00 cases,COMPLETED,sup=Ravi op=Sudesh pradhan labour=18 created_by_user=24,3,,,,,,VERIFIED-live,typed rated_speed=5400.00; header_total_production=574.0; segment_sum=573; productive_min=274; breakdown_min=468; rejected=0.0; reworked=0.0; sap_sync=NOT_APPLICABLE; sap_doc_entry=None; wh_approval=PARTIALLY_APPROVED
RUN,JIVO_OIL,2026-08-30T22:04:16+05:30,2026-08-11,JP Machine,194,6,FG0000030,MUSTARD KACHI GHANI 1 LTR 20 PCS,1.0,20,production run,header figure used,,257,599,11980,11980,5400,2797,52,required=500.00 cases,COMPLETED,sup=Ravi op=Sudesh pradhan labour=18 created_by_user=24,1,,,,,,VERIFIED-live,typed rated_speed=5400.00; header_total_production=599.0; segment_sum=0; productive_min=0; breakdown_min=0; rejected=0.0; reworked=0.0; sap_sync=NOT_APPLICABLE; sap_doc_entry=None; wh_approval=PARTIALLY_APPROVED
RUN,JIVO_OIL,2026-08-30T22:04:16+05:30,2026-08-12,10 Head,195,1,FG0000142,COLD PRESS GROUNDNUT OIL 1 LTR 16 PCS,1.0,16,production run,segments figure used,,591,810,12960,12960,2100,1316,63,required=1000.00 cases,COMPLETED,sup=Ravi op=Ajeet labour=18 created_by_user=24,4,,,,,,VERIFIED-live,typed rated_speed=2100.00; header_total_production=765.0; segment_sum=810; productive_min=340; breakdown_min=0; rejected=0.0; reworked=0.0; sap_sync=NOT_APPLICABLE; sap_doc_entry=None; wh_approval=PARTIALLY_APPROVED
RUN,JIVO_OIL,2026-08-30T22:04:16+05:30,2026-08-12,6 Head,198,4,FG0000053,COLD PRESS SUNFLOWER 5 LTR 4 PCS,5.0,4,production run,segments figure used,,236,794,3176,15880,600,807,135,required=800.00 cases,COMPLETED,sup=Ravi op=Mukesh labour=17 created_by_user=24,3,,,,,,VERIFIED-live,typed rated_speed=600.00; header_total_production=494.0; segment_sum=794; productive_min=211; breakdown_min=47; rejected=0.0; reworked=0.0; sap_sync=NOT_APPLICABLE; sap_doc_entry=None; wh_approval=PARTIALLY_APPROVED
RUN,JIVO_OIL,2026-08-30T22:04:16+05:30,2026-08-12,6 Head,200,5,FG0000192,SOYABEAN OIL 5 LTR 4 PCS,5.0,4,production run,header figure used,,372,656,2624,13120,600,423,71,required=400.00 cases,COMPLETED,sup=Ravi op=Mukesh labour=18 created_by_user=24,2,,,,,,VERIFIED-live,typed rated_speed=600.00; header_total_production=656.0; segment_sum=280; productive_min=122; breakdown_min=0; rejected=0.0; reworked=0.0; sap_sync=NOT_APPLICABLE; sap_doc_entry=None; wh_approval=PARTIALLY_APPROVED
RUN,JIVO_OIL,2026-08-30T22:04:16+05:30,2026-08-12,Clear Pack,197,3,FG0000429,MUSTARD KACHI GHANI 1 LTR + 1 LTR COMBO 10 SET PLAIN,1.0,10,production run,header figure used,,621,661,6610,6610,4800,639,13,required=1100.00 cases,COMPLETED,sup=Ravi op=Rupesh labour=18 created_by_user=24,4,,,,,,VERIFIED-live,typed rated_speed=4800.00; header_total_production=661.0; segment_sum=360; productive_min=342; breakdown_min=0; rejected=0.0; reworked=0.0; sap_sync=NOT_APPLICABLE; sap_doc_entry=None; wh_approval=PARTIALLY_APPROVED
RUN,JIVO_OIL,2026-08-30T22:04:16+05:30,2026-08-12,JP Machine,196,2,FG0000030,MUSTARD KACHI GHANI 1 LTR 20 PCS,1.0,20,production run,header figure used,,347,394,7880,7880,5400,1363,25,required=1000.00 cases,COMPLETED,sup=Ravi op=Sudesh pradhan labour=18 created_by_user=24,3,,,,,,VERIFIED-live,typed rated_speed=5400.00; header_total_production=394.0; segment_sum=390; productive_min=159; breakdown_min=0; rejected=0.0; reworked=0.0; sap_sync=NOT_APPLICABLE; sap_doc_entry=None; wh_approval=PARTIALLY_APPROVED
RUN,JIVO_OIL,2026-08-30T22:04:16+05:30,2026-08-13,10 Head,201,1,FG0000142,COLD PRESS GROUNDNUT OIL 1 LTR 16 PCS,1.0,16,production run,header figure used,,651,867,13872,13872,2100,1279,61,required=800.00 cases,COMPLETED,sup=Ravi op=Ajeet labour=18 created_by_user=24,4,,,,,,VERIFIED-live,typed rated_speed=2100.00; header_total_production=867.0; segment_sum=450; productive_min=61; breakdown_min=0; rejected=0.0; reworked=0.0; sap_sync=NOT_APPLICABLE; sap_doc_entry=None; wh_approval=PARTIALLY_APPROVED
RUN,JIVO_OIL,2026-08-30T22:04:16+05:30,2026-08-13,6 Head,202,2,FG0000192,SOYABEAN OIL 5 LTR 4 PCS,5.0,4,production run,segments figure used,,202,180,720,3600,600,214,36,required=600.00 cases,COMPLETED,sup=Ravi op=Mukesh labour=17 created_by_user=24,1,,,,,,VERIFIED-live,typed rated_speed=600.00; header_total_production=108.0; segment_sum=180; productive_min=202; breakdown_min=0; rejected=0.0; reworked=0.0; sap_sync=NOT_APPLICABLE; sap_doc_entry=None; wh_approval=PARTIALLY_APPROVED
RUN,JIVO_OIL,2026-08-30T22:04:16+05:30,2026-08-13,6 Head,205,5,FG0000038,MUSTARD KACCHI GHANI 2 LTR 10 PCS,2.0,10,production run,header figure used,,487,550,5500,11000,720,678,94,required=500.00 cases,COMPLETED,sup=Ravi op=Mukesh labour=18 created_by_user=24,4,,,,,,VERIFIED-live,typed rated_speed=720.00; header_total_production=550.0; segment_sum=80; productive_min=68; breakdown_min=0; rejected=0.0; reworked=0.0; sap_sync=NOT_APPLICABLE; sap_doc_entry=None; wh_approval=PARTIALLY_APPROVED
RUN,JIVO_OIL,2026-08-30T22:04:16+05:30,2026-08-13,Clear Pack,204,4,FG0000429,MUSTARD KACHI GHANI 1 LTR + 1 LTR COMBO 10 SET PLAIN,1.0,10,production run,header figure used,,629,668,6680,6680,4800,637,13,required=600.00 cases,COMPLETED,sup=Ravi op=Rupesh labour=18 created_by_user=24,4,,,,,,VERIFIED-live,typed rated_speed=4800.00; header_total_production=668.0; segment_sum=380; productive_min=293; breakdown_min=0; rejected=0.0; reworked=0.0; sap_sync=NOT_APPLICABLE; sap_doc_entry=None; wh_approval=PARTIALLY_APPROVED
RUN,JIVO_OIL,2026-08-30T22:04:16+05:30,2026-08-13,JP Machine,203,3,FG0000030,MUSTARD KACHI GHANI 1 LTR 20 PCS,1.0,20,production run,header figure used,,265,477,9540,9540,5400,2160,40,required=1000.00 cases,COMPLETED,sup=Ravi op=Sudesh pradhan labour=18 created_by_user=24,2,,,,,,VERIFIED-live,typed rated_speed=5400.00; header_total_production=477.0; segment_sum=405; productive_min=200; breakdown_min=0; rejected=0.0; reworked=0.0; sap_sync=NOT_APPLICABLE; sap_doc_entry=None; wh_approval=PARTIALLY_APPROVED
RUN,JIVO_OIL,2026-08-30T22:04:16+05:30,2026-08-14,10 Head,208,3,FG0000028,POMACE OLIVE 1 LTR 16 PCS,1.0,16,production run,header figure used,,768,800,12800,12800,2100,1000,48,required=1000.00 cases,COMPLETED,sup=Ravi op=Ajeet labour=18 created_by_user=24,3,,,,,,VERIFIED-live,typed rated_speed=2100.00; header_total_production=800.0; segment_sum=375; productive_min=268; breakdown_min=0; rejected=0.0; reworked=0.0; sap_sync=NOT_APPLICABLE; sap_doc_entry=None; wh_approval=PARTIALLY_APPROVED
RUN,JIVO_OIL,2026-08-30T22:04:16+05:30,2026-08-14,6 Head,207,2,FG0000038,MUSTARD KACCHI GHANI 2 LTR 10 PCS,2.0,10,production run,header figure used,,686,715,7150,14300,720,625,87,required=800.00 cases,COMPLETED,sup=Ravi op=Mukesh labour=17 created_by_user=24,3,,,,,,VERIFIED-live,typed rated_speed=720.00; header_total_production=715.0; segment_sum=240; productive_min=187; breakdown_min=0; rejected=0.0; reworked=0.0; sap_sync=NOT_APPLICABLE; sap_doc_entry=None; wh_approval=PARTIALLY_APPROVED
RUN,JIVO_OIL,2026-08-30T22:04:16+05:30,2026-08-14,Clear Pack,206,1,FG0000429,MUSTARD KACHI GHANI 1 LTR + 1 LTR COMBO 10 SET PLAIN,1.0,10,production run,header figure used,,767,697,6970,6970,4800,545,11,required=800.00 cases,COMPLETED,sup=Ravi op=Rupesh labour=18 created_by_user=24,3,,,,,,VERIFIED-live,typed rated_speed=4800.00; header_total_production=697.0; segment_sum=400; productive_min=269; breakdown_min=0; rejected=0.0; reworked=0.0; sap_sync=NOT_APPLICABLE; sap_doc_entry=None; wh_approval=PARTIALLY_APPROVED
RUN,JIVO_OIL,2026-08-30T22:04:16+05:30,2026-08-14,Pouch Machine,209,4,FG0000106,MUSTARD KACHHI GHANI 1 LTR POUCH 12 PCS,1.0,12,production run,header figure used,,783,1100,13200,13200,2400,1011,42,required=1400.00 cases,COMPLETED,sup=Hardeep op=Amit labour=12 created_by_user=24,3,,,,,,VERIFIED-live,typed rated_speed=1800.00; header_total_production=1100.0; segment_sum=280; productive_min=172; breakdown_min=0; rejected=0.0; reworked=0.0; sap_sync=NOT_APPLICABLE; sap_doc_entry=None; wh_approval=PARTIALLY_APPROVED
RUN,JIVO_OIL,2026-08-30T22:04:16+05:30,2026-08-17,10 Head,212,2,FG0000028,POMACE OLIVE 1 LTR 16 PCS,1.0,16,production run,header figure used,,716,821,13136,13136,2100,1101,52,required=1000.00 cases,COMPLETED,sup=Ravi op=Ajeet labour=1000 created_by_user=24,3,,,,,,VERIFIED-live,typed rated_speed=2100.00; header_total_production=821.0; segment_sum=375; productive_min=394; breakdown_min=0; rejected=0.0; reworked=0.0; sap_sync=NOT_APPLICABLE; sap_doc_entry=None; wh_approval=PARTIALLY_APPROVED
RUN,JIVO_OIL,2026-08-30T22:04:16+05:30,2026-08-17,6 Head,214,4,FG0000011,MUSTARD KACCHI GHANI 5 LTR 4 PCS,5.0,4,production run,header figure used,,734,872,3488,17440,600,285,48,required=800.00 cases,COMPLETED,sup=Ravi op=Vikash labour=18 created_by_user=24,3,,,,,,VERIFIED-live,typed rated_speed=600.00; header_total_production=872.0; segment_sum=440; productive_min=413; breakdown_min=0; rejected=0.0; reworked=0.0; sap_sync=NOT_APPLICABLE; sap_doc_entry=None; wh_approval=PARTIALLY_APPROVED
RUN,JIVO_OIL,2026-08-30T22:04:16+05:30,2026-08-17,Clear Pack,213,3,FG0000081,COLD PRESS SUNFLOWER 1 LTR 20 PCS,1.0,20,production run,header figure used,,731,1231,24620,24620,4800,2021,42,required=1200.00 cases,COMPLETED,sup=Ravi op=Rupesh labour=18 created_by_user=24,3,,,,,,VERIFIED-live,typed rated_speed=4800.00; header_total_production=1231.0; segment_sum=640; productive_min=409; breakdown_min=0; rejected=0.0; reworked=0.0; sap_sync=NOT_APPLICABLE; sap_doc_entry=None; wh_approval=PARTIALLY_APPROVED
RUN,JIVO_OIL,2026-08-30T22:04:16+05:30,2026-08-17,JP Machine,211,1,FG0000030,MUSTARD KACHI GHANI 1 LTR 20 PCS,1.0,20,production run,header figure used,,754,1154,23080,23080,5400,1837,34,required=800.00 cases,COMPLETED,sup=Ravi op=Sudesh pradhan labour=18 created_by_user=24,3,,,,,,VERIFIED-live,typed rated_speed=5400.00; header_total_production=1154.0; segment_sum=505; productive_min=431; breakdown_min=0; rejected=0.0; reworked=0.0; sap_sync=NOT_APPLICABLE; sap_doc_entry=None; wh_approval=PARTIALLY_APPROVED
RUN,JIVO_OIL,2026-08-30T22:04:16+05:30,2026-08-18,10 Head,216,1,FG0000142,COLD PRESS GROUNDNUT OIL 1 LTR 16 PCS,1.0,16,production run,header figure used,,661,1080,17280,17280,2100,1569,75,required=900.00 cases,COMPLETED,sup= op= labour=0 created_by_user=24,4,,,,,,VERIFIED-live,typed rated_speed=2100.00; header_total_production=1080.0; segment_sum=600; productive_min=265; breakdown_min=0; rejected=0.0; reworked=0.0; sap_sync=NOT_APPLICABLE; sap_doc_entry=None; wh_approval=PARTIALLY_APPROVED
RUN,JIVO_OIL,2026-08-30T22:04:16+05:30,2026-08-18,6 Head,220,5,FG0000011,MUSTARD KACCHI GHANI 5 LTR 4 PCS,5.0,4,production run,header figure used,,687,901,3604,18020,600,315,52,required=800.00 cases,COMPLETED,sup=Ravi op=Mritul labour=18 created_by_user=24,1,,,,,,VERIFIED-live,typed rated_speed=600.00; header_total_production=901.0; segment_sum=0; productive_min=0; breakdown_min=0; rejected=0.0; reworked=0.0; sap_sync=NOT_APPLICABLE; sap_doc_entry=None; wh_approval=PARTIALLY_APPROVED
RUN,JIVO_OIL,2026-08-30T22:04:16+05:30,2026-08-18,Clear Pack,219,4,FG0000081,COLD PRESS SUNFLOWER 1 LTR 20 PCS,1.0,20,production run,header figure used,,598,1368,27360,27360,4800,2745,57,required=1200.00 cases,COMPLETED,sup=Ravi op=Rupesh labour=18 created_by_user=24,4,,,,,,VERIFIED-live,typed rated_speed=4800.00; header_total_production=1368.0; segment_sum=1120; productive_min=260; breakdown_min=0; rejected=0.0; reworked=0.0; sap_sync=NOT_APPLICABLE; sap_doc_entry=None; wh_approval=PARTIALLY_APPROVED
RUN,JIVO_OIL,2026-08-30T22:04:16+05:30,2026-08-18,JP Machine,217,2,FG0000422,JIVO MUSTARD KACCHI GHANI 869 GMS 20 PCS,0.954945054945055,20,production run,header figure used,,0,0,0,,,,,required=None cases,DRAFT,sup=Ravi op=Sudesh pradhan labour=18 created_by_user=24,0,,,,,,VERIFIED-live,typed rated_speed=5400.00; header_total_production=0.0; segment_sum=0; productive_min=0; breakdown_min=0; rejected=0.0; reworked=0.0; sap_sync=NOT_APPLICABLE; sap_doc_entry=None; wh_approval=NOT_REQUESTED
RUN,JIVO_OIL,2026-08-30T22:04:16+05:30,2026-08-18,JP Machine,218,3,FG0000422,JIVO MUSTARD KACCHI GHANI 869 GMS 20 PCS,0.954945054945055,20,production run,header figure used,,600,1052,21040,20092,,2104,,required=1000.00 cases,COMPLETED,sup=Ravi op=Sudesh pradhan labour=18 created_by_user=24,4,,,,,,VERIFIED-live,typed rated_speed=5400.00; header_total_production=1052.0; segment_sum=795; productive_min=261; breakdown_min=0; rejected=0.0; reworked=0.0; sap_sync=NOT_APPLICABLE; sap_doc_entry=None; wh_approval=PARTIALLY_APPROVED
RUN,JIVO_OIL,2026-08-30T22:04:16+05:30,2026-08-18,Tin Head,222,6,FG0000367,SANO POMACE OLIVE OIL 15 L,,1,production run,header figure used,,498,465,465,,,56,,required=1500.00 cases,COMPLETED,sup=Ravi op=Amit labour=15 created_by_user=24,1,,,,,,VERIFIED-live,typed rated_speed=50.00; header_total_production=465.0; segment_sum=0; productive_min=0; breakdown_min=0; rejected=0.0; reworked=0.0; sap_sync=NOT_APPLICABLE; sap_doc_entry=None; wh_approval=PARTIALLY_APPROVED
RUN,JIVO_OIL,2026-08-30T22:04:16+05:30,2026-08-18,Tin Head,223,7,FG0000015,REFINED OIL 15 LTR,15.0,1,production run,header figure used,,194,694,694,10410,240,215,89,required=500.00 cases,COMPLETED,sup=Ravi op=Amit labour=15 created_by_user=24,1,,,,,,VERIFIED-live,typed rated_speed=50.00; header_total_production=694.0; segment_sum=0; productive_min=0; breakdown_min=0; rejected=0.0; reworked=0.0; sap_sync=NOT_APPLICABLE; sap_doc_entry=None; wh_approval=PARTIALLY_APPROVED
RUN,JIVO_OIL,2026-08-30T22:04:16+05:30,2026-08-19,10 Head,224,1,FG0000142,COLD PRESS GROUNDNUT OIL 1 LTR 16 PCS,1.0,16,production run,header figure used,,582,965,15440,15440,2100,1592,76,required=1000.00 cases,COMPLETED,sup=Ravi op=Ajeet labour=18 created_by_user=24,4,,,,,,VERIFIED-live,typed rated_speed=2100.00; header_total_production=965.0; segment_sum=625; productive_min=182; breakdown_min=0; rejected=0.0; reworked=0.0; sap_sync=NOT_APPLICABLE; sap_doc_entry=None; wh_approval=PARTIALLY_APPROVED
RUN,JIVO_OIL,2026-08-30T22:04:16+05:30,2026-08-19,6 Head,227,4,FG0000012,MUSTARD PAKKI GHANI 5 LTR 4 PCS,5.0,4,production run,header figure used,,596,651,2604,13020,600,262,44,required=800.00 cases,COMPLETED,sup=Ravi op=Mukesh labour=18 created_by_user=24,4,,,,,,VERIFIED-live,typed rated_speed=600.00; header_total_production=651.0; segment_sum=320; productive_min=193; breakdown_min=0; rejected=0.0; reworked=0.0; sap_sync=NOT_APPLICABLE; sap_doc_entry=None; wh_approval=PARTIALLY_APPROVED
RUN,JIVO_OIL,2026-08-30T22:04:16+05:30,2026-08-19,6 Head,230,6,FG0000029,MUSTARD PAKKI GHANI 2 LTR 10 PCS,2.0,10,production run,header figure used,,152,134,1340,2680,720,529,73,required=500.00 cases,COMPLETED,sup=Ravi op=Mukesh labour=18 created_by_user=24,1,,,,,,VERIFIED-live,typed rated_speed=720.00; header_total_production=134.0; segment_sum=0; productive_min=0; breakdown_min=0; rejected=0.0; reworked=0.0; sap_sync=NOT_APPLICABLE; sap_doc_entry=None; wh_approval=PARTIALLY_APPROVED
RUN,JIVO_OIL,2026-08-30T22:04:16+05:30,2026-08-19,Clear Pack,226,3,FG0000081,COLD PRESS SUNFLOWER 1 LTR 20 PCS,1.0,20,production run,header figure used,,578,1233,24660,24660,4800,2560,53,required=1200.00 cases,COMPLETED,sup=Ravi op=Sudesh pradhan labour=18 created_by_user=24,4,,,,,,VERIFIED-live,typed rated_speed=4800.00; header_total_production=1233.0; segment_sum=960; productive_min=373; breakdown_min=0; rejected=0.0; reworked=0.0; sap_sync=NOT_APPLICABLE; sap_doc_entry=None; wh_approval=PARTIALLY_APPROVED
RUN,JIVO_OIL,2026-08-30T22:04:16+05:30,2026-08-19,JP Machine,225,2,FG0000030,MUSTARD KACHI GHANI 1 LTR 20 PCS,1.0,20,production run,header figure used,,573,1168,23360,23360,5400,2446,45,required=1200.00 cases,COMPLETED,sup=Ravi op=Bikas labour=18 created_by_user=24,4,,,,,,VERIFIED-live,typed rated_speed=5400.00; header_total_production=1168.0; segment_sum=880; productive_min=368; breakdown_min=0; rejected=0.0; reworked=0.0; sap_sync=NOT_APPLICABLE; sap_doc_entry=None; wh_approval=PARTIALLY_APPROVED
RUN,JIVO_OIL,2026-08-30T22:04:16+05:30,2026-08-19,Tin Head,228,5,FG0000015,REFINED OIL 15 LTR,15.0,1,production run,segments figure used,,572,1280,1280,19200,240,134,56,required=900.00 cases,COMPLETED,sup=Ravi op=Amit labour=7 created_by_user=24,4,,,,,,VERIFIED-live,typed rated_speed=45.00; header_total_production=1238.0; segment_sum=1280; productive_min=228; breakdown_min=0; rejected=0.0; reworked=0.0; sap_sync=NOT_APPLICABLE; sap_doc_entry=None; wh_approval=PARTIALLY_APPROVED
RUN,JIVO_OIL,2026-08-30T22:04:16+05:30,2026-08-20,10 Head,231,1,FG0000142,COLD PRESS GROUNDNUT OIL 1 LTR 16 PCS,1.0,16,production run,header figure used,,0,965,15440,15440,2100,,,required=1000.00 cases,COMPLETED,sup=Ravi op=Ajeet labour=18 created_by_user=24,1,,,,,,VERIFIED-live,typed rated_speed=2100.00; header_total_production=965.0; segment_sum=0; productive_min=0; breakdown_min=0; rejected=0.0; reworked=0.0; sap_sync=NOT_APPLICABLE; sap_doc_entry=None; wh_approval=PARTIALLY_APPROVED
RUN,JIVO_OIL,2026-08-30T22:04:16+05:30,2026-08-20,6 Head,232,2,FG0000029,MUSTARD PAKKI GHANI 2 LTR 10 PCS,2.0,10,production run,header figure used,,0,387,3870,7740,720,,,required=800.00 cases,COMPLETED,sup=Ravi op=Mukesh labour=18 created_by_user=24,1,,,,,,VERIFIED-live,typed rated_speed=720.00; header_total_production=387.0; segment_sum=0; productive_min=0; breakdown_min=0; rejected=0.0; reworked=0.0; sap_sync=NOT_APPLICABLE; sap_doc_entry=None; wh_approval=PARTIALLY_APPROVED
RUN,JIVO_OIL,2026-08-30T22:04:16+05:30,2026-08-20,Clear Pack,234,4,FG0000053,COLD PRESS SUNFLOWER 5 LTR 4 PCS,5.0,4,production run,header figure used,,0,1498,5992,29960,3000,,,required=1000.00 cases,COMPLETED,sup=Ravi op=Sudesh pradhan labour=18 created_by_user=24,1,,,,,,VERIFIED-live,typed rated_speed=3000.00; header_total_production=1498.0; segment_sum=0; productive_min=0; breakdown_min=0; rejected=0.0; reworked=0.0; sap_sync=NOT_APPLICABLE; sap_doc_entry=None; wh_approval=PARTIALLY_APPROVED
RUN,JIVO_OIL,2026-08-30T22:04:16+05:30,2026-08-20,JP Machine,233,3,FG0000030,MUSTARD KACHI GHANI 1 LTR 20 PCS,1.0,20,production run,header figure used,,0,1356,27120,27120,5400,,,required=1000.00 cases,COMPLETED,sup=Ravi op=Manpreet Singh/ Bikash labour=18 created_by_user=24,1,,,,,,VERIFIED-live,typed rated_speed=5400.00; header_total_production=1356.0; segment_sum=0; productive_min=0; breakdown_min=0; rejected=0.0; reworked=0.0; sap_sync=NOT_APPLICABLE; sap_doc_entry=None; wh_approval=PARTIALLY_APPROVED
RUN,JIVO_OIL,2026-08-30T22:04:16+05:30,2026-08-21,10 Head,236,1,FG0000142,COLD PRESS GROUNDNUT OIL 1 LTR 16 PCS,1.0,16,production run,header figure used,,124,1058,16928,16928,2100,8191,390,required=1100.00 cases,COMPLETED,sup=Ravi op=Ajeet labour=18 created_by_user=24,2,,,,,,VERIFIED-live,typed rated_speed=2100.00; header_total_production=1058.0; segment_sum=315; productive_min=124; breakdown_min=0; rejected=0.0; reworked=0.0; sap_sync=NOT_APPLICABLE; sap_doc_entry=None; wh_approval=PARTIALLY_APPROVED
RUN,JIVO_OIL,2026-08-30T22:04:16+05:30,2026-08-21,6 Head,237,2,FG0000008,POMACE OLIVE 5 LTR TIN 4 PCS,5.0,4,production run,header figure used,,125,1277,5108,25540,600,2452,409,required=1000.00 cases,COMPLETED,sup=Ravi op=Mukesh labour=18 created_by_user=24,2,,,,,,VERIFIED-live,typed rated_speed=600.00; header_total_production=1277.0; segment_sum=0; productive_min=0; breakdown_min=0; rejected=0.0; reworked=0.0; sap_sync=NOT_APPLICABLE; sap_doc_entry=None; wh_approval=PARTIALLY_APPROVED
RUN,JIVO_OIL,2026-08-30T22:04:16+05:30,2026-08-21,Clear Pack,239,4,FG0000004,COLD PRESS 5 LTR 4 PCS,5.0,4,production run,header figure used,,125,1880,7520,37600,3000,3610,120,required=1200.00 cases,COMPLETED,sup=Ravi op=Sudesh pradhan labour=18 created_by_user=24,2,,,,,,VERIFIED-live,typed rated_speed=3000.00; header_total_production=1880.0; segment_sum=600; productive_min=125; breakdown_min=0; rejected=0.0; reworked=0.0; sap_sync=NOT_APPLICABLE; sap_doc_entry=None; wh_approval=PARTIALLY_APPROVED
RUN,JIVO_OIL,2026-08-30T22:04:16+05:30,2026-08-21,JP Machine,238,3,FG0000030,MUSTARD KACHI GHANI 1 LTR 20 PCS,1.0,20,production run,header figure used,,125,1335,26700,26700,5400,12816,237,required=1100.00 cases,COMPLETED,sup=Ravi op=Manpreet/Bikash labour=18 created_by_user=24,2,,,,,,VERIFIED-live,typed rated_speed=5400.00; header_total_production=1335.0; segment_sum=0; productive_min=0; breakdown_min=0; rejected=0.0; reworked=0.0; sap_sync=NOT_APPLICABLE; sap_doc_entry=None; wh_approval=PARTIALLY_APPROVED
RUN,JIVO_OIL,2026-08-30T22:04:16+05:30,2026-08-22,10 Head,242,2,FG0000142,COLD PRESS GROUNDNUT OIL 1 LTR 16 PCS,1.0,16,production run,header figure used,,253,1249,19984,19984,2100,4739,226,required=1200.00 cases,COMPLETED,sup=Ravi op=Ajeet labour=18 created_by_user=24,4,,,,,,VERIFIED-live,typed rated_speed=2100.00; header_total_production=1249.0; segment_sum=900; productive_min=253; breakdown_min=0; rejected=0.0; reworked=0.0; sap_sync=NOT_APPLICABLE; sap_doc_entry=None; wh_approval=PARTIALLY_APPROVED
RUN,JIVO_OIL,2026-08-30T22:04:16+05:30,2026-08-22,6 Head,241,1,FG0000008,POMACE OLIVE 5 LTR TIN 4 PCS,5.0,4,production run,segments figure used,,251,1610,6440,32200,600,1539,257,required=1200.00 cases,COMPLETED,sup=Ravi op=Mukesh labour=18 created_by_user=24,4,,,,,,VERIFIED-live,typed rated_speed=600.00; header_total_production=986.0; segment_sum=1610; productive_min=251; breakdown_min=0; rejected=0.0; reworked=0.0; sap_sync=NOT_APPLICABLE; sap_doc_entry=None; wh_approval=PARTIALLY_APPROVED
RUN,JIVO_OIL,2026-08-30T22:04:16+05:30,2026-08-22,6 Head,246,5,FG0000151,SANO POMACE OLIVE 5 LTR TIN 4 PCS,5.0,4,production run,header figure used,,0,358,1432,7160,600,,,required=500.00 cases,COMPLETED,sup=Ravi op=Mukesh labour=18 created_by_user=24,1,,,,,,VERIFIED-live,typed rated_speed=600.00; header_total_production=358.0; segment_sum=0; productive_min=0; breakdown_min=0; rejected=0.0; reworked=0.0; sap_sync=NOT_APPLICABLE; sap_doc_entry=None; wh_approval=PARTIALLY_APPROVED
RUN,JIVO_OIL,2026-08-30T22:04:16+05:30,2026-08-22,Clear Pack,244,4,FG0000004,COLD PRESS 5 LTR 4 PCS,5.0,4,production run,header figure used,,277,2160,8640,43200,3000,1871,62,required=1400.00 cases,COMPLETED,sup=Ravi op=Sudesh pradhan labour=18 created_by_user=24,4,,,,,,VERIFIED-live,typed rated_speed=3000.00; header_total_production=2160.0; segment_sum=1560; productive_min=277; breakdown_min=0; rejected=0.0; reworked=0.0; sap_sync=NOT_APPLICABLE; sap_doc_entry=None; wh_approval=PARTIALLY_APPROVED
RUN,JIVO_OIL,2026-08-30T22:04:16+05:30,2026-08-22,JP Machine,243,3,FG0000031,MUSTARD PAKKI GHANI 1 LTR 20 PCS,1.0,20,production run,header figure used,,312,1080,21600,21600,5400,4154,77,required=1000.00 cases,COMPLETED,sup=Ravi op=Manpreet /Bikash labour=18 created_by_user=24,3,,,,,,VERIFIED-live,typed rated_speed=5400.00; header_total_production=1080.0; segment_sum=0; productive_min=0; breakdown_min=0; rejected=0.0; reworked=0.0; sap_sync=NOT_APPLICABLE; sap_doc_entry=None; wh_approval=PARTIALLY_APPROVED
RUN,JIVO_OIL,2026-08-30T22:04:16+05:30,2026-08-24,10 Head,250,4,FG0000142,COLD PRESS GROUNDNUT OIL 1 LTR 16 PCS,1.0,16,production run,header figure used,,603,1144,18304,18304,2100,1821,87,required=1000.00 cases,COMPLETED,sup=Ravi op=Krishan labour=18 created_by_user=24,2,,,,,,VERIFIED-live,typed rated_speed=2100.00; header_total_production=1144.0; segment_sum=225; productive_min=32; breakdown_min=0; rejected=0.0; reworked=0.0; sap_sync=NOT_APPLICABLE; sap_doc_entry=None; wh_approval=PARTIALLY_APPROVED
RUN,JIVO_OIL,2026-08-30T22:04:16+05:30,2026-08-24,6 Head,249,3,FG0000128,JIVO GOLD 5 LTR 4 PCS,5.0,4,production run,header figure used,,600,840,3360,16800,600,336,56,required=1000.00 cases,COMPLETED,sup=Ravi op=Mukesh labour=18 created_by_user=24,2,,,,,,VERIFIED-live,typed rated_speed=600.00; header_total_production=840.0; segment_sum=160; productive_min=29; breakdown_min=0; rejected=0.0; reworked=0.0; sap_sync=NOT_APPLICABLE; sap_doc_entry=None; wh_approval=PARTIALLY_APPROVED
RUN,JIVO_OIL,2026-08-30T22:04:16+05:30,2026-08-24,Clear Pack,248,2,FG0000004,COLD PRESS 5 LTR 4 PCS,5.0,4,production run,header figure used,,599,2015,8060,40300,3000,807,27,required=1200.00 cases,COMPLETED,sup=Ravi op=Rupesh labour=18 created_by_user=24,2,,,,,,VERIFIED-live,typed rated_speed=3000.00; header_total_production=2015.0; segment_sum=440; productive_min=28; breakdown_min=0; rejected=0.0; reworked=0.0; sap_sync=NOT_APPLICABLE; sap_doc_entry=None; wh_approval=PARTIALLY_APPROVED
RUN,JIVO_OIL,2026-08-30T22:04:16+05:30,2026-08-24,JP Machine,247,1,FG0000449,MUSTARD KACHI GHANI 200 ML 70 PCS,0.2,70,production run,header figure used,,599,239,16730,3346,,1676,,required=1000.00 cases,COMPLETED,sup=Ravi op=Sudesh pradhan labour=18 created_by_user=24,2,,,,,,VERIFIED-live,typed rated_speed=5400.00; header_total_production=239.0; segment_sum=46; productive_min=28; breakdown_min=0; rejected=0.0; reworked=0.0; sap_sync=NOT_APPLICABLE; sap_doc_entry=None; wh_approval=PARTIALLY_APPROVED
RUN,JIVO_OIL,2026-08-30T22:04:16+05:30,2026-08-25,10 Head,254,3,FG0000042,EXTRA VIRGIN OLIVE 1 LTR 16 PCS,1.0,16,production run,header figure used,,223,753,12048,12048,2100,3242,154,required=1000.00 cases,COMPLETED,sup=Ravi op=Ajeet labour=18 created_by_user=24,2,,,,,,VERIFIED-live,typed rated_speed=2100.00; header_total_production=753.0; segment_sum=0; productive_min=0; breakdown_min=0; rejected=0.0; reworked=0.0; sap_sync=NOT_APPLICABLE; sap_doc_entry=None; wh_approval=PARTIALLY_APPROVED
RUN,JIVO_OIL,2026-08-30T22:04:16+05:30,2026-08-25,6 Head,255,4,FG0000128,JIVO GOLD 5 LTR 4 PCS,5.0,4,production run,header figure used,,223,140,560,2800,600,151,25,required=1000.00 cases,COMPLETED,sup=Ravi op=Krishna labour=18 created_by_user=24,2,,,,,,VERIFIED-live,typed rated_speed=600.00; header_total_production=140.0; segment_sum=0; productive_min=0; breakdown_min=0; rejected=0.0; reworked=0.0; sap_sync=NOT_APPLICABLE; sap_doc_entry=None; wh_approval=PARTIALLY_APPROVED
RUN,JIVO_OIL,2026-08-30T22:04:16+05:30,2026-08-25,6 Head,257,6,FG0000374,YELLOW MUSTARD OIL 5 LTR TIN 4 PCS,5.0,4,production run,header figure used,,231,509,2036,10180,600,529,88,required=800.00 cases,COMPLETED,sup=Ravi op=Krishna labour=18 created_by_user=24,2,,,,,,VERIFIED-live,typed rated_speed=1080.00; header_total_production=509.0; segment_sum=208; productive_min=93; breakdown_min=0; rejected=0.0; reworked=0.0; sap_sync=NOT_APPLICABLE; sap_doc_entry=None; wh_approval=PARTIALLY_APPROVED
RUN,JIVO_OIL,2026-08-30T22:04:16+05:30,2026-08-25,6 Head,262,10,FG0000320,YELLOW MUSTARD OIL 1 LTR 16 PCS,1.0,16,production run,header figure used,,242,94,1504,1504,1080,373,35,required=500.00 cases,COMPLETED,sup=Ravi op=Krishna labour=18 created_by_user=24,2,,,,,,VERIFIED-live,typed rated_speed=1080.00; header_total_production=94.0; segment_sum=0; productive_min=0; breakdown_min=0; rejected=0.0; reworked=0.0; sap_sync=NOT_APPLICABLE; sap_doc_entry=None; wh_approval=PARTIALLY_APPROVED
RUN,JIVO_OIL,2026-08-30T22:04:16+05:30,2026-08-25,Clear Pack,252,1,FG0000143,COLD PRESS GROUNDNUT OIL 5 LTR 4 PCS,5.0,4,production run,header figure used,,469,2088,8352,41760,3000,1068,36,required=1000.00 cases,COMPLETED,sup=Ravi op=Supesh labour=18 created_by_user=24,3,,,,,,VERIFIED-live,typed rated_speed=3000.00; header_total_production=2088.0; segment_sum=960; productive_min=220; breakdown_min=0; rejected=0.0; reworked=0.0; sap_sync=NOT_APPLICABLE; sap_doc_entry=None; wh_approval=PARTIALLY_APPROVED
RUN,JIVO_OIL,2026-08-30T22:04:16+05:30,2026-08-25,JP Machine,253,2,FG0000142,COLD PRESS GROUNDNUT OIL 1 LTR 16 PCS,1.0,16,production run,header figure used,,93,582,9312,9312,5400,6008,111,required=1200.00 cases,COMPLETED,sup=Ravi op=Sudesh pradhan labour=18 created_by_user=24,1,,,,,,VERIFIED-live,typed rated_speed=5400.00; header_total_production=582.0; segment_sum=0; productive_min=0; breakdown_min=0; rejected=0.0; reworked=0.0; sap_sync=NOT_APPLICABLE; sap_doc_entry=None; wh_approval=PARTIALLY_APPROVED
RUN,JIVO_OIL,2026-08-30T22:04:16+05:30,2026-08-25,JP Machine,259,7,FG0000449,MUSTARD KACHI GHANI 200 ML 70 PCS,0.2,70,production run,header figure used,,156,192,13440,2688,,5169,,required=500.00 cases,COMPLETED,sup=Ravi op=Manpreet labour=18 created_by_user=24,1,,,,,,VERIFIED-live,typed rated_speed=5400.00; header_total_production=192.0; segment_sum=0; productive_min=0; breakdown_min=0; rejected=0.0; reworked=0.0; sap_sync=NOT_APPLICABLE; sap_doc_entry=None; wh_approval=PARTIALLY_APPROVED
RUN,JIVO_OIL,2026-08-30T22:04:16+05:30,2026-08-25,JP Machine,260,8,FG0000030,MUSTARD KACHI GHANI 1 LTR 20 PCS,1.0,20,production run,header figure used,,0,0,0,,5400,,,required=200.00 cases,DRAFT,sup=Ravi op=Sudesh labour=18 created_by_user=24,0,,,,,,VERIFIED-live,typed rated_speed=5400.00; header_total_production=0.0; segment_sum=0; productive_min=0; breakdown_min=0; rejected=0.0; reworked=0.0; sap_sync=NOT_APPLICABLE; sap_doc_entry=None; wh_approval=NOT_REQUESTED
RUN,JIVO_OIL,2026-08-30T22:04:16+05:30,2026-08-25,JP Machine,261,9,FG0000030,MUSTARD KACHI GHANI 1 LTR 20 PCS,1.0,20,production run,header figure used,,171,77,1540,1540,5400,540,10,required=200.00 cases,COMPLETED,sup=Ravi op=Sudesh labour=18 created_by_user=24,1,,,,,,VERIFIED-live,typed rated_speed=5400.00; header_total_production=77.0; segment_sum=0; productive_min=0; breakdown_min=0; rejected=0.0; reworked=0.0; sap_sync=NOT_APPLICABLE; sap_doc_entry=None; wh_approval=PARTIALLY_APPROVED
RUN,JIVO_OIL,2026-08-30T22:04:16+05:30,2026-08-25,Pouch Machine,256,5,FG0000021,REFINED OIL 1 LTR POUCH 12 PCS,1.0,12,production run,header figure used,,356,565,6780,6780,2400,1143,48,required=500.00 cases,COMPLETED,sup=Ravi op=Amit labour=8 created_by_user=24,3,,,,,,VERIFIED-live,typed rated_speed=2400.00; header_total_production=565.0; segment_sum=150; productive_min=97; breakdown_min=0; rejected=0.0; reworked=0.0; sap_sync=NOT_APPLICABLE; sap_doc_entry=None; wh_approval=PARTIALLY_APPROVED
RUN,JIVO_OIL,2026-08-30T22:04:16+05:30,2026-08-26,10 Head,263,1,FG0000042,EXTRA VIRGIN OLIVE 1 LTR 16 PCS,1.0,16,production run,header figure used,,72,166,2656,2656,2100,2213,105,required=1000.00 cases,COMPLETED,sup=Ravi op=Ajeet labour=18 created_by_user=24,1,,,,,,VERIFIED-live,typed rated_speed=2100.00; header_total_production=166.0; segment_sum=0; productive_min=0; breakdown_min=0; rejected=0.0; reworked=0.0; sap_sync=NOT_APPLICABLE; sap_doc_entry=None; wh_approval=PARTIALLY_APPROVED
RUN,JIVO_OIL,2026-08-30T22:04:16+05:30,2026-08-26,10 Head,268,5,FG0000320,YELLOW MUSTARD OIL 1 LTR 16 PCS,1.0,16,production run,header figure used,,71,701,11216,11216,2100,9478,451,required=1000.00 cases,COMPLETED,sup=Ravi op=Ajeet labour=18 created_by_user=24,1,,,,,,VERIFIED-live,typed rated_speed=2100.00; header_total_production=701.0; segment_sum=0; productive_min=0; breakdown_min=0; rejected=0.0; reworked=0.0; sap_sync=NOT_APPLICABLE; sap_doc_entry=None; wh_approval=PARTIALLY_APPROVED
RUN,JIVO_OIL,2026-08-30T22:04:16+05:30,2026-08-26,6 Head,267,4,FG0000043,COLD PRESS 3 LTR 6 PCS,3.0,6,production run,header figure used,,71,825,4950,14850,,4183,,required=1200.00 cases,COMPLETED,sup=Ravi op=Krishna labour=18 created_by_user=24,1,,,,,,VERIFIED-live,typed rated_speed=720.00; header_total_production=825.0; segment_sum=0; productive_min=0; breakdown_min=0; rejected=0.0; reworked=0.0; sap_sync=NOT_APPLICABLE; sap_doc_entry=None; wh_approval=PARTIALLY_APPROVED
RUN,JIVO_OIL,2026-08-30T22:04:16+05:30,2026-08-26,Clear Pack,264,2,FG0000143,COLD PRESS GROUNDNUT OIL 5 LTR 4 PCS,5.0,4,production run,header figure used,,71,1195,4780,23900,3000,4039,135,required=1200.00 cases,COMPLETED,sup=Ravi op=Rupesh labour=18 created_by_user=24,1,,,,,,VERIFIED-live,typed rated_speed=3000.00; header_total_production=1195.0; segment_sum=0; productive_min=0; breakdown_min=0; rejected=0.0; reworked=0.0; sap_sync=NOT_APPLICABLE; sap_doc_entry=None; wh_approval=PARTIALLY_APPROVED
RUN,JIVO_OIL,2026-08-30T22:04:16+05:30,2026-08-26,JP Machine,266,3,FG0000142,COLD PRESS GROUNDNUT OIL 1 LTR 16 PCS,1.0,16,production run,header figure used,,68,689,11024,11024,5400,9727,180,required=1000.00 cases,COMPLETED,sup=Ravi op=Sudhesh labour=18 created_by_user=24,1,,,,,,VERIFIED-live,typed rated_speed=5400.00; header_total_production=689.0; segment_sum=135; productive_min=68; breakdown_min=0; rejected=0.0; reworked=0.0; sap_sync=NOT_APPLICABLE; sap_doc_entry=None; wh_approval=PARTIALLY_APPROVED
RUN,JIVO_OIL,2026-08-30T22:04:16+05:30,2026-08-27,10 Head,269,1,FG0000320,YELLOW MUSTARD OIL 1 LTR 16 PCS,1.0,16,production run,segments figure used,,402,1190,19040,19040,2100,2842,135,required=1000.00 cases,IN_PROGRESS,sup=Ravi op=Ajeet labour=18 created_by_user=24,3,,,,,,VERIFIED-live,typed rated_speed=2100.00; header_total_production=0.0; segment_sum=1190; productive_min=402; breakdown_min=0; rejected=0.0; reworked=0.0; sap_sync=NOT_APPLICABLE; sap_doc_entry=None; wh_approval=PARTIALLY_APPROVED
RUN,JIVO_OIL,2026-08-30T22:04:16+05:30,2026-08-27,6 Head,272,4,FG0000151,SANO POMACE OLIVE 5 LTR TIN 4 PCS,5.0,4,production run,segments figure used,,340,572,2288,11440,600,404,67,required=900.00 cases,IN_PROGRESS,sup=Ravi op=Krishna labour=18 created_by_user=24,3,,,,,,VERIFIED-live,typed rated_speed=600.00; header_total_production=0.0; segment_sum=572; productive_min=196; breakdown_min=61; rejected=0.0; reworked=0.0; sap_sync=NOT_APPLICABLE; sap_doc_entry=None; wh_approval=PARTIALLY_APPROVED
RUN,JIVO_OIL,2026-08-30T22:04:16+05:30,2026-08-27,Clear Pack,271,3,FG0000407,COLD PRESS 1 LTR (NIRMAL RISHI )20 PCS,1.0,20,production run,segments figure used,,520,1080,21600,21600,4800,2492,52,required=1200.00 cases,IN_PROGRESS,sup=Ravi op=Rupesh labour=18 created_by_user=24,4,,,,,,VERIFIED-live,typed rated_speed=4800.00; header_total_production=0.0; segment_sum=1080; productive_min=377; breakdown_min=0; rejected=0.0; reworked=0.0; sap_sync=NOT_APPLICABLE; sap_doc_entry=None; wh_approval=PARTIALLY_APPROVED
RUN,JIVO_OIL,2026-08-30T22:04:16+05:30,2026-08-27,JP Machine,270,2,FG0000142,COLD PRESS GROUNDNUT OIL 1 LTR 16 PCS,1.0,16,production run,segments figure used,,522,630,10080,10080,5400,1159,21,required=1000.00 cases,IN_PROGRESS,sup=Ravi op=Manpreet/sudesh labour=18 created_by_user=24,4,,,,,,VERIFIED-live,typed rated_speed=5400.00; header_total_production=0.0; segment_sum=630; productive_min=379; breakdown_min=0; rejected=0.0; reworked=0.0; sap_sync=NOT_APPLICABLE; sap_doc_entry=None; wh_approval=PARTIALLY_APPROVED
RUN,JIVO_OIL,2026-08-30T22:04:16+05:30,2026-08-29,10 Head,277,3,FG0000064,EXTRA LIGHT OIVE 2 LTR 10 PCS HANDLE,2.0,10,production run,segments figure used,,260,560,5600,11200,1260,1292,103,required=1000.00 cases,IN_PROGRESS,sup=Ravi op=Ajeet labour=18 created_by_user=24,5,,,,,,VERIFIED-live,typed rated_speed=2100.00; header_total_production=0.0; segment_sum=560; productive_min=260; breakdown_min=0; rejected=0.0; reworked=0.0; sap_sync=NOT_APPLICABLE; sap_doc_entry=None; wh_approval=PARTIALLY_APPROVED
RUN,JIVO_OIL,2026-08-30T22:04:16+05:30,2026-08-29,6 Head,278,4,FG0000008,POMACE OLIVE 5 LTR TIN 4 PCS,5.0,4,production run,segments figure used,,260,911,3644,18220,600,841,140,required=1000.00 cases,IN_PROGRESS,sup=Ravi op=Ravi labour=18 created_by_user=24,3,,,,,,VERIFIED-live,typed rated_speed=720.00; header_total_production=0.0; segment_sum=911; productive_min=260; breakdown_min=0; rejected=0.0; reworked=0.0; sap_sync=NOT_APPLICABLE; sap_doc_entry=None; wh_approval=PARTIALLY_APPROVED
RUN,JIVO_OIL,2026-08-30T22:04:16+05:30,2026-08-29,Clear Pack,275,1,FG0000028,POMACE OLIVE 1 LTR 16 PCS,1.0,16,production run,segments figure used,,271,1205,19280,19280,4800,4269,89,required=1500.00 cases,IN_PROGRESS,sup=Ravi op=Rupesh labour=18 created_by_user=24,4,,,,,,VERIFIED-live,typed rated_speed=4800.00; header_total_production=0.0; segment_sum=1205; productive_min=271; breakdown_min=0; rejected=0.0; reworked=0.0; sap_sync=NOT_APPLICABLE; sap_doc_entry=None; wh_approval=PARTIALLY_APPROVED
RUN,JIVO_OIL,2026-08-30T22:04:16+05:30,2026-08-29,JP Machine,276,2,FG0000030,MUSTARD KACHI GHANI 1 LTR 20 PCS,1.0,20,production run,segments figure used,,260,645,12900,12900,5400,2977,55,required=1000.00 cases,IN_PROGRESS,sup=Ravi op=Sudesh labour=18 created_by_user=24,4,,,,,,VERIFIED-live,typed rated_speed=5400.00; header_total_production=0.0; segment_sum=645; productive_min=260; breakdown_min=0; rejected=0.0; reworked=0.0; sap_sync=NOT_APPLICABLE; sap_doc_entry=None; wh_approval=PARTIALLY_APPROVED
RUN,JIVO_OIL,2026-08-30T22:04:16+05:30,2026-08-30,10 Head,281,3,FG0000064,EXTRA LIGHT OIVE 2 LTR 10 PCS HANDLE,2.0,10,production run,segments figure used,,227,480,4800,9600,1260,1269,101,required=800.00 cases,IN_PROGRESS,sup=Ravi op=Ajeet labour=18 created_by_user=24,3,,,,,,VERIFIED-live,typed rated_speed=1260.00; header_total_production=0.0; segment_sum=480; productive_min=188; breakdown_min=0; rejected=0.0; reworked=0.0; sap_sync=NOT_APPLICABLE; sap_doc_entry=None; wh_approval=PARTIALLY_APPROVED
RUN,JIVO_OIL,2026-08-30T22:04:16+05:30,2026-08-30,10 Head,285,7,FG0000032,COLD PRESS 1 LTR 20 PCS,1.0,20,production run,segments figure used,,215,105,2100,2100,2100,586,28,required=500.00 cases,IN_PROGRESS,sup=RAVI op=AJEET labour=18 created_by_user=24,2,,,,,,VERIFIED-live,typed rated_speed=2100.00; header_total_production=0.0; segment_sum=105; productive_min=50; breakdown_min=0; rejected=0.0; reworked=0.0; sap_sync=NOT_APPLICABLE; sap_doc_entry=None; wh_approval=PARTIALLY_APPROVED
RUN,JIVO_OIL,2026-08-30T22:04:16+05:30,2026-08-30,6 Head,282,4,FG0000151,SANO POMACE OLIVE 5 LTR TIN 4 PCS,5.0,4,production run,segments figure used,,3,51,204,1020,600,4080,680,required=1000.00 cases,IN_PROGRESS,sup=Ravi op=Mukesh labour=18 created_by_user=24,1,,,,,,VERIFIED-live,typed rated_speed=600.00; header_total_production=0.0; segment_sum=51; productive_min=3; breakdown_min=0; rejected=0.0; reworked=0.0; sap_sync=NOT_APPLICABLE; sap_doc_entry=None; wh_approval=PARTIALLY_APPROVED
RUN,JIVO_OIL,2026-08-30T22:04:16+05:30,2026-08-30,6 Head,283,5,FG0000374,YELLOW MUSTARD OIL 5 LTR TIN 4 PCS,5.0,4,production run,segments figure used,,480,789,3156,15780,600,394,66,required=1000.00 cases,IN_PROGRESS,sup=Ravi op=Mukesh labour=18 created_by_user=24,4,,,,,,VERIFIED-live,typed rated_speed=600.00; header_total_production=0.0; segment_sum=789; productive_min=315; breakdown_min=0; rejected=0.0; reworked=0.0; sap_sync=NOT_APPLICABLE; sap_doc_entry=None; wh_approval=PARTIALLY_APPROVED
RUN,JIVO_OIL,2026-08-30T22:04:16+05:30,2026-08-30,Clear Pack,279,1,FG0000150,SANO POMACE OLIVE 1 LTR 16 PCS,1.0,16,production run,segments figure used,,495,1515,24240,24240,4800,2938,61,required=1000.00 cases,IN_PROGRESS,sup=Ravi op=Rupesh labour=18 created_by_user=24,4,,,,,,VERIFIED-live,typed rated_speed=4800.00; header_total_production=0.0; segment_sum=1515; productive_min=330; breakdown_min=0; rejected=0.0; reworked=0.0; sap_sync=NOT_APPLICABLE; sap_doc_entry=None; wh_approval=PARTIALLY_APPROVED
RUN,JIVO_OIL,2026-08-30T22:04:16+05:30,2026-08-30,JP Machine,280,2,FG0000030,MUSTARD KACHI GHANI 1 LTR 20 PCS,1.0,20,production run,segments figure used,,491,1080,21600,21600,5400,2640,49,required=1000.00 cases,IN_PROGRESS,sup=Ravi op=Sudesh pradhan labour=18 created_by_user=24,4,,,,,,VERIFIED-live,typed rated_speed=5400.00; header_total_production=0.0; segment_sum=1080; productive_min=326; breakdown_min=0; rejected=0.0; reworked=0.0; sap_sync=NOT_APPLICABLE; sap_doc_entry=None; wh_approval=PARTIALLY_APPROVED
RUN,JIVO_OIL,2026-08-30T22:04:16+05:30,2026-08-30,Pouch Machine,284,6,FG0000194,SOYABEAN OIL 1 LTR POUCH 12 PCS,1.0,12,production run,segments figure used,,412,1012,12144,12144,2400,1769,74,required=1400.00 cases,IN_PROGRESS,sup=Ravi op=Amit labour=8 created_by_user=24,4,,,,,,VERIFIED-live,typed rated_speed=2400.00; header_total_production=0.0; segment_sum=1012; productive_min=247; breakdown_min=0; rejected=0.0; reworked=0.0; sap_sync=NOT_APPLICABLE; sap_doc_entry=None; wh_approval=PARTIALLY_APPROVED
RUN,JIVO_BEVERAGES,2026-08-30T22:04:16+05:30,2026-07-27,Sidel,108,1,FG0000328,PET BOTTLE 250 ML JIVO NATURAL MINERAL SPECIAL EDITION ARSHDEEP  * (24 PCS),,24,production run,,,2,1232,29568,,,887040,,,COMPLETED,"sup=Bhupinder,Arvin op=Satish,shubham,mani labour=18",1,,,,,,VERIFIED-live,header_total_production=1232.0; sap_sync=NOT_APPLICABLE
RUN,JIVO_BEVERAGES,2026-08-30T22:04:16+05:30,2026-07-28,Sidel,107,1,FG0000328,PET BOTTLE 250 ML JIVO NATURAL MINERAL SPECIAL EDITION ARSHDEEP  * (24 PCS),,24,production run,,,493,5233,125592,,,15285,,,COMPLETED,"sup=Bhupinder,Arvin op=Satish,shubham,mani labour=18",2,,,,,,VERIFIED-live,header_total_production=3585.0; sap_sync=NOT_APPLICABLE
RUN,JIVO_BEVERAGES,2026-08-30T22:04:16+05:30,2026-07-29,Sidel,112,1,FG0000328,PET BOTTLE 250 ML JIVO NATURAL MINERAL SPECIAL EDITION ARSHDEEP  * (24 PCS),,24,production run,,,246,5600,134400,,18000.00,32780,182,,COMPLETED,sup= op= labour=0,1,,,,,,VERIFIED-live,header_total_production=5600.0; sap_sync=NOT_APPLICABLE
RUN,JIVO_BEVERAGES,2026-08-30T22:04:16+05:30,2026-07-30,Sidel,120,1,FG0000328,PET BOTTLE 250 ML JIVO NATURAL MINERAL SPECIAL EDITION ARSHDEEP  * (24 PCS),,24,production run,,,508,6720,161280,,,19049,,,COMPLETED,"sup=Bhupinder, op=Satish,miraj labour=10",1,,,,,,VERIFIED-live,header_total_production=6720.0; sap_sync=NOT_APPLICABLE
RUN,JIVO_BEVERAGES,2026-08-30T22:04:16+05:30,2026-07-30,Sidel,121,2,FG0000328,PET BOTTLE 250 ML JIVO NATURAL MINERAL SPECIAL EDITION ARSHDEEP  * (24 PCS),,24,production run,,,2,3500,84005,,,2520144,,,COMPLETED,"sup=bhupinder op=avenseh,niraml,mani labour=10",1,,,,,,VERIFIED-live,header_total_production=3500.0; sap_sync=NOT_APPLICABLE
RUN,JIVO_BEVERAGES,2026-08-30T22:04:16+05:30,2026-07-31,Sidel,127,1,FG0000328,PET BOTTLE 250 ML JIVO NATURAL MINERAL SPECIAL EDITION ARSHDEEP  * (24 PCS),,24,production run,,,620,6496,155904,,18000.00,15087,84,,COMPLETED,"sup=Bhupinder, op=Monu,mani, nirmal labour=16",1,,,,,,VERIFIED-live,header_total_production=6496.0; sap_sync=NOT_APPLICABLE
RUN,JIVO_BEVERAGES,2026-08-30T22:04:16+05:30,2026-08-03,Sidel,139,1,FG0000324,PET BOTTLE 500 ML JIVO NATURAL MINERAL SPECIAL EDITION ARSHDEEP * (24 PCS),,24,production run,,,592,3380,81120,,18000.00,8222,46,,COMPLETED,"sup=Bhupinder,Arvin op=Miraj labour=10",1,,,,,,VERIFIED-live,header_total_production=3380.0; sap_sync=NOT_APPLICABLE
RUN,JIVO_BEVERAGES,2026-08-30T22:04:16+05:30,2026-08-04,Sidel,152,1,FG0000325,PET BOTTLE 500 ML SANO WATER 24 PCS,,24,production run,,,0,0,0,,18000.00,,,,DRAFT,"sup=Bhupinder, op=Miraj,Satish,nirmal,mani ,tanzin,shubham labour=10",0,,,,,,VERIFIED-live,header_total_production=0.0; sap_sync=NOT_APPLICABLE
RUN,JIVO_BEVERAGES,2026-08-30T22:04:16+05:30,2026-08-05,Sidel,158,1,FG0000324,PET BOTTLE 500 ML JIVO NATURAL MINERAL SPECIAL EDITION ARSHDEEP * (24 PCS),,0,production run,,,534,9945,0,,,0,,,COMPLETED,sup= op= labour=0,17,,,,,,VERIFIED-live,header_total_production=9945.0; sap_sync=NOT_APPLICABLE
RUN,JIVO_BEVERAGES,2026-08-30T22:04:16+05:30,2026-08-06,Sidel,167,1,FG0000276,PET BOTTLE 500 MLS JIVO NATURAL MINERAL* (24 PCS),,24,production run,,,1282,9763,234312,,18000.00,10966,61,,COMPLETED,"sup=Bhupinder,Arvin op=Meraj ,satish labour=11",10,,,,,,VERIFIED-live,header_total_production=9763.0; sap_sync=NOT_APPLICABLE
RUN,JIVO_BEVERAGES,2026-08-30T22:04:16+05:30,2026-08-07,Sidel,175,1,FG0000268,PET BOTTLE 1 LTR JIVO NATURAL MINERAL* (12 PCS),,12,production run,,,667,4970,59640,,15000.00,5365,36,,COMPLETED,"sup=bhupinder,arvin op=miraj labour=11",2,,,,,,VERIFIED-live,header_total_production=4970.0; sap_sync=NOT_APPLICABLE
RUN,JIVO_BEVERAGES,2026-08-30T22:04:16+05:30,2026-08-08,Sidel,180,1,FG0000268,PET BOTTLE 1 LTR JIVO NATURAL MINERAL* (12 PCS),,12,production run,,,387,7070,84840,,15000.00,13153,88,,COMPLETED,"sup=Bhupinder,Arvin op=Miraj,satish labour=10",12,,,,,,VERIFIED-live,header_total_production=7070.0; sap_sync=NOT_APPLICABLE
RUN,JIVO_BEVERAGES,2026-08-30T22:04:16+05:30,2026-08-10,Sidel,183,1,FG0000268,PET BOTTLE 1 LTR JIVO NATURAL MINERAL* (12 PCS),,12,production run,,,426,6485,77820,,15000.00,10961,73,,COMPLETED,sup=bhupinder op=satish labour=11,9,,,,,,VERIFIED-live,header_total_production=6485.0; sap_sync=NOT_APPLICABLE
RUN,JIVO_BEVERAGES,2026-08-30T22:04:16+05:30,2026-08-11,Sidel,193,2,FG0000328,PET BOTTLE 250 ML JIVO NATURAL MINERAL SPECIAL EDITION ARSHDEEP  * (24 PCS),,24,production run,,,398,3712,89088,,18000.00,13430,75,,COMPLETED,"sup=Bhupinder,Arvin op=Satish,shubham,mani labour=8",7,,,,,,VERIFIED-live,header_total_production=3712.0; sap_sync=NOT_APPLICABLE
RUN,JIVO_BEVERAGES,2026-08-30T22:04:16+05:30,2026-08-12,Sidel,199,1,FG0000328,PET BOTTLE 250 ML JIVO NATURAL MINERAL SPECIAL EDITION ARSHDEEP  * (24 PCS),,24,production run,,,428,5088,122112,,18000.00,17119,95,,COMPLETED,"sup=bhupinder,arvin op=satish,mani,nirmal,parveen labour=9",10,,,,,,VERIFIED-live,header_total_production=5088.0; sap_sync=NOT_APPLICABLE
RUN,JIVO_BEVERAGES,2026-08-30T22:04:16+05:30,2026-08-14,Sidel,210,1,FG0000328,PET BOTTLE 250 ML JIVO NATURAL MINERAL SPECIAL EDITION ARSHDEEP  * (24 PCS),,24,production run,,,488,4480,107520,,18000.00,13220,73,,COMPLETED,"sup=Arvin op=Satish ,parveen ,mani,nirmal labour=13",7,,,,,,VERIFIED-live,header_total_production=4480.0; sap_sync=NOT_APPLICABLE
RUN,JIVO_BEVERAGES,2026-08-30T22:04:16+05:30,2026-08-17,Sidel,215,1,FG0000328,PET BOTTLE 250 ML JIVO NATURAL MINERAL SPECIAL EDITION ARSHDEEP  * (24 PCS),,24,production run,,,460,4985,119640,,18000.00,15605,87,,COMPLETED,sup= op= labour=0,10,,,,,,VERIFIED-live,header_total_production=4985.0; sap_sync=NOT_APPLICABLE
RUN,JIVO_BEVERAGES,2026-08-30T22:04:16+05:30,2026-08-18,Sidel,221,1,FG0000328,PET BOTTLE 250 ML JIVO NATURAL MINERAL SPECIAL EDITION ARSHDEEP  * (24 PCS),,24,production run,,,305,5767,138408,,18000.00,27228,151,,COMPLETED,"sup=Arvin op=Satish ,parveen ,mani,nirmal labour=12",7,,,,,,VERIFIED-live,header_total_production=5767.0; sap_sync=NOT_APPLICABLE
RUN,JIVO_BEVERAGES,2026-08-30T22:04:16+05:30,2026-08-19,Sidel,229,1,FG0000328,PET BOTTLE 250 ML JIVO NATURAL MINERAL SPECIAL EDITION ARSHDEEP  * (24 PCS),,24,production run,,,203,1680,40320,,18000.00,11917,66,,COMPLETED,"sup=Arvin, Bhupendra op=Satish ,meraj , labour=13",2,,,,,,VERIFIED-live,header_total_production=1680.0; sap_sync=NOT_APPLICABLE
RUN,JIVO_BEVERAGES,2026-08-30T22:04:16+05:30,2026-08-20,Sidel,235,1,FG0000328,PET BOTTLE 250 ML JIVO NATURAL MINERAL SPECIAL EDITION ARSHDEEP  * (24 PCS),,24,production run,,,0,4480,107520,,18000.00,,,,COMPLETED,"sup=Arvin, Bhupendra op=Satish ,meraj , labour=9",0,,,,,,VERIFIED-live,header_total_production=4480.0; sap_sync=NOT_APPLICABLE
RUN,JIVO_BEVERAGES,2026-08-30T22:04:16+05:30,2026-08-21,Sidel,240,1,FG0000328,PET BOTTLE 250 ML JIVO NATURAL MINERAL SPECIAL EDITION ARSHDEEP  * (24 PCS),,24,production run,,,430,2999,71976,,18000.00,10043,56,,COMPLETED,"sup=Arvin, Bhupendra op=Satish ,meraj ,avneesh,parveen,nirmal,tanzim ,mani labour=10",6,,,,,,VERIFIED-live,header_total_production=2999.0; sap_sync=NOT_APPLICABLE
RUN,JIVO_BEVERAGES,2026-08-30T22:04:16+05:30,2026-08-22,Sidel,245,1,FG0000328,PET BOTTLE 250 ML JIVO NATURAL MINERAL SPECIAL EDITION ARSHDEEP  * (24 PCS),,24,production run,,,9,3472,83328,,18000.00,555520,3086,,COMPLETED,"sup=Arvin, Bhupendra op=Satish ,meraj , avneesh, labour=13",1,,,,,,VERIFIED-live,header_total_production=3472.0; sap_sync=NOT_APPLICABLE
RUN,JIVO_BEVERAGES,2026-08-30T22:04:16+05:30,2026-08-24,Sidel,251,1,FG0000328,PET BOTTLE 250 ML JIVO NATURAL MINERAL SPECIAL EDITION ARSHDEEP  * (24 PCS),,24,production run,,,16,448,10752,,18000.00,40320,224,,COMPLETED,"sup=Victor, Bhupender op=Satish ,meraj , avneesh labour=8",1,,,,,,VERIFIED-live,header_total_production=448.0; sap_sync=NOT_APPLICABLE
RUN,JIVO_BEVERAGES,2026-08-30T22:04:16+05:30,2026-08-25,Sidel,258,1,FG0000268,PET BOTTLE 1 LTR JIVO NATURAL MINERAL* (12 PCS),,12,production run,,,404,8470,101640,,15000.00,15095,101,,COMPLETED,"sup=Victor, Bhupender op=Satish ,meraj , labour=11",16,,,,,,VERIFIED-live,header_total_production=8470.0; sap_sync=NOT_APPLICABLE
RUN,JIVO_BEVERAGES,2026-08-30T22:04:16+05:30,2026-08-26,Sidel,265,1,FG0000268,PET BOTTLE 1 LTR JIVO NATURAL MINERAL* (12 PCS),,12,production run,,,626,6160,73920,,15000.00,7085,47,,IN_PROGRESS,"sup=Arvin, Bhupendra op=Satish ,meraj labour=12",1,,,,,,VERIFIED-live,header_total_production=0.0; sap_sync=NOT_APPLICABLE
RUN,JIVO_BEVERAGES,2026-08-30T22:04:16+05:30,2026-08-27,Sidel,273,1,FG0000268,PET BOTTLE 1 LTR JIVO NATURAL MINERAL* (12 PCS),,12,production run,,,492,6295,75540,,15000.00,9212,61,,IN_PROGRESS,"sup=Arvin, Bhupendra op=Satish ,meraj , labour=11",2,,,,,,VERIFIED-live,header_total_production=0.0; sap_sync=NOT_APPLICABLE
RUN,JIVO_BEVERAGES,2026-08-30T22:04:16+05:30,2026-08-29,Sidel,274,1,FG0000276,PET BOTTLE 500 MLS JIVO NATURAL MINERAL* (24 PCS),,24,production run,,,480,585,14040,,18000.00,1755,10,,IN_PROGRESS,"sup=Victor, Bhupender op=Satish ,miraj labour=9",1,,,,,,VERIFIED-live,header_total_production=0.0; sap_sync=NOT_APPLICABLE
SEGMENT,JIVO_OIL,2026-08-30T22:04:16+05:30,2026-04-13,10 Head,1,,FG0000085,COLD PRESS SOYABEAN 5 LTR 4 PCS,5.0,4,run segment (start->stop),(no remark),,0,0,0,0,900,,,,closed,,,,,,,,VERIFIED-live,segment id=1 11:23->11:24 is_manual=False
SEGMENT,JIVO_OIL,2026-08-30T22:04:16+05:30,2026-04-13,10 Head,1,,FG0000085,COLD PRESS SOYABEAN 5 LTR 4 PCS,5.0,4,run segment (start->stop),(no remark),,0,0,0,0,900,,,,closed,,,,,,,,VERIFIED-live,segment id=2 11:24->11:25 is_manual=False
SEGMENT,JIVO_OIL,2026-08-30T22:04:16+05:30,2026-05-04,10 Head,3,,FG0000142,COLD PRESS GROUNDNUT OIL 1 LTR 16 PCS,1.0,16,run segment (start->stop),(no remark),,8,15,240,240,2100,1800,86,,closed,,,,,,,,VERIFIED-live,segment id=3 12:05->12:13 is_manual=False
SEGMENT,JIVO_OIL,2026-08-30T22:04:16+05:30,2026-05-04,10 Head,3,,FG0000142,COLD PRESS GROUNDNUT OIL 1 LTR 16 PCS,1.0,16,run segment (start->stop),(no remark),,1,3,48,48,2100,2880,137,,closed,,,,,,,,VERIFIED-live,segment id=4 12:15->12:16 is_manual=False
SEGMENT,JIVO_OIL,2026-08-30T22:04:16+05:30,2026-05-04,10 Head,4,,FG0000081,COLD PRESS SUNFLOWER 1 LTR 20 PCS,1.0,20,run segment (start->stop),(no remark),,2,2,40,40,2100,1200,57,,closed,,,,,,,,VERIFIED-live,segment id=5 12:33->12:36 is_manual=False
SEGMENT,JIVO_OIL,2026-08-30T22:04:16+05:30,2026-05-04,10 Head,4,,FG0000081,COLD PRESS SUNFLOWER 1 LTR 20 PCS,1.0,20,run segment (start->stop),(no remark),,34564,0,0,0,2100,,,,closed,,,,,,,,VERIFIED-live,"segment id=6 12:45->12:50 is_manual=False  ZERO-CASE SEGMENT: line time recorded, output not keyed in"
SEGMENT,JIVO_OIL,2026-08-30T22:04:16+05:30,2026-05-04,10 Head,5,,FG0000227,RICE BRAN OIL 1 LTR 16 PCS,1.0,16,run segment (start->stop),(no remark),,0,100,1600,1600,2100,,,,closed,,,,,,,,VERIFIED-live,segment id=7 12:56->12:56 is_manual=False
SEGMENT,JIVO_OIL,2026-08-30T22:04:16+05:30,2026-05-04,10 Head,4,,FG0000081,COLD PRESS SUNFLOWER 1 LTR 20 PCS,1.0,20,run segment (start->stop),(no remark),,0,0,0,0,2100,,,,closed,,,,,,,,VERIFIED-live,segment id=10 12:51->12:51 is_manual=False
SEGMENT,JIVO_OIL,2026-08-30T22:04:16+05:30,2026-05-26,10 Head,6,,FG0000085,COLD PRESS SOYABEAN 5 LTR 4 PCS,5.0,4,run segment (start->stop),(no remark),,1,2,8,40,900,480,53,,closed,,,,,,,,VERIFIED-live,segment id=8 12:41->12:42 is_manual=False
SEGMENT,JIVO_OIL,2026-08-30T22:04:16+05:30,2026-05-26,10 Head,6,,FG0000085,COLD PRESS SOYABEAN 5 LTR 4 PCS,5.0,4,run segment (start->stop),(no remark),,0,2,8,40,900,,,,closed,,,,,,,,VERIFIED-live,segment id=9 12:43->12:43 is_manual=False
SEGMENT,JIVO_OIL,2026-08-30T22:04:16+05:30,2026-06-12,Tin Head,9,,FG0000169,REFINED COTTON SEED OIL 13 KGS,14.285714285714285,1,run segment (start->stop),(no remark),,0,55,55,786,,,,,closed,,,,,,,,VERIFIED-live,segment id=11 17:33->17:34 is_manual=False
SEGMENT,JIVO_OIL,2026-08-30T22:04:16+05:30,2026-06-12,Tin Head,9,,FG0000169,REFINED COTTON SEED OIL 13 KGS,14.285714285714285,1,run segment (start->stop),(no remark),,58620,0,0,0,,,,,closed,,,,,,,,VERIFIED-live,"segment id=12 17:34->10:35 is_manual=False  ZERO-CASE SEGMENT: line time recorded, output not keyed in"
SEGMENT,JIVO_OIL,2026-08-30T22:04:16+05:30,2026-07-10,10 Head,15,,FG0000028,POMACE OLIVE 1 LTR 16 PCS,1.0,16,run segment (start->stop),OIL SHORT,,1,100,1600,1600,2100,96000,4571,Rm shortage,closed,,,,,,,,VERIFIED-live,segment id=17 12:54->12:56 is_manual=False
SEGMENT,JIVO_OIL,2026-08-30T22:04:16+05:30,2026-07-10,10 Head,15,,FG0000028,POMACE OLIVE 1 LTR 16 PCS,1.0,16,run segment (start->stop),(no remark),,0,1800,28800,28800,2100,,,,closed,,,,,,,,VERIFIED-live,segment id=18 12:56->12:57 is_manual=False
SEGMENT,JIVO_OIL,2026-08-30T22:04:16+05:30,2026-07-10,Clear Pack,13,,FG0000142,COLD PRESS GROUNDNUT OIL 1 LTR 16 PCS,1.0,16,run segment (start->stop),(no remark),,0,100,1600,1600,4800,,,,closed,,,,,,,,VERIFIED-live,segment id=13 11:23->11:24 is_manual=False
SEGMENT,JIVO_OIL,2026-08-30T22:04:16+05:30,2026-07-10,JP Machine,14,,FG0000142,COLD PRESS GROUNDNUT OIL 1 LTR 16 PCS,1.0,16,run segment (start->stop),(no remark),,1,100,1600,1600,5400,96000,1778,,closed,,,,,,,,VERIFIED-live,segment id=14 11:50->11:51 is_manual=False
SEGMENT,JIVO_OIL,2026-08-30T22:04:16+05:30,2026-07-10,JP Machine,14,,FG0000142,COLD PRESS GROUNDNUT OIL 1 LTR 16 PCS,1.0,16,run segment (start->stop),(no remark),,0,200,3200,3200,5400,,,,closed,,,,,,,,VERIFIED-live,segment id=15 11:52->11:52 is_manual=False
SEGMENT,JIVO_OIL,2026-08-30T22:04:16+05:30,2026-07-10,JP Machine,14,,FG0000142,COLD PRESS GROUNDNUT OIL 1 LTR 16 PCS,1.0,16,run segment (start->stop),(no remark),,0,1,16,16,5400,,,,closed,,,,,,,,VERIFIED-live,segment id=16 12:02->12:03 is_manual=False
SEGMENT,JIVO_OIL,2026-08-30T22:04:16+05:30,2026-07-14,Clear Pack,21,,FG0000053,COLD PRESS SUNFLOWER 5 LTR 4 PCS,5.0,4,run segment (start->stop),LABOUR,,26,55,220,1100,3000,508,17,Labour problem,closed,,,,,,,,VERIFIED-live,segment id=19 08:40->09:07 is_manual=False
SEGMENT,JIVO_OIL,2026-08-30T22:04:16+05:30,2026-07-14,Clear Pack,21,,FG0000053,COLD PRESS SUNFLOWER 5 LTR 4 PCS,5.0,4,run segment (start->stop),MACHINE FAULT,,24,45,180,900,3000,450,15,Sewing machine mein dikkat hone ka hath se lag rahi hai,closed,,,,,,,,VERIFIED-live,segment id=20 09:18->09:42 is_manual=False
SEGMENT,JIVO_OIL,2026-08-30T22:04:16+05:30,2026-07-14,Clear Pack,21,,FG0000053,COLD PRESS SUNFLOWER 5 LTR 4 PCS,5.0,4,run segment (start->stop),(no remark),,11558,0,0,0,3000,,,,closed,,,,,,,,VERIFIED-live,"segment id=21 09:57->10:36 is_manual=False  ZERO-CASE SEGMENT: line time recorded, output not keyed in"
SEGMENT,JIVO_OIL,2026-08-30T22:04:16+05:30,2026-07-15,10 Head,32,,FG0000035,COLD PRESS 500 MLS 24 PCS,0.5,24,run segment (start->stop),TEA BREAK,,10,40,960,480,,5760,,Tea Time,closed,,,,,,,,VERIFIED-live,segment id=38 15:56->16:06 is_manual=False
SEGMENT,JIVO_OIL,2026-08-30T22:04:16+05:30,2026-07-15,10 Head,32,,FG0000035,COLD PRESS 500 MLS 24 PCS,0.5,24,run segment (start->stop),STICKER/LABEL,,46,120,2880,1440,,3757,,label problem,closed,,,,,,,,VERIFIED-live,segment id=41 16:38->17:25 is_manual=False
SEGMENT,JIVO_OIL,2026-08-30T22:04:16+05:30,2026-07-15,10 Head,32,,FG0000035,COLD PRESS 500 MLS 24 PCS,0.5,24,run segment (start->stop),(no remark),,176,120,2880,1440,,982,,,closed,,,,,,,,VERIFIED-live,segment id=44 17:38->20:34 is_manual=False
SEGMENT,JIVO_OIL,2026-08-30T22:04:16+05:30,2026-07-15,Clear Pack,28,,FG0000053,COLD PRESS SUNFLOWER 5 LTR 4 PCS,5.0,4,run segment (start->stop),MACHINE FAULT,,1,5,20,100,3000,1200,40,Machine out ho gaya,closed,,,,,,,,VERIFIED-live,segment id=22 08:28->08:29 is_manual=False
SEGMENT,JIVO_OIL,2026-08-30T22:04:16+05:30,2026-07-15,Clear Pack,28,,FG0000053,COLD PRESS SUNFLOWER 5 LTR 4 PCS,5.0,4,run segment (start->stop),OTHER (free text),,4,0,0,0,3000,,,Out ho gaya,closed,,,,,,,,VERIFIED-live,"segment id=24 08:33->08:37 is_manual=False  ZERO-CASE SEGMENT: line time recorded, output not keyed in"
SEGMENT,JIVO_OIL,2026-08-30T22:04:16+05:30,2026-07-15,Clear Pack,28,,FG0000053,COLD PRESS SUNFLOWER 5 LTR 4 PCS,5.0,4,run segment (start->stop),SHRINK FILM,,8,20,80,400,3000,600,20,Shrink khatm Ho Gaya,closed,,,,,,,,VERIFIED-live,segment id=26 09:03->09:12 is_manual=False
SEGMENT,JIVO_OIL,2026-08-30T22:04:16+05:30,2026-07-15,Clear Pack,28,,FG0000053,COLD PRESS SUNFLOWER 5 LTR 4 PCS,5.0,4,run segment (start->stop),CLEANING,,45,40,160,800,3000,213,7,Safai ho raha hai,closed,,,,,,,,VERIFIED-live,segment id=27 09:17->10:02 is_manual=False
SEGMENT,JIVO_OIL,2026-08-30T22:04:16+05:30,2026-07-15,Clear Pack,28,,FG0000053,COLD PRESS SUNFLOWER 5 LTR 4 PCS,5.0,4,run segment (start->stop),MACHINE FAULT,,34,70,280,1400,3000,494,16,Machine ka screen nahin kam kar raha tha,closed,,,,,,,,VERIFIED-live,segment id=28 10:11->10:45 is_manual=False
SEGMENT,JIVO_OIL,2026-08-30T22:04:16+05:30,2026-07-15,Clear Pack,31,,FG0000004,COLD PRESS 5 LTR 4 PCS,5.0,4,run segment (start->stop),OTHER (free text),,38,151,604,3020,3000,954,32,Funny fat gaya tha,closed,,,,,,,,VERIFIED-live,segment id=30 11:30->12:08 is_manual=False
SEGMENT,JIVO_OIL,2026-08-30T22:04:16+05:30,2026-07-15,Clear Pack,31,,FG0000004,COLD PRESS 5 LTR 4 PCS,5.0,4,run segment (start->stop),SHRINK FILM,,14,92,368,1840,3000,1577,53,Shring khatm Ho Gaya,closed,,,,,,,,VERIFIED-live,segment id=31 12:09->12:23 is_manual=False
SEGMENT,JIVO_OIL,2026-08-30T22:04:16+05:30,2026-07-15,Clear Pack,31,,FG0000004,COLD PRESS 5 LTR 4 PCS,5.0,4,run segment (start->stop),QUALITY - LEAK,,8,28,112,560,3000,840,28,Leak aane iske vajah se line ruk gai,closed,,,,,,,,VERIFIED-live,segment id=32 12:29->12:37 is_manual=False
SEGMENT,JIVO_OIL,2026-08-30T22:04:16+05:30,2026-07-15,Clear Pack,31,,FG0000004,COLD PRESS 5 LTR 4 PCS,5.0,4,run segment (start->stop),STICKER/LABEL,,4,25,100,500,3000,1500,50,Speaker khatm Ho Gaya,closed,,,,,,,,VERIFIED-live,segment id=33 12:42->12:46 is_manual=False
SEGMENT,JIVO_OIL,2026-08-30T22:04:16+05:30,2026-07-15,Clear Pack,31,,FG0000004,COLD PRESS 5 LTR 4 PCS,5.0,4,run segment (start->stop),CHANGEOVER (operator said so),,62,108,432,2160,3000,418,14,Change over sunflower,closed,,,,,,,,VERIFIED-live,segment id=34 12:47->13:49 is_manual=False
SEGMENT,JIVO_OIL,2026-08-30T22:04:16+05:30,2026-07-15,Clear Pack,28,,FG0000053,COLD PRESS SUNFLOWER 5 LTR 4 PCS,5.0,4,run segment (start->stop),OIL SHORT,,26,23,92,460,3000,212,7,Kanwar pe Tel tha Safai ke liye roka gaya tha,closed,,,,,,,,VERIFIED-live,segment id=35 14:09->14:35 is_manual=False
SEGMENT,JIVO_OIL,2026-08-30T22:04:16+05:30,2026-07-15,Clear Pack,28,,FG0000053,COLD PRESS SUNFLOWER 5 LTR 4 PCS,5.0,4,run segment (start->stop),CLEANING,,2,15,60,300,3000,1800,60,Convey Safai ho raha hai,closed,,,,,,,,VERIFIED-live,segment id=36 14:40->14:42 is_manual=False
SEGMENT,JIVO_OIL,2026-08-30T22:04:16+05:30,2026-07-15,Clear Pack,28,,FG0000053,COLD PRESS SUNFLOWER 5 LTR 4 PCS,5.0,4,run segment (start->stop),TEA BREAK,,59,120,480,2400,3000,488,16,Tea break,closed,,,,,,,,VERIFIED-live,segment id=37 14:58->15:58 is_manual=False
SEGMENT,JIVO_OIL,2026-08-30T22:04:16+05:30,2026-07-15,Clear Pack,28,,FG0000053,COLD PRESS SUNFLOWER 5 LTR 4 PCS,5.0,4,run segment (start->stop),SHRINK FILM,,4,0,0,0,3000,,,Ring fatane se line ruk gai,closed,,,,,,,,VERIFIED-live,"segment id=39 16:18->16:23 is_manual=False  ZERO-CASE SEGMENT: line time recorded, output not keyed in"
SEGMENT,JIVO_OIL,2026-08-30T22:04:16+05:30,2026-07-15,Clear Pack,28,,FG0000053,COLD PRESS SUNFLOWER 5 LTR 4 PCS,5.0,4,run segment (start->stop),OTHER (free text),,21,80,320,1600,3000,914,30,Khatm Ho Gai isliye line,closed,,,,,,,,VERIFIED-live,segment id=40 16:26->16:48 is_manual=False
SEGMENT,JIVO_OIL,2026-08-30T22:04:16+05:30,2026-07-15,Clear Pack,28,,FG0000053,COLD PRESS SUNFLOWER 5 LTR 4 PCS,5.0,4,run segment (start->stop),SHRINK FILM,,24,68,272,1360,3000,680,23,Shring khatm ho gai,closed,,,,,,,,VERIFIED-live,segment id=42 17:01->17:25 is_manual=False
SEGMENT,JIVO_OIL,2026-08-30T22:04:16+05:30,2026-07-15,Clear Pack,28,,FG0000053,COLD PRESS SUNFLOWER 5 LTR 4 PCS,5.0,4,run segment (start->stop),(no remark),,82,280,1120,5600,3000,820,27,,closed,,,,,,,,VERIFIED-live,segment id=43 17:37->19:00 is_manual=False
SEGMENT,JIVO_OIL,2026-08-30T22:04:16+05:30,2026-07-15,JP Machine,29,,FG0000030,MUSTARD KACHI GHANI 1 LTR 20 PCS,1.0,20,run segment (start->stop),WEIGHING,,1,4,80,80,5400,4800,89,Wajan kar rhe hai,closed,,,,,,,,VERIFIED-live,segment id=23 08:30->08:32 is_manual=False
SEGMENT,JIVO_OIL,2026-08-30T22:04:16+05:30,2026-07-15,JP Machine,29,,FG0000030,MUSTARD KACHI GHANI 1 LTR 20 PCS,1.0,20,run segment (start->stop),MACHINE FAULT,,168,50,1000,1000,5400,357,7,M/C out,closed,,,,,,,,VERIFIED-live,segment id=25 08:33->11:22 is_manual=False
SEGMENT,JIVO_OIL,2026-08-30T22:04:16+05:30,2026-07-15,JP Machine,29,,FG0000030,MUSTARD KACHI GHANI 1 LTR 20 PCS,1.0,20,run segment (start->stop),(no remark),,0,0,0,0,5400,,,,OPEN/ACTIVE,,,,,,,,VERIFIED-live,segment id=29 11:29->OPEN is_manual=False
SEGMENT,JIVO_OIL,2026-08-30T22:04:16+05:30,2026-07-16,6 Head,46,,FG0000008,POMACE OLIVE 5 LTR TIN 4 PCS,5.0,4,run segment (start->stop),CARTON,,2,208,832,4160,600,24960,4160,Teen ka kagaj nahin khul Pa raha tha,closed,,,,,,,,VERIFIED-live,segment id=72 16:46->16:48 is_manual=False
SEGMENT,JIVO_OIL,2026-08-30T22:04:16+05:30,2026-07-16,6 Head,46,,FG0000008,POMACE OLIVE 5 LTR TIN 4 PCS,5.0,4,run segment (start->stop),CAN/TIN,,11,10,40,200,600,218,36,Teen khatm ho gaya hai laane ke liye line,closed,,,,,,,,VERIFIED-live,segment id=73 16:48->17:00 is_manual=False
SEGMENT,JIVO_OIL,2026-08-30T22:04:16+05:30,2026-07-16,6 Head,46,,FG0000008,POMACE OLIVE 5 LTR TIN 4 PCS,5.0,4,run segment (start->stop),COMPRESSED AIR,,2,5,20,100,600,600,100,Air band,closed,,,,,,,,VERIFIED-live,segment id=74 17:08->17:10 is_manual=False
SEGMENT,JIVO_OIL,2026-08-30T22:04:16+05:30,2026-07-16,6 Head,46,,FG0000008,POMACE OLIVE 5 LTR TIN 4 PCS,5.0,4,run segment (start->stop),CARTON,,35,60,240,1200,600,411,69,Gata khatm ho gaya tha,closed,,,,,,,,VERIFIED-live,segment id=75 17:11->17:46 is_manual=False
SEGMENT,JIVO_OIL,2026-08-30T22:04:16+05:30,2026-07-16,6 Head,46,,FG0000008,POMACE OLIVE 5 LTR TIN 4 PCS,5.0,4,run segment (start->stop),MACHINE FAULT,,29,20,80,400,600,166,28,Feeling machine ka chayan utar Gaya,closed,,,,,,,,VERIFIED-live,segment id=77 17:51->18:21 is_manual=False
SEGMENT,JIVO_OIL,2026-08-30T22:04:16+05:30,2026-07-16,6 Head,46,,FG0000008,POMACE OLIVE 5 LTR TIN 4 PCS,5.0,4,run segment (start->stop),OTHER (free text),,33,527,2108,10540,600,3833,639,527 peti total hai,closed,,,,,,,,VERIFIED-live,segment id=80 18:24->18:58 is_manual=False
SEGMENT,JIVO_OIL,2026-08-30T22:04:16+05:30,2026-07-16,Clear Pack,41,,FG0000004,COLD PRESS 5 LTR 4 PCS,5.0,4,run segment (start->stop),STICKER/LABEL,,56,280,1120,5600,3000,1200,40,Sticker fatane ke bad se ruk Gai la,closed,,,,,,,,VERIFIED-live,segment id=49 08:30->09:26 is_manual=False
SEGMENT,JIVO_OIL,2026-08-30T22:04:16+05:30,2026-07-16,Clear Pack,41,,FG0000004,COLD PRESS 5 LTR 4 PCS,5.0,4,run segment (start->stop),POWER,,34,240,960,4800,3000,1694,56,Light karne ko aise line ruk gai,closed,,,,,,,,VERIFIED-live,segment id=51 09:32->10:06 is_manual=False
SEGMENT,JIVO_OIL,2026-08-30T22:04:16+05:30,2026-07-16,Clear Pack,41,,FG0000004,COLD PRESS 5 LTR 4 PCS,5.0,4,run segment (start->stop),POWER,,33,120,480,2400,3000,873,29,Light cut gai,closed,,,,,,,,VERIFIED-live,segment id=54 10:11->10:45 is_manual=False
SEGMENT,JIVO_OIL,2026-08-30T22:04:16+05:30,2026-07-16,Clear Pack,41,,FG0000004,COLD PRESS 5 LTR 4 PCS,5.0,4,run segment (start->stop),OIL SHORT,,6,100,400,2000,3000,4000,133,Machine mein Tel girne ko Jaise Safai ho raha hai,closed,,,,,,,,VERIFIED-live,segment id=55 10:48->10:54 is_manual=False
SEGMENT,JIVO_OIL,2026-08-30T22:04:16+05:30,2026-07-16,Clear Pack,41,,FG0000004,COLD PRESS 5 LTR 4 PCS,5.0,4,run segment (start->stop),OTHER (free text),,29,120,480,2400,3000,993,33,Khatm Ho Gaya,closed,,,,,,,,VERIFIED-live,segment id=60 11:18->11:47 is_manual=False
SEGMENT,JIVO_OIL,2026-08-30T22:04:16+05:30,2026-07-16,Clear Pack,41,,FG0000004,COLD PRESS 5 LTR 4 PCS,5.0,4,run segment (start->stop),LUNCH BREAK,,100,200,800,4000,3000,480,16,Lunch hua,closed,,,,,,,,VERIFIED-live,segment id=61 11:51->13:31 is_manual=False
SEGMENT,JIVO_OIL,2026-08-30T22:04:16+05:30,2026-07-16,Clear Pack,41,,FG0000004,COLD PRESS 5 LTR 4 PCS,5.0,4,run segment (start->stop),SHRINK FILM,,0,0,0,0,3000,,,Shrink machine mein kharabi aane ka,closed,,,,,,,,VERIFIED-live,segment id=62 13:35->13:35 is_manual=False
SEGMENT,JIVO_OIL,2026-08-30T22:04:16+05:30,2026-07-16,Clear Pack,41,,FG0000004,COLD PRESS 5 LTR 4 PCS,5.0,4,run segment (start->stop),JAM,,3,14,56,280,3000,1120,37,Jaam lagne ki vajah se line likho,closed,,,,,,,,VERIFIED-live,segment id=63 13:38->13:42 is_manual=False
SEGMENT,JIVO_OIL,2026-08-30T22:04:16+05:30,2026-07-16,Clear Pack,41,,FG0000004,COLD PRESS 5 LTR 4 PCS,5.0,4,run segment (start->stop),TAPE,,15,80,320,1600,3000,1280,43,Tape khatm Ho Gaya,closed,,,,,,,,VERIFIED-live,segment id=65 13:46->14:02 is_manual=False
SEGMENT,JIVO_OIL,2026-08-30T22:04:16+05:30,2026-07-16,Clear Pack,41,,FG0000004,COLD PRESS 5 LTR 4 PCS,5.0,4,run segment (start->stop),JAM,,18,120,480,2400,3000,1600,53,Jaam lagne ka vaste,closed,,,,,,,,VERIFIED-live,segment id=67 14:04->14:22 is_manual=False
SEGMENT,JIVO_OIL,2026-08-30T22:04:16+05:30,2026-07-16,Clear Pack,41,,FG0000004,COLD PRESS 5 LTR 4 PCS,5.0,4,run segment (start->stop),SHRINK FILM,,11,80,320,1600,3000,1745,58,Panni khatm hone ki vajah se,closed,,,,,,,,VERIFIED-live,segment id=68 14:23->14:35 is_manual=False
SEGMENT,JIVO_OIL,2026-08-30T22:04:16+05:30,2026-07-16,Clear Pack,41,,FG0000004,COLD PRESS 5 LTR 4 PCS,5.0,4,run segment (start->stop),TAPE,,46,80,320,1600,3000,417,14,Tape khatm ho gaya tha,closed,,,,,,,,VERIFIED-live,segment id=69 14:40->15:27 is_manual=False
SEGMENT,JIVO_OIL,2026-08-30T22:04:16+05:30,2026-07-16,Clear Pack,41,,FG0000004,COLD PRESS 5 LTR 4 PCS,5.0,4,run segment (start->stop),TEA BREAK,,18,290,1160,5800,3000,3867,129,Ti break,closed,,,,,,,,VERIFIED-live,segment id=70 15:42->16:01 is_manual=False
SEGMENT,JIVO_OIL,2026-08-30T22:04:16+05:30,2026-07-16,Clear Pack,41,,FG0000004,COLD PRESS 5 LTR 4 PCS,5.0,4,run segment (start->stop),SHRINK FILM,,52,190,760,3800,3000,877,29,Panni khatm hone Ko aise line,closed,,,,,,,,VERIFIED-live,segment id=71 16:24->17:16 is_manual=False
SEGMENT,JIVO_OIL,2026-08-30T22:04:16+05:30,2026-07-16,Clear Pack,41,,FG0000004,COLD PRESS 5 LTR 4 PCS,5.0,4,run segment (start->stop),SHRINK FILM,,17,98,392,1960,3000,1384,46,Shring fatane ko aise line ruk gai,closed,,,,,,,,VERIFIED-live,segment id=76 17:30->17:48 is_manual=False
SEGMENT,JIVO_OIL,2026-08-30T22:04:16+05:30,2026-07-16,Clear Pack,41,,FG0000004,COLD PRESS 5 LTR 4 PCS,5.0,4,run segment (start->stop),QUALITY - BARCODE,,12,22,88,440,3000,440,15,Barcode galat lagne se line ruk gai,closed,,,,,,,,VERIFIED-live,segment id=78 17:54->18:07 is_manual=False
SEGMENT,JIVO_OIL,2026-08-30T22:04:16+05:30,2026-07-16,Clear Pack,41,,FG0000004,COLD PRESS 5 LTR 4 PCS,5.0,4,run segment (start->stop),(no remark),,27,132,528,2640,3000,1173,39,,closed,,,,,,,,VERIFIED-live,segment id=79 18:18->18:45 is_manual=False
SEGMENT,JIVO_OIL,2026-08-30T22:04:16+05:30,2026-07-16,JP Machine,43,,FG0000030,MUSTARD KACHI GHANI 1 LTR 20 PCS,1.0,20,run segment (start->stop),WEIGHING,,31,55,1100,1100,5400,2129,39,Wajan kar rha hu,closed,,,,,,,,VERIFIED-live,segment id=50 08:57->09:28 is_manual=False
SEGMENT,JIVO_OIL,2026-08-30T22:04:16+05:30,2026-07-16,JP Machine,43,,FG0000030,MUSTARD KACHI GHANI 1 LTR 20 PCS,1.0,20,run segment (start->stop),POWER,,35,30,600,600,5400,1029,19,Pawar cat,closed,,,,,,,,VERIFIED-live,segment id=52 09:33->10:09 is_manual=False
SEGMENT,JIVO_OIL,2026-08-30T22:04:16+05:30,2026-07-16,JP Machine,43,,FG0000030,MUSTARD KACHI GHANI 1 LTR 20 PCS,1.0,20,run segment (start->stop),POWER,,34,35,700,700,5400,1235,23,Pawar cat,closed,,,,,,,,VERIFIED-live,segment id=53 10:11->10:46 is_manual=False
SEGMENT,JIVO_OIL,2026-08-30T22:04:16+05:30,2026-07-16,JP Machine,43,,FG0000030,MUSTARD KACHI GHANI 1 LTR 20 PCS,1.0,20,run segment (start->stop),WEIGHING,,6,20,400,400,5400,4000,74,Wajan kar rhe hai,closed,,,,,,,,VERIFIED-live,segment id=64 13:42->13:48 is_manual=False
SEGMENT,JIVO_OIL,2026-08-30T22:04:16+05:30,2026-07-16,JP Machine,43,,FG0000030,MUSTARD KACHI GHANI 1 LTR 20 PCS,1.0,20,run segment (start->stop),MACHINE FAULT,,86,40,800,800,5400,558,10,Canwar ka seti kar rha hai,closed,,,,,,,,VERIFIED-live,segment id=66 13:57->15:23 is_manual=False
SEGMENT,JIVO_OIL,2026-08-30T22:04:16+05:30,2026-07-21,Clear Pack,57,,FG0000081,COLD PRESS SUNFLOWER 1 LTR 20 PCS,1.0,20,run segment (start->stop),STICKER/LABEL,,8,50,1000,1000,4800,7500,156,Sticker khatm Ho Gaya,closed,,,,,,,,VERIFIED-live,segment id=81 15:03->15:12 is_manual=False
SEGMENT,JIVO_OIL,2026-08-30T22:04:16+05:30,2026-07-21,Clear Pack,57,,FG0000081,COLD PRESS SUNFLOWER 1 LTR 20 PCS,1.0,20,run segment (start->stop),TEA BREAK,,46,110,2200,2200,4800,2870,60,Tea break hone ke bad,closed,,,,,,,,VERIFIED-live,segment id=83 15:14->16:01 is_manual=False
SEGMENT,JIVO_OIL,2026-08-30T22:04:16+05:30,2026-07-21,Clear Pack,57,,FG0000081,COLD PRESS SUNFLOWER 1 LTR 20 PCS,1.0,20,run segment (start->stop),TAPE,,74,240,4800,4800,4800,3892,81,Tape khatam ho gaya tha,closed,,,,,,,,VERIFIED-live,segment id=86 16:22->17:37 is_manual=False
SEGMENT,JIVO_OIL,2026-08-30T22:04:16+05:30,2026-07-21,Clear Pack,57,,FG0000081,COLD PRESS SUNFLOWER 1 LTR 20 PCS,1.0,20,run segment (start->stop),PALLET SHORT,,27,80,1600,1600,4800,3556,74,Pilot khatm ho gaya tha,closed,,,,,,,,VERIFIED-live,segment id=87 17:39->18:06 is_manual=False
SEGMENT,JIVO_OIL,2026-08-30T22:04:16+05:30,2026-07-21,Clear Pack,57,,FG0000081,COLD PRESS SUNFLOWER 1 LTR 20 PCS,1.0,20,run segment (start->stop),(no remark),,31,120,2400,2400,4800,4645,97,,closed,,,,,,,,VERIFIED-live,segment id=88 18:14->18:45 is_manual=False
SEGMENT,JIVO_OIL,2026-08-30T22:04:16+05:30,2026-07-21,JP Machine,58,,FG0000379,MUSTARD KACHI GHANI 1 LTR 20 PCS ROUND BOTTLE,1.0,20,run segment (start->stop),CHANGEOVER (operator said so),,7,50,1000,1000,5400,8571,159,Stikar chej,closed,,,,,,,,VERIFIED-live,segment id=82 15:08->15:16 is_manual=False
SEGMENT,JIVO_OIL,2026-08-30T22:04:16+05:30,2026-07-21,JP Machine,58,,FG0000379,MUSTARD KACHI GHANI 1 LTR 20 PCS ROUND BOTTLE,1.0,20,run segment (start->stop),TEA BREAK,,43,40,800,800,5400,1116,21,T break,closed,,,,,,,,VERIFIED-live,segment id=84 15:18->16:02 is_manual=False
SEGMENT,JIVO_OIL,2026-08-30T22:04:16+05:30,2026-07-21,JP Machine,58,,FG0000379,MUSTARD KACHI GHANI 1 LTR 20 PCS ROUND BOTTLE,1.0,20,run segment (start->stop),(no remark),,160,40,800,800,5400,300,6,,closed,,,,,,,,VERIFIED-live,segment id=85 16:22->19:03 is_manual=False
SEGMENT,JIVO_OIL,2026-08-30T22:04:16+05:30,2026-07-22,Clear Pack,65,,FG0000081,COLD PRESS SUNFLOWER 1 LTR 20 PCS,1.0,20,run segment (start->stop),CAN/TIN,,4,3,60,60,4800,900,19,Kaner mein dikkat aane ko aise line ruk gai,closed,,,,,,,,VERIFIED-live,segment id=89 07:41->07:46 is_manual=False
SEGMENT,JIVO_OIL,2026-08-30T22:04:16+05:30,2026-07-22,Clear Pack,65,,FG0000081,COLD PRESS SUNFLOWER 1 LTR 20 PCS,1.0,20,run segment (start->stop),OIL SHORT,,0,0,0,0,4800,,,Color match nahin ho raha hai Tel ka ISI waise line,closed,,,,,,,,VERIFIED-live,segment id=90 07:47->07:47 is_manual=False
SEGMENT,JIVO_OIL,2026-08-30T22:04:16+05:30,2026-07-22,Clear Pack,65,,FG0000081,COLD PRESS SUNFLOWER 1 LTR 20 PCS,1.0,20,run segment (start->stop),OIL SHORT,,19,60,1200,1200,4800,3789,79,Tel nahin Hai,closed,,,,,,,,VERIFIED-live,segment id=92 08:22->08:41 is_manual=False
SEGMENT,JIVO_OIL,2026-08-30T22:04:16+05:30,2026-07-22,Clear Pack,65,,FG0000081,COLD PRESS SUNFLOWER 1 LTR 20 PCS,1.0,20,run segment (start->stop),JAM,,44,80,1600,1600,4800,2182,45,जाम लग गया,closed,,,,,,,,VERIFIED-live,segment id=93 09:08->09:52 is_manual=False
SEGMENT,JIVO_OIL,2026-08-30T22:04:16+05:30,2026-07-22,Clear Pack,65,,FG0000081,COLD PRESS SUNFLOWER 1 LTR 20 PCS,1.0,20,run segment (start->stop),TAPE,,43,200,4000,4000,4800,5581,116,टेप मशीन दिक्कत हुआ,closed,,,,,,,,VERIFIED-live,segment id=94 09:56->10:40 is_manual=False
SEGMENT,JIVO_OIL,2026-08-30T22:04:16+05:30,2026-07-22,Clear Pack,65,,FG0000081,COLD PRESS SUNFLOWER 1 LTR 20 PCS,1.0,20,run segment (start->stop),TEA BREAK,,17,60,1200,1200,4800,4235,88,टी ब्रेक,closed,,,,,,,,VERIFIED-live,segment id=95 10:40->10:58 is_manual=False
SEGMENT,JIVO_OIL,2026-08-30T22:04:16+05:30,2026-07-22,Clear Pack,65,,FG0000081,COLD PRESS SUNFLOWER 1 LTR 20 PCS,1.0,20,run segment (start->stop),LUNCH BREAK,,89,200,4000,4000,4800,2697,56,Lunch ho gaya,closed,,,,,,,,VERIFIED-live,segment id=97 11:30->12:59 is_manual=False
SEGMENT,JIVO_OIL,2026-08-30T22:04:16+05:30,2026-07-22,Clear Pack,65,,FG0000081,COLD PRESS SUNFLOWER 1 LTR 20 PCS,1.0,20,run segment (start->stop),CHANGEOVER (operator said so),,79,120,2400,2400,4800,1823,38,Change ho gaye,closed,,,,,,,,VERIFIED-live,segment id=100 13:36->14:55 is_manual=False
SEGMENT,JIVO_OIL,2026-08-30T22:04:16+05:30,2026-07-22,JP Machine,67,,FG0000379,MUSTARD KACHI GHANI 1 LTR 20 PCS ROUND BOTTLE,1.0,20,run segment (start->stop),TEA BREAK,,182,60,1200,1200,5400,396,7,T break,closed,,,,,,,,VERIFIED-live,segment id=91 07:59->11:02 is_manual=False
SEGMENT,JIVO_OIL,2026-08-30T22:04:16+05:30,2026-07-22,JP Machine,67,,FG0000379,MUSTARD KACHI GHANI 1 LTR 20 PCS ROUND BOTTLE,1.0,20,run segment (start->stop),CHANGEOVER (operator said so),,14,20,400,400,5400,1714,32,Stikar chej,closed,,,,,,,,VERIFIED-live,segment id=96 11:24->11:38 is_manual=False
SEGMENT,JIVO_OIL,2026-08-30T22:04:16+05:30,2026-07-22,JP Machine,67,,FG0000379,MUSTARD KACHI GHANI 1 LTR 20 PCS ROUND BOTTLE,1.0,20,run segment (start->stop),CHANGEOVER (operator said so),,16,30,600,600,5400,2250,42,Stikar chej,closed,,,,,,,,VERIFIED-live,segment id=98 11:40->11:56 is_manual=False
SEGMENT,JIVO_OIL,2026-08-30T22:04:16+05:30,2026-07-22,JP Machine,67,,FG0000379,MUSTARD KACHI GHANI 1 LTR 20 PCS ROUND BOTTLE,1.0,20,run segment (start->stop),CHANGEOVER (operator said so),,111,30,600,600,5400,324,6,Line chej ovar 869 mustard kachi ghani,closed,,,,,,,,VERIFIED-live,segment id=99 12:01->13:52 is_manual=False
SEGMENT,JIVO_OIL,2026-08-30T22:04:16+05:30,2026-07-23,10 Head,76,,FG0000142,COLD PRESS GROUNDNUT OIL 1 LTR 16 PCS,1.0,16,run segment (start->stop),(no remark),,452,120,1920,1920,2100,255,12,,closed,,,,,,,,VERIFIED-live,segment id=107 08:46->16:19 is_manual=False
SEGMENT,JIVO_OIL,2026-08-30T22:04:16+05:30,2026-07-23,Clear Pack,73,,FG0000407,COLD PRESS 1 LTR (NIRMAL RISHI )20 PCS,1.0,20,run segment (start->stop),PALLET SHORT,,20,100,2000,2000,4800,6000,125,Pilot nahin hai isiliye life,closed,,,,,,,,VERIFIED-live,segment id=104 08:15->08:35 is_manual=False
SEGMENT,JIVO_OIL,2026-08-30T22:04:16+05:30,2026-07-23,Clear Pack,73,,FG0000407,COLD PRESS 1 LTR (NIRMAL RISHI )20 PCS,1.0,20,run segment (start->stop),MACHINE FAULT,,15,60,1200,1200,4800,4800,100,Machine Gila hone Ko vaise line rukte,closed,,,,,,,,VERIFIED-live,segment id=106 08:45->09:00 is_manual=False
SEGMENT,JIVO_OIL,2026-08-30T22:04:16+05:30,2026-07-23,Clear Pack,73,,FG0000407,COLD PRESS 1 LTR (NIRMAL RISHI )20 PCS,1.0,20,run segment (start->stop),PALLET SHORT,,31,80,1600,1600,4800,3097,65,Hamare pass pilot nahin Hai line ruk gai hai,closed,,,,,,,,VERIFIED-live,segment id=108 09:03->09:34 is_manual=False
SEGMENT,JIVO_OIL,2026-08-30T22:04:16+05:30,2026-07-23,Clear Pack,73,,FG0000407,COLD PRESS 1 LTR (NIRMAL RISHI )20 PCS,1.0,20,run segment (start->stop),PALLET SHORT,,11,40,800,800,4800,4364,91,Pilot nahin hai isliye line ruk gai,closed,,,,,,,,VERIFIED-live,segment id=110 09:44->09:55 is_manual=False
SEGMENT,JIVO_OIL,2026-08-30T22:04:16+05:30,2026-07-23,Clear Pack,73,,FG0000407,COLD PRESS 1 LTR (NIRMAL RISHI )20 PCS,1.0,20,run segment (start->stop),PALLET SHORT,,14,40,800,800,4800,3429,71,Pilot nahin hone ke vajah se line ruk gai,closed,,,,,,,,VERIFIED-live,segment id=111 10:21->10:36 is_manual=False
SEGMENT,JIVO_OIL,2026-08-30T22:04:16+05:30,2026-07-23,Clear Pack,73,,FG0000407,COLD PRESS 1 LTR (NIRMAL RISHI )20 PCS,1.0,20,run segment (start->stop),(no remark),,32,40,800,800,4800,1500,31,,closed,,,,,,,,VERIFIED-live,segment id=113 10:43->11:16 is_manual=False
SEGMENT,JIVO_OIL,2026-08-30T22:04:16+05:30,2026-07-23,Clear Pack,73,,FG0000407,COLD PRESS 1 LTR (NIRMAL RISHI )20 PCS,1.0,20,run segment (start->stop),PALLET SHORT,,0,0,0,0,4800,,,Pilot nahin hone ke vajah se line rukte,closed,,,,,,,,VERIFIED-live,segment id=114 11:19->11:19 is_manual=False
SEGMENT,JIVO_OIL,2026-08-30T22:04:16+05:30,2026-07-23,Clear Pack,73,,FG0000407,COLD PRESS 1 LTR (NIRMAL RISHI )20 PCS,1.0,20,run segment (start->stop),OTHER (free text),,15,40,800,800,4800,3200,67,Isi ka khatm hone ke bad se line ruk gai,closed,,,,,,,,VERIFIED-live,segment id=115 11:37->11:53 is_manual=False
SEGMENT,JIVO_OIL,2026-08-30T22:04:16+05:30,2026-07-23,Clear Pack,73,,FG0000407,COLD PRESS 1 LTR (NIRMAL RISHI )20 PCS,1.0,20,run segment (start->stop),PALLET SHORT,,19,80,1600,1600,4800,5053,105,Pilot nahin Banega aise line ruk gai,closed,,,,,,,,VERIFIED-live,segment id=116 11:54->12:14 is_manual=False
SEGMENT,JIVO_OIL,2026-08-30T22:04:16+05:30,2026-07-23,Clear Pack,73,,FG0000407,COLD PRESS 1 LTR (NIRMAL RISHI )20 PCS,1.0,20,run segment (start->stop),MACHINE FAULT,,17,40,800,800,4800,2824,59,Paper machine kharab hone se line ruk gai,closed,,,,,,,,VERIFIED-live,segment id=117 13:35->13:53 is_manual=False
SEGMENT,JIVO_OIL,2026-08-30T22:04:16+05:30,2026-07-23,Clear Pack,73,,FG0000407,COLD PRESS 1 LTR (NIRMAL RISHI )20 PCS,1.0,20,run segment (start->stop),STICKER/LABEL,,48,100,2000,2000,4800,2500,52,Speaker khatm Ho Gaya isliye line,closed,,,,,,,,VERIFIED-live,segment id=118 14:15->15:04 is_manual=False
SEGMENT,JIVO_OIL,2026-08-30T22:04:16+05:30,2026-07-23,Clear Pack,73,,FG0000407,COLD PRESS 1 LTR (NIRMAL RISHI )20 PCS,1.0,20,run segment (start->stop),PALLET SHORT,,8,80,1600,1600,4800,12000,250,Pilot nahin hone ke bad Salai ruko,closed,,,,,,,,VERIFIED-live,segment id=119 15:13->15:21 is_manual=False
SEGMENT,JIVO_OIL,2026-08-30T22:04:16+05:30,2026-07-23,Clear Pack,73,,FG0000407,COLD PRESS 1 LTR (NIRMAL RISHI )20 PCS,1.0,20,run segment (start->stop),(no remark),,141,360,7200,7200,4800,3064,64,,closed,,,,,,,,VERIFIED-live,segment id=120 16:35->18:56 is_manual=False
SEGMENT,JIVO_OIL,2026-08-30T22:04:16+05:30,2026-07-23,JP Machine,75,,FG0000422,JIVO MUSTARD KACCHI GHANI 869 GMS 20 PCS,0.954945054945055,20,run segment (start->stop),PALLET SHORT,,26,30,600,573,,1385,,Pilot nahi hai es liye line ruk gya hai,closed,,,,,,,,VERIFIED-live,segment id=105 08:34->09:00 is_manual=False
SEGMENT,JIVO_OIL,2026-08-30T22:04:16+05:30,2026-07-23,JP Machine,75,,FG0000422,JIVO MUSTARD KACCHI GHANI 869 GMS 20 PCS,0.954945054945055,20,run segment (start->stop),OTHER (free text),,81,40,800,764,,593,,Line jam,closed,,,,,,,,VERIFIED-live,segment id=109 09:15->10:37 is_manual=False
SEGMENT,JIVO_OIL,2026-08-30T22:04:16+05:30,2026-07-23,JP Machine,75,,FG0000422,JIVO MUSTARD KACCHI GHANI 869 GMS 20 PCS,0.954945054945055,20,run segment (start->stop),CHANGEOVER (operator said so),,8,20,400,382,,3000,,Line stop chej ovar,closed,,,,,,,,VERIFIED-live,segment id=112 10:38->10:46 is_manual=False
SEGMENT,JIVO_OIL,2026-08-30T22:04:16+05:30,2026-07-24,10 Head,79,,FG0000227,RICE BRAN OIL 1 LTR 16 PCS,1.0,16,run segment (start->stop),(no remark),,155,180,2880,2880,2100,1115,53,,closed,,,,,,,,VERIFIED-live,segment id=123 08:21->10:57 is_manual=False
SEGMENT,JIVO_OIL,2026-08-30T22:04:16+05:30,2026-07-24,10 Head,79,,FG0000227,RICE BRAN OIL 1 LTR 16 PCS,1.0,16,run segment (start->stop),LUNCH BREAK,,122,29,464,464,2100,228,11,LUNCH,closed,,,,,,,,VERIFIED-live,segment id=128 11:00->13:02 is_manual=False
SEGMENT,JIVO_OIL,2026-08-30T22:04:16+05:30,2026-07-24,10 Head,79,,FG0000227,RICE BRAN OIL 1 LTR 16 PCS,1.0,16,run segment (start->stop),TEA BREAK,,144,36,576,576,2100,240,11,tea time,closed,,,,,,,,VERIFIED-live,segment id=132 13:39->16:04 is_manual=False
SEGMENT,JIVO_OIL,2026-08-30T22:04:16+05:30,2026-07-24,10 Head,79,,FG0000227,RICE BRAN OIL 1 LTR 16 PCS,1.0,16,run segment (start->stop),MACHINE FAULT,,20,5,80,80,2100,240,11,nozal dikat,closed,,,,,,,,VERIFIED-live,segment id=136 16:24->16:44 is_manual=False
SEGMENT,JIVO_OIL,2026-08-30T22:04:16+05:30,2026-07-24,10 Head,79,,FG0000227,RICE BRAN OIL 1 LTR 16 PCS,1.0,16,run segment (start->stop),(no remark),,1096,701,11216,11216,2100,614,29,,closed,,,,,,,,VERIFIED-live,segment id=137 17:31->11:47 is_manual=False
SEGMENT,JIVO_OIL,2026-08-30T22:04:16+05:30,2026-07-24,6 Head,80,,FG0000114,POMACE OLIVE 2 LTR 10 PCS HANDLE,2.0,10,run segment (start->stop),BATCH,,153,80,800,1600,720,314,44,batch,closed,,,,,,,,VERIFIED-live,segment id=122 08:21->10:55 is_manual=False
SEGMENT,JIVO_OIL,2026-08-30T22:04:16+05:30,2026-07-24,6 Head,80,,FG0000114,POMACE OLIVE 2 LTR 10 PCS HANDLE,2.0,10,run segment (start->stop),LUNCH BREAK,,126,40,400,800,720,190,26,LUNCH,closed,,,,,,,,VERIFIED-live,segment id=127 10:56->13:03 is_manual=False
SEGMENT,JIVO_OIL,2026-08-30T22:04:16+05:30,2026-07-24,6 Head,80,,FG0000114,POMACE OLIVE 2 LTR 10 PCS HANDLE,2.0,10,run segment (start->stop),TEA BREAK,,138,160,1600,3200,720,696,97,tea time,closed,,,,,,,,VERIFIED-live,segment id=133 13:44->16:03 is_manual=False
SEGMENT,JIVO_OIL,2026-08-30T22:04:16+05:30,2026-07-24,6 Head,80,,FG0000114,POMACE OLIVE 2 LTR 10 PCS HANDLE,2.0,10,run segment (start->stop),BOTTLE SHORT,,70,22,220,440,720,189,26,bottle nahi hai,closed,,,,,,,,VERIFIED-live,segment id=134 16:22->17:33 is_manual=False
SEGMENT,JIVO_OIL,2026-08-30T22:04:16+05:30,2026-07-24,Clear Pack,78,,FG0000088,COLD PRESS 1 LTR +1 LTR COMBO 10 SET PLAIN,1.0,10,run segment (start->stop),STICKER/LABEL,,21,60,600,600,4800,1714,36,Sticker mein dikkat Aaye vaise line ruk gai,closed,,,,,,,,VERIFIED-live,segment id=121 08:15->08:37 is_manual=False
SEGMENT,JIVO_OIL,2026-08-30T22:04:16+05:30,2026-07-24,Clear Pack,78,,FG0000088,COLD PRESS 1 LTR +1 LTR COMBO 10 SET PLAIN,1.0,10,run segment (start->stop),JAM,,14,60,600,600,4800,2571,54,Jaam lagne ke vaise line,closed,,,,,,,,VERIFIED-live,segment id=124 08:51->09:06 is_manual=False
SEGMENT,JIVO_OIL,2026-08-30T22:04:16+05:30,2026-07-24,Clear Pack,78,,FG0000088,COLD PRESS 1 LTR +1 LTR COMBO 10 SET PLAIN,1.0,10,run segment (start->stop),OTHER (free text),,28,40,400,400,4800,857,18,Jigar khatm Ho Gaya isliye line,closed,,,,,,,,VERIFIED-live,segment id=125 09:37->10:05 is_manual=False
SEGMENT,JIVO_OIL,2026-08-30T22:04:16+05:30,2026-07-24,Clear Pack,78,,FG0000088,COLD PRESS 1 LTR +1 LTR COMBO 10 SET PLAIN,1.0,10,run segment (start->stop),TEA BREAK,,51,120,1200,1200,4800,1412,29,Tea break,closed,,,,,,,,VERIFIED-live,segment id=126 10:05->10:57 is_manual=False
SEGMENT,JIVO_OIL,2026-08-30T22:04:16+05:30,2026-07-24,Clear Pack,78,,FG0000088,COLD PRESS 1 LTR +1 LTR COMBO 10 SET PLAIN,1.0,10,run segment (start->stop),OTHER (free text),,16,120,1200,1200,4800,4500,94,GR ISSUE,closed,,,,,,,,VERIFIED-live,segment id=129 11:17->11:33 is_manual=False
SEGMENT,JIVO_OIL,2026-08-30T22:04:16+05:30,2026-07-24,Clear Pack,78,,FG0000088,COLD PRESS 1 LTR +1 LTR COMBO 10 SET PLAIN,1.0,10,run segment (start->stop),LUNCH BREAK,,82,40,400,400,4800,293,6,LUNCH,closed,,,,,,,,VERIFIED-live,segment id=130 11:42->13:05 is_manual=False
SEGMENT,JIVO_OIL,2026-08-30T22:04:16+05:30,2026-07-24,Clear Pack,78,,FG0000088,COLD PRESS 1 LTR +1 LTR COMBO 10 SET PLAIN,1.0,10,run segment (start->stop),TEA BREAK,,149,240,2400,2400,4800,966,20,Tea Time,closed,,,,,,,,VERIFIED-live,segment id=131 13:31->16:01 is_manual=False
SEGMENT,JIVO_OIL,2026-08-30T22:04:16+05:30,2026-07-24,Clear Pack,78,,FG0000088,COLD PRESS 1 LTR +1 LTR COMBO 10 SET PLAIN,1.0,10,run segment (start->stop),(no remark),,1167,337,3370,3370,4800,173,4,,closed,,,,,,,,VERIFIED-live,segment id=135 16:22->11:50 is_manual=False
SEGMENT,JIVO_OIL,2026-08-30T22:04:16+05:30,2026-07-25,10 Head,81,,FG0000227,RICE BRAN OIL 1 LTR 16 PCS,1.0,16,run segment (start->stop),PALLET SHORT,,12,270,4320,4320,2100,21600,1029,paylet,closed,,,,,,,,VERIFIED-live,segment id=140 10:06->10:19 is_manual=False
SEGMENT,JIVO_OIL,2026-08-30T22:04:16+05:30,2026-07-25,10 Head,81,,FG0000227,RICE BRAN OIL 1 LTR 16 PCS,1.0,16,run segment (start->stop),TEA BREAK,,17,32,512,512,2100,1807,86,tea time,closed,,,,,,,,VERIFIED-live,segment id=143 10:45->11:02 is_manual=False
SEGMENT,JIVO_OIL,2026-08-30T22:04:16+05:30,2026-07-25,10 Head,81,,FG0000227,RICE BRAN OIL 1 LTR 16 PCS,1.0,16,run segment (start->stop),LUNCH BREAK,,90,56,896,896,2100,597,28,LUNCH TIME,closed,,,,,,,,VERIFIED-live,segment id=146 11:33->13:04 is_manual=False
SEGMENT,JIVO_OIL,2026-08-30T22:04:16+05:30,2026-07-25,10 Head,81,,FG0000227,RICE BRAN OIL 1 LTR 16 PCS,1.0,16,run segment (start->stop),TEA BREAK,,138,0,0,0,2100,,,tea time,closed,,,,,,,,VERIFIED-live,"segment id=152 13:47->16:06 is_manual=False  ZERO-CASE SEGMENT: line time recorded, output not keyed in"
SEGMENT,JIVO_OIL,2026-08-30T22:04:16+05:30,2026-07-25,10 Head,81,,FG0000227,RICE BRAN OIL 1 LTR 16 PCS,1.0,16,run segment (start->stop),END OF SHIFT / CLOSE,,76,1080,17280,17280,2100,13642,650,complete time,closed,,,,,,,,VERIFIED-live,segment id=156 18:02->19:18 is_manual=False
SEGMENT,JIVO_OIL,2026-08-30T22:04:16+05:30,2026-07-25,6 Head,83,,FG0000074,EXTRA VIRGIN OLIVE 5 LTR TIN 4 PCS IMPORTED,5.0,4,run segment (start->stop),PALLET SHORT,,13,236,944,4720,600,4357,726,paylet nahi hai,closed,,,,,,,,VERIFIED-live,segment id=138 10:03->10:17 is_manual=False
SEGMENT,JIVO_OIL,2026-08-30T22:04:16+05:30,2026-07-25,6 Head,83,,FG0000074,EXTRA VIRGIN OLIVE 5 LTR TIN 4 PCS IMPORTED,5.0,4,run segment (start->stop),TEA BREAK,,18,274,1096,5480,600,3653,609,tea time,closed,,,,,,,,VERIFIED-live,segment id=142 10:44->11:03 is_manual=False
SEGMENT,JIVO_OIL,2026-08-30T22:04:16+05:30,2026-07-25,6 Head,83,,FG0000074,EXTRA VIRGIN OLIVE 5 LTR TIN 4 PCS IMPORTED,5.0,4,run segment (start->stop),SHRINK FILM,,58,0,0,0,600,,,Shrink machine problems,closed,,,,,,,,VERIFIED-live,"segment id=144 11:33->12:31 is_manual=False  ZERO-CASE SEGMENT: line time recorded, output not keyed in"
SEGMENT,JIVO_OIL,2026-08-30T22:04:16+05:30,2026-07-25,6 Head,83,,FG0000074,EXTRA VIRGIN OLIVE 5 LTR TIN 4 PCS IMPORTED,5.0,4,run segment (start->stop),LUNCH BREAK,,28,9,36,180,600,77,13,LUNCH TIME,closed,,,,,,,,VERIFIED-live,segment id=147 12:33->13:01 is_manual=False
SEGMENT,JIVO_OIL,2026-08-30T22:04:16+05:30,2026-07-25,6 Head,83,,FG0000074,EXTRA VIRGIN OLIVE 5 LTR TIN 4 PCS IMPORTED,5.0,4,run segment (start->stop),TEA BREAK,,138,240,960,4800,600,417,70,tea time,closed,,,,,,,,VERIFIED-live,segment id=150 13:47->16:05 is_manual=False
SEGMENT,JIVO_OIL,2026-08-30T22:04:16+05:30,2026-07-25,6 Head,83,,FG0000074,EXTRA VIRGIN OLIVE 5 LTR TIN 4 PCS IMPORTED,5.0,4,run segment (start->stop),END OF SHIFT / CLOSE,,79,276,1104,5520,600,838,140,complete time,closed,,,,,,,,VERIFIED-live,segment id=155 18:02->19:21 is_manual=False
SEGMENT,JIVO_OIL,2026-08-30T22:04:16+05:30,2026-07-25,Clear Pack,82,,FG0000033,COLD PRESS 1 LTR + 1 LTR COMBO 10 SET,1.0,10,run segment (start->stop),PALLET SHORT,,6,80,800,800,4800,8000,167,paylet,closed,,,,,,,,VERIFIED-live,segment id=139 10:04->10:10 is_manual=False
SEGMENT,JIVO_OIL,2026-08-30T22:04:16+05:30,2026-07-25,Clear Pack,82,,FG0000033,COLD PRESS 1 LTR + 1 LTR COMBO 10 SET,1.0,10,run segment (start->stop),TEA BREAK,,42,120,1200,1200,4800,1714,36,tea time,closed,,,,,,,,VERIFIED-live,segment id=141 10:20->11:02 is_manual=False
SEGMENT,JIVO_OIL,2026-08-30T22:04:16+05:30,2026-07-25,Clear Pack,82,,FG0000033,COLD PRESS 1 LTR + 1 LTR COMBO 10 SET,1.0,10,run segment (start->stop),LUNCH BREAK,,87,200,2000,2000,4800,1379,29,LUNCH TIME,closed,,,,,,,,VERIFIED-live,segment id=145 11:33->13:01 is_manual=False
SEGMENT,JIVO_OIL,2026-08-30T22:04:16+05:30,2026-07-25,Clear Pack,82,,FG0000033,COLD PRESS 1 LTR + 1 LTR COMBO 10 SET,1.0,10,run segment (start->stop),TEA BREAK,,138,160,1600,1600,4800,696,14,tea time,closed,,,,,,,,VERIFIED-live,segment id=151 13:47->16:05 is_manual=False
SEGMENT,JIVO_OIL,2026-08-30T22:04:16+05:30,2026-07-25,Clear Pack,82,,FG0000033,COLD PRESS 1 LTR + 1 LTR COMBO 10 SET,1.0,10,run segment (start->stop),END OF SHIFT / CLOSE,,169,1036,10360,10360,4800,3678,77,complete time,closed,,,,,,,,VERIFIED-live,segment id=153 16:25->19:15 is_manual=False
SEGMENT,JIVO_OIL,2026-08-30T22:04:16+05:30,2026-07-25,Tin Head,84,,FG0000444,SOYABEAN OIL 12 KGS (B),13.186813186813186,1,run segment (start->stop),LUNCH BREAK,,18,871,871,11486,,2903,,LUNCH TIME,closed,,,,,,,,VERIFIED-live,segment id=148 12:46->13:05 is_manual=False
SEGMENT,JIVO_OIL,2026-08-30T22:04:16+05:30,2026-07-25,Tin Head,84,,FG0000444,SOYABEAN OIL 12 KGS (B),13.186813186813186,1,run segment (start->stop),(no remark),,120,800,800,10549,,400,,,closed,,,,,,,,VERIFIED-live,segment id=149 13:47->15:47 is_manual=False
SEGMENT,JIVO_OIL,2026-08-30T22:04:16+05:30,2026-07-25,Tin Head,84,,FG0000444,SOYABEAN OIL 12 KGS (B),13.186813186813186,1,run segment (start->stop),END OF SHIFT / CLOSE,,78,1265,1265,16681,,973,,complete time,closed,,,,,,,,VERIFIED-live,segment id=154 18:00->19:19 is_manual=False
SEGMENT,JIVO_OIL,2026-08-30T22:04:16+05:30,2026-07-27,10 Head,97,,FG0000142,COLD PRESS GROUNDNUT OIL 1 LTR 16 PCS,1.0,16,run segment (start->stop),TEA BREAK,,25,0,0,0,2100,,,tea time,closed,,,,,,,,VERIFIED-live,"segment id=158 10:44->11:10 is_manual=False  ZERO-CASE SEGMENT: line time recorded, output not keyed in"
SEGMENT,JIVO_OIL,2026-08-30T22:04:16+05:30,2026-07-27,10 Head,97,,FG0000142,COLD PRESS GROUNDNUT OIL 1 LTR 16 PCS,1.0,16,run segment (start->stop),LUNCH BREAK,,98,495,7920,7920,2100,4849,231,lunch time,closed,,,,,,,,VERIFIED-live,segment id=165 11:25->13:03 is_manual=False
SEGMENT,JIVO_OIL,2026-08-30T22:04:16+05:30,2026-07-27,10 Head,97,,FG0000142,COLD PRESS GROUNDNUT OIL 1 LTR 16 PCS,1.0,16,run segment (start->stop),TEA BREAK,,144,294,4704,4704,2100,1960,93,tea time,closed,,,,,,,,VERIFIED-live,segment id=173 13:42->16:07 is_manual=False
SEGMENT,JIVO_OIL,2026-08-30T22:04:16+05:30,2026-07-27,10 Head,97,,FG0000142,COLD PRESS GROUNDNUT OIL 1 LTR 16 PCS,1.0,16,run segment (start->stop),END OF SHIFT / CLOSE,,154,1068,17088,17088,2100,6658,317,complete production,closed,,,,,,,,VERIFIED-live,segment id=180 16:26->19:00 is_manual=False
SEGMENT,JIVO_OIL,2026-08-30T22:04:16+05:30,2026-07-27,6 Head,101,,FG0000038,MUSTARD KACCHI GHANI 2 LTR 10 PCS,2.0,10,run segment (start->stop),LUNCH BREAK,,95,108,1080,2160,720,682,95,lunch time,closed,,,,,,,,VERIFIED-live,segment id=161 11:24->13:00 is_manual=False
SEGMENT,JIVO_OIL,2026-08-30T22:04:16+05:30,2026-07-27,6 Head,101,,FG0000038,MUSTARD KACCHI GHANI 2 LTR 10 PCS,2.0,10,run segment (start->stop),TEA BREAK,,141,164,1640,3280,720,698,97,tea time,closed,,,,,,,,VERIFIED-live,segment id=169 13:42->16:03 is_manual=False
SEGMENT,JIVO_OIL,2026-08-30T22:04:16+05:30,2026-07-27,6 Head,101,,FG0000038,MUSTARD KACCHI GHANI 2 LTR 10 PCS,2.0,10,run segment (start->stop),(no remark),,4,0,0,0,720,,,,closed,,,,,,,,VERIFIED-live,"segment id=176 16:25->16:29 is_manual=False  ZERO-CASE SEGMENT: line time recorded, output not keyed in"
SEGMENT,JIVO_OIL,2026-08-30T22:04:16+05:30,2026-07-27,6 Head,101,,FG0000038,MUSTARD KACCHI GHANI 2 LTR 10 PCS,2.0,10,run segment (start->stop),(no remark),,10,35,350,700,720,2100,292,,closed,,,,,,,,VERIFIED-live,segment id=181 16:41->16:51 is_manual=False
SEGMENT,JIVO_OIL,2026-08-30T22:04:16+05:30,2026-07-27,6 Head,101,,FG0000038,MUSTARD KACCHI GHANI 2 LTR 10 PCS,2.0,10,run segment (start->stop),END OF SHIFT / CLOSE,,120,567,5670,11340,720,2835,394,complete production,closed,,,,,,,,VERIFIED-live,segment id=183 16:55->18:56 is_manual=False
SEGMENT,JIVO_OIL,2026-08-30T22:04:16+05:30,2026-07-27,Clear Pack,99,,FG0000004,COLD PRESS 5 LTR 4 PCS,5.0,4,run segment (start->stop),TEA BREAK,,2,133,532,2660,3000,15960,532,tea time,closed,,,,,,,,VERIFIED-live,segment id=159 11:06->11:09 is_manual=False
SEGMENT,JIVO_OIL,2026-08-30T22:04:16+05:30,2026-07-27,Clear Pack,99,,FG0000004,COLD PRESS 5 LTR 4 PCS,5.0,4,run segment (start->stop),(no remark),,60,60,240,1200,3000,240,8,,closed,,,,,,,,VERIFIED-live,segment id=163 11:25->12:26 is_manual=False
SEGMENT,JIVO_OIL,2026-08-30T22:04:16+05:30,2026-07-27,Clear Pack,99,,FG0000004,COLD PRESS 5 LTR 4 PCS,5.0,4,run segment (start->stop),LUNCH BREAK,,34,100,400,2000,3000,706,24,lunch time,closed,,,,,,,,VERIFIED-live,segment id=168 12:26->13:01 is_manual=False
SEGMENT,JIVO_OIL,2026-08-30T22:04:16+05:30,2026-07-27,Clear Pack,99,,FG0000004,COLD PRESS 5 LTR 4 PCS,5.0,4,run segment (start->stop),(no remark),,27,60,240,1200,3000,533,18,,closed,,,,,,,,VERIFIED-live,segment id=171 13:42->14:09 is_manual=False
SEGMENT,JIVO_OIL,2026-08-30T22:04:16+05:30,2026-07-27,Clear Pack,99,,FG0000004,COLD PRESS 5 LTR 4 PCS,5.0,4,run segment (start->stop),TEA BREAK,,97,520,2080,10400,3000,1287,43,tea time,closed,,,,,,,,VERIFIED-live,segment id=174 14:25->16:03 is_manual=False
SEGMENT,JIVO_OIL,2026-08-30T22:04:16+05:30,2026-07-27,Clear Pack,99,,FG0000004,COLD PRESS 5 LTR 4 PCS,5.0,4,run segment (start->stop),(no remark),,16,60,240,1200,3000,900,30,,closed,,,,,,,,VERIFIED-live,segment id=178 16:25->16:42 is_manual=False
SEGMENT,JIVO_OIL,2026-08-30T22:04:16+05:30,2026-07-27,Clear Pack,99,,FG0000004,COLD PRESS 5 LTR 4 PCS,5.0,4,run segment (start->stop),END OF SHIFT / CLOSE,,132,1436,5744,28720,3000,2611,87,complete production,closed,,,,,,,,VERIFIED-live,segment id=182 16:44->18:57 is_manual=False
SEGMENT,JIVO_OIL,2026-08-30T22:04:16+05:30,2026-07-27,JP Machine,98,,FG0000379,MUSTARD KACHI GHANI 1 LTR 20 PCS ROUND BOTTLE,1.0,20,run segment (start->stop),TEA BREAK,,23,180,3600,3600,5400,9391,174,tea time,closed,,,,,,,,VERIFIED-live,segment id=157 10:44->11:08 is_manual=False
SEGMENT,JIVO_OIL,2026-08-30T22:04:16+05:30,2026-07-27,JP Machine,98,,FG0000379,MUSTARD KACHI GHANI 1 LTR 20 PCS ROUND BOTTLE,1.0,20,run segment (start->stop),(no remark),,59,180,3600,3600,5400,3661,68,,closed,,,,,,,,VERIFIED-live,segment id=164 11:25->12:24 is_manual=False
SEGMENT,JIVO_OIL,2026-08-30T22:04:16+05:30,2026-07-27,JP Machine,98,,FG0000379,MUSTARD KACHI GHANI 1 LTR 20 PCS ROUND BOTTLE,1.0,20,run segment (start->stop),LUNCH BREAK,,34,95,1900,1900,5400,3353,62,lunch time,closed,,,,,,,,VERIFIED-live,segment id=167 12:26->13:00 is_manual=False
SEGMENT,JIVO_OIL,2026-08-30T22:04:16+05:30,2026-07-27,JP Machine,98,,FG0000379,MUSTARD KACHI GHANI 1 LTR 20 PCS ROUND BOTTLE,1.0,20,run segment (start->stop),(no remark),,56,120,2400,2400,5400,2571,48,,closed,,,,,,,,VERIFIED-live,segment id=172 13:42->14:39 is_manual=False
SEGMENT,JIVO_OIL,2026-08-30T22:04:16+05:30,2026-07-27,JP Machine,98,,FG0000379,MUSTARD KACHI GHANI 1 LTR 20 PCS ROUND BOTTLE,1.0,20,run segment (start->stop),TEA BREAK,,70,200,4000,4000,5400,3429,63,tea time,closed,,,,,,,,VERIFIED-live,segment id=175 14:54->16:05 is_manual=False
SEGMENT,JIVO_OIL,2026-08-30T22:04:16+05:30,2026-07-27,JP Machine,98,,FG0000379,MUSTARD KACHI GHANI 1 LTR 20 PCS ROUND BOTTLE,1.0,20,run segment (start->stop),OTHER (free text),,1075,279,5580,5580,5400,311,6,Should have stopped yesterday,closed,,,,,,,,VERIFIED-live,segment id=179 16:26->10:21 is_manual=False
SEGMENT,JIVO_OIL,2026-08-30T22:04:16+05:30,2026-07-27,Pouch Machine,100,,FG0000359,SOYABEAN OIL 750 GMS 12 PCS POUCH,0.8241758241758241,12,run segment (start->stop),TEA BREAK,,1,200,2400,1978,,144000,,tea time,closed,,,,,,,,VERIFIED-live,segment id=160 11:07->11:08 is_manual=False
SEGMENT,JIVO_OIL,2026-08-30T22:04:16+05:30,2026-07-27,Pouch Machine,100,,FG0000359,SOYABEAN OIL 750 GMS 12 PCS POUCH,0.8241758241758241,12,run segment (start->stop),LUNCH BREAK,,99,480,5760,4747,,3491,,lunch time,closed,,,,,,,,VERIFIED-live,segment id=162 11:25->13:04 is_manual=False
SEGMENT,JIVO_OIL,2026-08-30T22:04:16+05:30,2026-07-27,Pouch Machine,100,,FG0000359,SOYABEAN OIL 750 GMS 12 PCS POUCH,0.8241758241758241,12,run segment (start->stop),TEA BREAK,,146,1000,12000,9890,,4932,,tea time,closed,,,,,,,,VERIFIED-live,segment id=170 13:42->16:08 is_manual=False
SEGMENT,JIVO_OIL,2026-08-30T22:04:16+05:30,2026-07-27,Pouch Machine,100,,FG0000359,SOYABEAN OIL 750 GMS 12 PCS POUCH,0.8241758241758241,12,run segment (start->stop),END OF SHIFT / CLOSE,,152,1380,16560,13648,,6537,,complete production,closed,,,,,,,,VERIFIED-live,segment id=177 16:25->18:58 is_manual=False
SEGMENT,JIVO_OIL,2026-08-30T22:04:16+05:30,2026-07-28,10 Head,103,,FG0000042,EXTRA VIRGIN OLIVE 1 LTR 16 PCS,1.0,16,run segment (start->stop),TEA BREAK,,76,172,2752,2752,2100,2173,103,tea time,closed,,,,,,,,VERIFIED-live,segment id=185 09:48->11:05 is_manual=False
SEGMENT,JIVO_OIL,2026-08-30T22:04:16+05:30,2026-07-28,10 Head,103,,FG0000042,EXTRA VIRGIN OLIVE 1 LTR 16 PCS,1.0,16,run segment (start->stop),LUNCH BREAK,,100,150,2400,2400,2100,1440,69,LUNCH TIME,closed,,,,,,,,VERIFIED-live,segment id=193 11:24->13:05 is_manual=False
SEGMENT,JIVO_OIL,2026-08-30T22:04:16+05:30,2026-07-28,10 Head,103,,FG0000042,EXTRA VIRGIN OLIVE 1 LTR 16 PCS,1.0,16,run segment (start->stop),TEA BREAK,,136,223,3568,3568,2100,1574,75,TEA TIME,closed,,,,,,,,VERIFIED-live,segment id=199 13:57->16:13 is_manual=False
SEGMENT,JIVO_OIL,2026-08-30T22:04:16+05:30,2026-07-28,10 Head,103,,FG0000042,EXTRA VIRGIN OLIVE 1 LTR 16 PCS,1.0,16,run segment (start->stop),(no remark),,140,108,1728,1728,2100,741,35,,closed,,,,,,,,VERIFIED-live,segment id=201 16:21->18:42 is_manual=False
SEGMENT,JIVO_OIL,2026-08-30T22:04:16+05:30,2026-07-28,6 Head,104,,FG0000008,POMACE OLIVE 5 LTR TIN 4 PCS,5.0,4,run segment (start->stop),TEA BREAK,,75,260,1040,5200,600,832,139,tea time,closed,,,,,,,,VERIFIED-live,segment id=184 09:48->11:03 is_manual=False
SEGMENT,JIVO_OIL,2026-08-30T22:04:16+05:30,2026-07-28,6 Head,104,,FG0000008,POMACE OLIVE 5 LTR TIN 4 PCS,5.0,4,run segment (start->stop),(no remark),,43,290,1160,5800,600,1619,270,,closed,,,,,,,,VERIFIED-live,segment id=192 11:24->12:08 is_manual=False
SEGMENT,JIVO_OIL,2026-08-30T22:04:16+05:30,2026-07-28,Clear Pack,106,,FG0000004,COLD PRESS 5 LTR 4 PCS,5.0,4,run segment (start->stop),TEA BREAK,,34,80,320,1600,3000,565,19,tea time,closed,,,,,,,,VERIFIED-live,segment id=187 10:27->11:01 is_manual=False
SEGMENT,JIVO_OIL,2026-08-30T22:04:16+05:30,2026-07-28,Clear Pack,106,,FG0000004,COLD PRESS 5 LTR 4 PCS,5.0,4,run segment (start->stop),(no remark),,17,60,240,1200,3000,847,28,,closed,,,,,,,,VERIFIED-live,segment id=190 11:24->11:41 is_manual=False
SEGMENT,JIVO_OIL,2026-08-30T22:04:16+05:30,2026-07-28,Clear Pack,106,,FG0000004,COLD PRESS 5 LTR 4 PCS,5.0,4,run segment (start->stop),LUNCH BREAK,,50,200,800,4000,3000,960,32,LUNCH TIME,closed,,,,,,,,VERIFIED-live,segment id=195 12:11->13:01 is_manual=False
SEGMENT,JIVO_OIL,2026-08-30T22:04:16+05:30,2026-07-28,Clear Pack,106,,FG0000004,COLD PRESS 5 LTR 4 PCS,5.0,4,run segment (start->stop),TEA BREAK,,131,440,1760,8800,3000,806,27,tea time,closed,,,,,,,,VERIFIED-live,segment id=197 13:56->16:08 is_manual=False
SEGMENT,JIVO_OIL,2026-08-30T22:04:16+05:30,2026-07-28,Clear Pack,106,,FG0000004,COLD PRESS 5 LTR 4 PCS,5.0,4,run segment (start->stop),(no remark),,36,80,320,1600,3000,533,18,,closed,,,,,,,,VERIFIED-live,segment id=203 16:21->16:57 is_manual=False
SEGMENT,JIVO_OIL,2026-08-30T22:04:16+05:30,2026-07-28,Clear Pack,106,,FG0000004,COLD PRESS 5 LTR 4 PCS,5.0,4,run segment (start->stop),(no remark),,43,200,800,4000,3000,1116,37,,closed,,,,,,,,VERIFIED-live,segment id=205 17:05->17:48 is_manual=False
SEGMENT,JIVO_OIL,2026-08-30T22:04:16+05:30,2026-07-28,Clear Pack,106,,FG0000004,COLD PRESS 5 LTR 4 PCS,5.0,4,run segment (start->stop),END OF SHIFT / CLOSE,,58,0,0,0,3000,,,colse,closed,,,,,,,,VERIFIED-live,"segment id=206 18:37->19:36 is_manual=False  ZERO-CASE SEGMENT: line time recorded, output not keyed in"
SEGMENT,JIVO_OIL,2026-08-30T22:04:16+05:30,2026-07-28,JP Machine,105,,FG0000389,JIVO GOLD 1 LTR 20 PCS ROUND BOTTLE,1.0,20,run segment (start->stop),TEA BREAK,,34,80,1600,1600,5400,2824,52,tea time,closed,,,,,,,,VERIFIED-live,segment id=188 10:27->11:02 is_manual=False
SEGMENT,JIVO_OIL,2026-08-30T22:04:16+05:30,2026-07-28,JP Machine,105,,FG0000389,JIVO GOLD 1 LTR 20 PCS ROUND BOTTLE,1.0,20,run segment (start->stop),(no remark),,27,40,800,800,5400,1778,33,,closed,,,,,,,,VERIFIED-live,segment id=191 11:24->11:52 is_manual=False
SEGMENT,JIVO_OIL,2026-08-30T22:04:16+05:30,2026-07-28,JP Machine,105,,FG0000389,JIVO GOLD 1 LTR 20 PCS ROUND BOTTLE,1.0,20,run segment (start->stop),LUNCH BREAK,,67,120,2400,2400,5400,2149,40,LUNCH TIME,closed,,,,,,,,VERIFIED-live,segment id=194 11:53->13:00 is_manual=False
SEGMENT,JIVO_OIL,2026-08-30T22:04:16+05:30,2026-07-28,JP Machine,105,,FG0000389,JIVO GOLD 1 LTR 20 PCS ROUND BOTTLE,1.0,20,run segment (start->stop),(no remark),,28,45,900,900,5400,1929,36,,closed,,,,,,,,VERIFIED-live,segment id=198 13:56->14:24 is_manual=False
SEGMENT,JIVO_OIL,2026-08-30T22:04:16+05:30,2026-07-28,JP Machine,105,,FG0000389,JIVO GOLD 1 LTR 20 PCS ROUND BOTTLE,1.0,20,run segment (start->stop),TEA BREAK,,92,280,5600,5600,5400,3652,68,tea time,closed,,,,,,,,VERIFIED-live,segment id=200 14:30->16:02 is_manual=False
SEGMENT,JIVO_OIL,2026-08-30T22:04:16+05:30,2026-07-28,JP Machine,105,,FG0000389,JIVO GOLD 1 LTR 20 PCS ROUND BOTTLE,1.0,20,run segment (start->stop),(no remark),,11,40,800,800,5400,4364,81,,closed,,,,,,,,VERIFIED-live,segment id=202 16:21->16:33 is_manual=False
SEGMENT,JIVO_OIL,2026-08-30T22:04:16+05:30,2026-07-28,JP Machine,105,,FG0000389,JIVO GOLD 1 LTR 20 PCS ROUND BOTTLE,1.0,20,run segment (start->stop),END OF SHIFT / CLOSE,,161,180,3600,3600,5400,1342,25,band,closed,,,,,,,,VERIFIED-live,segment id=204 16:38->19:20 is_manual=False
SEGMENT,JIVO_OIL,2026-08-30T22:04:16+05:30,2026-07-29,10 Head,109,,FG0000042,EXTRA VIRGIN OLIVE 1 LTR 16 PCS,1.0,16,run segment (start->stop),STICKER/LABEL,,0,20,320,320,2100,,,Speaker machine mein dikkat aane ko chalayenge,closed,,,,,,,,VERIFIED-live,segment id=207 09:40->09:41 is_manual=False
SEGMENT,JIVO_OIL,2026-08-30T22:04:16+05:30,2026-07-29,10 Head,109,,FG0000042,EXTRA VIRGIN OLIVE 1 LTR 16 PCS,1.0,16,run segment (start->stop),TEA BREAK,,61,225,3600,3600,2100,3541,169,TEA TIME,closed,,,,,,,,VERIFIED-live,segment id=209 10:04->11:06 is_manual=False
SEGMENT,JIVO_OIL,2026-08-30T22:04:16+05:30,2026-07-29,10 Head,109,,FG0000042,EXTRA VIRGIN OLIVE 1 LTR 16 PCS,1.0,16,run segment (start->stop),LUNCH BREAK,,101,225,3600,3600,2100,2139,102,lunch time,closed,,,,,,,,VERIFIED-live,segment id=211 11:19->13:00 is_manual=False
SEGMENT,JIVO_OIL,2026-08-30T22:04:16+05:30,2026-07-29,10 Head,109,,FG0000042,EXTRA VIRGIN OLIVE 1 LTR 16 PCS,1.0,16,run segment (start->stop),(no remark),,22,105,1680,1680,2100,4582,218,,closed,,,,,,,,VERIFIED-live,segment id=215 14:12->14:35 is_manual=False
SEGMENT,JIVO_OIL,2026-08-30T22:04:16+05:30,2026-07-29,10 Head,109,,FG0000042,EXTRA VIRGIN OLIVE 1 LTR 16 PCS,1.0,16,run segment (start->stop),TEA BREAK,,9,35,560,560,2100,3733,178,tea time,closed,,,,,,,,VERIFIED-live,segment id=219 16:05->16:15 is_manual=False
SEGMENT,JIVO_OIL,2026-08-30T22:04:16+05:30,2026-07-29,10 Head,109,,FG0000042,EXTRA VIRGIN OLIVE 1 LTR 16 PCS,1.0,16,run segment (start->stop),END OF SHIFT / CLOSE,,41,0,0,0,2100,,,close,closed,,,,,,,,VERIFIED-live,"segment id=223 16:24->17:05 is_manual=False  ZERO-CASE SEGMENT: line time recorded, output not keyed in"
SEGMENT,JIVO_OIL,2026-08-30T22:04:16+05:30,2026-07-29,10 Head,114,,FG0000446,EXTRA VIRGIN OLIVE 3 LTR TIN 3 PCS,3.0,3,run segment (start->stop),END OF SHIFT / CLOSE,,79,0,0,0,,,,close,closed,,,,,,,,VERIFIED-live,"segment id=225 17:45->19:04 is_manual=False  ZERO-CASE SEGMENT: line time recorded, output not keyed in"
SEGMENT,JIVO_OIL,2026-08-30T22:04:16+05:30,2026-07-29,6 Head,110,,FG0000306,YELLOW MUSTARD OIL 1 LTR 20 PCS,1.0,20,run segment (start->stop),TEA BREAK,,83,57,1140,1140,1080,824,76,TEA TIME,closed,,,,,,,,VERIFIED-live,segment id=208 09:42->11:05 is_manual=False
SEGMENT,JIVO_OIL,2026-08-30T22:04:16+05:30,2026-07-29,6 Head,110,,FG0000306,YELLOW MUSTARD OIL 1 LTR 20 PCS,1.0,20,run segment (start->stop),LUNCH BREAK,,106,108,2160,2160,1080,1223,113,lunch time,closed,,,,,,,,VERIFIED-live,segment id=210 11:18->13:04 is_manual=False
SEGMENT,JIVO_OIL,2026-08-30T22:04:16+05:30,2026-07-29,6 Head,110,,FG0000306,YELLOW MUSTARD OIL 1 LTR 20 PCS,1.0,20,run segment (start->stop),TEA BREAK,,107,35,700,700,1080,393,36,tea time,closed,,,,,,,,VERIFIED-live,segment id=216 14:18->16:05 is_manual=False
SEGMENT,JIVO_OIL,2026-08-30T22:04:16+05:30,2026-07-29,6 Head,110,,FG0000306,YELLOW MUSTARD OIL 1 LTR 20 PCS,1.0,20,run segment (start->stop),END OF SHIFT / CLOSE,,34,0,0,0,1080,,,close,closed,,,,,,,,VERIFIED-live,"segment id=220 16:24->16:58 is_manual=False  ZERO-CASE SEGMENT: line time recorded, output not keyed in"
SEGMENT,JIVO_OIL,2026-08-30T22:04:16+05:30,2026-07-29,6 Head,110,,FG0000306,YELLOW MUSTARD OIL 1 LTR 20 PCS,1.0,20,run segment (start->stop),END OF SHIFT / CLOSE,,130,0,0,0,1080,,,colse,closed,,,,,,,,VERIFIED-live,"segment id=224 17:05->19:15 is_manual=False  ZERO-CASE SEGMENT: line time recorded, output not keyed in"
SEGMENT,JIVO_OIL,2026-08-30T22:04:16+05:30,2026-07-29,Clear Pack,113,,FB0000016,COLD PRESS 5 LTR 4 PCS,5.0,4,run segment (start->stop),TEA BREAK,,26,6,24,120,3000,55,2,tea time,closed,,,,,,,,VERIFIED-live,segment id=218 15:36->16:03 is_manual=False
SEGMENT,JIVO_OIL,2026-08-30T22:04:16+05:30,2026-07-29,Clear Pack,113,,FB0000016,COLD PRESS 5 LTR 4 PCS,5.0,4,run segment (start->stop),(no remark),,101,360,1440,7200,3000,855,29,,closed,,,,,,,,VERIFIED-live,segment id=222 16:24->18:06 is_manual=False
SEGMENT,JIVO_OIL,2026-08-30T22:04:16+05:30,2026-07-29,Clear Pack,113,,FB0000016,COLD PRESS 5 LTR 4 PCS,5.0,4,run segment (start->stop),END OF SHIFT / CLOSE,,47,0,0,0,3000,,,close,closed,,,,,,,,VERIFIED-live,"segment id=226 18:19->19:07 is_manual=False  ZERO-CASE SEGMENT: line time recorded, output not keyed in"
SEGMENT,JIVO_OIL,2026-08-30T22:04:16+05:30,2026-07-29,JP Machine,111,,FG0000136,SANO MUSTARD OIL 1 LTR 20 PCS,1.0,20,run segment (start->stop),LUNCH BREAK,,98,270,5400,5400,5400,3306,61,Lunch time,closed,,,,,,,,VERIFIED-live,segment id=212 11:20->12:59 is_manual=False
SEGMENT,JIVO_OIL,2026-08-30T22:04:16+05:30,2026-07-29,JP Machine,111,,FG0000136,SANO MUSTARD OIL 1 LTR 20 PCS,1.0,20,run segment (start->stop),(no remark),,24,80,1600,1600,5400,4000,74,,closed,,,,,,,,VERIFIED-live,segment id=213 13:41->14:06 is_manual=False
SEGMENT,JIVO_OIL,2026-08-30T22:04:16+05:30,2026-07-29,JP Machine,111,,FG0000136,SANO MUSTARD OIL 1 LTR 20 PCS,1.0,20,run segment (start->stop),TEA BREAK,,116,270,5400,5400,5400,2793,52,tea time,closed,,,,,,,,VERIFIED-live,segment id=214 14:07->16:03 is_manual=False
SEGMENT,JIVO_OIL,2026-08-30T22:04:16+05:30,2026-07-29,JP Machine,111,,FG0000136,SANO MUSTARD OIL 1 LTR 20 PCS,1.0,20,run segment (start->stop),(no remark),,114,270,5400,5400,5400,2842,53,,closed,,,,,,,,VERIFIED-live,segment id=221 16:24->18:18 is_manual=False
SEGMENT,JIVO_OIL,2026-08-30T22:04:16+05:30,2026-07-30,10 Head,117,,FG0000142,COLD PRESS GROUNDNUT OIL 1 LTR 16 PCS,1.0,16,run segment (start->stop),TEA BREAK,,176,225,3600,3600,2100,1227,58,TEA TIME,closed,,,,,,,,VERIFIED-live,segment id=229 08:09->11:05 is_manual=False
SEGMENT,JIVO_OIL,2026-08-30T22:04:16+05:30,2026-07-30,10 Head,117,,FG0000142,COLD PRESS GROUNDNUT OIL 1 LTR 16 PCS,1.0,16,run segment (start->stop),LUNCH BREAK,,102,225,3600,3600,2100,2118,101,lunch time,closed,,,,,,,,VERIFIED-live,segment id=232 11:22->13:05 is_manual=False
SEGMENT,JIVO_OIL,2026-08-30T22:04:16+05:30,2026-07-30,10 Head,117,,FG0000142,COLD PRESS GROUNDNUT OIL 1 LTR 16 PCS,1.0,16,run segment (start->stop),TEA BREAK,,131,270,4320,4320,2100,1979,94,tea time,closed,,,,,,,,VERIFIED-live,segment id=238 13:58->16:09 is_manual=False
SEGMENT,JIVO_OIL,2026-08-30T22:04:16+05:30,2026-07-30,10 Head,117,,FG0000142,COLD PRESS GROUNDNUT OIL 1 LTR 16 PCS,1.0,16,run segment (start->stop),END OF SHIFT / CLOSE,,234,0,0,0,2100,,,colse,closed,,,,,,,,VERIFIED-live,"segment id=243 16:34->20:29 is_manual=False  ZERO-CASE SEGMENT: line time recorded, output not keyed in"
SEGMENT,JIVO_OIL,2026-08-30T22:04:16+05:30,2026-07-30,6 Head,118,,FG0000374,YELLOW MUSTARD OIL 5 LTR TIN 4 PCS,5.0,4,run segment (start->stop),END OF SHIFT / CLOSE,,163,0,0,0,600,,,close,closed,,,,,,,,VERIFIED-live,"segment id=228 08:09->10:52 is_manual=False  ZERO-CASE SEGMENT: line time recorded, output not keyed in"
SEGMENT,JIVO_OIL,2026-08-30T22:04:16+05:30,2026-07-30,6 Head,119,,FG0000306,YELLOW MUSTARD OIL 1 LTR 20 PCS,1.0,20,run segment (start->stop),TEA BREAK,,94,58,1160,1160,1080,740,69,TEA TIME,closed,,,,,,,,VERIFIED-live,segment id=230 09:31->11:06 is_manual=False
SEGMENT,JIVO_OIL,2026-08-30T22:04:16+05:30,2026-07-30,6 Head,119,,FG0000306,YELLOW MUSTARD OIL 1 LTR 20 PCS,1.0,20,run segment (start->stop),LUNCH BREAK,,52,87,1740,1740,1080,2008,186,lunch time,closed,,,,,,,,VERIFIED-live,segment id=234 12:10->13:02 is_manual=False
SEGMENT,JIVO_OIL,2026-08-30T22:04:16+05:30,2026-07-30,6 Head,119,,FG0000306,YELLOW MUSTARD OIL 1 LTR 20 PCS,1.0,20,run segment (start->stop),(no remark),,3,0,0,0,1080,,,,closed,,,,,,,,VERIFIED-live,"segment id=235 13:38->13:42 is_manual=False  ZERO-CASE SEGMENT: line time recorded, output not keyed in"
SEGMENT,JIVO_OIL,2026-08-30T22:04:16+05:30,2026-07-30,6 Head,119,,FG0000306,YELLOW MUSTARD OIL 1 LTR 20 PCS,1.0,20,run segment (start->stop),TEA BREAK,,132,108,2160,2160,1080,982,91,tea time,closed,,,,,,,,VERIFIED-live,segment id=237 13:55->16:08 is_manual=False
SEGMENT,JIVO_OIL,2026-08-30T22:04:16+05:30,2026-07-30,6 Head,119,,FG0000306,YELLOW MUSTARD OIL 1 LTR 20 PCS,1.0,20,run segment (start->stop),END OF SHIFT / CLOSE,,156,270,5400,5400,1080,2077,192,close,closed,,,,,,,,VERIFIED-live,segment id=242 16:34->19:11 is_manual=False
SEGMENT,JIVO_OIL,2026-08-30T22:04:16+05:30,2026-07-30,Clear Pack,115,,FG0000004,COLD PRESS 5 LTR 4 PCS,5.0,4,run segment (start->stop),(no remark),,117,120,480,2400,3000,246,8,,closed,,,,,,,,VERIFIED-live,segment id=227 08:02->09:59 is_manual=False
SEGMENT,JIVO_OIL,2026-08-30T22:04:16+05:30,2026-07-30,Clear Pack,122,,FG0000032,COLD PRESS 1 LTR 20 PCS,1.0,20,run segment (start->stop),TEA BREAK,,32,40,800,800,4800,1500,31,tea time,closed,,,,,,,,VERIFIED-live,segment id=240 15:36->16:08 is_manual=False
SEGMENT,JIVO_OIL,2026-08-30T22:04:16+05:30,2026-07-30,Clear Pack,122,,FG0000032,COLD PRESS 1 LTR 20 PCS,1.0,20,run segment (start->stop),END OF SHIFT / CLOSE,,144,200,4000,4000,4800,1667,35,close,closed,,,,,,,,VERIFIED-live,segment id=241 16:34->18:58 is_manual=False
SEGMENT,JIVO_OIL,2026-08-30T22:04:16+05:30,2026-07-30,JP Machine,116,,FG0000142,COLD PRESS GROUNDNUT OIL 1 LTR 16 PCS,1.0,16,run segment (start->stop),LUNCH BREAK,,97,80,1280,1280,5400,792,15,lunch time,closed,,,,,,,,VERIFIED-live,segment id=233 11:26->13:03 is_manual=False
SEGMENT,JIVO_OIL,2026-08-30T22:04:16+05:30,2026-07-30,JP Machine,116,,FG0000142,COLD PRESS GROUNDNUT OIL 1 LTR 16 PCS,1.0,16,run segment (start->stop),TEA BREAK,,151,225,3600,3600,5400,1430,26,tea time,closed,,,,,,,,VERIFIED-live,segment id=236 13:38->16:09 is_manual=False
SEGMENT,JIVO_OIL,2026-08-30T22:04:16+05:30,2026-07-30,JP Machine,116,,FG0000142,COLD PRESS GROUNDNUT OIL 1 LTR 16 PCS,1.0,16,run segment (start->stop),(no remark),,51,75,1200,1200,5400,1412,26,,closed,,,,,,,,VERIFIED-live,segment id=244 16:35->17:26 is_manual=False
SEGMENT,JIVO_OIL,2026-08-30T22:04:16+05:30,2026-07-30,JP Machine,116,,FG0000142,COLD PRESS GROUNDNUT OIL 1 LTR 16 PCS,1.0,16,run segment (start->stop),END OF SHIFT / CLOSE,,73,60,960,960,5400,789,15,close,closed,,,,,,,,VERIFIED-live,segment id=245 17:44->18:57 is_manual=False
SEGMENT,JIVO_OIL,2026-08-30T22:04:16+05:30,2026-07-31,10 Head,125,,FG0000028,POMACE OLIVE 1 LTR 16 PCS,1.0,16,run segment (start->stop),TEA BREAK,,173,225,3600,3600,2100,1249,59,tea time,closed,,,,,,,,VERIFIED-live,segment id=248 08:09->11:03 is_manual=False
SEGMENT,JIVO_OIL,2026-08-30T22:04:16+05:30,2026-07-31,10 Head,125,,FG0000028,POMACE OLIVE 1 LTR 16 PCS,1.0,16,run segment (start->stop),LUNCH BREAK,,93,135,2160,2160,2100,1394,66,lunch time,closed,,,,,,,,VERIFIED-live,segment id=255 11:32->13:06 is_manual=False
SEGMENT,JIVO_OIL,2026-08-30T22:04:16+05:30,2026-07-31,10 Head,125,,FG0000028,POMACE OLIVE 1 LTR 16 PCS,1.0,16,run segment (start->stop),TEA BREAK,,149,225,3600,3600,2100,1450,69,tea time,closed,,,,,,,,VERIFIED-live,segment id=259 13:37->16:07 is_manual=False
SEGMENT,JIVO_OIL,2026-08-30T22:04:16+05:30,2026-07-31,10 Head,125,,FG0000028,POMACE OLIVE 1 LTR 16 PCS,1.0,16,run segment (start->stop),END OF SHIFT / CLOSE,,196,0,0,0,2100,,,close,closed,,,,,,,,VERIFIED-live,"segment id=267 17:09->20:25 is_manual=False  ZERO-CASE SEGMENT: line time recorded, output not keyed in"
SEGMENT,JIVO_OIL,2026-08-30T22:04:16+05:30,2026-07-31,6 Head,126,,FG0000043,COLD PRESS 3 LTR 6 PCS,3.0,6,run segment (start->stop),TEA BREAK,,86,120,720,2160,,502,,tea time,closed,,,,,,,,VERIFIED-live,segment id=249 09:37->11:04 is_manual=False
SEGMENT,JIVO_OIL,2026-08-30T22:04:16+05:30,2026-07-31,6 Head,126,,FG0000043,COLD PRESS 3 LTR 6 PCS,3.0,6,run segment (start->stop),LUNCH BREAK,,91,160,960,2880,,633,,lunch time,closed,,,,,,,,VERIFIED-live,segment id=256 11:32->13:04 is_manual=False
SEGMENT,JIVO_OIL,2026-08-30T22:04:16+05:30,2026-07-31,6 Head,126,,FG0000043,COLD PRESS 3 LTR 6 PCS,3.0,6,run segment (start->stop),TEA BREAK,,39,560,3360,10080,,5169,,tea time,closed,,,,,,,,VERIFIED-live,segment id=263 15:23->16:02 is_manual=False
SEGMENT,JIVO_OIL,2026-08-30T22:04:16+05:30,2026-07-31,6 Head,126,,FG0000043,COLD PRESS 3 LTR 6 PCS,3.0,6,run segment (start->stop),(no remark),,14,50,300,900,,1286,,,closed,,,,,,,,VERIFIED-live,segment id=266 17:09->17:24 is_manual=False
SEGMENT,JIVO_OIL,2026-08-30T22:04:16+05:30,2026-07-31,6 Head,126,,FG0000043,COLD PRESS 3 LTR 6 PCS,3.0,6,run segment (start->stop),END OF SHIFT / CLOSE,,0,50,300,900,,,,close,closed,,,,,,,,VERIFIED-live,segment id=270 17:37->17:37 is_manual=False
SEGMENT,JIVO_OIL,2026-08-30T22:04:16+05:30,2026-07-31,Clear Pack,123,,FG0000032,COLD PRESS 1 LTR 20 PCS,1.0,20,run segment (start->stop),(no remark),,129,200,4000,4000,4800,1860,39,,closed,,,,,,,,VERIFIED-live,segment id=246 07:32->09:42 is_manual=False
SEGMENT,JIVO_OIL,2026-08-30T22:04:16+05:30,2026-07-31,Clear Pack,123,,FG0000032,COLD PRESS 1 LTR 20 PCS,1.0,20,run segment (start->stop),TEA BREAK,,65,500,10000,10000,4800,9231,192,tea time,closed,,,,,,,,VERIFIED-live,segment id=250 09:56->11:02 is_manual=False
SEGMENT,JIVO_OIL,2026-08-30T22:04:16+05:30,2026-07-31,Clear Pack,123,,FG0000032,COLD PRESS 1 LTR 20 PCS,1.0,20,run segment (start->stop),(no remark),,23,80,1600,1600,4800,4174,87,,closed,,,,,,,,VERIFIED-live,segment id=253 11:32->11:55 is_manual=False
SEGMENT,JIVO_OIL,2026-08-30T22:04:16+05:30,2026-07-31,Clear Pack,123,,FG0000032,COLD PRESS 1 LTR 20 PCS,1.0,20,run segment (start->stop),LUNCH BREAK,,55,200,4000,4000,4800,4364,91,lunch time,closed,,,,,,,,VERIFIED-live,segment id=257 12:08->13:03 is_manual=False
SEGMENT,JIVO_OIL,2026-08-30T22:04:16+05:30,2026-07-31,Clear Pack,123,,FG0000032,COLD PRESS 1 LTR 20 PCS,1.0,20,run segment (start->stop),(no remark),,7,5,100,100,4800,857,18,,closed,,,,,,,,VERIFIED-live,segment id=258 13:37->13:45 is_manual=False
SEGMENT,JIVO_OIL,2026-08-30T22:04:16+05:30,2026-07-31,Clear Pack,123,,FG0000032,COLD PRESS 1 LTR 20 PCS,1.0,20,run segment (start->stop),(no remark),,135,40,800,800,4800,356,7,,closed,,,,,,,,VERIFIED-live,segment id=261 13:52->16:08 is_manual=False
SEGMENT,JIVO_OIL,2026-08-30T22:04:16+05:30,2026-07-31,Clear Pack,123,,FG0000032,COLD PRESS 1 LTR 20 PCS,1.0,20,run segment (start->stop),(no remark),,25,120,2400,2400,4800,5760,120,,closed,,,,,,,,VERIFIED-live,segment id=268 17:10->17:35 is_manual=False
SEGMENT,JIVO_OIL,2026-08-30T22:04:16+05:30,2026-07-31,Clear Pack,123,,FG0000032,COLD PRESS 1 LTR 20 PCS,1.0,20,run segment (start->stop),END OF SHIFT / CLOSE,,89,100,2000,2000,4800,1348,28,close,closed,,,,,,,,VERIFIED-live,segment id=269 17:37->19:06 is_manual=False
SEGMENT,JIVO_OIL,2026-08-30T22:04:16+05:30,2026-07-31,JP Machine,124,,FG0000142,COLD PRESS GROUNDNUT OIL 1 LTR 16 PCS,1.0,16,run segment (start->stop),(no remark),,118,205,3280,3280,5400,1668,31,,closed,,,,,,,,VERIFIED-live,segment id=247 07:44->09:43 is_manual=False
SEGMENT,JIVO_OIL,2026-08-30T22:04:16+05:30,2026-07-31,JP Machine,124,,FG0000142,COLD PRESS GROUNDNUT OIL 1 LTR 16 PCS,1.0,16,run segment (start->stop),TEA BREAK,,63,127,2032,2032,5400,1935,36,tea time,closed,,,,,,,,VERIFIED-live,segment id=251 10:00->11:04 is_manual=False
SEGMENT,JIVO_OIL,2026-08-30T22:04:16+05:30,2026-07-31,JP Machine,124,,FG0000142,COLD PRESS GROUNDNUT OIL 1 LTR 16 PCS,1.0,16,run segment (start->stop),LUNCH BREAK,,91,225,3600,3600,5400,2374,44,lunch time,closed,,,,,,,,VERIFIED-live,segment id=254 11:32->13:04 is_manual=False
SEGMENT,JIVO_OIL,2026-08-30T22:04:16+05:30,2026-07-31,JP Machine,124,,FG0000142,COLD PRESS GROUNDNUT OIL 1 LTR 16 PCS,1.0,16,run segment (start->stop),(no remark),,26,60,960,960,5400,2215,41,,closed,,,,,,,,VERIFIED-live,segment id=260 13:47->14:14 is_manual=False
SEGMENT,JIVO_OIL,2026-08-30T22:04:16+05:30,2026-07-31,JP Machine,124,,FG0000142,COLD PRESS GROUNDNUT OIL 1 LTR 16 PCS,1.0,16,run segment (start->stop),(no remark),,2,40,640,640,5400,19200,356,,closed,,,,,,,,VERIFIED-live,segment id=262 15:20->15:22 is_manual=False
SEGMENT,JIVO_OIL,2026-08-30T22:04:16+05:30,2026-07-31,JP Machine,124,,FG0000142,COLD PRESS GROUNDNUT OIL 1 LTR 16 PCS,1.0,16,run segment (start->stop),TEA BREAK,,0,355,5680,5680,5400,,,tea time,closed,,,,,,,,VERIFIED-live,segment id=264 16:00->16:01 is_manual=False
SEGMENT,JIVO_OIL,2026-08-30T22:04:16+05:30,2026-07-31,JP Machine,124,,FG0000142,COLD PRESS GROUNDNUT OIL 1 LTR 16 PCS,1.0,16,run segment (start->stop),END OF SHIFT / CLOSE,,149,390,6240,6240,5400,2513,47,colse,closed,,,,,,,,VERIFIED-live,segment id=265 16:38->19:07 is_manual=False
SEGMENT,JIVO_OIL,2026-08-30T22:04:16+05:30,2026-08-01,10 Head,129,,FG0000150,SANO POMACE OLIVE 1 LTR 16 PCS,1.0,16,run segment (start->stop),LUNCH BREAK,,315,585,9360,9360,2100,1783,85,lunch,closed,,,,,,,,VERIFIED-live,segment id=271 08:19->13:35 is_manual=False
SEGMENT,JIVO_OIL,2026-08-30T22:04:16+05:30,2026-08-01,10 Head,129,,FG0000150,SANO POMACE OLIVE 1 LTR 16 PCS,1.0,16,run segment (start->stop),END OF SHIFT / CLOSE,,2640,0,0,0,2100,,,close,closed,,,,,,,,VERIFIED-live,"segment id=279 14:21->10:22 is_manual=False  ZERO-CASE SEGMENT: line time recorded, output not keyed in"
SEGMENT,JIVO_OIL,2026-08-30T22:04:16+05:30,2026-08-01,6 Head,130,,FG0000043,COLD PRESS 3 LTR 6 PCS,3.0,6,run segment (start->stop),(no remark),,46,20,120,360,,157,,,closed,,,,,,,,VERIFIED-live,segment id=273 08:21->09:07 is_manual=False
SEGMENT,JIVO_OIL,2026-08-30T22:04:16+05:30,2026-08-01,6 Head,130,,FG0000043,COLD PRESS 3 LTR 6 PCS,3.0,6,run segment (start->stop),(no remark),,219,8,48,144,,13,,,closed,,,,,,,,VERIFIED-live,segment id=274 09:53->13:32 is_manual=False
SEGMENT,JIVO_OIL,2026-08-30T22:04:16+05:30,2026-08-01,6 Head,131,,FG0000020,REFINED OIL 5 LTR,5.0,1,run segment (start->stop),LUNCH BREAK,,122,240,240,1200,600,118,20,lunch time,closed,,,,,,,,VERIFIED-live,segment id=275 11:30->13:32 is_manual=False
SEGMENT,JIVO_OIL,2026-08-30T22:04:16+05:30,2026-08-01,6 Head,130,,FG0000043,COLD PRESS 3 LTR 6 PCS,3.0,6,run segment (start->stop),END OF SHIFT / CLOSE,,0,0,0,0,,,,close,closed,,,,,,,,VERIFIED-live,segment id=276 13:34->13:35 is_manual=False
SEGMENT,JIVO_OIL,2026-08-30T22:04:16+05:30,2026-08-01,6 Head,131,,FG0000020,REFINED OIL 5 LTR,5.0,1,run segment (start->stop),TEA BREAK,,101,83,83,415,600,49,8,tea time,closed,,,,,,,,VERIFIED-live,segment id=278 14:20->16:02 is_manual=False
SEGMENT,JIVO_OIL,2026-08-30T22:04:16+05:30,2026-08-01,6 Head,132,,FG0000016,REFINED OIL 2 LTR,2.0,1,run segment (start->stop),END OF SHIFT / CLOSE,,2603,0,0,0,720,,,colse,closed,,,,,,,,VERIFIED-live,"segment id=280 15:02->10:26 is_manual=False  ZERO-CASE SEGMENT: line time recorded, output not keyed in"
SEGMENT,JIVO_OIL,2026-08-30T22:04:16+05:30,2026-08-01,6 Head,131,,FG0000020,REFINED OIL 5 LTR,5.0,1,run segment (start->stop),END OF SHIFT / CLOSE,,54,0,0,0,600,,,close,closed,,,,,,,,VERIFIED-live,"segment id=281 16:22->17:17 is_manual=False  ZERO-CASE SEGMENT: line time recorded, output not keyed in"
SEGMENT,JIVO_OIL,2026-08-30T22:04:16+05:30,2026-08-01,Clear Pack,133,,FG0000013,REFINED OIL 1000 MLS,1.0,1,run segment (start->stop),END OF SHIFT / CLOSE,,2447,0,0,0,4800,,,colse,closed,,,,,,,,VERIFIED-live,"segment id=283 17:36->10:23 is_manual=False  ZERO-CASE SEGMENT: line time recorded, output not keyed in"
SEGMENT,JIVO_OIL,2026-08-30T22:04:16+05:30,2026-08-01,Clear Pack,134,,FG0000032,COLD PRESS 1 LTR 20 PCS,1.0,20,run segment (start->stop),END OF SHIFT / CLOSE,,1,0,0,0,4800,,,colse,closed,,,,,,,,VERIFIED-live,"segment id=300 15:40->15:41 is_manual=False  ZERO-CASE SEGMENT: line time recorded, output not keyed in"
SEGMENT,JIVO_OIL,2026-08-30T22:04:16+05:30,2026-08-01,JP Machine,128,,FG0000142,COLD PRESS GROUNDNUT OIL 1 LTR 16 PCS,1.0,16,run segment (start->stop),(no remark),,293,360,5760,5760,5400,1180,22,,closed,,,,,,,,VERIFIED-live,segment id=272 08:20->13:14 is_manual=False
SEGMENT,JIVO_OIL,2026-08-30T22:04:16+05:30,2026-08-01,JP Machine,128,,FG0000142,COLD PRESS GROUNDNUT OIL 1 LTR 16 PCS,1.0,16,run segment (start->stop),TEA BREAK,,105,360,5760,5760,5400,3291,61,tea time,closed,,,,,,,,VERIFIED-live,segment id=277 14:16->16:01 is_manual=False
SEGMENT,JIVO_OIL,2026-08-30T22:04:16+05:30,2026-08-01,JP Machine,128,,FG0000142,COLD PRESS GROUNDNUT OIL 1 LTR 16 PCS,1.0,16,run segment (start->stop),END OF SHIFT / CLOSE,,164,405,6480,6480,5400,2371,44,colse,closed,,,,,,,,VERIFIED-live,segment id=282 16:23->19:07 is_manual=False
SEGMENT,JIVO_OIL,2026-08-30T22:04:16+05:30,2026-08-03,10 Head,136,,FG0000227,RICE BRAN OIL 1 LTR 16 PCS,1.0,16,run segment (start->stop),END OF SHIFT / CLOSE,,399,0,0,0,2100,,,colse,closed,,,,,,,,VERIFIED-live,"segment id=284 08:44->15:24 is_manual=False  ZERO-CASE SEGMENT: line time recorded, output not keyed in"
SEGMENT,JIVO_OIL,2026-08-30T22:04:16+05:30,2026-08-03,10 Head,140,,FG0000142,COLD PRESS GROUNDNUT OIL 1 LTR 16 PCS,1.0,16,run segment (start->stop),LUNCH BREAK,,61,225,3600,3600,2100,3541,169,lunch time,closed,,,,,,,,VERIFIED-live,segment id=292 12:34->13:36 is_manual=False
SEGMENT,JIVO_OIL,2026-08-30T22:04:16+05:30,2026-08-03,10 Head,140,,FG0000142,COLD PRESS GROUNDNUT OIL 1 LTR 16 PCS,1.0,16,run segment (start->stop),END OF SHIFT / CLOSE,,140,10,160,160,2100,69,3,closed,closed,,,,,,,,VERIFIED-live,segment id=296 13:53->16:14 is_manual=False
SEGMENT,JIVO_OIL,2026-08-30T22:04:16+05:30,2026-08-03,6 Head,137,,FG0000399,JIVO KACHI GHANI COLD PRESSED MUSTARD OIL 5 LTR 4 PCS ( CSD ),5.0,1,run segment (start->stop),TEA BREAK,,122,320,320,1600,600,157,26,tea time,closed,,,,,,,,VERIFIED-live,segment id=286 09:16->11:19 is_manual=False
SEGMENT,JIVO_OIL,2026-08-30T22:04:16+05:30,2026-08-03,6 Head,137,,FG0000399,JIVO KACHI GHANI COLD PRESSED MUSTARD OIL 5 LTR 4 PCS ( CSD ),5.0,1,run segment (start->stop),(no remark),,17,0,0,0,600,,,,closed,,,,,,,,VERIFIED-live,"segment id=290 11:28->11:45 is_manual=False  ZERO-CASE SEGMENT: line time recorded, output not keyed in"
SEGMENT,JIVO_OIL,2026-08-30T22:04:16+05:30,2026-08-03,6 Head,141,,FG0000011,MUSTARD KACCHI GHANI 5 LTR 4 PCS,5.0,4,run segment (start->stop),LUNCH BREAK,,39,160,640,3200,600,985,164,lunch time,closed,,,,,,,,VERIFIED-live,segment id=293 12:49->13:28 is_manual=False
SEGMENT,JIVO_OIL,2026-08-30T22:04:16+05:30,2026-08-03,6 Head,141,,FG0000011,MUSTARD KACCHI GHANI 5 LTR 4 PCS,5.0,4,run segment (start->stop),TEA BREAK,,44,375,1500,7500,600,2045,341,tea time,closed,,,,,,,,VERIFIED-live,segment id=297 15:23->16:07 is_manual=False
SEGMENT,JIVO_OIL,2026-08-30T22:04:16+05:30,2026-08-03,6 Head,143,,FG0000142,COLD PRESS GROUNDNUT OIL 1 LTR 16 PCS,1.0,16,run segment (start->stop),TEA BREAK,,28,270,4320,4320,1080,9257,857,tea time,closed,,,,,,,,VERIFIED-live,segment id=298 15:39->16:08 is_manual=False
SEGMENT,JIVO_OIL,2026-08-30T22:04:16+05:30,2026-08-03,6 Head,143,,FG0000142,COLD PRESS GROUNDNUT OIL 1 LTR 16 PCS,1.0,16,run segment (start->stop),END OF SHIFT / CLOSE,,173,0,0,0,1080,,,colse,closed,,,,,,,,VERIFIED-live,"segment id=304 16:39->19:32 is_manual=False  ZERO-CASE SEGMENT: line time recorded, output not keyed in"
SEGMENT,JIVO_OIL,2026-08-30T22:04:16+05:30,2026-08-03,Clear Pack,135,,FG0000032,COLD PRESS 1 LTR 20 PCS,1.0,20,run segment (start->stop),TEA BREAK,,154,480,9600,9600,4800,3740,78,tea time,closed,,,,,,,,VERIFIED-live,segment id=285 08:44->11:19 is_manual=False
SEGMENT,JIVO_OIL,2026-08-30T22:04:16+05:30,2026-08-03,Clear Pack,135,,FG0000032,COLD PRESS 1 LTR 20 PCS,1.0,20,run segment (start->stop),LUNCH BREAK,,114,240,4800,4800,4800,2526,53,lunch time,closed,,,,,,,,VERIFIED-live,segment id=291 11:28->13:22 is_manual=False
SEGMENT,JIVO_OIL,2026-08-30T22:04:16+05:30,2026-08-03,Clear Pack,135,,FG0000032,COLD PRESS 1 LTR 20 PCS,1.0,20,run segment (start->stop),END OF SHIFT / CLOSE,,56,40,800,800,4800,857,18,close,closed,,,,,,,,VERIFIED-live,segment id=295 13:53->14:49 is_manual=False
SEGMENT,JIVO_OIL,2026-08-30T22:04:16+05:30,2026-08-03,Clear Pack,142,,FG0000081,COLD PRESS SUNFLOWER 1 LTR 20 PCS,1.0,20,run segment (start->stop),(no remark),,11,100,2000,2000,4800,10909,227,,closed,,,,,,,,VERIFIED-live,segment id=299 15:39->15:51 is_manual=False
SEGMENT,JIVO_OIL,2026-08-30T22:04:16+05:30,2026-08-03,Clear Pack,144,,FG0000091,COLD PRESS SUNFLOWER 1 LTR +1 LTR COMBO 10 SET PLAIN,1.0,10,run segment (start->stop),END OF SHIFT / CLOSE,,205,0,0,0,4800,,,close,closed,,,,,,,,VERIFIED-live,"segment id=302 16:21->19:46 is_manual=False  ZERO-CASE SEGMENT: line time recorded, output not keyed in"
SEGMENT,JIVO_OIL,2026-08-30T22:04:16+05:30,2026-08-03,JP Machine,145,,FG0000400,JIVO KACHI GHANI COLD PRESSED MUSTARD OIL1 LTR 20 PCS(CSD),1.0,1,run segment (start->stop),END OF SHIFT / CLOSE,,190,51,51,51,5400,16,0,close,closed,,,,,,,,VERIFIED-live,segment id=301 16:21->19:31 is_manual=False
SEGMENT,JIVO_OIL,2026-08-30T22:04:16+05:30,2026-08-03,Pouch Machine,138,,FG0000359,SOYABEAN OIL 750 GMS 12 PCS POUCH,0.8241758241758241,12,run segment (start->stop),TEA BREAK,,97,412,4944,4075,,3058,,tea time,closed,,,,,,,,VERIFIED-live,segment id=287 09:41->11:18 is_manual=False
SEGMENT,JIVO_OIL,2026-08-30T22:04:16+05:30,2026-08-03,Pouch Machine,138,,FG0000359,SOYABEAN OIL 750 GMS 12 PCS POUCH,0.8241758241758241,12,run segment (start->stop),LUNCH BREAK,,115,723,8676,7151,,4527,,lunch time,closed,,,,,,,,VERIFIED-live,segment id=289 11:28->13:23 is_manual=False
SEGMENT,JIVO_OIL,2026-08-30T22:04:16+05:30,2026-08-03,Pouch Machine,138,,FG0000359,SOYABEAN OIL 750 GMS 12 PCS POUCH,0.8241758241758241,12,run segment (start->stop),TEA BREAK,,169,1100,13200,10879,,4686,,tea time,closed,,,,,,,,VERIFIED-live,segment id=294 13:36->16:25 is_manual=False
SEGMENT,JIVO_OIL,2026-08-30T22:04:16+05:30,2026-08-03,Pouch Machine,138,,FG0000359,SOYABEAN OIL 750 GMS 12 PCS POUCH,0.8241758241758241,12,run segment (start->stop),END OF SHIFT / CLOSE,,182,0,0,0,,,,colse,closed,,,,,,,,VERIFIED-live,"segment id=303 16:26->19:28 is_manual=False  ZERO-CASE SEGMENT: line time recorded, output not keyed in"
SEGMENT,JIVO_OIL,2026-08-30T22:04:16+05:30,2026-08-04,10 Head,148,,FG0000142,COLD PRESS GROUNDNUT OIL 1 LTR 16 PCS,1.0,16,run segment (start->stop),(no remark),,110,135,2160,2160,2100,1178,56,,closed,,,,,,,,VERIFIED-live,segment id=305 08:09->10:00 is_manual=False
SEGMENT,JIVO_OIL,2026-08-30T22:04:16+05:30,2026-08-04,10 Head,148,,FG0000142,COLD PRESS GROUNDNUT OIL 1 LTR 16 PCS,1.0,16,run segment (start->stop),TEA BREAK,,0,152,2432,2432,2100,,,tea time,closed,,,,,,,,VERIFIED-live,segment id=310 11:10->11:10 is_manual=False
SEGMENT,JIVO_OIL,2026-08-30T22:04:16+05:30,2026-08-04,10 Head,148,,FG0000142,COLD PRESS GROUNDNUT OIL 1 LTR 16 PCS,1.0,16,run segment (start->stop),LUNCH BREAK,,86,0,0,0,2100,,,LUNCH TIME,closed,,,,,,,,VERIFIED-live,"segment id=314 11:39->13:05 is_manual=False  ZERO-CASE SEGMENT: line time recorded, output not keyed in"
SEGMENT,JIVO_OIL,2026-08-30T22:04:16+05:30,2026-08-04,10 Head,153,,FG0000005,EXTRA LIGHT OLIVE 1 LTR 16 PCS,1.0,16,run segment (start->stop),END OF SHIFT / CLOSE,,74,0,0,0,2100,,,colse,closed,,,,,,,,VERIFIED-live,"segment id=324 18:03->19:17 is_manual=False  ZERO-CASE SEGMENT: line time recorded, output not keyed in"
SEGMENT,JIVO_OIL,2026-08-30T22:04:16+05:30,2026-08-04,6 Head,149,,FG0000043,COLD PRESS 3 LTR 6 PCS,3.0,6,run segment (start->stop),TEA BREAK,,83,0,0,0,,,,tea time,closed,,,,,,,,VERIFIED-live,"segment id=308 09:59->11:23 is_manual=False  ZERO-CASE SEGMENT: line time recorded, output not keyed in"
SEGMENT,JIVO_OIL,2026-08-30T22:04:16+05:30,2026-08-04,6 Head,149,,FG0000043,COLD PRESS 3 LTR 6 PCS,3.0,6,run segment (start->stop),LUNCH BREAK,,0,280,1680,5040,,,,IUNCH TIME,closed,,,,,,,,VERIFIED-live,segment id=315 13:03->13:03 is_manual=False
SEGMENT,JIVO_OIL,2026-08-30T22:04:16+05:30,2026-08-04,6 Head,149,,FG0000043,COLD PRESS 3 LTR 6 PCS,3.0,6,run segment (start->stop),TEA BREAK,,134,0,0,0,,,,tea time,closed,,,,,,,,VERIFIED-live,"segment id=319 13:48->16:03 is_manual=False  ZERO-CASE SEGMENT: line time recorded, output not keyed in"
SEGMENT,JIVO_OIL,2026-08-30T22:04:16+05:30,2026-08-04,6 Head,151,,FG0000070,COLD PRESS 2 LTR 10 PCS HANDLE,2.0,10,run segment (start->stop),END OF SHIFT / CLOSE,,114,0,0,0,720,,,colse,closed,,,,,,,,VERIFIED-live,"segment id=323 17:22->19:16 is_manual=False  ZERO-CASE SEGMENT: line time recorded, output not keyed in"
SEGMENT,JIVO_OIL,2026-08-30T22:04:16+05:30,2026-08-04,6 Head,149,,FG0000043,COLD PRESS 3 LTR 6 PCS,3.0,6,run segment (start->stop),END OF SHIFT / CLOSE,,0,0,0,0,,,,colse,closed,,,,,,,,VERIFIED-live,segment id=325 19:10->19:11 is_manual=False
SEGMENT,JIVO_OIL,2026-08-30T22:04:16+05:30,2026-08-04,Clear Pack,146,,FG0000091,COLD PRESS SUNFLOWER 1 LTR +1 LTR COMBO 10 SET PLAIN,1.0,10,run segment (start->stop),TEA BREAK,,179,160,1600,1600,4800,536,11,tea time,closed,,,,,,,,VERIFIED-live,segment id=306 08:10->11:09 is_manual=False
SEGMENT,JIVO_OIL,2026-08-30T22:04:16+05:30,2026-08-04,Clear Pack,146,,FG0000091,COLD PRESS SUNFLOWER 1 LTR +1 LTR COMBO 10 SET PLAIN,1.0,10,run segment (start->stop),LUNCH BREAK,,91,120,1200,1200,4800,791,16,LUNCH TIME,closed,,,,,,,,VERIFIED-live,segment id=313 11:34->13:06 is_manual=False
SEGMENT,JIVO_OIL,2026-08-30T22:04:16+05:30,2026-08-04,Clear Pack,146,,FG0000091,COLD PRESS SUNFLOWER 1 LTR +1 LTR COMBO 10 SET PLAIN,1.0,10,run segment (start->stop),TEA BREAK,,134,150,1500,1500,4800,672,14,tea time,closed,,,,,,,,VERIFIED-live,segment id=318 13:47->16:02 is_manual=False
SEGMENT,JIVO_OIL,2026-08-30T22:04:16+05:30,2026-08-04,Clear Pack,146,,FG0000091,COLD PRESS SUNFLOWER 1 LTR +1 LTR COMBO 10 SET PLAIN,1.0,10,run segment (start->stop),OTHER (free text),,146,160,1600,1600,4800,658,14,160,closed,,,,,,,,VERIFIED-live,segment id=322 16:48->19:14 is_manual=False
SEGMENT,JIVO_OIL,2026-08-30T22:04:16+05:30,2026-08-04,Clear Pack,146,,FG0000091,COLD PRESS SUNFLOWER 1 LTR +1 LTR COMBO 10 SET PLAIN,1.0,10,run segment (start->stop),END OF SHIFT / CLOSE,,0,0,0,0,4800,,,colse,closed,,,,,,,,VERIFIED-live,segment id=326 19:14->19:15 is_manual=False
SEGMENT,JIVO_OIL,2026-08-30T22:04:16+05:30,2026-08-04,JP Machine,147,,FG0000030,MUSTARD KACHI GHANI 1 LTR 20 PCS,1.0,20,run segment (start->stop),TEA BREAK,,179,90,1800,1800,5400,603,11,tea time,closed,,,,,,,,VERIFIED-live,segment id=307 08:11->11:10 is_manual=False
SEGMENT,JIVO_OIL,2026-08-30T22:04:16+05:30,2026-08-04,JP Machine,147,,FG0000030,MUSTARD KACHI GHANI 1 LTR 20 PCS,1.0,20,run segment (start->stop),LUNCH BREAK,,92,225,4500,4500,5400,2935,54,LUNCH TIME,closed,,,,,,,,VERIFIED-live,segment id=311 11:33->13:05 is_manual=False
SEGMENT,JIVO_OIL,2026-08-30T22:04:16+05:30,2026-08-04,JP Machine,147,,FG0000030,MUSTARD KACHI GHANI 1 LTR 20 PCS,1.0,20,run segment (start->stop),TEA BREAK,,143,360,7200,7200,5400,3021,56,tea time,closed,,,,,,,,VERIFIED-live,segment id=316 13:38->16:01 is_manual=False
SEGMENT,JIVO_OIL,2026-08-30T22:04:16+05:30,2026-08-04,JP Machine,147,,FG0000030,MUSTARD KACHI GHANI 1 LTR 20 PCS,1.0,20,run segment (start->stop),END OF SHIFT / CLOSE,,155,0,0,0,5400,,,colse,closed,,,,,,,,VERIFIED-live,"segment id=321 16:37->19:13 is_manual=False  ZERO-CASE SEGMENT: line time recorded, output not keyed in"
SEGMENT,JIVO_OIL,2026-08-30T22:04:16+05:30,2026-08-04,Pouch Machine,150,,FG0000299,SOYABEAN OIL 700 GMS POUCH 12 PCS,0.7692307692307693,12,run segment (start->stop),TEA BREAK,,22,0,0,0,,,,tea time,closed,,,,,,,,VERIFIED-live,"segment id=309 11:00->11:23 is_manual=False  ZERO-CASE SEGMENT: line time recorded, output not keyed in"
SEGMENT,JIVO_OIL,2026-08-30T22:04:16+05:30,2026-08-04,Pouch Machine,150,,FG0000299,SOYABEAN OIL 700 GMS POUCH 12 PCS,0.7692307692307693,12,run segment (start->stop),LUNCH BREAK,,91,700,8400,6462,,5538,,LUNCH TIME,closed,,,,,,,,VERIFIED-live,segment id=312 11:33->13:04 is_manual=False
SEGMENT,JIVO_OIL,2026-08-30T22:04:16+05:30,2026-08-04,Pouch Machine,150,,FG0000299,SOYABEAN OIL 700 GMS POUCH 12 PCS,0.7692307692307693,12,run segment (start->stop),(no remark),,83,700,8400,6462,,6072,,,closed,,,,,,,,VERIFIED-live,segment id=317 13:46->15:10 is_manual=False
SEGMENT,JIVO_OIL,2026-08-30T22:04:16+05:30,2026-08-04,Pouch Machine,150,,FG0000299,SOYABEAN OIL 700 GMS POUCH 12 PCS,0.7692307692307693,12,run segment (start->stop),END OF SHIFT / CLOSE,,171,0,0,0,,,,colse,closed,,,,,,,,VERIFIED-live,"segment id=320 16:27->19:18 is_manual=False  ZERO-CASE SEGMENT: line time recorded, output not keyed in"
SEGMENT,JIVO_OIL,2026-08-30T22:04:16+05:30,2026-08-05,10 Head,156,,FG0000005,EXTRA LIGHT OLIVE 1 LTR 16 PCS,1.0,0,run segment (start->stop),TEA BREAK,,171,360,0,0,2100,,,tea time,closed,,,,,,,,VERIFIED-live,segment id=328 08:14->11:05 is_manual=False
SEGMENT,JIVO_OIL,2026-08-30T22:04:16+05:30,2026-08-05,10 Head,156,,FG0000005,EXTRA LIGHT OLIVE 1 LTR 16 PCS,1.0,0,run segment (start->stop),LUNCH BREAK,,88,225,0,0,2100,,,lunch time,closed,,,,,,,,VERIFIED-live,segment id=334 11:55->13:23 is_manual=False
SEGMENT,JIVO_OIL,2026-08-30T22:04:16+05:30,2026-08-05,10 Head,156,,FG0000005,EXTRA LIGHT OLIVE 1 LTR 16 PCS,1.0,0,run segment (start->stop),TEA BREAK,,116,400,0,0,2100,,,TEA TIME,closed,,,,,,,,VERIFIED-live,segment id=343 14:09->16:06 is_manual=False
SEGMENT,JIVO_OIL,2026-08-30T22:04:16+05:30,2026-08-05,10 Head,156,,FG0000005,EXTRA LIGHT OLIVE 1 LTR 16 PCS,1.0,0,run segment (start->stop),END OF SHIFT / CLOSE,,153,0,0,0,2100,,,COLSE,closed,,,,,,,,VERIFIED-live,"segment id=350 17:13->19:47 is_manual=False  ZERO-CASE SEGMENT: line time recorded, output not keyed in"
SEGMENT,JIVO_OIL,2026-08-30T22:04:16+05:30,2026-08-05,6 Head,157,,FG0000070,COLD PRESS 2 LTR 10 PCS HANDLE,2.0,0,run segment (start->stop),TEA BREAK,,171,296,0,0,720,,,tea time,closed,,,,,,,,VERIFIED-live,segment id=327 08:14->11:06 is_manual=False
SEGMENT,JIVO_OIL,2026-08-30T22:04:16+05:30,2026-08-05,6 Head,157,,FG0000070,COLD PRESS 2 LTR 10 PCS HANDLE,2.0,0,run segment (start->stop),LUNCH BREAK,,92,0,0,0,720,,,lunch time,closed,,,,,,,,VERIFIED-live,"segment id=333 11:55->13:28 is_manual=False  ZERO-CASE SEGMENT: line time recorded, output not keyed in"
SEGMENT,JIVO_OIL,2026-08-30T22:04:16+05:30,2026-08-05,6 Head,160,,FG0000011,MUSTARD KACCHI GHANI 5 LTR 4 PCS,5.0,0,run segment (start->stop),LUNCH BREAK,,33,13,0,0,600,,,lunch time,closed,,,,,,,,VERIFIED-live,segment id=337 12:55->13:28 is_manual=False
SEGMENT,JIVO_OIL,2026-08-30T22:04:16+05:30,2026-08-05,6 Head,160,,FG0000011,MUSTARD KACCHI GHANI 5 LTR 4 PCS,5.0,0,run segment (start->stop),TEA BREAK,,116,280,0,0,600,,,TEA TIME,closed,,,,,,,,VERIFIED-live,segment id=341 14:08->16:05 is_manual=False
SEGMENT,JIVO_OIL,2026-08-30T22:04:16+05:30,2026-08-05,6 Head,160,,FG0000011,MUSTARD KACCHI GHANI 5 LTR 4 PCS,5.0,0,run segment (start->stop),END OF SHIFT / CLOSE,,184,0,0,0,600,,,COLSE,closed,,,,,,,,VERIFIED-live,"segment id=346 16:38->19:42 is_manual=False  ZERO-CASE SEGMENT: line time recorded, output not keyed in"
SEGMENT,JIVO_OIL,2026-08-30T22:04:16+05:30,2026-08-05,6 Head,157,,FG0000070,COLD PRESS 2 LTR 10 PCS HANDLE,2.0,0,run segment (start->stop),OTHER (free text),,0,0,0,0,720,,,STOP,closed,,,,,,,,VERIFIED-live,segment id=349 17:13->17:13 is_manual=False
SEGMENT,JIVO_OIL,2026-08-30T22:04:16+05:30,2026-08-05,Clear Pack,154,,FG0000091,COLD PRESS SUNFLOWER 1 LTR +1 LTR COMBO 10 SET PLAIN,1.0,0,run segment (start->stop),TEA BREAK,,172,160,0,0,4800,,,tea time,closed,,,,,,,,VERIFIED-live,segment id=330 08:14->11:06 is_manual=False
SEGMENT,JIVO_OIL,2026-08-30T22:04:16+05:30,2026-08-05,Clear Pack,154,,FG0000091,COLD PRESS SUNFLOWER 1 LTR +1 LTR COMBO 10 SET PLAIN,1.0,0,run segment (start->stop),LUNCH BREAK,,85,225,0,0,4800,,,lunch time,closed,,,,,,,,VERIFIED-live,segment id=332 11:54->13:20 is_manual=False
SEGMENT,JIVO_OIL,2026-08-30T22:04:16+05:30,2026-08-05,Clear Pack,161,,FG0000053,COLD PRESS SUNFLOWER 5 LTR 4 PCS,5.0,0,run segment (start->stop),LUNCH BREAK,,33,0,0,0,3000,,,lunch time,closed,,,,,,,,VERIFIED-live,"segment id=336 12:55->13:28 is_manual=False  ZERO-CASE SEGMENT: line time recorded, output not keyed in"
SEGMENT,JIVO_OIL,2026-08-30T22:04:16+05:30,2026-08-05,Clear Pack,161,,FG0000053,COLD PRESS SUNFLOWER 5 LTR 4 PCS,5.0,0,run segment (start->stop),(no remark),,35,40,0,0,3000,,,,closed,,,,,,,,VERIFIED-live,segment id=342 14:09->14:45 is_manual=False
SEGMENT,JIVO_OIL,2026-08-30T22:04:16+05:30,2026-08-05,Clear Pack,161,,FG0000053,COLD PRESS SUNFLOWER 5 LTR 4 PCS,5.0,0,run segment (start->stop),TEA BREAK,,0,280,0,0,3000,,,TEA TIME,closed,,,,,,,,VERIFIED-live,segment id=345 16:04->16:05 is_manual=False
SEGMENT,JIVO_OIL,2026-08-30T22:04:16+05:30,2026-08-05,Clear Pack,161,,FG0000053,COLD PRESS SUNFLOWER 5 LTR 4 PCS,5.0,0,run segment (start->stop),END OF SHIFT / CLOSE,,143,0,0,0,3000,,,CLOSE,closed,,,,,,,,VERIFIED-live,"segment id=348 17:13->19:36 is_manual=False  ZERO-CASE SEGMENT: line time recorded, output not keyed in"
SEGMENT,JIVO_OIL,2026-08-30T22:04:16+05:30,2026-08-05,Clear Pack,154,,FG0000091,COLD PRESS SUNFLOWER 1 LTR +1 LTR COMBO 10 SET PLAIN,1.0,0,run segment (start->stop),OTHER (free text),,2,0,0,0,4800,,,STOP,closed,,,,,,,,VERIFIED-live,"segment id=352 17:14->17:17 is_manual=False  ZERO-CASE SEGMENT: line time recorded, output not keyed in"
SEGMENT,JIVO_OIL,2026-08-30T22:04:16+05:30,2026-08-05,JP Machine,155,,FG0000030,MUSTARD KACHI GHANI 1 LTR 20 PCS,1.0,0,run segment (start->stop),TEA BREAK,,172,160,0,0,5400,,,tea time,closed,,,,,,,,VERIFIED-live,segment id=329 08:14->11:06 is_manual=False
SEGMENT,JIVO_OIL,2026-08-30T22:04:16+05:30,2026-08-05,JP Machine,155,,FG0000030,MUSTARD KACHI GHANI 1 LTR 20 PCS,1.0,0,run segment (start->stop),LUNCH BREAK,,65,255,0,0,5400,,,lunch TIME,closed,,,,,,,,VERIFIED-live,segment id=335 11:55->13:00 is_manual=False
SEGMENT,JIVO_OIL,2026-08-30T22:04:16+05:30,2026-08-05,JP Machine,155,,FG0000030,MUSTARD KACHI GHANI 1 LTR 20 PCS,1.0,0,run segment (start->stop),TEA BREAK,,141,405,0,0,5400,,,TEA TIME,closed,,,,,,,,VERIFIED-live,segment id=339 13:45->16:07 is_manual=False
SEGMENT,JIVO_OIL,2026-08-30T22:04:16+05:30,2026-08-05,JP Machine,155,,FG0000030,MUSTARD KACHI GHANI 1 LTR 20 PCS,1.0,0,run segment (start->stop),END OF SHIFT / CLOSE,,156,0,0,0,5400,,,COLSE,closed,,,,,,,,VERIFIED-live,"segment id=351 17:14->19:50 is_manual=False  ZERO-CASE SEGMENT: line time recorded, output not keyed in"
SEGMENT,JIVO_OIL,2026-08-30T22:04:16+05:30,2026-08-05,Pouch Machine,159,,FG0000299,SOYABEAN OIL 700 GMS POUCH 12 PCS,0.7692307692307693,0,run segment (start->stop),LUNCH BREAK,,31,590,0,0,,,,lunch time,closed,,,,,,,,VERIFIED-live,segment id=338 12:55->13:26 is_manual=False
SEGMENT,JIVO_OIL,2026-08-30T22:04:16+05:30,2026-08-05,Pouch Machine,159,,FG0000299,SOYABEAN OIL 700 GMS POUCH 12 PCS,0.7692307692307693,0,run segment (start->stop),OTHER (free text),,75,0,0,0,,,,stop,closed,,,,,,,,VERIFIED-live,"segment id=340 13:46->15:01 is_manual=False  ZERO-CASE SEGMENT: line time recorded, output not keyed in"
SEGMENT,JIVO_OIL,2026-08-30T22:04:16+05:30,2026-08-05,Pouch Machine,159,,FG0000299,SOYABEAN OIL 700 GMS POUCH 12 PCS,0.7692307692307693,0,run segment (start->stop),TEA BREAK,,57,1000,0,0,,,,TEA TIME,closed,,,,,,,,VERIFIED-live,segment id=344 15:08->16:06 is_manual=False
SEGMENT,JIVO_OIL,2026-08-30T22:04:16+05:30,2026-08-05,Pouch Machine,159,,FG0000299,SOYABEAN OIL 700 GMS POUCH 12 PCS,0.7692307692307693,0,run segment (start->stop),(no remark),,185,1407,0,0,,,,,closed,,,,,,,,VERIFIED-live,segment id=347 16:38->19:44 is_manual=False
SEGMENT,JIVO_OIL,2026-08-30T22:04:16+05:30,2026-08-06,10 Head,164,,FG0000005,EXTRA LIGHT OLIVE 1 LTR 16 PCS,1.0,16,run segment (start->stop),TEA BREAK,,144,315,5040,5040,2100,2100,100,tea time,closed,,,,,,,,VERIFIED-live,segment id=357 08:52->11:16 is_manual=False
SEGMENT,JIVO_OIL,2026-08-30T22:04:16+05:30,2026-08-06,10 Head,164,,FG0000005,EXTRA LIGHT OLIVE 1 LTR 16 PCS,1.0,16,run segment (start->stop),LUNCH BREAK,,114,225,3600,3600,2100,1895,90,lunch time,closed,,,,,,,,VERIFIED-live,segment id=361 11:31->13:26 is_manual=False
SEGMENT,JIVO_OIL,2026-08-30T22:04:16+05:30,2026-08-06,10 Head,164,,FG0000005,EXTRA LIGHT OLIVE 1 LTR 16 PCS,1.0,16,run segment (start->stop),END OF SHIFT / CLOSE,,146,0,0,0,2100,,,colse,closed,,,,,,,,VERIFIED-live,"segment id=379 13:37->16:04 is_manual=False  ZERO-CASE SEGMENT: line time recorded, output not keyed in"
SEGMENT,JIVO_OIL,2026-08-30T22:04:16+05:30,2026-08-06,10 Head,169,,FG0000081,COLD PRESS SUNFLOWER 1 LTR 20 PCS,1.0,20,run segment (start->stop),END OF SHIFT / CLOSE,,286,0,0,0,2100,,,colse,closed,,,,,,,,VERIFIED-live,"segment id=383 15:33->20:19 is_manual=False  ZERO-CASE SEGMENT: line time recorded, output not keyed in"
SEGMENT,JIVO_OIL,2026-08-30T22:04:16+05:30,2026-08-06,6 Head,165,,FG0000306,YELLOW MUSTARD OIL 1 LTR 20 PCS,1.0,20,run segment (start->stop),TEA BREAK,,145,108,2160,2160,1080,894,83,tea time,closed,,,,,,,,VERIFIED-live,segment id=356 08:52->11:17 is_manual=False
SEGMENT,JIVO_OIL,2026-08-30T22:04:16+05:30,2026-08-06,6 Head,165,,FG0000306,YELLOW MUSTARD OIL 1 LTR 20 PCS,1.0,20,run segment (start->stop),LUNCH BREAK,,116,72,1440,1440,1080,745,69,lunch time,closed,,,,,,,,VERIFIED-live,segment id=360 11:31->13:27 is_manual=False
SEGMENT,JIVO_OIL,2026-08-30T22:04:16+05:30,2026-08-06,6 Head,165,,FG0000306,YELLOW MUSTARD OIL 1 LTR 20 PCS,1.0,20,run segment (start->stop),END OF SHIFT / CLOSE,,397,0,0,0,1080,,,colse,closed,,,,,,,,VERIFIED-live,"segment id=380 13:43->20:21 is_manual=False  ZERO-CASE SEGMENT: line time recorded, output not keyed in"
SEGMENT,JIVO_OIL,2026-08-30T22:04:16+05:30,2026-08-06,Clear Pack,162,,FG0000004,COLD PRESS 5 LTR 4 PCS,5.0,4,run segment (start->stop),TEA BREAK,,157,800,3200,16000,3000,1223,41,tea time,closed,,,,,,,,VERIFIED-live,segment id=354 08:37->11:15 is_manual=False
SEGMENT,JIVO_OIL,2026-08-30T22:04:16+05:30,2026-08-06,Clear Pack,162,,FG0000004,COLD PRESS 5 LTR 4 PCS,5.0,4,run segment (start->stop),LUNCH BREAK,,57,160,640,3200,3000,674,22,lunch time,closed,,,,,,,,VERIFIED-live,segment id=371 12:29->13:27 is_manual=False
SEGMENT,JIVO_OIL,2026-08-30T22:04:16+05:30,2026-08-06,Clear Pack,162,,FG0000004,COLD PRESS 5 LTR 4 PCS,5.0,4,run segment (start->stop),END OF SHIFT / CLOSE,,136,0,0,0,3000,,,colse,closed,,,,,,,,VERIFIED-live,"segment id=382 13:47->16:04 is_manual=False  ZERO-CASE SEGMENT: line time recorded, output not keyed in"
SEGMENT,JIVO_OIL,2026-08-30T22:04:16+05:30,2026-08-06,Clear Pack,168,,FG0000143,COLD PRESS GROUNDNUT OIL 5 LTR 4 PCS,5.0,4,run segment (start->stop),END OF SHIFT / CLOSE,,285,0,0,0,3000,,,colse,closed,,,,,,,,VERIFIED-live,"segment id=384 15:34->20:19 is_manual=False  ZERO-CASE SEGMENT: line time recorded, output not keyed in"
SEGMENT,JIVO_OIL,2026-08-30T22:04:16+05:30,2026-08-06,JP Machine,163,,FG0000030,MUSTARD KACHI GHANI 1 LTR 20 PCS,1.0,20,run segment (start->stop),TEA BREAK,,158,254,5080,5080,5400,1929,36,tea time,closed,,,,,,,,VERIFIED-live,segment id=353 08:37->11:15 is_manual=False
SEGMENT,JIVO_OIL,2026-08-30T22:04:16+05:30,2026-08-06,JP Machine,163,,FG0000030,MUSTARD KACHI GHANI 1 LTR 20 PCS,1.0,20,run segment (start->stop),LUNCH BREAK,,1,0,0,0,5400,,,lunchl,closed,,,,,,,,VERIFIED-live,"segment id=381 13:45->13:47 is_manual=False  ZERO-CASE SEGMENT: line time recorded, output not keyed in"
SEGMENT,JIVO_OIL,2026-08-30T22:04:16+05:30,2026-08-06,Pouch Machine,166,,FG0000359,SOYABEAN OIL 750 GMS 12 PCS POUCH,0.8241758241758241,12,run segment (start->stop),TEA BREAK,,145,380,4560,3758,,1887,,tea time,closed,,,,,,,,VERIFIED-live,segment id=355 08:52->11:17 is_manual=False
SEGMENT,JIVO_OIL,2026-08-30T22:04:16+05:30,2026-08-06,Pouch Machine,166,,FG0000359,SOYABEAN OIL 750 GMS 12 PCS POUCH,0.8241758241758241,12,run segment (start->stop),LUNCH BREAK,,116,0,0,0,,,,lunch time,closed,,,,,,,,VERIFIED-live,"segment id=359 11:31->13:28 is_manual=False  ZERO-CASE SEGMENT: line time recorded, output not keyed in"
SEGMENT,JIVO_OIL,2026-08-30T22:04:16+05:30,2026-08-06,Pouch Machine,166,,FG0000359,SOYABEAN OIL 750 GMS 12 PCS POUCH,0.8241758241758241,12,run segment (start->stop),(no remark),,78,0,0,0,,,,,closed,,,,,,,,VERIFIED-live,"segment id=378 13:37->14:55 is_manual=False  ZERO-CASE SEGMENT: line time recorded, output not keyed in"
SEGMENT,JIVO_OIL,2026-08-30T22:04:16+05:30,2026-08-07,10 Head,173,,FG0000081,COLD PRESS SUNFLOWER 1 LTR 20 PCS,1.0,20,run segment (start->stop),TEA BREAK,,120,0,0,0,2100,,,tea time,closed,,,,,,,,VERIFIED-live,"segment id=388 09:08->11:08 is_manual=False  ZERO-CASE SEGMENT: line time recorded, output not keyed in"
SEGMENT,JIVO_OIL,2026-08-30T22:04:16+05:30,2026-08-07,10 Head,173,,FG0000081,COLD PRESS SUNFLOWER 1 LTR 20 PCS,1.0,20,run segment (start->stop),LUNCH BREAK,,30,90,1800,1800,2100,3600,171,LUNCH TIME,closed,,,,,,,,VERIFIED-live,segment id=402 12:35->13:05 is_manual=False
SEGMENT,JIVO_OIL,2026-08-30T22:04:16+05:30,2026-08-07,10 Head,173,,FG0000081,COLD PRESS SUNFLOWER 1 LTR 20 PCS,1.0,20,run segment (start->stop),TEA BREAK,,135,200,4000,4000,2100,1778,85,tea time,closed,,,,,,,,VERIFIED-live,segment id=409 13:48->16:04 is_manual=False
SEGMENT,JIVO_OIL,2026-08-30T22:04:16+05:30,2026-08-07,10 Head,173,,FG0000081,COLD PRESS SUNFLOWER 1 LTR 20 PCS,1.0,20,run segment (start->stop),END OF SHIFT / CLOSE,,247,0,0,0,2100,,,colse,closed,,,,,,,,VERIFIED-live,"segment id=414 16:25->20:33 is_manual=False  ZERO-CASE SEGMENT: line time recorded, output not keyed in"
SEGMENT,JIVO_OIL,2026-08-30T22:04:16+05:30,2026-08-07,10 Head,176,,FG0000005,EXTRA LIGHT OLIVE 1 LTR 16 PCS,1.0,16,run segment (start->stop),END OF SHIFT / CLOSE,,177,0,0,0,2100,,,colse,closed,,,,,,,,VERIFIED-live,"segment id=422 08:06->11:04 is_manual=False  ZERO-CASE SEGMENT: line time recorded, output not keyed in"
SEGMENT,JIVO_OIL,2026-08-30T22:04:16+05:30,2026-08-07,6 Head,170,,FG0000306,YELLOW MUSTARD OIL 1 LTR 20 PCS,1.0,20,run segment (start->stop),END OF SHIFT / CLOSE,,146,0,0,0,1080,,,colse,closed,,,,,,,,VERIFIED-live,"segment id=387 08:41->11:08 is_manual=False  ZERO-CASE SEGMENT: line time recorded, output not keyed in"
SEGMENT,JIVO_OIL,2026-08-30T22:04:16+05:30,2026-08-07,6 Head,174,,FG0000142,COLD PRESS GROUNDNUT OIL 1 LTR 16 PCS,1.0,16,run segment (start->stop),TEA BREAK,,29,28,448,448,1080,927,86,tea time,closed,,,,,,,,VERIFIED-live,segment id=390 10:38->11:07 is_manual=False
SEGMENT,JIVO_OIL,2026-08-30T22:04:16+05:30,2026-08-07,6 Head,174,,FG0000142,COLD PRESS GROUNDNUT OIL 1 LTR 16 PCS,1.0,16,run segment (start->stop),LUNCH BREAK,,28,120,1920,1920,1080,4114,381,LUNCH TIME,closed,,,,,,,,VERIFIED-live,segment id=401 12:35->13:03 is_manual=False
SEGMENT,JIVO_OIL,2026-08-30T22:04:16+05:30,2026-08-07,6 Head,174,,FG0000142,COLD PRESS GROUNDNUT OIL 1 LTR 16 PCS,1.0,16,run segment (start->stop),TEA BREAK,,136,0,0,0,1080,,,tea time,closed,,,,,,,,VERIFIED-live,"segment id=408 13:48->16:05 is_manual=False  ZERO-CASE SEGMENT: line time recorded, output not keyed in"
SEGMENT,JIVO_OIL,2026-08-30T22:04:16+05:30,2026-08-07,6 Head,174,,FG0000142,COLD PRESS GROUNDNUT OIL 1 LTR 16 PCS,1.0,16,run segment (start->stop),END OF SHIFT / CLOSE,,247,0,0,0,1080,,,colse,closed,,,,,,,,VERIFIED-live,"segment id=413 16:25->20:32 is_manual=False  ZERO-CASE SEGMENT: line time recorded, output not keyed in"
SEGMENT,JIVO_OIL,2026-08-30T22:04:16+05:30,2026-08-07,Clear Pack,172,,FG0000143,COLD PRESS GROUNDNUT OIL 5 LTR 4 PCS,5.0,4,run segment (start->stop),TEA BREAK,,145,200,800,4000,3000,331,11,tea time,closed,,,,,,,,VERIFIED-live,segment id=386 08:41->11:06 is_manual=False
SEGMENT,JIVO_OIL,2026-08-30T22:04:16+05:30,2026-08-07,Clear Pack,172,,FG0000143,COLD PRESS GROUNDNUT OIL 5 LTR 4 PCS,5.0,4,run segment (start->stop),(no remark),,13,800,3200,16000,3000,14769,492,,closed,,,,,,,,VERIFIED-live,segment id=403 12:35->12:49 is_manual=False
SEGMENT,JIVO_OIL,2026-08-30T22:04:16+05:30,2026-08-07,Clear Pack,172,,FG0000143,COLD PRESS GROUNDNUT OIL 5 LTR 4 PCS,5.0,4,run segment (start->stop),LUNCH BREAK,,1,40,160,800,3000,9600,320,LUNCH TIME,closed,,,,,,,,VERIFIED-live,segment id=405 13:00->13:01 is_manual=False
SEGMENT,JIVO_OIL,2026-08-30T22:04:16+05:30,2026-08-07,Clear Pack,172,,FG0000143,COLD PRESS GROUNDNUT OIL 5 LTR 4 PCS,5.0,4,run segment (start->stop),(no remark),,5,20,80,400,3000,960,32,,closed,,,,,,,,VERIFIED-live,segment id=407 13:48->13:53 is_manual=False
SEGMENT,JIVO_OIL,2026-08-30T22:04:16+05:30,2026-08-07,Clear Pack,172,,FG0000143,COLD PRESS GROUNDNUT OIL 5 LTR 4 PCS,5.0,4,run segment (start->stop),(no remark),,26,240,960,4800,3000,2215,74,,closed,,,,,,,,VERIFIED-live,segment id=410 14:04->14:31 is_manual=False
SEGMENT,JIVO_OIL,2026-08-30T22:04:16+05:30,2026-08-07,Clear Pack,172,,FG0000143,COLD PRESS GROUNDNUT OIL 5 LTR 4 PCS,5.0,4,run segment (start->stop),TEA BREAK,,71,200,800,4000,3000,676,23,tea time,closed,,,,,,,,VERIFIED-live,segment id=412 14:52->16:03 is_manual=False
SEGMENT,JIVO_OIL,2026-08-30T22:04:16+05:30,2026-08-07,Clear Pack,172,,FG0000143,COLD PRESS GROUNDNUT OIL 5 LTR 4 PCS,5.0,4,run segment (start->stop),(no remark),,2,4,16,80,3000,480,16,,closed,,,,,,,,VERIFIED-live,segment id=415 16:25->16:27 is_manual=False
SEGMENT,JIVO_OIL,2026-08-30T22:04:16+05:30,2026-08-07,Clear Pack,172,,FG0000143,COLD PRESS GROUNDNUT OIL 5 LTR 4 PCS,5.0,4,run segment (start->stop),(no remark),,6,80,320,1600,3000,3200,107,,closed,,,,,,,,VERIFIED-live,segment id=417 16:51->16:58 is_manual=False
SEGMENT,JIVO_OIL,2026-08-30T22:04:16+05:30,2026-08-07,Clear Pack,172,,FG0000143,COLD PRESS GROUNDNUT OIL 5 LTR 4 PCS,5.0,4,run segment (start->stop),END OF SHIFT / CLOSE,,193,0,0,0,3000,,,colse,closed,,,,,,,,VERIFIED-live,"segment id=418 17:19->20:33 is_manual=False  ZERO-CASE SEGMENT: line time recorded, output not keyed in"
SEGMENT,JIVO_OIL,2026-08-30T22:04:16+05:30,2026-08-07,JP Machine,171,,FG0000030,MUSTARD KACHI GHANI 1 LTR 20 PCS,1.0,20,run segment (start->stop),TEA BREAK,,116,360,7200,7200,5400,3724,69,tea time,closed,,,,,,,,VERIFIED-live,segment id=389 09:08->11:04 is_manual=False
SEGMENT,JIVO_OIL,2026-08-30T22:04:16+05:30,2026-08-07,JP Machine,171,,FG0000030,MUSTARD KACHI GHANI 1 LTR 20 PCS,1.0,20,run segment (start->stop),LUNCH BREAK,,26,225,4500,4500,5400,10385,192,LUNCH TIME,closed,,,,,,,,VERIFIED-live,segment id=404 12:35->13:02 is_manual=False
SEGMENT,JIVO_OIL,2026-08-30T22:04:16+05:30,2026-08-07,JP Machine,171,,FG0000030,MUSTARD KACHI GHANI 1 LTR 20 PCS,1.0,20,run segment (start->stop),(no remark),,13,75,1500,1500,5400,6923,128,,closed,,,,,,,,VERIFIED-live,segment id=406 13:41->13:54 is_manual=False
SEGMENT,JIVO_OIL,2026-08-30T22:04:16+05:30,2026-08-07,JP Machine,171,,FG0000030,MUSTARD KACHI GHANI 1 LTR 20 PCS,1.0,20,run segment (start->stop),TEA BREAK,,111,240,4800,4800,5400,2595,48,tea time,closed,,,,,,,,VERIFIED-live,segment id=411 14:12->16:03 is_manual=False
SEGMENT,JIVO_OIL,2026-08-30T22:04:16+05:30,2026-08-07,JP Machine,171,,FG0000030,MUSTARD KACHI GHANI 1 LTR 20 PCS,1.0,20,run segment (start->stop),END OF SHIFT / CLOSE,,249,0,0,0,5400,,,colse,closed,,,,,,,,VERIFIED-live,"segment id=416 16:25->20:34 is_manual=False  ZERO-CASE SEGMENT: line time recorded, output not keyed in"
SEGMENT,JIVO_OIL,2026-08-30T22:04:16+05:30,2026-08-08,10 Head,177,,FG0000005,EXTRA LIGHT OLIVE 1 LTR 16 PCS,1.0,16,run segment (start->stop),TEA BREAK,,180,400,6400,6400,2100,2133,102,tea time,closed,,,,,,,,VERIFIED-live,segment id=420 08:05->11:06 is_manual=False
SEGMENT,JIVO_OIL,2026-08-30T22:04:16+05:30,2026-08-08,10 Head,177,,FG0000005,EXTRA LIGHT OLIVE 1 LTR 16 PCS,1.0,16,run segment (start->stop),LUNCH BREAK,,95,230,3680,3680,2100,2324,111,lunch time,closed,,,,,,,,VERIFIED-live,segment id=425 11:30->13:06 is_manual=False
SEGMENT,JIVO_OIL,2026-08-30T22:04:16+05:30,2026-08-08,10 Head,177,,FG0000005,EXTRA LIGHT OLIVE 1 LTR 16 PCS,1.0,16,run segment (start->stop),TEA BREAK,,112,100,1600,1600,2100,857,41,TEA TIME,closed,,,,,,,,VERIFIED-live,segment id=430 14:14->16:07 is_manual=False
SEGMENT,JIVO_OIL,2026-08-30T22:04:16+05:30,2026-08-08,6 Head,179,,FG0000142,COLD PRESS GROUNDNUT OIL 1 LTR 16 PCS,1.0,16,run segment (start->stop),TEA BREAK,,179,180,2880,2880,1080,965,89,tea time,closed,,,,,,,,VERIFIED-live,segment id=421 08:06->11:05 is_manual=False
SEGMENT,JIVO_OIL,2026-08-30T22:04:16+05:30,2026-08-08,6 Head,179,,FG0000142,COLD PRESS GROUNDNUT OIL 1 LTR 16 PCS,1.0,16,run segment (start->stop),END OF SHIFT / CLOSE,,29,0,0,0,1080,,,colse,closed,,,,,,,,VERIFIED-live,"segment id=424 11:30->12:00 is_manual=False  ZERO-CASE SEGMENT: line time recorded, output not keyed in"
SEGMENT,JIVO_OIL,2026-08-30T22:04:16+05:30,2026-08-08,6 Head,179,,FG0000142,COLD PRESS GROUNDNUT OIL 1 LTR 16 PCS,1.0,16,run segment (start->stop),LUNCH BREAK,,0,219,3504,3504,1080,,,lunch time,closed,,,,,,,,VERIFIED-live,segment id=427 13:06->13:06 is_manual=False
SEGMENT,JIVO_OIL,2026-08-30T22:04:16+05:30,2026-08-08,6 Head,179,,FG0000142,COLD PRESS GROUNDNUT OIL 1 LTR 16 PCS,1.0,16,run segment (start->stop),TEA BREAK,,110,144,2304,2304,1080,1257,116,TEA TIME,closed,,,,,,,,VERIFIED-live,segment id=429 14:14->16:05 is_manual=False
SEGMENT,JIVO_OIL,2026-08-30T22:04:16+05:30,2026-08-08,6 Head,179,,FG0000142,COLD PRESS GROUNDNUT OIL 1 LTR 16 PCS,1.0,16,run segment (start->stop),END OF SHIFT / CLOSE,,178,0,0,0,1080,,,colse,closed,,,,,,,,VERIFIED-live,"segment id=432 16:59->19:58 is_manual=False  ZERO-CASE SEGMENT: line time recorded, output not keyed in"
SEGMENT,JIVO_OIL,2026-08-30T22:04:16+05:30,2026-08-08,JP Machine,178,,FG0000030,MUSTARD KACHI GHANI 1 LTR 20 PCS,1.0,20,run segment (start->stop),TEA BREAK,,180,405,8100,8100,5400,2700,50,tea time,closed,,,,,,,,VERIFIED-live,segment id=419 08:05->11:06 is_manual=False
SEGMENT,JIVO_OIL,2026-08-30T22:04:16+05:30,2026-08-08,JP Machine,178,,FG0000030,MUSTARD KACHI GHANI 1 LTR 20 PCS,1.0,20,run segment (start->stop),LUNCH BREAK,,0,70,1400,1400,5400,,,lunch time,closed,,,,,,,,VERIFIED-live,segment id=426 13:04->13:05 is_manual=False
SEGMENT,JIVO_OIL,2026-08-30T22:04:16+05:30,2026-08-08,JP Machine,178,,FG0000030,MUSTARD KACHI GHANI 1 LTR 20 PCS,1.0,20,run segment (start->stop),TEA BREAK,,140,190,3800,3800,5400,1629,30,TEA TIME,closed,,,,,,,,VERIFIED-live,segment id=428 13:44->16:04 is_manual=False
SEGMENT,JIVO_OIL,2026-08-30T22:04:16+05:30,2026-08-08,JP Machine,178,,FG0000030,MUSTARD KACHI GHANI 1 LTR 20 PCS,1.0,20,run segment (start->stop),END OF SHIFT / CLOSE,,169,0,0,0,5400,,,colse,closed,,,,,,,,VERIFIED-live,"segment id=433 17:08->19:58 is_manual=False  ZERO-CASE SEGMENT: line time recorded, output not keyed in"
SEGMENT,JIVO_OIL,2026-08-30T22:04:16+05:30,2026-08-10,10 Head,182,,FG0000142,COLD PRESS GROUNDNUT OIL 1 LTR 16 PCS,1.0,16,run segment (start->stop),TEA BREAK,,117,360,5760,5760,2100,2954,141,tea time,closed,,,,,,,,VERIFIED-live,segment id=435 09:09->11:07 is_manual=False
SEGMENT,JIVO_OIL,2026-08-30T22:04:16+05:30,2026-08-10,10 Head,182,,FG0000142,COLD PRESS GROUNDNUT OIL 1 LTR 16 PCS,1.0,16,run segment (start->stop),TEA BREAK,,284,495,7920,7920,2100,1673,80,TEA TIME,closed,,,,,,,,VERIFIED-live,segment id=437 11:22->16:07 is_manual=False
SEGMENT,JIVO_OIL,2026-08-30T22:04:16+05:30,2026-08-10,10 Head,182,,FG0000142,COLD PRESS GROUNDNUT OIL 1 LTR 16 PCS,1.0,16,run segment (start->stop),END OF SHIFT / CLOSE,,219,0,0,0,2100,,,colse,closed,,,,,,,,VERIFIED-live,"segment id=447 16:42->20:22 is_manual=False  ZERO-CASE SEGMENT: line time recorded, output not keyed in"
SEGMENT,JIVO_OIL,2026-08-30T22:04:16+05:30,2026-08-10,6 Head,186,,FG0000226,RICE BRAN OIL 5 LTR 4 PCS,5.0,4,run segment (start->stop),END OF SHIFT / CLOSE,,223,0,0,0,600,,,colse,closed,,,,,,,,VERIFIED-live,"segment id=444 16:36->20:20 is_manual=False  ZERO-CASE SEGMENT: line time recorded, output not keyed in"
SEGMENT,JIVO_OIL,2026-08-30T22:04:16+05:30,2026-08-10,6 Head,186,,FG0000226,RICE BRAN OIL 5 LTR 4 PCS,5.0,4,run segment (start->stop),END OF SHIFT / CLOSE,,0,0,0,0,600,,,colse,closed,,,,,,,,VERIFIED-live,segment id=460 20:20->20:20 is_manual=False
SEGMENT,JIVO_OIL,2026-08-30T22:04:16+05:30,2026-08-10,Clear Pack,184,,FG0000081,COLD PRESS SUNFLOWER 1 LTR 20 PCS,1.0,20,run segment (start->stop),TEA BREAK,,22,80,1600,1600,4800,4364,91,TEA TIME,closed,,,,,,,,VERIFIED-live,segment id=441 15:46->16:08 is_manual=False
SEGMENT,JIVO_OIL,2026-08-30T22:04:16+05:30,2026-08-10,Clear Pack,184,,FG0000081,COLD PRESS SUNFLOWER 1 LTR 20 PCS,1.0,20,run segment (start->stop),END OF SHIFT / CLOSE,,219,0,0,0,4800,,,colse,closed,,,,,,,,VERIFIED-live,"segment id=446 16:42->20:21 is_manual=False  ZERO-CASE SEGMENT: line time recorded, output not keyed in"
SEGMENT,JIVO_OIL,2026-08-30T22:04:16+05:30,2026-08-10,JP Machine,181,,FG0000379,MUSTARD KACHI GHANI 1 LTR 20 PCS ROUND BOTTLE,1.0,20,run segment (start->stop),TEA BREAK,,114,360,7200,7200,5400,3789,70,tea time,closed,,,,,,,,VERIFIED-live,segment id=434 09:09->11:03 is_manual=False
SEGMENT,JIVO_OIL,2026-08-30T22:04:16+05:30,2026-08-10,JP Machine,181,,FG0000379,MUSTARD KACHI GHANI 1 LTR 20 PCS ROUND BOTTLE,1.0,20,run segment (start->stop),LUNCH BREAK,,101,280,5600,5600,5400,3327,62,LUNCH TIME,closed,,,,,,,,VERIFIED-live,segment id=438 11:23->13:04 is_manual=False
SEGMENT,JIVO_OIL,2026-08-30T22:04:16+05:30,2026-08-10,JP Machine,181,,FG0000379,MUSTARD KACHI GHANI 1 LTR 20 PCS ROUND BOTTLE,1.0,20,run segment (start->stop),(no remark),,7,15,300,300,5400,2571,48,,closed,,,,,,,,VERIFIED-live,segment id=439 13:38->13:46 is_manual=False
SEGMENT,JIVO_OIL,2026-08-30T22:04:16+05:30,2026-08-10,JP Machine,181,,FG0000379,MUSTARD KACHI GHANI 1 LTR 20 PCS ROUND BOTTLE,1.0,20,run segment (start->stop),TEA BREAK,,63,117,2340,2340,5400,2229,41,TEA TIME,closed,,,,,,,,VERIFIED-live,segment id=440 15:04->16:07 is_manual=False
SEGMENT,JIVO_OIL,2026-08-30T22:04:16+05:30,2026-08-10,JP Machine,185,,FG0000136,SANO MUSTARD OIL 1 LTR 20 PCS,1.0,20,run segment (start->stop),TEA BREAK,,22,116,2320,2320,5400,6327,117,TEA TIME,closed,,,,,,,,VERIFIED-live,segment id=442 15:47->16:09 is_manual=False
SEGMENT,JIVO_OIL,2026-08-30T22:04:16+05:30,2026-08-10,JP Machine,181,,FG0000379,MUSTARD KACHI GHANI 1 LTR 20 PCS ROUND BOTTLE,1.0,20,run segment (start->stop),END OF SHIFT / CLOSE,,235,0,0,0,5400,,,colse,closed,,,,,,,,VERIFIED-live,"segment id=443 16:26->20:22 is_manual=False  ZERO-CASE SEGMENT: line time recorded, output not keyed in"
SEGMENT,JIVO_OIL,2026-08-30T22:04:16+05:30,2026-08-10,JP Machine,185,,FG0000136,SANO MUSTARD OIL 1 LTR 20 PCS,1.0,20,run segment (start->stop),(no remark),,41,0,0,0,5400,,,,closed,,,,,,,,VERIFIED-live,"segment id=445 16:42->17:24 is_manual=False  ZERO-CASE SEGMENT: line time recorded, output not keyed in"
SEGMENT,JIVO_OIL,2026-08-30T22:04:16+05:30,2026-08-10,JP Machine,185,,FG0000136,SANO MUSTARD OIL 1 LTR 20 PCS,1.0,20,run segment (start->stop),END OF SHIFT / CLOSE,,161,0,0,0,5400,,,colse,closed,,,,,,,,VERIFIED-live,"segment id=448 17:39->20:21 is_manual=False  ZERO-CASE SEGMENT: line time recorded, output not keyed in"
SEGMENT,JIVO_OIL,2026-08-30T22:04:16+05:30,2026-08-11,10 Head,187,,FG0000142,COLD PRESS GROUNDNUT OIL 1 LTR 16 PCS,1.0,16,run segment (start->stop),TEA BREAK,,155,200,3200,3200,2100,1239,59,tea time,closed,,,,,,,,VERIFIED-live,segment id=461 08:46->11:21 is_manual=False
SEGMENT,JIVO_OIL,2026-08-30T22:04:16+05:30,2026-08-11,10 Head,187,,FG0000142,COLD PRESS GROUNDNUT OIL 1 LTR 16 PCS,1.0,16,run segment (start->stop),LUNCH BREAK,,79,0,0,0,2100,,,lunch time,closed,,,,,,,,VERIFIED-live,"segment id=478 12:10->13:30 is_manual=False  ZERO-CASE SEGMENT: line time recorded, output not keyed in"
SEGMENT,JIVO_OIL,2026-08-30T22:04:16+05:30,2026-08-11,10 Head,187,,FG0000142,COLD PRESS GROUNDNUT OIL 1 LTR 16 PCS,1.0,16,run segment (start->stop),END OF SHIFT / CLOSE,,139,0,0,0,2100,,,colse,closed,,,,,,,,VERIFIED-live,"segment id=483 16:52->19:11 is_manual=False  ZERO-CASE SEGMENT: line time recorded, output not keyed in"
SEGMENT,JIVO_OIL,2026-08-30T22:04:16+05:30,2026-08-11,6 Head,188,,FG0000226,RICE BRAN OIL 5 LTR 4 PCS,5.0,4,run segment (start->stop),END OF SHIFT / CLOSE,,163,0,0,0,600,,,colse,closed,,,,,,,,VERIFIED-live,"segment id=462 08:46->11:30 is_manual=False  ZERO-CASE SEGMENT: line time recorded, output not keyed in"
SEGMENT,JIVO_OIL,2026-08-30T22:04:16+05:30,2026-08-11,6 Head,191,,FG0000143,COLD PRESS GROUNDNUT OIL 5 LTR 4 PCS,5.0,4,run segment (start->stop),TEA BREAK,,154,280,1120,5600,600,436,73,tea time,closed,,,,,,,,VERIFIED-live,segment id=465 08:46->11:20 is_manual=False
SEGMENT,JIVO_OIL,2026-08-30T22:04:16+05:30,2026-08-11,6 Head,191,,FG0000143,COLD PRESS GROUNDNUT OIL 5 LTR 4 PCS,5.0,4,run segment (start->stop),LUNCH BREAK,,78,0,0,0,600,,,lunch time,closed,,,,,,,,VERIFIED-live,"segment id=477 12:10->13:29 is_manual=False  ZERO-CASE SEGMENT: line time recorded, output not keyed in"
SEGMENT,JIVO_OIL,2026-08-30T22:04:16+05:30,2026-08-11,6 Head,191,,FG0000143,COLD PRESS GROUNDNUT OIL 5 LTR 4 PCS,5.0,4,run segment (start->stop),(no remark),,17,0,0,0,600,,,,closed,,,,,,,,VERIFIED-live,"segment id=482 16:51->17:09 is_manual=False  ZERO-CASE SEGMENT: line time recorded, output not keyed in"
SEGMENT,JIVO_OIL,2026-08-30T22:04:16+05:30,2026-08-11,Clear Pack,190,,FG0000081,COLD PRESS SUNFLOWER 1 LTR 20 PCS,1.0,20,run segment (start->stop),TEA BREAK,,154,400,8000,8000,4800,3117,65,tea time,closed,,,,,,,,VERIFIED-live,segment id=464 08:46->11:21 is_manual=False
SEGMENT,JIVO_OIL,2026-08-30T22:04:16+05:30,2026-08-11,Clear Pack,190,,FG0000081,COLD PRESS SUNFLOWER 1 LTR 20 PCS,1.0,20,run segment (start->stop),LUNCH BREAK,,118,280,5600,5600,4800,2847,59,lunch time,closed,,,,,,,,VERIFIED-live,segment id=467 11:30->13:29 is_manual=False
SEGMENT,JIVO_OIL,2026-08-30T22:04:16+05:30,2026-08-11,Clear Pack,190,,FG0000081,COLD PRESS SUNFLOWER 1 LTR 20 PCS,1.0,20,run segment (start->stop),END OF SHIFT / CLOSE,,306,0,0,0,4800,,,colse,closed,,,,,,,,VERIFIED-live,"segment id=479 14:04->19:11 is_manual=False  ZERO-CASE SEGMENT: line time recorded, output not keyed in"
SEGMENT,JIVO_OIL,2026-08-30T22:04:16+05:30,2026-08-11,JP Machine,189,,FG0000136,SANO MUSTARD OIL 1 LTR 20 PCS,1.0,20,run segment (start->stop),TEA BREAK,,153,360,7200,7200,5400,2824,52,tea time,closed,,,,,,,,VERIFIED-live,segment id=463 08:46->11:20 is_manual=False
SEGMENT,JIVO_OIL,2026-08-30T22:04:16+05:30,2026-08-11,JP Machine,189,,FG0000136,SANO MUSTARD OIL 1 LTR 20 PCS,1.0,20,run segment (start->stop),LUNCH BREAK,,120,180,3600,3600,5400,1800,33,lunch time,closed,,,,,,,,VERIFIED-live,segment id=466 11:29->13:29 is_manual=False
SEGMENT,JIVO_OIL,2026-08-30T22:04:16+05:30,2026-08-11,JP Machine,189,,FG0000136,SANO MUSTARD OIL 1 LTR 20 PCS,1.0,20,run segment (start->stop),(no remark),,1,33,660,660,5400,39600,733,,closed,,,,,,,,VERIFIED-live,segment id=480 14:04->14:06 is_manual=False
SEGMENT,JIVO_OIL,2026-08-30T22:04:16+05:30,2026-08-11,JP Machine,194,,FG0000030,MUSTARD KACHI GHANI 1 LTR 20 PCS,1.0,20,run segment (start->stop),END OF SHIFT / CLOSE,,257,0,0,0,5400,,,colse,closed,,,,,,,,VERIFIED-live,"segment id=481 14:53->19:11 is_manual=False  ZERO-CASE SEGMENT: line time recorded, output not keyed in"
SEGMENT,JIVO_OIL,2026-08-30T22:04:16+05:30,2026-08-12,10 Head,195,,FG0000142,COLD PRESS GROUNDNUT OIL 1 LTR 16 PCS,1.0,16,run segment (start->stop),TEA BREAK,,158,315,5040,5040,2100,1914,91,tea time,closed,,,,,,,,VERIFIED-live,segment id=487 08:28->11:07 is_manual=False
SEGMENT,JIVO_OIL,2026-08-30T22:04:16+05:30,2026-08-12,10 Head,195,,FG0000142,COLD PRESS GROUNDNUT OIL 1 LTR 16 PCS,1.0,16,run segment (start->stop),LUNCH BREAK,,62,180,2880,2880,2100,2787,133,LUNCH TIME,closed,,,,,,,,VERIFIED-live,segment id=492 12:00->13:02 is_manual=False
SEGMENT,JIVO_OIL,2026-08-30T22:04:16+05:30,2026-08-12,10 Head,195,,FG0000142,COLD PRESS GROUNDNUT OIL 1 LTR 16 PCS,1.0,16,run segment (start->stop),TEA BREAK,,120,315,5040,5040,2100,2520,120,tea time,closed,,,,,,,,VERIFIED-live,segment id=497 14:08->16:08 is_manual=False
SEGMENT,JIVO_OIL,2026-08-30T22:04:16+05:30,2026-08-12,10 Head,195,,FG0000142,COLD PRESS GROUNDNUT OIL 1 LTR 16 PCS,1.0,16,run segment (start->stop),END OF SHIFT / CLOSE,,251,0,0,0,2100,,,colse,closed,,,,,,,,VERIFIED-live,"segment id=500 16:53->21:04 is_manual=False  ZERO-CASE SEGMENT: line time recorded, output not keyed in"
SEGMENT,JIVO_OIL,2026-08-30T22:04:16+05:30,2026-08-12,6 Head,198,,FG0000053,COLD PRESS SUNFLOWER 5 LTR 4 PCS,5.0,4,run segment (start->stop),TEA BREAK,,159,300,1200,6000,600,453,75,tea time,closed,,,,,,,,VERIFIED-live,segment id=484 08:28->11:08 is_manual=False
SEGMENT,JIVO_OIL,2026-08-30T22:04:16+05:30,2026-08-12,6 Head,198,,FG0000053,COLD PRESS SUNFLOWER 5 LTR 4 PCS,5.0,4,run segment (start->stop),(no remark),,52,494,1976,9880,600,2280,380,,closed,,,,,,,,VERIFIED-live,segment id=489 11:59->12:52 is_manual=False
SEGMENT,JIVO_OIL,2026-08-30T22:04:16+05:30,2026-08-12,6 Head,198,,FG0000053,COLD PRESS SUNFLOWER 5 LTR 4 PCS,5.0,4,run segment (start->stop),END OF SHIFT / CLOSE,,25,0,0,0,600,,,COLSE,closed,,,,,,,,VERIFIED-live,"segment id=493 13:40->14:06 is_manual=False  ZERO-CASE SEGMENT: line time recorded, output not keyed in"
SEGMENT,JIVO_OIL,2026-08-30T22:04:16+05:30,2026-08-12,6 Head,200,,FG0000192,SOYABEAN OIL 5 LTR 4 PCS,5.0,4,run segment (start->stop),TEA BREAK,,122,280,1120,5600,600,551,92,tea time,closed,,,,,,,,VERIFIED-live,segment id=494 14:05->16:07 is_manual=False
SEGMENT,JIVO_OIL,2026-08-30T22:04:16+05:30,2026-08-12,6 Head,200,,FG0000192,SOYABEAN OIL 5 LTR 4 PCS,5.0,4,run segment (start->stop),END OF SHIFT / CLOSE,,250,0,0,0,600,,,colse,closed,,,,,,,,VERIFIED-live,"segment id=499 16:53->21:04 is_manual=False  ZERO-CASE SEGMENT: line time recorded, output not keyed in"
SEGMENT,JIVO_OIL,2026-08-30T22:04:16+05:30,2026-08-12,Clear Pack,197,,FG0000429,MUSTARD KACHI GHANI 1 LTR + 1 LTR COMBO 10 SET PLAIN,1.0,10,run segment (start->stop),TEA BREAK,,158,200,2000,2000,4800,759,16,tea time,closed,,,,,,,,VERIFIED-live,segment id=485 08:28->11:06 is_manual=False
SEGMENT,JIVO_OIL,2026-08-30T22:04:16+05:30,2026-08-12,Clear Pack,197,,FG0000429,MUSTARD KACHI GHANI 1 LTR + 1 LTR COMBO 10 SET PLAIN,1.0,10,run segment (start->stop),LUNCH BREAK,,61,80,800,800,4800,787,16,LUNCH TIME,closed,,,,,,,,VERIFIED-live,segment id=490 11:59->13:01 is_manual=False
SEGMENT,JIVO_OIL,2026-08-30T22:04:16+05:30,2026-08-12,Clear Pack,197,,FG0000429,MUSTARD KACHI GHANI 1 LTR + 1 LTR COMBO 10 SET PLAIN,1.0,10,run segment (start->stop),TEA BREAK,,123,80,800,800,4800,390,8,tea time,closed,,,,,,,,VERIFIED-live,segment id=495 14:08->16:11 is_manual=False
SEGMENT,JIVO_OIL,2026-08-30T22:04:16+05:30,2026-08-12,Clear Pack,197,,FG0000429,MUSTARD KACHI GHANI 1 LTR + 1 LTR COMBO 10 SET PLAIN,1.0,10,run segment (start->stop),END OF SHIFT / CLOSE,,279,0,0,0,4800,,,close,closed,,,,,,,,VERIFIED-live,"segment id=498 16:25->21:04 is_manual=False  ZERO-CASE SEGMENT: line time recorded, output not keyed in"
SEGMENT,JIVO_OIL,2026-08-30T22:04:16+05:30,2026-08-12,JP Machine,196,,FG0000030,MUSTARD KACHI GHANI 1 LTR 20 PCS,1.0,20,run segment (start->stop),TEA BREAK,,159,390,7800,7800,5400,2943,55,tea time,closed,,,,,,,,VERIFIED-live,segment id=486 08:28->11:08 is_manual=False
SEGMENT,JIVO_OIL,2026-08-30T22:04:16+05:30,2026-08-12,JP Machine,196,,FG0000030,MUSTARD KACHI GHANI 1 LTR 20 PCS,1.0,20,run segment (start->stop),LUNCH BREAK,,68,0,0,0,5400,,,LUNCH TIME,closed,,,,,,,,VERIFIED-live,"segment id=491 11:59->13:08 is_manual=False  ZERO-CASE SEGMENT: line time recorded, output not keyed in"
SEGMENT,JIVO_OIL,2026-08-30T22:04:16+05:30,2026-08-12,JP Machine,196,,FG0000030,MUSTARD KACHI GHANI 1 LTR 20 PCS,1.0,20,run segment (start->stop),TEA BREAK,,120,0,0,0,5400,,,tea time,closed,,,,,,,,VERIFIED-live,"segment id=496 14:08->16:09 is_manual=False  ZERO-CASE SEGMENT: line time recorded, output not keyed in"
SEGMENT,JIVO_OIL,2026-08-30T22:04:16+05:30,2026-08-13,10 Head,201,,FG0000142,COLD PRESS GROUNDNUT OIL 1 LTR 16 PCS,1.0,16,run segment (start->stop),TEA BREAK,,203,0,0,0,2100,,,tea time,closed,,,,,,,,VERIFIED-live,"segment id=504 08:00->11:24 is_manual=False  ZERO-CASE SEGMENT: line time recorded, output not keyed in"
SEGMENT,JIVO_OIL,2026-08-30T22:04:16+05:30,2026-08-13,10 Head,201,,FG0000142,COLD PRESS GROUNDNUT OIL 1 LTR 16 PCS,1.0,16,run segment (start->stop),LUNCH BREAK,,61,450,7200,7200,2100,7082,337,lunch time,closed,,,,,,,,VERIFIED-live,segment id=524 12:00->13:02 is_manual=False
SEGMENT,JIVO_OIL,2026-08-30T22:04:16+05:30,2026-08-13,10 Head,201,,FG0000142,COLD PRESS GROUNDNUT OIL 1 LTR 16 PCS,1.0,16,run segment (start->stop),TEA BREAK,,90,0,0,0,2100,,,TEA TIME,closed,,,,,,,,VERIFIED-live,"segment id=526 14:42->16:13 is_manual=False  ZERO-CASE SEGMENT: line time recorded, output not keyed in"
SEGMENT,JIVO_OIL,2026-08-30T22:04:16+05:30,2026-08-13,10 Head,201,,FG0000142,COLD PRESS GROUNDNUT OIL 1 LTR 16 PCS,1.0,16,run segment (start->stop),END OF SHIFT / CLOSE,,297,0,0,0,2100,,,COLSE,closed,,,,,,,,VERIFIED-live,"segment id=528 16:38->21:36 is_manual=False  ZERO-CASE SEGMENT: line time recorded, output not keyed in"
SEGMENT,JIVO_OIL,2026-08-30T22:04:16+05:30,2026-08-13,6 Head,202,,FG0000192,SOYABEAN OIL 5 LTR 4 PCS,5.0,4,run segment (start->stop),TEA BREAK,,202,180,720,3600,600,214,36,tea time,closed,,,,,,,,VERIFIED-live,segment id=503 08:00->11:23 is_manual=False
SEGMENT,JIVO_OIL,2026-08-30T22:04:16+05:30,2026-08-13,6 Head,205,,FG0000038,MUSTARD KACCHI GHANI 2 LTR 10 PCS,2.0,10,run segment (start->stop),TEA BREAK,,68,80,800,1600,720,706,98,tea time,closed,,,,,,,,VERIFIED-live,segment id=505 10:14->11:22 is_manual=False
SEGMENT,JIVO_OIL,2026-08-30T22:04:16+05:30,2026-08-13,6 Head,205,,FG0000038,MUSTARD KACCHI GHANI 2 LTR 10 PCS,2.0,10,run segment (start->stop),LUNCH BREAK,,61,0,0,0,720,,,lunch time,closed,,,,,,,,VERIFIED-live,"segment id=522 12:00->13:02 is_manual=False  ZERO-CASE SEGMENT: line time recorded, output not keyed in"
SEGMENT,JIVO_OIL,2026-08-30T22:04:16+05:30,2026-08-13,6 Head,205,,FG0000038,MUSTARD KACCHI GHANI 2 LTR 10 PCS,2.0,10,run segment (start->stop),TEA BREAK,,92,0,0,0,720,,,TEA TIME,closed,,,,,,,,VERIFIED-live,"segment id=525 14:40->16:12 is_manual=False  ZERO-CASE SEGMENT: line time recorded, output not keyed in"
SEGMENT,JIVO_OIL,2026-08-30T22:04:16+05:30,2026-08-13,6 Head,205,,FG0000038,MUSTARD KACCHI GHANI 2 LTR 10 PCS,2.0,10,run segment (start->stop),END OF SHIFT / CLOSE,,266,0,0,0,720,,,COLSE,closed,,,,,,,,VERIFIED-live,"segment id=529 17:08->21:35 is_manual=False  ZERO-CASE SEGMENT: line time recorded, output not keyed in"
SEGMENT,JIVO_OIL,2026-08-30T22:04:16+05:30,2026-08-13,Clear Pack,204,,FG0000429,MUSTARD KACHI GHANI 1 LTR + 1 LTR COMBO 10 SET PLAIN,1.0,10,run segment (start->stop),TEA BREAK,,201,280,2800,2800,4800,836,17,tea time,closed,,,,,,,,VERIFIED-live,segment id=501 08:00->11:22 is_manual=False
SEGMENT,JIVO_OIL,2026-08-30T22:04:16+05:30,2026-08-13,Clear Pack,204,,FG0000429,MUSTARD KACHI GHANI 1 LTR + 1 LTR COMBO 10 SET PLAIN,1.0,10,run segment (start->stop),LUNCH BREAK,,92,100,1000,1000,4800,652,14,lunch time,closed,,,,,,,,VERIFIED-live,segment id=521 11:29->13:01 is_manual=False
SEGMENT,JIVO_OIL,2026-08-30T22:04:16+05:30,2026-08-13,Clear Pack,204,,FG0000429,MUSTARD KACHI GHANI 1 LTR + 1 LTR COMBO 10 SET PLAIN,1.0,10,run segment (start->stop),TEA BREAK,,66,0,0,0,4800,,,TEA TIME,closed,,,,,,,,VERIFIED-live,"segment id=527 15:05->16:12 is_manual=False  ZERO-CASE SEGMENT: line time recorded, output not keyed in"
SEGMENT,JIVO_OIL,2026-08-30T22:04:16+05:30,2026-08-13,Clear Pack,204,,FG0000429,MUSTARD KACHI GHANI 1 LTR + 1 LTR COMBO 10 SET PLAIN,1.0,10,run segment (start->stop),END OF SHIFT / CLOSE,,270,0,0,0,4800,,,COLSE,closed,,,,,,,,VERIFIED-live,"segment id=530 17:08->21:39 is_manual=False  ZERO-CASE SEGMENT: line time recorded, output not keyed in"
SEGMENT,JIVO_OIL,2026-08-30T22:04:16+05:30,2026-08-13,JP Machine,203,,FG0000030,MUSTARD KACHI GHANI 1 LTR 20 PCS,1.0,20,run segment (start->stop),TEA BREAK,,200,405,8100,8100,5400,2430,45,tea time,closed,,,,,,,,VERIFIED-live,segment id=502 08:00->11:21 is_manual=False
SEGMENT,JIVO_OIL,2026-08-30T22:04:16+05:30,2026-08-13,JP Machine,203,,FG0000030,MUSTARD KACHI GHANI 1 LTR 20 PCS,1.0,20,run segment (start->stop),LUNCH BREAK,,65,0,0,0,5400,,,lunch itme,closed,,,,,,,,VERIFIED-live,"segment id=523 12:00->13:06 is_manual=False  ZERO-CASE SEGMENT: line time recorded, output not keyed in"
SEGMENT,JIVO_OIL,2026-08-30T22:04:16+05:30,2026-08-14,10 Head,208,,FG0000028,POMACE OLIVE 1 LTR 16 PCS,1.0,16,run segment (start->stop),TEA BREAK,,186,225,3600,3600,2100,1161,55,tea time,closed,,,,,,,,VERIFIED-live,segment id=531 08:00->11:07 is_manual=False
SEGMENT,JIVO_OIL,2026-08-30T22:04:16+05:30,2026-08-14,10 Head,208,,FG0000028,POMACE OLIVE 1 LTR 16 PCS,1.0,16,run segment (start->stop),LUNCH BREAK,,82,150,2400,2400,2100,1756,84,lunch time,closed,,,,,,,,VERIFIED-live,segment id=538 11:40->13:03 is_manual=False
SEGMENT,JIVO_OIL,2026-08-30T22:04:16+05:30,2026-08-14,10 Head,208,,FG0000028,POMACE OLIVE 1 LTR 16 PCS,1.0,16,run segment (start->stop),END OF SHIFT / CLOSE,,500,0,0,0,2100,,,colse,closed,,,,,,,,VERIFIED-live,"segment id=542 13:52->22:12 is_manual=False  ZERO-CASE SEGMENT: line time recorded, output not keyed in"
SEGMENT,JIVO_OIL,2026-08-30T22:04:16+05:30,2026-08-14,6 Head,207,,FG0000038,MUSTARD KACCHI GHANI 2 LTR 10 PCS,2.0,10,run segment (start->stop),TEA BREAK,,187,160,1600,3200,720,513,71,tea time,closed,,,,,,,,VERIFIED-live,segment id=532 08:00->11:07 is_manual=False
SEGMENT,JIVO_OIL,2026-08-30T22:04:16+05:30,2026-08-14,6 Head,207,,FG0000038,MUSTARD KACCHI GHANI 2 LTR 10 PCS,2.0,10,run segment (start->stop),LUNCH BREAK,,0,80,800,1600,720,,,lunch time,closed,,,,,,,,VERIFIED-live,segment id=539 13:00->13:00 is_manual=False
SEGMENT,JIVO_OIL,2026-08-30T22:04:16+05:30,2026-08-14,6 Head,207,,FG0000038,MUSTARD KACCHI GHANI 2 LTR 10 PCS,2.0,10,run segment (start->stop),END OF SHIFT / CLOSE,,499,0,0,0,720,,,colse,closed,,,,,,,,VERIFIED-live,"segment id=543 13:52->22:12 is_manual=False  ZERO-CASE SEGMENT: line time recorded, output not keyed in"
SEGMENT,JIVO_OIL,2026-08-30T22:04:16+05:30,2026-08-14,Clear Pack,206,,FG0000429,MUSTARD KACHI GHANI 1 LTR + 1 LTR COMBO 10 SET PLAIN,1.0,10,run segment (start->stop),TEA BREAK,,186,280,2800,2800,4800,903,19,tea time,closed,,,,,,,,VERIFIED-live,segment id=533 08:00->11:06 is_manual=False
SEGMENT,JIVO_OIL,2026-08-30T22:04:16+05:30,2026-08-14,Clear Pack,206,,FG0000429,MUSTARD KACHI GHANI 1 LTR + 1 LTR COMBO 10 SET PLAIN,1.0,10,run segment (start->stop),LUNCH BREAK,,83,120,1200,1200,4800,867,18,lunch time,closed,,,,,,,,VERIFIED-live,segment id=537 11:38->13:02 is_manual=False
SEGMENT,JIVO_OIL,2026-08-30T22:04:16+05:30,2026-08-14,Clear Pack,206,,FG0000429,MUSTARD KACHI GHANI 1 LTR + 1 LTR COMBO 10 SET PLAIN,1.0,10,run segment (start->stop),END OF SHIFT / CLOSE,,498,0,0,0,4800,,,colse,closed,,,,,,,,VERIFIED-live,"segment id=541 13:52->22:11 is_manual=False  ZERO-CASE SEGMENT: line time recorded, output not keyed in"
SEGMENT,JIVO_OIL,2026-08-30T22:04:16+05:30,2026-08-14,Pouch Machine,209,,FG0000106,MUSTARD KACHHI GHANI 1 LTR POUCH 12 PCS,1.0,12,run segment (start->stop),TEA BREAK,,172,280,3360,3360,2400,1172,49,tea time,closed,,,,,,,,VERIFIED-live,segment id=534 08:28->11:20 is_manual=False
SEGMENT,JIVO_OIL,2026-08-30T22:04:16+05:30,2026-08-14,Pouch Machine,209,,FG0000106,MUSTARD KACHHI GHANI 1 LTR POUCH 12 PCS,1.0,12,run segment (start->stop),LUNCH BREAK,,96,0,0,0,2400,,,lunch time,closed,,,,,,,,VERIFIED-live,"segment id=536 11:29->13:06 is_manual=False  ZERO-CASE SEGMENT: line time recorded, output not keyed in"
SEGMENT,JIVO_OIL,2026-08-30T22:04:16+05:30,2026-08-14,Pouch Machine,209,,FG0000106,MUSTARD KACHHI GHANI 1 LTR POUCH 12 PCS,1.0,12,run segment (start->stop),END OF SHIFT / CLOSE,,515,0,0,0,2400,,,colse,closed,,,,,,,,VERIFIED-live,"segment id=540 13:37->22:13 is_manual=False  ZERO-CASE SEGMENT: line time recorded, output not keyed in"
SEGMENT,JIVO_OIL,2026-08-30T22:04:16+05:30,2026-08-17,10 Head,212,,FG0000028,POMACE OLIVE 1 LTR 16 PCS,1.0,16,run segment (start->stop),LUNCH BREAK,,291,150,2400,2400,2100,495,24,lunch time,closed,,,,,,,,VERIFIED-live,segment id=545 08:36->13:27 is_manual=False
SEGMENT,JIVO_OIL,2026-08-30T22:04:16+05:30,2026-08-17,10 Head,212,,FG0000028,POMACE OLIVE 1 LTR 16 PCS,1.0,16,run segment (start->stop),TEA BREAK,,103,225,3600,3600,2100,2097,100,TEA TIME,closed,,,,,,,,VERIFIED-live,segment id=558 14:19->16:03 is_manual=False
SEGMENT,JIVO_OIL,2026-08-30T22:04:16+05:30,2026-08-17,10 Head,212,,FG0000028,POMACE OLIVE 1 LTR 16 PCS,1.0,16,run segment (start->stop),END OF SHIFT / CLOSE,,322,0,0,0,2100,,,colse,closed,,,,,,,,VERIFIED-live,"segment id=561 16:29->21:52 is_manual=False  ZERO-CASE SEGMENT: line time recorded, output not keyed in"
SEGMENT,JIVO_OIL,2026-08-30T22:04:16+05:30,2026-08-17,6 Head,214,,FG0000011,MUSTARD KACCHI GHANI 5 LTR 4 PCS,5.0,4,run segment (start->stop),LUNCH BREAK,,274,160,640,3200,600,140,23,lunch time,closed,,,,,,,,VERIFIED-live,segment id=546 08:54->13:28 is_manual=False
SEGMENT,JIVO_OIL,2026-08-30T22:04:16+05:30,2026-08-17,6 Head,214,,FG0000011,MUSTARD KACCHI GHANI 5 LTR 4 PCS,5.0,4,run segment (start->stop),TEA BREAK,,139,280,1120,5600,600,483,81,TEA TIME,closed,,,,,,,,VERIFIED-live,segment id=555 13:44->16:04 is_manual=False
SEGMENT,JIVO_OIL,2026-08-30T22:04:16+05:30,2026-08-17,6 Head,214,,FG0000011,MUSTARD KACCHI GHANI 5 LTR 4 PCS,5.0,4,run segment (start->stop),END OF SHIFT / CLOSE,,321,0,0,0,600,,,colse,closed,,,,,,,,VERIFIED-live,"segment id=559 16:29->21:50 is_manual=False  ZERO-CASE SEGMENT: line time recorded, output not keyed in"
SEGMENT,JIVO_OIL,2026-08-30T22:04:16+05:30,2026-08-17,Clear Pack,213,,FG0000081,COLD PRESS SUNFLOWER 1 LTR 20 PCS,1.0,20,run segment (start->stop),LUNCH BREAK,,272,280,5600,5600,4800,1235,26,lunch time,closed,,,,,,,,VERIFIED-live,segment id=547 08:54->13:26 is_manual=False
SEGMENT,JIVO_OIL,2026-08-30T22:04:16+05:30,2026-08-17,Clear Pack,213,,FG0000081,COLD PRESS SUNFLOWER 1 LTR 20 PCS,1.0,20,run segment (start->stop),TEA BREAK,,137,360,7200,7200,4800,3153,66,TEA TIME,closed,,,,,,,,VERIFIED-live,segment id=557 13:46->16:03 is_manual=False
SEGMENT,JIVO_OIL,2026-08-30T22:04:16+05:30,2026-08-17,Clear Pack,213,,FG0000081,COLD PRESS SUNFLOWER 1 LTR 20 PCS,1.0,20,run segment (start->stop),END OF SHIFT / CLOSE,,322,0,0,0,4800,,,colse,closed,,,,,,,,VERIFIED-live,"segment id=560 16:29->21:51 is_manual=False  ZERO-CASE SEGMENT: line time recorded, output not keyed in"
SEGMENT,JIVO_OIL,2026-08-30T22:04:16+05:30,2026-08-17,JP Machine,211,,FG0000030,MUSTARD KACHI GHANI 1 LTR 20 PCS,1.0,20,run segment (start->stop),LUNCH BREAK,,293,225,4500,4500,5400,922,17,lunch time,closed,,,,,,,,VERIFIED-live,segment id=544 08:33->13:27 is_manual=False
SEGMENT,JIVO_OIL,2026-08-30T22:04:16+05:30,2026-08-17,JP Machine,211,,FG0000030,MUSTARD KACHI GHANI 1 LTR 20 PCS,1.0,20,run segment (start->stop),TEA BREAK,,138,280,5600,5600,5400,2435,45,TEA TIME,closed,,,,,,,,VERIFIED-live,segment id=556 13:45->16:03 is_manual=False
SEGMENT,JIVO_OIL,2026-08-30T22:04:16+05:30,2026-08-17,JP Machine,211,,FG0000030,MUSTARD KACHI GHANI 1 LTR 20 PCS,1.0,20,run segment (start->stop),END OF SHIFT / CLOSE,,323,0,0,0,5400,,,colse,closed,,,,,,,,VERIFIED-live,"segment id=562 16:29->21:52 is_manual=False  ZERO-CASE SEGMENT: line time recorded, output not keyed in"
SEGMENT,JIVO_OIL,2026-08-30T22:04:16+05:30,2026-08-18,10 Head,216,,FG0000142,COLD PRESS GROUNDNUT OIL 1 LTR 16 PCS,1.0,16,run segment (start->stop),TEA BREAK,,57,0,0,0,2100,,,TEA TIME,closed,,,,,,,,VERIFIED-live,"segment id=566 10:38->11:35 is_manual=False  ZERO-CASE SEGMENT: line time recorded, output not keyed in"
SEGMENT,JIVO_OIL,2026-08-30T22:04:16+05:30,2026-08-18,10 Head,216,,FG0000142,COLD PRESS GROUNDNUT OIL 1 LTR 16 PCS,1.0,16,run segment (start->stop),LUNCH BREAK,,115,300,4800,4800,2100,2504,119,lunch time,closed,,,,,,,,VERIFIED-live,segment id=570 11:35->13:31 is_manual=False
SEGMENT,JIVO_OIL,2026-08-30T22:04:16+05:30,2026-08-18,10 Head,216,,FG0000142,COLD PRESS GROUNDNUT OIL 1 LTR 16 PCS,1.0,16,run segment (start->stop),TEA BREAK,,150,300,4800,4800,2100,1920,91,TEA TIME,closed,,,,,,,,VERIFIED-live,segment id=571 13:38->16:08 is_manual=False
SEGMENT,JIVO_OIL,2026-08-30T22:04:16+05:30,2026-08-18,10 Head,216,,FG0000142,COLD PRESS GROUNDNUT OIL 1 LTR 16 PCS,1.0,16,run segment (start->stop),END OF SHIFT / CLOSE,,339,0,0,0,2100,,,colse,closed,,,,,,,,VERIFIED-live,"segment id=586 16:28->22:08 is_manual=False  ZERO-CASE SEGMENT: line time recorded, output not keyed in"
SEGMENT,JIVO_OIL,2026-08-30T22:04:16+05:30,2026-08-18,6 Head,220,,FG0000011,MUSTARD KACCHI GHANI 5 LTR 4 PCS,5.0,4,run segment (start->stop),END OF SHIFT / CLOSE,,687,0,0,0,600,,,close,closed,,,,,,,,VERIFIED-live,"segment id=563 10:38->22:05 is_manual=False  ZERO-CASE SEGMENT: line time recorded, output not keyed in"
SEGMENT,JIVO_OIL,2026-08-30T22:04:16+05:30,2026-08-18,Clear Pack,219,,FG0000081,COLD PRESS SUNFLOWER 1 LTR 20 PCS,1.0,20,run segment (start->stop),TEA BREAK,,26,440,8800,8800,4800,20308,423,TEA TIME,closed,,,,,,,,VERIFIED-live,segment id=564 10:38->11:05 is_manual=False
SEGMENT,JIVO_OIL,2026-08-30T22:04:16+05:30,2026-08-18,Clear Pack,219,,FG0000081,COLD PRESS SUNFLOWER 1 LTR 20 PCS,1.0,20,run segment (start->stop),LUNCH BREAK,,84,280,5600,5600,4800,4000,83,lunch time,closed,,,,,,,,VERIFIED-live,segment id=569 11:35->13:00 is_manual=False
SEGMENT,JIVO_OIL,2026-08-30T22:04:16+05:30,2026-08-18,Clear Pack,219,,FG0000081,COLD PRESS SUNFLOWER 1 LTR 20 PCS,1.0,20,run segment (start->stop),TEA BREAK,,150,400,8000,8000,4800,3200,67,TEA TIME,closed,,,,,,,,VERIFIED-live,segment id=572 13:38->16:08 is_manual=False
SEGMENT,JIVO_OIL,2026-08-30T22:04:16+05:30,2026-08-18,Clear Pack,219,,FG0000081,COLD PRESS SUNFLOWER 1 LTR 20 PCS,1.0,20,run segment (start->stop),END OF SHIFT / CLOSE,,338,0,0,0,4800,,,colse,closed,,,,,,,,VERIFIED-live,"segment id=584 16:28->22:06 is_manual=False  ZERO-CASE SEGMENT: line time recorded, output not keyed in"
SEGMENT,JIVO_OIL,2026-08-30T22:04:16+05:30,2026-08-18,JP Machine,218,,FG0000422,JIVO MUSTARD KACCHI GHANI 869 GMS 20 PCS,0.954945054945055,20,run segment (start->stop),TEA BREAK,,27,270,5400,5157,,12000,,TEA TIME,closed,,,,,,,,VERIFIED-live,segment id=565 10:38->11:05 is_manual=False
SEGMENT,JIVO_OIL,2026-08-30T22:04:16+05:30,2026-08-18,JP Machine,218,,FG0000422,JIVO MUSTARD KACCHI GHANI 869 GMS 20 PCS,0.954945054945055,20,run segment (start->stop),LUNCH BREAK,,84,255,5100,4870,,3643,,lunch time,closed,,,,,,,,VERIFIED-live,segment id=568 11:35->13:00 is_manual=False
SEGMENT,JIVO_OIL,2026-08-30T22:04:16+05:30,2026-08-18,JP Machine,218,,FG0000422,JIVO MUSTARD KACCHI GHANI 869 GMS 20 PCS,0.954945054945055,20,run segment (start->stop),TEA BREAK,,150,270,5400,5157,,2160,,TEA TIME,closed,,,,,,,,VERIFIED-live,segment id=573 13:38->16:09 is_manual=False
SEGMENT,JIVO_OIL,2026-08-30T22:04:16+05:30,2026-08-18,JP Machine,218,,FG0000422,JIVO MUSTARD KACCHI GHANI 869 GMS 20 PCS,0.954945054945055,20,run segment (start->stop),END OF SHIFT / CLOSE,,339,0,0,0,,,,colse,closed,,,,,,,,VERIFIED-live,"segment id=585 16:28->22:07 is_manual=False  ZERO-CASE SEGMENT: line time recorded, output not keyed in"
SEGMENT,JIVO_OIL,2026-08-30T22:04:16+05:30,2026-08-18,Tin Head,222,,FG0000367,SANO POMACE OLIVE OIL 15 L,,1,run segment (start->stop),END OF SHIFT / CLOSE,,498,0,0,,,,,colse,closed,,,,,,,,VERIFIED-live,"segment id=574 13:46->22:04 is_manual=False  ZERO-CASE SEGMENT: line time recorded, output not keyed in"
SEGMENT,JIVO_OIL,2026-08-30T22:04:16+05:30,2026-08-18,Tin Head,223,,FG0000015,REFINED OIL 15 LTR,15.0,1,run segment (start->stop),END OF SHIFT / CLOSE,,194,0,0,0,240,,,colse,closed,,,,,,,,VERIFIED-live,"segment id=587 07:48->11:03 is_manual=False  ZERO-CASE SEGMENT: line time recorded, output not keyed in"
SEGMENT,JIVO_OIL,2026-08-30T22:04:16+05:30,2026-08-19,10 Head,224,,FG0000142,COLD PRESS GROUNDNUT OIL 1 LTR 16 PCS,1.0,16,run segment (start->stop),TEA BREAK,,195,0,0,0,2100,,,tea time,closed,,,,,,,,VERIFIED-live,"segment id=588 07:53->11:08 is_manual=False  ZERO-CASE SEGMENT: line time recorded, output not keyed in"
SEGMENT,JIVO_OIL,2026-08-30T22:04:16+05:30,2026-08-19,10 Head,224,,FG0000142,COLD PRESS GROUNDNUT OIL 1 LTR 16 PCS,1.0,16,run segment (start->stop),LUNCH BREAK,,47,400,6400,6400,2100,8170,389,LUNCH TIME,closed,,,,,,,,VERIFIED-live,segment id=598 12:21->13:08 is_manual=False
SEGMENT,JIVO_OIL,2026-08-30T22:04:16+05:30,2026-08-19,10 Head,224,,FG0000142,COLD PRESS GROUNDNUT OIL 1 LTR 16 PCS,1.0,16,run segment (start->stop),TEA BREAK,,135,225,3600,3600,2100,1600,76,TEA TIME,closed,,,,,,,,VERIFIED-live,segment id=603 13:48->16:03 is_manual=False
SEGMENT,JIVO_OIL,2026-08-30T22:04:16+05:30,2026-08-19,10 Head,224,,FG0000142,COLD PRESS GROUNDNUT OIL 1 LTR 16 PCS,1.0,16,run segment (start->stop),END OF SHIFT / CLOSE,,205,0,0,0,2100,,,colse,closed,,,,,,,,VERIFIED-live,"segment id=614 16:25->19:50 is_manual=False  ZERO-CASE SEGMENT: line time recorded, output not keyed in"
SEGMENT,JIVO_OIL,2026-08-30T22:04:16+05:30,2026-08-19,6 Head,227,,FG0000012,MUSTARD PAKKI GHANI 5 LTR 4 PCS,5.0,4,run segment (start->stop),TEA BREAK,,193,320,1280,6400,600,398,66,tea time,closed,,,,,,,,VERIFIED-live,segment id=591 07:53->11:06 is_manual=False
SEGMENT,JIVO_OIL,2026-08-30T22:04:16+05:30,2026-08-19,6 Head,227,,FG0000012,MUSTARD PAKKI GHANI 5 LTR 4 PCS,5.0,4,run segment (start->stop),LUNCH BREAK,,59,0,0,0,600,,,LUNCH TIME,closed,,,,,,,,VERIFIED-live,"segment id=595 12:09->13:09 is_manual=False  ZERO-CASE SEGMENT: line time recorded, output not keyed in"
SEGMENT,JIVO_OIL,2026-08-30T22:04:16+05:30,2026-08-19,6 Head,227,,FG0000012,MUSTARD PAKKI GHANI 5 LTR 4 PCS,5.0,4,run segment (start->stop),TEA BREAK,,140,0,0,0,600,,,TEA TIME,closed,,,,,,,,VERIFIED-live,"segment id=599 13:48->16:08 is_manual=False  ZERO-CASE SEGMENT: line time recorded, output not keyed in"
SEGMENT,JIVO_OIL,2026-08-30T22:04:16+05:30,2026-08-19,6 Head,227,,FG0000012,MUSTARD PAKKI GHANI 5 LTR 4 PCS,5.0,4,run segment (start->stop),END OF SHIFT / CLOSE,,204,0,0,0,600,,,colse,closed,,,,,,,,VERIFIED-live,"segment id=611 16:24->19:49 is_manual=False  ZERO-CASE SEGMENT: line time recorded, output not keyed in"
SEGMENT,JIVO_OIL,2026-08-30T22:04:16+05:30,2026-08-19,6 Head,230,,FG0000029,MUSTARD PAKKI GHANI 2 LTR 10 PCS,2.0,10,run segment (start->stop),END OF SHIFT / CLOSE,,152,0,0,0,720,,,colse,closed,,,,,,,,VERIFIED-live,"segment id=615 17:16->19:48 is_manual=False  ZERO-CASE SEGMENT: line time recorded, output not keyed in"
SEGMENT,JIVO_OIL,2026-08-30T22:04:16+05:30,2026-08-19,Clear Pack,226,,FG0000081,COLD PRESS SUNFLOWER 1 LTR 20 PCS,1.0,20,run segment (start->stop),TEA BREAK,,193,480,9600,9600,4800,2984,62,tea time,closed,,,,,,,,VERIFIED-live,segment id=590 07:53->11:07 is_manual=False
SEGMENT,JIVO_OIL,2026-08-30T22:04:16+05:30,2026-08-19,Clear Pack,226,,FG0000081,COLD PRESS SUNFLOWER 1 LTR 20 PCS,1.0,20,run segment (start->stop),LUNCH BREAK,,46,160,3200,3200,4800,4174,87,LUNCH TIME,closed,,,,,,,,VERIFIED-live,segment id=596 12:21->13:07 is_manual=False
SEGMENT,JIVO_OIL,2026-08-30T22:04:16+05:30,2026-08-19,Clear Pack,226,,FG0000081,COLD PRESS SUNFLOWER 1 LTR 20 PCS,1.0,20,run segment (start->stop),TEA BREAK,,134,320,6400,6400,4800,2866,60,TEA TIME,closed,,,,,,,,VERIFIED-live,segment id=601 13:48->16:02 is_manual=False
SEGMENT,JIVO_OIL,2026-08-30T22:04:16+05:30,2026-08-19,Clear Pack,226,,FG0000081,COLD PRESS SUNFLOWER 1 LTR 20 PCS,1.0,20,run segment (start->stop),END OF SHIFT / CLOSE,,205,0,0,0,4800,,,colse,closed,,,,,,,,VERIFIED-live,"segment id=612 16:24->19:50 is_manual=False  ZERO-CASE SEGMENT: line time recorded, output not keyed in"
SEGMENT,JIVO_OIL,2026-08-30T22:04:16+05:30,2026-08-19,JP Machine,225,,FG0000030,MUSTARD KACHI GHANI 1 LTR 20 PCS,1.0,20,run segment (start->stop),TEA BREAK,,193,440,8800,8800,5400,2736,51,tea time,closed,,,,,,,,VERIFIED-live,segment id=589 07:53->11:07 is_manual=False
SEGMENT,JIVO_OIL,2026-08-30T22:04:16+05:30,2026-08-19,JP Machine,225,,FG0000030,MUSTARD KACHI GHANI 1 LTR 20 PCS,1.0,20,run segment (start->stop),LUNCH BREAK,,39,160,3200,3200,5400,4923,91,LUNCH TIME,closed,,,,,,,,VERIFIED-live,segment id=597 12:21->13:00 is_manual=False
SEGMENT,JIVO_OIL,2026-08-30T22:04:16+05:30,2026-08-19,JP Machine,225,,FG0000030,MUSTARD KACHI GHANI 1 LTR 20 PCS,1.0,20,run segment (start->stop),TEA BREAK,,136,280,5600,5600,5400,2471,46,TEA TIME,closed,,,,,,,,VERIFIED-live,segment id=602 13:48->16:05 is_manual=False
SEGMENT,JIVO_OIL,2026-08-30T22:04:16+05:30,2026-08-19,JP Machine,225,,FG0000030,MUSTARD KACHI GHANI 1 LTR 20 PCS,1.0,20,run segment (start->stop),END OF SHIFT / CLOSE,,205,0,0,0,5400,,,colse,closed,,,,,,,,VERIFIED-live,"segment id=613 16:25->19:50 is_manual=False  ZERO-CASE SEGMENT: line time recorded, output not keyed in"
SEGMENT,JIVO_OIL,2026-08-30T22:04:16+05:30,2026-08-19,Tin Head,228,,FG0000015,REFINED OIL 15 LTR,15.0,1,run segment (start->stop),TEA BREAK,,175,320,320,4800,240,110,46,tea time,closed,,,,,,,,VERIFIED-live,segment id=592 08:10->11:06 is_manual=False
SEGMENT,JIVO_OIL,2026-08-30T22:04:16+05:30,2026-08-19,Tin Head,228,,FG0000015,REFINED OIL 15 LTR,15.0,1,run segment (start->stop),LUNCH BREAK,,53,960,960,14400,240,1087,453,LUNCH TIME,closed,,,,,,,,VERIFIED-live,segment id=594 12:09->13:02 is_manual=False
SEGMENT,JIVO_OIL,2026-08-30T22:04:16+05:30,2026-08-19,Tin Head,228,,FG0000015,REFINED OIL 15 LTR,15.0,1,run segment (start->stop),TEA BREAK,,140,0,0,0,240,,,TEA TIME,closed,,,,,,,,VERIFIED-live,"segment id=600 13:48->16:08 is_manual=False  ZERO-CASE SEGMENT: line time recorded, output not keyed in"
SEGMENT,JIVO_OIL,2026-08-30T22:04:16+05:30,2026-08-19,Tin Head,228,,FG0000015,REFINED OIL 15 LTR,15.0,1,run segment (start->stop),END OF SHIFT / CLOSE,,204,0,0,0,240,,,colse,closed,,,,,,,,VERIFIED-live,"segment id=610 16:24->19:49 is_manual=False  ZERO-CASE SEGMENT: line time recorded, output not keyed in"
SEGMENT,JIVO_OIL,2026-08-30T22:04:16+05:30,2026-08-20,10 Head,231,,FG0000142,COLD PRESS GROUNDNUT OIL 1 LTR 16 PCS,1.0,16,run segment (start->stop),END OF SHIFT / CLOSE,,1546,0,0,0,2100,,,COLSE,closed,,,,,,,,VERIFIED-live,"segment id=619 08:30->10:17 is_manual=False  ZERO-CASE SEGMENT: line time recorded, output not keyed in"
SEGMENT,JIVO_OIL,2026-08-30T22:04:16+05:30,2026-08-20,6 Head,232,,FG0000029,MUSTARD PAKKI GHANI 2 LTR 10 PCS,2.0,10,run segment (start->stop),END OF SHIFT / CLOSE,,1547,0,0,0,720,,,COLSE,closed,,,,,,,,VERIFIED-live,"segment id=618 08:30->10:18 is_manual=False  ZERO-CASE SEGMENT: line time recorded, output not keyed in"
SEGMENT,JIVO_OIL,2026-08-30T22:04:16+05:30,2026-08-20,Clear Pack,234,,FG0000053,COLD PRESS SUNFLOWER 5 LTR 4 PCS,5.0,4,run segment (start->stop),END OF SHIFT / CLOSE,,1549,0,0,0,3000,,,COLSE,closed,,,,,,,,VERIFIED-live,"segment id=616 08:30->10:19 is_manual=False  ZERO-CASE SEGMENT: line time recorded, output not keyed in"
SEGMENT,JIVO_OIL,2026-08-30T22:04:16+05:30,2026-08-20,JP Machine,233,,FG0000030,MUSTARD KACHI GHANI 1 LTR 20 PCS,1.0,20,run segment (start->stop),END OF SHIFT / CLOSE,,1548,0,0,0,5400,,,COLSE,closed,,,,,,,,VERIFIED-live,"segment id=617 08:30->10:19 is_manual=False  ZERO-CASE SEGMENT: line time recorded, output not keyed in"
SEGMENT,JIVO_OIL,2026-08-30T22:04:16+05:30,2026-08-21,10 Head,236,,FG0000142,COLD PRESS GROUNDNUT OIL 1 LTR 16 PCS,1.0,16,run segment (start->stop),TEA BREAK,,124,315,5040,5040,2100,2439,116,TEA TIME,closed,,,,,,,,VERIFIED-live,segment id=625 09:06->11:10 is_manual=False
SEGMENT,JIVO_OIL,2026-08-30T22:04:16+05:30,2026-08-21,10 Head,236,,FG0000142,COLD PRESS GROUNDNUT OIL 1 LTR 16 PCS,1.0,16,run segment (start->stop),END OF SHIFT / CLOSE,,1307,0,0,0,2100,,,colse,closed,,,,,,,,VERIFIED-live,"segment id=630 12:01->09:48 is_manual=False  ZERO-CASE SEGMENT: line time recorded, output not keyed in"
SEGMENT,JIVO_OIL,2026-08-30T22:04:16+05:30,2026-08-21,6 Head,237,,FG0000008,POMACE OLIVE 5 LTR TIN 4 PCS,5.0,4,run segment (start->stop),TEA BREAK,,125,0,0,0,600,,,TEA TIME,closed,,,,,,,,VERIFIED-live,"segment id=624 09:06->11:12 is_manual=False  ZERO-CASE SEGMENT: line time recorded, output not keyed in"
SEGMENT,JIVO_OIL,2026-08-30T22:04:16+05:30,2026-08-21,6 Head,237,,FG0000008,POMACE OLIVE 5 LTR TIN 4 PCS,5.0,4,run segment (start->stop),END OF SHIFT / CLOSE,,1306,0,0,0,600,,,colse,closed,,,,,,,,VERIFIED-live,"segment id=629 12:01->09:47 is_manual=False  ZERO-CASE SEGMENT: line time recorded, output not keyed in"
SEGMENT,JIVO_OIL,2026-08-30T22:04:16+05:30,2026-08-21,Clear Pack,239,,FG0000004,COLD PRESS 5 LTR 4 PCS,5.0,4,run segment (start->stop),TEA BREAK,,125,600,2400,12000,3000,1152,38,TEA TIME,closed,,,,,,,,VERIFIED-live,segment id=622 09:06->11:11 is_manual=False
SEGMENT,JIVO_OIL,2026-08-30T22:04:16+05:30,2026-08-21,Clear Pack,239,,FG0000004,COLD PRESS 5 LTR 4 PCS,5.0,4,run segment (start->stop),END OF SHIFT / CLOSE,,1306,0,0,0,3000,,,colse,closed,,,,,,,,VERIFIED-live,"segment id=627 12:00->09:46 is_manual=False  ZERO-CASE SEGMENT: line time recorded, output not keyed in"
SEGMENT,JIVO_OIL,2026-08-30T22:04:16+05:30,2026-08-21,JP Machine,238,,FG0000030,MUSTARD KACHI GHANI 1 LTR 20 PCS,1.0,20,run segment (start->stop),TEA BREAK,,125,0,0,0,5400,,,TEA TIME,closed,,,,,,,,VERIFIED-live,"segment id=623 09:06->11:12 is_manual=False  ZERO-CASE SEGMENT: line time recorded, output not keyed in"
SEGMENT,JIVO_OIL,2026-08-30T22:04:16+05:30,2026-08-21,JP Machine,238,,FG0000030,MUSTARD KACHI GHANI 1 LTR 20 PCS,1.0,20,run segment (start->stop),END OF SHIFT / CLOSE,,1306,0,0,0,5400,,,colse,closed,,,,,,,,VERIFIED-live,"segment id=628 12:00->09:47 is_manual=False  ZERO-CASE SEGMENT: line time recorded, output not keyed in"
SEGMENT,JIVO_OIL,2026-08-30T22:04:16+05:30,2026-08-22,10 Head,242,,FG0000142,COLD PRESS GROUNDNUT OIL 1 LTR 16 PCS,1.0,16,run segment (start->stop),TEA BREAK,,58,300,4800,4800,2100,4966,236,TEA TIME,closed,,,,,,,,VERIFIED-live,segment id=635 10:12->11:10 is_manual=False
SEGMENT,JIVO_OIL,2026-08-30T22:04:16+05:30,2026-08-22,10 Head,242,,FG0000142,COLD PRESS GROUNDNUT OIL 1 LTR 16 PCS,1.0,16,run segment (start->stop),LUNCH BREAK,,77,300,4800,4800,2100,3740,178,LUNCH TIME,closed,,,,,,,,VERIFIED-live,segment id=639 11:56->13:13 is_manual=False
SEGMENT,JIVO_OIL,2026-08-30T22:04:16+05:30,2026-08-22,10 Head,242,,FG0000142,COLD PRESS GROUNDNUT OIL 1 LTR 16 PCS,1.0,16,run segment (start->stop),TEA BREAK,,118,300,4800,4800,2100,2441,116,TEA TIME,closed,,,,,,,,VERIFIED-live,segment id=642 14:11->16:09 is_manual=False
SEGMENT,JIVO_OIL,2026-08-30T22:04:16+05:30,2026-08-22,10 Head,242,,FG0000142,COLD PRESS GROUNDNUT OIL 1 LTR 16 PCS,1.0,16,run segment (start->stop),END OF SHIFT / CLOSE,,970,0,0,0,2100,,,colse,closed,,,,,,,,VERIFIED-live,"segment id=647 16:48->08:59 is_manual=False  ZERO-CASE SEGMENT: line time recorded, output not keyed in"
SEGMENT,JIVO_OIL,2026-08-30T22:04:16+05:30,2026-08-22,6 Head,241,,FG0000008,POMACE OLIVE 5 LTR TIN 4 PCS,5.0,4,run segment (start->stop),TEA BREAK,,58,468,1872,9360,600,1937,323,TEA TIME,closed,,,,,,,,VERIFIED-live,segment id=636 10:12->11:10 is_manual=False
SEGMENT,JIVO_OIL,2026-08-30T22:04:16+05:30,2026-08-22,6 Head,241,,FG0000008,POMACE OLIVE 5 LTR TIN 4 PCS,5.0,4,run segment (start->stop),LUNCH BREAK,,76,156,624,3120,600,493,82,LUNCH TIME,closed,,,,,,,,VERIFIED-live,segment id=640 11:56->13:12 is_manual=False
SEGMENT,JIVO_OIL,2026-08-30T22:04:16+05:30,2026-08-22,6 Head,241,,FG0000008,POMACE OLIVE 5 LTR TIN 4 PCS,5.0,4,run segment (start->stop),TEA BREAK,,117,986,3944,19720,600,2023,337,TEA TIME,closed,,,,,,,,VERIFIED-live,segment id=643 14:11->16:09 is_manual=False
SEGMENT,JIVO_OIL,2026-08-30T22:04:16+05:30,2026-08-22,6 Head,246,,FG0000151,SANO POMACE OLIVE 5 LTR TIN 4 PCS,5.0,4,run segment (start->stop),END OF SHIFT / CLOSE,,981,0,0,0,600,,,colse,closed,,,,,,,,VERIFIED-live,"segment id=644 16:38->09:00 is_manual=False  ZERO-CASE SEGMENT: line time recorded, output not keyed in"
SEGMENT,JIVO_OIL,2026-08-30T22:04:16+05:30,2026-08-22,6 Head,241,,FG0000008,POMACE OLIVE 5 LTR TIN 4 PCS,5.0,4,run segment (start->stop),END OF SHIFT / CLOSE,,970,0,0,0,600,,,colse,closed,,,,,,,,VERIFIED-live,"segment id=648 16:48->08:59 is_manual=False  ZERO-CASE SEGMENT: line time recorded, output not keyed in"
SEGMENT,JIVO_OIL,2026-08-30T22:04:16+05:30,2026-08-22,Clear Pack,244,,FG0000004,COLD PRESS 5 LTR 4 PCS,5.0,4,run segment (start->stop),TEA BREAK,,57,640,2560,12800,3000,2695,90,TEA TIME,closed,,,,,,,,VERIFIED-live,segment id=632 10:12->11:09 is_manual=False
SEGMENT,JIVO_OIL,2026-08-30T22:04:16+05:30,2026-08-22,Clear Pack,244,,FG0000004,COLD PRESS 5 LTR 4 PCS,5.0,4,run segment (start->stop),LUNCH BREAK,,101,480,1920,9600,3000,1141,38,LUNCH TIME,closed,,,,,,,,VERIFIED-live,segment id=637 11:30->13:11 is_manual=False
SEGMENT,JIVO_OIL,2026-08-30T22:04:16+05:30,2026-08-22,Clear Pack,244,,FG0000004,COLD PRESS 5 LTR 4 PCS,5.0,4,run segment (start->stop),TEA BREAK,,119,440,1760,8800,3000,887,30,TEA TIME,closed,,,,,,,,VERIFIED-live,segment id=641 14:11->16:10 is_manual=False
SEGMENT,JIVO_OIL,2026-08-30T22:04:16+05:30,2026-08-22,Clear Pack,244,,FG0000004,COLD PRESS 5 LTR 4 PCS,5.0,4,run segment (start->stop),END OF SHIFT / CLOSE,,971,0,0,0,3000,,,colse,closed,,,,,,,,VERIFIED-live,"segment id=645 16:48->08:59 is_manual=False  ZERO-CASE SEGMENT: line time recorded, output not keyed in"
SEGMENT,JIVO_OIL,2026-08-30T22:04:16+05:30,2026-08-22,JP Machine,243,,FG0000031,MUSTARD PAKKI GHANI 1 LTR 20 PCS,1.0,20,run segment (start->stop),TEA BREAK,,58,0,0,0,5400,,,TEA TIME,closed,,,,,,,,VERIFIED-live,"segment id=634 10:12->11:11 is_manual=False  ZERO-CASE SEGMENT: line time recorded, output not keyed in"
SEGMENT,JIVO_OIL,2026-08-30T22:04:16+05:30,2026-08-22,JP Machine,243,,FG0000031,MUSTARD PAKKI GHANI 1 LTR 20 PCS,1.0,20,run segment (start->stop),TEA BREAK,,254,0,0,0,5400,,,TEA TIME,closed,,,,,,,,VERIFIED-live,"segment id=638 11:56->16:11 is_manual=False  ZERO-CASE SEGMENT: line time recorded, output not keyed in"
SEGMENT,JIVO_OIL,2026-08-30T22:04:16+05:30,2026-08-22,JP Machine,243,,FG0000031,MUSTARD PAKKI GHANI 1 LTR 20 PCS,1.0,20,run segment (start->stop),END OF SHIFT / CLOSE,,971,0,0,0,5400,,,colse,closed,,,,,,,,VERIFIED-live,"segment id=646 16:48->08:59 is_manual=False  ZERO-CASE SEGMENT: line time recorded, output not keyed in"
SEGMENT,JIVO_OIL,2026-08-30T22:04:16+05:30,2026-08-24,10 Head,250,,FG0000142,COLD PRESS GROUNDNUT OIL 1 LTR 16 PCS,1.0,16,run segment (start->stop),LUNCH BREAK,,32,225,3600,3600,2100,6750,321,LUNCH TIME,closed,,,,,,,,VERIFIED-live,segment id=649 12:37->13:09 is_manual=False
SEGMENT,JIVO_OIL,2026-08-30T22:04:16+05:30,2026-08-24,10 Head,250,,FG0000142,COLD PRESS GROUNDNUT OIL 1 LTR 16 PCS,1.0,16,run segment (start->stop),END OF SHIFT / CLOSE,,571,0,0,0,2100,,,colse,closed,,,,,,,,VERIFIED-live,"segment id=654 13:41->23:12 is_manual=False  ZERO-CASE SEGMENT: line time recorded, output not keyed in"
SEGMENT,JIVO_OIL,2026-08-30T22:04:16+05:30,2026-08-24,6 Head,249,,FG0000128,JIVO GOLD 5 LTR 4 PCS,5.0,4,run segment (start->stop),LUNCH BREAK,,29,160,640,3200,600,1324,221,LUNCH TIME,closed,,,,,,,,VERIFIED-live,segment id=650 12:37->13:06 is_manual=False
SEGMENT,JIVO_OIL,2026-08-30T22:04:16+05:30,2026-08-24,6 Head,249,,FG0000128,JIVO GOLD 5 LTR 4 PCS,5.0,4,run segment (start->stop),END OF SHIFT / CLOSE,,571,0,0,0,600,,,colse,closed,,,,,,,,VERIFIED-live,"segment id=655 13:41->23:12 is_manual=False  ZERO-CASE SEGMENT: line time recorded, output not keyed in"
SEGMENT,JIVO_OIL,2026-08-30T22:04:16+05:30,2026-08-24,Clear Pack,248,,FG0000004,COLD PRESS 5 LTR 4 PCS,5.0,4,run segment (start->stop),LUNCH BREAK,,28,440,1760,8800,3000,3771,126,LUNCH TIME,closed,,,,,,,,VERIFIED-live,segment id=651 12:37->13:05 is_manual=False
SEGMENT,JIVO_OIL,2026-08-30T22:04:16+05:30,2026-08-24,Clear Pack,248,,FG0000004,COLD PRESS 5 LTR 4 PCS,5.0,4,run segment (start->stop),END OF SHIFT / CLOSE,,571,0,0,0,3000,,,colse,closed,,,,,,,,VERIFIED-live,"segment id=656 13:41->23:12 is_manual=False  ZERO-CASE SEGMENT: line time recorded, output not keyed in"
SEGMENT,JIVO_OIL,2026-08-30T22:04:16+05:30,2026-08-24,JP Machine,247,,FG0000449,MUSTARD KACHI GHANI 200 ML 70 PCS,0.2,70,run segment (start->stop),LUNCH BREAK,,28,46,3220,644,,6900,,LUNCH TIME,closed,,,,,,,,VERIFIED-live,segment id=652 12:37->13:05 is_manual=False
SEGMENT,JIVO_OIL,2026-08-30T22:04:16+05:30,2026-08-24,JP Machine,247,,FG0000449,MUSTARD KACHI GHANI 200 ML 70 PCS,0.2,70,run segment (start->stop),END OF SHIFT / CLOSE,,571,0,0,0,,,,colse,closed,,,,,,,,VERIFIED-live,"segment id=657 13:41->23:13 is_manual=False  ZERO-CASE SEGMENT: line time recorded, output not keyed in"
SEGMENT,JIVO_OIL,2026-08-30T22:04:16+05:30,2026-08-25,10 Head,254,,FG0000042,EXTRA VIRGIN OLIVE 1 LTR 16 PCS,1.0,16,run segment (start->stop),TEA BREAK,,124,0,0,0,2100,,,tea time,closed,,,,,,,,VERIFIED-live,"segment id=658 09:11->11:16 is_manual=False  ZERO-CASE SEGMENT: line time recorded, output not keyed in"
SEGMENT,JIVO_OIL,2026-08-30T22:04:16+05:30,2026-08-25,10 Head,254,,FG0000042,EXTRA VIRGIN OLIVE 1 LTR 16 PCS,1.0,16,run segment (start->stop),LUNCH BREAK,,99,0,0,0,2100,,,LUNCH TIME,closed,,,,,,,,VERIFIED-live,"segment id=669 11:44->13:23 is_manual=False  ZERO-CASE SEGMENT: line time recorded, output not keyed in"
SEGMENT,JIVO_OIL,2026-08-30T22:04:16+05:30,2026-08-25,6 Head,255,,FG0000128,JIVO GOLD 5 LTR 4 PCS,5.0,4,run segment (start->stop),TEA BREAK,,124,0,0,0,600,,,tea time,closed,,,,,,,,VERIFIED-live,"segment id=659 09:12->11:16 is_manual=False  ZERO-CASE SEGMENT: line time recorded, output not keyed in"
SEGMENT,JIVO_OIL,2026-08-30T22:04:16+05:30,2026-08-25,6 Head,255,,FG0000128,JIVO GOLD 5 LTR 4 PCS,5.0,4,run segment (start->stop),LUNCH BREAK,,99,0,0,0,600,,,LUNCH TIME,closed,,,,,,,,VERIFIED-live,"segment id=668 11:44->13:23 is_manual=False  ZERO-CASE SEGMENT: line time recorded, output not keyed in"
SEGMENT,JIVO_OIL,2026-08-30T22:04:16+05:30,2026-08-25,6 Head,257,,FG0000374,YELLOW MUSTARD OIL 5 LTR TIN 4 PCS,5.0,4,run segment (start->stop),LUNCH BREAK,,93,208,832,4160,600,537,89,LUNCH TIME,closed,,,,,,,,VERIFIED-live,segment id=671 11:48->13:22 is_manual=False
SEGMENT,JIVO_OIL,2026-08-30T22:04:16+05:30,2026-08-25,6 Head,257,,FG0000374,YELLOW MUSTARD OIL 5 LTR TIN 4 PCS,5.0,4,run segment (start->stop),TEA BREAK,,138,0,0,0,600,,,tea time,closed,,,,,,,,VERIFIED-live,"segment id=674 13:54->16:13 is_manual=False  ZERO-CASE SEGMENT: line time recorded, output not keyed in"
SEGMENT,JIVO_OIL,2026-08-30T22:04:16+05:30,2026-08-25,6 Head,262,,FG0000320,YELLOW MUSTARD OIL 1 LTR 16 PCS,1.0,16,run segment (start->stop),END OF SHIFT / CLOSE,,170,0,0,0,1080,,,colse,closed,,,,,,,,VERIFIED-live,"segment id=677 17:49->20:40 is_manual=False  ZERO-CASE SEGMENT: line time recorded, output not keyed in"
SEGMENT,JIVO_OIL,2026-08-30T22:04:16+05:30,2026-08-25,6 Head,262,,FG0000320,YELLOW MUSTARD OIL 1 LTR 16 PCS,1.0,16,run segment (start->stop),TEA BREAK,,72,0,0,0,1080,,,TEA TIME,closed,,,,,,,,VERIFIED-live,"segment id=684 09:53->11:05 is_manual=False  ZERO-CASE SEGMENT: line time recorded, output not keyed in"
SEGMENT,JIVO_OIL,2026-08-30T22:04:16+05:30,2026-08-25,Clear Pack,252,,FG0000143,COLD PRESS GROUNDNUT OIL 5 LTR 4 PCS,5.0,4,run segment (start->stop),TEA BREAK,,122,520,2080,10400,3000,1023,34,tea time,closed,,,,,,,,VERIFIED-live,segment id=660 09:13->11:16 is_manual=False
SEGMENT,JIVO_OIL,2026-08-30T22:04:16+05:30,2026-08-25,Clear Pack,252,,FG0000143,COLD PRESS GROUNDNUT OIL 5 LTR 4 PCS,5.0,4,run segment (start->stop),LUNCH BREAK,,98,440,1760,8800,3000,1078,36,LUNCH TIME,closed,,,,,,,,VERIFIED-live,segment id=670 11:44->13:22 is_manual=False
SEGMENT,JIVO_OIL,2026-08-30T22:04:16+05:30,2026-08-25,Clear Pack,252,,FG0000143,COLD PRESS GROUNDNUT OIL 5 LTR 4 PCS,5.0,4,run segment (start->stop),END OF SHIFT / CLOSE,,249,0,0,0,3000,,,colse,closed,,,,,,,,VERIFIED-live,"segment id=676 16:31->20:40 is_manual=False  ZERO-CASE SEGMENT: line time recorded, output not keyed in"
SEGMENT,JIVO_OIL,2026-08-30T22:04:16+05:30,2026-08-25,JP Machine,253,,FG0000142,COLD PRESS GROUNDNUT OIL 1 LTR 16 PCS,1.0,16,run segment (start->stop),LUNCH BREAK,,93,0,0,0,5400,,,LUNCH TIME,closed,,,,,,,,VERIFIED-live,"segment id=672 11:50->13:23 is_manual=False  ZERO-CASE SEGMENT: line time recorded, output not keyed in"
SEGMENT,JIVO_OIL,2026-08-30T22:04:16+05:30,2026-08-25,JP Machine,259,,FG0000449,MUSTARD KACHI GHANI 200 ML 70 PCS,0.2,70,run segment (start->stop),TEA BREAK,,156,0,0,0,,,,tea time,closed,,,,,,,,VERIFIED-live,"segment id=673 13:36->16:13 is_manual=False  ZERO-CASE SEGMENT: line time recorded, output not keyed in"
SEGMENT,JIVO_OIL,2026-08-30T22:04:16+05:30,2026-08-25,JP Machine,261,,FG0000030,MUSTARD KACHI GHANI 1 LTR 20 PCS,1.0,20,run segment (start->stop),END OF SHIFT / CLOSE,,171,0,0,0,5400,,,colse,closed,,,,,,,,VERIFIED-live,"segment id=678 17:49->20:40 is_manual=False  ZERO-CASE SEGMENT: line time recorded, output not keyed in"
SEGMENT,JIVO_OIL,2026-08-30T22:04:16+05:30,2026-08-25,Pouch Machine,256,,FG0000021,REFINED OIL 1 LTR POUCH 12 PCS,1.0,12,run segment (start->stop),TEA BREAK,,121,0,0,0,2400,,,tea time,closed,,,,,,,,VERIFIED-live,"segment id=661 09:15->11:17 is_manual=False  ZERO-CASE SEGMENT: line time recorded, output not keyed in"
SEGMENT,JIVO_OIL,2026-08-30T22:04:16+05:30,2026-08-25,Pouch Machine,256,,FG0000021,REFINED OIL 1 LTR POUCH 12 PCS,1.0,12,run segment (start->stop),LUNCH BREAK,,97,150,1800,1800,2400,1113,46,LUNCH TIME,closed,,,,,,,,VERIFIED-live,segment id=667 11:44->13:22 is_manual=False
SEGMENT,JIVO_OIL,2026-08-30T22:04:16+05:30,2026-08-25,Pouch Machine,256,,FG0000021,REFINED OIL 1 LTR POUCH 12 PCS,1.0,12,run segment (start->stop),TEA BREAK,,138,0,0,0,2400,,,tea time,closed,,,,,,,,VERIFIED-live,"segment id=675 13:54->16:12 is_manual=False  ZERO-CASE SEGMENT: line time recorded, output not keyed in"
SEGMENT,JIVO_OIL,2026-08-30T22:04:16+05:30,2026-08-26,10 Head,268,,FG0000320,YELLOW MUSTARD OIL 1 LTR 16 PCS,1.0,16,run segment (start->stop),TEA BREAK,,71,0,0,0,2100,,,TEA TIME,closed,,,,,,,,VERIFIED-live,"segment id=680 09:53->11:04 is_manual=False  ZERO-CASE SEGMENT: line time recorded, output not keyed in"
SEGMENT,JIVO_OIL,2026-08-30T22:04:16+05:30,2026-08-26,10 Head,263,,FG0000042,EXTRA VIRGIN OLIVE 1 LTR 16 PCS,1.0,16,run segment (start->stop),TEA BREAK,,72,0,0,0,2100,,,TEA TIME,closed,,,,,,,,VERIFIED-live,"segment id=685 09:53->11:05 is_manual=False  ZERO-CASE SEGMENT: line time recorded, output not keyed in"
SEGMENT,JIVO_OIL,2026-08-30T22:04:16+05:30,2026-08-26,6 Head,267,,FG0000043,COLD PRESS 3 LTR 6 PCS,3.0,6,run segment (start->stop),TEA BREAK,,71,0,0,0,,,,TEA TIME,closed,,,,,,,,VERIFIED-live,"segment id=681 09:53->11:04 is_manual=False  ZERO-CASE SEGMENT: line time recorded, output not keyed in"
SEGMENT,JIVO_OIL,2026-08-30T22:04:16+05:30,2026-08-26,Clear Pack,264,,FG0000143,COLD PRESS GROUNDNUT OIL 5 LTR 4 PCS,5.0,4,run segment (start->stop),TEA BREAK,,71,0,0,0,3000,,,TEA TIME,closed,,,,,,,,VERIFIED-live,"segment id=683 09:53->11:04 is_manual=False  ZERO-CASE SEGMENT: line time recorded, output not keyed in"
SEGMENT,JIVO_OIL,2026-08-30T22:04:16+05:30,2026-08-26,JP Machine,266,,FG0000142,COLD PRESS GROUNDNUT OIL 1 LTR 16 PCS,1.0,16,run segment (start->stop),TEA BREAK,,68,135,2160,2160,5400,1906,35,TEA TIME,closed,,,,,,,,VERIFIED-live,segment id=682 09:53->11:01 is_manual=False
SEGMENT,JIVO_OIL,2026-08-30T22:04:16+05:30,2026-08-27,10 Head,269,,FG0000320,YELLOW MUSTARD OIL 1 LTR 16 PCS,1.0,16,run segment (start->stop),TEA BREAK,,142,315,5040,5040,2100,2130,101,Tea time,closed,,,,,,,,VERIFIED-live,segment id=705 09:00->11:22 is_manual=False
SEGMENT,JIVO_OIL,2026-08-30T22:04:16+05:30,2026-08-27,10 Head,269,,FG0000320,YELLOW MUSTARD OIL 1 LTR 16 PCS,1.0,16,run segment (start->stop),LUNCH BREAK,,124,225,3600,3600,2100,1742,83,lunch time,closed,,,,,,,,VERIFIED-live,segment id=708 11:32->13:36 is_manual=False
SEGMENT,JIVO_OIL,2026-08-30T22:04:16+05:30,2026-08-27,10 Head,269,,FG0000320,YELLOW MUSTARD OIL 1 LTR 16 PCS,1.0,16,run segment (start->stop),(no remark),,136,650,10400,10400,2100,4588,218,,closed,,,,,,,,VERIFIED-live,segment id=711 13:37->15:53 is_manual=False
SEGMENT,JIVO_OIL,2026-08-30T22:04:16+05:30,2026-08-27,6 Head,272,,FG0000151,SANO POMACE OLIVE 5 LTR TIN 4 PCS,5.0,4,run segment (start->stop),(no remark),,96,273,1092,5460,600,682,114,,closed,,,,,,,,VERIFIED-live,segment id=702 08:59->10:36 is_manual=False
SEGMENT,JIVO_OIL,2026-08-30T22:04:16+05:30,2026-08-27,6 Head,272,,FG0000151,SANO POMACE OLIVE 5 LTR TIN 4 PCS,5.0,4,run segment (start->stop),TEA BREAK,,100,299,1196,5980,600,718,120,TEA TIME,closed,,,,,,,,VERIFIED-live,segment id=714 14:36->16:17 is_manual=False
SEGMENT,JIVO_OIL,2026-08-30T22:04:16+05:30,2026-08-27,6 Head,272,,FG0000151,SANO POMACE OLIVE 5 LTR TIN 4 PCS,5.0,4,run segment (start->stop),END OF SHIFT / CLOSE,,144,0,0,0,600,,,colse,closed,,,,,,,,VERIFIED-live,"segment id=715 16:38->19:02 is_manual=False  ZERO-CASE SEGMENT: line time recorded, output not keyed in"
SEGMENT,JIVO_OIL,2026-08-30T22:04:16+05:30,2026-08-27,Clear Pack,271,,FG0000407,COLD PRESS 1 LTR (NIRMAL RISHI )20 PCS,1.0,20,run segment (start->stop),TEA BREAK,,141,440,8800,8800,4800,3745,78,Tea time,closed,,,,,,,,VERIFIED-live,segment id=703 08:59->11:21 is_manual=False
SEGMENT,JIVO_OIL,2026-08-30T22:04:16+05:30,2026-08-27,Clear Pack,271,,FG0000407,COLD PRESS 1 LTR (NIRMAL RISHI )20 PCS,1.0,20,run segment (start->stop),LUNCH BREAK,,89,240,4800,4800,4800,3236,67,lunch time,closed,,,,,,,,VERIFIED-live,segment id=710 11:32->13:01 is_manual=False
SEGMENT,JIVO_OIL,2026-08-30T22:04:16+05:30,2026-08-27,Clear Pack,271,,FG0000407,COLD PRESS 1 LTR (NIRMAL RISHI )20 PCS,1.0,20,run segment (start->stop),TEA BREAK,,147,400,8000,8000,4800,3265,68,TEA TIME,closed,,,,,,,,VERIFIED-live,segment id=713 13:37->16:04 is_manual=False
SEGMENT,JIVO_OIL,2026-08-30T22:04:16+05:30,2026-08-27,Clear Pack,271,,FG0000407,COLD PRESS 1 LTR (NIRMAL RISHI )20 PCS,1.0,20,run segment (start->stop),END OF SHIFT / CLOSE,,143,0,0,0,4800,,,close,closed,,,,,,,,VERIFIED-live,"segment id=716 16:38->19:01 is_manual=False  ZERO-CASE SEGMENT: line time recorded, output not keyed in"
SEGMENT,JIVO_OIL,2026-08-30T22:04:16+05:30,2026-08-27,JP Machine,270,,FG0000142,COLD PRESS GROUNDNUT OIL 1 LTR 16 PCS,1.0,16,run segment (start->stop),TEA BREAK,,142,180,2880,2880,5400,1217,23,Tea time,closed,,,,,,,,VERIFIED-live,segment id=704 09:00->11:22 is_manual=False
SEGMENT,JIVO_OIL,2026-08-30T22:04:16+05:30,2026-08-27,JP Machine,270,,FG0000142,COLD PRESS GROUNDNUT OIL 1 LTR 16 PCS,1.0,16,run segment (start->stop),LUNCH BREAK,,90,225,3600,3600,5400,2400,44,lunch time,closed,,,,,,,,VERIFIED-live,segment id=709 11:32->13:02 is_manual=False
SEGMENT,JIVO_OIL,2026-08-30T22:04:16+05:30,2026-08-27,JP Machine,270,,FG0000142,COLD PRESS GROUNDNUT OIL 1 LTR 16 PCS,1.0,16,run segment (start->stop),TEA BREAK,,147,225,3600,3600,5400,1469,27,TEA TIME,closed,,,,,,,,VERIFIED-live,segment id=712 13:37->16:04 is_manual=False
SEGMENT,JIVO_OIL,2026-08-30T22:04:16+05:30,2026-08-27,JP Machine,270,,FG0000142,COLD PRESS GROUNDNUT OIL 1 LTR 16 PCS,1.0,16,run segment (start->stop),END OF SHIFT / CLOSE,,143,0,0,0,5400,,,colse,closed,,,,,,,,VERIFIED-live,"segment id=717 16:38->19:01 is_manual=False  ZERO-CASE SEGMENT: line time recorded, output not keyed in"
SEGMENT,JIVO_OIL,2026-08-30T22:04:16+05:30,2026-08-29,10 Head,277,,FG0000064,EXTRA LIGHT OIVE 2 LTR 10 PCS HANDLE,2.0,10,run segment (start->stop),TEA BREAK,,12,160,1600,3200,1260,8000,635,Tea break,closed,,,,,,,,VERIFIED-live,segment id=720 11:42->11:54 is_manual=False
SEGMENT,JIVO_OIL,2026-08-30T22:04:16+05:30,2026-08-29,10 Head,277,,FG0000064,EXTRA LIGHT OIVE 2 LTR 10 PCS HANDLE,2.0,10,run segment (start->stop),LUNCH BREAK,,121,200,2000,4000,1260,992,79,Lunch time,closed,,,,,,,,VERIFIED-live,segment id=724 11:54->13:56 is_manual=False
SEGMENT,JIVO_OIL,2026-08-30T22:04:16+05:30,2026-08-29,10 Head,277,,FG0000064,EXTRA LIGHT OIVE 2 LTR 10 PCS HANDLE,2.0,10,run segment (start->stop),TEA BREAK,,127,200,2000,4000,1260,945,75,Tea time,closed,,,,,,,,VERIFIED-live,segment id=727 13:56->16:04 is_manual=False
SEGMENT,JIVO_OIL,2026-08-30T22:04:16+05:30,2026-08-29,10 Head,277,,FG0000064,EXTRA LIGHT OIVE 2 LTR 10 PCS HANDLE,2.0,10,run segment (start->stop),END OF SHIFT / CLOSE,,939,0,0,0,1260,,,Close,closed,,,,,,,,VERIFIED-live,"segment id=731 16:17->07:56 is_manual=False  ZERO-CASE SEGMENT: line time recorded, output not keyed in"
SEGMENT,JIVO_OIL,2026-08-30T22:04:16+05:30,2026-08-29,10 Head,277,,FG0000064,EXTRA LIGHT OIVE 2 LTR 10 PCS HANDLE,2.0,10,run segment (start->stop),END OF SHIFT / CLOSE,,0,0,0,0,1260,,,CLOSE,closed,,,,,,,,VERIFIED-live,segment id=745 13:35->13:36 is_manual=False
SEGMENT,JIVO_OIL,2026-08-30T22:04:16+05:30,2026-08-29,6 Head,278,,FG0000008,POMACE OLIVE 5 LTR TIN 4 PCS,5.0,4,run segment (start->stop),TEA BREAK,,11,495,1980,9900,600,10800,1800,Tea break,closed,,,,,,,,VERIFIED-live,segment id=719 11:42->11:53 is_manual=False
SEGMENT,JIVO_OIL,2026-08-30T22:04:16+05:30,2026-08-29,6 Head,278,,FG0000008,POMACE OLIVE 5 LTR TIN 4 PCS,5.0,4,run segment (start->stop),TEA BREAK,,249,416,1664,8320,600,401,67,Tea time,closed,,,,,,,,VERIFIED-live,segment id=723 11:54->16:03 is_manual=False
SEGMENT,JIVO_OIL,2026-08-30T22:04:16+05:30,2026-08-29,6 Head,278,,FG0000008,POMACE OLIVE 5 LTR TIN 4 PCS,5.0,4,run segment (start->stop),END OF SHIFT / CLOSE,,939,0,0,0,600,,,Close,closed,,,,,,,,VERIFIED-live,"segment id=730 16:17->07:56 is_manual=False  ZERO-CASE SEGMENT: line time recorded, output not keyed in"
SEGMENT,JIVO_OIL,2026-08-30T22:04:16+05:30,2026-08-29,Clear Pack,275,,FG0000028,POMACE OLIVE 1 LTR 16 PCS,1.0,16,run segment (start->stop),TEA BREAK,,11,495,7920,7920,4800,43200,900,Tea break,closed,,,,,,,,VERIFIED-live,segment id=722 11:44->11:56 is_manual=False
SEGMENT,JIVO_OIL,2026-08-30T22:04:16+05:30,2026-08-29,Clear Pack,275,,FG0000028,POMACE OLIVE 1 LTR 16 PCS,1.0,16,run segment (start->stop),LUNCH BREAK,,121,360,5760,5760,4800,2856,60,Lunch time,closed,,,,,,,,VERIFIED-live,segment id=726 11:56->13:57 is_manual=False
SEGMENT,JIVO_OIL,2026-08-30T22:04:16+05:30,2026-08-29,Clear Pack,275,,FG0000028,POMACE OLIVE 1 LTR 16 PCS,1.0,16,run segment (start->stop),TEA BREAK,,139,350,5600,5600,4800,2417,50,Tea break,closed,,,,,,,,VERIFIED-live,segment id=729 13:57->16:16 is_manual=False
SEGMENT,JIVO_OIL,2026-08-30T22:04:16+05:30,2026-08-29,Clear Pack,275,,FG0000028,POMACE OLIVE 1 LTR 16 PCS,1.0,16,run segment (start->stop),END OF SHIFT / CLOSE,,938,0,0,0,4800,,,Close,closed,,,,,,,,VERIFIED-live,"segment id=733 16:17->07:56 is_manual=False  ZERO-CASE SEGMENT: line time recorded, output not keyed in"
SEGMENT,JIVO_OIL,2026-08-30T22:04:16+05:30,2026-08-29,JP Machine,276,,FG0000030,MUSTARD KACHI GHANI 1 LTR 20 PCS,1.0,20,run segment (start->stop),TEA BREAK,,12,150,3000,3000,5400,15000,278,Tea break,closed,,,,,,,,VERIFIED-live,segment id=721 11:42->11:55 is_manual=False
SEGMENT,JIVO_OIL,2026-08-30T22:04:16+05:30,2026-08-29,JP Machine,276,,FG0000030,MUSTARD KACHI GHANI 1 LTR 20 PCS,1.0,20,run segment (start->stop),LUNCH BREAK,,121,180,3600,3600,5400,1785,33,Lunch time,closed,,,,,,,,VERIFIED-live,segment id=725 11:55->13:57 is_manual=False
SEGMENT,JIVO_OIL,2026-08-30T22:04:16+05:30,2026-08-29,JP Machine,276,,FG0000030,MUSTARD KACHI GHANI 1 LTR 20 PCS,1.0,20,run segment (start->stop),TEA BREAK,,127,315,6300,6300,5400,2976,55,Tea time,closed,,,,,,,,VERIFIED-live,segment id=728 13:57->16:04 is_manual=False
SEGMENT,JIVO_OIL,2026-08-30T22:04:16+05:30,2026-08-29,JP Machine,276,,FG0000030,MUSTARD KACHI GHANI 1 LTR 20 PCS,1.0,20,run segment (start->stop),END OF SHIFT / CLOSE,,938,0,0,0,5400,,,Close,closed,,,,,,,,VERIFIED-live,"segment id=732 16:17->07:56 is_manual=False  ZERO-CASE SEGMENT: line time recorded, output not keyed in"
SEGMENT,JIVO_OIL,2026-08-30T22:04:16+05:30,2026-08-30,10 Head,281,,FG0000064,EXTRA LIGHT OIVE 2 LTR 10 PCS HANDLE,2.0,10,run segment (start->stop),TEA BREAK,,92,280,2800,5600,1260,1826,145,TEA TIME,closed,,,,,,,,VERIFIED-live,segment id=735 09:29->11:01 is_manual=False
SEGMENT,JIVO_OIL,2026-08-30T22:04:16+05:30,2026-08-30,10 Head,281,,FG0000064,EXTRA LIGHT OIVE 2 LTR 10 PCS HANDLE,2.0,10,run segment (start->stop),LUNCH BREAK,,96,200,2000,4000,1260,1250,99,LUNCH TIME,closed,,,,,,,,VERIFIED-live,segment id=742 11:47->13:23 is_manual=False
SEGMENT,JIVO_OIL,2026-08-30T22:04:16+05:30,2026-08-30,10 Head,281,,FG0000064,EXTRA LIGHT OIVE 2 LTR 10 PCS HANDLE,2.0,10,run segment (start->stop),END OF SHIFT / CLOSE,,39,0,0,0,1260,,,CLOSE,closed,,,,,,,,VERIFIED-live,"segment id=746 13:36->14:16 is_manual=False  ZERO-CASE SEGMENT: line time recorded, output not keyed in"
SEGMENT,JIVO_OIL,2026-08-30T22:04:16+05:30,2026-08-30,10 Head,285,,FG0000032,COLD PRESS 1 LTR 20 PCS,1.0,20,run segment (start->stop),TEA BREAK,,50,105,2100,2100,2100,2520,120,TEA TIME,closed,,,,,,,,VERIFIED-live,segment id=751 15:27->16:17 is_manual=False
SEGMENT,JIVO_OIL,2026-08-30T22:04:16+05:30,2026-08-30,10 Head,285,,FG0000032,COLD PRESS 1 LTR 20 PCS,1.0,20,run segment (start->stop),END OF SHIFT / CLOSE,,165,0,0,0,2100,,,Close,closed,,,,,,,,VERIFIED-live,"segment id=752 16:19->19:04 is_manual=False  ZERO-CASE SEGMENT: line time recorded, output not keyed in"
SEGMENT,JIVO_OIL,2026-08-30T22:04:16+05:30,2026-08-30,6 Head,282,,FG0000151,SANO POMACE OLIVE 5 LTR TIN 4 PCS,5.0,4,run segment (start->stop),END OF SHIFT / CLOSE,,3,51,204,1020,600,4080,680,Close,closed,,,,,,,,VERIFIED-live,segment id=734 09:29->09:32 is_manual=False
SEGMENT,JIVO_OIL,2026-08-30T22:04:16+05:30,2026-08-30,6 Head,283,,FG0000374,YELLOW MUSTARD OIL 5 LTR TIN 4 PCS,5.0,4,run segment (start->stop),TEA BREAK,,81,312,1248,6240,600,924,154,TEA TIME,closed,,,,,,,,VERIFIED-live,segment id=738 09:40->11:01 is_manual=False
SEGMENT,JIVO_OIL,2026-08-30T22:04:16+05:30,2026-08-30,6 Head,283,,FG0000374,YELLOW MUSTARD OIL 5 LTR TIN 4 PCS,5.0,4,run segment (start->stop),LUNCH BREAK,,74,165,660,3300,600,535,89,LUNCH TIME,closed,,,,,,,,VERIFIED-live,segment id=741 11:47->13:01 is_manual=False
SEGMENT,JIVO_OIL,2026-08-30T22:04:16+05:30,2026-08-30,6 Head,283,,FG0000374,YELLOW MUSTARD OIL 5 LTR TIN 4 PCS,5.0,4,run segment (start->stop),TEA BREAK,,160,312,1248,6240,600,468,78,TEA TIME,closed,,,,,,,,VERIFIED-live,segment id=748 13:37->16:18 is_manual=False
SEGMENT,JIVO_OIL,2026-08-30T22:04:16+05:30,2026-08-30,6 Head,283,,FG0000374,YELLOW MUSTARD OIL 5 LTR TIN 4 PCS,5.0,4,run segment (start->stop),END OF SHIFT / CLOSE,,165,0,0,0,600,,,Close,closed,,,,,,,,VERIFIED-live,"segment id=754 16:19->19:05 is_manual=False  ZERO-CASE SEGMENT: line time recorded, output not keyed in"
SEGMENT,JIVO_OIL,2026-08-30T22:04:16+05:30,2026-08-30,Clear Pack,279,,FG0000150,SANO POMACE OLIVE 1 LTR 16 PCS,1.0,16,run segment (start->stop),TEA BREAK,,95,765,12240,12240,4800,7731,161,Tea time,closed,,,,,,,,VERIFIED-live,segment id=737 09:29->11:05 is_manual=False
SEGMENT,JIVO_OIL,2026-08-30T22:04:16+05:30,2026-08-30,Clear Pack,279,,FG0000150,SANO POMACE OLIVE 1 LTR 16 PCS,1.0,16,run segment (start->stop),LUNCH BREAK,,74,405,6480,6480,4800,5254,109,LUNCH TIME,closed,,,,,,,,VERIFIED-live,segment id=744 11:47->13:01 is_manual=False
SEGMENT,JIVO_OIL,2026-08-30T22:04:16+05:30,2026-08-30,Clear Pack,279,,FG0000150,SANO POMACE OLIVE 1 LTR 16 PCS,1.0,16,run segment (start->stop),TEA BREAK,,161,345,5520,5520,4800,2057,43,TEA TIME,closed,,,,,,,,VERIFIED-live,segment id=750 13:38->16:19 is_manual=False
SEGMENT,JIVO_OIL,2026-08-30T22:04:16+05:30,2026-08-30,Clear Pack,279,,FG0000150,SANO POMACE OLIVE 1 LTR 16 PCS,1.0,16,run segment (start->stop),END OF SHIFT / CLOSE,,165,0,0,0,4800,,,Close,closed,,,,,,,,VERIFIED-live,"segment id=756 16:20->19:05 is_manual=False  ZERO-CASE SEGMENT: line time recorded, output not keyed in"
SEGMENT,JIVO_OIL,2026-08-30T22:04:16+05:30,2026-08-30,JP Machine,280,,FG0000030,MUSTARD KACHI GHANI 1 LTR 20 PCS,1.0,20,run segment (start->stop),TEA BREAK,,91,405,8100,8100,5400,5341,99,TEA TIME,closed,,,,,,,,VERIFIED-live,segment id=736 09:29->11:00 is_manual=False
SEGMENT,JIVO_OIL,2026-08-30T22:04:16+05:30,2026-08-30,JP Machine,280,,FG0000030,MUSTARD KACHI GHANI 1 LTR 20 PCS,1.0,20,run segment (start->stop),LUNCH BREAK,,74,270,5400,5400,5400,4378,81,LUNCH TIME,closed,,,,,,,,VERIFIED-live,segment id=743 11:47->13:02 is_manual=False
SEGMENT,JIVO_OIL,2026-08-30T22:04:16+05:30,2026-08-30,JP Machine,280,,FG0000030,MUSTARD KACHI GHANI 1 LTR 20 PCS,1.0,20,run segment (start->stop),TEA BREAK,,161,405,8100,8100,5400,3019,56,TEA TIME,closed,,,,,,,,VERIFIED-live,segment id=749 13:37->16:18 is_manual=False
SEGMENT,JIVO_OIL,2026-08-30T22:04:16+05:30,2026-08-30,JP Machine,280,,FG0000030,MUSTARD KACHI GHANI 1 LTR 20 PCS,1.0,20,run segment (start->stop),END OF SHIFT / CLOSE,,165,0,0,0,5400,,,Close,closed,,,,,,,,VERIFIED-live,"segment id=755 16:20->19:05 is_manual=False  ZERO-CASE SEGMENT: line time recorded, output not keyed in"
SEGMENT,JIVO_OIL,2026-08-30T22:04:16+05:30,2026-08-30,Pouch Machine,284,,FG0000194,SOYABEAN OIL 1 LTR POUCH 12 PCS,1.0,12,run segment (start->stop),TEA BREAK,,11,172,2064,2064,2400,11258,469,Tea time,closed,,,,,,,,VERIFIED-live,segment id=739 10:54->11:06 is_manual=False
SEGMENT,JIVO_OIL,2026-08-30T22:04:16+05:30,2026-08-30,Pouch Machine,284,,FG0000194,SOYABEAN OIL 1 LTR POUCH 12 PCS,1.0,12,run segment (start->stop),LUNCH BREAK,,76,200,2400,2400,2400,1895,79,LUNCH TIME,closed,,,,,,,,VERIFIED-live,segment id=740 11:46->13:03 is_manual=False
SEGMENT,JIVO_OIL,2026-08-30T22:04:16+05:30,2026-08-30,Pouch Machine,284,,FG0000194,SOYABEAN OIL 1 LTR POUCH 12 PCS,1.0,12,run segment (start->stop),TEA BREAK,,160,640,7680,7680,2400,2880,120,TEA TIME,closed,,,,,,,,VERIFIED-live,segment id=747 13:37->16:18 is_manual=False
SEGMENT,JIVO_OIL,2026-08-30T22:04:16+05:30,2026-08-30,Pouch Machine,284,,FG0000194,SOYABEAN OIL 1 LTR POUCH 12 PCS,1.0,12,run segment (start->stop),END OF SHIFT / CLOSE,,165,0,0,0,2400,,,Close,closed,,,,,,,,VERIFIED-live,"segment id=753 16:19->19:05 is_manual=False  ZERO-CASE SEGMENT: line time recorded, output not keyed in"
STOP_GAP,JIVO_OIL,2026-08-30T22:04:16+05:30,2026-04-13,10 Head,1,,FG0000085,COLD PRESS SOYABEAN 5 LTR 4 PCS,,,gap between consecutive segments on this line,(no remark),,0.1,,,,,,,,same item,,,,,,,,VERIFIED-live,line stopped 2026-04-13 11:24 (run 1 FG0000085) -> restarted 2026-04-13 11:24 (run 1 FG0000085)
STOP_GAP,JIVO_OIL,2026-08-30T22:04:16+05:30,2026-05-04,10 Head,3,,FG0000142,COLD PRESS GROUNDNUT OIL 1 LTR 16 PCS,,,gap between consecutive segments on this line,(no remark),,2.4,,,,,,,,same item,,,,,,,,VERIFIED-live,line stopped 2026-05-04 12:13 (run 3 FG0000142) -> restarted 2026-05-04 12:15 (run 3 FG0000142)
STOP_GAP,JIVO_OIL,2026-08-30T22:04:16+05:30,2026-05-04,10 Head,3,,FG0000142,COLD PRESS GROUNDNUT OIL 1 LTR 16 PCS,,,gap between consecutive segments on this line,(no remark),,17.1,,,,,,,,ITEM CHANGE,,,,,,,,VERIFIED-live,line stopped 2026-05-04 12:16 (run 3 FG0000142) -> restarted 2026-05-04 12:33 (run 4 FG0000081)
STOP_GAP,JIVO_OIL,2026-08-30T22:04:16+05:30,2026-05-04,10 Head,4,,FG0000081,COLD PRESS SUNFLOWER 1 LTR 20 PCS,,,gap between consecutive segments on this line,(no remark),,9.2,,,,,,,,same item,,,,,,,,VERIFIED-live,line stopped 2026-05-04 12:36 (run 4 FG0000081) -> restarted 2026-05-04 12:45 (run 4 FG0000081)
STOP_GAP,JIVO_OIL,2026-08-30T22:04:16+05:30,2026-05-26,10 Head,6,,FG0000085,COLD PRESS SOYABEAN 5 LTR 4 PCS,,,gap between consecutive segments on this line,(no remark),,0.6,,,,,,,,same item,,,,,,,,VERIFIED-live,line stopped 2026-05-26 12:42 (run 6 FG0000085) -> restarted 2026-05-26 12:43 (run 6 FG0000085)
STOP_GAP,JIVO_OIL,2026-08-30T22:04:16+05:30,2026-07-10,10 Head,15,,FG0000028,POMACE OLIVE 1 LTR 16 PCS,,,gap between consecutive segments on this line,OIL SHORT,,0.4,,,,,,,Rm shortage,same item,,,,,,,,VERIFIED-live,line stopped 2026-07-10 12:56 (run 15 FG0000028) -> restarted 2026-07-10 12:56 (run 15 FG0000028)
STOP_GAP,JIVO_OIL,2026-08-30T22:04:16+05:30,2026-07-15,10 Head,32,,FG0000035,COLD PRESS 500 MLS 24 PCS,,,gap between consecutive segments on this line,TEA BREAK,,32.1,,,,,,,Tea Time,same item,,,,,,,,VERIFIED-live,line stopped 2026-07-15 16:06 (run 32 FG0000035) -> restarted 2026-07-15 16:38 (run 32 FG0000035)
STOP_GAP,JIVO_OIL,2026-08-30T22:04:16+05:30,2026-07-15,10 Head,32,,FG0000035,COLD PRESS 500 MLS 24 PCS,,,gap between consecutive segments on this line,STICKER/LABEL,,13.2,,,,,,,label problem,same item,,,,,,,,VERIFIED-live,line stopped 2026-07-15 17:25 (run 32 FG0000035) -> restarted 2026-07-15 17:38 (run 32 FG0000035)
STOP_GAP,JIVO_OIL,2026-08-30T22:04:16+05:30,2026-07-23,10 Head,76,,FG0000142,COLD PRESS GROUNDNUT OIL 1 LTR 16 PCS,,,gap between consecutive segments on this line,(no remark),,962.2,,,,,,,,ITEM CHANGE,,,,,,,,VERIFIED-live,line stopped 2026-07-23 16:19 (run 76 FG0000142) -> restarted 2026-07-24 08:21 (run 79 FG0000227)
STOP_GAP,JIVO_OIL,2026-08-30T22:04:16+05:30,2026-07-24,10 Head,79,,FG0000227,RICE BRAN OIL 1 LTR 16 PCS,,,gap between consecutive segments on this line,(no remark),,3.1,,,,,,,,same item,,,,,,,,VERIFIED-live,line stopped 2026-07-24 10:57 (run 79 FG0000227) -> restarted 2026-07-24 11:00 (run 79 FG0000227)
STOP_GAP,JIVO_OIL,2026-08-30T22:04:16+05:30,2026-07-24,10 Head,79,,FG0000227,RICE BRAN OIL 1 LTR 16 PCS,,,gap between consecutive segments on this line,LUNCH BREAK,,37.3,,,,,,,LUNCH,same item,,,,,,,,VERIFIED-live,line stopped 2026-07-24 13:02 (run 79 FG0000227) -> restarted 2026-07-24 13:39 (run 79 FG0000227)
STOP_GAP,JIVO_OIL,2026-08-30T22:04:16+05:30,2026-07-24,10 Head,79,,FG0000227,RICE BRAN OIL 1 LTR 16 PCS,,,gap between consecutive segments on this line,TEA BREAK,,19.9,,,,,,,tea time,same item,,,,,,,,VERIFIED-live,line stopped 2026-07-24 16:04 (run 79 FG0000227) -> restarted 2026-07-24 16:24 (run 79 FG0000227)
STOP_GAP,JIVO_OIL,2026-08-30T22:04:16+05:30,2026-07-24,10 Head,79,,FG0000227,RICE BRAN OIL 1 LTR 16 PCS,,,gap between consecutive segments on this line,MACHINE FAULT,,46.9,,,,,,,nozal dikat,same item,,,,,,,,VERIFIED-live,line stopped 2026-07-24 16:44 (run 79 FG0000227) -> restarted 2026-07-24 17:31 (run 79 FG0000227)
STOP_GAP,JIVO_OIL,2026-08-30T22:04:16+05:30,2026-07-25,10 Head,81,,FG0000227,RICE BRAN OIL 1 LTR 16 PCS,,,gap between consecutive segments on this line,PALLET SHORT,,25.6,,,,,,,paylet,same item,,,,,,,,VERIFIED-live,line stopped 2026-07-25 10:19 (run 81 FG0000227) -> restarted 2026-07-25 10:45 (run 81 FG0000227)
STOP_GAP,JIVO_OIL,2026-08-30T22:04:16+05:30,2026-07-25,10 Head,81,,FG0000227,RICE BRAN OIL 1 LTR 16 PCS,,,gap between consecutive segments on this line,TEA BREAK,,30.9,,,,,,,tea time,same item,,,,,,,,VERIFIED-live,line stopped 2026-07-25 11:02 (run 81 FG0000227) -> restarted 2026-07-25 11:33 (run 81 FG0000227)
STOP_GAP,JIVO_OIL,2026-08-30T22:04:16+05:30,2026-07-25,10 Head,81,,FG0000227,RICE BRAN OIL 1 LTR 16 PCS,,,gap between consecutive segments on this line,LUNCH BREAK,,43.5,,,,,,,LUNCH TIME,same item,,,,,,,,VERIFIED-live,line stopped 2026-07-25 13:04 (run 81 FG0000227) -> restarted 2026-07-25 13:47 (run 81 FG0000227)
STOP_GAP,JIVO_OIL,2026-08-30T22:04:16+05:30,2026-07-25,10 Head,81,,FG0000227,RICE BRAN OIL 1 LTR 16 PCS,,,gap between consecutive segments on this line,TEA BREAK,,115.9,,,,,,,tea time,same item,,,,,,,,VERIFIED-live,line stopped 2026-07-25 16:06 (run 81 FG0000227) -> restarted 2026-07-25 18:02 (run 81 FG0000227)
STOP_GAP,JIVO_OIL,2026-08-30T22:04:16+05:30,2026-07-27,10 Head,97,,FG0000142,COLD PRESS GROUNDNUT OIL 1 LTR 16 PCS,,,gap between consecutive segments on this line,TEA BREAK,,14.9,,,,,,,tea time,same item,,,,,,,,VERIFIED-live,line stopped 2026-07-27 11:10 (run 97 FG0000142) -> restarted 2026-07-27 11:25 (run 97 FG0000142)
STOP_GAP,JIVO_OIL,2026-08-30T22:04:16+05:30,2026-07-27,10 Head,97,,FG0000142,COLD PRESS GROUNDNUT OIL 1 LTR 16 PCS,,,gap between consecutive segments on this line,LUNCH BREAK,,38.9,,,,,,,lunch time,same item,,,,,,,,VERIFIED-live,line stopped 2026-07-27 13:03 (run 97 FG0000142) -> restarted 2026-07-27 13:42 (run 97 FG0000142)
STOP_GAP,JIVO_OIL,2026-08-30T22:04:16+05:30,2026-07-27,10 Head,97,,FG0000142,COLD PRESS GROUNDNUT OIL 1 LTR 16 PCS,,,gap between consecutive segments on this line,TEA BREAK,,18.7,,,,,,,tea time,same item,,,,,,,,VERIFIED-live,line stopped 2026-07-27 16:07 (run 97 FG0000142) -> restarted 2026-07-27 16:26 (run 97 FG0000142)
STOP_GAP,JIVO_OIL,2026-08-30T22:04:16+05:30,2026-07-27,10 Head,97,,FG0000142,COLD PRESS GROUNDNUT OIL 1 LTR 16 PCS,,,gap between consecutive segments on this line,END OF SHIFT / CLOSE,,887.5,,,,,,,complete production,ITEM CHANGE,,,,,,,,VERIFIED-live,line stopped 2026-07-27 19:00 (run 97 FG0000142) -> restarted 2026-07-28 09:48 (run 103 FG0000042)
STOP_GAP,JIVO_OIL,2026-08-30T22:04:16+05:30,2026-07-28,10 Head,103,,FG0000042,EXTRA VIRGIN OLIVE 1 LTR 16 PCS,,,gap between consecutive segments on this line,TEA BREAK,,19.7,,,,,,,tea time,same item,,,,,,,,VERIFIED-live,line stopped 2026-07-28 11:05 (run 103 FG0000042) -> restarted 2026-07-28 11:24 (run 103 FG0000042)
STOP_GAP,JIVO_OIL,2026-08-30T22:04:16+05:30,2026-07-28,10 Head,103,,FG0000042,EXTRA VIRGIN OLIVE 1 LTR 16 PCS,,,gap between consecutive segments on this line,LUNCH BREAK,,51.8,,,,,,,LUNCH TIME,same item,,,,,,,,VERIFIED-live,line stopped 2026-07-28 13:05 (run 103 FG0000042) -> restarted 2026-07-28 13:57 (run 103 FG0000042)
STOP_GAP,JIVO_OIL,2026-08-30T22:04:16+05:30,2026-07-28,10 Head,103,,FG0000042,EXTRA VIRGIN OLIVE 1 LTR 16 PCS,,,gap between consecutive segments on this line,TEA BREAK,,8.0,,,,,,,TEA TIME,same item,,,,,,,,VERIFIED-live,line stopped 2026-07-28 16:13 (run 103 FG0000042) -> restarted 2026-07-28 16:21 (run 103 FG0000042)
STOP_GAP,JIVO_OIL,2026-08-30T22:04:16+05:30,2026-07-28,10 Head,103,,FG0000042,EXTRA VIRGIN OLIVE 1 LTR 16 PCS,,,gap between consecutive segments on this line,(no remark),,898.7,,,,,,,,same item,,,,,,,,VERIFIED-live,line stopped 2026-07-28 18:42 (run 103 FG0000042) -> restarted 2026-07-29 09:40 (run 109 FG0000042)
STOP_GAP,JIVO_OIL,2026-08-30T22:04:16+05:30,2026-07-29,10 Head,109,,FG0000042,EXTRA VIRGIN OLIVE 1 LTR 16 PCS,,,gap between consecutive segments on this line,STICKER/LABEL,,23.7,,,,,,,Speaker machine mein dikkat aane ko chalayenge,same item,,,,,,,,VERIFIED-live,line stopped 2026-07-29 09:41 (run 109 FG0000042) -> restarted 2026-07-29 10:04 (run 109 FG0000042)
STOP_GAP,JIVO_OIL,2026-08-30T22:04:16+05:30,2026-07-29,10 Head,109,,FG0000042,EXTRA VIRGIN OLIVE 1 LTR 16 PCS,,,gap between consecutive segments on this line,TEA BREAK,,13.0,,,,,,,TEA TIME,same item,,,,,,,,VERIFIED-live,line stopped 2026-07-29 11:06 (run 109 FG0000042) -> restarted 2026-07-29 11:19 (run 109 FG0000042)
STOP_GAP,JIVO_OIL,2026-08-30T22:04:16+05:30,2026-07-29,10 Head,109,,FG0000042,EXTRA VIRGIN OLIVE 1 LTR 16 PCS,,,gap between consecutive segments on this line,LUNCH BREAK,,72.4,,,,,,,lunch time,same item,,,,,,,,VERIFIED-live,line stopped 2026-07-29 13:00 (run 109 FG0000042) -> restarted 2026-07-29 14:12 (run 109 FG0000042)
STOP_GAP,JIVO_OIL,2026-08-30T22:04:16+05:30,2026-07-29,10 Head,109,,FG0000042,EXTRA VIRGIN OLIVE 1 LTR 16 PCS,,,gap between consecutive segments on this line,(no remark),,90.4,,,,,,,,same item,,,,,,,,VERIFIED-live,line stopped 2026-07-29 14:35 (run 109 FG0000042) -> restarted 2026-07-29 16:05 (run 109 FG0000042)
STOP_GAP,JIVO_OIL,2026-08-30T22:04:16+05:30,2026-07-29,10 Head,109,,FG0000042,EXTRA VIRGIN OLIVE 1 LTR 16 PCS,,,gap between consecutive segments on this line,TEA BREAK,,9.6,,,,,,,tea time,same item,,,,,,,,VERIFIED-live,line stopped 2026-07-29 16:15 (run 109 FG0000042) -> restarted 2026-07-29 16:24 (run 109 FG0000042)
STOP_GAP,JIVO_OIL,2026-08-30T22:04:16+05:30,2026-07-29,10 Head,109,,FG0000042,EXTRA VIRGIN OLIVE 1 LTR 16 PCS,,,gap between consecutive segments on this line,END OF SHIFT / CLOSE,,39.8,,,,,,,close,ITEM CHANGE,,,,,,,,VERIFIED-live,line stopped 2026-07-29 17:05 (run 109 FG0000042) -> restarted 2026-07-29 17:45 (run 114 FG0000446)
STOP_GAP,JIVO_OIL,2026-08-30T22:04:16+05:30,2026-07-29,10 Head,114,,FG0000446,EXTRA VIRGIN OLIVE 3 LTR TIN 3 PCS,,,gap between consecutive segments on this line,END OF SHIFT / CLOSE,,784.3,,,,,,,close,ITEM CHANGE,,,,,,,,VERIFIED-live,line stopped 2026-07-29 19:04 (run 114 FG0000446) -> restarted 2026-07-30 08:09 (run 117 FG0000142)
STOP_GAP,JIVO_OIL,2026-08-30T22:04:16+05:30,2026-07-30,10 Head,117,,FG0000142,COLD PRESS GROUNDNUT OIL 1 LTR 16 PCS,,,gap between consecutive segments on this line,TEA BREAK,,17.2,,,,,,,TEA TIME,same item,,,,,,,,VERIFIED-live,line stopped 2026-07-30 11:05 (run 117 FG0000142) -> restarted 2026-07-30 11:22 (run 117 FG0000142)
STOP_GAP,JIVO_OIL,2026-08-30T22:04:16+05:30,2026-07-30,10 Head,117,,FG0000142,COLD PRESS GROUNDNUT OIL 1 LTR 16 PCS,,,gap between consecutive segments on this line,LUNCH BREAK,,52.9,,,,,,,lunch time,same item,,,,,,,,VERIFIED-live,line stopped 2026-07-30 13:05 (run 117 FG0000142) -> restarted 2026-07-30 13:58 (run 117 FG0000142)
STOP_GAP,JIVO_OIL,2026-08-30T22:04:16+05:30,2026-07-30,10 Head,117,,FG0000142,COLD PRESS GROUNDNUT OIL 1 LTR 16 PCS,,,gap between consecutive segments on this line,TEA BREAK,,25.4,,,,,,,tea time,same item,,,,,,,,VERIFIED-live,line stopped 2026-07-30 16:09 (run 117 FG0000142) -> restarted 2026-07-30 16:34 (run 117 FG0000142)
STOP_GAP,JIVO_OIL,2026-08-30T22:04:16+05:30,2026-07-30,10 Head,117,,FG0000142,COLD PRESS GROUNDNUT OIL 1 LTR 16 PCS,,,gap between consecutive segments on this line,END OF SHIFT / CLOSE,,700.0,,,,,,,colse,ITEM CHANGE,,,,,,,,VERIFIED-live,line stopped 2026-07-30 20:29 (run 117 FG0000142) -> restarted 2026-07-31 08:09 (run 125 FG0000028)
STOP_GAP,JIVO_OIL,2026-08-30T22:04:16+05:30,2026-07-31,10 Head,125,,FG0000028,POMACE OLIVE 1 LTR 16 PCS,,,gap between consecutive segments on this line,TEA BREAK,,29.6,,,,,,,tea time,same item,,,,,,,,VERIFIED-live,line stopped 2026-07-31 11:03 (run 125 FG0000028) -> restarted 2026-07-31 11:32 (run 125 FG0000028)
STOP_GAP,JIVO_OIL,2026-08-30T22:04:16+05:30,2026-07-31,10 Head,125,,FG0000028,POMACE OLIVE 1 LTR 16 PCS,,,gap between consecutive segments on this line,LUNCH BREAK,,31.3,,,,,,,lunch time,same item,,,,,,,,VERIFIED-live,line stopped 2026-07-31 13:06 (run 125 FG0000028) -> restarted 2026-07-31 13:37 (run 125 FG0000028)
STOP_GAP,JIVO_OIL,2026-08-30T22:04:16+05:30,2026-07-31,10 Head,125,,FG0000028,POMACE OLIVE 1 LTR 16 PCS,,,gap between consecutive segments on this line,TEA BREAK,,62.6,,,,,,,tea time,same item,,,,,,,,VERIFIED-live,line stopped 2026-07-31 16:07 (run 125 FG0000028) -> restarted 2026-07-31 17:09 (run 125 FG0000028)
STOP_GAP,JIVO_OIL,2026-08-30T22:04:16+05:30,2026-07-31,10 Head,125,,FG0000028,POMACE OLIVE 1 LTR 16 PCS,,,gap between consecutive segments on this line,END OF SHIFT / CLOSE,,713.9,,,,,,,close,ITEM CHANGE,,,,,,,,VERIFIED-live,line stopped 2026-07-31 20:25 (run 125 FG0000028) -> restarted 2026-08-01 08:19 (run 129 FG0000150)
STOP_GAP,JIVO_OIL,2026-08-30T22:04:16+05:30,2026-08-01,10 Head,129,,FG0000150,SANO POMACE OLIVE 1 LTR 16 PCS,,,gap between consecutive segments on this line,LUNCH BREAK,,45.5,,,,,,,lunch,same item,,,,,,,,VERIFIED-live,line stopped 2026-08-01 13:35 (run 129 FG0000150) -> restarted 2026-08-01 14:21 (run 129 FG0000150)
STOP_GAP,JIVO_OIL,2026-08-30T22:04:16+05:30,2026-08-03,10 Head,140,,FG0000142,COLD PRESS GROUNDNUT OIL 1 LTR 16 PCS,,,gap between consecutive segments on this line,LUNCH BREAK,,17.5,,,,,,,lunch time,same item,,,,,,,,VERIFIED-live,line stopped 2026-08-03 13:36 (run 140 FG0000142) -> restarted 2026-08-03 13:53 (run 140 FG0000142)
STOP_GAP,JIVO_OIL,2026-08-30T22:04:16+05:30,2026-08-03,10 Head,140,,FG0000142,COLD PRESS GROUNDNUT OIL 1 LTR 16 PCS,,,gap between consecutive segments on this line,END OF SHIFT / CLOSE,,955.7,,,,,,,closed,same item,,,,,,,,VERIFIED-live,line stopped 2026-08-03 16:14 (run 140 FG0000142) -> restarted 2026-08-04 08:09 (run 148 FG0000142)
STOP_GAP,JIVO_OIL,2026-08-30T22:04:16+05:30,2026-08-04,10 Head,148,,FG0000142,COLD PRESS GROUNDNUT OIL 1 LTR 16 PCS,,,gap between consecutive segments on this line,(no remark),,70.4,,,,,,,,same item,,,,,,,,VERIFIED-live,line stopped 2026-08-04 10:00 (run 148 FG0000142) -> restarted 2026-08-04 11:10 (run 148 FG0000142)
STOP_GAP,JIVO_OIL,2026-08-30T22:04:16+05:30,2026-08-04,10 Head,148,,FG0000142,COLD PRESS GROUNDNUT OIL 1 LTR 16 PCS,,,gap between consecutive segments on this line,TEA BREAK,,28.3,,,,,,,tea time,same item,,,,,,,,VERIFIED-live,line stopped 2026-08-04 11:10 (run 148 FG0000142) -> restarted 2026-08-04 11:39 (run 148 FG0000142)
STOP_GAP,JIVO_OIL,2026-08-30T22:04:16+05:30,2026-08-04,10 Head,148,,FG0000142,COLD PRESS GROUNDNUT OIL 1 LTR 16 PCS,,,gap between consecutive segments on this line,LUNCH BREAK,,298.2,,,,,,,LUNCH TIME,ITEM CHANGE,,,,,,,,VERIFIED-live,line stopped 2026-08-04 13:05 (run 148 FG0000142) -> restarted 2026-08-04 18:03 (run 153 FG0000005)
STOP_GAP,JIVO_OIL,2026-08-30T22:04:16+05:30,2026-08-04,10 Head,153,,FG0000005,EXTRA LIGHT OLIVE 1 LTR 16 PCS,,,gap between consecutive segments on this line,END OF SHIFT / CLOSE,,776.8,,,,,,,colse,same item,,,,,,,,VERIFIED-live,line stopped 2026-08-04 19:17 (run 153 FG0000005) -> restarted 2026-08-05 08:14 (run 156 FG0000005)
STOP_GAP,JIVO_OIL,2026-08-30T22:04:16+05:30,2026-08-05,10 Head,156,,FG0000005,EXTRA LIGHT OLIVE 1 LTR 16 PCS,,,gap between consecutive segments on this line,TEA BREAK,,49.7,,,,,,,tea time,same item,,,,,,,,VERIFIED-live,line stopped 2026-08-05 11:05 (run 156 FG0000005) -> restarted 2026-08-05 11:55 (run 156 FG0000005)
STOP_GAP,JIVO_OIL,2026-08-30T22:04:16+05:30,2026-08-05,10 Head,156,,FG0000005,EXTRA LIGHT OLIVE 1 LTR 16 PCS,,,gap between consecutive segments on this line,LUNCH BREAK,,46.0,,,,,,,lunch time,same item,,,,,,,,VERIFIED-live,line stopped 2026-08-05 13:23 (run 156 FG0000005) -> restarted 2026-08-05 14:09 (run 156 FG0000005)
STOP_GAP,JIVO_OIL,2026-08-30T22:04:16+05:30,2026-08-05,10 Head,156,,FG0000005,EXTRA LIGHT OLIVE 1 LTR 16 PCS,,,gap between consecutive segments on this line,TEA BREAK,,67.4,,,,,,,TEA TIME,same item,,,,,,,,VERIFIED-live,line stopped 2026-08-05 16:06 (run 156 FG0000005) -> restarted 2026-08-05 17:13 (run 156 FG0000005)
STOP_GAP,JIVO_OIL,2026-08-30T22:04:16+05:30,2026-08-05,10 Head,156,,FG0000005,EXTRA LIGHT OLIVE 1 LTR 16 PCS,,,gap between consecutive segments on this line,END OF SHIFT / CLOSE,,785.0,,,,,,,COLSE,same item,,,,,,,,VERIFIED-live,line stopped 2026-08-05 19:47 (run 156 FG0000005) -> restarted 2026-08-06 08:52 (run 164 FG0000005)
STOP_GAP,JIVO_OIL,2026-08-30T22:04:16+05:30,2026-08-06,10 Head,164,,FG0000005,EXTRA LIGHT OLIVE 1 LTR 16 PCS,,,gap between consecutive segments on this line,TEA BREAK,,15.0,,,,,,,tea time,same item,,,,,,,,VERIFIED-live,line stopped 2026-08-06 11:16 (run 164 FG0000005) -> restarted 2026-08-06 11:31 (run 164 FG0000005)
STOP_GAP,JIVO_OIL,2026-08-30T22:04:16+05:30,2026-08-06,10 Head,164,,FG0000005,EXTRA LIGHT OLIVE 1 LTR 16 PCS,,,gap between consecutive segments on this line,LUNCH BREAK,,11.8,,,,,,,lunch time,same item,,,,,,,,VERIFIED-live,line stopped 2026-08-06 13:26 (run 164 FG0000005) -> restarted 2026-08-06 13:37 (run 164 FG0000005)
STOP_GAP,JIVO_OIL,2026-08-30T22:04:16+05:30,2026-08-06,10 Head,169,,FG0000081,COLD PRESS SUNFLOWER 1 LTR 20 PCS,,,gap between consecutive segments on this line,END OF SHIFT / CLOSE,,768.7,,,,,,,colse,same item,,,,,,,,VERIFIED-live,line stopped 2026-08-06 20:19 (run 169 FG0000081) -> restarted 2026-08-07 09:08 (run 173 FG0000081)
STOP_GAP,JIVO_OIL,2026-08-30T22:04:16+05:30,2026-08-07,10 Head,173,,FG0000081,COLD PRESS SUNFLOWER 1 LTR 20 PCS,,,gap between consecutive segments on this line,TEA BREAK,,86.3,,,,,,,tea time,same item,,,,,,,,VERIFIED-live,line stopped 2026-08-07 11:08 (run 173 FG0000081) -> restarted 2026-08-07 12:35 (run 173 FG0000081)
STOP_GAP,JIVO_OIL,2026-08-30T22:04:16+05:30,2026-08-07,10 Head,173,,FG0000081,COLD PRESS SUNFLOWER 1 LTR 20 PCS,,,gap between consecutive segments on this line,LUNCH BREAK,,43.4,,,,,,,LUNCH TIME,same item,,,,,,,,VERIFIED-live,line stopped 2026-08-07 13:05 (run 173 FG0000081) -> restarted 2026-08-07 13:48 (run 173 FG0000081)
STOP_GAP,JIVO_OIL,2026-08-30T22:04:16+05:30,2026-08-07,10 Head,173,,FG0000081,COLD PRESS SUNFLOWER 1 LTR 20 PCS,,,gap between consecutive segments on this line,TEA BREAK,,21.0,,,,,,,tea time,same item,,,,,,,,VERIFIED-live,line stopped 2026-08-07 16:04 (run 173 FG0000081) -> restarted 2026-08-07 16:25 (run 173 FG0000081)
STOP_GAP,JIVO_OIL,2026-08-30T22:04:16+05:30,2026-08-07,10 Head,173,,FG0000081,COLD PRESS SUNFLOWER 1 LTR 20 PCS,,,gap between consecutive segments on this line,END OF SHIFT / CLOSE,,692.7,,,,,,,colse,ITEM CHANGE,,,,,,,,VERIFIED-live,line stopped 2026-08-07 20:33 (run 173 FG0000081) -> restarted 2026-08-08 08:05 (run 177 FG0000005)
STOP_GAP,JIVO_OIL,2026-08-30T22:04:16+05:30,2026-08-07,10 Head,176,,FG0000005,EXTRA LIGHT OLIVE 1 LTR 16 PCS,,,gap between consecutive segments on this line,END OF SHIFT / CLOSE,,25.7,,,,,,,colse,same item,,,,,,,,VERIFIED-live,line stopped 2026-08-08 11:04 (run 176 FG0000005) -> restarted 2026-08-08 11:30 (run 177 FG0000005)
STOP_GAP,JIVO_OIL,2026-08-30T22:04:16+05:30,2026-08-08,10 Head,177,,FG0000005,EXTRA LIGHT OLIVE 1 LTR 16 PCS,,,gap between consecutive segments on this line,LUNCH BREAK,,68.8,,,,,,,lunch time,same item,,,,,,,,VERIFIED-live,line stopped 2026-08-08 13:06 (run 177 FG0000005) -> restarted 2026-08-08 14:14 (run 177 FG0000005)
STOP_GAP,JIVO_OIL,2026-08-30T22:04:16+05:30,2026-08-10,10 Head,182,,FG0000142,COLD PRESS GROUNDNUT OIL 1 LTR 16 PCS,,,gap between consecutive segments on this line,TEA BREAK,,15.9,,,,,,,tea time,same item,,,,,,,,VERIFIED-live,line stopped 2026-08-10 11:07 (run 182 FG0000142) -> restarted 2026-08-10 11:22 (run 182 FG0000142)
STOP_GAP,JIVO_OIL,2026-08-30T22:04:16+05:30,2026-08-10,10 Head,182,,FG0000142,COLD PRESS GROUNDNUT OIL 1 LTR 16 PCS,,,gap between consecutive segments on this line,TEA BREAK,,35.1,,,,,,,TEA TIME,same item,,,,,,,,VERIFIED-live,line stopped 2026-08-10 16:07 (run 182 FG0000142) -> restarted 2026-08-10 16:42 (run 182 FG0000142)
STOP_GAP,JIVO_OIL,2026-08-30T22:04:16+05:30,2026-08-10,10 Head,182,,FG0000142,COLD PRESS GROUNDNUT OIL 1 LTR 16 PCS,,,gap between consecutive segments on this line,END OF SHIFT / CLOSE,,744.3,,,,,,,colse,same item,,,,,,,,VERIFIED-live,line stopped 2026-08-10 20:22 (run 182 FG0000142) -> restarted 2026-08-11 08:46 (run 187 FG0000142)
STOP_GAP,JIVO_OIL,2026-08-30T22:04:16+05:30,2026-08-11,10 Head,187,,FG0000142,COLD PRESS GROUNDNUT OIL 1 LTR 16 PCS,,,gap between consecutive segments on this line,TEA BREAK,,48.6,,,,,,,tea time,same item,,,,,,,,VERIFIED-live,line stopped 2026-08-11 11:21 (run 187 FG0000142) -> restarted 2026-08-11 12:10 (run 187 FG0000142)
STOP_GAP,JIVO_OIL,2026-08-30T22:04:16+05:30,2026-08-11,10 Head,187,,FG0000142,COLD PRESS GROUNDNUT OIL 1 LTR 16 PCS,,,gap between consecutive segments on this line,LUNCH BREAK,,202.0,,,,,,,lunch time,same item,,,,,,,,VERIFIED-live,line stopped 2026-08-11 13:30 (run 187 FG0000142) -> restarted 2026-08-11 16:52 (run 187 FG0000142)
STOP_GAP,JIVO_OIL,2026-08-30T22:04:16+05:30,2026-08-11,10 Head,187,,FG0000142,COLD PRESS GROUNDNUT OIL 1 LTR 16 PCS,,,gap between consecutive segments on this line,END OF SHIFT / CLOSE,,797.0,,,,,,,colse,same item,,,,,,,,VERIFIED-live,line stopped 2026-08-11 19:11 (run 187 FG0000142) -> restarted 2026-08-12 08:28 (run 195 FG0000142)
STOP_GAP,JIVO_OIL,2026-08-30T22:04:16+05:30,2026-08-12,10 Head,195,,FG0000142,COLD PRESS GROUNDNUT OIL 1 LTR 16 PCS,,,gap between consecutive segments on this line,TEA BREAK,,52.9,,,,,,,tea time,same item,,,,,,,,VERIFIED-live,line stopped 2026-08-12 11:07 (run 195 FG0000142) -> restarted 2026-08-12 12:00 (run 195 FG0000142)
STOP_GAP,JIVO_OIL,2026-08-30T22:04:16+05:30,2026-08-12,10 Head,195,,FG0000142,COLD PRESS GROUNDNUT OIL 1 LTR 16 PCS,,,gap between consecutive segments on this line,LUNCH BREAK,,65.6,,,,,,,LUNCH TIME,same item,,,,,,,,VERIFIED-live,line stopped 2026-08-12 13:02 (run 195 FG0000142) -> restarted 2026-08-12 14:08 (run 195 FG0000142)
STOP_GAP,JIVO_OIL,2026-08-30T22:04:16+05:30,2026-08-12,10 Head,195,,FG0000142,COLD PRESS GROUNDNUT OIL 1 LTR 16 PCS,,,gap between consecutive segments on this line,TEA BREAK,,45.2,,,,,,,tea time,same item,,,,,,,,VERIFIED-live,line stopped 2026-08-12 16:08 (run 195 FG0000142) -> restarted 2026-08-12 16:53 (run 195 FG0000142)
STOP_GAP,JIVO_OIL,2026-08-30T22:04:16+05:30,2026-08-12,10 Head,195,,FG0000142,COLD PRESS GROUNDNUT OIL 1 LTR 16 PCS,,,gap between consecutive segments on this line,END OF SHIFT / CLOSE,,656.3,,,,,,,colse,same item,,,,,,,,VERIFIED-live,line stopped 2026-08-12 21:04 (run 195 FG0000142) -> restarted 2026-08-13 08:00 (run 201 FG0000142)
STOP_GAP,JIVO_OIL,2026-08-30T22:04:16+05:30,2026-08-13,10 Head,201,,FG0000142,COLD PRESS GROUNDNUT OIL 1 LTR 16 PCS,,,gap between consecutive segments on this line,TEA BREAK,,36.9,,,,,,,tea time,same item,,,,,,,,VERIFIED-live,line stopped 2026-08-13 11:24 (run 201 FG0000142) -> restarted 2026-08-13 12:00 (run 201 FG0000142)
STOP_GAP,JIVO_OIL,2026-08-30T22:04:16+05:30,2026-08-13,10 Head,201,,FG0000142,COLD PRESS GROUNDNUT OIL 1 LTR 16 PCS,,,gap between consecutive segments on this line,LUNCH BREAK,,99.9,,,,,,,lunch time,same item,,,,,,,,VERIFIED-live,line stopped 2026-08-13 13:02 (run 201 FG0000142) -> restarted 2026-08-13 14:42 (run 201 FG0000142)
STOP_GAP,JIVO_OIL,2026-08-30T22:04:16+05:30,2026-08-13,10 Head,201,,FG0000142,COLD PRESS GROUNDNUT OIL 1 LTR 16 PCS,,,gap between consecutive segments on this line,TEA BREAK,,25.8,,,,,,,TEA TIME,same item,,,,,,,,VERIFIED-live,line stopped 2026-08-13 16:13 (run 201 FG0000142) -> restarted 2026-08-13 16:38 (run 201 FG0000142)
STOP_GAP,JIVO_OIL,2026-08-30T22:04:16+05:30,2026-08-13,10 Head,201,,FG0000142,COLD PRESS GROUNDNUT OIL 1 LTR 16 PCS,,,gap between consecutive segments on this line,END OF SHIFT / CLOSE,,623.7,,,,,,,COLSE,ITEM CHANGE,,,,,,,,VERIFIED-live,line stopped 2026-08-13 21:36 (run 201 FG0000142) -> restarted 2026-08-14 08:00 (run 208 FG0000028)
STOP_GAP,JIVO_OIL,2026-08-30T22:04:16+05:30,2026-08-14,10 Head,208,,FG0000028,POMACE OLIVE 1 LTR 16 PCS,,,gap between consecutive segments on this line,TEA BREAK,,33.4,,,,,,,tea time,same item,,,,,,,,VERIFIED-live,line stopped 2026-08-14 11:07 (run 208 FG0000028) -> restarted 2026-08-14 11:40 (run 208 FG0000028)
STOP_GAP,JIVO_OIL,2026-08-30T22:04:16+05:30,2026-08-14,10 Head,208,,FG0000028,POMACE OLIVE 1 LTR 16 PCS,,,gap between consecutive segments on this line,LUNCH BREAK,,49.4,,,,,,,lunch time,same item,,,,,,,,VERIFIED-live,line stopped 2026-08-14 13:03 (run 208 FG0000028) -> restarted 2026-08-14 13:52 (run 208 FG0000028)
STOP_GAP,JIVO_OIL,2026-08-30T22:04:16+05:30,2026-08-17,10 Head,212,,FG0000028,POMACE OLIVE 1 LTR 16 PCS,,,gap between consecutive segments on this line,LUNCH BREAK,,52.2,,,,,,,lunch time,same item,,,,,,,,VERIFIED-live,line stopped 2026-08-17 13:27 (run 212 FG0000028) -> restarted 2026-08-17 14:19 (run 212 FG0000028)
STOP_GAP,JIVO_OIL,2026-08-30T22:04:16+05:30,2026-08-17,10 Head,212,,FG0000028,POMACE OLIVE 1 LTR 16 PCS,,,gap between consecutive segments on this line,TEA BREAK,,26.2,,,,,,,TEA TIME,same item,,,,,,,,VERIFIED-live,line stopped 2026-08-17 16:03 (run 212 FG0000028) -> restarted 2026-08-17 16:29 (run 212 FG0000028)
STOP_GAP,JIVO_OIL,2026-08-30T22:04:16+05:30,2026-08-17,10 Head,212,,FG0000028,POMACE OLIVE 1 LTR 16 PCS,,,gap between consecutive segments on this line,END OF SHIFT / CLOSE,,766.3,,,,,,,colse,ITEM CHANGE,,,,,,,,VERIFIED-live,line stopped 2026-08-17 21:52 (run 212 FG0000028) -> restarted 2026-08-18 10:38 (run 216 FG0000142)
STOP_GAP,JIVO_OIL,2026-08-30T22:04:16+05:30,2026-08-18,10 Head,216,,FG0000142,COLD PRESS GROUNDNUT OIL 1 LTR 16 PCS,,,gap between consecutive segments on this line,TEA BREAK,,0.4,,,,,,,TEA TIME,same item,,,,,,,,VERIFIED-live,line stopped 2026-08-18 11:35 (run 216 FG0000142) -> restarted 2026-08-18 11:35 (run 216 FG0000142)
STOP_GAP,JIVO_OIL,2026-08-30T22:04:16+05:30,2026-08-18,10 Head,216,,FG0000142,COLD PRESS GROUNDNUT OIL 1 LTR 16 PCS,,,gap between consecutive segments on this line,LUNCH BREAK,,7.3,,,,,,,lunch time,same item,,,,,,,,VERIFIED-live,line stopped 2026-08-18 13:31 (run 216 FG0000142) -> restarted 2026-08-18 13:38 (run 216 FG0000142)
STOP_GAP,JIVO_OIL,2026-08-30T22:04:16+05:30,2026-08-18,10 Head,216,,FG0000142,COLD PRESS GROUNDNUT OIL 1 LTR 16 PCS,,,gap between consecutive segments on this line,TEA BREAK,,19.9,,,,,,,TEA TIME,same item,,,,,,,,VERIFIED-live,line stopped 2026-08-18 16:08 (run 216 FG0000142) -> restarted 2026-08-18 16:28 (run 216 FG0000142)
STOP_GAP,JIVO_OIL,2026-08-30T22:04:16+05:30,2026-08-18,10 Head,216,,FG0000142,COLD PRESS GROUNDNUT OIL 1 LTR 16 PCS,,,gap between consecutive segments on this line,END OF SHIFT / CLOSE,,585.1,,,,,,,colse,same item,,,,,,,,VERIFIED-live,line stopped 2026-08-18 22:08 (run 216 FG0000142) -> restarted 2026-08-19 07:53 (run 224 FG0000142)
STOP_GAP,JIVO_OIL,2026-08-30T22:04:16+05:30,2026-08-19,10 Head,224,,FG0000142,COLD PRESS GROUNDNUT OIL 1 LTR 16 PCS,,,gap between consecutive segments on this line,TEA BREAK,,72.8,,,,,,,tea time,same item,,,,,,,,VERIFIED-live,line stopped 2026-08-19 11:08 (run 224 FG0000142) -> restarted 2026-08-19 12:21 (run 224 FG0000142)
STOP_GAP,JIVO_OIL,2026-08-30T22:04:16+05:30,2026-08-19,10 Head,224,,FG0000142,COLD PRESS GROUNDNUT OIL 1 LTR 16 PCS,,,gap between consecutive segments on this line,LUNCH BREAK,,39.5,,,,,,,LUNCH TIME,same item,,,,,,,,VERIFIED-live,line stopped 2026-08-19 13:08 (run 224 FG0000142) -> restarted 2026-08-19 13:48 (run 224 FG0000142)
STOP_GAP,JIVO_OIL,2026-08-30T22:04:16+05:30,2026-08-19,10 Head,224,,FG0000142,COLD PRESS GROUNDNUT OIL 1 LTR 16 PCS,,,gap between consecutive segments on this line,TEA BREAK,,21.4,,,,,,,TEA TIME,same item,,,,,,,,VERIFIED-live,line stopped 2026-08-19 16:03 (run 224 FG0000142) -> restarted 2026-08-19 16:25 (run 224 FG0000142)
STOP_GAP,JIVO_OIL,2026-08-30T22:04:16+05:30,2026-08-19,10 Head,224,,FG0000142,COLD PRESS GROUNDNUT OIL 1 LTR 16 PCS,,,gap between consecutive segments on this line,END OF SHIFT / CLOSE,,760.0,,,,,,,colse,same item,,,,,,,,VERIFIED-live,line stopped 2026-08-19 19:50 (run 224 FG0000142) -> restarted 2026-08-20 08:30 (run 231 FG0000142)
STOP_GAP,JIVO_OIL,2026-08-30T22:04:16+05:30,2026-08-21,10 Head,236,,FG0000142,COLD PRESS GROUNDNUT OIL 1 LTR 16 PCS,,,gap between consecutive segments on this line,TEA BREAK,,50.3,,,,,,,TEA TIME,same item,,,,,,,,VERIFIED-live,line stopped 2026-08-21 11:10 (run 236 FG0000142) -> restarted 2026-08-21 12:01 (run 236 FG0000142)
STOP_GAP,JIVO_OIL,2026-08-30T22:04:16+05:30,2026-08-21,10 Head,236,,FG0000142,COLD PRESS GROUNDNUT OIL 1 LTR 16 PCS,,,gap between consecutive segments on this line,END OF SHIFT / CLOSE,,23.8,,,,,,,colse,same item,,,,,,,,VERIFIED-live,line stopped 2026-08-22 09:48 (run 236 FG0000142) -> restarted 2026-08-22 10:12 (run 242 FG0000142)
STOP_GAP,JIVO_OIL,2026-08-30T22:04:16+05:30,2026-08-22,10 Head,242,,FG0000142,COLD PRESS GROUNDNUT OIL 1 LTR 16 PCS,,,gap between consecutive segments on this line,TEA BREAK,,45.7,,,,,,,TEA TIME,same item,,,,,,,,VERIFIED-live,line stopped 2026-08-22 11:10 (run 242 FG0000142) -> restarted 2026-08-22 11:56 (run 242 FG0000142)
STOP_GAP,JIVO_OIL,2026-08-30T22:04:16+05:30,2026-08-22,10 Head,242,,FG0000142,COLD PRESS GROUNDNUT OIL 1 LTR 16 PCS,,,gap between consecutive segments on this line,LUNCH BREAK,,57.8,,,,,,,LUNCH TIME,same item,,,,,,,,VERIFIED-live,line stopped 2026-08-22 13:13 (run 242 FG0000142) -> restarted 2026-08-22 14:11 (run 242 FG0000142)
STOP_GAP,JIVO_OIL,2026-08-30T22:04:16+05:30,2026-08-22,10 Head,242,,FG0000142,COLD PRESS GROUNDNUT OIL 1 LTR 16 PCS,,,gap between consecutive segments on this line,TEA BREAK,,38.6,,,,,,,TEA TIME,same item,,,,,,,,VERIFIED-live,line stopped 2026-08-22 16:09 (run 242 FG0000142) -> restarted 2026-08-22 16:48 (run 242 FG0000142)
STOP_GAP,JIVO_OIL,2026-08-30T22:04:16+05:30,2026-08-24,10 Head,250,,FG0000142,COLD PRESS GROUNDNUT OIL 1 LTR 16 PCS,,,gap between consecutive segments on this line,LUNCH BREAK,,31.5,,,,,,,LUNCH TIME,same item,,,,,,,,VERIFIED-live,line stopped 2026-08-24 13:09 (run 250 FG0000142) -> restarted 2026-08-24 13:41 (run 250 FG0000142)
STOP_GAP,JIVO_OIL,2026-08-30T22:04:16+05:30,2026-08-24,10 Head,250,,FG0000142,COLD PRESS GROUNDNUT OIL 1 LTR 16 PCS,,,gap between consecutive segments on this line,END OF SHIFT / CLOSE,,599.2,,,,,,,colse,ITEM CHANGE,,,,,,,,VERIFIED-live,line stopped 2026-08-24 23:12 (run 250 FG0000142) -> restarted 2026-08-25 09:11 (run 254 FG0000042)
STOP_GAP,JIVO_OIL,2026-08-30T22:04:16+05:30,2026-08-25,10 Head,254,,FG0000042,EXTRA VIRGIN OLIVE 1 LTR 16 PCS,,,gap between consecutive segments on this line,TEA BREAK,,27.5,,,,,,,tea time,same item,,,,,,,,VERIFIED-live,line stopped 2026-08-25 11:16 (run 254 FG0000042) -> restarted 2026-08-25 11:44 (run 254 FG0000042)
STOP_GAP,JIVO_OIL,2026-08-30T22:04:16+05:30,2026-08-25,10 Head,254,,FG0000042,EXTRA VIRGIN OLIVE 1 LTR 16 PCS,,,gap between consecutive segments on this line,LUNCH BREAK,,1229.6,,,,,,,LUNCH TIME,ITEM CHANGE,,,,,,,,VERIFIED-live,line stopped 2026-08-25 13:23 (run 254 FG0000042) -> restarted 2026-08-26 09:53 (run 268 FG0000320)
STOP_GAP,JIVO_OIL,2026-08-30T22:04:16+05:30,2026-08-26,10 Head,263,,FG0000042,EXTRA VIRGIN OLIVE 1 LTR 16 PCS,,,gap between consecutive segments on this line,TEA BREAK,,1314.4,,,,,,,TEA TIME,ITEM CHANGE,,,,,,,,VERIFIED-live,line stopped 2026-08-26 11:05 (run 263 FG0000042) -> restarted 2026-08-27 09:00 (run 269 FG0000320)
STOP_GAP,JIVO_OIL,2026-08-30T22:04:16+05:30,2026-08-27,10 Head,269,,FG0000320,YELLOW MUSTARD OIL 1 LTR 16 PCS,,,gap between consecutive segments on this line,TEA BREAK,,9.5,,,,,,,Tea time,same item,,,,,,,,VERIFIED-live,line stopped 2026-08-27 11:22 (run 269 FG0000320) -> restarted 2026-08-27 11:32 (run 269 FG0000320)
STOP_GAP,JIVO_OIL,2026-08-30T22:04:16+05:30,2026-08-27,10 Head,269,,FG0000320,YELLOW MUSTARD OIL 1 LTR 16 PCS,,,gap between consecutive segments on this line,LUNCH BREAK,,0.3,,,,,,,lunch time,same item,,,,,,,,VERIFIED-live,line stopped 2026-08-27 13:36 (run 269 FG0000320) -> restarted 2026-08-27 13:37 (run 269 FG0000320)
STOP_GAP,JIVO_OIL,2026-08-30T22:04:16+05:30,2026-08-29,10 Head,277,,FG0000064,EXTRA LIGHT OIVE 2 LTR 10 PCS HANDLE,,,gap between consecutive segments on this line,TEA BREAK,,0.1,,,,,,,Tea break,same item,,,,,,,,VERIFIED-live,line stopped 2026-08-29 11:54 (run 277 FG0000064) -> restarted 2026-08-29 11:54 (run 277 FG0000064)
STOP_GAP,JIVO_OIL,2026-08-30T22:04:16+05:30,2026-08-29,10 Head,277,,FG0000064,EXTRA LIGHT OIVE 2 LTR 10 PCS HANDLE,,,gap between consecutive segments on this line,LUNCH BREAK,,0.1,,,,,,,Lunch time,same item,,,,,,,,VERIFIED-live,line stopped 2026-08-29 13:56 (run 277 FG0000064) -> restarted 2026-08-29 13:56 (run 277 FG0000064)
STOP_GAP,JIVO_OIL,2026-08-30T22:04:16+05:30,2026-08-29,10 Head,277,,FG0000064,EXTRA LIGHT OIVE 2 LTR 10 PCS HANDLE,,,gap between consecutive segments on this line,TEA BREAK,,13.1,,,,,,,Tea time,same item,,,,,,,,VERIFIED-live,line stopped 2026-08-29 16:04 (run 277 FG0000064) -> restarted 2026-08-29 16:17 (run 277 FG0000064)
STOP_GAP,JIVO_OIL,2026-08-30T22:04:16+05:30,2026-08-29,10 Head,277,,FG0000064,EXTRA LIGHT OIVE 2 LTR 10 PCS HANDLE,,,gap between consecutive segments on this line,END OF SHIFT / CLOSE,,92.9,,,,,,,Close,same item,,,,,,,,VERIFIED-live,line stopped 2026-08-30 07:56 (run 277 FG0000064) -> restarted 2026-08-30 09:29 (run 281 FG0000064)
STOP_GAP,JIVO_OIL,2026-08-30T22:04:16+05:30,2026-08-30,10 Head,281,,FG0000064,EXTRA LIGHT OIVE 2 LTR 10 PCS HANDLE,,,gap between consecutive segments on this line,TEA BREAK,,45.2,,,,,,,TEA TIME,same item,,,,,,,,VERIFIED-live,line stopped 2026-08-30 11:01 (run 281 FG0000064) -> restarted 2026-08-30 11:47 (run 281 FG0000064)
STOP_GAP,JIVO_OIL,2026-08-30T22:04:16+05:30,2026-08-30,10 Head,281,,FG0000064,EXTRA LIGHT OIVE 2 LTR 10 PCS HANDLE,,,gap between consecutive segments on this line,LUNCH BREAK,,12.3,,,,,,,LUNCH TIME,same item,,,,,,,,VERIFIED-live,line stopped 2026-08-30 13:23 (run 281 FG0000064) -> restarted 2026-08-30 13:35 (run 277 FG0000064)
STOP_GAP,JIVO_OIL,2026-08-30T22:04:16+05:30,2026-08-29,10 Head,277,,FG0000064,EXTRA LIGHT OIVE 2 LTR 10 PCS HANDLE,,,gap between consecutive segments on this line,END OF SHIFT / CLOSE,,0.2,,,,,,,CLOSE,same item,,,,,,,,VERIFIED-live,line stopped 2026-08-30 13:36 (run 277 FG0000064) -> restarted 2026-08-30 13:36 (run 281 FG0000064)
STOP_GAP,JIVO_OIL,2026-08-30T22:04:16+05:30,2026-08-30,10 Head,281,,FG0000064,EXTRA LIGHT OIVE 2 LTR 10 PCS HANDLE,,,gap between consecutive segments on this line,END OF SHIFT / CLOSE,,71.0,,,,,,,CLOSE,ITEM CHANGE,,,,,,,,VERIFIED-live,line stopped 2026-08-30 14:16 (run 281 FG0000064) -> restarted 2026-08-30 15:27 (run 285 FG0000032)
STOP_GAP,JIVO_OIL,2026-08-30T22:04:16+05:30,2026-08-30,10 Head,285,,FG0000032,COLD PRESS 1 LTR 20 PCS,,,gap between consecutive segments on this line,TEA BREAK,,1.8,,,,,,,TEA TIME,same item,,,,,,,,VERIFIED-live,line stopped 2026-08-30 16:17 (run 285 FG0000032) -> restarted 2026-08-30 16:19 (run 285 FG0000032)
STOP_GAP,JIVO_OIL,2026-08-30T22:04:16+05:30,2026-07-16,6 Head,46,,FG0000008,POMACE OLIVE 5 LTR TIN 4 PCS,,,gap between consecutive segments on this line,CARTON,,0.1,,,,,,,Teen ka kagaj nahin khul Pa raha tha,same item,,,,,,,,VERIFIED-live,line stopped 2026-07-16 16:48 (run 46 FG0000008) -> restarted 2026-07-16 16:48 (run 46 FG0000008)
STOP_GAP,JIVO_OIL,2026-08-30T22:04:16+05:30,2026-07-16,6 Head,46,,FG0000008,POMACE OLIVE 5 LTR TIN 4 PCS,,,gap between consecutive segments on this line,CAN/TIN,,8.1,,,,,,,Teen khatm ho gaya hai laane ke liye line,same item,,,,,,,,VERIFIED-live,line stopped 2026-07-16 17:00 (run 46 FG0000008) -> restarted 2026-07-16 17:08 (run 46 FG0000008)
STOP_GAP,JIVO_OIL,2026-08-30T22:04:16+05:30,2026-07-16,6 Head,46,,FG0000008,POMACE OLIVE 5 LTR TIN 4 PCS,,,gap between consecutive segments on this line,COMPRESSED AIR,,0.8,,,,,,,Air band,same item,,,,,,,,VERIFIED-live,line stopped 2026-07-16 17:10 (run 46 FG0000008) -> restarted 2026-07-16 17:11 (run 46 FG0000008)
STOP_GAP,JIVO_OIL,2026-08-30T22:04:16+05:30,2026-07-16,6 Head,46,,FG0000008,POMACE OLIVE 5 LTR TIN 4 PCS,,,gap between consecutive segments on this line,CARTON,,5.1,,,,,,,Gata khatm ho gaya tha,same item,,,,,,,,VERIFIED-live,line stopped 2026-07-16 17:46 (run 46 FG0000008) -> restarted 2026-07-16 17:51 (run 46 FG0000008)
STOP_GAP,JIVO_OIL,2026-08-30T22:04:16+05:30,2026-07-16,6 Head,46,,FG0000008,POMACE OLIVE 5 LTR TIN 4 PCS,,,gap between consecutive segments on this line,MACHINE FAULT,,3.6,,,,,,,Feeling machine ka chayan utar Gaya,same item,,,,,,,,VERIFIED-live,line stopped 2026-07-16 18:21 (run 46 FG0000008) -> restarted 2026-07-16 18:24 (run 46 FG0000008)
STOP_GAP,JIVO_OIL,2026-08-30T22:04:16+05:30,2026-07-24,6 Head,80,,FG0000114,POMACE OLIVE 2 LTR 10 PCS HANDLE,,,gap between consecutive segments on this line,BATCH,,1.3,,,,,,,batch,same item,,,,,,,,VERIFIED-live,line stopped 2026-07-24 10:55 (run 80 FG0000114) -> restarted 2026-07-24 10:56 (run 80 FG0000114)
STOP_GAP,JIVO_OIL,2026-08-30T22:04:16+05:30,2026-07-24,6 Head,80,,FG0000114,POMACE OLIVE 2 LTR 10 PCS HANDLE,,,gap between consecutive segments on this line,LUNCH BREAK,,41.6,,,,,,,LUNCH,same item,,,,,,,,VERIFIED-live,line stopped 2026-07-24 13:03 (run 80 FG0000114) -> restarted 2026-07-24 13:44 (run 80 FG0000114)
STOP_GAP,JIVO_OIL,2026-08-30T22:04:16+05:30,2026-07-24,6 Head,80,,FG0000114,POMACE OLIVE 2 LTR 10 PCS HANDLE,,,gap between consecutive segments on this line,TEA BREAK,,19.5,,,,,,,tea time,same item,,,,,,,,VERIFIED-live,line stopped 2026-07-24 16:03 (run 80 FG0000114) -> restarted 2026-07-24 16:22 (run 80 FG0000114)
STOP_GAP,JIVO_OIL,2026-08-30T22:04:16+05:30,2026-07-24,6 Head,80,,FG0000114,POMACE OLIVE 2 LTR 10 PCS HANDLE,,,gap between consecutive segments on this line,BOTTLE SHORT,,990.2,,,,,,,bottle nahi hai,ITEM CHANGE,,,,,,,,VERIFIED-live,line stopped 2026-07-24 17:33 (run 80 FG0000114) -> restarted 2026-07-25 10:03 (run 83 FG0000074)
STOP_GAP,JIVO_OIL,2026-08-30T22:04:16+05:30,2026-07-25,6 Head,83,,FG0000074,EXTRA VIRGIN OLIVE 5 LTR TIN 4 PCS IMPORTED,,,gap between consecutive segments on this line,PALLET SHORT,,27.3,,,,,,,paylet nahi hai,same item,,,,,,,,VERIFIED-live,line stopped 2026-07-25 10:17 (run 83 FG0000074) -> restarted 2026-07-25 10:44 (run 83 FG0000074)
STOP_GAP,JIVO_OIL,2026-08-30T22:04:16+05:30,2026-07-25,6 Head,83,,FG0000074,EXTRA VIRGIN OLIVE 5 LTR TIN 4 PCS IMPORTED,,,gap between consecutive segments on this line,TEA BREAK,,30.3,,,,,,,tea time,same item,,,,,,,,VERIFIED-live,line stopped 2026-07-25 11:03 (run 83 FG0000074) -> restarted 2026-07-25 11:33 (run 83 FG0000074)
STOP_GAP,JIVO_OIL,2026-08-30T22:04:16+05:30,2026-07-25,6 Head,83,,FG0000074,EXTRA VIRGIN OLIVE 5 LTR TIN 4 PCS IMPORTED,,,gap between consecutive segments on this line,SHRINK FILM,,2.1,,,,,,,Shrink machine problems,same item,,,,,,,,VERIFIED-live,line stopped 2026-07-25 12:31 (run 83 FG0000074) -> restarted 2026-07-25 12:33 (run 83 FG0000074)
STOP_GAP,JIVO_OIL,2026-08-30T22:04:16+05:30,2026-07-25,6 Head,83,,FG0000074,EXTRA VIRGIN OLIVE 5 LTR TIN 4 PCS IMPORTED,,,gap between consecutive segments on this line,LUNCH BREAK,,45.5,,,,,,,LUNCH TIME,same item,,,,,,,,VERIFIED-live,line stopped 2026-07-25 13:01 (run 83 FG0000074) -> restarted 2026-07-25 13:47 (run 83 FG0000074)
STOP_GAP,JIVO_OIL,2026-08-30T22:04:16+05:30,2026-07-25,6 Head,83,,FG0000074,EXTRA VIRGIN OLIVE 5 LTR TIN 4 PCS IMPORTED,,,gap between consecutive segments on this line,TEA BREAK,,116.7,,,,,,,tea time,same item,,,,,,,,VERIFIED-live,line stopped 2026-07-25 16:05 (run 83 FG0000074) -> restarted 2026-07-25 18:02 (run 83 FG0000074)
STOP_GAP,JIVO_OIL,2026-08-30T22:04:16+05:30,2026-07-27,6 Head,101,,FG0000038,MUSTARD KACCHI GHANI 2 LTR 10 PCS,,,gap between consecutive segments on this line,LUNCH BREAK,,42.1,,,,,,,lunch time,same item,,,,,,,,VERIFIED-live,line stopped 2026-07-27 13:00 (run 101 FG0000038) -> restarted 2026-07-27 13:42 (run 101 FG0000038)
STOP_GAP,JIVO_OIL,2026-08-30T22:04:16+05:30,2026-07-27,6 Head,101,,FG0000038,MUSTARD KACCHI GHANI 2 LTR 10 PCS,,,gap between consecutive segments on this line,TEA BREAK,,22.0,,,,,,,tea time,same item,,,,,,,,VERIFIED-live,line stopped 2026-07-27 16:03 (run 101 FG0000038) -> restarted 2026-07-27 16:25 (run 101 FG0000038)
STOP_GAP,JIVO_OIL,2026-08-30T22:04:16+05:30,2026-07-27,6 Head,101,,FG0000038,MUSTARD KACCHI GHANI 2 LTR 10 PCS,,,gap between consecutive segments on this line,(no remark),,11.3,,,,,,,,same item,,,,,,,,VERIFIED-live,line stopped 2026-07-27 16:29 (run 101 FG0000038) -> restarted 2026-07-27 16:41 (run 101 FG0000038)
STOP_GAP,JIVO_OIL,2026-08-30T22:04:16+05:30,2026-07-27,6 Head,101,,FG0000038,MUSTARD KACCHI GHANI 2 LTR 10 PCS,,,gap between consecutive segments on this line,(no remark),,4.5,,,,,,,,same item,,,,,,,,VERIFIED-live,line stopped 2026-07-27 16:51 (run 101 FG0000038) -> restarted 2026-07-27 16:55 (run 101 FG0000038)
STOP_GAP,JIVO_OIL,2026-08-30T22:04:16+05:30,2026-07-27,6 Head,101,,FG0000038,MUSTARD KACCHI GHANI 2 LTR 10 PCS,,,gap between consecutive segments on this line,END OF SHIFT / CLOSE,,891.8,,,,,,,complete production,ITEM CHANGE,,,,,,,,VERIFIED-live,line stopped 2026-07-27 18:56 (run 101 FG0000038) -> restarted 2026-07-28 09:48 (run 104 FG0000008)
STOP_GAP,JIVO_OIL,2026-08-30T22:04:16+05:30,2026-07-28,6 Head,104,,FG0000008,POMACE OLIVE 5 LTR TIN 4 PCS,,,gap between consecutive segments on this line,TEA BREAK,,21.0,,,,,,,tea time,same item,,,,,,,,VERIFIED-live,line stopped 2026-07-28 11:03 (run 104 FG0000008) -> restarted 2026-07-28 11:24 (run 104 FG0000008)
STOP_GAP,JIVO_OIL,2026-08-30T22:04:16+05:30,2026-07-28,6 Head,104,,FG0000008,POMACE OLIVE 5 LTR TIN 4 PCS,,,gap between consecutive segments on this line,(no remark),,1294.4,,,,,,,,ITEM CHANGE,,,,,,,,VERIFIED-live,line stopped 2026-07-28 12:08 (run 104 FG0000008) -> restarted 2026-07-29 09:42 (run 110 FG0000306)
STOP_GAP,JIVO_OIL,2026-08-30T22:04:16+05:30,2026-07-29,6 Head,110,,FG0000306,YELLOW MUSTARD OIL 1 LTR 20 PCS,,,gap between consecutive segments on this line,TEA BREAK,,12.4,,,,,,,TEA TIME,same item,,,,,,,,VERIFIED-live,line stopped 2026-07-29 11:05 (run 110 FG0000306) -> restarted 2026-07-29 11:18 (run 110 FG0000306)
STOP_GAP,JIVO_OIL,2026-08-30T22:04:16+05:30,2026-07-29,6 Head,110,,FG0000306,YELLOW MUSTARD OIL 1 LTR 20 PCS,,,gap between consecutive segments on this line,LUNCH BREAK,,73.4,,,,,,,lunch time,same item,,,,,,,,VERIFIED-live,line stopped 2026-07-29 13:04 (run 110 FG0000306) -> restarted 2026-07-29 14:18 (run 110 FG0000306)
STOP_GAP,JIVO_OIL,2026-08-30T22:04:16+05:30,2026-07-29,6 Head,110,,FG0000306,YELLOW MUSTARD OIL 1 LTR 20 PCS,,,gap between consecutive segments on this line,TEA BREAK,,18.2,,,,,,,tea time,same item,,,,,,,,VERIFIED-live,line stopped 2026-07-29 16:05 (run 110 FG0000306) -> restarted 2026-07-29 16:24 (run 110 FG0000306)
STOP_GAP,JIVO_OIL,2026-08-30T22:04:16+05:30,2026-07-29,6 Head,110,,FG0000306,YELLOW MUSTARD OIL 1 LTR 20 PCS,,,gap between consecutive segments on this line,END OF SHIFT / CLOSE,,6.9,,,,,,,close,same item,,,,,,,,VERIFIED-live,line stopped 2026-07-29 16:58 (run 110 FG0000306) -> restarted 2026-07-29 17:05 (run 110 FG0000306)
STOP_GAP,JIVO_OIL,2026-08-30T22:04:16+05:30,2026-07-29,6 Head,110,,FG0000306,YELLOW MUSTARD OIL 1 LTR 20 PCS,,,gap between consecutive segments on this line,END OF SHIFT / CLOSE,,773.1,,,,,,,colse,ITEM CHANGE,,,,,,,,VERIFIED-live,line stopped 2026-07-29 19:15 (run 110 FG0000306) -> restarted 2026-07-30 08:09 (run 118 FG0000374)
STOP_GAP,JIVO_OIL,2026-08-30T22:04:16+05:30,2026-07-30,6 Head,119,,FG0000306,YELLOW MUSTARD OIL 1 LTR 20 PCS,,,gap between consecutive segments on this line,TEA BREAK,,64.0,,,,,,,TEA TIME,same item,,,,,,,,VERIFIED-live,line stopped 2026-07-30 11:06 (run 119 FG0000306) -> restarted 2026-07-30 12:10 (run 119 FG0000306)
STOP_GAP,JIVO_OIL,2026-08-30T22:04:16+05:30,2026-07-30,6 Head,119,,FG0000306,YELLOW MUSTARD OIL 1 LTR 20 PCS,,,gap between consecutive segments on this line,LUNCH BREAK,,35.4,,,,,,,lunch time,same item,,,,,,,,VERIFIED-live,line stopped 2026-07-30 13:02 (run 119 FG0000306) -> restarted 2026-07-30 13:38 (run 119 FG0000306)
STOP_GAP,JIVO_OIL,2026-08-30T22:04:16+05:30,2026-07-30,6 Head,119,,FG0000306,YELLOW MUSTARD OIL 1 LTR 20 PCS,,,gap between consecutive segments on this line,(no remark),,13.5,,,,,,,,same item,,,,,,,,VERIFIED-live,line stopped 2026-07-30 13:42 (run 119 FG0000306) -> restarted 2026-07-30 13:55 (run 119 FG0000306)
STOP_GAP,JIVO_OIL,2026-08-30T22:04:16+05:30,2026-07-30,6 Head,119,,FG0000306,YELLOW MUSTARD OIL 1 LTR 20 PCS,,,gap between consecutive segments on this line,TEA BREAK,,26.3,,,,,,,tea time,same item,,,,,,,,VERIFIED-live,line stopped 2026-07-30 16:08 (run 119 FG0000306) -> restarted 2026-07-30 16:34 (run 119 FG0000306)
STOP_GAP,JIVO_OIL,2026-08-30T22:04:16+05:30,2026-07-30,6 Head,119,,FG0000306,YELLOW MUSTARD OIL 1 LTR 20 PCS,,,gap between consecutive segments on this line,END OF SHIFT / CLOSE,,866.5,,,,,,,close,ITEM CHANGE,,,,,,,,VERIFIED-live,line stopped 2026-07-30 19:11 (run 119 FG0000306) -> restarted 2026-07-31 09:37 (run 126 FG0000043)
STOP_GAP,JIVO_OIL,2026-08-30T22:04:16+05:30,2026-07-31,6 Head,126,,FG0000043,COLD PRESS 3 LTR 6 PCS,,,gap between consecutive segments on this line,TEA BREAK,,28.4,,,,,,,tea time,same item,,,,,,,,VERIFIED-live,line stopped 2026-07-31 11:04 (run 126 FG0000043) -> restarted 2026-07-31 11:32 (run 126 FG0000043)
STOP_GAP,JIVO_OIL,2026-08-30T22:04:16+05:30,2026-07-31,6 Head,126,,FG0000043,COLD PRESS 3 LTR 6 PCS,,,gap between consecutive segments on this line,LUNCH BREAK,,138.4,,,,,,,lunch time,same item,,,,,,,,VERIFIED-live,line stopped 2026-07-31 13:04 (run 126 FG0000043) -> restarted 2026-07-31 15:23 (run 126 FG0000043)
STOP_GAP,JIVO_OIL,2026-08-30T22:04:16+05:30,2026-07-31,6 Head,126,,FG0000043,COLD PRESS 3 LTR 6 PCS,,,gap between consecutive segments on this line,TEA BREAK,,67.6,,,,,,,tea time,same item,,,,,,,,VERIFIED-live,line stopped 2026-07-31 16:02 (run 126 FG0000043) -> restarted 2026-07-31 17:09 (run 126 FG0000043)
STOP_GAP,JIVO_OIL,2026-08-30T22:04:16+05:30,2026-07-31,6 Head,126,,FG0000043,COLD PRESS 3 LTR 6 PCS,,,gap between consecutive segments on this line,(no remark),,13.2,,,,,,,,same item,,,,,,,,VERIFIED-live,line stopped 2026-07-31 17:24 (run 126 FG0000043) -> restarted 2026-07-31 17:37 (run 126 FG0000043)
STOP_GAP,JIVO_OIL,2026-08-30T22:04:16+05:30,2026-07-31,6 Head,126,,FG0000043,COLD PRESS 3 LTR 6 PCS,,,gap between consecutive segments on this line,END OF SHIFT / CLOSE,,883.4,,,,,,,close,same item,,,,,,,,VERIFIED-live,line stopped 2026-07-31 17:37 (run 126 FG0000043) -> restarted 2026-08-01 08:21 (run 130 FG0000043)
STOP_GAP,JIVO_OIL,2026-08-30T22:04:16+05:30,2026-08-01,6 Head,130,,FG0000043,COLD PRESS 3 LTR 6 PCS,,,gap between consecutive segments on this line,(no remark),,46.6,,,,,,,,same item,,,,,,,,VERIFIED-live,line stopped 2026-08-01 09:07 (run 130 FG0000043) -> restarted 2026-08-01 09:53 (run 130 FG0000043)
STOP_GAP,JIVO_OIL,2026-08-30T22:04:16+05:30,2026-08-01,6 Head,131,,FG0000020,REFINED OIL 5 LTR,,,gap between consecutive segments on this line,LUNCH BREAK,,2.1,,,,,,,lunch time,ITEM CHANGE,,,,,,,,VERIFIED-live,line stopped 2026-08-01 13:32 (run 131 FG0000020) -> restarted 2026-08-01 13:34 (run 130 FG0000043)
STOP_GAP,JIVO_OIL,2026-08-30T22:04:16+05:30,2026-08-01,6 Head,130,,FG0000043,COLD PRESS 3 LTR 6 PCS,,,gap between consecutive segments on this line,END OF SHIFT / CLOSE,,45.9,,,,,,,close,ITEM CHANGE,,,,,,,,VERIFIED-live,line stopped 2026-08-01 13:35 (run 130 FG0000043) -> restarted 2026-08-01 14:20 (run 131 FG0000020)
STOP_GAP,JIVO_OIL,2026-08-30T22:04:16+05:30,2026-08-03,6 Head,137,,FG0000399,JIVO KACHI GHANI COLD PRESSED MUSTARD OIL 5 LTR 4 PCS ( CSD ),,,gap between consecutive segments on this line,TEA BREAK,,8.6,,,,,,,tea time,same item,,,,,,,,VERIFIED-live,line stopped 2026-08-03 11:19 (run 137 FG0000399) -> restarted 2026-08-03 11:28 (run 137 FG0000399)
STOP_GAP,JIVO_OIL,2026-08-30T22:04:16+05:30,2026-08-03,6 Head,137,,FG0000399,JIVO KACHI GHANI COLD PRESSED MUSTARD OIL 5 LTR 4 PCS ( CSD ),,,gap between consecutive segments on this line,(no remark),,63.3,,,,,,,,ITEM CHANGE,,,,,,,,VERIFIED-live,line stopped 2026-08-03 11:45 (run 137 FG0000399) -> restarted 2026-08-03 12:49 (run 141 FG0000011)
STOP_GAP,JIVO_OIL,2026-08-30T22:04:16+05:30,2026-08-03,6 Head,141,,FG0000011,MUSTARD KACCHI GHANI 5 LTR 4 PCS,,,gap between consecutive segments on this line,LUNCH BREAK,,114.9,,,,,,,lunch time,same item,,,,,,,,VERIFIED-live,line stopped 2026-08-03 13:28 (run 141 FG0000011) -> restarted 2026-08-03 15:23 (run 141 FG0000011)
STOP_GAP,JIVO_OIL,2026-08-30T22:04:16+05:30,2026-08-03,6 Head,143,,FG0000142,COLD PRESS GROUNDNUT OIL 1 LTR 16 PCS,,,gap between consecutive segments on this line,TEA BREAK,,31.0,,,,,,,tea time,same item,,,,,,,,VERIFIED-live,line stopped 2026-08-03 16:08 (run 143 FG0000142) -> restarted 2026-08-03 16:39 (run 143 FG0000142)
STOP_GAP,JIVO_OIL,2026-08-30T22:04:16+05:30,2026-08-03,6 Head,143,,FG0000142,COLD PRESS GROUNDNUT OIL 1 LTR 16 PCS,,,gap between consecutive segments on this line,END OF SHIFT / CLOSE,,867.7,,,,,,,colse,ITEM CHANGE,,,,,,,,VERIFIED-live,line stopped 2026-08-03 19:32 (run 143 FG0000142) -> restarted 2026-08-04 09:59 (run 149 FG0000043)
STOP_GAP,JIVO_OIL,2026-08-30T22:04:16+05:30,2026-08-04,6 Head,149,,FG0000043,COLD PRESS 3 LTR 6 PCS,,,gap between consecutive segments on this line,TEA BREAK,,100.1,,,,,,,tea time,same item,,,,,,,,VERIFIED-live,line stopped 2026-08-04 11:23 (run 149 FG0000043) -> restarted 2026-08-04 13:03 (run 149 FG0000043)
STOP_GAP,JIVO_OIL,2026-08-30T22:04:16+05:30,2026-08-04,6 Head,149,,FG0000043,COLD PRESS 3 LTR 6 PCS,,,gap between consecutive segments on this line,LUNCH BREAK,,44.5,,,,,,,IUNCH TIME,same item,,,,,,,,VERIFIED-live,line stopped 2026-08-04 13:03 (run 149 FG0000043) -> restarted 2026-08-04 13:48 (run 149 FG0000043)
STOP_GAP,JIVO_OIL,2026-08-30T22:04:16+05:30,2026-08-04,6 Head,149,,FG0000043,COLD PRESS 3 LTR 6 PCS,,,gap between consecutive segments on this line,TEA BREAK,,79.0,,,,,,,tea time,ITEM CHANGE,,,,,,,,VERIFIED-live,line stopped 2026-08-04 16:03 (run 149 FG0000043) -> restarted 2026-08-04 17:22 (run 151 FG0000070)
STOP_GAP,JIVO_OIL,2026-08-30T22:04:16+05:30,2026-08-04,6 Head,149,,FG0000043,COLD PRESS 3 LTR 6 PCS,,,gap between consecutive segments on this line,END OF SHIFT / CLOSE,,782.7,,,,,,,colse,ITEM CHANGE,,,,,,,,VERIFIED-live,line stopped 2026-08-04 19:11 (run 149 FG0000043) -> restarted 2026-08-05 08:14 (run 157 FG0000070)
STOP_GAP,JIVO_OIL,2026-08-30T22:04:16+05:30,2026-08-05,6 Head,157,,FG0000070,COLD PRESS 2 LTR 10 PCS HANDLE,,,gap between consecutive segments on this line,TEA BREAK,,49.0,,,,,,,tea time,same item,,,,,,,,VERIFIED-live,line stopped 2026-08-05 11:06 (run 157 FG0000070) -> restarted 2026-08-05 11:55 (run 157 FG0000070)
STOP_GAP,JIVO_OIL,2026-08-30T22:04:16+05:30,2026-08-05,6 Head,160,,FG0000011,MUSTARD KACCHI GHANI 5 LTR 4 PCS,,,gap between consecutive segments on this line,LUNCH BREAK,,40.2,,,,,,,lunch time,same item,,,,,,,,VERIFIED-live,line stopped 2026-08-05 13:28 (run 160 FG0000011) -> restarted 2026-08-05 14:08 (run 160 FG0000011)
STOP_GAP,JIVO_OIL,2026-08-30T22:04:16+05:30,2026-08-05,6 Head,160,,FG0000011,MUSTARD KACCHI GHANI 5 LTR 4 PCS,,,gap between consecutive segments on this line,TEA BREAK,,32.9,,,,,,,TEA TIME,same item,,,,,,,,VERIFIED-live,line stopped 2026-08-05 16:05 (run 160 FG0000011) -> restarted 2026-08-05 16:38 (run 160 FG0000011)
STOP_GAP,JIVO_OIL,2026-08-30T22:04:16+05:30,2026-08-05,6 Head,157,,FG0000070,COLD PRESS 2 LTR 10 PCS HANDLE,,,gap between consecutive segments on this line,OTHER (free text),,938.4,,,,,,,STOP,ITEM CHANGE,,,,,,,,VERIFIED-live,line stopped 2026-08-05 17:13 (run 157 FG0000070) -> restarted 2026-08-06 08:52 (run 165 FG0000306)
STOP_GAP,JIVO_OIL,2026-08-30T22:04:16+05:30,2026-08-06,6 Head,165,,FG0000306,YELLOW MUSTARD OIL 1 LTR 20 PCS,,,gap between consecutive segments on this line,TEA BREAK,,14.3,,,,,,,tea time,same item,,,,,,,,VERIFIED-live,line stopped 2026-08-06 11:17 (run 165 FG0000306) -> restarted 2026-08-06 11:31 (run 165 FG0000306)
STOP_GAP,JIVO_OIL,2026-08-30T22:04:16+05:30,2026-08-06,6 Head,165,,FG0000306,YELLOW MUSTARD OIL 1 LTR 20 PCS,,,gap between consecutive segments on this line,LUNCH BREAK,,16.0,,,,,,,lunch time,same item,,,,,,,,VERIFIED-live,line stopped 2026-08-06 13:27 (run 165 FG0000306) -> restarted 2026-08-06 13:43 (run 165 FG0000306)
STOP_GAP,JIVO_OIL,2026-08-30T22:04:16+05:30,2026-08-06,6 Head,165,,FG0000306,YELLOW MUSTARD OIL 1 LTR 20 PCS,,,gap between consecutive segments on this line,END OF SHIFT / CLOSE,,740.4,,,,,,,colse,same item,,,,,,,,VERIFIED-live,line stopped 2026-08-06 20:21 (run 165 FG0000306) -> restarted 2026-08-07 08:41 (run 170 FG0000306)
STOP_GAP,JIVO_OIL,2026-08-30T22:04:16+05:30,2026-08-07,6 Head,174,,FG0000142,COLD PRESS GROUNDNUT OIL 1 LTR 16 PCS,,,gap between consecutive segments on this line,TEA BREAK,,87.7,,,,,,,tea time,same item,,,,,,,,VERIFIED-live,line stopped 2026-08-07 11:07 (run 174 FG0000142) -> restarted 2026-08-07 12:35 (run 174 FG0000142)
STOP_GAP,JIVO_OIL,2026-08-30T22:04:16+05:30,2026-08-07,6 Head,174,,FG0000142,COLD PRESS GROUNDNUT OIL 1 LTR 16 PCS,,,gap between consecutive segments on this line,LUNCH BREAK,,44.9,,,,,,,LUNCH TIME,same item,,,,,,,,VERIFIED-live,line stopped 2026-08-07 13:03 (run 174 FG0000142) -> restarted 2026-08-07 13:48 (run 174 FG0000142)
STOP_GAP,JIVO_OIL,2026-08-30T22:04:16+05:30,2026-08-07,6 Head,174,,FG0000142,COLD PRESS GROUNDNUT OIL 1 LTR 16 PCS,,,gap between consecutive segments on this line,TEA BREAK,,20.0,,,,,,,tea time,same item,,,,,,,,VERIFIED-live,line stopped 2026-08-07 16:05 (run 174 FG0000142) -> restarted 2026-08-07 16:25 (run 174 FG0000142)
STOP_GAP,JIVO_OIL,2026-08-30T22:04:16+05:30,2026-08-07,6 Head,174,,FG0000142,COLD PRESS GROUNDNUT OIL 1 LTR 16 PCS,,,gap between consecutive segments on this line,END OF SHIFT / CLOSE,,693.9,,,,,,,colse,same item,,,,,,,,VERIFIED-live,line stopped 2026-08-07 20:32 (run 174 FG0000142) -> restarted 2026-08-08 08:06 (run 179 FG0000142)
STOP_GAP,JIVO_OIL,2026-08-30T22:04:16+05:30,2026-08-08,6 Head,179,,FG0000142,COLD PRESS GROUNDNUT OIL 1 LTR 16 PCS,,,gap between consecutive segments on this line,TEA BREAK,,24.5,,,,,,,tea time,same item,,,,,,,,VERIFIED-live,line stopped 2026-08-08 11:05 (run 179 FG0000142) -> restarted 2026-08-08 11:30 (run 179 FG0000142)
STOP_GAP,JIVO_OIL,2026-08-30T22:04:16+05:30,2026-08-08,6 Head,179,,FG0000142,COLD PRESS GROUNDNUT OIL 1 LTR 16 PCS,,,gap between consecutive segments on this line,END OF SHIFT / CLOSE,,66.2,,,,,,,colse,same item,,,,,,,,VERIFIED-live,line stopped 2026-08-08 12:00 (run 179 FG0000142) -> restarted 2026-08-08 13:06 (run 179 FG0000142)
STOP_GAP,JIVO_OIL,2026-08-30T22:04:16+05:30,2026-08-08,6 Head,179,,FG0000142,COLD PRESS GROUNDNUT OIL 1 LTR 16 PCS,,,gap between consecutive segments on this line,LUNCH BREAK,,68.0,,,,,,,lunch time,same item,,,,,,,,VERIFIED-live,line stopped 2026-08-08 13:06 (run 179 FG0000142) -> restarted 2026-08-08 14:14 (run 179 FG0000142)
STOP_GAP,JIVO_OIL,2026-08-30T22:04:16+05:30,2026-08-08,6 Head,179,,FG0000142,COLD PRESS GROUNDNUT OIL 1 LTR 16 PCS,,,gap between consecutive segments on this line,TEA BREAK,,54.9,,,,,,,TEA TIME,same item,,,,,,,,VERIFIED-live,line stopped 2026-08-08 16:05 (run 179 FG0000142) -> restarted 2026-08-08 16:59 (run 179 FG0000142)
STOP_GAP,JIVO_OIL,2026-08-30T22:04:16+05:30,2026-08-10,6 Head,186,,FG0000226,RICE BRAN OIL 5 LTR 4 PCS,,,gap between consecutive segments on this line,END OF SHIFT / CLOSE,,0.0,,,,,,,colse,same item,,,,,,,,VERIFIED-live,line stopped 2026-08-10 20:20 (run 186 FG0000226) -> restarted 2026-08-10 20:20 (run 186 FG0000226)
STOP_GAP,JIVO_OIL,2026-08-30T22:04:16+05:30,2026-08-10,6 Head,186,,FG0000226,RICE BRAN OIL 5 LTR 4 PCS,,,gap between consecutive segments on this line,END OF SHIFT / CLOSE,,746.3,,,,,,,colse,same item,,,,,,,,VERIFIED-live,line stopped 2026-08-10 20:20 (run 186 FG0000226) -> restarted 2026-08-11 08:46 (run 188 FG0000226)
STOP_GAP,JIVO_OIL,2026-08-30T22:04:16+05:30,2026-08-11,6 Head,191,,FG0000143,COLD PRESS GROUNDNUT OIL 5 LTR 4 PCS,,,gap between consecutive segments on this line,TEA BREAK,,49.4,,,,,,,tea time,same item,,,,,,,,VERIFIED-live,line stopped 2026-08-11 11:20 (run 191 FG0000143) -> restarted 2026-08-11 12:10 (run 191 FG0000143)
STOP_GAP,JIVO_OIL,2026-08-30T22:04:16+05:30,2026-08-11,6 Head,191,,FG0000143,COLD PRESS GROUNDNUT OIL 5 LTR 4 PCS,,,gap between consecutive segments on this line,LUNCH BREAK,,202.8,,,,,,,lunch time,same item,,,,,,,,VERIFIED-live,line stopped 2026-08-11 13:29 (run 191 FG0000143) -> restarted 2026-08-11 16:51 (run 191 FG0000143)
STOP_GAP,JIVO_OIL,2026-08-30T22:04:16+05:30,2026-08-11,6 Head,191,,FG0000143,COLD PRESS GROUNDNUT OIL 5 LTR 4 PCS,,,gap between consecutive segments on this line,(no remark),,918.8,,,,,,,,ITEM CHANGE,,,,,,,,VERIFIED-live,line stopped 2026-08-11 17:09 (run 191 FG0000143) -> restarted 2026-08-12 08:28 (run 198 FG0000053)
STOP_GAP,JIVO_OIL,2026-08-30T22:04:16+05:30,2026-08-12,6 Head,198,,FG0000053,COLD PRESS SUNFLOWER 5 LTR 4 PCS,,,gap between consecutive segments on this line,TEA BREAK,,51.3,,,,,,,tea time,same item,,,,,,,,VERIFIED-live,line stopped 2026-08-12 11:08 (run 198 FG0000053) -> restarted 2026-08-12 11:59 (run 198 FG0000053)
STOP_GAP,JIVO_OIL,2026-08-30T22:04:16+05:30,2026-08-12,6 Head,198,,FG0000053,COLD PRESS SUNFLOWER 5 LTR 4 PCS,,,gap between consecutive segments on this line,(no remark),,48.0,,,,,,,,same item,,,,,,,,VERIFIED-live,line stopped 2026-08-12 12:52 (run 198 FG0000053) -> restarted 2026-08-12 13:40 (run 198 FG0000053)
STOP_GAP,JIVO_OIL,2026-08-30T22:04:16+05:30,2026-08-12,6 Head,200,,FG0000192,SOYABEAN OIL 5 LTR 4 PCS,,,gap between consecutive segments on this line,TEA BREAK,,45.5,,,,,,,tea time,same item,,,,,,,,VERIFIED-live,line stopped 2026-08-12 16:07 (run 200 FG0000192) -> restarted 2026-08-12 16:53 (run 200 FG0000192)
STOP_GAP,JIVO_OIL,2026-08-30T22:04:16+05:30,2026-08-12,6 Head,200,,FG0000192,SOYABEAN OIL 5 LTR 4 PCS,,,gap between consecutive segments on this line,END OF SHIFT / CLOSE,,656.7,,,,,,,colse,same item,,,,,,,,VERIFIED-live,line stopped 2026-08-12 21:04 (run 200 FG0000192) -> restarted 2026-08-13 08:00 (run 202 FG0000192)
STOP_GAP,JIVO_OIL,2026-08-30T22:04:16+05:30,2026-08-13,6 Head,205,,FG0000038,MUSTARD KACCHI GHANI 2 LTR 10 PCS,,,gap between consecutive segments on this line,TEA BREAK,,38.1,,,,,,,tea time,same item,,,,,,,,VERIFIED-live,line stopped 2026-08-13 11:22 (run 205 FG0000038) -> restarted 2026-08-13 12:00 (run 205 FG0000038)
STOP_GAP,JIVO_OIL,2026-08-30T22:04:16+05:30,2026-08-13,6 Head,205,,FG0000038,MUSTARD KACCHI GHANI 2 LTR 10 PCS,,,gap between consecutive segments on this line,LUNCH BREAK,,97.8,,,,,,,lunch time,same item,,,,,,,,VERIFIED-live,line stopped 2026-08-13 13:02 (run 205 FG0000038) -> restarted 2026-08-13 14:40 (run 205 FG0000038)
STOP_GAP,JIVO_OIL,2026-08-30T22:04:16+05:30,2026-08-13,6 Head,205,,FG0000038,MUSTARD KACCHI GHANI 2 LTR 10 PCS,,,gap between consecutive segments on this line,TEA BREAK,,56.2,,,,,,,TEA TIME,same item,,,,,,,,VERIFIED-live,line stopped 2026-08-13 16:12 (run 205 FG0000038) -> restarted 2026-08-13 17:08 (run 205 FG0000038)
STOP_GAP,JIVO_OIL,2026-08-30T22:04:16+05:30,2026-08-13,6 Head,205,,FG0000038,MUSTARD KACCHI GHANI 2 LTR 10 PCS,,,gap between consecutive segments on this line,END OF SHIFT / CLOSE,,624.8,,,,,,,COLSE,same item,,,,,,,,VERIFIED-live,line stopped 2026-08-13 21:35 (run 205 FG0000038) -> restarted 2026-08-14 08:00 (run 207 FG0000038)
STOP_GAP,JIVO_OIL,2026-08-30T22:04:16+05:30,2026-08-14,6 Head,207,,FG0000038,MUSTARD KACCHI GHANI 2 LTR 10 PCS,,,gap between consecutive segments on this line,TEA BREAK,,113.2,,,,,,,tea time,same item,,,,,,,,VERIFIED-live,line stopped 2026-08-14 11:07 (run 207 FG0000038) -> restarted 2026-08-14 13:00 (run 207 FG0000038)
STOP_GAP,JIVO_OIL,2026-08-30T22:04:16+05:30,2026-08-14,6 Head,207,,FG0000038,MUSTARD KACCHI GHANI 2 LTR 10 PCS,,,gap between consecutive segments on this line,LUNCH BREAK,,51.5,,,,,,,lunch time,same item,,,,,,,,VERIFIED-live,line stopped 2026-08-14 13:00 (run 207 FG0000038) -> restarted 2026-08-14 13:52 (run 207 FG0000038)
STOP_GAP,JIVO_OIL,2026-08-30T22:04:16+05:30,2026-08-17,6 Head,214,,FG0000011,MUSTARD KACCHI GHANI 5 LTR 4 PCS,,,gap between consecutive segments on this line,LUNCH BREAK,,16.5,,,,,,,lunch time,same item,,,,,,,,VERIFIED-live,line stopped 2026-08-17 13:28 (run 214 FG0000011) -> restarted 2026-08-17 13:44 (run 214 FG0000011)
STOP_GAP,JIVO_OIL,2026-08-30T22:04:16+05:30,2026-08-17,6 Head,214,,FG0000011,MUSTARD KACCHI GHANI 5 LTR 4 PCS,,,gap between consecutive segments on this line,TEA BREAK,,24.8,,,,,,,TEA TIME,same item,,,,,,,,VERIFIED-live,line stopped 2026-08-17 16:04 (run 214 FG0000011) -> restarted 2026-08-17 16:29 (run 214 FG0000011)
STOP_GAP,JIVO_OIL,2026-08-30T22:04:16+05:30,2026-08-17,6 Head,214,,FG0000011,MUSTARD KACCHI GHANI 5 LTR 4 PCS,,,gap between consecutive segments on this line,END OF SHIFT / CLOSE,,767.5,,,,,,,colse,same item,,,,,,,,VERIFIED-live,line stopped 2026-08-17 21:50 (run 214 FG0000011) -> restarted 2026-08-18 10:38 (run 220 FG0000011)
STOP_GAP,JIVO_OIL,2026-08-30T22:04:16+05:30,2026-08-18,6 Head,220,,FG0000011,MUSTARD KACCHI GHANI 5 LTR 4 PCS,,,gap between consecutive segments on this line,END OF SHIFT / CLOSE,,587.7,,,,,,,close,ITEM CHANGE,,,,,,,,VERIFIED-live,line stopped 2026-08-18 22:05 (run 220 FG0000011) -> restarted 2026-08-19 07:53 (run 227 FG0000012)
STOP_GAP,JIVO_OIL,2026-08-30T22:04:16+05:30,2026-08-19,6 Head,227,,FG0000012,MUSTARD PAKKI GHANI 5 LTR 4 PCS,,,gap between consecutive segments on this line,TEA BREAK,,62.8,,,,,,,tea time,same item,,,,,,,,VERIFIED-live,line stopped 2026-08-19 11:06 (run 227 FG0000012) -> restarted 2026-08-19 12:09 (run 227 FG0000012)
STOP_GAP,JIVO_OIL,2026-08-30T22:04:16+05:30,2026-08-19,6 Head,227,,FG0000012,MUSTARD PAKKI GHANI 5 LTR 4 PCS,,,gap between consecutive segments on this line,LUNCH BREAK,,38.9,,,,,,,LUNCH TIME,same item,,,,,,,,VERIFIED-live,line stopped 2026-08-19 13:09 (run 227 FG0000012) -> restarted 2026-08-19 13:48 (run 227 FG0000012)
STOP_GAP,JIVO_OIL,2026-08-30T22:04:16+05:30,2026-08-19,6 Head,227,,FG0000012,MUSTARD PAKKI GHANI 5 LTR 4 PCS,,,gap between consecutive segments on this line,TEA BREAK,,16.7,,,,,,,TEA TIME,same item,,,,,,,,VERIFIED-live,line stopped 2026-08-19 16:08 (run 227 FG0000012) -> restarted 2026-08-19 16:24 (run 227 FG0000012)
STOP_GAP,JIVO_OIL,2026-08-30T22:04:16+05:30,2026-08-19,6 Head,230,,FG0000029,MUSTARD PAKKI GHANI 2 LTR 10 PCS,,,gap between consecutive segments on this line,END OF SHIFT / CLOSE,,761.5,,,,,,,colse,same item,,,,,,,,VERIFIED-live,line stopped 2026-08-19 19:48 (run 230 FG0000029) -> restarted 2026-08-20 08:30 (run 232 FG0000029)
STOP_GAP,JIVO_OIL,2026-08-30T22:04:16+05:30,2026-08-21,6 Head,237,,FG0000008,POMACE OLIVE 5 LTR TIN 4 PCS,,,gap between consecutive segments on this line,TEA BREAK,,48.6,,,,,,,TEA TIME,same item,,,,,,,,VERIFIED-live,line stopped 2026-08-21 11:12 (run 237 FG0000008) -> restarted 2026-08-21 12:01 (run 237 FG0000008)
STOP_GAP,JIVO_OIL,2026-08-30T22:04:16+05:30,2026-08-21,6 Head,237,,FG0000008,POMACE OLIVE 5 LTR TIN 4 PCS,,,gap between consecutive segments on this line,END OF SHIFT / CLOSE,,24.3,,,,,,,colse,same item,,,,,,,,VERIFIED-live,line stopped 2026-08-22 09:47 (run 237 FG0000008) -> restarted 2026-08-22 10:12 (run 241 FG0000008)
STOP_GAP,JIVO_OIL,2026-08-30T22:04:16+05:30,2026-08-22,6 Head,241,,FG0000008,POMACE OLIVE 5 LTR TIN 4 PCS,,,gap between consecutive segments on this line,TEA BREAK,,46.1,,,,,,,TEA TIME,same item,,,,,,,,VERIFIED-live,line stopped 2026-08-22 11:10 (run 241 FG0000008) -> restarted 2026-08-22 11:56 (run 241 FG0000008)
STOP_GAP,JIVO_OIL,2026-08-30T22:04:16+05:30,2026-08-22,6 Head,241,,FG0000008,POMACE OLIVE 5 LTR TIN 4 PCS,,,gap between consecutive segments on this line,LUNCH BREAK,,58.4,,,,,,,LUNCH TIME,same item,,,,,,,,VERIFIED-live,line stopped 2026-08-22 13:12 (run 241 FG0000008) -> restarted 2026-08-22 14:11 (run 241 FG0000008)
STOP_GAP,JIVO_OIL,2026-08-30T22:04:16+05:30,2026-08-22,6 Head,241,,FG0000008,POMACE OLIVE 5 LTR TIN 4 PCS,,,gap between consecutive segments on this line,TEA BREAK,,29.4,,,,,,,TEA TIME,ITEM CHANGE,,,,,,,,VERIFIED-live,line stopped 2026-08-22 16:09 (run 241 FG0000008) -> restarted 2026-08-22 16:38 (run 246 FG0000151)
STOP_GAP,JIVO_OIL,2026-08-30T22:04:16+05:30,2026-08-24,6 Head,249,,FG0000128,JIVO GOLD 5 LTR 4 PCS,,,gap between consecutive segments on this line,LUNCH BREAK,,35.1,,,,,,,LUNCH TIME,same item,,,,,,,,VERIFIED-live,line stopped 2026-08-24 13:06 (run 249 FG0000128) -> restarted 2026-08-24 13:41 (run 249 FG0000128)
STOP_GAP,JIVO_OIL,2026-08-30T22:04:16+05:30,2026-08-24,6 Head,249,,FG0000128,JIVO GOLD 5 LTR 4 PCS,,,gap between consecutive segments on this line,END OF SHIFT / CLOSE,,600.0,,,,,,,colse,same item,,,,,,,,VERIFIED-live,line stopped 2026-08-24 23:12 (run 249 FG0000128) -> restarted 2026-08-25 09:12 (run 255 FG0000128)
STOP_GAP,JIVO_OIL,2026-08-30T22:04:16+05:30,2026-08-25,6 Head,255,,FG0000128,JIVO GOLD 5 LTR 4 PCS,,,gap between consecutive segments on this line,TEA BREAK,,27.2,,,,,,,tea time,same item,,,,,,,,VERIFIED-live,line stopped 2026-08-25 11:16 (run 255 FG0000128) -> restarted 2026-08-25 11:44 (run 255 FG0000128)
STOP_GAP,JIVO_OIL,2026-08-30T22:04:16+05:30,2026-08-25,6 Head,257,,FG0000374,YELLOW MUSTARD OIL 5 LTR TIN 4 PCS,,,gap between consecutive segments on this line,LUNCH BREAK,,31.9,,,,,,,LUNCH TIME,same item,,,,,,,,VERIFIED-live,line stopped 2026-08-25 13:22 (run 257 FG0000374) -> restarted 2026-08-25 13:54 (run 257 FG0000374)
STOP_GAP,JIVO_OIL,2026-08-30T22:04:16+05:30,2026-08-25,6 Head,257,,FG0000374,YELLOW MUSTARD OIL 5 LTR TIN 4 PCS,,,gap between consecutive segments on this line,TEA BREAK,,95.9,,,,,,,tea time,ITEM CHANGE,,,,,,,,VERIFIED-live,line stopped 2026-08-25 16:13 (run 257 FG0000374) -> restarted 2026-08-25 17:49 (run 262 FG0000320)
STOP_GAP,JIVO_OIL,2026-08-30T22:04:16+05:30,2026-08-25,6 Head,262,,FG0000320,YELLOW MUSTARD OIL 1 LTR 16 PCS,,,gap between consecutive segments on this line,END OF SHIFT / CLOSE,,792.7,,,,,,,colse,ITEM CHANGE,,,,,,,,VERIFIED-live,line stopped 2026-08-25 20:40 (run 262 FG0000320) -> restarted 2026-08-26 09:53 (run 267 FG0000043)
STOP_GAP,JIVO_OIL,2026-08-30T22:04:16+05:30,2026-08-25,6 Head,262,,FG0000320,YELLOW MUSTARD OIL 1 LTR 16 PCS,,,gap between consecutive segments on this line,TEA BREAK,,1313.9,,,,,,,TEA TIME,ITEM CHANGE,,,,,,,,VERIFIED-live,line stopped 2026-08-26 11:05 (run 262 FG0000320) -> restarted 2026-08-27 08:59 (run 272 FG0000151)
STOP_GAP,JIVO_OIL,2026-08-30T22:04:16+05:30,2026-08-27,6 Head,272,,FG0000151,SANO POMACE OLIVE 5 LTR TIN 4 PCS,,,gap between consecutive segments on this line,(no remark),,240.3,,,,,,,,same item,,,,,,,,VERIFIED-live,line stopped 2026-08-27 10:36 (run 272 FG0000151) -> restarted 2026-08-27 14:36 (run 272 FG0000151)
STOP_GAP,JIVO_OIL,2026-08-30T22:04:16+05:30,2026-08-27,6 Head,272,,FG0000151,SANO POMACE OLIVE 5 LTR TIN 4 PCS,,,gap between consecutive segments on this line,TEA BREAK,,21.1,,,,,,,TEA TIME,same item,,,,,,,,VERIFIED-live,line stopped 2026-08-27 16:17 (run 272 FG0000151) -> restarted 2026-08-27 16:38 (run 272 FG0000151)
STOP_GAP,JIVO_OIL,2026-08-30T22:04:16+05:30,2026-08-29,6 Head,278,,FG0000008,POMACE OLIVE 5 LTR TIN 4 PCS,,,gap between consecutive segments on this line,TEA BREAK,,0.5,,,,,,,Tea break,same item,,,,,,,,VERIFIED-live,line stopped 2026-08-29 11:53 (run 278 FG0000008) -> restarted 2026-08-29 11:54 (run 278 FG0000008)
STOP_GAP,JIVO_OIL,2026-08-30T22:04:16+05:30,2026-08-29,6 Head,278,,FG0000008,POMACE OLIVE 5 LTR TIN 4 PCS,,,gap between consecutive segments on this line,TEA BREAK,,13.4,,,,,,,Tea time,same item,,,,,,,,VERIFIED-live,line stopped 2026-08-29 16:03 (run 278 FG0000008) -> restarted 2026-08-29 16:17 (run 278 FG0000008)
STOP_GAP,JIVO_OIL,2026-08-30T22:04:16+05:30,2026-08-29,6 Head,278,,FG0000008,POMACE OLIVE 5 LTR TIN 4 PCS,,,gap between consecutive segments on this line,END OF SHIFT / CLOSE,,92.5,,,,,,,Close,ITEM CHANGE,,,,,,,,VERIFIED-live,line stopped 2026-08-30 07:56 (run 278 FG0000008) -> restarted 2026-08-30 09:29 (run 282 FG0000151)
STOP_GAP,JIVO_OIL,2026-08-30T22:04:16+05:30,2026-08-30,6 Head,282,,FG0000151,SANO POMACE OLIVE 5 LTR TIN 4 PCS,,,gap between consecutive segments on this line,END OF SHIFT / CLOSE,,7.6,,,,,,,Close,ITEM CHANGE,,,,,,,,VERIFIED-live,line stopped 2026-08-30 09:32 (run 282 FG0000151) -> restarted 2026-08-30 09:40 (run 283 FG0000374)
STOP_GAP,JIVO_OIL,2026-08-30T22:04:16+05:30,2026-08-30,6 Head,283,,FG0000374,YELLOW MUSTARD OIL 5 LTR TIN 4 PCS,,,gap between consecutive segments on this line,TEA BREAK,,45.5,,,,,,,TEA TIME,same item,,,,,,,,VERIFIED-live,line stopped 2026-08-30 11:01 (run 283 FG0000374) -> restarted 2026-08-30 11:47 (run 283 FG0000374)
STOP_GAP,JIVO_OIL,2026-08-30T22:04:16+05:30,2026-08-30,6 Head,283,,FG0000374,YELLOW MUSTARD OIL 5 LTR TIN 4 PCS,,,gap between consecutive segments on this line,LUNCH BREAK,,36.6,,,,,,,LUNCH TIME,same item,,,,,,,,VERIFIED-live,line stopped 2026-08-30 13:01 (run 283 FG0000374) -> restarted 2026-08-30 13:37 (run 283 FG0000374)
STOP_GAP,JIVO_OIL,2026-08-30T22:04:16+05:30,2026-08-30,6 Head,283,,FG0000374,YELLOW MUSTARD OIL 5 LTR TIN 4 PCS,,,gap between consecutive segments on this line,TEA BREAK,,1.2,,,,,,,TEA TIME,same item,,,,,,,,VERIFIED-live,line stopped 2026-08-30 16:18 (run 283 FG0000374) -> restarted 2026-08-30 16:19 (run 283 FG0000374)
STOP_GAP,JIVO_OIL,2026-08-30T22:04:16+05:30,2026-07-14,Clear Pack,21,,FG0000053,COLD PRESS SUNFLOWER 5 LTR 4 PCS,,,gap between consecutive segments on this line,LABOUR,,11.0,,,,,,,Labour problem,same item,,,,,,,,VERIFIED-live,line stopped 2026-07-14 09:07 (run 21 FG0000053) -> restarted 2026-07-14 09:18 (run 21 FG0000053)
STOP_GAP,JIVO_OIL,2026-08-30T22:04:16+05:30,2026-07-14,Clear Pack,21,,FG0000053,COLD PRESS SUNFLOWER 5 LTR 4 PCS,,,gap between consecutive segments on this line,MACHINE FAULT,,15.3,,,,,,,Sewing machine mein dikkat hone ka hath se lag rahi hai,same item,,,,,,,,VERIFIED-live,line stopped 2026-07-14 09:42 (run 21 FG0000053) -> restarted 2026-07-14 09:57 (run 21 FG0000053)
STOP_GAP,JIVO_OIL,2026-08-30T22:04:16+05:30,2026-07-15,Clear Pack,28,,FG0000053,COLD PRESS SUNFLOWER 5 LTR 4 PCS,,,gap between consecutive segments on this line,MACHINE FAULT,,3.2,,,,,,,Machine out ho gaya,same item,,,,,,,,VERIFIED-live,line stopped 2026-07-15 08:29 (run 28 FG0000053) -> restarted 2026-07-15 08:33 (run 28 FG0000053)
STOP_GAP,JIVO_OIL,2026-08-30T22:04:16+05:30,2026-07-15,Clear Pack,28,,FG0000053,COLD PRESS SUNFLOWER 5 LTR 4 PCS,,,gap between consecutive segments on this line,OTHER (free text),,25.4,,,,,,,Out ho gaya,same item,,,,,,,,VERIFIED-live,line stopped 2026-07-15 08:37 (run 28 FG0000053) -> restarted 2026-07-15 09:03 (run 28 FG0000053)
STOP_GAP,JIVO_OIL,2026-08-30T22:04:16+05:30,2026-07-15,Clear Pack,28,,FG0000053,COLD PRESS SUNFLOWER 5 LTR 4 PCS,,,gap between consecutive segments on this line,SHRINK FILM,,5.1,,,,,,,Shrink khatm Ho Gaya,same item,,,,,,,,VERIFIED-live,line stopped 2026-07-15 09:12 (run 28 FG0000053) -> restarted 2026-07-15 09:17 (run 28 FG0000053)
STOP_GAP,JIVO_OIL,2026-08-30T22:04:16+05:30,2026-07-15,Clear Pack,28,,FG0000053,COLD PRESS SUNFLOWER 5 LTR 4 PCS,,,gap between consecutive segments on this line,CLEANING,,8.5,,,,,,,Safai ho raha hai,same item,,,,,,,,VERIFIED-live,line stopped 2026-07-15 10:02 (run 28 FG0000053) -> restarted 2026-07-15 10:11 (run 28 FG0000053)
STOP_GAP,JIVO_OIL,2026-08-30T22:04:16+05:30,2026-07-15,Clear Pack,28,,FG0000053,COLD PRESS SUNFLOWER 5 LTR 4 PCS,,,gap between consecutive segments on this line,MACHINE FAULT,,44.5,,,,,,,Machine ka screen nahin kam kar raha tha,ITEM CHANGE,,,,,,,,VERIFIED-live,line stopped 2026-07-15 10:45 (run 28 FG0000053) -> restarted 2026-07-15 11:30 (run 31 FG0000004)
STOP_GAP,JIVO_OIL,2026-08-30T22:04:16+05:30,2026-07-15,Clear Pack,31,,FG0000004,COLD PRESS 5 LTR 4 PCS,,,gap between consecutive segments on this line,OTHER (free text),,1.5,,,,,,,Funny fat gaya tha,same item,,,,,,,,VERIFIED-live,line stopped 2026-07-15 12:08 (run 31 FG0000004) -> restarted 2026-07-15 12:09 (run 31 FG0000004)
STOP_GAP,JIVO_OIL,2026-08-30T22:04:16+05:30,2026-07-15,Clear Pack,31,,FG0000004,COLD PRESS 5 LTR 4 PCS,,,gap between consecutive segments on this line,SHRINK FILM,,5.6,,,,,,,Shring khatm Ho Gaya,same item,,,,,,,,VERIFIED-live,line stopped 2026-07-15 12:23 (run 31 FG0000004) -> restarted 2026-07-15 12:29 (run 31 FG0000004)
STOP_GAP,JIVO_OIL,2026-08-30T22:04:16+05:30,2026-07-15,Clear Pack,31,,FG0000004,COLD PRESS 5 LTR 4 PCS,,,gap between consecutive segments on this line,QUALITY - LEAK,,4.8,,,,,,,Leak aane iske vajah se line ruk gai,same item,,,,,,,,VERIFIED-live,line stopped 2026-07-15 12:37 (run 31 FG0000004) -> restarted 2026-07-15 12:42 (run 31 FG0000004)
STOP_GAP,JIVO_OIL,2026-08-30T22:04:16+05:30,2026-07-15,Clear Pack,31,,FG0000004,COLD PRESS 5 LTR 4 PCS,,,gap between consecutive segments on this line,STICKER/LABEL,,1.0,,,,,,,Speaker khatm Ho Gaya,same item,,,,,,,,VERIFIED-live,line stopped 2026-07-15 12:46 (run 31 FG0000004) -> restarted 2026-07-15 12:47 (run 31 FG0000004)
STOP_GAP,JIVO_OIL,2026-08-30T22:04:16+05:30,2026-07-15,Clear Pack,31,,FG0000004,COLD PRESS 5 LTR 4 PCS,,,gap between consecutive segments on this line,CHANGEOVER (operator said so),,19.2,,,,,,,Change over sunflower,ITEM CHANGE,,,,,,,,VERIFIED-live,line stopped 2026-07-15 13:49 (run 31 FG0000004) -> restarted 2026-07-15 14:09 (run 28 FG0000053)
STOP_GAP,JIVO_OIL,2026-08-30T22:04:16+05:30,2026-07-15,Clear Pack,28,,FG0000053,COLD PRESS SUNFLOWER 5 LTR 4 PCS,,,gap between consecutive segments on this line,OIL SHORT,,4.9,,,,,,,Kanwar pe Tel tha Safai ke liye roka gaya tha,same item,,,,,,,,VERIFIED-live,line stopped 2026-07-15 14:35 (run 28 FG0000053) -> restarted 2026-07-15 14:40 (run 28 FG0000053)
STOP_GAP,JIVO_OIL,2026-08-30T22:04:16+05:30,2026-07-15,Clear Pack,28,,FG0000053,COLD PRESS SUNFLOWER 5 LTR 4 PCS,,,gap between consecutive segments on this line,CLEANING,,15.8,,,,,,,Convey Safai ho raha hai,same item,,,,,,,,VERIFIED-live,line stopped 2026-07-15 14:42 (run 28 FG0000053) -> restarted 2026-07-15 14:58 (run 28 FG0000053)
STOP_GAP,JIVO_OIL,2026-08-30T22:04:16+05:30,2026-07-15,Clear Pack,28,,FG0000053,COLD PRESS SUNFLOWER 5 LTR 4 PCS,,,gap between consecutive segments on this line,TEA BREAK,,20.5,,,,,,,Tea break,same item,,,,,,,,VERIFIED-live,line stopped 2026-07-15 15:58 (run 28 FG0000053) -> restarted 2026-07-15 16:18 (run 28 FG0000053)
STOP_GAP,JIVO_OIL,2026-08-30T22:04:16+05:30,2026-07-15,Clear Pack,28,,FG0000053,COLD PRESS SUNFLOWER 5 LTR 4 PCS,,,gap between consecutive segments on this line,SHRINK FILM,,3.3,,,,,,,Ring fatane se line ruk gai,same item,,,,,,,,VERIFIED-live,line stopped 2026-07-15 16:23 (run 28 FG0000053) -> restarted 2026-07-15 16:26 (run 28 FG0000053)
STOP_GAP,JIVO_OIL,2026-08-30T22:04:16+05:30,2026-07-15,Clear Pack,28,,FG0000053,COLD PRESS SUNFLOWER 5 LTR 4 PCS,,,gap between consecutive segments on this line,OTHER (free text),,13.3,,,,,,,Khatm Ho Gai isliye line,same item,,,,,,,,VERIFIED-live,line stopped 2026-07-15 16:48 (run 28 FG0000053) -> restarted 2026-07-15 17:01 (run 28 FG0000053)
STOP_GAP,JIVO_OIL,2026-08-30T22:04:16+05:30,2026-07-15,Clear Pack,28,,FG0000053,COLD PRESS SUNFLOWER 5 LTR 4 PCS,,,gap between consecutive segments on this line,SHRINK FILM,,11.6,,,,,,,Shring khatm ho gai,same item,,,,,,,,VERIFIED-live,line stopped 2026-07-15 17:25 (run 28 FG0000053) -> restarted 2026-07-15 17:37 (run 28 FG0000053)
STOP_GAP,JIVO_OIL,2026-08-30T22:04:16+05:30,2026-07-15,Clear Pack,28,,FG0000053,COLD PRESS SUNFLOWER 5 LTR 4 PCS,,,gap between consecutive segments on this line,(no remark),,809.7,,,,,,,,ITEM CHANGE,,,,,,,,VERIFIED-live,line stopped 2026-07-15 19:00 (run 28 FG0000053) -> restarted 2026-07-16 08:30 (run 41 FG0000004)
STOP_GAP,JIVO_OIL,2026-08-30T22:04:16+05:30,2026-07-16,Clear Pack,41,,FG0000004,COLD PRESS 5 LTR 4 PCS,,,gap between consecutive segments on this line,STICKER/LABEL,,5.5,,,,,,,Sticker fatane ke bad se ruk Gai la,same item,,,,,,,,VERIFIED-live,line stopped 2026-07-16 09:26 (run 41 FG0000004) -> restarted 2026-07-16 09:32 (run 41 FG0000004)
STOP_GAP,JIVO_OIL,2026-08-30T22:04:16+05:30,2026-07-16,Clear Pack,41,,FG0000004,COLD PRESS 5 LTR 4 PCS,,,gap between consecutive segments on this line,POWER,,4.3,,,,,,,Light karne ko aise line ruk gai,same item,,,,,,,,VERIFIED-live,line stopped 2026-07-16 10:06 (run 41 FG0000004) -> restarted 2026-07-16 10:11 (run 41 FG0000004)
STOP_GAP,JIVO_OIL,2026-08-30T22:04:16+05:30,2026-07-16,Clear Pack,41,,FG0000004,COLD PRESS 5 LTR 4 PCS,,,gap between consecutive segments on this line,POWER,,3.0,,,,,,,Light cut gai,same item,,,,,,,,VERIFIED-live,line stopped 2026-07-16 10:45 (run 41 FG0000004) -> restarted 2026-07-16 10:48 (run 41 FG0000004)
STOP_GAP,JIVO_OIL,2026-08-30T22:04:16+05:30,2026-07-16,Clear Pack,41,,FG0000004,COLD PRESS 5 LTR 4 PCS,,,gap between consecutive segments on this line,OIL SHORT,,23.9,,,,,,,Machine mein Tel girne ko Jaise Safai ho raha hai,same item,,,,,,,,VERIFIED-live,line stopped 2026-07-16 10:54 (run 41 FG0000004) -> restarted 2026-07-16 11:18 (run 41 FG0000004)
STOP_GAP,JIVO_OIL,2026-08-30T22:04:16+05:30,2026-07-16,Clear Pack,41,,FG0000004,COLD PRESS 5 LTR 4 PCS,,,gap between consecutive segments on this line,OTHER (free text),,3.5,,,,,,,Khatm Ho Gaya,same item,,,,,,,,VERIFIED-live,line stopped 2026-07-16 11:47 (run 41 FG0000004) -> restarted 2026-07-16 11:51 (run 41 FG0000004)
STOP_GAP,JIVO_OIL,2026-08-30T22:04:16+05:30,2026-07-16,Clear Pack,41,,FG0000004,COLD PRESS 5 LTR 4 PCS,,,gap between consecutive segments on this line,LUNCH BREAK,,3.9,,,,,,,Lunch hua,same item,,,,,,,,VERIFIED-live,line stopped 2026-07-16 13:31 (run 41 FG0000004) -> restarted 2026-07-16 13:35 (run 41 FG0000004)
STOP_GAP,JIVO_OIL,2026-08-30T22:04:16+05:30,2026-07-16,Clear Pack,41,,FG0000004,COLD PRESS 5 LTR 4 PCS,,,gap between consecutive segments on this line,SHRINK FILM,,2.8,,,,,,,Shrink machine mein kharabi aane ka,same item,,,,,,,,VERIFIED-live,line stopped 2026-07-16 13:35 (run 41 FG0000004) -> restarted 2026-07-16 13:38 (run 41 FG0000004)
STOP_GAP,JIVO_OIL,2026-08-30T22:04:16+05:30,2026-07-16,Clear Pack,41,,FG0000004,COLD PRESS 5 LTR 4 PCS,,,gap between consecutive segments on this line,JAM,,3.6,,,,,,,Jaam lagne ki vajah se line likho,same item,,,,,,,,VERIFIED-live,line stopped 2026-07-16 13:42 (run 41 FG0000004) -> restarted 2026-07-16 13:46 (run 41 FG0000004)
STOP_GAP,JIVO_OIL,2026-08-30T22:04:16+05:30,2026-07-16,Clear Pack,41,,FG0000004,COLD PRESS 5 LTR 4 PCS,,,gap between consecutive segments on this line,TAPE,,2.0,,,,,,,Tape khatm Ho Gaya,same item,,,,,,,,VERIFIED-live,line stopped 2026-07-16 14:02 (run 41 FG0000004) -> restarted 2026-07-16 14:04 (run 41 FG0000004)
STOP_GAP,JIVO_OIL,2026-08-30T22:04:16+05:30,2026-07-16,Clear Pack,41,,FG0000004,COLD PRESS 5 LTR 4 PCS,,,gap between consecutive segments on this line,JAM,,1.3,,,,,,,Jaam lagne ka vaste,same item,,,,,,,,VERIFIED-live,line stopped 2026-07-16 14:22 (run 41 FG0000004) -> restarted 2026-07-16 14:23 (run 41 FG0000004)
STOP_GAP,JIVO_OIL,2026-08-30T22:04:16+05:30,2026-07-16,Clear Pack,41,,FG0000004,COLD PRESS 5 LTR 4 PCS,,,gap between consecutive segments on this line,SHRINK FILM,,5.4,,,,,,,Panni khatm hone ki vajah se,same item,,,,,,,,VERIFIED-live,line stopped 2026-07-16 14:35 (run 41 FG0000004) -> restarted 2026-07-16 14:40 (run 41 FG0000004)
STOP_GAP,JIVO_OIL,2026-08-30T22:04:16+05:30,2026-07-16,Clear Pack,41,,FG0000004,COLD PRESS 5 LTR 4 PCS,,,gap between consecutive segments on this line,TAPE,,15.4,,,,,,,Tape khatm ho gaya tha,same item,,,,,,,,VERIFIED-live,line stopped 2026-07-16 15:27 (run 41 FG0000004) -> restarted 2026-07-16 15:42 (run 41 FG0000004)
STOP_GAP,JIVO_OIL,2026-08-30T22:04:16+05:30,2026-07-16,Clear Pack,41,,FG0000004,COLD PRESS 5 LTR 4 PCS,,,gap between consecutive segments on this line,TEA BREAK,,23.2,,,,,,,Ti break,same item,,,,,,,,VERIFIED-live,line stopped 2026-07-16 16:01 (run 41 FG0000004) -> restarted 2026-07-16 16:24 (run 41 FG0000004)
STOP_GAP,JIVO_OIL,2026-08-30T22:04:16+05:30,2026-07-16,Clear Pack,41,,FG0000004,COLD PRESS 5 LTR 4 PCS,,,gap between consecutive segments on this line,SHRINK FILM,,14.1,,,,,,,Panni khatm hone Ko aise line,same item,,,,,,,,VERIFIED-live,line stopped 2026-07-16 17:16 (run 41 FG0000004) -> restarted 2026-07-16 17:30 (run 41 FG0000004)
STOP_GAP,JIVO_OIL,2026-08-30T22:04:16+05:30,2026-07-16,Clear Pack,41,,FG0000004,COLD PRESS 5 LTR 4 PCS,,,gap between consecutive segments on this line,SHRINK FILM,,5.8,,,,,,,Shring fatane ko aise line ruk gai,same item,,,,,,,,VERIFIED-live,line stopped 2026-07-16 17:48 (run 41 FG0000004) -> restarted 2026-07-16 17:54 (run 41 FG0000004)
STOP_GAP,JIVO_OIL,2026-08-30T22:04:16+05:30,2026-07-16,Clear Pack,41,,FG0000004,COLD PRESS 5 LTR 4 PCS,,,gap between consecutive segments on this line,QUALITY - BARCODE,,11.2,,,,,,,Barcode galat lagne se line ruk gai,same item,,,,,,,,VERIFIED-live,line stopped 2026-07-16 18:07 (run 41 FG0000004) -> restarted 2026-07-16 18:18 (run 41 FG0000004)
STOP_GAP,JIVO_OIL,2026-08-30T22:04:16+05:30,2026-07-21,Clear Pack,57,,FG0000081,COLD PRESS SUNFLOWER 1 LTR 20 PCS,,,gap between consecutive segments on this line,STICKER/LABEL,,2.5,,,,,,,Sticker khatm Ho Gaya,same item,,,,,,,,VERIFIED-live,line stopped 2026-07-21 15:12 (run 57 FG0000081) -> restarted 2026-07-21 15:14 (run 57 FG0000081)
STOP_GAP,JIVO_OIL,2026-08-30T22:04:16+05:30,2026-07-21,Clear Pack,57,,FG0000081,COLD PRESS SUNFLOWER 1 LTR 20 PCS,,,gap between consecutive segments on this line,TEA BREAK,,21.1,,,,,,,Tea break hone ke bad,same item,,,,,,,,VERIFIED-live,line stopped 2026-07-21 16:01 (run 57 FG0000081) -> restarted 2026-07-21 16:22 (run 57 FG0000081)
STOP_GAP,JIVO_OIL,2026-08-30T22:04:16+05:30,2026-07-21,Clear Pack,57,,FG0000081,COLD PRESS SUNFLOWER 1 LTR 20 PCS,,,gap between consecutive segments on this line,TAPE,,2.0,,,,,,,Tape khatam ho gaya tha,same item,,,,,,,,VERIFIED-live,line stopped 2026-07-21 17:37 (run 57 FG0000081) -> restarted 2026-07-21 17:39 (run 57 FG0000081)
STOP_GAP,JIVO_OIL,2026-08-30T22:04:16+05:30,2026-07-21,Clear Pack,57,,FG0000081,COLD PRESS SUNFLOWER 1 LTR 20 PCS,,,gap between consecutive segments on this line,PALLET SHORT,,8.6,,,,,,,Pilot khatm ho gaya tha,same item,,,,,,,,VERIFIED-live,line stopped 2026-07-21 18:06 (run 57 FG0000081) -> restarted 2026-07-21 18:14 (run 57 FG0000081)
STOP_GAP,JIVO_OIL,2026-08-30T22:04:16+05:30,2026-07-21,Clear Pack,57,,FG0000081,COLD PRESS SUNFLOWER 1 LTR 20 PCS,,,gap between consecutive segments on this line,(no remark),,775.8,,,,,,,,same item,,,,,,,,VERIFIED-live,line stopped 2026-07-21 18:45 (run 57 FG0000081) -> restarted 2026-07-22 07:41 (run 65 FG0000081)
STOP_GAP,JIVO_OIL,2026-08-30T22:04:16+05:30,2026-07-22,Clear Pack,65,,FG0000081,COLD PRESS SUNFLOWER 1 LTR 20 PCS,,,gap between consecutive segments on this line,CAN/TIN,,0.7,,,,,,,Kaner mein dikkat aane ko aise line ruk gai,same item,,,,,,,,VERIFIED-live,line stopped 2026-07-22 07:46 (run 65 FG0000081) -> restarted 2026-07-22 07:47 (run 65 FG0000081)
STOP_GAP,JIVO_OIL,2026-08-30T22:04:16+05:30,2026-07-22,Clear Pack,65,,FG0000081,COLD PRESS SUNFLOWER 1 LTR 20 PCS,,,gap between consecutive segments on this line,OIL SHORT,,35.0,,,,,,,Color match nahin ho raha hai Tel ka ISI waise line,same item,,,,,,,,VERIFIED-live,line stopped 2026-07-22 07:47 (run 65 FG0000081) -> restarted 2026-07-22 08:22 (run 65 FG0000081)
STOP_GAP,JIVO_OIL,2026-08-30T22:04:16+05:30,2026-07-22,Clear Pack,65,,FG0000081,COLD PRESS SUNFLOWER 1 LTR 20 PCS,,,gap between consecutive segments on this line,OIL SHORT,,26.6,,,,,,,Tel nahin Hai,same item,,,,,,,,VERIFIED-live,line stopped 2026-07-22 08:41 (run 65 FG0000081) -> restarted 2026-07-22 09:08 (run 65 FG0000081)
STOP_GAP,JIVO_OIL,2026-08-30T22:04:16+05:30,2026-07-22,Clear Pack,65,,FG0000081,COLD PRESS SUNFLOWER 1 LTR 20 PCS,,,gap between consecutive segments on this line,JAM,,3.8,,,,,,,जाम लग गया,same item,,,,,,,,VERIFIED-live,line stopped 2026-07-22 09:52 (run 65 FG0000081) -> restarted 2026-07-22 09:56 (run 65 FG0000081)
STOP_GAP,JIVO_OIL,2026-08-30T22:04:16+05:30,2026-07-22,Clear Pack,65,,FG0000081,COLD PRESS SUNFLOWER 1 LTR 20 PCS,,,gap between consecutive segments on this line,TAPE,,0.5,,,,,,,टेप मशीन दिक्कत हुआ,same item,,,,,,,,VERIFIED-live,line stopped 2026-07-22 10:40 (run 65 FG0000081) -> restarted 2026-07-22 10:40 (run 65 FG0000081)
STOP_GAP,JIVO_OIL,2026-08-30T22:04:16+05:30,2026-07-22,Clear Pack,65,,FG0000081,COLD PRESS SUNFLOWER 1 LTR 20 PCS,,,gap between consecutive segments on this line,TEA BREAK,,31.8,,,,,,,टी ब्रेक,same item,,,,,,,,VERIFIED-live,line stopped 2026-07-22 10:58 (run 65 FG0000081) -> restarted 2026-07-22 11:30 (run 65 FG0000081)
STOP_GAP,JIVO_OIL,2026-08-30T22:04:16+05:30,2026-07-22,Clear Pack,65,,FG0000081,COLD PRESS SUNFLOWER 1 LTR 20 PCS,,,gap between consecutive segments on this line,LUNCH BREAK,,37.4,,,,,,,Lunch ho gaya,same item,,,,,,,,VERIFIED-live,line stopped 2026-07-22 12:59 (run 65 FG0000081) -> restarted 2026-07-22 13:36 (run 65 FG0000081)
STOP_GAP,JIVO_OIL,2026-08-30T22:04:16+05:30,2026-07-22,Clear Pack,65,,FG0000081,COLD PRESS SUNFLOWER 1 LTR 20 PCS,,,gap between consecutive segments on this line,CHANGEOVER (operator said so),,1039.5,,,,,,,Change ho gaye,ITEM CHANGE,,,,,,,,VERIFIED-live,line stopped 2026-07-22 14:55 (run 65 FG0000081) -> restarted 2026-07-23 08:15 (run 73 FG0000407)
STOP_GAP,JIVO_OIL,2026-08-30T22:04:16+05:30,2026-07-23,Clear Pack,73,,FG0000407,COLD PRESS 1 LTR (NIRMAL RISHI )20 PCS,,,gap between consecutive segments on this line,PALLET SHORT,,10.2,,,,,,,Pilot nahin hai isiliye life,same item,,,,,,,,VERIFIED-live,line stopped 2026-07-23 08:35 (run 73 FG0000407) -> restarted 2026-07-23 08:45 (run 73 FG0000407)
STOP_GAP,JIVO_OIL,2026-08-30T22:04:16+05:30,2026-07-23,Clear Pack,73,,FG0000407,COLD PRESS 1 LTR (NIRMAL RISHI )20 PCS,,,gap between consecutive segments on this line,MACHINE FAULT,,2.3,,,,,,,Machine Gila hone Ko vaise line rukte,same item,,,,,,,,VERIFIED-live,line stopped 2026-07-23 09:00 (run 73 FG0000407) -> restarted 2026-07-23 09:03 (run 73 FG0000407)
STOP_GAP,JIVO_OIL,2026-08-30T22:04:16+05:30,2026-07-23,Clear Pack,73,,FG0000407,COLD PRESS 1 LTR (NIRMAL RISHI )20 PCS,,,gap between consecutive segments on this line,PALLET SHORT,,10.1,,,,,,,Hamare pass pilot nahin Hai line ruk gai hai,same item,,,,,,,,VERIFIED-live,line stopped 2026-07-23 09:34 (run 73 FG0000407) -> restarted 2026-07-23 09:44 (run 73 FG0000407)
STOP_GAP,JIVO_OIL,2026-08-30T22:04:16+05:30,2026-07-23,Clear Pack,73,,FG0000407,COLD PRESS 1 LTR (NIRMAL RISHI )20 PCS,,,gap between consecutive segments on this line,PALLET SHORT,,26.1,,,,,,,Pilot nahin hai isliye line ruk gai,same item,,,,,,,,VERIFIED-live,line stopped 2026-07-23 09:55 (run 73 FG0000407) -> restarted 2026-07-23 10:21 (run 73 FG0000407)
STOP_GAP,JIVO_OIL,2026-08-30T22:04:16+05:30,2026-07-23,Clear Pack,73,,FG0000407,COLD PRESS 1 LTR (NIRMAL RISHI )20 PCS,,,gap between consecutive segments on this line,PALLET SHORT,,7.0,,,,,,,Pilot nahin hone ke vajah se line ruk gai,same item,,,,,,,,VERIFIED-live,line stopped 2026-07-23 10:36 (run 73 FG0000407) -> restarted 2026-07-23 10:43 (run 73 FG0000407)
STOP_GAP,JIVO_OIL,2026-08-30T22:04:16+05:30,2026-07-23,Clear Pack,73,,FG0000407,COLD PRESS 1 LTR (NIRMAL RISHI )20 PCS,,,gap between consecutive segments on this line,(no remark),,3.3,,,,,,,,same item,,,,,,,,VERIFIED-live,line stopped 2026-07-23 11:16 (run 73 FG0000407) -> restarted 2026-07-23 11:19 (run 73 FG0000407)
STOP_GAP,JIVO_OIL,2026-08-30T22:04:16+05:30,2026-07-23,Clear Pack,73,,FG0000407,COLD PRESS 1 LTR (NIRMAL RISHI )20 PCS,,,gap between consecutive segments on this line,PALLET SHORT,,17.6,,,,,,,Pilot nahin hone ke vajah se line rukte,same item,,,,,,,,VERIFIED-live,line stopped 2026-07-23 11:19 (run 73 FG0000407) -> restarted 2026-07-23 11:37 (run 73 FG0000407)
STOP_GAP,JIVO_OIL,2026-08-30T22:04:16+05:30,2026-07-23,Clear Pack,73,,FG0000407,COLD PRESS 1 LTR (NIRMAL RISHI )20 PCS,,,gap between consecutive segments on this line,OTHER (free text),,1.7,,,,,,,Isi ka khatm hone ke bad se line ruk gai,same item,,,,,,,,VERIFIED-live,line stopped 2026-07-23 11:53 (run 73 FG0000407) -> restarted 2026-07-23 11:54 (run 73 FG0000407)
STOP_GAP,JIVO_OIL,2026-08-30T22:04:16+05:30,2026-07-23,Clear Pack,73,,FG0000407,COLD PRESS 1 LTR (NIRMAL RISHI )20 PCS,,,gap between consecutive segments on this line,PALLET SHORT,,81.0,,,,,,,Pilot nahin Banega aise line ruk gai,same item,,,,,,,,VERIFIED-live,line stopped 2026-07-23 12:14 (run 73 FG0000407) -> restarted 2026-07-23 13:35 (run 73 FG0000407)
STOP_GAP,JIVO_OIL,2026-08-30T22:04:16+05:30,2026-07-23,Clear Pack,73,,FG0000407,COLD PRESS 1 LTR (NIRMAL RISHI )20 PCS,,,gap between consecutive segments on this line,MACHINE FAULT,,22.4,,,,,,,Paper machine kharab hone se line ruk gai,same item,,,,,,,,VERIFIED-live,line stopped 2026-07-23 13:53 (run 73 FG0000407) -> restarted 2026-07-23 14:15 (run 73 FG0000407)
STOP_GAP,JIVO_OIL,2026-08-30T22:04:16+05:30,2026-07-23,Clear Pack,73,,FG0000407,COLD PRESS 1 LTR (NIRMAL RISHI )20 PCS,,,gap between consecutive segments on this line,STICKER/LABEL,,8.7,,,,,,,Speaker khatm Ho Gaya isliye line,same item,,,,,,,,VERIFIED-live,line stopped 2026-07-23 15:04 (run 73 FG0000407) -> restarted 2026-07-23 15:13 (run 73 FG0000407)
STOP_GAP,JIVO_OIL,2026-08-30T22:04:16+05:30,2026-07-23,Clear Pack,73,,FG0000407,COLD PRESS 1 LTR (NIRMAL RISHI )20 PCS,,,gap between consecutive segments on this line,PALLET SHORT,,74.1,,,,,,,Pilot nahin hone ke bad Salai ruko,same item,,,,,,,,VERIFIED-live,line stopped 2026-07-23 15:21 (run 73 FG0000407) -> restarted 2026-07-23 16:35 (run 73 FG0000407)
STOP_GAP,JIVO_OIL,2026-08-30T22:04:16+05:30,2026-07-23,Clear Pack,73,,FG0000407,COLD PRESS 1 LTR (NIRMAL RISHI )20 PCS,,,gap between consecutive segments on this line,(no remark),,798.4,,,,,,,,ITEM CHANGE,,,,,,,,VERIFIED-live,line stopped 2026-07-23 18:56 (run 73 FG0000407) -> restarted 2026-07-24 08:15 (run 78 FG0000088)
STOP_GAP,JIVO_OIL,2026-08-30T22:04:16+05:30,2026-07-24,Clear Pack,78,,FG0000088,COLD PRESS 1 LTR +1 LTR COMBO 10 SET PLAIN,,,gap between consecutive segments on this line,STICKER/LABEL,,14.4,,,,,,,Sticker mein dikkat Aaye vaise line ruk gai,same item,,,,,,,,VERIFIED-live,line stopped 2026-07-24 08:37 (run 78 FG0000088) -> restarted 2026-07-24 08:51 (run 78 FG0000088)
STOP_GAP,JIVO_OIL,2026-08-30T22:04:16+05:30,2026-07-24,Clear Pack,78,,FG0000088,COLD PRESS 1 LTR +1 LTR COMBO 10 SET PLAIN,,,gap between consecutive segments on this line,JAM,,31.3,,,,,,,Jaam lagne ke vaise line,same item,,,,,,,,VERIFIED-live,line stopped 2026-07-24 09:06 (run 78 FG0000088) -> restarted 2026-07-24 09:37 (run 78 FG0000088)
STOP_GAP,JIVO_OIL,2026-08-30T22:04:16+05:30,2026-07-24,Clear Pack,78,,FG0000088,COLD PRESS 1 LTR +1 LTR COMBO 10 SET PLAIN,,,gap between consecutive segments on this line,OTHER (free text),,0.3,,,,,,,Jigar khatm Ho Gaya isliye line,same item,,,,,,,,VERIFIED-live,line stopped 2026-07-24 10:05 (run 78 FG0000088) -> restarted 2026-07-24 10:05 (run 78 FG0000088)
STOP_GAP,JIVO_OIL,2026-08-30T22:04:16+05:30,2026-07-24,Clear Pack,78,,FG0000088,COLD PRESS 1 LTR +1 LTR COMBO 10 SET PLAIN,,,gap between consecutive segments on this line,TEA BREAK,,19.6,,,,,,,Tea break,same item,,,,,,,,VERIFIED-live,line stopped 2026-07-24 10:57 (run 78 FG0000088) -> restarted 2026-07-24 11:17 (run 78 FG0000088)
STOP_GAP,JIVO_OIL,2026-08-30T22:04:16+05:30,2026-07-24,Clear Pack,78,,FG0000088,COLD PRESS 1 LTR +1 LTR COMBO 10 SET PLAIN,,,gap between consecutive segments on this line,OTHER (free text),,9.1,,,,,,,GR ISSUE,same item,,,,,,,,VERIFIED-live,line stopped 2026-07-24 11:33 (run 78 FG0000088) -> restarted 2026-07-24 11:42 (run 78 FG0000088)
STOP_GAP,JIVO_OIL,2026-08-30T22:04:16+05:30,2026-07-24,Clear Pack,78,,FG0000088,COLD PRESS 1 LTR +1 LTR COMBO 10 SET PLAIN,,,gap between consecutive segments on this line,LUNCH BREAK,,26.5,,,,,,,LUNCH,same item,,,,,,,,VERIFIED-live,line stopped 2026-07-24 13:05 (run 78 FG0000088) -> restarted 2026-07-24 13:31 (run 78 FG0000088)
STOP_GAP,JIVO_OIL,2026-08-30T22:04:16+05:30,2026-07-24,Clear Pack,78,,FG0000088,COLD PRESS 1 LTR +1 LTR COMBO 10 SET PLAIN,,,gap between consecutive segments on this line,TEA BREAK,,21.6,,,,,,,Tea Time,same item,,,,,,,,VERIFIED-live,line stopped 2026-07-24 16:01 (run 78 FG0000088) -> restarted 2026-07-24 16:22 (run 78 FG0000088)
STOP_GAP,JIVO_OIL,2026-08-30T22:04:16+05:30,2026-07-25,Clear Pack,82,,FG0000033,COLD PRESS 1 LTR + 1 LTR COMBO 10 SET,,,gap between consecutive segments on this line,PALLET SHORT,,9.3,,,,,,,paylet,same item,,,,,,,,VERIFIED-live,line stopped 2026-07-25 10:10 (run 82 FG0000033) -> restarted 2026-07-25 10:20 (run 82 FG0000033)
STOP_GAP,JIVO_OIL,2026-08-30T22:04:16+05:30,2026-07-25,Clear Pack,82,,FG0000033,COLD PRESS 1 LTR + 1 LTR COMBO 10 SET,,,gap between consecutive segments on this line,TEA BREAK,,31.4,,,,,,,tea time,same item,,,,,,,,VERIFIED-live,line stopped 2026-07-25 11:02 (run 82 FG0000033) -> restarted 2026-07-25 11:33 (run 82 FG0000033)
STOP_GAP,JIVO_OIL,2026-08-30T22:04:16+05:30,2026-07-25,Clear Pack,82,,FG0000033,COLD PRESS 1 LTR + 1 LTR COMBO 10 SET,,,gap between consecutive segments on this line,LUNCH BREAK,,46.0,,,,,,,LUNCH TIME,same item,,,,,,,,VERIFIED-live,line stopped 2026-07-25 13:01 (run 82 FG0000033) -> restarted 2026-07-25 13:47 (run 82 FG0000033)
STOP_GAP,JIVO_OIL,2026-08-30T22:04:16+05:30,2026-07-25,Clear Pack,82,,FG0000033,COLD PRESS 1 LTR + 1 LTR COMBO 10 SET,,,gap between consecutive segments on this line,TEA BREAK,,20.1,,,,,,,tea time,same item,,,,,,,,VERIFIED-live,line stopped 2026-07-25 16:05 (run 82 FG0000033) -> restarted 2026-07-25 16:25 (run 82 FG0000033)
STOP_GAP,JIVO_OIL,2026-08-30T22:04:16+05:30,2026-07-27,Clear Pack,99,,FG0000004,COLD PRESS 5 LTR 4 PCS,,,gap between consecutive segments on this line,TEA BREAK,,16.2,,,,,,,tea time,same item,,,,,,,,VERIFIED-live,line stopped 2026-07-27 11:09 (run 99 FG0000004) -> restarted 2026-07-27 11:25 (run 99 FG0000004)
STOP_GAP,JIVO_OIL,2026-08-30T22:04:16+05:30,2026-07-27,Clear Pack,99,,FG0000004,COLD PRESS 5 LTR 4 PCS,,,gap between consecutive segments on this line,(no remark),,0.6,,,,,,,,same item,,,,,,,,VERIFIED-live,line stopped 2026-07-27 12:26 (run 99 FG0000004) -> restarted 2026-07-27 12:26 (run 99 FG0000004)
STOP_GAP,JIVO_OIL,2026-08-30T22:04:16+05:30,2026-07-27,Clear Pack,99,,FG0000004,COLD PRESS 5 LTR 4 PCS,,,gap between consecutive segments on this line,LUNCH BREAK,,40.8,,,,,,,lunch time,same item,,,,,,,,VERIFIED-live,line stopped 2026-07-27 13:01 (run 99 FG0000004) -> restarted 2026-07-27 13:42 (run 99 FG0000004)
STOP_GAP,JIVO_OIL,2026-08-30T22:04:16+05:30,2026-07-27,Clear Pack,99,,FG0000004,COLD PRESS 5 LTR 4 PCS,,,gap between consecutive segments on this line,(no remark),,16.1,,,,,,,,same item,,,,,,,,VERIFIED-live,line stopped 2026-07-27 14:09 (run 99 FG0000004) -> restarted 2026-07-27 14:25 (run 99 FG0000004)
STOP_GAP,JIVO_OIL,2026-08-30T22:04:16+05:30,2026-07-27,Clear Pack,99,,FG0000004,COLD PRESS 5 LTR 4 PCS,,,gap between consecutive segments on this line,TEA BREAK,,22.0,,,,,,,tea time,same item,,,,,,,,VERIFIED-live,line stopped 2026-07-27 16:03 (run 99 FG0000004) -> restarted 2026-07-27 16:25 (run 99 FG0000004)
STOP_GAP,JIVO_OIL,2026-08-30T22:04:16+05:30,2026-07-27,Clear Pack,99,,FG0000004,COLD PRESS 5 LTR 4 PCS,,,gap between consecutive segments on this line,(no remark),,2.6,,,,,,,,same item,,,,,,,,VERIFIED-live,line stopped 2026-07-27 16:42 (run 99 FG0000004) -> restarted 2026-07-27 16:44 (run 99 FG0000004)
STOP_GAP,JIVO_OIL,2026-08-30T22:04:16+05:30,2026-07-27,Clear Pack,99,,FG0000004,COLD PRESS 5 LTR 4 PCS,,,gap between consecutive segments on this line,END OF SHIFT / CLOSE,,929.9,,,,,,,complete production,same item,,,,,,,,VERIFIED-live,line stopped 2026-07-27 18:57 (run 99 FG0000004) -> restarted 2026-07-28 10:27 (run 106 FG0000004)
STOP_GAP,JIVO_OIL,2026-08-30T22:04:16+05:30,2026-07-28,Clear Pack,106,,FG0000004,COLD PRESS 5 LTR 4 PCS,,,gap between consecutive segments on this line,TEA BREAK,,22.1,,,,,,,tea time,same item,,,,,,,,VERIFIED-live,line stopped 2026-07-28 11:01 (run 106 FG0000004) -> restarted 2026-07-28 11:24 (run 106 FG0000004)
STOP_GAP,JIVO_OIL,2026-08-30T22:04:16+05:30,2026-07-28,Clear Pack,106,,FG0000004,COLD PRESS 5 LTR 4 PCS,,,gap between consecutive segments on this line,(no remark),,30.6,,,,,,,,same item,,,,,,,,VERIFIED-live,line stopped 2026-07-28 11:41 (run 106 FG0000004) -> restarted 2026-07-28 12:11 (run 106 FG0000004)
STOP_GAP,JIVO_OIL,2026-08-30T22:04:16+05:30,2026-07-28,Clear Pack,106,,FG0000004,COLD PRESS 5 LTR 4 PCS,,,gap between consecutive segments on this line,LUNCH BREAK,,54.7,,,,,,,LUNCH TIME,same item,,,,,,,,VERIFIED-live,line stopped 2026-07-28 13:01 (run 106 FG0000004) -> restarted 2026-07-28 13:56 (run 106 FG0000004)
STOP_GAP,JIVO_OIL,2026-08-30T22:04:16+05:30,2026-07-28,Clear Pack,106,,FG0000004,COLD PRESS 5 LTR 4 PCS,,,gap between consecutive segments on this line,TEA BREAK,,13.6,,,,,,,tea time,same item,,,,,,,,VERIFIED-live,line stopped 2026-07-28 16:08 (run 106 FG0000004) -> restarted 2026-07-28 16:21 (run 106 FG0000004)
STOP_GAP,JIVO_OIL,2026-08-30T22:04:16+05:30,2026-07-28,Clear Pack,106,,FG0000004,COLD PRESS 5 LTR 4 PCS,,,gap between consecutive segments on this line,(no remark),,7.4,,,,,,,,same item,,,,,,,,VERIFIED-live,line stopped 2026-07-28 16:57 (run 106 FG0000004) -> restarted 2026-07-28 17:05 (run 106 FG0000004)
STOP_GAP,JIVO_OIL,2026-08-30T22:04:16+05:30,2026-07-28,Clear Pack,106,,FG0000004,COLD PRESS 5 LTR 4 PCS,,,gap between consecutive segments on this line,(no remark),,49.1,,,,,,,,same item,,,,,,,,VERIFIED-live,line stopped 2026-07-28 17:48 (run 106 FG0000004) -> restarted 2026-07-28 18:37 (run 106 FG0000004)
STOP_GAP,JIVO_OIL,2026-08-30T22:04:16+05:30,2026-07-28,Clear Pack,106,,FG0000004,COLD PRESS 5 LTR 4 PCS,,,gap between consecutive segments on this line,END OF SHIFT / CLOSE,,1200.4,,,,,,,colse,ITEM CHANGE,,,,,,,,VERIFIED-live,line stopped 2026-07-28 19:36 (run 106 FG0000004) -> restarted 2026-07-29 15:36 (run 113 FB0000016)
STOP_GAP,JIVO_OIL,2026-08-30T22:04:16+05:30,2026-07-29,Clear Pack,113,,FB0000016,COLD PRESS 5 LTR 4 PCS,,,gap between consecutive segments on this line,TEA BREAK,,21.4,,,,,,,tea time,same item,,,,,,,,VERIFIED-live,line stopped 2026-07-29 16:03 (run 113 FB0000016) -> restarted 2026-07-29 16:24 (run 113 FB0000016)
STOP_GAP,JIVO_OIL,2026-08-30T22:04:16+05:30,2026-07-29,Clear Pack,113,,FB0000016,COLD PRESS 5 LTR 4 PCS,,,gap between consecutive segments on this line,(no remark),,13.0,,,,,,,,same item,,,,,,,,VERIFIED-live,line stopped 2026-07-29 18:06 (run 113 FB0000016) -> restarted 2026-07-29 18:19 (run 113 FB0000016)
STOP_GAP,JIVO_OIL,2026-08-30T22:04:16+05:30,2026-07-29,Clear Pack,113,,FB0000016,COLD PRESS 5 LTR 4 PCS,,,gap between consecutive segments on this line,END OF SHIFT / CLOSE,,775.5,,,,,,,close,ITEM CHANGE,,,,,,,,VERIFIED-live,line stopped 2026-07-29 19:07 (run 113 FB0000016) -> restarted 2026-07-30 08:02 (run 115 FG0000004)
STOP_GAP,JIVO_OIL,2026-08-30T22:04:16+05:30,2026-07-30,Clear Pack,115,,FG0000004,COLD PRESS 5 LTR 4 PCS,,,gap between consecutive segments on this line,(no remark),,336.8,,,,,,,,ITEM CHANGE,,,,,,,,VERIFIED-live,line stopped 2026-07-30 09:59 (run 115 FG0000004) -> restarted 2026-07-30 15:36 (run 122 FG0000032)
STOP_GAP,JIVO_OIL,2026-08-30T22:04:16+05:30,2026-07-30,Clear Pack,122,,FG0000032,COLD PRESS 1 LTR 20 PCS,,,gap between consecutive segments on this line,TEA BREAK,,25.5,,,,,,,tea time,same item,,,,,,,,VERIFIED-live,line stopped 2026-07-30 16:08 (run 122 FG0000032) -> restarted 2026-07-30 16:34 (run 122 FG0000032)
STOP_GAP,JIVO_OIL,2026-08-30T22:04:16+05:30,2026-07-30,Clear Pack,122,,FG0000032,COLD PRESS 1 LTR 20 PCS,,,gap between consecutive segments on this line,END OF SHIFT / CLOSE,,754.2,,,,,,,close,same item,,,,,,,,VERIFIED-live,line stopped 2026-07-30 18:58 (run 122 FG0000032) -> restarted 2026-07-31 07:32 (run 123 FG0000032)
STOP_GAP,JIVO_OIL,2026-08-30T22:04:16+05:30,2026-07-31,Clear Pack,123,,FG0000032,COLD PRESS 1 LTR 20 PCS,,,gap between consecutive segments on this line,(no remark),,14.1,,,,,,,,same item,,,,,,,,VERIFIED-live,line stopped 2026-07-31 09:42 (run 123 FG0000032) -> restarted 2026-07-31 09:56 (run 123 FG0000032)
STOP_GAP,JIVO_OIL,2026-08-30T22:04:16+05:30,2026-07-31,Clear Pack,123,,FG0000032,COLD PRESS 1 LTR 20 PCS,,,gap between consecutive segments on this line,TEA BREAK,,29.8,,,,,,,tea time,same item,,,,,,,,VERIFIED-live,line stopped 2026-07-31 11:02 (run 123 FG0000032) -> restarted 2026-07-31 11:32 (run 123 FG0000032)
STOP_GAP,JIVO_OIL,2026-08-30T22:04:16+05:30,2026-07-31,Clear Pack,123,,FG0000032,COLD PRESS 1 LTR 20 PCS,,,gap between consecutive segments on this line,(no remark),,12.8,,,,,,,,same item,,,,,,,,VERIFIED-live,line stopped 2026-07-31 11:55 (run 123 FG0000032) -> restarted 2026-07-31 12:08 (run 123 FG0000032)
STOP_GAP,JIVO_OIL,2026-08-30T22:04:16+05:30,2026-07-31,Clear Pack,123,,FG0000032,COLD PRESS 1 LTR 20 PCS,,,gap between consecutive segments on this line,LUNCH BREAK,,34.1,,,,,,,lunch time,same item,,,,,,,,VERIFIED-live,line stopped 2026-07-31 13:03 (run 123 FG0000032) -> restarted 2026-07-31 13:37 (run 123 FG0000032)
STOP_GAP,JIVO_OIL,2026-08-30T22:04:16+05:30,2026-07-31,Clear Pack,123,,FG0000032,COLD PRESS 1 LTR 20 PCS,,,gap between consecutive segments on this line,(no remark),,6.6,,,,,,,,same item,,,,,,,,VERIFIED-live,line stopped 2026-07-31 13:45 (run 123 FG0000032) -> restarted 2026-07-31 13:52 (run 123 FG0000032)
STOP_GAP,JIVO_OIL,2026-08-30T22:04:16+05:30,2026-07-31,Clear Pack,123,,FG0000032,COLD PRESS 1 LTR 20 PCS,,,gap between consecutive segments on this line,(no remark),,61.9,,,,,,,,same item,,,,,,,,VERIFIED-live,line stopped 2026-07-31 16:08 (run 123 FG0000032) -> restarted 2026-07-31 17:10 (run 123 FG0000032)
STOP_GAP,JIVO_OIL,2026-08-30T22:04:16+05:30,2026-07-31,Clear Pack,123,,FG0000032,COLD PRESS 1 LTR 20 PCS,,,gap between consecutive segments on this line,(no remark),,1.6,,,,,,,,same item,,,,,,,,VERIFIED-live,line stopped 2026-07-31 17:35 (run 123 FG0000032) -> restarted 2026-07-31 17:37 (run 123 FG0000032)
STOP_GAP,JIVO_OIL,2026-08-30T22:04:16+05:30,2026-07-31,Clear Pack,123,,FG0000032,COLD PRESS 1 LTR 20 PCS,,,gap between consecutive segments on this line,END OF SHIFT / CLOSE,,1349.8,,,,,,,close,ITEM CHANGE,,,,,,,,VERIFIED-live,line stopped 2026-07-31 19:06 (run 123 FG0000032) -> restarted 2026-08-01 17:36 (run 133 FG0000013)
STOP_GAP,JIVO_OIL,2026-08-30T22:04:16+05:30,2026-08-03,Clear Pack,135,,FG0000032,COLD PRESS 1 LTR 20 PCS,,,gap between consecutive segments on this line,TEA BREAK,,9.1,,,,,,,tea time,same item,,,,,,,,VERIFIED-live,line stopped 2026-08-03 11:19 (run 135 FG0000032) -> restarted 2026-08-03 11:28 (run 135 FG0000032)
STOP_GAP,JIVO_OIL,2026-08-30T22:04:16+05:30,2026-08-03,Clear Pack,135,,FG0000032,COLD PRESS 1 LTR 20 PCS,,,gap between consecutive segments on this line,LUNCH BREAK,,30.9,,,,,,,lunch time,same item,,,,,,,,VERIFIED-live,line stopped 2026-08-03 13:22 (run 135 FG0000032) -> restarted 2026-08-03 13:53 (run 135 FG0000032)
STOP_GAP,JIVO_OIL,2026-08-30T22:04:16+05:30,2026-08-03,Clear Pack,135,,FG0000032,COLD PRESS 1 LTR 20 PCS,,,gap between consecutive segments on this line,END OF SHIFT / CLOSE,,49.9,,,,,,,close,ITEM CHANGE,,,,,,,,VERIFIED-live,line stopped 2026-08-03 14:49 (run 135 FG0000032) -> restarted 2026-08-03 15:39 (run 142 FG0000081)
STOP_GAP,JIVO_OIL,2026-08-30T22:04:16+05:30,2026-08-01,Clear Pack,134,,FG0000032,COLD PRESS 1 LTR 20 PCS,,,gap between consecutive segments on this line,END OF SHIFT / CLOSE,,39.4,,,,,,,colse,ITEM CHANGE,,,,,,,,VERIFIED-live,line stopped 2026-08-03 15:41 (run 134 FG0000032) -> restarted 2026-08-03 16:21 (run 144 FG0000091)
STOP_GAP,JIVO_OIL,2026-08-30T22:04:16+05:30,2026-08-03,Clear Pack,144,,FG0000091,COLD PRESS SUNFLOWER 1 LTR +1 LTR COMBO 10 SET PLAIN,,,gap between consecutive segments on this line,END OF SHIFT / CLOSE,,743.7,,,,,,,close,same item,,,,,,,,VERIFIED-live,line stopped 2026-08-03 19:46 (run 144 FG0000091) -> restarted 2026-08-04 08:10 (run 146 FG0000091)
STOP_GAP,JIVO_OIL,2026-08-30T22:04:16+05:30,2026-08-04,Clear Pack,146,,FG0000091,COLD PRESS SUNFLOWER 1 LTR +1 LTR COMBO 10 SET PLAIN,,,gap between consecutive segments on this line,TEA BREAK,,25.0,,,,,,,tea time,same item,,,,,,,,VERIFIED-live,line stopped 2026-08-04 11:09 (run 146 FG0000091) -> restarted 2026-08-04 11:34 (run 146 FG0000091)
STOP_GAP,JIVO_OIL,2026-08-30T22:04:16+05:30,2026-08-04,Clear Pack,146,,FG0000091,COLD PRESS SUNFLOWER 1 LTR +1 LTR COMBO 10 SET PLAIN,,,gap between consecutive segments on this line,LUNCH BREAK,,41.8,,,,,,,LUNCH TIME,same item,,,,,,,,VERIFIED-live,line stopped 2026-08-04 13:06 (run 146 FG0000091) -> restarted 2026-08-04 13:47 (run 146 FG0000091)
STOP_GAP,JIVO_OIL,2026-08-30T22:04:16+05:30,2026-08-04,Clear Pack,146,,FG0000091,COLD PRESS SUNFLOWER 1 LTR +1 LTR COMBO 10 SET PLAIN,,,gap between consecutive segments on this line,TEA BREAK,,45.7,,,,,,,tea time,same item,,,,,,,,VERIFIED-live,line stopped 2026-08-04 16:02 (run 146 FG0000091) -> restarted 2026-08-04 16:48 (run 146 FG0000091)
STOP_GAP,JIVO_OIL,2026-08-30T22:04:16+05:30,2026-08-04,Clear Pack,146,,FG0000091,COLD PRESS SUNFLOWER 1 LTR +1 LTR COMBO 10 SET PLAIN,,,gap between consecutive segments on this line,OTHER (free text),,0.2,,,,,,,160,same item,,,,,,,,VERIFIED-live,line stopped 2026-08-04 19:14 (run 146 FG0000091) -> restarted 2026-08-04 19:14 (run 146 FG0000091)
STOP_GAP,JIVO_OIL,2026-08-30T22:04:16+05:30,2026-08-04,Clear Pack,146,,FG0000091,COLD PRESS SUNFLOWER 1 LTR +1 LTR COMBO 10 SET PLAIN,,,gap between consecutive segments on this line,END OF SHIFT / CLOSE,,779.0,,,,,,,colse,same item,,,,,,,,VERIFIED-live,line stopped 2026-08-04 19:15 (run 146 FG0000091) -> restarted 2026-08-05 08:14 (run 154 FG0000091)
STOP_GAP,JIVO_OIL,2026-08-30T22:04:16+05:30,2026-08-05,Clear Pack,154,,FG0000091,COLD PRESS SUNFLOWER 1 LTR +1 LTR COMBO 10 SET PLAIN,,,gap between consecutive segments on this line,TEA BREAK,,48.0,,,,,,,tea time,same item,,,,,,,,VERIFIED-live,line stopped 2026-08-05 11:06 (run 154 FG0000091) -> restarted 2026-08-05 11:54 (run 154 FG0000091)
STOP_GAP,JIVO_OIL,2026-08-30T22:04:16+05:30,2026-08-05,Clear Pack,161,,FG0000053,COLD PRESS SUNFLOWER 5 LTR 4 PCS,,,gap between consecutive segments on this line,LUNCH BREAK,,40.8,,,,,,,lunch time,same item,,,,,,,,VERIFIED-live,line stopped 2026-08-05 13:28 (run 161 FG0000053) -> restarted 2026-08-05 14:09 (run 161 FG0000053)
STOP_GAP,JIVO_OIL,2026-08-30T22:04:16+05:30,2026-08-05,Clear Pack,161,,FG0000053,COLD PRESS SUNFLOWER 5 LTR 4 PCS,,,gap between consecutive segments on this line,(no remark),,79.6,,,,,,,,same item,,,,,,,,VERIFIED-live,line stopped 2026-08-05 14:45 (run 161 FG0000053) -> restarted 2026-08-05 16:04 (run 161 FG0000053)
STOP_GAP,JIVO_OIL,2026-08-30T22:04:16+05:30,2026-08-05,Clear Pack,161,,FG0000053,COLD PRESS SUNFLOWER 5 LTR 4 PCS,,,gap between consecutive segments on this line,TEA BREAK,,68.3,,,,,,,TEA TIME,same item,,,,,,,,VERIFIED-live,line stopped 2026-08-05 16:05 (run 161 FG0000053) -> restarted 2026-08-05 17:13 (run 161 FG0000053)
STOP_GAP,JIVO_OIL,2026-08-30T22:04:16+05:30,2026-08-05,Clear Pack,154,,FG0000091,COLD PRESS SUNFLOWER 1 LTR +1 LTR COMBO 10 SET PLAIN,,,gap between consecutive segments on this line,OTHER (free text),,920.4,,,,,,,STOP,ITEM CHANGE,,,,,,,,VERIFIED-live,line stopped 2026-08-05 17:17 (run 154 FG0000091) -> restarted 2026-08-06 08:37 (run 162 FG0000004)
STOP_GAP,JIVO_OIL,2026-08-30T22:04:16+05:30,2026-08-06,Clear Pack,162,,FG0000004,COLD PRESS 5 LTR 4 PCS,,,gap between consecutive segments on this line,TEA BREAK,,74.5,,,,,,,tea time,same item,,,,,,,,VERIFIED-live,line stopped 2026-08-06 11:15 (run 162 FG0000004) -> restarted 2026-08-06 12:29 (run 162 FG0000004)
STOP_GAP,JIVO_OIL,2026-08-30T22:04:16+05:30,2026-08-06,Clear Pack,162,,FG0000004,COLD PRESS 5 LTR 4 PCS,,,gap between consecutive segments on this line,LUNCH BREAK,,20.7,,,,,,,lunch time,same item,,,,,,,,VERIFIED-live,line stopped 2026-08-06 13:27 (run 162 FG0000004) -> restarted 2026-08-06 13:47 (run 162 FG0000004)
STOP_GAP,JIVO_OIL,2026-08-30T22:04:16+05:30,2026-08-06,Clear Pack,168,,FG0000143,COLD PRESS GROUNDNUT OIL 5 LTR 4 PCS,,,gap between consecutive segments on this line,END OF SHIFT / CLOSE,,741.4,,,,,,,colse,same item,,,,,,,,VERIFIED-live,line stopped 2026-08-06 20:19 (run 168 FG0000143) -> restarted 2026-08-07 08:41 (run 172 FG0000143)
STOP_GAP,JIVO_OIL,2026-08-30T22:04:16+05:30,2026-08-07,Clear Pack,172,,FG0000143,COLD PRESS GROUNDNUT OIL 5 LTR 4 PCS,,,gap between consecutive segments on this line,TEA BREAK,,88.7,,,,,,,tea time,same item,,,,,,,,VERIFIED-live,line stopped 2026-08-07 11:06 (run 172 FG0000143) -> restarted 2026-08-07 12:35 (run 172 FG0000143)
STOP_GAP,JIVO_OIL,2026-08-30T22:04:16+05:30,2026-08-07,Clear Pack,172,,FG0000143,COLD PRESS GROUNDNUT OIL 5 LTR 4 PCS,,,gap between consecutive segments on this line,(no remark),,11.2,,,,,,,,same item,,,,,,,,VERIFIED-live,line stopped 2026-08-07 12:49 (run 172 FG0000143) -> restarted 2026-08-07 13:00 (run 172 FG0000143)
STOP_GAP,JIVO_OIL,2026-08-30T22:04:16+05:30,2026-08-07,Clear Pack,172,,FG0000143,COLD PRESS GROUNDNUT OIL 5 LTR 4 PCS,,,gap between consecutive segments on this line,LUNCH BREAK,,47.2,,,,,,,LUNCH TIME,same item,,,,,,,,VERIFIED-live,line stopped 2026-08-07 13:01 (run 172 FG0000143) -> restarted 2026-08-07 13:48 (run 172 FG0000143)
STOP_GAP,JIVO_OIL,2026-08-30T22:04:16+05:30,2026-08-07,Clear Pack,172,,FG0000143,COLD PRESS GROUNDNUT OIL 5 LTR 4 PCS,,,gap between consecutive segments on this line,(no remark),,11.0,,,,,,,,same item,,,,,,,,VERIFIED-live,line stopped 2026-08-07 13:53 (run 172 FG0000143) -> restarted 2026-08-07 14:04 (run 172 FG0000143)
STOP_GAP,JIVO_OIL,2026-08-30T22:04:16+05:30,2026-08-07,Clear Pack,172,,FG0000143,COLD PRESS GROUNDNUT OIL 5 LTR 4 PCS,,,gap between consecutive segments on this line,(no remark),,20.6,,,,,,,,same item,,,,,,,,VERIFIED-live,line stopped 2026-08-07 14:31 (run 172 FG0000143) -> restarted 2026-08-07 14:52 (run 172 FG0000143)
STOP_GAP,JIVO_OIL,2026-08-30T22:04:16+05:30,2026-08-07,Clear Pack,172,,FG0000143,COLD PRESS GROUNDNUT OIL 5 LTR 4 PCS,,,gap between consecutive segments on this line,TEA BREAK,,21.6,,,,,,,tea time,same item,,,,,,,,VERIFIED-live,line stopped 2026-08-07 16:03 (run 172 FG0000143) -> restarted 2026-08-07 16:25 (run 172 FG0000143)
STOP_GAP,JIVO_OIL,2026-08-30T22:04:16+05:30,2026-08-07,Clear Pack,172,,FG0000143,COLD PRESS GROUNDNUT OIL 5 LTR 4 PCS,,,gap between consecutive segments on this line,(no remark),,24.1,,,,,,,,same item,,,,,,,,VERIFIED-live,line stopped 2026-08-07 16:27 (run 172 FG0000143) -> restarted 2026-08-07 16:51 (run 172 FG0000143)
STOP_GAP,JIVO_OIL,2026-08-30T22:04:16+05:30,2026-08-07,Clear Pack,172,,FG0000143,COLD PRESS GROUNDNUT OIL 5 LTR 4 PCS,,,gap between consecutive segments on this line,(no remark),,21.1,,,,,,,,same item,,,,,,,,VERIFIED-live,line stopped 2026-08-07 16:58 (run 172 FG0000143) -> restarted 2026-08-07 17:19 (run 172 FG0000143)
STOP_GAP,JIVO_OIL,2026-08-30T22:04:16+05:30,2026-08-10,Clear Pack,184,,FG0000081,COLD PRESS SUNFLOWER 1 LTR 20 PCS,,,gap between consecutive segments on this line,TEA BREAK,,33.5,,,,,,,TEA TIME,same item,,,,,,,,VERIFIED-live,line stopped 2026-08-10 16:08 (run 184 FG0000081) -> restarted 2026-08-10 16:42 (run 184 FG0000081)
STOP_GAP,JIVO_OIL,2026-08-30T22:04:16+05:30,2026-08-10,Clear Pack,184,,FG0000081,COLD PRESS SUNFLOWER 1 LTR 20 PCS,,,gap between consecutive segments on this line,END OF SHIFT / CLOSE,,745.2,,,,,,,colse,same item,,,,,,,,VERIFIED-live,line stopped 2026-08-10 20:21 (run 184 FG0000081) -> restarted 2026-08-11 08:46 (run 190 FG0000081)
STOP_GAP,JIVO_OIL,2026-08-30T22:04:16+05:30,2026-08-11,Clear Pack,190,,FG0000081,COLD PRESS SUNFLOWER 1 LTR 20 PCS,,,gap between consecutive segments on this line,TEA BREAK,,9.4,,,,,,,tea time,same item,,,,,,,,VERIFIED-live,line stopped 2026-08-11 11:21 (run 190 FG0000081) -> restarted 2026-08-11 11:30 (run 190 FG0000081)
STOP_GAP,JIVO_OIL,2026-08-30T22:04:16+05:30,2026-08-11,Clear Pack,190,,FG0000081,COLD PRESS SUNFLOWER 1 LTR 20 PCS,,,gap between consecutive segments on this line,LUNCH BREAK,,35.1,,,,,,,lunch time,same item,,,,,,,,VERIFIED-live,line stopped 2026-08-11 13:29 (run 190 FG0000081) -> restarted 2026-08-11 14:04 (run 190 FG0000081)
STOP_GAP,JIVO_OIL,2026-08-30T22:04:16+05:30,2026-08-11,Clear Pack,190,,FG0000081,COLD PRESS SUNFLOWER 1 LTR 20 PCS,,,gap between consecutive segments on this line,END OF SHIFT / CLOSE,,797.1,,,,,,,colse,ITEM CHANGE,,,,,,,,VERIFIED-live,line stopped 2026-08-11 19:11 (run 190 FG0000081) -> restarted 2026-08-12 08:28 (run 197 FG0000429)
STOP_GAP,JIVO_OIL,2026-08-30T22:04:16+05:30,2026-08-12,Clear Pack,197,,FG0000429,MUSTARD KACHI GHANI 1 LTR + 1 LTR COMBO 10 SET PLAIN,,,gap between consecutive segments on this line,TEA BREAK,,53.2,,,,,,,tea time,same item,,,,,,,,VERIFIED-live,line stopped 2026-08-12 11:06 (run 197 FG0000429) -> restarted 2026-08-12 11:59 (run 197 FG0000429)
STOP_GAP,JIVO_OIL,2026-08-30T22:04:16+05:30,2026-08-12,Clear Pack,197,,FG0000429,MUSTARD KACHI GHANI 1 LTR + 1 LTR COMBO 10 SET PLAIN,,,gap between consecutive segments on this line,LUNCH BREAK,,66.6,,,,,,,LUNCH TIME,same item,,,,,,,,VERIFIED-live,line stopped 2026-08-12 13:01 (run 197 FG0000429) -> restarted 2026-08-12 14:08 (run 197 FG0000429)
STOP_GAP,JIVO_OIL,2026-08-30T22:04:16+05:30,2026-08-12,Clear Pack,197,,FG0000429,MUSTARD KACHI GHANI 1 LTR + 1 LTR COMBO 10 SET PLAIN,,,gap between consecutive segments on this line,TEA BREAK,,14.2,,,,,,,tea time,same item,,,,,,,,VERIFIED-live,line stopped 2026-08-12 16:11 (run 197 FG0000429) -> restarted 2026-08-12 16:25 (run 197 FG0000429)
STOP_GAP,JIVO_OIL,2026-08-30T22:04:16+05:30,2026-08-12,Clear Pack,197,,FG0000429,MUSTARD KACHI GHANI 1 LTR + 1 LTR COMBO 10 SET PLAIN,,,gap between consecutive segments on this line,END OF SHIFT / CLOSE,,656.2,,,,,,,close,same item,,,,,,,,VERIFIED-live,line stopped 2026-08-12 21:04 (run 197 FG0000429) -> restarted 2026-08-13 08:00 (run 204 FG0000429)
STOP_GAP,JIVO_OIL,2026-08-30T22:04:16+05:30,2026-08-13,Clear Pack,204,,FG0000429,MUSTARD KACHI GHANI 1 LTR + 1 LTR COMBO 10 SET PLAIN,,,gap between consecutive segments on this line,TEA BREAK,,7.1,,,,,,,tea time,same item,,,,,,,,VERIFIED-live,line stopped 2026-08-13 11:22 (run 204 FG0000429) -> restarted 2026-08-13 11:29 (run 204 FG0000429)
STOP_GAP,JIVO_OIL,2026-08-30T22:04:16+05:30,2026-08-13,Clear Pack,204,,FG0000429,MUSTARD KACHI GHANI 1 LTR + 1 LTR COMBO 10 SET PLAIN,,,gap between consecutive segments on this line,LUNCH BREAK,,124.2,,,,,,,lunch time,same item,,,,,,,,VERIFIED-live,line stopped 2026-08-13 13:01 (run 204 FG0000429) -> restarted 2026-08-13 15:05 (run 204 FG0000429)
STOP_GAP,JIVO_OIL,2026-08-30T22:04:16+05:30,2026-08-13,Clear Pack,204,,FG0000429,MUSTARD KACHI GHANI 1 LTR + 1 LTR COMBO 10 SET PLAIN,,,gap between consecutive segments on this line,TEA BREAK,,56.1,,,,,,,TEA TIME,same item,,,,,,,,VERIFIED-live,line stopped 2026-08-13 16:12 (run 204 FG0000429) -> restarted 2026-08-13 17:08 (run 204 FG0000429)
STOP_GAP,JIVO_OIL,2026-08-30T22:04:16+05:30,2026-08-13,Clear Pack,204,,FG0000429,MUSTARD KACHI GHANI 1 LTR + 1 LTR COMBO 10 SET PLAIN,,,gap between consecutive segments on this line,END OF SHIFT / CLOSE,,621.2,,,,,,,COLSE,same item,,,,,,,,VERIFIED-live,line stopped 2026-08-13 21:39 (run 204 FG0000429) -> restarted 2026-08-14 08:00 (run 206 FG0000429)
STOP_GAP,JIVO_OIL,2026-08-30T22:04:16+05:30,2026-08-14,Clear Pack,206,,FG0000429,MUSTARD KACHI GHANI 1 LTR + 1 LTR COMBO 10 SET PLAIN,,,gap between consecutive segments on this line,TEA BREAK,,32.1,,,,,,,tea time,same item,,,,,,,,VERIFIED-live,line stopped 2026-08-14 11:06 (run 206 FG0000429) -> restarted 2026-08-14 11:38 (run 206 FG0000429)
STOP_GAP,JIVO_OIL,2026-08-30T22:04:16+05:30,2026-08-14,Clear Pack,206,,FG0000429,MUSTARD KACHI GHANI 1 LTR + 1 LTR COMBO 10 SET PLAIN,,,gap between consecutive segments on this line,LUNCH BREAK,,50.0,,,,,,,lunch time,same item,,,,,,,,VERIFIED-live,line stopped 2026-08-14 13:02 (run 206 FG0000429) -> restarted 2026-08-14 13:52 (run 206 FG0000429)
STOP_GAP,JIVO_OIL,2026-08-30T22:04:16+05:30,2026-08-17,Clear Pack,213,,FG0000081,COLD PRESS SUNFLOWER 1 LTR 20 PCS,,,gap between consecutive segments on this line,LUNCH BREAK,,19.3,,,,,,,lunch time,same item,,,,,,,,VERIFIED-live,line stopped 2026-08-17 13:26 (run 213 FG0000081) -> restarted 2026-08-17 13:46 (run 213 FG0000081)
STOP_GAP,JIVO_OIL,2026-08-30T22:04:16+05:30,2026-08-17,Clear Pack,213,,FG0000081,COLD PRESS SUNFLOWER 1 LTR 20 PCS,,,gap between consecutive segments on this line,TEA BREAK,,25.7,,,,,,,TEA TIME,same item,,,,,,,,VERIFIED-live,line stopped 2026-08-17 16:03 (run 213 FG0000081) -> restarted 2026-08-17 16:29 (run 213 FG0000081)
STOP_GAP,JIVO_OIL,2026-08-30T22:04:16+05:30,2026-08-17,Clear Pack,213,,FG0000081,COLD PRESS SUNFLOWER 1 LTR 20 PCS,,,gap between consecutive segments on this line,END OF SHIFT / CLOSE,,766.7,,,,,,,colse,same item,,,,,,,,VERIFIED-live,line stopped 2026-08-17 21:51 (run 213 FG0000081) -> restarted 2026-08-18 10:38 (run 219 FG0000081)
STOP_GAP,JIVO_OIL,2026-08-30T22:04:16+05:30,2026-08-18,Clear Pack,219,,FG0000081,COLD PRESS SUNFLOWER 1 LTR 20 PCS,,,gap between consecutive segments on this line,TEA BREAK,,30.7,,,,,,,TEA TIME,same item,,,,,,,,VERIFIED-live,line stopped 2026-08-18 11:05 (run 219 FG0000081) -> restarted 2026-08-18 11:35 (run 219 FG0000081)
STOP_GAP,JIVO_OIL,2026-08-30T22:04:16+05:30,2026-08-18,Clear Pack,219,,FG0000081,COLD PRESS SUNFLOWER 1 LTR 20 PCS,,,gap between consecutive segments on this line,LUNCH BREAK,,38.3,,,,,,,lunch time,same item,,,,,,,,VERIFIED-live,line stopped 2026-08-18 13:00 (run 219 FG0000081) -> restarted 2026-08-18 13:38 (run 219 FG0000081)
STOP_GAP,JIVO_OIL,2026-08-30T22:04:16+05:30,2026-08-18,Clear Pack,219,,FG0000081,COLD PRESS SUNFLOWER 1 LTR 20 PCS,,,gap between consecutive segments on this line,TEA BREAK,,19.2,,,,,,,TEA TIME,same item,,,,,,,,VERIFIED-live,line stopped 2026-08-18 16:08 (run 219 FG0000081) -> restarted 2026-08-18 16:28 (run 219 FG0000081)
STOP_GAP,JIVO_OIL,2026-08-30T22:04:16+05:30,2026-08-18,Clear Pack,219,,FG0000081,COLD PRESS SUNFLOWER 1 LTR 20 PCS,,,gap between consecutive segments on this line,END OF SHIFT / CLOSE,,586.7,,,,,,,colse,same item,,,,,,,,VERIFIED-live,line stopped 2026-08-18 22:06 (run 219 FG0000081) -> restarted 2026-08-19 07:53 (run 226 FG0000081)
STOP_GAP,JIVO_OIL,2026-08-30T22:04:16+05:30,2026-08-19,Clear Pack,226,,FG0000081,COLD PRESS SUNFLOWER 1 LTR 20 PCS,,,gap between consecutive segments on this line,TEA BREAK,,74.0,,,,,,,tea time,same item,,,,,,,,VERIFIED-live,line stopped 2026-08-19 11:07 (run 226 FG0000081) -> restarted 2026-08-19 12:21 (run 226 FG0000081)
STOP_GAP,JIVO_OIL,2026-08-30T22:04:16+05:30,2026-08-19,Clear Pack,226,,FG0000081,COLD PRESS SUNFLOWER 1 LTR 20 PCS,,,gap between consecutive segments on this line,LUNCH BREAK,,40.5,,,,,,,LUNCH TIME,same item,,,,,,,,VERIFIED-live,line stopped 2026-08-19 13:07 (run 226 FG0000081) -> restarted 2026-08-19 13:48 (run 226 FG0000081)
STOP_GAP,JIVO_OIL,2026-08-30T22:04:16+05:30,2026-08-19,Clear Pack,226,,FG0000081,COLD PRESS SUNFLOWER 1 LTR 20 PCS,,,gap between consecutive segments on this line,TEA BREAK,,22.4,,,,,,,TEA TIME,same item,,,,,,,,VERIFIED-live,line stopped 2026-08-19 16:02 (run 226 FG0000081) -> restarted 2026-08-19 16:24 (run 226 FG0000081)
STOP_GAP,JIVO_OIL,2026-08-30T22:04:16+05:30,2026-08-19,Clear Pack,226,,FG0000081,COLD PRESS SUNFLOWER 1 LTR 20 PCS,,,gap between consecutive segments on this line,END OF SHIFT / CLOSE,,760.4,,,,,,,colse,ITEM CHANGE,,,,,,,,VERIFIED-live,line stopped 2026-08-19 19:50 (run 226 FG0000081) -> restarted 2026-08-20 08:30 (run 234 FG0000053)
STOP_GAP,JIVO_OIL,2026-08-30T22:04:16+05:30,2026-08-21,Clear Pack,239,,FG0000004,COLD PRESS 5 LTR 4 PCS,,,gap between consecutive segments on this line,TEA BREAK,,48.9,,,,,,,TEA TIME,same item,,,,,,,,VERIFIED-live,line stopped 2026-08-21 11:11 (run 239 FG0000004) -> restarted 2026-08-21 12:00 (run 239 FG0000004)
STOP_GAP,JIVO_OIL,2026-08-30T22:04:16+05:30,2026-08-21,Clear Pack,239,,FG0000004,COLD PRESS 5 LTR 4 PCS,,,gap between consecutive segments on this line,END OF SHIFT / CLOSE,,25.1,,,,,,,colse,same item,,,,,,,,VERIFIED-live,line stopped 2026-08-22 09:46 (run 239 FG0000004) -> restarted 2026-08-22 10:12 (run 244 FG0000004)
STOP_GAP,JIVO_OIL,2026-08-30T22:04:16+05:30,2026-08-22,Clear Pack,244,,FG0000004,COLD PRESS 5 LTR 4 PCS,,,gap between consecutive segments on this line,TEA BREAK,,20.9,,,,,,,TEA TIME,same item,,,,,,,,VERIFIED-live,line stopped 2026-08-22 11:09 (run 244 FG0000004) -> restarted 2026-08-22 11:30 (run 244 FG0000004)
STOP_GAP,JIVO_OIL,2026-08-30T22:04:16+05:30,2026-08-22,Clear Pack,244,,FG0000004,COLD PRESS 5 LTR 4 PCS,,,gap between consecutive segments on this line,LUNCH BREAK,,59.4,,,,,,,LUNCH TIME,same item,,,,,,,,VERIFIED-live,line stopped 2026-08-22 13:11 (run 244 FG0000004) -> restarted 2026-08-22 14:11 (run 244 FG0000004)
STOP_GAP,JIVO_OIL,2026-08-30T22:04:16+05:30,2026-08-22,Clear Pack,244,,FG0000004,COLD PRESS 5 LTR 4 PCS,,,gap between consecutive segments on this line,TEA BREAK,,37.9,,,,,,,TEA TIME,same item,,,,,,,,VERIFIED-live,line stopped 2026-08-22 16:10 (run 244 FG0000004) -> restarted 2026-08-22 16:48 (run 244 FG0000004)
STOP_GAP,JIVO_OIL,2026-08-30T22:04:16+05:30,2026-08-24,Clear Pack,248,,FG0000004,COLD PRESS 5 LTR 4 PCS,,,gap between consecutive segments on this line,LUNCH BREAK,,35.7,,,,,,,LUNCH TIME,same item,,,,,,,,VERIFIED-live,line stopped 2026-08-24 13:05 (run 248 FG0000004) -> restarted 2026-08-24 13:41 (run 248 FG0000004)
STOP_GAP,JIVO_OIL,2026-08-30T22:04:16+05:30,2026-08-24,Clear Pack,248,,FG0000004,COLD PRESS 5 LTR 4 PCS,,,gap between consecutive segments on this line,END OF SHIFT / CLOSE,,600.3,,,,,,,colse,ITEM CHANGE,,,,,,,,VERIFIED-live,line stopped 2026-08-24 23:12 (run 248 FG0000004) -> restarted 2026-08-25 09:13 (run 252 FG0000143)
STOP_GAP,JIVO_OIL,2026-08-30T22:04:16+05:30,2026-08-25,Clear Pack,252,,FG0000143,COLD PRESS GROUNDNUT OIL 5 LTR 4 PCS,,,gap between consecutive segments on this line,TEA BREAK,,28.3,,,,,,,tea time,same item,,,,,,,,VERIFIED-live,line stopped 2026-08-25 11:16 (run 252 FG0000143) -> restarted 2026-08-25 11:44 (run 252 FG0000143)
STOP_GAP,JIVO_OIL,2026-08-30T22:04:16+05:30,2026-08-25,Clear Pack,252,,FG0000143,COLD PRESS GROUNDNUT OIL 5 LTR 4 PCS,,,gap between consecutive segments on this line,LUNCH BREAK,,188.4,,,,,,,LUNCH TIME,same item,,,,,,,,VERIFIED-live,line stopped 2026-08-25 13:22 (run 252 FG0000143) -> restarted 2026-08-25 16:31 (run 252 FG0000143)
STOP_GAP,JIVO_OIL,2026-08-30T22:04:16+05:30,2026-08-25,Clear Pack,252,,FG0000143,COLD PRESS GROUNDNUT OIL 5 LTR 4 PCS,,,gap between consecutive segments on this line,END OF SHIFT / CLOSE,,792.3,,,,,,,colse,same item,,,,,,,,VERIFIED-live,line stopped 2026-08-25 20:40 (run 252 FG0000143) -> restarted 2026-08-26 09:53 (run 264 FG0000143)
STOP_GAP,JIVO_OIL,2026-08-30T22:04:16+05:30,2026-08-26,Clear Pack,264,,FG0000143,COLD PRESS GROUNDNUT OIL 5 LTR 4 PCS,,,gap between consecutive segments on this line,TEA BREAK,,1315.0,,,,,,,TEA TIME,ITEM CHANGE,,,,,,,,VERIFIED-live,line stopped 2026-08-26 11:04 (run 264 FG0000143) -> restarted 2026-08-27 08:59 (run 271 FG0000407)
STOP_GAP,JIVO_OIL,2026-08-30T22:04:16+05:30,2026-08-27,Clear Pack,271,,FG0000407,COLD PRESS 1 LTR (NIRMAL RISHI )20 PCS,,,gap between consecutive segments on this line,TEA BREAK,,10.4,,,,,,,Tea time,same item,,,,,,,,VERIFIED-live,line stopped 2026-08-27 11:21 (run 271 FG0000407) -> restarted 2026-08-27 11:32 (run 271 FG0000407)
STOP_GAP,JIVO_OIL,2026-08-30T22:04:16+05:30,2026-08-27,Clear Pack,271,,FG0000407,COLD PRESS 1 LTR (NIRMAL RISHI )20 PCS,,,gap between consecutive segments on this line,LUNCH BREAK,,35.8,,,,,,,lunch time,same item,,,,,,,,VERIFIED-live,line stopped 2026-08-27 13:01 (run 271 FG0000407) -> restarted 2026-08-27 13:37 (run 271 FG0000407)
STOP_GAP,JIVO_OIL,2026-08-30T22:04:16+05:30,2026-08-27,Clear Pack,271,,FG0000407,COLD PRESS 1 LTR (NIRMAL RISHI )20 PCS,,,gap between consecutive segments on this line,TEA BREAK,,33.5,,,,,,,TEA TIME,same item,,,,,,,,VERIFIED-live,line stopped 2026-08-27 16:04 (run 271 FG0000407) -> restarted 2026-08-27 16:38 (run 271 FG0000407)
STOP_GAP,JIVO_OIL,2026-08-30T22:04:16+05:30,2026-08-29,Clear Pack,275,,FG0000028,POMACE OLIVE 1 LTR 16 PCS,,,gap between consecutive segments on this line,TEA BREAK,,0.3,,,,,,,Tea break,same item,,,,,,,,VERIFIED-live,line stopped 2026-08-29 11:56 (run 275 FG0000028) -> restarted 2026-08-29 11:56 (run 275 FG0000028)
STOP_GAP,JIVO_OIL,2026-08-30T22:04:16+05:30,2026-08-29,Clear Pack,275,,FG0000028,POMACE OLIVE 1 LTR 16 PCS,,,gap between consecutive segments on this line,LUNCH BREAK,,0.0,,,,,,,Lunch time,same item,,,,,,,,VERIFIED-live,line stopped 2026-08-29 13:57 (run 275 FG0000028) -> restarted 2026-08-29 13:57 (run 275 FG0000028)
STOP_GAP,JIVO_OIL,2026-08-30T22:04:16+05:30,2026-08-29,Clear Pack,275,,FG0000028,POMACE OLIVE 1 LTR 16 PCS,,,gap between consecutive segments on this line,TEA BREAK,,0.9,,,,,,,Tea break,same item,,,,,,,,VERIFIED-live,line stopped 2026-08-29 16:16 (run 275 FG0000028) -> restarted 2026-08-29 16:17 (run 275 FG0000028)
STOP_GAP,JIVO_OIL,2026-08-30T22:04:16+05:30,2026-08-29,Clear Pack,275,,FG0000028,POMACE OLIVE 1 LTR 16 PCS,,,gap between consecutive segments on this line,END OF SHIFT / CLOSE,,93.9,,,,,,,Close,ITEM CHANGE,,,,,,,,VERIFIED-live,line stopped 2026-08-30 07:56 (run 275 FG0000028) -> restarted 2026-08-30 09:29 (run 279 FG0000150)
STOP_GAP,JIVO_OIL,2026-08-30T22:04:16+05:30,2026-08-30,Clear Pack,279,,FG0000150,SANO POMACE OLIVE 1 LTR 16 PCS,,,gap between consecutive segments on this line,TEA BREAK,,42.2,,,,,,,Tea time,same item,,,,,,,,VERIFIED-live,line stopped 2026-08-30 11:05 (run 279 FG0000150) -> restarted 2026-08-30 11:47 (run 279 FG0000150)
STOP_GAP,JIVO_OIL,2026-08-30T22:04:16+05:30,2026-08-30,Clear Pack,279,,FG0000150,SANO POMACE OLIVE 1 LTR 16 PCS,,,gap between consecutive segments on this line,LUNCH BREAK,,36.3,,,,,,,LUNCH TIME,same item,,,,,,,,VERIFIED-live,line stopped 2026-08-30 13:01 (run 279 FG0000150) -> restarted 2026-08-30 13:38 (run 279 FG0000150)
STOP_GAP,JIVO_OIL,2026-08-30T22:04:16+05:30,2026-08-30,Clear Pack,279,,FG0000150,SANO POMACE OLIVE 1 LTR 16 PCS,,,gap between consecutive segments on this line,TEA BREAK,,1.0,,,,,,,TEA TIME,same item,,,,,,,,VERIFIED-live,line stopped 2026-08-30 16:19 (run 279 FG0000150) -> restarted 2026-08-30 16:20 (run 279 FG0000150)
STOP_GAP,JIVO_OIL,2026-08-30T22:04:16+05:30,2026-07-10,JP Machine,14,,FG0000142,COLD PRESS GROUNDNUT OIL 1 LTR 16 PCS,,,gap between consecutive segments on this line,(no remark),,0.5,,,,,,,,same item,,,,,,,,VERIFIED-live,line stopped 2026-07-10 11:51 (run 14 FG0000142) -> restarted 2026-07-10 11:52 (run 14 FG0000142)
STOP_GAP,JIVO_OIL,2026-08-30T22:04:16+05:30,2026-07-10,JP Machine,14,,FG0000142,COLD PRESS GROUNDNUT OIL 1 LTR 16 PCS,,,gap between consecutive segments on this line,(no remark),,9.9,,,,,,,,same item,,,,,,,,VERIFIED-live,line stopped 2026-07-10 11:52 (run 14 FG0000142) -> restarted 2026-07-10 12:02 (run 14 FG0000142)
STOP_GAP,JIVO_OIL,2026-08-30T22:04:16+05:30,2026-07-15,JP Machine,29,,FG0000030,MUSTARD KACHI GHANI 1 LTR 20 PCS,,,gap between consecutive segments on this line,WEIGHING,,0.7,,,,,,,Wajan kar rhe hai,same item,,,,,,,,VERIFIED-live,line stopped 2026-07-15 08:32 (run 29 FG0000030) -> restarted 2026-07-15 08:33 (run 29 FG0000030)
STOP_GAP,JIVO_OIL,2026-08-30T22:04:16+05:30,2026-07-15,JP Machine,29,,FG0000030,MUSTARD KACHI GHANI 1 LTR 20 PCS,,,gap between consecutive segments on this line,MACHINE FAULT,,1295.3,,,,,,,M/C out,same item,,,,,,,,VERIFIED-live,line stopped 2026-07-15 11:22 (run 29 FG0000030) -> restarted 2026-07-16 08:57 (run 43 FG0000030)
STOP_GAP,JIVO_OIL,2026-08-30T22:04:16+05:30,2026-07-16,JP Machine,43,,FG0000030,MUSTARD KACHI GHANI 1 LTR 20 PCS,,,gap between consecutive segments on this line,WEIGHING,,4.8,,,,,,,Wajan kar rha hu,same item,,,,,,,,VERIFIED-live,line stopped 2026-07-16 09:28 (run 43 FG0000030) -> restarted 2026-07-16 09:33 (run 43 FG0000030)
STOP_GAP,JIVO_OIL,2026-08-30T22:04:16+05:30,2026-07-16,JP Machine,43,,FG0000030,MUSTARD KACHI GHANI 1 LTR 20 PCS,,,gap between consecutive segments on this line,POWER,,1.9,,,,,,,Pawar cat,same item,,,,,,,,VERIFIED-live,line stopped 2026-07-16 10:09 (run 43 FG0000030) -> restarted 2026-07-16 10:11 (run 43 FG0000030)
STOP_GAP,JIVO_OIL,2026-08-30T22:04:16+05:30,2026-07-16,JP Machine,43,,FG0000030,MUSTARD KACHI GHANI 1 LTR 20 PCS,,,gap between consecutive segments on this line,POWER,,176.0,,,,,,,Pawar cat,same item,,,,,,,,VERIFIED-live,line stopped 2026-07-16 10:46 (run 43 FG0000030) -> restarted 2026-07-16 13:42 (run 43 FG0000030)
STOP_GAP,JIVO_OIL,2026-08-30T22:04:16+05:30,2026-07-16,JP Machine,43,,FG0000030,MUSTARD KACHI GHANI 1 LTR 20 PCS,,,gap between consecutive segments on this line,WEIGHING,,8.6,,,,,,,Wajan kar rhe hai,same item,,,,,,,,VERIFIED-live,line stopped 2026-07-16 13:48 (run 43 FG0000030) -> restarted 2026-07-16 13:57 (run 43 FG0000030)
STOP_GAP,JIVO_OIL,2026-08-30T22:04:16+05:30,2026-07-21,JP Machine,58,,FG0000379,MUSTARD KACHI GHANI 1 LTR 20 PCS ROUND BOTTLE,,,gap between consecutive segments on this line,CHANGEOVER (operator said so),,2.2,,,,,,,Stikar chej,same item,,,,,,,,VERIFIED-live,line stopped 2026-07-21 15:16 (run 58 FG0000379) -> restarted 2026-07-21 15:18 (run 58 FG0000379)
STOP_GAP,JIVO_OIL,2026-08-30T22:04:16+05:30,2026-07-21,JP Machine,58,,FG0000379,MUSTARD KACHI GHANI 1 LTR 20 PCS ROUND BOTTLE,,,gap between consecutive segments on this line,TEA BREAK,,19.9,,,,,,,T break,same item,,,,,,,,VERIFIED-live,line stopped 2026-07-21 16:02 (run 58 FG0000379) -> restarted 2026-07-21 16:22 (run 58 FG0000379)
STOP_GAP,JIVO_OIL,2026-08-30T22:04:16+05:30,2026-07-21,JP Machine,58,,FG0000379,MUSTARD KACHI GHANI 1 LTR 20 PCS ROUND BOTTLE,,,gap between consecutive segments on this line,(no remark),,776.7,,,,,,,,same item,,,,,,,,VERIFIED-live,line stopped 2026-07-21 19:03 (run 58 FG0000379) -> restarted 2026-07-22 07:59 (run 67 FG0000379)
STOP_GAP,JIVO_OIL,2026-08-30T22:04:16+05:30,2026-07-22,JP Machine,67,,FG0000379,MUSTARD KACHI GHANI 1 LTR 20 PCS ROUND BOTTLE,,,gap between consecutive segments on this line,TEA BREAK,,22.0,,,,,,,T break,same item,,,,,,,,VERIFIED-live,line stopped 2026-07-22 11:02 (run 67 FG0000379) -> restarted 2026-07-22 11:24 (run 67 FG0000379)
STOP_GAP,JIVO_OIL,2026-08-30T22:04:16+05:30,2026-07-22,JP Machine,67,,FG0000379,MUSTARD KACHI GHANI 1 LTR 20 PCS ROUND BOTTLE,,,gap between consecutive segments on this line,CHANGEOVER (operator said so),,1.8,,,,,,,Stikar chej,same item,,,,,,,,VERIFIED-live,line stopped 2026-07-22 11:38 (run 67 FG0000379) -> restarted 2026-07-22 11:40 (run 67 FG0000379)
STOP_GAP,JIVO_OIL,2026-08-30T22:04:16+05:30,2026-07-22,JP Machine,67,,FG0000379,MUSTARD KACHI GHANI 1 LTR 20 PCS ROUND BOTTLE,,,gap between consecutive segments on this line,CHANGEOVER (operator said so),,4.4,,,,,,,Stikar chej,same item,,,,,,,,VERIFIED-live,line stopped 2026-07-22 11:56 (run 67 FG0000379) -> restarted 2026-07-22 12:01 (run 67 FG0000379)
STOP_GAP,JIVO_OIL,2026-08-30T22:04:16+05:30,2026-07-22,JP Machine,67,,FG0000379,MUSTARD KACHI GHANI 1 LTR 20 PCS ROUND BOTTLE,,,gap between consecutive segments on this line,CHANGEOVER (operator said so),,1121.6,,,,,,,Line chej ovar 869 mustard kachi ghani,ITEM CHANGE,,,,,,,,VERIFIED-live,line stopped 2026-07-22 13:52 (run 67 FG0000379) -> restarted 2026-07-23 08:34 (run 75 FG0000422)
STOP_GAP,JIVO_OIL,2026-08-30T22:04:16+05:30,2026-07-23,JP Machine,75,,FG0000422,JIVO MUSTARD KACCHI GHANI 869 GMS 20 PCS,,,gap between consecutive segments on this line,PALLET SHORT,,14.8,,,,,,,Pilot nahi hai es liye line ruk gya hai,same item,,,,,,,,VERIFIED-live,line stopped 2026-07-23 09:00 (run 75 FG0000422) -> restarted 2026-07-23 09:15 (run 75 FG0000422)
STOP_GAP,JIVO_OIL,2026-08-30T22:04:16+05:30,2026-07-23,JP Machine,75,,FG0000422,JIVO MUSTARD KACCHI GHANI 869 GMS 20 PCS,,,gap between consecutive segments on this line,OTHER (free text),,1.1,,,,,,,Line jam,same item,,,,,,,,VERIFIED-live,line stopped 2026-07-23 10:37 (run 75 FG0000422) -> restarted 2026-07-23 10:38 (run 75 FG0000422)
STOP_GAP,JIVO_OIL,2026-08-30T22:04:16+05:30,2026-07-27,JP Machine,98,,FG0000379,MUSTARD KACHI GHANI 1 LTR 20 PCS ROUND BOTTLE,,,gap between consecutive segments on this line,TEA BREAK,,17.4,,,,,,,tea time,same item,,,,,,,,VERIFIED-live,line stopped 2026-07-27 11:08 (run 98 FG0000379) -> restarted 2026-07-27 11:25 (run 98 FG0000379)
STOP_GAP,JIVO_OIL,2026-08-30T22:04:16+05:30,2026-07-27,JP Machine,98,,FG0000379,MUSTARD KACHI GHANI 1 LTR 20 PCS ROUND BOTTLE,,,gap between consecutive segments on this line,(no remark),,1.8,,,,,,,,same item,,,,,,,,VERIFIED-live,line stopped 2026-07-27 12:24 (run 98 FG0000379) -> restarted 2026-07-27 12:26 (run 98 FG0000379)
STOP_GAP,JIVO_OIL,2026-08-30T22:04:16+05:30,2026-07-27,JP Machine,98,,FG0000379,MUSTARD KACHI GHANI 1 LTR 20 PCS ROUND BOTTLE,,,gap between consecutive segments on this line,LUNCH BREAK,,41.9,,,,,,,lunch time,same item,,,,,,,,VERIFIED-live,line stopped 2026-07-27 13:00 (run 98 FG0000379) -> restarted 2026-07-27 13:42 (run 98 FG0000379)
STOP_GAP,JIVO_OIL,2026-08-30T22:04:16+05:30,2026-07-27,JP Machine,98,,FG0000379,MUSTARD KACHI GHANI 1 LTR 20 PCS ROUND BOTTLE,,,gap between consecutive segments on this line,(no remark),,15.2,,,,,,,,same item,,,,,,,,VERIFIED-live,line stopped 2026-07-27 14:39 (run 98 FG0000379) -> restarted 2026-07-27 14:54 (run 98 FG0000379)
STOP_GAP,JIVO_OIL,2026-08-30T22:04:16+05:30,2026-07-27,JP Machine,98,,FG0000379,MUSTARD KACHI GHANI 1 LTR 20 PCS ROUND BOTTLE,,,gap between consecutive segments on this line,TEA BREAK,,20.6,,,,,,,tea time,same item,,,,,,,,VERIFIED-live,line stopped 2026-07-27 16:05 (run 98 FG0000379) -> restarted 2026-07-27 16:26 (run 98 FG0000379)
STOP_GAP,JIVO_OIL,2026-08-30T22:04:16+05:30,2026-07-27,JP Machine,98,,FG0000379,MUSTARD KACHI GHANI 1 LTR 20 PCS ROUND BOTTLE,,,gap between consecutive segments on this line,OTHER (free text),,6.2,,,,,,,Should have stopped yesterday,ITEM CHANGE,,,,,,,,VERIFIED-live,line stopped 2026-07-28 10:21 (run 98 FG0000379) -> restarted 2026-07-28 10:27 (run 105 FG0000389)
STOP_GAP,JIVO_OIL,2026-08-30T22:04:16+05:30,2026-07-28,JP Machine,105,,FG0000389,JIVO GOLD 1 LTR 20 PCS ROUND BOTTLE,,,gap between consecutive segments on this line,TEA BREAK,,21.9,,,,,,,tea time,same item,,,,,,,,VERIFIED-live,line stopped 2026-07-28 11:02 (run 105 FG0000389) -> restarted 2026-07-28 11:24 (run 105 FG0000389)
STOP_GAP,JIVO_OIL,2026-08-30T22:04:16+05:30,2026-07-28,JP Machine,105,,FG0000389,JIVO GOLD 1 LTR 20 PCS ROUND BOTTLE,,,gap between consecutive segments on this line,(no remark),,1.4,,,,,,,,same item,,,,,,,,VERIFIED-live,line stopped 2026-07-28 11:52 (run 105 FG0000389) -> restarted 2026-07-28 11:53 (run 105 FG0000389)
STOP_GAP,JIVO_OIL,2026-08-30T22:04:16+05:30,2026-07-28,JP Machine,105,,FG0000389,JIVO GOLD 1 LTR 20 PCS ROUND BOTTLE,,,gap between consecutive segments on this line,LUNCH BREAK,,56.1,,,,,,,LUNCH TIME,same item,,,,,,,,VERIFIED-live,line stopped 2026-07-28 13:00 (run 105 FG0000389) -> restarted 2026-07-28 13:56 (run 105 FG0000389)
STOP_GAP,JIVO_OIL,2026-08-30T22:04:16+05:30,2026-07-28,JP Machine,105,,FG0000389,JIVO GOLD 1 LTR 20 PCS ROUND BOTTLE,,,gap between consecutive segments on this line,(no remark),,5.8,,,,,,,,same item,,,,,,,,VERIFIED-live,line stopped 2026-07-28 14:24 (run 105 FG0000389) -> restarted 2026-07-28 14:30 (run 105 FG0000389)
STOP_GAP,JIVO_OIL,2026-08-30T22:04:16+05:30,2026-07-28,JP Machine,105,,FG0000389,JIVO GOLD 1 LTR 20 PCS ROUND BOTTLE,,,gap between consecutive segments on this line,TEA BREAK,,19.1,,,,,,,tea time,same item,,,,,,,,VERIFIED-live,line stopped 2026-07-28 16:02 (run 105 FG0000389) -> restarted 2026-07-28 16:21 (run 105 FG0000389)
STOP_GAP,JIVO_OIL,2026-08-30T22:04:16+05:30,2026-07-28,JP Machine,105,,FG0000389,JIVO GOLD 1 LTR 20 PCS ROUND BOTTLE,,,gap between consecutive segments on this line,(no remark),,5.4,,,,,,,,same item,,,,,,,,VERIFIED-live,line stopped 2026-07-28 16:33 (run 105 FG0000389) -> restarted 2026-07-28 16:38 (run 105 FG0000389)
STOP_GAP,JIVO_OIL,2026-08-30T22:04:16+05:30,2026-07-28,JP Machine,105,,FG0000389,JIVO GOLD 1 LTR 20 PCS ROUND BOTTLE,,,gap between consecutive segments on this line,END OF SHIFT / CLOSE,,960.8,,,,,,,band,ITEM CHANGE,,,,,,,,VERIFIED-live,line stopped 2026-07-28 19:20 (run 105 FG0000389) -> restarted 2026-07-29 11:20 (run 111 FG0000136)
STOP_GAP,JIVO_OIL,2026-08-30T22:04:16+05:30,2026-07-29,JP Machine,111,,FG0000136,SANO MUSTARD OIL 1 LTR 20 PCS,,,gap between consecutive segments on this line,LUNCH BREAK,,41.7,,,,,,,Lunch time,same item,,,,,,,,VERIFIED-live,line stopped 2026-07-29 12:59 (run 111 FG0000136) -> restarted 2026-07-29 13:41 (run 111 FG0000136)
STOP_GAP,JIVO_OIL,2026-08-30T22:04:16+05:30,2026-07-29,JP Machine,111,,FG0000136,SANO MUSTARD OIL 1 LTR 20 PCS,,,gap between consecutive segments on this line,(no remark),,1.1,,,,,,,,same item,,,,,,,,VERIFIED-live,line stopped 2026-07-29 14:06 (run 111 FG0000136) -> restarted 2026-07-29 14:07 (run 111 FG0000136)
STOP_GAP,JIVO_OIL,2026-08-30T22:04:16+05:30,2026-07-29,JP Machine,111,,FG0000136,SANO MUSTARD OIL 1 LTR 20 PCS,,,gap between consecutive segments on this line,TEA BREAK,,20.4,,,,,,,tea time,same item,,,,,,,,VERIFIED-live,line stopped 2026-07-29 16:03 (run 111 FG0000136) -> restarted 2026-07-29 16:24 (run 111 FG0000136)
STOP_GAP,JIVO_OIL,2026-08-30T22:04:16+05:30,2026-07-29,JP Machine,111,,FG0000136,SANO MUSTARD OIL 1 LTR 20 PCS,,,gap between consecutive segments on this line,(no remark),,1027.0,,,,,,,,ITEM CHANGE,,,,,,,,VERIFIED-live,line stopped 2026-07-29 18:18 (run 111 FG0000136) -> restarted 2026-07-30 11:26 (run 116 FG0000142)
STOP_GAP,JIVO_OIL,2026-08-30T22:04:16+05:30,2026-07-30,JP Machine,116,,FG0000142,COLD PRESS GROUNDNUT OIL 1 LTR 16 PCS,,,gap between consecutive segments on this line,LUNCH BREAK,,35.1,,,,,,,lunch time,same item,,,,,,,,VERIFIED-live,line stopped 2026-07-30 13:03 (run 116 FG0000142) -> restarted 2026-07-30 13:38 (run 116 FG0000142)
STOP_GAP,JIVO_OIL,2026-08-30T22:04:16+05:30,2026-07-30,JP Machine,116,,FG0000142,COLD PRESS GROUNDNUT OIL 1 LTR 16 PCS,,,gap between consecutive segments on this line,TEA BREAK,,25.4,,,,,,,tea time,same item,,,,,,,,VERIFIED-live,line stopped 2026-07-30 16:09 (run 116 FG0000142) -> restarted 2026-07-30 16:35 (run 116 FG0000142)
STOP_GAP,JIVO_OIL,2026-08-30T22:04:16+05:30,2026-07-30,JP Machine,116,,FG0000142,COLD PRESS GROUNDNUT OIL 1 LTR 16 PCS,,,gap between consecutive segments on this line,(no remark),,18.4,,,,,,,,same item,,,,,,,,VERIFIED-live,line stopped 2026-07-30 17:26 (run 116 FG0000142) -> restarted 2026-07-30 17:44 (run 116 FG0000142)
STOP_GAP,JIVO_OIL,2026-08-30T22:04:16+05:30,2026-07-30,JP Machine,116,,FG0000142,COLD PRESS GROUNDNUT OIL 1 LTR 16 PCS,,,gap between consecutive segments on this line,END OF SHIFT / CLOSE,,766.9,,,,,,,close,same item,,,,,,,,VERIFIED-live,line stopped 2026-07-30 18:57 (run 116 FG0000142) -> restarted 2026-07-31 07:44 (run 124 FG0000142)
STOP_GAP,JIVO_OIL,2026-08-30T22:04:16+05:30,2026-07-31,JP Machine,124,,FG0000142,COLD PRESS GROUNDNUT OIL 1 LTR 16 PCS,,,gap between consecutive segments on this line,(no remark),,17.5,,,,,,,,same item,,,,,,,,VERIFIED-live,line stopped 2026-07-31 09:43 (run 124 FG0000142) -> restarted 2026-07-31 10:00 (run 124 FG0000142)
STOP_GAP,JIVO_OIL,2026-08-30T22:04:16+05:30,2026-07-31,JP Machine,124,,FG0000142,COLD PRESS GROUNDNUT OIL 1 LTR 16 PCS,,,gap between consecutive segments on this line,TEA BREAK,,27.8,,,,,,,tea time,same item,,,,,,,,VERIFIED-live,line stopped 2026-07-31 11:04 (run 124 FG0000142) -> restarted 2026-07-31 11:32 (run 124 FG0000142)
STOP_GAP,JIVO_OIL,2026-08-30T22:04:16+05:30,2026-07-31,JP Machine,124,,FG0000142,COLD PRESS GROUNDNUT OIL 1 LTR 16 PCS,,,gap between consecutive segments on this line,LUNCH BREAK,,43.6,,,,,,,lunch time,same item,,,,,,,,VERIFIED-live,line stopped 2026-07-31 13:04 (run 124 FG0000142) -> restarted 2026-07-31 13:47 (run 124 FG0000142)
STOP_GAP,JIVO_OIL,2026-08-30T22:04:16+05:30,2026-07-31,JP Machine,124,,FG0000142,COLD PRESS GROUNDNUT OIL 1 LTR 16 PCS,,,gap between consecutive segments on this line,(no remark),,65.5,,,,,,,,same item,,,,,,,,VERIFIED-live,line stopped 2026-07-31 14:14 (run 124 FG0000142) -> restarted 2026-07-31 15:20 (run 124 FG0000142)
STOP_GAP,JIVO_OIL,2026-08-30T22:04:16+05:30,2026-07-31,JP Machine,124,,FG0000142,COLD PRESS GROUNDNUT OIL 1 LTR 16 PCS,,,gap between consecutive segments on this line,(no remark),,38.2,,,,,,,,same item,,,,,,,,VERIFIED-live,line stopped 2026-07-31 15:22 (run 124 FG0000142) -> restarted 2026-07-31 16:00 (run 124 FG0000142)
STOP_GAP,JIVO_OIL,2026-08-30T22:04:16+05:30,2026-07-31,JP Machine,124,,FG0000142,COLD PRESS GROUNDNUT OIL 1 LTR 16 PCS,,,gap between consecutive segments on this line,TEA BREAK,,37.2,,,,,,,tea time,same item,,,,,,,,VERIFIED-live,line stopped 2026-07-31 16:01 (run 124 FG0000142) -> restarted 2026-07-31 16:38 (run 124 FG0000142)
STOP_GAP,JIVO_OIL,2026-08-30T22:04:16+05:30,2026-07-31,JP Machine,124,,FG0000142,COLD PRESS GROUNDNUT OIL 1 LTR 16 PCS,,,gap between consecutive segments on this line,END OF SHIFT / CLOSE,,793.1,,,,,,,colse,same item,,,,,,,,VERIFIED-live,line stopped 2026-07-31 19:07 (run 124 FG0000142) -> restarted 2026-08-01 08:20 (run 128 FG0000142)
STOP_GAP,JIVO_OIL,2026-08-30T22:04:16+05:30,2026-08-01,JP Machine,128,,FG0000142,COLD PRESS GROUNDNUT OIL 1 LTR 16 PCS,,,gap between consecutive segments on this line,(no remark),,62.1,,,,,,,,same item,,,,,,,,VERIFIED-live,line stopped 2026-08-01 13:14 (run 128 FG0000142) -> restarted 2026-08-01 14:16 (run 128 FG0000142)
STOP_GAP,JIVO_OIL,2026-08-30T22:04:16+05:30,2026-08-01,JP Machine,128,,FG0000142,COLD PRESS GROUNDNUT OIL 1 LTR 16 PCS,,,gap between consecutive segments on this line,TEA BREAK,,21.3,,,,,,,tea time,same item,,,,,,,,VERIFIED-live,line stopped 2026-08-01 16:01 (run 128 FG0000142) -> restarted 2026-08-01 16:23 (run 128 FG0000142)
STOP_GAP,JIVO_OIL,2026-08-30T22:04:16+05:30,2026-08-03,JP Machine,145,,FG0000400,JIVO KACHI GHANI COLD PRESSED MUSTARD OIL1 LTR 20 PCS(CSD),,,gap between consecutive segments on this line,END OF SHIFT / CLOSE,,759.9,,,,,,,close,ITEM CHANGE,,,,,,,,VERIFIED-live,line stopped 2026-08-03 19:31 (run 145 FG0000400) -> restarted 2026-08-04 08:11 (run 147 FG0000030)
STOP_GAP,JIVO_OIL,2026-08-30T22:04:16+05:30,2026-08-04,JP Machine,147,,FG0000030,MUSTARD KACHI GHANI 1 LTR 20 PCS,,,gap between consecutive segments on this line,TEA BREAK,,23.0,,,,,,,tea time,same item,,,,,,,,VERIFIED-live,line stopped 2026-08-04 11:10 (run 147 FG0000030) -> restarted 2026-08-04 11:33 (run 147 FG0000030)
STOP_GAP,JIVO_OIL,2026-08-30T22:04:16+05:30,2026-08-04,JP Machine,147,,FG0000030,MUSTARD KACHI GHANI 1 LTR 20 PCS,,,gap between consecutive segments on this line,LUNCH BREAK,,32.5,,,,,,,LUNCH TIME,same item,,,,,,,,VERIFIED-live,line stopped 2026-08-04 13:05 (run 147 FG0000030) -> restarted 2026-08-04 13:38 (run 147 FG0000030)
STOP_GAP,JIVO_OIL,2026-08-30T22:04:16+05:30,2026-08-04,JP Machine,147,,FG0000030,MUSTARD KACHI GHANI 1 LTR 20 PCS,,,gap between consecutive segments on this line,TEA BREAK,,35.9,,,,,,,tea time,same item,,,,,,,,VERIFIED-live,line stopped 2026-08-04 16:01 (run 147 FG0000030) -> restarted 2026-08-04 16:37 (run 147 FG0000030)
STOP_GAP,JIVO_OIL,2026-08-30T22:04:16+05:30,2026-08-04,JP Machine,147,,FG0000030,MUSTARD KACHI GHANI 1 LTR 20 PCS,,,gap between consecutive segments on this line,END OF SHIFT / CLOSE,,780.8,,,,,,,colse,same item,,,,,,,,VERIFIED-live,line stopped 2026-08-04 19:13 (run 147 FG0000030) -> restarted 2026-08-05 08:14 (run 155 FG0000030)
STOP_GAP,JIVO_OIL,2026-08-30T22:04:16+05:30,2026-08-05,JP Machine,155,,FG0000030,MUSTARD KACHI GHANI 1 LTR 20 PCS,,,gap between consecutive segments on this line,TEA BREAK,,48.9,,,,,,,tea time,same item,,,,,,,,VERIFIED-live,line stopped 2026-08-05 11:06 (run 155 FG0000030) -> restarted 2026-08-05 11:55 (run 155 FG0000030)
STOP_GAP,JIVO_OIL,2026-08-30T22:04:16+05:30,2026-08-05,JP Machine,155,,FG0000030,MUSTARD KACHI GHANI 1 LTR 20 PCS,,,gap between consecutive segments on this line,LUNCH BREAK,,44.9,,,,,,,lunch TIME,same item,,,,,,,,VERIFIED-live,line stopped 2026-08-05 13:00 (run 155 FG0000030) -> restarted 2026-08-05 13:45 (run 155 FG0000030)
STOP_GAP,JIVO_OIL,2026-08-30T22:04:16+05:30,2026-08-05,JP Machine,155,,FG0000030,MUSTARD KACHI GHANI 1 LTR 20 PCS,,,gap between consecutive segments on this line,TEA BREAK,,67.0,,,,,,,TEA TIME,same item,,,,,,,,VERIFIED-live,line stopped 2026-08-05 16:07 (run 155 FG0000030) -> restarted 2026-08-05 17:14 (run 155 FG0000030)
STOP_GAP,JIVO_OIL,2026-08-30T22:04:16+05:30,2026-08-05,JP Machine,155,,FG0000030,MUSTARD KACHI GHANI 1 LTR 20 PCS,,,gap between consecutive segments on this line,END OF SHIFT / CLOSE,,767.2,,,,,,,COLSE,same item,,,,,,,,VERIFIED-live,line stopped 2026-08-05 19:50 (run 155 FG0000030) -> restarted 2026-08-06 08:37 (run 163 FG0000030)
STOP_GAP,JIVO_OIL,2026-08-30T22:04:16+05:30,2026-08-06,JP Machine,163,,FG0000030,MUSTARD KACHI GHANI 1 LTR 20 PCS,,,gap between consecutive segments on this line,TEA BREAK,,149.7,,,,,,,tea time,same item,,,,,,,,VERIFIED-live,line stopped 2026-08-06 11:15 (run 163 FG0000030) -> restarted 2026-08-06 13:45 (run 163 FG0000030)
STOP_GAP,JIVO_OIL,2026-08-30T22:04:16+05:30,2026-08-06,JP Machine,163,,FG0000030,MUSTARD KACHI GHANI 1 LTR 20 PCS,,,gap between consecutive segments on this line,LUNCH BREAK,,1160.6,,,,,,,lunchl,same item,,,,,,,,VERIFIED-live,line stopped 2026-08-06 13:47 (run 163 FG0000030) -> restarted 2026-08-07 09:08 (run 171 FG0000030)
STOP_GAP,JIVO_OIL,2026-08-30T22:04:16+05:30,2026-08-07,JP Machine,171,,FG0000030,MUSTARD KACHI GHANI 1 LTR 20 PCS,,,gap between consecutive segments on this line,TEA BREAK,,91.3,,,,,,,tea time,same item,,,,,,,,VERIFIED-live,line stopped 2026-08-07 11:04 (run 171 FG0000030) -> restarted 2026-08-07 12:35 (run 171 FG0000030)
STOP_GAP,JIVO_OIL,2026-08-30T22:04:16+05:30,2026-08-07,JP Machine,171,,FG0000030,MUSTARD KACHI GHANI 1 LTR 20 PCS,,,gap between consecutive segments on this line,LUNCH BREAK,,39.1,,,,,,,LUNCH TIME,same item,,,,,,,,VERIFIED-live,line stopped 2026-08-07 13:02 (run 171 FG0000030) -> restarted 2026-08-07 13:41 (run 171 FG0000030)
STOP_GAP,JIVO_OIL,2026-08-30T22:04:16+05:30,2026-08-07,JP Machine,171,,FG0000030,MUSTARD KACHI GHANI 1 LTR 20 PCS,,,gap between consecutive segments on this line,(no remark),,17.3,,,,,,,,same item,,,,,,,,VERIFIED-live,line stopped 2026-08-07 13:54 (run 171 FG0000030) -> restarted 2026-08-07 14:12 (run 171 FG0000030)
STOP_GAP,JIVO_OIL,2026-08-30T22:04:16+05:30,2026-08-07,JP Machine,171,,FG0000030,MUSTARD KACHI GHANI 1 LTR 20 PCS,,,gap between consecutive segments on this line,TEA BREAK,,22.1,,,,,,,tea time,same item,,,,,,,,VERIFIED-live,line stopped 2026-08-07 16:03 (run 171 FG0000030) -> restarted 2026-08-07 16:25 (run 171 FG0000030)
STOP_GAP,JIVO_OIL,2026-08-30T22:04:16+05:30,2026-08-07,JP Machine,171,,FG0000030,MUSTARD KACHI GHANI 1 LTR 20 PCS,,,gap between consecutive segments on this line,END OF SHIFT / CLOSE,,691.0,,,,,,,colse,same item,,,,,,,,VERIFIED-live,line stopped 2026-08-07 20:34 (run 171 FG0000030) -> restarted 2026-08-08 08:05 (run 178 FG0000030)
STOP_GAP,JIVO_OIL,2026-08-30T22:04:16+05:30,2026-08-08,JP Machine,178,,FG0000030,MUSTARD KACHI GHANI 1 LTR 20 PCS,,,gap between consecutive segments on this line,TEA BREAK,,118.8,,,,,,,tea time,same item,,,,,,,,VERIFIED-live,line stopped 2026-08-08 11:06 (run 178 FG0000030) -> restarted 2026-08-08 13:04 (run 178 FG0000030)
STOP_GAP,JIVO_OIL,2026-08-30T22:04:16+05:30,2026-08-08,JP Machine,178,,FG0000030,MUSTARD KACHI GHANI 1 LTR 20 PCS,,,gap between consecutive segments on this line,LUNCH BREAK,,38.6,,,,,,,lunch time,same item,,,,,,,,VERIFIED-live,line stopped 2026-08-08 13:05 (run 178 FG0000030) -> restarted 2026-08-08 13:44 (run 178 FG0000030)
STOP_GAP,JIVO_OIL,2026-08-30T22:04:16+05:30,2026-08-08,JP Machine,178,,FG0000030,MUSTARD KACHI GHANI 1 LTR 20 PCS,,,gap between consecutive segments on this line,TEA BREAK,,63.7,,,,,,,TEA TIME,same item,,,,,,,,VERIFIED-live,line stopped 2026-08-08 16:04 (run 178 FG0000030) -> restarted 2026-08-08 17:08 (run 178 FG0000030)
STOP_GAP,JIVO_OIL,2026-08-30T22:04:16+05:30,2026-08-10,JP Machine,181,,FG0000379,MUSTARD KACHI GHANI 1 LTR 20 PCS ROUND BOTTLE,,,gap between consecutive segments on this line,TEA BREAK,,19.6,,,,,,,tea time,same item,,,,,,,,VERIFIED-live,line stopped 2026-08-10 11:03 (run 181 FG0000379) -> restarted 2026-08-10 11:23 (run 181 FG0000379)
STOP_GAP,JIVO_OIL,2026-08-30T22:04:16+05:30,2026-08-10,JP Machine,181,,FG0000379,MUSTARD KACHI GHANI 1 LTR 20 PCS ROUND BOTTLE,,,gap between consecutive segments on this line,LUNCH BREAK,,34.0,,,,,,,LUNCH TIME,same item,,,,,,,,VERIFIED-live,line stopped 2026-08-10 13:04 (run 181 FG0000379) -> restarted 2026-08-10 13:38 (run 181 FG0000379)
STOP_GAP,JIVO_OIL,2026-08-30T22:04:16+05:30,2026-08-10,JP Machine,181,,FG0000379,MUSTARD KACHI GHANI 1 LTR 20 PCS ROUND BOTTLE,,,gap between consecutive segments on this line,(no remark),,78.5,,,,,,,,same item,,,,,,,,VERIFIED-live,line stopped 2026-08-10 13:46 (run 181 FG0000379) -> restarted 2026-08-10 15:04 (run 181 FG0000379)
STOP_GAP,JIVO_OIL,2026-08-30T22:04:16+05:30,2026-08-10,JP Machine,185,,FG0000136,SANO MUSTARD OIL 1 LTR 20 PCS,,,gap between consecutive segments on this line,TEA BREAK,,17.8,,,,,,,TEA TIME,ITEM CHANGE,,,,,,,,VERIFIED-live,line stopped 2026-08-10 16:09 (run 185 FG0000136) -> restarted 2026-08-10 16:26 (run 181 FG0000379)
STOP_GAP,JIVO_OIL,2026-08-30T22:04:16+05:30,2026-08-10,JP Machine,185,,FG0000136,SANO MUSTARD OIL 1 LTR 20 PCS,,,gap between consecutive segments on this line,(no remark),,15.4,,,,,,,,same item,,,,,,,,VERIFIED-live,line stopped 2026-08-10 17:24 (run 185 FG0000136) -> restarted 2026-08-10 17:39 (run 185 FG0000136)
STOP_GAP,JIVO_OIL,2026-08-30T22:04:16+05:30,2026-08-10,JP Machine,185,,FG0000136,SANO MUSTARD OIL 1 LTR 20 PCS,,,gap between consecutive segments on this line,END OF SHIFT / CLOSE,,745.6,,,,,,,colse,same item,,,,,,,,VERIFIED-live,line stopped 2026-08-10 20:21 (run 185 FG0000136) -> restarted 2026-08-11 08:46 (run 189 FG0000136)
STOP_GAP,JIVO_OIL,2026-08-30T22:04:16+05:30,2026-08-11,JP Machine,189,,FG0000136,SANO MUSTARD OIL 1 LTR 20 PCS,,,gap between consecutive segments on this line,TEA BREAK,,8.7,,,,,,,tea time,same item,,,,,,,,VERIFIED-live,line stopped 2026-08-11 11:20 (run 189 FG0000136) -> restarted 2026-08-11 11:29 (run 189 FG0000136)
STOP_GAP,JIVO_OIL,2026-08-30T22:04:16+05:30,2026-08-11,JP Machine,189,,FG0000136,SANO MUSTARD OIL 1 LTR 20 PCS,,,gap between consecutive segments on this line,LUNCH BREAK,,35.0,,,,,,,lunch time,same item,,,,,,,,VERIFIED-live,line stopped 2026-08-11 13:29 (run 189 FG0000136) -> restarted 2026-08-11 14:04 (run 189 FG0000136)
STOP_GAP,JIVO_OIL,2026-08-30T22:04:16+05:30,2026-08-11,JP Machine,189,,FG0000136,SANO MUSTARD OIL 1 LTR 20 PCS,,,gap between consecutive segments on this line,(no remark),,47.5,,,,,,,,ITEM CHANGE,,,,,,,,VERIFIED-live,line stopped 2026-08-11 14:06 (run 189 FG0000136) -> restarted 2026-08-11 14:53 (run 194 FG0000030)
STOP_GAP,JIVO_OIL,2026-08-30T22:04:16+05:30,2026-08-11,JP Machine,194,,FG0000030,MUSTARD KACHI GHANI 1 LTR 20 PCS,,,gap between consecutive segments on this line,END OF SHIFT / CLOSE,,797.5,,,,,,,colse,same item,,,,,,,,VERIFIED-live,line stopped 2026-08-11 19:11 (run 194 FG0000030) -> restarted 2026-08-12 08:28 (run 196 FG0000030)
STOP_GAP,JIVO_OIL,2026-08-30T22:04:16+05:30,2026-08-12,JP Machine,196,,FG0000030,MUSTARD KACHI GHANI 1 LTR 20 PCS,,,gap between consecutive segments on this line,TEA BREAK,,51.9,,,,,,,tea time,same item,,,,,,,,VERIFIED-live,line stopped 2026-08-12 11:08 (run 196 FG0000030) -> restarted 2026-08-12 11:59 (run 196 FG0000030)
STOP_GAP,JIVO_OIL,2026-08-30T22:04:16+05:30,2026-08-12,JP Machine,196,,FG0000030,MUSTARD KACHI GHANI 1 LTR 20 PCS,,,gap between consecutive segments on this line,LUNCH BREAK,,59.4,,,,,,,LUNCH TIME,same item,,,,,,,,VERIFIED-live,line stopped 2026-08-12 13:08 (run 196 FG0000030) -> restarted 2026-08-12 14:08 (run 196 FG0000030)
STOP_GAP,JIVO_OIL,2026-08-30T22:04:16+05:30,2026-08-12,JP Machine,196,,FG0000030,MUSTARD KACHI GHANI 1 LTR 20 PCS,,,gap between consecutive segments on this line,TEA BREAK,,951.7,,,,,,,tea time,same item,,,,,,,,VERIFIED-live,line stopped 2026-08-12 16:09 (run 196 FG0000030) -> restarted 2026-08-13 08:00 (run 203 FG0000030)
STOP_GAP,JIVO_OIL,2026-08-30T22:04:16+05:30,2026-08-13,JP Machine,203,,FG0000030,MUSTARD KACHI GHANI 1 LTR 20 PCS,,,gap between consecutive segments on this line,TEA BREAK,,39.2,,,,,,,tea time,same item,,,,,,,,VERIFIED-live,line stopped 2026-08-13 11:21 (run 203 FG0000030) -> restarted 2026-08-13 12:00 (run 203 FG0000030)
STOP_GAP,JIVO_OIL,2026-08-30T22:04:16+05:30,2026-08-17,JP Machine,211,,FG0000030,MUSTARD KACHI GHANI 1 LTR 20 PCS,,,gap between consecutive segments on this line,LUNCH BREAK,,17.8,,,,,,,lunch time,same item,,,,,,,,VERIFIED-live,line stopped 2026-08-17 13:27 (run 211 FG0000030) -> restarted 2026-08-17 13:45 (run 211 FG0000030)
STOP_GAP,JIVO_OIL,2026-08-30T22:04:16+05:30,2026-08-17,JP Machine,211,,FG0000030,MUSTARD KACHI GHANI 1 LTR 20 PCS,,,gap between consecutive segments on this line,TEA BREAK,,25.6,,,,,,,TEA TIME,same item,,,,,,,,VERIFIED-live,line stopped 2026-08-17 16:03 (run 211 FG0000030) -> restarted 2026-08-17 16:29 (run 211 FG0000030)
STOP_GAP,JIVO_OIL,2026-08-30T22:04:16+05:30,2026-08-17,JP Machine,211,,FG0000030,MUSTARD KACHI GHANI 1 LTR 20 PCS,,,gap between consecutive segments on this line,END OF SHIFT / CLOSE,,765.5,,,,,,,colse,ITEM CHANGE,,,,,,,,VERIFIED-live,line stopped 2026-08-17 21:52 (run 211 FG0000030) -> restarted 2026-08-18 10:38 (run 218 FG0000422)
STOP_GAP,JIVO_OIL,2026-08-30T22:04:16+05:30,2026-08-18,JP Machine,218,,FG0000422,JIVO MUSTARD KACCHI GHANI 869 GMS 20 PCS,,,gap between consecutive segments on this line,TEA BREAK,,30.1,,,,,,,TEA TIME,same item,,,,,,,,VERIFIED-live,line stopped 2026-08-18 11:05 (run 218 FG0000422) -> restarted 2026-08-18 11:35 (run 218 FG0000422)
STOP_GAP,JIVO_OIL,2026-08-30T22:04:16+05:30,2026-08-18,JP Machine,218,,FG0000422,JIVO MUSTARD KACCHI GHANI 869 GMS 20 PCS,,,gap between consecutive segments on this line,LUNCH BREAK,,37.9,,,,,,,lunch time,same item,,,,,,,,VERIFIED-live,line stopped 2026-08-18 13:00 (run 218 FG0000422) -> restarted 2026-08-18 13:38 (run 218 FG0000422)
STOP_GAP,JIVO_OIL,2026-08-30T22:04:16+05:30,2026-08-18,JP Machine,218,,FG0000422,JIVO MUSTARD KACCHI GHANI 869 GMS 20 PCS,,,gap between consecutive segments on this line,TEA BREAK,,19.0,,,,,,,TEA TIME,same item,,,,,,,,VERIFIED-live,line stopped 2026-08-18 16:09 (run 218 FG0000422) -> restarted 2026-08-18 16:28 (run 218 FG0000422)
STOP_GAP,JIVO_OIL,2026-08-30T22:04:16+05:30,2026-08-18,JP Machine,218,,FG0000422,JIVO MUSTARD KACCHI GHANI 869 GMS 20 PCS,,,gap between consecutive segments on this line,END OF SHIFT / CLOSE,,585.8,,,,,,,colse,ITEM CHANGE,,,,,,,,VERIFIED-live,line stopped 2026-08-18 22:07 (run 218 FG0000422) -> restarted 2026-08-19 07:53 (run 225 FG0000030)
STOP_GAP,JIVO_OIL,2026-08-30T22:04:16+05:30,2026-08-19,JP Machine,225,,FG0000030,MUSTARD KACHI GHANI 1 LTR 20 PCS,,,gap between consecutive segments on this line,TEA BREAK,,73.7,,,,,,,tea time,same item,,,,,,,,VERIFIED-live,line stopped 2026-08-19 11:07 (run 225 FG0000030) -> restarted 2026-08-19 12:21 (run 225 FG0000030)
STOP_GAP,JIVO_OIL,2026-08-30T22:04:16+05:30,2026-08-19,JP Machine,225,,FG0000030,MUSTARD KACHI GHANI 1 LTR 20 PCS,,,gap between consecutive segments on this line,LUNCH BREAK,,47.8,,,,,,,LUNCH TIME,same item,,,,,,,,VERIFIED-live,line stopped 2026-08-19 13:00 (run 225 FG0000030) -> restarted 2026-08-19 13:48 (run 225 FG0000030)
STOP_GAP,JIVO_OIL,2026-08-30T22:04:16+05:30,2026-08-19,JP Machine,225,,FG0000030,MUSTARD KACHI GHANI 1 LTR 20 PCS,,,gap between consecutive segments on this line,TEA BREAK,,19.9,,,,,,,TEA TIME,same item,,,,,,,,VERIFIED-live,line stopped 2026-08-19 16:05 (run 225 FG0000030) -> restarted 2026-08-19 16:25 (run 225 FG0000030)
STOP_GAP,JIVO_OIL,2026-08-30T22:04:16+05:30,2026-08-19,JP Machine,225,,FG0000030,MUSTARD KACHI GHANI 1 LTR 20 PCS,,,gap between consecutive segments on this line,END OF SHIFT / CLOSE,,760.1,,,,,,,colse,same item,,,,,,,,VERIFIED-live,line stopped 2026-08-19 19:50 (run 225 FG0000030) -> restarted 2026-08-20 08:30 (run 233 FG0000030)
STOP_GAP,JIVO_OIL,2026-08-30T22:04:16+05:30,2026-08-21,JP Machine,238,,FG0000030,MUSTARD KACHI GHANI 1 LTR 20 PCS,,,gap between consecutive segments on this line,TEA BREAK,,48.7,,,,,,,TEA TIME,same item,,,,,,,,VERIFIED-live,line stopped 2026-08-21 11:12 (run 238 FG0000030) -> restarted 2026-08-21 12:00 (run 238 FG0000030)
STOP_GAP,JIVO_OIL,2026-08-30T22:04:16+05:30,2026-08-21,JP Machine,238,,FG0000030,MUSTARD KACHI GHANI 1 LTR 20 PCS,,,gap between consecutive segments on this line,END OF SHIFT / CLOSE,,24.6,,,,,,,colse,ITEM CHANGE,,,,,,,,VERIFIED-live,line stopped 2026-08-22 09:47 (run 238 FG0000030) -> restarted 2026-08-22 10:12 (run 243 FG0000031)
STOP_GAP,JIVO_OIL,2026-08-30T22:04:16+05:30,2026-08-22,JP Machine,243,,FG0000031,MUSTARD PAKKI GHANI 1 LTR 20 PCS,,,gap between consecutive segments on this line,TEA BREAK,,45.2,,,,,,,TEA TIME,same item,,,,,,,,VERIFIED-live,line stopped 2026-08-22 11:11 (run 243 FG0000031) -> restarted 2026-08-22 11:56 (run 243 FG0000031)
STOP_GAP,JIVO_OIL,2026-08-30T22:04:16+05:30,2026-08-22,JP Machine,243,,FG0000031,MUSTARD PAKKI GHANI 1 LTR 20 PCS,,,gap between consecutive segments on this line,TEA BREAK,,37.2,,,,,,,TEA TIME,same item,,,,,,,,VERIFIED-live,line stopped 2026-08-22 16:11 (run 243 FG0000031) -> restarted 2026-08-22 16:48 (run 243 FG0000031)
STOP_GAP,JIVO_OIL,2026-08-30T22:04:16+05:30,2026-08-24,JP Machine,247,,FG0000449,MUSTARD KACHI GHANI 200 ML 70 PCS,,,gap between consecutive segments on this line,LUNCH BREAK,,36.2,,,,,,,LUNCH TIME,same item,,,,,,,,VERIFIED-live,line stopped 2026-08-24 13:05 (run 247 FG0000449) -> restarted 2026-08-24 13:41 (run 247 FG0000449)
STOP_GAP,JIVO_OIL,2026-08-30T22:04:16+05:30,2026-08-24,JP Machine,247,,FG0000449,MUSTARD KACHI GHANI 200 ML 70 PCS,,,gap between consecutive segments on this line,END OF SHIFT / CLOSE,,757.3,,,,,,,colse,ITEM CHANGE,,,,,,,,VERIFIED-live,line stopped 2026-08-24 23:13 (run 247 FG0000449) -> restarted 2026-08-25 11:50 (run 253 FG0000142)
STOP_GAP,JIVO_OIL,2026-08-30T22:04:16+05:30,2026-08-25,JP Machine,253,,FG0000142,COLD PRESS GROUNDNUT OIL 1 LTR 16 PCS,,,gap between consecutive segments on this line,LUNCH BREAK,,13.1,,,,,,,LUNCH TIME,ITEM CHANGE,,,,,,,,VERIFIED-live,line stopped 2026-08-25 13:23 (run 253 FG0000142) -> restarted 2026-08-25 13:36 (run 259 FG0000449)
STOP_GAP,JIVO_OIL,2026-08-30T22:04:16+05:30,2026-08-25,JP Machine,259,,FG0000449,MUSTARD KACHI GHANI 200 ML 70 PCS,,,gap between consecutive segments on this line,TEA BREAK,,96.5,,,,,,,tea time,ITEM CHANGE,,,,,,,,VERIFIED-live,line stopped 2026-08-25 16:13 (run 259 FG0000449) -> restarted 2026-08-25 17:49 (run 261 FG0000030)
STOP_GAP,JIVO_OIL,2026-08-30T22:04:16+05:30,2026-08-25,JP Machine,261,,FG0000030,MUSTARD KACHI GHANI 1 LTR 20 PCS,,,gap between consecutive segments on this line,END OF SHIFT / CLOSE,,792.5,,,,,,,colse,ITEM CHANGE,,,,,,,,VERIFIED-live,line stopped 2026-08-25 20:40 (run 261 FG0000030) -> restarted 2026-08-26 09:53 (run 266 FG0000142)
STOP_GAP,JIVO_OIL,2026-08-30T22:04:16+05:30,2026-08-26,JP Machine,266,,FG0000142,COLD PRESS GROUNDNUT OIL 1 LTR 16 PCS,,,gap between consecutive segments on this line,TEA BREAK,,1318.4,,,,,,,TEA TIME,same item,,,,,,,,VERIFIED-live,line stopped 2026-08-26 11:01 (run 266 FG0000142) -> restarted 2026-08-27 09:00 (run 270 FG0000142)
STOP_GAP,JIVO_OIL,2026-08-30T22:04:16+05:30,2026-08-27,JP Machine,270,,FG0000142,COLD PRESS GROUNDNUT OIL 1 LTR 16 PCS,,,gap between consecutive segments on this line,TEA BREAK,,10.0,,,,,,,Tea time,same item,,,,,,,,VERIFIED-live,line stopped 2026-08-27 11:22 (run 270 FG0000142) -> restarted 2026-08-27 11:32 (run 270 FG0000142)
STOP_GAP,JIVO_OIL,2026-08-30T22:04:16+05:30,2026-08-27,JP Machine,270,,FG0000142,COLD PRESS GROUNDNUT OIL 1 LTR 16 PCS,,,gap between consecutive segments on this line,LUNCH BREAK,,34.7,,,,,,,lunch time,same item,,,,,,,,VERIFIED-live,line stopped 2026-08-27 13:02 (run 270 FG0000142) -> restarted 2026-08-27 13:37 (run 270 FG0000142)
STOP_GAP,JIVO_OIL,2026-08-30T22:04:16+05:30,2026-08-27,JP Machine,270,,FG0000142,COLD PRESS GROUNDNUT OIL 1 LTR 16 PCS,,,gap between consecutive segments on this line,TEA BREAK,,34.1,,,,,,,TEA TIME,same item,,,,,,,,VERIFIED-live,line stopped 2026-08-27 16:04 (run 270 FG0000142) -> restarted 2026-08-27 16:38 (run 270 FG0000142)
STOP_GAP,JIVO_OIL,2026-08-30T22:04:16+05:30,2026-08-29,JP Machine,276,,FG0000030,MUSTARD KACHI GHANI 1 LTR 20 PCS,,,gap between consecutive segments on this line,TEA BREAK,,0.0,,,,,,,Tea break,same item,,,,,,,,VERIFIED-live,line stopped 2026-08-29 11:55 (run 276 FG0000030) -> restarted 2026-08-29 11:55 (run 276 FG0000030)
STOP_GAP,JIVO_OIL,2026-08-30T22:04:16+05:30,2026-08-29,JP Machine,276,,FG0000030,MUSTARD KACHI GHANI 1 LTR 20 PCS,,,gap between consecutive segments on this line,LUNCH BREAK,,0.1,,,,,,,Lunch time,same item,,,,,,,,VERIFIED-live,line stopped 2026-08-29 13:57 (run 276 FG0000030) -> restarted 2026-08-29 13:57 (run 276 FG0000030)
STOP_GAP,JIVO_OIL,2026-08-30T22:04:16+05:30,2026-08-29,JP Machine,276,,FG0000030,MUSTARD KACHI GHANI 1 LTR 20 PCS,,,gap between consecutive segments on this line,TEA BREAK,,12.9,,,,,,,Tea time,same item,,,,,,,,VERIFIED-live,line stopped 2026-08-29 16:04 (run 276 FG0000030) -> restarted 2026-08-29 16:17 (run 276 FG0000030)
STOP_GAP,JIVO_OIL,2026-08-30T22:04:16+05:30,2026-08-29,JP Machine,276,,FG0000030,MUSTARD KACHI GHANI 1 LTR 20 PCS,,,gap between consecutive segments on this line,END OF SHIFT / CLOSE,,93.4,,,,,,,Close,same item,,,,,,,,VERIFIED-live,line stopped 2026-08-30 07:56 (run 276 FG0000030) -> restarted 2026-08-30 09:29 (run 280 FG0000030)
STOP_GAP,JIVO_OIL,2026-08-30T22:04:16+05:30,2026-08-30,JP Machine,280,,FG0000030,MUSTARD KACHI GHANI 1 LTR 20 PCS,,,gap between consecutive segments on this line,TEA BREAK,,46.5,,,,,,,TEA TIME,same item,,,,,,,,VERIFIED-live,line stopped 2026-08-30 11:00 (run 280 FG0000030) -> restarted 2026-08-30 11:47 (run 280 FG0000030)
STOP_GAP,JIVO_OIL,2026-08-30T22:04:16+05:30,2026-08-30,JP Machine,280,,FG0000030,MUSTARD KACHI GHANI 1 LTR 20 PCS,,,gap between consecutive segments on this line,LUNCH BREAK,,35.6,,,,,,,LUNCH TIME,same item,,,,,,,,VERIFIED-live,line stopped 2026-08-30 13:02 (run 280 FG0000030) -> restarted 2026-08-30 13:37 (run 280 FG0000030)
STOP_GAP,JIVO_OIL,2026-08-30T22:04:16+05:30,2026-08-30,JP Machine,280,,FG0000030,MUSTARD KACHI GHANI 1 LTR 20 PCS,,,gap between consecutive segments on this line,TEA BREAK,,1.1,,,,,,,TEA TIME,same item,,,,,,,,VERIFIED-live,line stopped 2026-08-30 16:18 (run 280 FG0000030) -> restarted 2026-08-30 16:20 (run 280 FG0000030)
STOP_GAP,JIVO_OIL,2026-08-30T22:04:16+05:30,2026-07-27,Pouch Machine,100,,FG0000359,SOYABEAN OIL 750 GMS 12 PCS POUCH,,,gap between consecutive segments on this line,TEA BREAK,,16.7,,,,,,,tea time,same item,,,,,,,,VERIFIED-live,line stopped 2026-07-27 11:08 (run 100 FG0000359) -> restarted 2026-07-27 11:25 (run 100 FG0000359)
STOP_GAP,JIVO_OIL,2026-08-30T22:04:16+05:30,2026-07-27,Pouch Machine,100,,FG0000359,SOYABEAN OIL 750 GMS 12 PCS POUCH,,,gap between consecutive segments on this line,LUNCH BREAK,,37.3,,,,,,,lunch time,same item,,,,,,,,VERIFIED-live,line stopped 2026-07-27 13:04 (run 100 FG0000359) -> restarted 2026-07-27 13:42 (run 100 FG0000359)
STOP_GAP,JIVO_OIL,2026-08-30T22:04:16+05:30,2026-07-27,Pouch Machine,100,,FG0000359,SOYABEAN OIL 750 GMS 12 PCS POUCH,,,gap between consecutive segments on this line,TEA BREAK,,17.1,,,,,,,tea time,same item,,,,,,,,VERIFIED-live,line stopped 2026-07-27 16:08 (run 100 FG0000359) -> restarted 2026-07-27 16:25 (run 100 FG0000359)
STOP_GAP,JIVO_OIL,2026-08-30T22:04:16+05:30,2026-08-03,Pouch Machine,138,,FG0000359,SOYABEAN OIL 750 GMS 12 PCS POUCH,,,gap between consecutive segments on this line,TEA BREAK,,9.5,,,,,,,tea time,same item,,,,,,,,VERIFIED-live,line stopped 2026-08-03 11:18 (run 138 FG0000359) -> restarted 2026-08-03 11:28 (run 138 FG0000359)
STOP_GAP,JIVO_OIL,2026-08-30T22:04:16+05:30,2026-08-03,Pouch Machine,138,,FG0000359,SOYABEAN OIL 750 GMS 12 PCS POUCH,,,gap between consecutive segments on this line,LUNCH BREAK,,13.2,,,,,,,lunch time,same item,,,,,,,,VERIFIED-live,line stopped 2026-08-03 13:23 (run 138 FG0000359) -> restarted 2026-08-03 13:36 (run 138 FG0000359)
STOP_GAP,JIVO_OIL,2026-08-30T22:04:16+05:30,2026-08-03,Pouch Machine,138,,FG0000359,SOYABEAN OIL 750 GMS 12 PCS POUCH,,,gap between consecutive segments on this line,TEA BREAK,,0.5,,,,,,,tea time,same item,,,,,,,,VERIFIED-live,line stopped 2026-08-03 16:25 (run 138 FG0000359) -> restarted 2026-08-03 16:26 (run 138 FG0000359)
STOP_GAP,JIVO_OIL,2026-08-30T22:04:16+05:30,2026-08-03,Pouch Machine,138,,FG0000359,SOYABEAN OIL 750 GMS 12 PCS POUCH,,,gap between consecutive segments on this line,END OF SHIFT / CLOSE,,931.7,,,,,,,colse,ITEM CHANGE,,,,,,,,VERIFIED-live,line stopped 2026-08-03 19:28 (run 138 FG0000359) -> restarted 2026-08-04 11:00 (run 150 FG0000299)
STOP_GAP,JIVO_OIL,2026-08-30T22:04:16+05:30,2026-08-04,Pouch Machine,150,,FG0000299,SOYABEAN OIL 700 GMS POUCH 12 PCS,,,gap between consecutive segments on this line,TEA BREAK,,10.2,,,,,,,tea time,same item,,,,,,,,VERIFIED-live,line stopped 2026-08-04 11:23 (run 150 FG0000299) -> restarted 2026-08-04 11:33 (run 150 FG0000299)
STOP_GAP,JIVO_OIL,2026-08-30T22:04:16+05:30,2026-08-04,Pouch Machine,150,,FG0000299,SOYABEAN OIL 700 GMS POUCH 12 PCS,,,gap between consecutive segments on this line,LUNCH BREAK,,42.1,,,,,,,LUNCH TIME,same item,,,,,,,,VERIFIED-live,line stopped 2026-08-04 13:04 (run 150 FG0000299) -> restarted 2026-08-04 13:46 (run 150 FG0000299)
STOP_GAP,JIVO_OIL,2026-08-30T22:04:16+05:30,2026-08-04,Pouch Machine,150,,FG0000299,SOYABEAN OIL 700 GMS POUCH 12 PCS,,,gap between consecutive segments on this line,(no remark),,77.0,,,,,,,,same item,,,,,,,,VERIFIED-live,line stopped 2026-08-04 15:10 (run 150 FG0000299) -> restarted 2026-08-04 16:27 (run 150 FG0000299)
STOP_GAP,JIVO_OIL,2026-08-30T22:04:16+05:30,2026-08-04,Pouch Machine,150,,FG0000299,SOYABEAN OIL 700 GMS POUCH 12 PCS,,,gap between consecutive segments on this line,END OF SHIFT / CLOSE,,1057.1,,,,,,,colse,same item,,,,,,,,VERIFIED-live,line stopped 2026-08-04 19:18 (run 150 FG0000299) -> restarted 2026-08-05 12:55 (run 159 FG0000299)
STOP_GAP,JIVO_OIL,2026-08-30T22:04:16+05:30,2026-08-05,Pouch Machine,159,,FG0000299,SOYABEAN OIL 700 GMS POUCH 12 PCS,,,gap between consecutive segments on this line,LUNCH BREAK,,19.4,,,,,,,lunch time,same item,,,,,,,,VERIFIED-live,line stopped 2026-08-05 13:26 (run 159 FG0000299) -> restarted 2026-08-05 13:46 (run 159 FG0000299)
STOP_GAP,JIVO_OIL,2026-08-30T22:04:16+05:30,2026-08-05,Pouch Machine,159,,FG0000299,SOYABEAN OIL 700 GMS POUCH 12 PCS,,,gap between consecutive segments on this line,OTHER (free text),,6.7,,,,,,,stop,same item,,,,,,,,VERIFIED-live,line stopped 2026-08-05 15:01 (run 159 FG0000299) -> restarted 2026-08-05 15:08 (run 159 FG0000299)
STOP_GAP,JIVO_OIL,2026-08-30T22:04:16+05:30,2026-08-05,Pouch Machine,159,,FG0000299,SOYABEAN OIL 700 GMS POUCH 12 PCS,,,gap between consecutive segments on this line,TEA BREAK,,32.6,,,,,,,TEA TIME,same item,,,,,,,,VERIFIED-live,line stopped 2026-08-05 16:06 (run 159 FG0000299) -> restarted 2026-08-05 16:38 (run 159 FG0000299)
STOP_GAP,JIVO_OIL,2026-08-30T22:04:16+05:30,2026-08-05,Pouch Machine,159,,FG0000299,SOYABEAN OIL 700 GMS POUCH 12 PCS,,,gap between consecutive segments on this line,(no remark),,787.6,,,,,,,,ITEM CHANGE,,,,,,,,VERIFIED-live,line stopped 2026-08-05 19:44 (run 159 FG0000299) -> restarted 2026-08-06 08:52 (run 166 FG0000359)
STOP_GAP,JIVO_OIL,2026-08-30T22:04:16+05:30,2026-08-06,Pouch Machine,166,,FG0000359,SOYABEAN OIL 750 GMS 12 PCS POUCH,,,gap between consecutive segments on this line,TEA BREAK,,13.7,,,,,,,tea time,same item,,,,,,,,VERIFIED-live,line stopped 2026-08-06 11:17 (run 166 FG0000359) -> restarted 2026-08-06 11:31 (run 166 FG0000359)
STOP_GAP,JIVO_OIL,2026-08-30T22:04:16+05:30,2026-08-06,Pouch Machine,166,,FG0000359,SOYABEAN OIL 750 GMS 12 PCS POUCH,,,gap between consecutive segments on this line,LUNCH BREAK,,9.0,,,,,,,lunch time,same item,,,,,,,,VERIFIED-live,line stopped 2026-08-06 13:28 (run 166 FG0000359) -> restarted 2026-08-06 13:37 (run 166 FG0000359)
STOP_GAP,JIVO_OIL,2026-08-30T22:04:16+05:30,2026-08-14,Pouch Machine,209,,FG0000106,MUSTARD KACHHI GHANI 1 LTR POUCH 12 PCS,,,gap between consecutive segments on this line,TEA BREAK,,9.7,,,,,,,tea time,same item,,,,,,,,VERIFIED-live,line stopped 2026-08-14 11:20 (run 209 FG0000106) -> restarted 2026-08-14 11:29 (run 209 FG0000106)
STOP_GAP,JIVO_OIL,2026-08-30T22:04:16+05:30,2026-08-14,Pouch Machine,209,,FG0000106,MUSTARD KACHHI GHANI 1 LTR POUCH 12 PCS,,,gap between consecutive segments on this line,LUNCH BREAK,,31.7,,,,,,,lunch time,same item,,,,,,,,VERIFIED-live,line stopped 2026-08-14 13:06 (run 209 FG0000106) -> restarted 2026-08-14 13:37 (run 209 FG0000106)
STOP_GAP,JIVO_OIL,2026-08-30T22:04:16+05:30,2026-08-25,Pouch Machine,256,,FG0000021,REFINED OIL 1 LTR POUCH 12 PCS,,,gap between consecutive segments on this line,TEA BREAK,,26.9,,,,,,,tea time,same item,,,,,,,,VERIFIED-live,line stopped 2026-08-25 11:17 (run 256 FG0000021) -> restarted 2026-08-25 11:44 (run 256 FG0000021)
STOP_GAP,JIVO_OIL,2026-08-30T22:04:16+05:30,2026-08-25,Pouch Machine,256,,FG0000021,REFINED OIL 1 LTR POUCH 12 PCS,,,gap between consecutive segments on this line,LUNCH BREAK,,32.7,,,,,,,LUNCH TIME,same item,,,,,,,,VERIFIED-live,line stopped 2026-08-25 13:22 (run 256 FG0000021) -> restarted 2026-08-25 13:54 (run 256 FG0000021)
STOP_GAP,JIVO_OIL,2026-08-30T22:04:16+05:30,2026-08-30,Pouch Machine,284,,FG0000194,SOYABEAN OIL 1 LTR POUCH 12 PCS,,,gap between consecutive segments on this line,TEA BREAK,,40.0,,,,,,,Tea time,same item,,,,,,,,VERIFIED-live,line stopped 2026-08-30 11:06 (run 284 FG0000194) -> restarted 2026-08-30 11:46 (run 284 FG0000194)
STOP_GAP,JIVO_OIL,2026-08-30T22:04:16+05:30,2026-08-30,Pouch Machine,284,,FG0000194,SOYABEAN OIL 1 LTR POUCH 12 PCS,,,gap between consecutive segments on this line,LUNCH BREAK,,33.9,,,,,,,LUNCH TIME,same item,,,,,,,,VERIFIED-live,line stopped 2026-08-30 13:03 (run 284 FG0000194) -> restarted 2026-08-30 13:37 (run 284 FG0000194)
STOP_GAP,JIVO_OIL,2026-08-30T22:04:16+05:30,2026-08-30,Pouch Machine,284,,FG0000194,SOYABEAN OIL 1 LTR POUCH 12 PCS,,,gap between consecutive segments on this line,TEA BREAK,,1.4,,,,,,,TEA TIME,same item,,,,,,,,VERIFIED-live,line stopped 2026-08-30 16:18 (run 284 FG0000194) -> restarted 2026-08-30 16:19 (run 284 FG0000194)
STOP_GAP,JIVO_OIL,2026-08-30T22:04:16+05:30,2026-06-12,Tin Head,9,,FG0000169,REFINED COTTON SEED OIL 13 KGS,,,gap between consecutive segments on this line,(no remark),,0.2,,,,,,,,same item,,,,,,,,VERIFIED-live,line stopped 2026-06-11 17:34 (run 9 FG0000169) -> restarted 2026-06-11 17:34 (run 9 FG0000169)
STOP_GAP,JIVO_OIL,2026-08-30T22:04:16+05:30,2026-07-25,Tin Head,84,,FG0000444,SOYABEAN OIL 12 KGS (B),,,gap between consecutive segments on this line,LUNCH BREAK,,41.6,,,,,,,LUNCH TIME,same item,,,,,,,,VERIFIED-live,line stopped 2026-07-25 13:05 (run 84 FG0000444) -> restarted 2026-07-25 13:47 (run 84 FG0000444)
STOP_GAP,JIVO_OIL,2026-08-30T22:04:16+05:30,2026-07-25,Tin Head,84,,FG0000444,SOYABEAN OIL 12 KGS (B),,,gap between consecutive segments on this line,(no remark),,132.7,,,,,,,,same item,,,,,,,,VERIFIED-live,line stopped 2026-07-25 15:47 (run 84 FG0000444) -> restarted 2026-07-25 18:00 (run 84 FG0000444)
STOP_GAP,JIVO_OIL,2026-08-30T22:04:16+05:30,2026-08-18,Tin Head,222,,FG0000367,SANO POMACE OLIVE OIL 15 L,,,gap between consecutive segments on this line,END OF SHIFT / CLOSE,,584.0,,,,,,,colse,ITEM CHANGE,,,,,,,,VERIFIED-live,line stopped 2026-08-18 22:04 (run 222 FG0000367) -> restarted 2026-08-19 07:48 (run 223 FG0000015)
STOP_GAP,JIVO_OIL,2026-08-30T22:04:16+05:30,2026-08-19,Tin Head,228,,FG0000015,REFINED OIL 15 LTR,,,gap between consecutive segments on this line,TEA BREAK,,63.2,,,,,,,tea time,same item,,,,,,,,VERIFIED-live,line stopped 2026-08-19 11:06 (run 228 FG0000015) -> restarted 2026-08-19 12:09 (run 228 FG0000015)
STOP_GAP,JIVO_OIL,2026-08-30T22:04:16+05:30,2026-08-19,Tin Head,228,,FG0000015,REFINED OIL 15 LTR,,,gap between consecutive segments on this line,LUNCH BREAK,,45.3,,,,,,,LUNCH TIME,same item,,,,,,,,VERIFIED-live,line stopped 2026-08-19 13:02 (run 228 FG0000015) -> restarted 2026-08-19 13:48 (run 228 FG0000015)
STOP_GAP,JIVO_OIL,2026-08-30T22:04:16+05:30,2026-08-19,Tin Head,228,,FG0000015,REFINED OIL 15 LTR,,,gap between consecutive segments on this line,TEA BREAK,,16.4,,,,,,,TEA TIME,same item,,,,,,,,VERIFIED-live,line stopped 2026-08-19 16:08 (run 228 FG0000015) -> restarted 2026-08-19 16:24 (run 228 FG0000015)
CHANGEOVER,JIVO_OIL,2026-08-30T22:04:16+05:30,2026-05-04,10 Head,3,,FG0000142,COLD PRESS GROUNDNUT OIL 1 LTR 16 PCS,,,minutes the line was down between the last piece of the old SKU and the first of the new,30279.9,minutes,30279.9,,,,,,,,crossed a day boundary - includes the overnight shutdown,,,,,,,,VERIFIED-live,from FG0000085 (COLD PRESS SOYABEAN 5 LTR 4 PCS) -> FG0000142 (COLD PRESS GROUNDNUT OIL 1 LTR 16 PCS); stopped 2026-04-13 11:25 restarted 2026-05-04 12:05
CHANGEOVER,JIVO_OIL,2026-08-30T22:04:16+05:30,2026-05-04,10 Head,4,,FG0000081,COLD PRESS SUNFLOWER 1 LTR 20 PCS,,,minutes the line was down between the last piece of the old SKU and the first of the new,17.1,minutes,17.1,,,,,,,,within same day,,,,,,,,VERIFIED-live,from FG0000142 (COLD PRESS GROUNDNUT OIL 1 LTR 16 PCS) -> FG0000081 (COLD PRESS SUNFLOWER 1 LTR 20 PCS); stopped 2026-05-04 12:16 restarted 2026-05-04 12:33
CHANGEOVER,JIVO_OIL,2026-08-30T22:04:16+05:30,2026-05-26,10 Head,6,,FG0000085,COLD PRESS SOYABEAN 5 LTR 4 PCS,,,minutes the line was down between the last piece of the old SKU and the first of the new,31664.5,minutes,31664.5,,,,,,,,crossed a day boundary - includes the overnight shutdown,,,,,,,,VERIFIED-live,from FG0000227 (RICE BRAN OIL 1 LTR 16 PCS) -> FG0000085 (COLD PRESS SOYABEAN 5 LTR 4 PCS); stopped 2026-05-04 12:56 restarted 2026-05-26 12:41
CHANGEOVER,JIVO_OIL,2026-08-30T22:04:16+05:30,2026-05-04,10 Head,4,,FG0000081,COLD PRESS SUNFLOWER 1 LTR 20 PCS,,,minutes the line was down between the last piece of the old SKU and the first of the new,2887.4,minutes,2887.4,,,,,,,,crossed a day boundary - includes the overnight shutdown,,,,,,,,VERIFIED-live,from FG0000085 (COLD PRESS SOYABEAN 5 LTR 4 PCS) -> FG0000081 (COLD PRESS SUNFLOWER 1 LTR 20 PCS); stopped 2026-05-26 12:43 restarted 2026-05-28 12:51
CHANGEOVER,JIVO_OIL,2026-08-30T22:04:16+05:30,2026-07-10,10 Head,15,,FG0000028,POMACE OLIVE 1 LTR 16 PCS,,,minutes the line was down between the last piece of the old SKU and the first of the new,61923.1,minutes,61923.1,,,,,,,,crossed a day boundary - includes the overnight shutdown,,,,,,,,VERIFIED-live,from FG0000081 (COLD PRESS SUNFLOWER 1 LTR 20 PCS) -> FG0000028 (POMACE OLIVE 1 LTR 16 PCS); stopped 2026-05-28 12:51 restarted 2026-07-10 12:54
CHANGEOVER,JIVO_OIL,2026-08-30T22:04:16+05:30,2026-07-15,10 Head,32,,FG0000035,COLD PRESS 500 MLS 24 PCS,,,minutes the line was down between the last piece of the old SKU and the first of the new,7379.0,minutes,7379.0,,,,,,,,crossed a day boundary - includes the overnight shutdown,,,,,,,,VERIFIED-live,from FG0000028 (POMACE OLIVE 1 LTR 16 PCS) -> FG0000035 (COLD PRESS 500 MLS 24 PCS); stopped 2026-07-10 12:57 restarted 2026-07-15 15:56
CHANGEOVER,JIVO_OIL,2026-08-30T22:04:16+05:30,2026-07-23,10 Head,76,,FG0000142,COLD PRESS GROUNDNUT OIL 1 LTR 16 PCS,,,minutes the line was down between the last piece of the old SKU and the first of the new,10811.6,minutes,10811.6,,,,,,,,crossed a day boundary - includes the overnight shutdown,,,,,,,,VERIFIED-live,from FG0000035 (COLD PRESS 500 MLS 24 PCS) -> FG0000142 (COLD PRESS GROUNDNUT OIL 1 LTR 16 PCS); stopped 2026-07-15 20:34 restarted 2026-07-23 08:46
CHANGEOVER,JIVO_OIL,2026-08-30T22:04:16+05:30,2026-07-24,10 Head,79,,FG0000227,RICE BRAN OIL 1 LTR 16 PCS,,,minutes the line was down between the last piece of the old SKU and the first of the new,962.2,minutes,962.2,,,,,,,,crossed a day boundary - includes the overnight shutdown,,,,,,,,VERIFIED-live,from FG0000142 (COLD PRESS GROUNDNUT OIL 1 LTR 16 PCS) -> FG0000227 (RICE BRAN OIL 1 LTR 16 PCS); stopped 2026-07-23 16:19 restarted 2026-07-24 08:21
CHANGEOVER,JIVO_OIL,2026-08-30T22:04:16+05:30,2026-07-27,10 Head,97,,FG0000142,COLD PRESS GROUNDNUT OIL 1 LTR 16 PCS,,,minutes the line was down between the last piece of the old SKU and the first of the new,2366.5,minutes,2366.5,,,,,,,complete time,crossed a day boundary - includes the overnight shutdown,,,,,,,,VERIFIED-live,from FG0000227 (RICE BRAN OIL 1 LTR 16 PCS) -> FG0000142 (COLD PRESS GROUNDNUT OIL 1 LTR 16 PCS); stopped 2026-07-25 19:18 restarted 2026-07-27 10:44
CHANGEOVER,JIVO_OIL,2026-08-30T22:04:16+05:30,2026-07-28,10 Head,103,,FG0000042,EXTRA VIRGIN OLIVE 1 LTR 16 PCS,,,minutes the line was down between the last piece of the old SKU and the first of the new,887.5,minutes,887.5,,,,,,,complete production,crossed a day boundary - includes the overnight shutdown,,,,,,,,VERIFIED-live,from FG0000142 (COLD PRESS GROUNDNUT OIL 1 LTR 16 PCS) -> FG0000042 (EXTRA VIRGIN OLIVE 1 LTR 16 PCS); stopped 2026-07-27 19:00 restarted 2026-07-28 09:48
CHANGEOVER,JIVO_OIL,2026-08-30T22:04:16+05:30,2026-07-29,10 Head,114,,FG0000446,EXTRA VIRGIN OLIVE 3 LTR TIN 3 PCS,,,minutes the line was down between the last piece of the old SKU and the first of the new,39.8,minutes,39.8,,,,,,,close,within same day,,,,,,,,VERIFIED-live,from FG0000042 (EXTRA VIRGIN OLIVE 1 LTR 16 PCS) -> FG0000446 (EXTRA VIRGIN OLIVE 3 LTR TIN 3 PCS); stopped 2026-07-29 17:05 restarted 2026-07-29 17:45
CHANGEOVER,JIVO_OIL,2026-08-30T22:04:16+05:30,2026-07-30,10 Head,117,,FG0000142,COLD PRESS GROUNDNUT OIL 1 LTR 16 PCS,,,minutes the line was down between the last piece of the old SKU and the first of the new,784.3,minutes,784.3,,,,,,,close,crossed a day boundary - includes the overnight shutdown,,,,,,,,VERIFIED-live,from FG0000446 (EXTRA VIRGIN OLIVE 3 LTR TIN 3 PCS) -> FG0000142 (COLD PRESS GROUNDNUT OIL 1 LTR 16 PCS); stopped 2026-07-29 19:04 restarted 2026-07-30 08:09
CHANGEOVER,JIVO_OIL,2026-08-30T22:04:16+05:30,2026-07-31,10 Head,125,,FG0000028,POMACE OLIVE 1 LTR 16 PCS,,,minutes the line was down between the last piece of the old SKU and the first of the new,700.0,minutes,700.0,,,,,,,colse,crossed a day boundary - includes the overnight shutdown,,,,,,,,VERIFIED-live,from FG0000142 (COLD PRESS GROUNDNUT OIL 1 LTR 16 PCS) -> FG0000028 (POMACE OLIVE 1 LTR 16 PCS); stopped 2026-07-30 20:29 restarted 2026-07-31 08:09
CHANGEOVER,JIVO_OIL,2026-08-30T22:04:16+05:30,2026-08-01,10 Head,129,,FG0000150,SANO POMACE OLIVE 1 LTR 16 PCS,,,minutes the line was down between the last piece of the old SKU and the first of the new,713.9,minutes,713.9,,,,,,,close,crossed a day boundary - includes the overnight shutdown,,,,,,,,VERIFIED-live,from FG0000028 (POMACE OLIVE 1 LTR 16 PCS) -> FG0000150 (SANO POMACE OLIVE 1 LTR 16 PCS); stopped 2026-07-31 20:25 restarted 2026-08-01 08:19
CHANGEOVER,JIVO_OIL,2026-08-30T22:04:16+05:30,2026-08-04,10 Head,153,,FG0000005,EXTRA LIGHT OLIVE 1 LTR 16 PCS,,,minutes the line was down between the last piece of the old SKU and the first of the new,298.2,minutes,298.2,,,,,,,LUNCH TIME,within same day,,,,,,,,VERIFIED-live,from FG0000142 (COLD PRESS GROUNDNUT OIL 1 LTR 16 PCS) -> FG0000005 (EXTRA LIGHT OLIVE 1 LTR 16 PCS); stopped 2026-08-04 13:05 restarted 2026-08-04 18:03
CHANGEOVER,JIVO_OIL,2026-08-30T22:04:16+05:30,2026-08-08,10 Head,177,,FG0000005,EXTRA LIGHT OLIVE 1 LTR 16 PCS,,,minutes the line was down between the last piece of the old SKU and the first of the new,692.7,minutes,692.7,,,,,,,colse,crossed a day boundary - includes the overnight shutdown,,,,,,,,VERIFIED-live,from FG0000081 (COLD PRESS SUNFLOWER 1 LTR 20 PCS) -> FG0000005 (EXTRA LIGHT OLIVE 1 LTR 16 PCS); stopped 2026-08-07 20:33 restarted 2026-08-08 08:05
CHANGEOVER,JIVO_OIL,2026-08-30T22:04:16+05:30,2026-08-10,10 Head,182,,FG0000142,COLD PRESS GROUNDNUT OIL 1 LTR 16 PCS,,,minutes the line was down between the last piece of the old SKU and the first of the new,2461.6,minutes,2461.6,,,,,,,TEA TIME,crossed a day boundary - includes the overnight shutdown,,,,,,,,VERIFIED-live,from FG0000005 (EXTRA LIGHT OLIVE 1 LTR 16 PCS) -> FG0000142 (COLD PRESS GROUNDNUT OIL 1 LTR 16 PCS); stopped 2026-08-08 16:07 restarted 2026-08-10 09:09
CHANGEOVER,JIVO_OIL,2026-08-30T22:04:16+05:30,2026-08-14,10 Head,208,,FG0000028,POMACE OLIVE 1 LTR 16 PCS,,,minutes the line was down between the last piece of the old SKU and the first of the new,623.7,minutes,623.7,,,,,,,COLSE,crossed a day boundary - includes the overnight shutdown,,,,,,,,VERIFIED-live,from FG0000142 (COLD PRESS GROUNDNUT OIL 1 LTR 16 PCS) -> FG0000028 (POMACE OLIVE 1 LTR 16 PCS); stopped 2026-08-13 21:36 restarted 2026-08-14 08:00
CHANGEOVER,JIVO_OIL,2026-08-30T22:04:16+05:30,2026-08-18,10 Head,216,,FG0000142,COLD PRESS GROUNDNUT OIL 1 LTR 16 PCS,,,minutes the line was down between the last piece of the old SKU and the first of the new,766.3,minutes,766.3,,,,,,,colse,crossed a day boundary - includes the overnight shutdown,,,,,,,,VERIFIED-live,from FG0000028 (POMACE OLIVE 1 LTR 16 PCS) -> FG0000142 (COLD PRESS GROUNDNUT OIL 1 LTR 16 PCS); stopped 2026-08-17 21:52 restarted 2026-08-18 10:38
CHANGEOVER,JIVO_OIL,2026-08-30T22:04:16+05:30,2026-08-25,10 Head,254,,FG0000042,EXTRA VIRGIN OLIVE 1 LTR 16 PCS,,,minutes the line was down between the last piece of the old SKU and the first of the new,599.2,minutes,599.2,,,,,,,colse,crossed a day boundary - includes the overnight shutdown,,,,,,,,VERIFIED-live,from FG0000142 (COLD PRESS GROUNDNUT OIL 1 LTR 16 PCS) -> FG0000042 (EXTRA VIRGIN OLIVE 1 LTR 16 PCS); stopped 2026-08-24 23:12 restarted 2026-08-25 09:11
CHANGEOVER,JIVO_OIL,2026-08-30T22:04:16+05:30,2026-08-26,10 Head,268,,FG0000320,YELLOW MUSTARD OIL 1 LTR 16 PCS,,,minutes the line was down between the last piece of the old SKU and the first of the new,1229.6,minutes,1229.6,,,,,,,LUNCH TIME,crossed a day boundary - includes the overnight shutdown,,,,,,,,VERIFIED-live,from FG0000042 (EXTRA VIRGIN OLIVE 1 LTR 16 PCS) -> FG0000320 (YELLOW MUSTARD OIL 1 LTR 16 PCS); stopped 2026-08-25 13:23 restarted 2026-08-26 09:53
CHANGEOVER,JIVO_OIL,2026-08-30T22:04:16+05:30,2026-08-27,10 Head,269,,FG0000320,YELLOW MUSTARD OIL 1 LTR 16 PCS,,,minutes the line was down between the last piece of the old SKU and the first of the new,1314.4,minutes,1314.4,,,,,,,TEA TIME,crossed a day boundary - includes the overnight shutdown,,,,,,,,VERIFIED-live,from FG0000042 (EXTRA VIRGIN OLIVE 1 LTR 16 PCS) -> FG0000320 (YELLOW MUSTARD OIL 1 LTR 16 PCS); stopped 2026-08-26 11:05 restarted 2026-08-27 09:00
CHANGEOVER,JIVO_OIL,2026-08-30T22:04:16+05:30,2026-08-29,10 Head,277,,FG0000064,EXTRA LIGHT OIVE 2 LTR 10 PCS HANDLE,,,minutes the line was down between the last piece of the old SKU and the first of the new,2629.4,minutes,2629.4,,,,,,,,crossed a day boundary - includes the overnight shutdown,,,,,,,,VERIFIED-live,from FG0000320 (YELLOW MUSTARD OIL 1 LTR 16 PCS) -> FG0000064 (EXTRA LIGHT OIVE 2 LTR 10 PCS HANDLE); stopped 2026-08-27 15:53 restarted 2026-08-29 11:42
CHANGEOVER,JIVO_OIL,2026-08-30T22:04:16+05:30,2026-08-30,10 Head,285,,FG0000032,COLD PRESS 1 LTR 20 PCS,,,minutes the line was down between the last piece of the old SKU and the first of the new,71.0,minutes,71.0,,,,,,,CLOSE,within same day,,,,,,,,VERIFIED-live,from FG0000064 (EXTRA LIGHT OIVE 2 LTR 10 PCS HANDLE) -> FG0000032 (COLD PRESS 1 LTR 20 PCS); stopped 2026-08-30 14:16 restarted 2026-08-30 15:27
CHANGEOVER,JIVO_OIL,2026-08-30T22:04:16+05:30,2026-07-24,6 Head,80,,FG0000114,POMACE OLIVE 2 LTR 10 PCS HANDLE,,,minutes the line was down between the last piece of the old SKU and the first of the new,10882.6,minutes,10882.6,,,,,,,527 peti total hai,crossed a day boundary - includes the overnight shutdown,,,,,,,,VERIFIED-live,from FG0000008 (POMACE OLIVE 5 LTR TIN 4 PCS) -> FG0000114 (POMACE OLIVE 2 LTR 10 PCS HANDLE); stopped 2026-07-16 18:58 restarted 2026-07-24 08:21
CHANGEOVER,JIVO_OIL,2026-08-30T22:04:16+05:30,2026-07-25,6 Head,83,,FG0000074,EXTRA VIRGIN OLIVE 5 LTR TIN 4 PCS IMPORTED,,,minutes the line was down between the last piece of the old SKU and the first of the new,990.2,minutes,990.2,,,,,,,bottle nahi hai,crossed a day boundary - includes the overnight shutdown,,,,,,,,VERIFIED-live,from FG0000114 (POMACE OLIVE 2 LTR 10 PCS HANDLE) -> FG0000074 (EXTRA VIRGIN OLIVE 5 LTR TIN 4 PCS IMPORTED); stopped 2026-07-24 17:33 restarted 2026-07-25 10:03
CHANGEOVER,JIVO_OIL,2026-08-30T22:04:16+05:30,2026-07-27,6 Head,101,,FG0000038,MUSTARD KACCHI GHANI 2 LTR 10 PCS,,,minutes the line was down between the last piece of the old SKU and the first of the new,2403.7,minutes,2403.7,,,,,,,complete time,crossed a day boundary - includes the overnight shutdown,,,,,,,,VERIFIED-live,from FG0000074 (EXTRA VIRGIN OLIVE 5 LTR TIN 4 PCS IMPORTED) -> FG0000038 (MUSTARD KACCHI GHANI 2 LTR 10 PCS); stopped 2026-07-25 19:21 restarted 2026-07-27 11:24
CHANGEOVER,JIVO_OIL,2026-08-30T22:04:16+05:30,2026-07-28,6 Head,104,,FG0000008,POMACE OLIVE 5 LTR TIN 4 PCS,,,minutes the line was down between the last piece of the old SKU and the first of the new,891.8,minutes,891.8,,,,,,,complete production,crossed a day boundary - includes the overnight shutdown,,,,,,,,VERIFIED-live,from FG0000038 (MUSTARD KACCHI GHANI 2 LTR 10 PCS) -> FG0000008 (POMACE OLIVE 5 LTR TIN 4 PCS); stopped 2026-07-27 18:56 restarted 2026-07-28 09:48
CHANGEOVER,JIVO_OIL,2026-08-30T22:04:16+05:30,2026-07-29,6 Head,110,,FG0000306,YELLOW MUSTARD OIL 1 LTR 20 PCS,,,minutes the line was down between the last piece of the old SKU and the first of the new,1294.4,minutes,1294.4,,,,,,,,crossed a day boundary - includes the overnight shutdown,,,,,,,,VERIFIED-live,from FG0000008 (POMACE OLIVE 5 LTR TIN 4 PCS) -> FG0000306 (YELLOW MUSTARD OIL 1 LTR 20 PCS); stopped 2026-07-28 12:08 restarted 2026-07-29 09:42
CHANGEOVER,JIVO_OIL,2026-08-30T22:04:16+05:30,2026-07-30,6 Head,118,,FG0000374,YELLOW MUSTARD OIL 5 LTR TIN 4 PCS,,,minutes the line was down between the last piece of the old SKU and the first of the new,773.1,minutes,773.1,,,,,,,colse,crossed a day boundary - includes the overnight shutdown,,,,,,,,VERIFIED-live,from FG0000306 (YELLOW MUSTARD OIL 1 LTR 20 PCS) -> FG0000374 (YELLOW MUSTARD OIL 5 LTR TIN 4 PCS); stopped 2026-07-29 19:15 restarted 2026-07-30 08:09
CHANGEOVER,JIVO_OIL,2026-08-30T22:04:16+05:30,2026-07-31,6 Head,126,,FG0000043,COLD PRESS 3 LTR 6 PCS,,,minutes the line was down between the last piece of the old SKU and the first of the new,866.5,minutes,866.5,,,,,,,close,crossed a day boundary - includes the overnight shutdown,,,,,,,,VERIFIED-live,from FG0000306 (YELLOW MUSTARD OIL 1 LTR 20 PCS) -> FG0000043 (COLD PRESS 3 LTR 6 PCS); stopped 2026-07-30 19:11 restarted 2026-07-31 09:37
CHANGEOVER,JIVO_OIL,2026-08-30T22:04:16+05:30,2026-08-01,6 Head,130,,FG0000043,COLD PRESS 3 LTR 6 PCS,,,minutes the line was down between the last piece of the old SKU and the first of the new,2.1,minutes,2.1,,,,,,,lunch time,within same day,,,,,,,,VERIFIED-live,from FG0000020 (REFINED OIL 5 LTR) -> FG0000043 (COLD PRESS 3 LTR 6 PCS); stopped 2026-08-01 13:32 restarted 2026-08-01 13:34
CHANGEOVER,JIVO_OIL,2026-08-30T22:04:16+05:30,2026-08-01,6 Head,131,,FG0000020,REFINED OIL 5 LTR,,,minutes the line was down between the last piece of the old SKU and the first of the new,45.9,minutes,45.9,,,,,,,close,within same day,,,,,,,,VERIFIED-live,from FG0000043 (COLD PRESS 3 LTR 6 PCS) -> FG0000020 (REFINED OIL 5 LTR); stopped 2026-08-01 13:35 restarted 2026-08-01 14:20
CHANGEOVER,JIVO_OIL,2026-08-30T22:04:16+05:30,2026-08-03,6 Head,137,,FG0000399,JIVO KACHI GHANI COLD PRESSED MUSTARD OIL 5 LTR 4 PCS ( CSD ),,,minutes the line was down between the last piece of the old SKU and the first of the new,2399.8,minutes,2399.8,,,,,,,close,crossed a day boundary - includes the overnight shutdown,,,,,,,,VERIFIED-live,from FG0000020 (REFINED OIL 5 LTR) -> FG0000399 (JIVO KACHI GHANI COLD PRESSED MUSTARD OIL 5 LTR 4 PCS ( CSD )); stopped 2026-08-01 17:17 restarted 2026-08-03 09:16
CHANGEOVER,JIVO_OIL,2026-08-30T22:04:16+05:30,2026-08-03,6 Head,141,,FG0000011,MUSTARD KACCHI GHANI 5 LTR 4 PCS,,,minutes the line was down between the last piece of the old SKU and the first of the new,63.3,minutes,63.3,,,,,,,,within same day,,,,,,,,VERIFIED-live,from FG0000399 (JIVO KACHI GHANI COLD PRESSED MUSTARD OIL 5 LTR 4 PCS ( CSD )) -> FG0000011 (MUSTARD KACCHI GHANI 5 LTR 4 PCS); stopped 2026-08-03 11:45 restarted 2026-08-03 12:49
CHANGEOVER,JIVO_OIL,2026-08-30T22:04:16+05:30,2026-08-04,6 Head,149,,FG0000043,COLD PRESS 3 LTR 6 PCS,,,minutes the line was down between the last piece of the old SKU and the first of the new,867.7,minutes,867.7,,,,,,,colse,crossed a day boundary - includes the overnight shutdown,,,,,,,,VERIFIED-live,from FG0000142 (COLD PRESS GROUNDNUT OIL 1 LTR 16 PCS) -> FG0000043 (COLD PRESS 3 LTR 6 PCS); stopped 2026-08-03 19:32 restarted 2026-08-04 09:59
CHANGEOVER,JIVO_OIL,2026-08-30T22:04:16+05:30,2026-08-04,6 Head,151,,FG0000070,COLD PRESS 2 LTR 10 PCS HANDLE,,,minutes the line was down between the last piece of the old SKU and the first of the new,79.0,minutes,79.0,,,,,,,tea time,within same day,,,,,,,,VERIFIED-live,from FG0000043 (COLD PRESS 3 LTR 6 PCS) -> FG0000070 (COLD PRESS 2 LTR 10 PCS HANDLE); stopped 2026-08-04 16:03 restarted 2026-08-04 17:22
CHANGEOVER,JIVO_OIL,2026-08-30T22:04:16+05:30,2026-08-05,6 Head,157,,FG0000070,COLD PRESS 2 LTR 10 PCS HANDLE,,,minutes the line was down between the last piece of the old SKU and the first of the new,782.7,minutes,782.7,,,,,,,colse,crossed a day boundary - includes the overnight shutdown,,,,,,,,VERIFIED-live,from FG0000043 (COLD PRESS 3 LTR 6 PCS) -> FG0000070 (COLD PRESS 2 LTR 10 PCS HANDLE); stopped 2026-08-04 19:11 restarted 2026-08-05 08:14
CHANGEOVER,JIVO_OIL,2026-08-30T22:04:16+05:30,2026-08-06,6 Head,165,,FG0000306,YELLOW MUSTARD OIL 1 LTR 20 PCS,,,minutes the line was down between the last piece of the old SKU and the first of the new,938.4,minutes,938.4,,,,,,,STOP,crossed a day boundary - includes the overnight shutdown,,,,,,,,VERIFIED-live,from FG0000070 (COLD PRESS 2 LTR 10 PCS HANDLE) -> FG0000306 (YELLOW MUSTARD OIL 1 LTR 20 PCS); stopped 2026-08-05 17:13 restarted 2026-08-06 08:52
CHANGEOVER,JIVO_OIL,2026-08-30T22:04:16+05:30,2026-08-10,6 Head,186,,FG0000226,RICE BRAN OIL 5 LTR 4 PCS,,,minutes the line was down between the last piece of the old SKU and the first of the new,2677.5,minutes,2677.5,,,,,,,colse,crossed a day boundary - includes the overnight shutdown,,,,,,,,VERIFIED-live,from FG0000142 (COLD PRESS GROUNDNUT OIL 1 LTR 16 PCS) -> FG0000226 (RICE BRAN OIL 5 LTR 4 PCS); stopped 2026-08-08 19:58 restarted 2026-08-10 16:36
CHANGEOVER,JIVO_OIL,2026-08-30T22:04:16+05:30,2026-08-12,6 Head,198,,FG0000053,COLD PRESS SUNFLOWER 5 LTR 4 PCS,,,minutes the line was down between the last piece of the old SKU and the first of the new,918.8,minutes,918.8,,,,,,,,crossed a day boundary - includes the overnight shutdown,,,,,,,,VERIFIED-live,from FG0000143 (COLD PRESS GROUNDNUT OIL 5 LTR 4 PCS) -> FG0000053 (COLD PRESS SUNFLOWER 5 LTR 4 PCS); stopped 2026-08-11 17:09 restarted 2026-08-12 08:28
CHANGEOVER,JIVO_OIL,2026-08-30T22:04:16+05:30,2026-08-17,6 Head,214,,FG0000011,MUSTARD KACCHI GHANI 5 LTR 4 PCS,,,minutes the line was down between the last piece of the old SKU and the first of the new,3522.0,minutes,3522.0,,,,,,,colse,crossed a day boundary - includes the overnight shutdown,,,,,,,,VERIFIED-live,from FG0000038 (MUSTARD KACCHI GHANI 2 LTR 10 PCS) -> FG0000011 (MUSTARD KACCHI GHANI 5 LTR 4 PCS); stopped 2026-08-14 22:12 restarted 2026-08-17 08:54
CHANGEOVER,JIVO_OIL,2026-08-30T22:04:16+05:30,2026-08-19,6 Head,227,,FG0000012,MUSTARD PAKKI GHANI 5 LTR 4 PCS,,,minutes the line was down between the last piece of the old SKU and the first of the new,587.7,minutes,587.7,,,,,,,close,crossed a day boundary - includes the overnight shutdown,,,,,,,,VERIFIED-live,from FG0000011 (MUSTARD KACCHI GHANI 5 LTR 4 PCS) -> FG0000012 (MUSTARD PAKKI GHANI 5 LTR 4 PCS); stopped 2026-08-18 22:05 restarted 2026-08-19 07:53
CHANGEOVER,JIVO_OIL,2026-08-30T22:04:16+05:30,2026-08-22,6 Head,246,,FG0000151,SANO POMACE OLIVE 5 LTR TIN 4 PCS,,,minutes the line was down between the last piece of the old SKU and the first of the new,29.4,minutes,29.4,,,,,,,TEA TIME,within same day,,,,,,,,VERIFIED-live,from FG0000008 (POMACE OLIVE 5 LTR TIN 4 PCS) -> FG0000151 (SANO POMACE OLIVE 5 LTR TIN 4 PCS); stopped 2026-08-22 16:09 restarted 2026-08-22 16:38
CHANGEOVER,JIVO_OIL,2026-08-30T22:04:16+05:30,2026-08-24,6 Head,249,,FG0000128,JIVO GOLD 5 LTR 4 PCS,,,minutes the line was down between the last piece of the old SKU and the first of the new,1657.9,minutes,1657.9,,,,,,,colse,crossed a day boundary - includes the overnight shutdown,,,,,,,,VERIFIED-live,from FG0000008 (POMACE OLIVE 5 LTR TIN 4 PCS) -> FG0000128 (JIVO GOLD 5 LTR 4 PCS); stopped 2026-08-23 08:59 restarted 2026-08-24 12:37
CHANGEOVER,JIVO_OIL,2026-08-30T22:04:16+05:30,2026-08-25,6 Head,262,,FG0000320,YELLOW MUSTARD OIL 1 LTR 16 PCS,,,minutes the line was down between the last piece of the old SKU and the first of the new,95.9,minutes,95.9,,,,,,,tea time,within same day,,,,,,,,VERIFIED-live,from FG0000374 (YELLOW MUSTARD OIL 5 LTR TIN 4 PCS) -> FG0000320 (YELLOW MUSTARD OIL 1 LTR 16 PCS); stopped 2026-08-25 16:13 restarted 2026-08-25 17:49
CHANGEOVER,JIVO_OIL,2026-08-30T22:04:16+05:30,2026-08-26,6 Head,267,,FG0000043,COLD PRESS 3 LTR 6 PCS,,,minutes the line was down between the last piece of the old SKU and the first of the new,792.7,minutes,792.7,,,,,,,colse,crossed a day boundary - includes the overnight shutdown,,,,,,,,VERIFIED-live,from FG0000320 (YELLOW MUSTARD OIL 1 LTR 16 PCS) -> FG0000043 (COLD PRESS 3 LTR 6 PCS); stopped 2026-08-25 20:40 restarted 2026-08-26 09:53
CHANGEOVER,JIVO_OIL,2026-08-30T22:04:16+05:30,2026-08-27,6 Head,272,,FG0000151,SANO POMACE OLIVE 5 LTR TIN 4 PCS,,,minutes the line was down between the last piece of the old SKU and the first of the new,1313.9,minutes,1313.9,,,,,,,TEA TIME,crossed a day boundary - includes the overnight shutdown,,,,,,,,VERIFIED-live,from FG0000320 (YELLOW MUSTARD OIL 1 LTR 16 PCS) -> FG0000151 (SANO POMACE OLIVE 5 LTR TIN 4 PCS); stopped 2026-08-26 11:05 restarted 2026-08-27 08:59
CHANGEOVER,JIVO_OIL,2026-08-30T22:04:16+05:30,2026-08-29,6 Head,278,,FG0000008,POMACE OLIVE 5 LTR TIN 4 PCS,,,minutes the line was down between the last piece of the old SKU and the first of the new,2440.2,minutes,2440.2,,,,,,,colse,crossed a day boundary - includes the overnight shutdown,,,,,,,,VERIFIED-live,from FG0000151 (SANO POMACE OLIVE 5 LTR TIN 4 PCS) -> FG0000008 (POMACE OLIVE 5 LTR TIN 4 PCS); stopped 2026-08-27 19:02 restarted 2026-08-29 11:42
CHANGEOVER,JIVO_OIL,2026-08-30T22:04:16+05:30,2026-08-30,6 Head,282,,FG0000151,SANO POMACE OLIVE 5 LTR TIN 4 PCS,,,minutes the line was down between the last piece of the old SKU and the first of the new,92.5,minutes,92.5,,,,,,,Close,crossed a day boundary - includes the overnight shutdown,,,,,,,,VERIFIED-live,from FG0000008 (POMACE OLIVE 5 LTR TIN 4 PCS) -> FG0000151 (SANO POMACE OLIVE 5 LTR TIN 4 PCS); stopped 2026-08-30 07:56 restarted 2026-08-30 09:29
CHANGEOVER,JIVO_OIL,2026-08-30T22:04:16+05:30,2026-08-30,6 Head,283,,FG0000374,YELLOW MUSTARD OIL 5 LTR TIN 4 PCS,,,minutes the line was down between the last piece of the old SKU and the first of the new,7.6,minutes,7.6,,,,,,,Close,within same day,,,,,,,,VERIFIED-live,from FG0000151 (SANO POMACE OLIVE 5 LTR TIN 4 PCS) -> FG0000374 (YELLOW MUSTARD OIL 5 LTR TIN 4 PCS); stopped 2026-08-30 09:32 restarted 2026-08-30 09:40
CHANGEOVER,JIVO_OIL,2026-08-30T22:04:16+05:30,2026-07-14,Clear Pack,21,,FG0000053,COLD PRESS SUNFLOWER 5 LTR 4 PCS,,,minutes the line was down between the last piece of the old SKU and the first of the new,5596.9,minutes,5596.9,,,,,,,,crossed a day boundary - includes the overnight shutdown,,,,,,,,VERIFIED-live,from FG0000142 (COLD PRESS GROUNDNUT OIL 1 LTR 16 PCS) -> FG0000053 (COLD PRESS SUNFLOWER 5 LTR 4 PCS); stopped 2026-07-10 11:24 restarted 2026-07-14 08:40
CHANGEOVER,JIVO_OIL,2026-08-30T22:04:16+05:30,2026-07-15,Clear Pack,31,,FG0000004,COLD PRESS 5 LTR 4 PCS,,,minutes the line was down between the last piece of the old SKU and the first of the new,44.5,minutes,44.5,,,,,,,Machine ka screen nahin kam kar raha tha,within same day,,,,,,,,VERIFIED-live,from FG0000053 (COLD PRESS SUNFLOWER 5 LTR 4 PCS) -> FG0000004 (COLD PRESS 5 LTR 4 PCS); stopped 2026-07-15 10:45 restarted 2026-07-15 11:30
CHANGEOVER,JIVO_OIL,2026-08-30T22:04:16+05:30,2026-07-15,Clear Pack,28,,FG0000053,COLD PRESS SUNFLOWER 5 LTR 4 PCS,,,minutes the line was down between the last piece of the old SKU and the first of the new,19.2,minutes,19.2,,,,,,,Change over sunflower,within same day,,,,,,,,VERIFIED-live,from FG0000004 (COLD PRESS 5 LTR 4 PCS) -> FG0000053 (COLD PRESS SUNFLOWER 5 LTR 4 PCS); stopped 2026-07-15 13:49 restarted 2026-07-15 14:09
CHANGEOVER,JIVO_OIL,2026-08-30T22:04:16+05:30,2026-07-16,Clear Pack,41,,FG0000004,COLD PRESS 5 LTR 4 PCS,,,minutes the line was down between the last piece of the old SKU and the first of the new,809.7,minutes,809.7,,,,,,,,crossed a day boundary - includes the overnight shutdown,,,,,,,,VERIFIED-live,from FG0000053 (COLD PRESS SUNFLOWER 5 LTR 4 PCS) -> FG0000004 (COLD PRESS 5 LTR 4 PCS); stopped 2026-07-15 19:00 restarted 2026-07-16 08:30
CHANGEOVER,JIVO_OIL,2026-08-30T22:04:16+05:30,2026-07-21,Clear Pack,57,,FG0000081,COLD PRESS SUNFLOWER 1 LTR 20 PCS,,,minutes the line was down between the last piece of the old SKU and the first of the new,6978.5,minutes,6978.5,,,,,,,,crossed a day boundary - includes the overnight shutdown,,,,,,,,VERIFIED-live,from FG0000004 (COLD PRESS 5 LTR 4 PCS) -> FG0000081 (COLD PRESS SUNFLOWER 1 LTR 20 PCS); stopped 2026-07-16 18:45 restarted 2026-07-21 15:03
CHANGEOVER,JIVO_OIL,2026-08-30T22:04:16+05:30,2026-07-23,Clear Pack,73,,FG0000407,COLD PRESS 1 LTR (NIRMAL RISHI )20 PCS,,,minutes the line was down between the last piece of the old SKU and the first of the new,1039.5,minutes,1039.5,,,,,,,Change ho gaye,crossed a day boundary - includes the overnight shutdown,,,,,,,,VERIFIED-live,from FG0000081 (COLD PRESS SUNFLOWER 1 LTR 20 PCS) -> FG0000407 (COLD PRESS 1 LTR (NIRMAL RISHI )20 PCS); stopped 2026-07-22 14:55 restarted 2026-07-23 08:15
CHANGEOVER,JIVO_OIL,2026-08-30T22:04:16+05:30,2026-07-24,Clear Pack,78,,FG0000088,COLD PRESS 1 LTR +1 LTR COMBO 10 SET PLAIN,,,minutes the line was down between the last piece of the old SKU and the first of the new,798.4,minutes,798.4,,,,,,,,crossed a day boundary - includes the overnight shutdown,,,,,,,,VERIFIED-live,from FG0000407 (COLD PRESS 1 LTR (NIRMAL RISHI )20 PCS) -> FG0000088 (COLD PRESS 1 LTR +1 LTR COMBO 10 SET PLAIN); stopped 2026-07-23 18:56 restarted 2026-07-24 08:15
CHANGEOVER,JIVO_OIL,2026-08-30T22:04:16+05:30,2026-07-27,Clear Pack,99,,FG0000004,COLD PRESS 5 LTR 4 PCS,,,minutes the line was down between the last piece of the old SKU and the first of the new,2391.3,minutes,2391.3,,,,,,,complete time,crossed a day boundary - includes the overnight shutdown,,,,,,,,VERIFIED-live,from FG0000033 (COLD PRESS 1 LTR + 1 LTR COMBO 10 SET) -> FG0000004 (COLD PRESS 5 LTR 4 PCS); stopped 2026-07-25 19:15 restarted 2026-07-27 11:06
CHANGEOVER,JIVO_OIL,2026-08-30T22:04:16+05:30,2026-07-29,Clear Pack,113,,FB0000016,COLD PRESS 5 LTR 4 PCS,,,minutes the line was down between the last piece of the old SKU and the first of the new,1200.4,minutes,1200.4,,,,,,,colse,crossed a day boundary - includes the overnight shutdown,,,,,,,,VERIFIED-live,from FG0000004 (COLD PRESS 5 LTR 4 PCS) -> FB0000016 (COLD PRESS 5 LTR 4 PCS); stopped 2026-07-28 19:36 restarted 2026-07-29 15:36
CHANGEOVER,JIVO_OIL,2026-08-30T22:04:16+05:30,2026-07-30,Clear Pack,115,,FG0000004,COLD PRESS 5 LTR 4 PCS,,,minutes the line was down between the last piece of the old SKU and the first of the new,775.5,minutes,775.5,,,,,,,close,crossed a day boundary - includes the overnight shutdown,,,,,,,,VERIFIED-live,from FB0000016 (COLD PRESS 5 LTR 4 PCS) -> FG0000004 (COLD PRESS 5 LTR 4 PCS); stopped 2026-07-29 19:07 restarted 2026-07-30 08:02
CHANGEOVER,JIVO_OIL,2026-08-30T22:04:16+05:30,2026-07-30,Clear Pack,122,,FG0000032,COLD PRESS 1 LTR 20 PCS,,,minutes the line was down between the last piece of the old SKU and the first of the new,336.8,minutes,336.8,,,,,,,,within same day,,,,,,,,VERIFIED-live,from FG0000004 (COLD PRESS 5 LTR 4 PCS) -> FG0000032 (COLD PRESS 1 LTR 20 PCS); stopped 2026-07-30 09:59 restarted 2026-07-30 15:36
CHANGEOVER,JIVO_OIL,2026-08-30T22:04:16+05:30,2026-08-01,Clear Pack,133,,FG0000013,REFINED OIL 1000 MLS,,,minutes the line was down between the last piece of the old SKU and the first of the new,1349.8,minutes,1349.8,,,,,,,close,crossed a day boundary - includes the overnight shutdown,,,,,,,,VERIFIED-live,from FG0000032 (COLD PRESS 1 LTR 20 PCS) -> FG0000013 (REFINED OIL 1000 MLS); stopped 2026-07-31 19:06 restarted 2026-08-01 17:36
CHANGEOVER,JIVO_OIL,2026-08-30T22:04:16+05:30,2026-08-03,Clear Pack,142,,FG0000081,COLD PRESS SUNFLOWER 1 LTR 20 PCS,,,minutes the line was down between the last piece of the old SKU and the first of the new,49.9,minutes,49.9,,,,,,,close,within same day,,,,,,,,VERIFIED-live,from FG0000032 (COLD PRESS 1 LTR 20 PCS) -> FG0000081 (COLD PRESS SUNFLOWER 1 LTR 20 PCS); stopped 2026-08-03 14:49 restarted 2026-08-03 15:39
CHANGEOVER,JIVO_OIL,2026-08-30T22:04:16+05:30,2026-08-03,Clear Pack,144,,FG0000091,COLD PRESS SUNFLOWER 1 LTR +1 LTR COMBO 10 SET PLAIN,,,minutes the line was down between the last piece of the old SKU and the first of the new,39.4,minutes,39.4,,,,,,,colse,crossed a day boundary - includes the overnight shutdown,,,,,,,,VERIFIED-live,from FG0000032 (COLD PRESS 1 LTR 20 PCS) -> FG0000091 (COLD PRESS SUNFLOWER 1 LTR +1 LTR COMBO 10 SET PLAIN); stopped 2026-08-03 15:41 restarted 2026-08-03 16:21
CHANGEOVER,JIVO_OIL,2026-08-30T22:04:16+05:30,2026-08-06,Clear Pack,162,,FG0000004,COLD PRESS 5 LTR 4 PCS,,,minutes the line was down between the last piece of the old SKU and the first of the new,920.4,minutes,920.4,,,,,,,STOP,crossed a day boundary - includes the overnight shutdown,,,,,,,,VERIFIED-live,from FG0000091 (COLD PRESS SUNFLOWER 1 LTR +1 LTR COMBO 10 SET PLAIN) -> FG0000004 (COLD PRESS 5 LTR 4 PCS); stopped 2026-08-05 17:17 restarted 2026-08-06 08:37
CHANGEOVER,JIVO_OIL,2026-08-30T22:04:16+05:30,2026-08-10,Clear Pack,184,,FG0000081,COLD PRESS SUNFLOWER 1 LTR 20 PCS,,,minutes the line was down between the last piece of the old SKU and the first of the new,4032.9,minutes,4032.9,,,,,,,colse,crossed a day boundary - includes the overnight shutdown,,,,,,,,VERIFIED-live,from FG0000143 (COLD PRESS GROUNDNUT OIL 5 LTR 4 PCS) -> FG0000081 (COLD PRESS SUNFLOWER 1 LTR 20 PCS); stopped 2026-08-07 20:33 restarted 2026-08-10 15:46
CHANGEOVER,JIVO_OIL,2026-08-30T22:04:16+05:30,2026-08-12,Clear Pack,197,,FG0000429,MUSTARD KACHI GHANI 1 LTR + 1 LTR COMBO 10 SET PLAIN,,,minutes the line was down between the last piece of the old SKU and the first of the new,797.1,minutes,797.1,,,,,,,colse,crossed a day boundary - includes the overnight shutdown,,,,,,,,VERIFIED-live,from FG0000081 (COLD PRESS SUNFLOWER 1 LTR 20 PCS) -> FG0000429 (MUSTARD KACHI GHANI 1 LTR + 1 LTR COMBO 10 SET PLAIN); stopped 2026-08-11 19:11 restarted 2026-08-12 08:28
CHANGEOVER,JIVO_OIL,2026-08-30T22:04:16+05:30,2026-08-17,Clear Pack,213,,FG0000081,COLD PRESS SUNFLOWER 1 LTR 20 PCS,,,minutes the line was down between the last piece of the old SKU and the first of the new,3522.8,minutes,3522.8,,,,,,,colse,crossed a day boundary - includes the overnight shutdown,,,,,,,,VERIFIED-live,from FG0000429 (MUSTARD KACHI GHANI 1 LTR + 1 LTR COMBO 10 SET PLAIN) -> FG0000081 (COLD PRESS SUNFLOWER 1 LTR 20 PCS); stopped 2026-08-14 22:11 restarted 2026-08-17 08:54
CHANGEOVER,JIVO_OIL,2026-08-30T22:04:16+05:30,2026-08-20,Clear Pack,234,,FG0000053,COLD PRESS SUNFLOWER 5 LTR 4 PCS,,,minutes the line was down between the last piece of the old SKU and the first of the new,760.4,minutes,760.4,,,,,,,colse,crossed a day boundary - includes the overnight shutdown,,,,,,,,VERIFIED-live,from FG0000081 (COLD PRESS SUNFLOWER 1 LTR 20 PCS) -> FG0000053 (COLD PRESS SUNFLOWER 5 LTR 4 PCS); stopped 2026-08-19 19:50 restarted 2026-08-20 08:30
CHANGEOVER,JIVO_OIL,2026-08-30T22:04:16+05:30,2026-08-25,Clear Pack,252,,FG0000143,COLD PRESS GROUNDNUT OIL 5 LTR 4 PCS,,,minutes the line was down between the last piece of the old SKU and the first of the new,600.3,minutes,600.3,,,,,,,colse,crossed a day boundary - includes the overnight shutdown,,,,,,,,VERIFIED-live,from FG0000004 (COLD PRESS 5 LTR 4 PCS) -> FG0000143 (COLD PRESS GROUNDNUT OIL 5 LTR 4 PCS); stopped 2026-08-24 23:12 restarted 2026-08-25 09:13
CHANGEOVER,JIVO_OIL,2026-08-30T22:04:16+05:30,2026-08-27,Clear Pack,271,,FG0000407,COLD PRESS 1 LTR (NIRMAL RISHI )20 PCS,,,minutes the line was down between the last piece of the old SKU and the first of the new,1315.0,minutes,1315.0,,,,,,,TEA TIME,crossed a day boundary - includes the overnight shutdown,,,,,,,,VERIFIED-live,from FG0000143 (COLD PRESS GROUNDNUT OIL 5 LTR 4 PCS) -> FG0000407 (COLD PRESS 1 LTR (NIRMAL RISHI )20 PCS); stopped 2026-08-26 11:04 restarted 2026-08-27 08:59
CHANGEOVER,JIVO_OIL,2026-08-30T22:04:16+05:30,2026-08-29,Clear Pack,275,,FG0000028,POMACE OLIVE 1 LTR 16 PCS,,,minutes the line was down between the last piece of the old SKU and the first of the new,2442.5,minutes,2442.5,,,,,,,close,crossed a day boundary - includes the overnight shutdown,,,,,,,,VERIFIED-live,from FG0000407 (COLD PRESS 1 LTR (NIRMAL RISHI )20 PCS) -> FG0000028 (POMACE OLIVE 1 LTR 16 PCS); stopped 2026-08-27 19:01 restarted 2026-08-29 11:44
CHANGEOVER,JIVO_OIL,2026-08-30T22:04:16+05:30,2026-08-30,Clear Pack,279,,FG0000150,SANO POMACE OLIVE 1 LTR 16 PCS,,,minutes the line was down between the last piece of the old SKU and the first of the new,93.9,minutes,93.9,,,,,,,Close,crossed a day boundary - includes the overnight shutdown,,,,,,,,VERIFIED-live,from FG0000028 (POMACE OLIVE 1 LTR 16 PCS) -> FG0000150 (SANO POMACE OLIVE 1 LTR 16 PCS); stopped 2026-08-30 07:56 restarted 2026-08-30 09:29
CHANGEOVER,JIVO_OIL,2026-08-30T22:04:16+05:30,2026-07-15,JP Machine,29,,FG0000030,MUSTARD KACHI GHANI 1 LTR 20 PCS,,,minutes the line was down between the last piece of the old SKU and the first of the new,6987.1,minutes,6987.1,,,,,,,,crossed a day boundary - includes the overnight shutdown,,,,,,,,VERIFIED-live,from FG0000142 (COLD PRESS GROUNDNUT OIL 1 LTR 16 PCS) -> FG0000030 (MUSTARD KACHI GHANI 1 LTR 20 PCS); stopped 2026-07-10 12:03 restarted 2026-07-15 08:30
CHANGEOVER,JIVO_OIL,2026-08-30T22:04:16+05:30,2026-07-21,JP Machine,58,,FG0000379,MUSTARD KACHI GHANI 1 LTR 20 PCS ROUND BOTTLE,,,minutes the line was down between the last piece of the old SKU and the first of the new,7184.7,minutes,7184.7,,,,,,,Canwar ka seti kar rha hai,crossed a day boundary - includes the overnight shutdown,,,,,,,,VERIFIED-live,from FG0000030 (MUSTARD KACHI GHANI 1 LTR 20 PCS) -> FG0000379 (MUSTARD KACHI GHANI 1 LTR 20 PCS ROUND BOTTLE); stopped 2026-07-16 15:23 restarted 2026-07-21 15:08
CHANGEOVER,JIVO_OIL,2026-08-30T22:04:16+05:30,2026-07-23,JP Machine,75,,FG0000422,JIVO MUSTARD KACCHI GHANI 869 GMS 20 PCS,,,minutes the line was down between the last piece of the old SKU and the first of the new,1121.6,minutes,1121.6,,,,,,,Line chej ovar 869 mustard kachi ghani,crossed a day boundary - includes the overnight shutdown,,,,,,,,VERIFIED-live,from FG0000379 (MUSTARD KACHI GHANI 1 LTR 20 PCS ROUND BOTTLE) -> FG0000422 (JIVO MUSTARD KACCHI GHANI 869 GMS 20 PCS); stopped 2026-07-22 13:52 restarted 2026-07-23 08:34
CHANGEOVER,JIVO_OIL,2026-08-30T22:04:16+05:30,2026-07-27,JP Machine,98,,FG0000379,MUSTARD KACHI GHANI 1 LTR 20 PCS ROUND BOTTLE,,,minutes the line was down between the last piece of the old SKU and the first of the new,5758.2,minutes,5758.2,,,,,,,Line stop chej ovar,crossed a day boundary - includes the overnight shutdown,,,,,,,,VERIFIED-live,from FG0000422 (JIVO MUSTARD KACCHI GHANI 869 GMS 20 PCS) -> FG0000379 (MUSTARD KACHI GHANI 1 LTR 20 PCS ROUND BOTTLE); stopped 2026-07-23 10:46 restarted 2026-07-27 10:44
CHANGEOVER,JIVO_OIL,2026-08-30T22:04:16+05:30,2026-07-28,JP Machine,105,,FG0000389,JIVO GOLD 1 LTR 20 PCS ROUND BOTTLE,,,minutes the line was down between the last piece of the old SKU and the first of the new,6.2,minutes,6.2,,,,,,,Should have stopped yesterday,crossed a day boundary - includes the overnight shutdown,,,,,,,,VERIFIED-live,from FG0000379 (MUSTARD KACHI GHANI 1 LTR 20 PCS ROUND BOTTLE) -> FG0000389 (JIVO GOLD 1 LTR 20 PCS ROUND BOTTLE); stopped 2026-07-28 10:21 restarted 2026-07-28 10:27
CHANGEOVER,JIVO_OIL,2026-08-30T22:04:16+05:30,2026-07-29,JP Machine,111,,FG0000136,SANO MUSTARD OIL 1 LTR 20 PCS,,,minutes the line was down between the last piece of the old SKU and the first of the new,960.8,minutes,960.8,,,,,,,band,crossed a day boundary - includes the overnight shutdown,,,,,,,,VERIFIED-live,from FG0000389 (JIVO GOLD 1 LTR 20 PCS ROUND BOTTLE) -> FG0000136 (SANO MUSTARD OIL 1 LTR 20 PCS); stopped 2026-07-28 19:20 restarted 2026-07-29 11:20
CHANGEOVER,JIVO_OIL,2026-08-30T22:04:16+05:30,2026-07-30,JP Machine,116,,FG0000142,COLD PRESS GROUNDNUT OIL 1 LTR 16 PCS,,,minutes the line was down between the last piece of the old SKU and the first of the new,1027.0,minutes,1027.0,,,,,,,,crossed a day boundary - includes the overnight shutdown,,,,,,,,VERIFIED-live,from FG0000136 (SANO MUSTARD OIL 1 LTR 20 PCS) -> FG0000142 (COLD PRESS GROUNDNUT OIL 1 LTR 16 PCS); stopped 2026-07-29 18:18 restarted 2026-07-30 11:26
CHANGEOVER,JIVO_OIL,2026-08-30T22:04:16+05:30,2026-08-03,JP Machine,145,,FG0000400,JIVO KACHI GHANI COLD PRESSED MUSTARD OIL1 LTR 20 PCS(CSD),,,minutes the line was down between the last piece of the old SKU and the first of the new,2713.7,minutes,2713.7,,,,,,,colse,crossed a day boundary - includes the overnight shutdown,,,,,,,,VERIFIED-live,from FG0000142 (COLD PRESS GROUNDNUT OIL 1 LTR 16 PCS) -> FG0000400 (JIVO KACHI GHANI COLD PRESSED MUSTARD OIL1 LTR 20 PCS(CSD)); stopped 2026-08-01 19:07 restarted 2026-08-03 16:21
CHANGEOVER,JIVO_OIL,2026-08-30T22:04:16+05:30,2026-08-04,JP Machine,147,,FG0000030,MUSTARD KACHI GHANI 1 LTR 20 PCS,,,minutes the line was down between the last piece of the old SKU and the first of the new,759.9,minutes,759.9,,,,,,,close,crossed a day boundary - includes the overnight shutdown,,,,,,,,VERIFIED-live,from FG0000400 (JIVO KACHI GHANI COLD PRESSED MUSTARD OIL1 LTR 20 PCS(CSD)) -> FG0000030 (MUSTARD KACHI GHANI 1 LTR 20 PCS); stopped 2026-08-03 19:31 restarted 2026-08-04 08:11
CHANGEOVER,JIVO_OIL,2026-08-30T22:04:16+05:30,2026-08-10,JP Machine,181,,FG0000379,MUSTARD KACHI GHANI 1 LTR 20 PCS ROUND BOTTLE,,,minutes the line was down between the last piece of the old SKU and the first of the new,2230.9,minutes,2230.9,,,,,,,colse,crossed a day boundary - includes the overnight shutdown,,,,,,,,VERIFIED-live,from FG0000030 (MUSTARD KACHI GHANI 1 LTR 20 PCS) -> FG0000379 (MUSTARD KACHI GHANI 1 LTR 20 PCS ROUND BOTTLE); stopped 2026-08-08 19:58 restarted 2026-08-10 09:09
CHANGEOVER,JIVO_OIL,2026-08-30T22:04:16+05:30,2026-08-10,JP Machine,181,,FG0000379,MUSTARD KACHI GHANI 1 LTR 20 PCS ROUND BOTTLE,,,minutes the line was down between the last piece of the old SKU and the first of the new,17.8,minutes,17.8,,,,,,,TEA TIME,within same day,,,,,,,,VERIFIED-live,from FG0000136 (SANO MUSTARD OIL 1 LTR 20 PCS) -> FG0000379 (MUSTARD KACHI GHANI 1 LTR 20 PCS ROUND BOTTLE); stopped 2026-08-10 16:09 restarted 2026-08-10 16:26
CHANGEOVER,JIVO_OIL,2026-08-30T22:04:16+05:30,2026-08-11,JP Machine,194,,FG0000030,MUSTARD KACHI GHANI 1 LTR 20 PCS,,,minutes the line was down between the last piece of the old SKU and the first of the new,47.5,minutes,47.5,,,,,,,,within same day,,,,,,,,VERIFIED-live,from FG0000136 (SANO MUSTARD OIL 1 LTR 20 PCS) -> FG0000030 (MUSTARD KACHI GHANI 1 LTR 20 PCS); stopped 2026-08-11 14:06 restarted 2026-08-11 14:53
CHANGEOVER,JIVO_OIL,2026-08-30T22:04:16+05:30,2026-08-18,JP Machine,218,,FG0000422,JIVO MUSTARD KACCHI GHANI 869 GMS 20 PCS,,,minutes the line was down between the last piece of the old SKU and the first of the new,765.5,minutes,765.5,,,,,,,colse,crossed a day boundary - includes the overnight shutdown,,,,,,,,VERIFIED-live,from FG0000030 (MUSTARD KACHI GHANI 1 LTR 20 PCS) -> FG0000422 (JIVO MUSTARD KACCHI GHANI 869 GMS 20 PCS); stopped 2026-08-17 21:52 restarted 2026-08-18 10:38
CHANGEOVER,JIVO_OIL,2026-08-30T22:04:16+05:30,2026-08-19,JP Machine,225,,FG0000030,MUSTARD KACHI GHANI 1 LTR 20 PCS,,,minutes the line was down between the last piece of the old SKU and the first of the new,585.8,minutes,585.8,,,,,,,colse,crossed a day boundary - includes the overnight shutdown,,,,,,,,VERIFIED-live,from FG0000422 (JIVO MUSTARD KACCHI GHANI 869 GMS 20 PCS) -> FG0000030 (MUSTARD KACHI GHANI 1 LTR 20 PCS); stopped 2026-08-18 22:07 restarted 2026-08-19 07:53
CHANGEOVER,JIVO_OIL,2026-08-30T22:04:16+05:30,2026-08-22,JP Machine,243,,FG0000031,MUSTARD PAKKI GHANI 1 LTR 20 PCS,,,minutes the line was down between the last piece of the old SKU and the first of the new,24.6,minutes,24.6,,,,,,,colse,crossed a day boundary - includes the overnight shutdown,,,,,,,,VERIFIED-live,from FG0000030 (MUSTARD KACHI GHANI 1 LTR 20 PCS) -> FG0000031 (MUSTARD PAKKI GHANI 1 LTR 20 PCS); stopped 2026-08-22 09:47 restarted 2026-08-22 10:12
CHANGEOVER,JIVO_OIL,2026-08-30T22:04:16+05:30,2026-08-24,JP Machine,247,,FG0000449,MUSTARD KACHI GHANI 200 ML 70 PCS,,,minutes the line was down between the last piece of the old SKU and the first of the new,1657.6,minutes,1657.6,,,,,,,colse,crossed a day boundary - includes the overnight shutdown,,,,,,,,VERIFIED-live,from FG0000031 (MUSTARD PAKKI GHANI 1 LTR 20 PCS) -> FG0000449 (MUSTARD KACHI GHANI 200 ML 70 PCS); stopped 2026-08-23 08:59 restarted 2026-08-24 12:37
CHANGEOVER,JIVO_OIL,2026-08-30T22:04:16+05:30,2026-08-25,JP Machine,253,,FG0000142,COLD PRESS GROUNDNUT OIL 1 LTR 16 PCS,,,minutes the line was down between the last piece of the old SKU and the first of the new,757.3,minutes,757.3,,,,,,,colse,crossed a day boundary - includes the overnight shutdown,,,,,,,,VERIFIED-live,from FG0000449 (MUSTARD KACHI GHANI 200 ML 70 PCS) -> FG0000142 (COLD PRESS GROUNDNUT OIL 1 LTR 16 PCS); stopped 2026-08-24 23:13 restarted 2026-08-25 11:50
CHANGEOVER,JIVO_OIL,2026-08-30T22:04:16+05:30,2026-08-25,JP Machine,259,,FG0000449,MUSTARD KACHI GHANI 200 ML 70 PCS,,,minutes the line was down between the last piece of the old SKU and the first of the new,13.1,minutes,13.1,,,,,,,LUNCH TIME,within same day,,,,,,,,VERIFIED-live,from FG0000142 (COLD PRESS GROUNDNUT OIL 1 LTR 16 PCS) -> FG0000449 (MUSTARD KACHI GHANI 200 ML 70 PCS); stopped 2026-08-25 13:23 restarted 2026-08-25 13:36
CHANGEOVER,JIVO_OIL,2026-08-30T22:04:16+05:30,2026-08-25,JP Machine,261,,FG0000030,MUSTARD KACHI GHANI 1 LTR 20 PCS,,,minutes the line was down between the last piece of the old SKU and the first of the new,96.5,minutes,96.5,,,,,,,tea time,within same day,,,,,,,,VERIFIED-live,from FG0000449 (MUSTARD KACHI GHANI 200 ML 70 PCS) -> FG0000030 (MUSTARD KACHI GHANI 1 LTR 20 PCS); stopped 2026-08-25 16:13 restarted 2026-08-25 17:49
CHANGEOVER,JIVO_OIL,2026-08-30T22:04:16+05:30,2026-08-26,JP Machine,266,,FG0000142,COLD PRESS GROUNDNUT OIL 1 LTR 16 PCS,,,minutes the line was down between the last piece of the old SKU and the first of the new,792.5,minutes,792.5,,,,,,,colse,crossed a day boundary - includes the overnight shutdown,,,,,,,,VERIFIED-live,from FG0000030 (MUSTARD KACHI GHANI 1 LTR 20 PCS) -> FG0000142 (COLD PRESS GROUNDNUT OIL 1 LTR 16 PCS); stopped 2026-08-25 20:40 restarted 2026-08-26 09:53
CHANGEOVER,JIVO_OIL,2026-08-30T22:04:16+05:30,2026-08-29,JP Machine,276,,FG0000030,MUSTARD KACHI GHANI 1 LTR 20 PCS,,,minutes the line was down between the last piece of the old SKU and the first of the new,2441.3,minutes,2441.3,,,,,,,colse,crossed a day boundary - includes the overnight shutdown,,,,,,,,VERIFIED-live,from FG0000142 (COLD PRESS GROUNDNUT OIL 1 LTR 16 PCS) -> FG0000030 (MUSTARD KACHI GHANI 1 LTR 20 PCS); stopped 2026-08-27 19:01 restarted 2026-08-29 11:42
CHANGEOVER,JIVO_OIL,2026-08-30T22:04:16+05:30,2026-08-04,Pouch Machine,150,,FG0000299,SOYABEAN OIL 700 GMS POUCH 12 PCS,,,minutes the line was down between the last piece of the old SKU and the first of the new,931.7,minutes,931.7,,,,,,,colse,crossed a day boundary - includes the overnight shutdown,,,,,,,,VERIFIED-live,from FG0000359 (SOYABEAN OIL 750 GMS 12 PCS POUCH) -> FG0000299 (SOYABEAN OIL 700 GMS POUCH 12 PCS); stopped 2026-08-03 19:28 restarted 2026-08-04 11:00
CHANGEOVER,JIVO_OIL,2026-08-30T22:04:16+05:30,2026-08-06,Pouch Machine,166,,FG0000359,SOYABEAN OIL 750 GMS 12 PCS POUCH,,,minutes the line was down between the last piece of the old SKU and the first of the new,787.6,minutes,787.6,,,,,,,,crossed a day boundary - includes the overnight shutdown,,,,,,,,VERIFIED-live,from FG0000299 (SOYABEAN OIL 700 GMS POUCH 12 PCS) -> FG0000359 (SOYABEAN OIL 750 GMS 12 PCS POUCH); stopped 2026-08-05 19:44 restarted 2026-08-06 08:52
CHANGEOVER,JIVO_OIL,2026-08-30T22:04:16+05:30,2026-08-14,Pouch Machine,209,,FG0000106,MUSTARD KACHHI GHANI 1 LTR POUCH 12 PCS,,,minutes the line was down between the last piece of the old SKU and the first of the new,11132.4,minutes,11132.4,,,,,,,,crossed a day boundary - includes the overnight shutdown,,,,,,,,VERIFIED-live,from FG0000359 (SOYABEAN OIL 750 GMS 12 PCS POUCH) -> FG0000106 (MUSTARD KACHHI GHANI 1 LTR POUCH 12 PCS); stopped 2026-08-06 14:55 restarted 2026-08-14 08:28
CHANGEOVER,JIVO_OIL,2026-08-30T22:04:16+05:30,2026-08-25,Pouch Machine,256,,FG0000021,REFINED OIL 1 LTR POUCH 12 PCS,,,minutes the line was down between the last piece of the old SKU and the first of the new,15062.5,minutes,15062.5,,,,,,,colse,crossed a day boundary - includes the overnight shutdown,,,,,,,,VERIFIED-live,from FG0000106 (MUSTARD KACHHI GHANI 1 LTR POUCH 12 PCS) -> FG0000021 (REFINED OIL 1 LTR POUCH 12 PCS); stopped 2026-08-14 22:13 restarted 2026-08-25 09:15
CHANGEOVER,JIVO_OIL,2026-08-30T22:04:16+05:30,2026-08-30,Pouch Machine,284,,FG0000194,SOYABEAN OIL 1 LTR POUCH 12 PCS,,,minutes the line was down between the last piece of the old SKU and the first of the new,6882.2,minutes,6882.2,,,,,,,tea time,crossed a day boundary - includes the overnight shutdown,,,,,,,,VERIFIED-live,from FG0000021 (REFINED OIL 1 LTR POUCH 12 PCS) -> FG0000194 (SOYABEAN OIL 1 LTR POUCH 12 PCS); stopped 2026-08-25 16:12 restarted 2026-08-30 10:54
CHANGEOVER,JIVO_OIL,2026-08-30T22:04:16+05:30,2026-07-25,Tin Head,84,,FG0000444,SOYABEAN OIL 12 KGS (B),,,minutes the line was down between the last piece of the old SKU and the first of the new,4451.5,minutes,4451.5,,,,,,,,crossed a day boundary - includes the overnight shutdown,,,,,,,,VERIFIED-live,from FG0000169 (REFINED COTTON SEED OIL 13 KGS) -> FG0000444 (SOYABEAN OIL 12 KGS (B)); stopped 2026-07-22 10:35 restarted 2026-07-25 12:46
CHANGEOVER,JIVO_OIL,2026-08-30T22:04:16+05:30,2026-08-18,Tin Head,222,,FG0000367,SANO POMACE OLIVE OIL 15 L,,,minutes the line was down between the last piece of the old SKU and the first of the new,34227.5,minutes,34227.5,,,,,,,complete time,crossed a day boundary - includes the overnight shutdown,,,,,,,,VERIFIED-live,from FG0000444 (SOYABEAN OIL 12 KGS (B)) -> FG0000367 (SANO POMACE OLIVE OIL 15 L); stopped 2026-07-25 19:19 restarted 2026-08-18 13:46
CHANGEOVER,JIVO_OIL,2026-08-30T22:04:16+05:30,2026-08-18,Tin Head,223,,FG0000015,REFINED OIL 15 LTR,,,minutes the line was down between the last piece of the old SKU and the first of the new,584.0,minutes,584.0,,,,,,,colse,within same day,,,,,,,,VERIFIED-live,from FG0000367 (SANO POMACE OLIVE OIL 15 L) -> FG0000015 (REFINED OIL 15 LTR); stopped 2026-08-18 22:04 restarted 2026-08-19 07:48
LINE_CLEARANCE,JIVO_OIL,2026-08-30T22:04:16+05:30,2026-05-04,10 Head,2,1,,,,,pre-production line clearance,DRAFT,,,,,,,,,,0 checkpoints not YES,supervisor_sign= qa_approved_by_user=None raised_by_user=19,9,,,,,,VERIFIED-live,"raised 2026-05-04T12:18:44; QA approved NEVER (+ min); line first produced never (+ min from raise, + min after QA); attachments=0; is_line_started=False; qa_remarks=''"
LINE_CLEARANCE,JIVO_OIL,2026-08-30T22:04:16+05:30,2026-05-04,10 Head,4,3,,,,,pre-production line clearance,CLEARED,,-4.9,,,,,,,,0 checkpoints not YES,supervisor_sign=jkjklk qa_approved_by_user=19 raised_by_user=19,9,,,,,,VERIFIED-live,"raised 2026-05-04T12:38:49; QA approved 2026-05-04T12:39:26.264669+05:30 (+0.6 min); line first produced 2026-05-04T12:33:58 (+-4.9 min from raise, +-5.5 min after QA); attachments=0; is_line_started=True; qa_remarks=''"
LINE_CLEARANCE,JIVO_OIL,2026-08-30T22:04:16+05:30,2026-05-26,10 Head,6,1,,,,,pre-production line clearance,CLEARED,,0.8,,,,,,,,all 9 checks YES,supervisor_sign=abcd qa_approved_by_user=19 raised_by_user=19,9,,,,,,VERIFIED-live,"raised 2026-05-26T12:40:20; QA approved 2026-05-26T12:40:57.143100+05:30 (+0.6 min); line first produced 2026-05-26T12:41:05 (+0.8 min from raise, +0.1 min after QA); attachments=0; is_line_started=True; qa_remarks=''"
LINE_CLEARANCE,JIVO_OIL,2026-08-30T22:04:16+05:30,2026-06-12,Tin Head,9,1,,,,,pre-production line clearance,CLEARED,,305.8,,,,,,,,all 9 checks YES,supervisor_sign=Ravi qa_approved_by_user=28 raised_by_user=24,9,,,,,,VERIFIED-live,"raised 2026-06-11T12:28:09; QA approved 2026-06-11T17:33:29.556264+05:30 (+305.3 min); line first produced 2026-06-11T17:33:55 (+305.8 min from raise, +0.4 min after QA); attachments=0; is_line_started=True; qa_remarks=''"
LINE_CLEARANCE,JIVO_OIL,2026-08-30T22:04:16+05:30,2026-07-10,Clear Pack,13,2,,,,,pre-production line clearance,CLEARED,,3.6,,,,,,,,all 9 checks YES,supervisor_sign=Rupesh qa_approved_by_user=19 raised_by_user=32,9,,,,,,VERIFIED-live,"raised 2026-07-10T11:19:32; QA approved 2026-07-10T11:22:39.746902+05:30 (+3.1 min); line first produced 2026-07-10T11:23:09 (+3.6 min from raise, +0.5 min after QA); attachments=0; is_line_started=True; qa_remarks=''"
LINE_CLEARANCE,JIVO_OIL,2026-08-30T22:04:16+05:30,2026-07-10,Clear Pack,13,2,,,,,pre-production line clearance,DRAFT,,2.6,,,,,,,"Previous product, labels and packaging materials removed; Machine/equipment cleaned and free from product residues; Utensils, scoops and accessories cleaned and available; Packaging area free from previous batch coding material; Work area (tables, conveyors, floor) cleaned and sanitized; Waste bins emptied and cleaned; Required packaging material verified against BOM; Coding machine updated with correct product/batch details; Environmental conditions (temperature/humidity) within limits",all 9 checks YES,supervisor_sign= qa_approved_by_user=None raised_by_user=32,9,,,,,,VERIFIED-live,"raised 2026-07-10T11:20:35; QA approved NEVER (+ min); line first produced 2026-07-10T11:23:09 (+2.6 min from raise, + min after QA); attachments=0; is_line_started=True; qa_remarks=''"
LINE_CLEARANCE,JIVO_OIL,2026-08-30T22:04:16+05:30,2026-07-10,JP Machine,14,3,,,,,pre-production line clearance,CLEARED,,1.2,,,,,,,,all 9 checks YES,supervisor_sign=Sudesh pradhan qa_approved_by_user=19 raised_by_user=33,9,,,,,,VERIFIED-live,"raised 2026-07-10T11:48:58; QA approved 2026-07-10T11:50:03.893797+05:30 (+1.1 min); line first produced 2026-07-10T11:50:13 (+1.2 min from raise, +0.2 min after QA); attachments=0; is_line_started=True; qa_remarks=''"
LINE_CLEARANCE,JIVO_OIL,2026-08-30T22:04:16+05:30,2026-07-10,10 Head,15,4,,,,,pre-production line clearance,CLEARED,,1.6,,,,,,,,all 9 checks YES,supervisor_sign=Ajeet qa_approved_by_user=19 raised_by_user=30,9,,,,,,VERIFIED-live,"raised 2026-07-10T12:52:59; QA approved 2026-07-10T12:53:55.371561+05:30 (+0.9 min); line first produced 2026-07-10T12:54:32 (+1.6 min from raise, +0.6 min after QA); attachments=0; is_line_started=True; qa_remarks=''"
LINE_CLEARANCE,JIVO_OIL,2026-08-30T22:04:16+05:30,2026-07-10,Clear Pack,16,5,,,,,pre-production line clearance,DRAFT,,,,,,,,,"Previous product, labels and packaging materials removed; Machine/equipment cleaned and free from product residues; Utensils, scoops and accessories cleaned and available; Packaging area free from previous batch coding material; Work area (tables, conveyors, floor) cleaned and sanitized; Waste bins emptied and cleaned; Required packaging material verified against BOM; Coding machine updated with correct product/batch details; Environmental conditions (temperature/humidity) within limits",all 9 checks YES,supervisor_sign= qa_approved_by_user=None raised_by_user=32,9,,,,,,VERIFIED-live,"raised 2026-07-10T14:34:59; QA approved NEVER (+ min); line first produced never (+ min from raise, + min after QA); attachments=0; is_line_started=False; qa_remarks=''"
LINE_CLEARANCE,JIVO_OIL,2026-08-30T22:04:16+05:30,2026-07-10,Clear Pack,17,6,,,,,pre-production line clearance,CLEARED,,,,,,,,,,all 9 checks YES,supervisor_sign=Test qa_approved_by_user=19 raised_by_user=19,9,,,,,,VERIFIED-live,"raised 2026-07-10T17:28:01; QA approved 2026-07-10T17:28:45.425732+05:30 (+0.7 min); line first produced never (+ min from raise, + min after QA); attachments=0; is_line_started=False; qa_remarks=''"
LINE_CLEARANCE,JIVO_OIL,2026-08-30T22:04:16+05:30,2026-07-13,Clear Pack,20,1,,,,,pre-production line clearance,SUBMITTED,,,,,,,,,,all 9 checks YES,supervisor_sign=Ravi qa_approved_by_user=None raised_by_user=24,9,,,,,,VERIFIED-live,"raised 2026-07-13T13:00:26; QA approved NEVER (+ min); line first produced never (+ min from raise, + min after QA); attachments=0; is_line_started=False; qa_remarks=''"
LINE_CLEARANCE,JIVO_OIL,2026-08-30T22:04:16+05:30,2026-07-08,10 Head,10,1,,,,,pre-production line clearance,SUBMITTED,,,,,,,,,,all 9 checks YES,supervisor_sign=Ravi qa_approved_by_user=None raised_by_user=24,9,,,,,,VERIFIED-live,"raised 2026-07-13T15:10:33; QA approved NEVER (+ min); line first produced never (+ min from raise, + min after QA); attachments=0; is_line_started=False; qa_remarks=''"
LINE_CLEARANCE,JIVO_OIL,2026-08-30T22:04:16+05:30,2026-07-08,10 Head,11,2,,,,,pre-production line clearance,CLEARED,,,,,,,,,,all 9 checks YES,supervisor_sign=ravi qa_approved_by_user=19 raised_by_user=24,9,,,,,,VERIFIED-live,"raised 2026-07-13T15:14:37; QA approved 2026-07-13T15:15:18.821446+05:30 (+0.7 min); line first produced never (+ min from raise, + min after QA); attachments=0; is_line_started=False; qa_remarks=''"
LINE_CLEARANCE,JIVO_OIL,2026-08-30T22:04:16+05:30,2026-07-14,Clear Pack,21,1,,,,,pre-production line clearance,CLEARED,,67.2,,,,,,,,all 9 checks YES,supervisor_sign=Ravi qa_approved_by_user=29 raised_by_user=24,9,,,,,,VERIFIED-live,"raised 2026-07-14T07:33:42; QA approved 2026-07-14T08:06:39.740143+05:30 (+33.0 min); line first produced 2026-07-14T08:40:56 (+67.2 min from raise, +34.3 min after QA); attachments=0; is_line_started=True; qa_remarks=''"
LINE_CLEARANCE,JIVO_OIL,2026-08-30T22:04:16+05:30,2026-07-14,6 Head,22,2,,,,,pre-production line clearance,CLEARED,,,,,,,,,,all 9 checks YES,supervisor_sign=Ravi qa_approved_by_user=29 raised_by_user=31,9,,,,,,VERIFIED-live,"raised 2026-07-14T08:10:42; QA approved 2026-07-14T08:22:32.296258+05:30 (+11.8 min); line first produced never (+ min from raise, + min after QA); attachments=0; is_line_started=False; qa_remarks=''"
LINE_CLEARANCE,JIVO_OIL,2026-08-30T22:04:16+05:30,2026-07-14,Clear Pack,26,6,,,,,pre-production line clearance,DRAFT,,,,,,,,,"Previous product, labels and packaging materials removed; Machine/equipment cleaned and free from product residues; Utensils, scoops and accessories cleaned and available; Packaging area free from previous batch coding material; Work area (tables, conveyors, floor) cleaned and sanitized; Waste bins emptied and cleaned; Required packaging material verified against BOM; Coding machine updated with correct product/batch details; Environmental conditions (temperature/humidity) within limits",9 checkpoints not YES,supervisor_sign= qa_approved_by_user=None raised_by_user=32,9,,,,,,VERIFIED-live,"raised 2026-07-14T11:28:45; QA approved NEVER (+ min); line first produced never (+ min from raise, + min after QA); attachments=0; is_line_started=False; qa_remarks=''"
LINE_CLEARANCE,JIVO_OIL,2026-08-30T22:04:16+05:30,2026-07-14,Clear Pack,27,7,,,,,pre-production line clearance,DRAFT,,,,,,,,,"Previous product, labels and packaging materials removed; Machine/equipment cleaned and free from product residues; Utensils, scoops and accessories cleaned and available; Packaging area free from previous batch coding material; Work area (tables, conveyors, floor) cleaned and sanitized; Waste bins emptied and cleaned; Required packaging material verified against BOM; Coding machine updated with correct product/batch details; Environmental conditions (temperature/humidity) within limits",9 checkpoints not YES,supervisor_sign= qa_approved_by_user=None raised_by_user=32,9,,,,,,VERIFIED-live,"raised 2026-07-14T11:31:00; QA approved NEVER (+ min); line first produced never (+ min from raise, + min after QA); attachments=0; is_line_started=False; qa_remarks=''"
LINE_CLEARANCE,JIVO_OIL,2026-08-30T22:04:16+05:30,2026-07-15,Clear Pack,28,1,,,,,pre-production line clearance,CLEARED,,67.1,,,,,,,,all 9 checks YES,supervisor_sign=Ravi qa_approved_by_user=29 raised_by_user=24,9,,,,,,VERIFIED-live,"raised 2026-07-15T07:21:48; QA approved 2026-07-15T07:33:58.967796+05:30 (+12.2 min); line first produced 2026-07-15T08:28:55 (+67.1 min from raise, +54.9 min after QA); attachments=0; is_line_started=True; qa_remarks=''"
LINE_CLEARANCE,JIVO_OIL,2026-08-30T22:04:16+05:30,2026-07-15,JP Machine,29,2,,,,,pre-production line clearance,CLEARED,,66.2,,,,,,,,all 9 checks YES,supervisor_sign=Ravi qa_approved_by_user=29 raised_by_user=24,9,,,,,,VERIFIED-live,"raised 2026-07-15T07:24:18; QA approved 2026-07-15T07:41:10.125700+05:30 (+16.9 min); line first produced 2026-07-15T08:30:32 (+66.2 min from raise, +49.4 min after QA); attachments=0; is_line_started=True; qa_remarks=''"
LINE_CLEARANCE,JIVO_OIL,2026-08-30T22:04:16+05:30,2026-07-15,Clear Pack,31,4,,,,,pre-production line clearance,CLEARED,,30.1,,,,,,,,all 9 checks YES,supervisor_sign=Ravi qa_approved_by_user=29 raised_by_user=24,9,,,,,,VERIFIED-live,"raised 2026-07-15T10:59:55; QA approved 2026-07-15T11:12:07.468270+05:30 (+12.2 min); line first produced 2026-07-15T11:30:04 (+30.1 min from raise, +18.0 min after QA); attachments=0; is_line_started=True; qa_remarks=''"
LINE_CLEARANCE,JIVO_OIL,2026-08-30T22:04:16+05:30,2026-07-15,10 Head,32,5,,,,,pre-production line clearance,CLEARED,,117.1,,,,,,,,all 9 checks YES,supervisor_sign=Ravi qa_approved_by_user=29 raised_by_user=24,9,,,,,,VERIFIED-live,"raised 2026-07-15T13:59:08; QA approved 2026-07-15T14:02:28.070892+05:30 (+3.3 min); line first produced 2026-07-15T15:56:13 (+117.1 min from raise, +113.8 min after QA); attachments=0; is_line_started=True; qa_remarks=''"
LINE_CLEARANCE,JIVO_OIL,2026-08-30T22:04:16+05:30,2026-07-16,Clear Pack,41,1,,,,,pre-production line clearance,CLEARED,,69.9,,,,,,,,all 9 checks YES,supervisor_sign=Ravi qa_approved_by_user=29 raised_by_user=32,9,,,,,,VERIFIED-live,"raised 2026-07-16T07:20:11; QA approved 2026-07-16T08:18:29.429934+05:30 (+58.3 min); line first produced 2026-07-16T08:30:03 (+69.9 min from raise, +11.6 min after QA); attachments=0; is_line_started=True; qa_remarks=''"
LINE_CLEARANCE,JIVO_OIL,2026-08-30T22:04:16+05:30,2026-07-16,Manual,42,2,,,,,pre-production line clearance,SUBMITTED,,,,,,,,,,all 9 checks YES,supervisor_sign=Ravi qa_approved_by_user=None raised_by_user=33,9,,,,,,VERIFIED-live,"raised 2026-07-16T07:22:49; QA approved NEVER (+ min); line first produced never (+ min from raise, + min after QA); attachments=0; is_line_started=False; qa_remarks=''"
LINE_CLEARANCE,JIVO_OIL,2026-08-30T22:04:16+05:30,2026-07-16,JP Machine,43,3,,,,,pre-production line clearance,CLEARED,,23.3,,,,,,,,all 9 checks YES,supervisor_sign=Ravi qa_approved_by_user=29 raised_by_user=24,9,,,,,,VERIFIED-live,"raised 2026-07-16T08:34:01; QA approved 2026-07-16T08:34:47.694901+05:30 (+0.8 min); line first produced 2026-07-16T08:57:21 (+23.3 min from raise, +22.6 min after QA); attachments=0; is_line_started=True; qa_remarks=''"
LINE_CLEARANCE,JIVO_OIL,2026-08-30T22:04:16+05:30,2026-07-16,6 Head,46,4,,,,,pre-production line clearance,CLEARED,,140.6,,,,,,,,all 9 checks YES,supervisor_sign=Ravi qa_approved_by_user=29 raised_by_user=31,9,,,,,,VERIFIED-live,"raised 2026-07-16T14:25:37; QA approved 2026-07-16T16:26:24.197098+05:30 (+120.8 min); line first produced 2026-07-16T16:46:12 (+140.6 min from raise, +19.8 min after QA); attachments=1; is_line_started=True; qa_remarks=''"
LINE_CLEARANCE,JIVO_OIL,2026-08-30T22:04:16+05:30,2026-07-17,JP Machine,47,1,,,,,pre-production line clearance,SUBMITTED,,,,,,,,,,all 9 checks YES,supervisor_sign=Ravi qa_approved_by_user=None raised_by_user=33,9,,,,,,VERIFIED-live,"raised 2026-07-17T07:29:30; QA approved NEVER (+ min); line first produced never (+ min from raise, + min after QA); attachments=1; is_line_started=False; qa_remarks=''"
LINE_CLEARANCE,JIVO_OIL,2026-08-30T22:04:16+05:30,2026-07-18,JP Machine,49,1,,,,,pre-production line clearance,DRAFT,,,,,,,,,"Previous product, labels and packaging materials removed; Machine/equipment cleaned and free from product residues; Utensils, scoops and accessories cleaned and available; Packaging area free from previous batch coding material; Work area (tables, conveyors, floor) cleaned and sanitized; Waste bins emptied and cleaned; Required packaging material verified against BOM; Coding machine updated with correct product/batch details; Environmental conditions (temperature/humidity) within limits",all 9 checks YES,supervisor_sign=Ravi qa_approved_by_user=None raised_by_user=33,9,,,,,,VERIFIED-live,"raised 2026-07-18T07:36:43; QA approved NEVER (+ min); line first produced never (+ min from raise, + min after QA); attachments=0; is_line_started=False; qa_remarks=''"
LINE_CLEARANCE,JIVO_OIL,2026-08-30T22:04:16+05:30,2026-07-18,6 Head,52,4,,,,,pre-production line clearance,CLEARED,,,,,,,,,,all 9 checks YES,supervisor_sign=Ravi qa_approved_by_user=124 raised_by_user=31,9,,,,,,VERIFIED-live,"raised 2026-07-18T09:26:10; QA approved 2026-08-05T12:49:39.458893+05:30 (+26123.5 min); line first produced never (+ min from raise, + min after QA); attachments=1; is_line_started=False; qa_remarks=''"
LINE_CLEARANCE,JIVO_OIL,2026-08-30T22:04:16+05:30,2026-07-18,Clear Pack,53,5,,,,,pre-production line clearance,SUBMITTED,,,,,,,,,,all 9 checks YES,supervisor_sign=Ravi qa_approved_by_user=None raised_by_user=32,9,,,,,,VERIFIED-live,"raised 2026-07-18T09:49:54; QA approved NEVER (+ min); line first produced never (+ min from raise, + min after QA); attachments=1; is_line_started=False; qa_remarks=''"
LINE_CLEARANCE,JIVO_OIL,2026-08-30T22:04:16+05:30,2026-07-18,10 Head,54,6,,,,,pre-production line clearance,CLEARED,,,,,,,,,,all 9 checks YES,supervisor_sign=Ravi qa_approved_by_user=124 raised_by_user=31,9,,,,,,VERIFIED-live,"raised 2026-07-18T09:50:29; QA approved 2026-08-04T07:54:53.791944+05:30 (+24364.4 min); line first produced never (+ min from raise, + min after QA); attachments=1; is_line_started=False; qa_remarks=''"
LINE_CLEARANCE,JIVO_OIL,2026-08-30T22:04:16+05:30,2026-07-20,Clear Pack,56,1,,,,,pre-production line clearance,CLEARED,,,,,,,,,,all 9 checks YES,supervisor_sign=Ravi qa_approved_by_user=124 raised_by_user=32,9,,,,,,VERIFIED-live,"raised 2026-07-20T10:20:54; QA approved 2026-08-04T07:47:50.673865+05:30 (+21446.9 min); line first produced never (+ min from raise, + min after QA); attachments=1; is_line_started=False; qa_remarks=''"
LINE_CLEARANCE,JIVO_OIL,2026-08-30T22:04:16+05:30,2026-07-18,6 Head,51,3,,,,,pre-production line clearance,CLEARED,,,,,,,,,,all 9 checks YES,supervisor_sign=Ravi qa_approved_by_user=124 raised_by_user=111,9,,,,,,VERIFIED-live,"raised 2026-07-20T18:20:28; QA approved 2026-08-04T07:47:58.632085+05:30 (+20967.5 min); line first produced never (+ min from raise, + min after QA); attachments=1; is_line_started=False; qa_remarks=''"
LINE_CLEARANCE,JIVO_OIL,2026-08-30T22:04:16+05:30,2026-07-21,Clear Pack,57,1,,,,,pre-production line clearance,CLEARED,,472.7,,,,,,,,all 9 checks YES,supervisor_sign=Ravi qa_approved_by_user=29 raised_by_user=32,9,,,,,,VERIFIED-live,"raised 2026-07-21T07:11:05; QA approved 2026-07-21T07:42:35.125048+05:30 (+31.5 min); line first produced 2026-07-21T15:03:46 (+472.7 min from raise, +441.2 min after QA); attachments=1; is_line_started=True; qa_remarks=''"
LINE_CLEARANCE,JIVO_OIL,2026-08-30T22:04:16+05:30,2026-07-21,JP Machine,58,2,,,,,pre-production line clearance,CLEARED,,455.0,,,,,,,,all 9 checks YES,supervisor_sign=Ravi qa_approved_by_user=29 raised_by_user=33,9,,,,,,VERIFIED-live,"raised 2026-07-21T07:33:34; QA approved 2026-07-21T08:28:03.430591+05:30 (+54.5 min); line first produced 2026-07-21T15:08:32 (+455.0 min from raise, +400.5 min after QA); attachments=1; is_line_started=True; qa_remarks=''"
LINE_CLEARANCE,JIVO_OIL,2026-08-30T22:04:16+05:30,2026-07-21,6 Head,59,3,,,,,pre-production line clearance,CLEARED,,,,,,,,,,all 9 checks YES,supervisor_sign=Ravi qa_approved_by_user=29 raised_by_user=111,9,,,,,,VERIFIED-live,"raised 2026-07-21T08:06:26; QA approved 2026-07-21T08:28:10.412117+05:30 (+21.7 min); line first produced never (+ min from raise, + min after QA); attachments=1; is_line_started=False; qa_remarks=''"
LINE_CLEARANCE,JIVO_OIL,2026-08-30T22:04:16+05:30,2026-07-21,6 Head,61,5,,,,,pre-production line clearance,CLEARED,,,,,,,,,,all 9 checks YES,supervisor_sign=Ravi qa_approved_by_user=124 raised_by_user=31,9,,,,,,VERIFIED-live,"raised 2026-07-21T13:33:33; QA approved 2026-08-03T08:43:40.344475+05:30 (+18430.1 min); line first produced never (+ min from raise, + min after QA); attachments=1; is_line_started=False; qa_remarks=''"
LINE_CLEARANCE,JIVO_OIL,2026-08-30T22:04:16+05:30,2026-07-21,Clear Pack,62,6,,,,,pre-production line clearance,CLEARED,,,,,,,,,,all 9 checks YES,supervisor_sign=Ravi qa_approved_by_user=124 raised_by_user=32,9,,,,,,VERIFIED-live,"raised 2026-07-21T13:55:26; QA approved 2026-08-10T15:46:22.567741+05:30 (+28910.9 min); line first produced never (+ min from raise, + min after QA); attachments=1; is_line_started=False; qa_remarks=''"
LINE_CLEARANCE,JIVO_OIL,2026-08-30T22:04:16+05:30,2026-07-21,6 Head,60,4,,,,,pre-production line clearance,DRAFT,,,,,,,,,"Previous product, labels and packaging materials removed; Machine/equipment cleaned and free from product residues; Utensils, scoops and accessories cleaned and available; Packaging area free from previous batch coding material; Work area (tables, conveyors, floor) cleaned and sanitized; Waste bins emptied and cleaned; Required packaging material verified against BOM; Coding machine updated with correct product/batch details; Environmental conditions (temperature/humidity) within limits",9 checkpoints not YES,supervisor_sign= qa_approved_by_user=None raised_by_user=28,9,,,,,,VERIFIED-live,"raised 2026-07-21T18:22:19; QA approved NEVER (+ min); line first produced never (+ min from raise, + min after QA); attachments=0; is_line_started=False; qa_remarks=''"
LINE_CLEARANCE,JIVO_OIL,2026-08-30T22:04:16+05:30,2026-07-22,10 Head,64,1,,,,,pre-production line clearance,CLEARED,,,,,,,,,,all 9 checks YES,supervisor_sign=Ravi qa_approved_by_user=29 raised_by_user=111,9,,,,,,VERIFIED-live,"raised 2026-07-22T07:25:52; QA approved 2026-07-22T07:40:26.894919+05:30 (+14.6 min); line first produced never (+ min from raise, + min after QA); attachments=1; is_line_started=False; qa_remarks=''"
LINE_CLEARANCE,JIVO_OIL,2026-08-30T22:04:16+05:30,2026-07-22,Clear Pack,65,2,,,,,pre-production line clearance,CLEARED,,13.2,,,,,,,,all 9 checks YES,supervisor_sign=Ravi qa_approved_by_user=29 raised_by_user=32,9,,,,,,VERIFIED-live,"raised 2026-07-22T07:28:26; QA approved 2026-07-22T07:40:04.354227+05:30 (+11.6 min); line first produced 2026-07-22T07:41:41 (+13.2 min from raise, +1.6 min after QA); attachments=1; is_line_started=True; qa_remarks=''"
LINE_CLEARANCE,JIVO_OIL,2026-08-30T22:04:16+05:30,2026-07-22,JP Machine,66,3,,,,,pre-production line clearance,CLEARED,,,,,,,,,,all 9 checks YES,supervisor_sign=Ravi qa_approved_by_user=29 raised_by_user=111,9,,,,,,VERIFIED-live,"raised 2026-07-22T07:29:55; QA approved 2026-07-23T08:10:44.469983+05:30 (+1480.8 min); line first produced never (+ min from raise, + min after QA); attachments=1; is_line_started=False; qa_remarks=''"
LINE_CLEARANCE,JIVO_OIL,2026-08-30T22:04:16+05:30,2026-07-22,JP Machine,67,4,,,,,pre-production line clearance,CLEARED,,26.7,,,,,,,,all 9 checks YES,supervisor_sign=Ravi qa_approved_by_user=29 raised_by_user=111,9,,,,,,VERIFIED-live,"raised 2026-07-22T07:32:59; QA approved 2026-07-22T07:39:14.135295+05:30 (+6.2 min); line first produced 2026-07-22T07:59:41 (+26.7 min from raise, +20.5 min after QA); attachments=1; is_line_started=True; qa_remarks=''"
LINE_CLEARANCE,JIVO_OIL,2026-08-30T22:04:16+05:30,2026-07-22,10 Head,69,6,,,,,pre-production line clearance,CLEARED,,,,,,,,,,all 9 checks YES,supervisor_sign=ravi qa_approved_by_user=29 raised_by_user=24,9,,,,,,VERIFIED-live,"raised 2026-07-22T08:12:42; QA approved 2026-07-22T09:03:26.045736+05:30 (+50.7 min); line first produced never (+ min from raise, + min after QA); attachments=1; is_line_started=False; qa_remarks=''"
LINE_CLEARANCE,JIVO_OIL,2026-08-30T22:04:16+05:30,2026-07-22,10 Head,68,5,,,,,pre-production line clearance,DRAFT,,,,,,,,,"Previous product, labels and packaging materials removed; Machine/equipment cleaned and free from product residues; Utensils, scoops and accessories cleaned and available; Packaging area free from previous batch coding material; Work area (tables, conveyors, floor) cleaned and sanitized; Waste bins emptied and cleaned; Required packaging material verified against BOM; Coding machine updated with correct product/batch details; Environmental conditions (temperature/humidity) within limits",all 9 checks YES,supervisor_sign=ravi qa_approved_by_user=None raised_by_user=24,9,,,,,,VERIFIED-live,"raised 2026-07-22T08:16:23; QA approved NEVER (+ min); line first produced never (+ min from raise, + min after QA); attachments=0; is_line_started=False; qa_remarks=''"
LINE_CLEARANCE,JIVO_OIL,2026-08-30T22:04:16+05:30,2026-07-22,Clear Pack,70,7,,,,,pre-production line clearance,CLEARED,,,,,,,,,,all 9 checks YES,supervisor_sign=Ravi qa_approved_by_user=29 raised_by_user=111,9,,,,,,VERIFIED-live,"raised 2026-07-22T15:02:58; QA approved 2026-07-23T08:10:49.759005+05:30 (+1027.9 min); line first produced never (+ min from raise, + min after QA); attachments=1; is_line_started=False; qa_remarks=''"
LINE_CLEARANCE,JIVO_OIL,2026-08-30T22:04:16+05:30,2026-07-23,Clear Pack,73,1,,,,,pre-production line clearance,CLEARED,,53.6,,,,,,,,all 9 checks YES,supervisor_sign=Ravi qa_approved_by_user=29 raised_by_user=32,9,,,,,,VERIFIED-live,"raised 2026-07-23T07:21:36; QA approved 2026-07-23T08:09:48.086311+05:30 (+48.2 min); line first produced 2026-07-23T08:15:10 (+53.6 min from raise, +5.4 min after QA); attachments=1; is_line_started=True; qa_remarks=''"
LINE_CLEARANCE,JIVO_OIL,2026-08-30T22:04:16+05:30,2026-07-23,10 Head,74,2,,,,,pre-production line clearance,CLEARED,,,,,,,,,,all 9 checks YES,supervisor_sign=Ravi qa_approved_by_user=29 raised_by_user=111,9,,,,,,VERIFIED-live,"raised 2026-07-23T07:25:07; QA approved 2026-07-23T08:10:57.960976+05:30 (+45.8 min); line first produced never (+ min from raise, + min after QA); attachments=1; is_line_started=False; qa_remarks=''"
LINE_CLEARANCE,JIVO_OIL,2026-08-30T22:04:16+05:30,2026-07-23,JP Machine,75,3,,,,,pre-production line clearance,CLEARED,,65.9,,,,,,,,all 9 checks YES,supervisor_sign=Ravi qa_approved_by_user=29 raised_by_user=33,9,,,,,,VERIFIED-live,"raised 2026-07-23T07:28:42; QA approved 2026-07-23T08:09:39.399483+05:30 (+41.0 min); line first produced 2026-07-23T08:34:36 (+65.9 min from raise, +24.9 min after QA); attachments=1; is_line_started=True; qa_remarks=''"
LINE_CLEARANCE,JIVO_OIL,2026-08-30T22:04:16+05:30,2026-07-23,10 Head,76,4,,,,,pre-production line clearance,CLEARED,,57.6,,,,,,,,all 9 checks YES,supervisor_sign=Ravi qa_approved_by_user=29 raised_by_user=111,9,,,,,,VERIFIED-live,"raised 2026-07-23T07:48:45; QA approved 2026-07-23T08:09:54.212542+05:30 (+21.2 min); line first produced 2026-07-23T08:46:22 (+57.6 min from raise, +36.5 min after QA); attachments=1; is_line_started=True; qa_remarks=''"
LINE_CLEARANCE,JIVO_OIL,2026-08-30T22:04:16+05:30,2026-07-23,6 Head,77,5,,,,,pre-production line clearance,CLEARED,,,,,,,,,,all 9 checks YES,supervisor_sign=Ravi qa_approved_by_user=29 raised_by_user=111,9,,,,,,VERIFIED-live,"raised 2026-07-23T07:51:15; QA approved 2026-07-23T08:09:57.728866+05:30 (+18.7 min); line first produced never (+ min from raise, + min after QA); attachments=1; is_line_started=False; qa_remarks=''"
LINE_CLEARANCE,JIVO_OIL,2026-08-30T22:04:16+05:30,2026-07-24,Clear Pack,78,1,,,,,pre-production line clearance,CLEARED,,20.3,,,,,,,,all 9 checks YES,supervisor_sign=Ravi qa_approved_by_user=29 raised_by_user=24,9,,,,,,VERIFIED-live,"raised 2026-07-24T07:54:56; QA approved 2026-07-24T07:56:02.714762+05:30 (+1.1 min); line first produced 2026-07-24T08:15:13 (+20.3 min from raise, +19.2 min after QA); attachments=1; is_line_started=True; qa_remarks=''"
LINE_CLEARANCE,JIVO_OIL,2026-08-30T22:04:16+05:30,2026-07-24,10 Head,79,2,,,,,pre-production line clearance,CLEARED,,20.2,,,,,,,,all 9 checks YES,supervisor_sign=Ravi qa_approved_by_user=29 raised_by_user=24,9,,,,,,VERIFIED-live,"raised 2026-07-24T08:01:12; QA approved 2026-07-24T08:01:51.071903+05:30 (+0.6 min); line first produced 2026-07-24T08:21:23 (+20.2 min from raise, +19.5 min after QA); attachments=1; is_line_started=True; qa_remarks=''"
LINE_CLEARANCE,JIVO_OIL,2026-08-30T22:04:16+05:30,2026-07-24,6 Head,80,3,,,,,pre-production line clearance,CLEARED,,14.7,,,,,,,,all 9 checks YES,supervisor_sign=Ravi qa_approved_by_user=29 raised_by_user=24,9,,,,,,VERIFIED-live,"raised 2026-07-24T08:06:35; QA approved 2026-07-24T08:07:10.489393+05:30 (+0.6 min); line first produced 2026-07-24T08:21:18 (+14.7 min from raise, +14.1 min after QA); attachments=1; is_line_started=True; qa_remarks=''"
LINE_CLEARANCE,JIVO_OIL,2026-08-30T22:04:16+05:30,2026-07-25,10 Head,81,1,,,,,pre-production line clearance,CLEARED,,150.7,,,,,,,,all 9 checks YES,supervisor_sign=Ravi qa_approved_by_user=29 raised_by_user=24,9,,,,,,VERIFIED-live,"raised 2026-07-25T07:36:04; QA approved 2026-07-25T07:37:15.654040+05:30 (+1.2 min); line first produced 2026-07-25T10:06:48 (+150.7 min from raise, +149.5 min after QA); attachments=1; is_line_started=True; qa_remarks=''"
LINE_CLEARANCE,JIVO_OIL,2026-08-30T22:04:16+05:30,2026-07-25,Clear Pack,82,2,,,,,pre-production line clearance,CLEARED,,142.2,,,,,,,,all 9 checks YES,supervisor_sign=Ravi qa_approved_by_user=29 raised_by_user=24,9,,,,,,VERIFIED-live,"raised 2026-07-25T07:41:56; QA approved 2026-07-25T07:55:18.815695+05:30 (+13.4 min); line first produced 2026-07-25T10:04:06 (+142.2 min from raise, +128.8 min after QA); attachments=1; is_line_started=True; qa_remarks=''"
LINE_CLEARANCE,JIVO_OIL,2026-08-30T22:04:16+05:30,2026-07-25,6 Head,83,3,,,,,pre-production line clearance,CLEARED,,138.4,,,,,,,,all 9 checks YES,supervisor_sign=Ravi qa_approved_by_user=29 raised_by_user=24,9,,,,,,VERIFIED-live,"raised 2026-07-25T07:45:32; QA approved 2026-07-25T07:55:21.996312+05:30 (+9.8 min); line first produced 2026-07-25T10:03:58 (+138.4 min from raise, +128.6 min after QA); attachments=1; is_line_started=True; qa_remarks=''"
LINE_CLEARANCE,JIVO_OIL,2026-08-30T22:04:16+05:30,2026-07-25,Tin Head,84,4,,,,,pre-production line clearance,CLEARED,,69.5,,,,,,,,all 9 checks YES,supervisor_sign=Ravi qa_approved_by_user=29 raised_by_user=24,9,,,,,,VERIFIED-live,"raised 2026-07-25T11:37:30; QA approved 2026-07-25T12:04:17.762072+05:30 (+26.8 min); line first produced 2026-07-25T12:46:58 (+69.5 min from raise, +42.7 min after QA); attachments=1; is_line_started=True; qa_remarks=''"
LINE_CLEARANCE,JIVO_OIL,2026-08-30T22:04:16+05:30,2026-07-27,JP Machine,98,2,,,,,pre-production line clearance,CLEARED,,23.1,,,,,,,,all 9 checks YES,supervisor_sign=ravi qa_approved_by_user=29 raised_by_user=116,9,,,,,,VERIFIED-live,"raised 2026-07-27T10:21:41; QA approved 2026-07-27T10:32:54.794142+05:30 (+11.2 min); line first produced 2026-07-27T10:44:49 (+23.1 min from raise, +11.9 min after QA); attachments=1; is_line_started=True; qa_remarks=''"
LINE_CLEARANCE,JIVO_OIL,2026-08-30T22:04:16+05:30,2026-07-27,10 Head,97,1,,,,,pre-production line clearance,CLEARED,,22.7,,,,,,,,all 9 checks YES,supervisor_sign=ravi qa_approved_by_user=29 raised_by_user=116,9,,,,,,VERIFIED-live,"raised 2026-07-27T10:22:12; QA approved 2026-07-27T10:32:57.959497+05:30 (+10.8 min); line first produced 2026-07-27T10:44:55 (+22.7 min from raise, +12.0 min after QA); attachments=1; is_line_started=True; qa_remarks=''"
LINE_CLEARANCE,JIVO_OIL,2026-08-30T22:04:16+05:30,2026-07-27,Clear Pack,99,3,,,,,pre-production line clearance,CLEARED,,16.8,,,,,,,,all 9 checks YES,supervisor_sign=ravi qa_approved_by_user=29 raised_by_user=116,9,,,,,,VERIFIED-live,"raised 2026-07-27T10:50:04; QA approved 2026-07-27T11:05:51.933155+05:30 (+15.8 min); line first produced 2026-07-27T11:06:50 (+16.8 min from raise, +1.0 min after QA); attachments=1; is_line_started=True; qa_remarks=''"
LINE_CLEARANCE,JIVO_OIL,2026-08-30T22:04:16+05:30,2026-07-27,Pouch Machine,100,4,,,,,pre-production line clearance,CLEARED,,9.9,,,,,,,,all 9 checks YES,supervisor_sign=ravi qa_approved_by_user=29 raised_by_user=116,9,,,,,,VERIFIED-live,"raised 2026-07-27T10:57:11; QA approved 2026-07-27T11:05:57.456380+05:30 (+8.8 min); line first produced 2026-07-27T11:07:03 (+9.9 min from raise, +1.1 min after QA); attachments=1; is_line_started=True; qa_remarks=''"
LINE_CLEARANCE,JIVO_OIL,2026-08-30T22:04:16+05:30,2026-07-27,6 Head,101,5,,,,,pre-production line clearance,CLEARED,,9.2,,,,,,,,all 9 checks YES,supervisor_sign=ravi qa_approved_by_user=29 raised_by_user=116,9,,,,,,VERIFIED-live,"raised 2026-07-27T11:15:41; QA approved 2026-07-27T11:22:10.159923+05:30 (+6.5 min); line first produced 2026-07-27T11:24:52 (+9.2 min from raise, +2.7 min after QA); attachments=1; is_line_started=True; qa_remarks=''"
LINE_CLEARANCE,JIVO_OIL,2026-08-30T22:04:16+05:30,2026-07-28,10 Head,103,1,,,,,pre-production line clearance,CLEARED,,62.7,,,,,,,,all 9 checks YES,supervisor_sign=Ajit qa_approved_by_user=29 raised_by_user=24,9,,,,,,VERIFIED-live,"raised 2026-07-28T08:45:45; QA approved 2026-07-28T08:51:48.458712+05:30 (+6.1 min); line first produced 2026-07-28T09:48:30 (+62.7 min from raise, +56.7 min after QA); attachments=1; is_line_started=True; qa_remarks=''"
LINE_CLEARANCE,JIVO_OIL,2026-08-30T22:04:16+05:30,2026-07-28,6 Head,104,2,,,,,pre-production line clearance,CLEARED,,59.4,,,,,,,,all 9 checks YES,supervisor_sign=Ravi qa_approved_by_user=29 raised_by_user=24,9,,,,,,VERIFIED-live,"raised 2026-07-28T08:48:59; QA approved 2026-07-28T08:51:51.604244+05:30 (+2.9 min); line first produced 2026-07-28T09:48:21 (+59.4 min from raise, +56.5 min after QA); attachments=1; is_line_started=True; qa_remarks=''"
LINE_CLEARANCE,JIVO_OIL,2026-08-30T22:04:16+05:30,2026-07-28,Clear Pack,106,4,,,,,pre-production line clearance,CLEARED,,70.5,,,,,,,,all 9 checks YES,supervisor_sign=Ravi qa_approved_by_user=29 raised_by_user=32,9,,,,,,VERIFIED-live,"raised 2026-07-28T09:16:56; QA approved 2026-07-28T10:00:48.219444+05:30 (+43.9 min); line first produced 2026-07-28T10:27:24 (+70.5 min from raise, +26.6 min after QA); attachments=1; is_line_started=True; qa_remarks=''"
LINE_CLEARANCE,JIVO_OIL,2026-08-30T22:04:16+05:30,2026-07-28,JP Machine,105,3,,,,,pre-production line clearance,CLEARED,,69.0,,,,,,,,all 9 checks YES,supervisor_sign=Ravi qa_approved_by_user=29 raised_by_user=32,9,,,,,,VERIFIED-live,"raised 2026-07-28T09:18:30; QA approved 2026-07-28T10:00:51.457531+05:30 (+42.4 min); line first produced 2026-07-28T10:27:30 (+69.0 min from raise, +26.6 min after QA); attachments=1; is_line_started=True; qa_remarks=''"
LINE_CLEARANCE,JIVO_OIL,2026-08-30T22:04:16+05:30,2026-07-29,10 Head,109,1,,,,,pre-production line clearance,CLEARED,,43.1,,,,,,,,all 9 checks YES,supervisor_sign=Ravi qa_approved_by_user=29 raised_by_user=32,9,,,,,,VERIFIED-live,"raised 2026-07-29T08:57:42; QA approved 2026-07-29T09:25:28.302649+05:30 (+27.8 min); line first produced 2026-07-29T09:40:47 (+43.1 min from raise, +15.3 min after QA); attachments=1; is_line_started=True; qa_remarks=''"
LINE_CLEARANCE,JIVO_OIL,2026-08-30T22:04:16+05:30,2026-07-29,6 Head,110,2,,,,,pre-production line clearance,CLEARED,,44.1,,,,,,,,all 9 checks YES,supervisor_sign=Ravi qa_approved_by_user=29 raised_by_user=32,9,,,,,,VERIFIED-live,"raised 2026-07-29T08:58:44; QA approved 2026-07-29T09:41:50.551001+05:30 (+43.1 min); line first produced 2026-07-29T09:42:51 (+44.1 min from raise, +1.0 min after QA); attachments=1; is_line_started=True; qa_remarks=''"
LINE_CLEARANCE,JIVO_OIL,2026-08-30T22:04:16+05:30,2026-07-29,JP Machine,111,3,,,,,pre-production line clearance,CLEARED,,22.9,,,,,,,,all 9 checks YES,supervisor_sign=ravi qa_approved_by_user=29 raised_by_user=116,9,,,,,,VERIFIED-live,"raised 2026-07-29T10:58:01; QA approved 2026-07-29T11:20:26.417993+05:30 (+22.4 min); line first produced 2026-07-29T11:20:58 (+22.9 min from raise, +0.5 min after QA); attachments=1; is_line_started=True; qa_remarks=''"
LINE_CLEARANCE,JIVO_OIL,2026-08-30T22:04:16+05:30,2026-07-29,Clear Pack,113,4,,,,,pre-production line clearance,CLEARED,,6.4,,,,,,,,all 9 checks YES,supervisor_sign=ravi qa_approved_by_user=29 raised_by_user=116,9,,,,,,VERIFIED-live,"raised 2026-07-29T15:30:04; QA approved 2026-07-29T15:32:43.322736+05:30 (+2.7 min); line first produced 2026-07-29T15:36:25 (+6.4 min from raise, +3.7 min after QA); attachments=1; is_line_started=True; qa_remarks=''"
LINE_CLEARANCE,JIVO_OIL,2026-08-30T22:04:16+05:30,2026-07-29,10 Head,114,5,,,,,pre-production line clearance,CLEARED,,6.2,,,,,,,,all 9 checks YES,supervisor_sign=Ravi qa_approved_by_user=29 raised_by_user=24,9,,,,,,VERIFIED-live,"raised 2026-07-29T17:39:27; QA approved 2026-07-29T17:42:51.148880+05:30 (+3.4 min); line first produced 2026-07-29T17:45:37 (+6.2 min from raise, +2.8 min after QA); attachments=1; is_line_started=True; qa_remarks=''"
LINE_CLEARANCE,JIVO_OIL,2026-08-30T22:04:16+05:30,2026-07-30,Clear Pack,115,1,,,,,pre-production line clearance,CLEARED,,38.6,,,,,,,,all 9 checks YES,supervisor_sign=Ravi qa_approved_by_user=29 raised_by_user=24,9,,,,,,VERIFIED-live,"raised 2026-07-30T07:24:01; QA approved 2026-07-30T07:57:09.620142+05:30 (+33.1 min); line first produced 2026-07-30T08:02:40 (+38.6 min from raise, +5.5 min after QA); attachments=1; is_line_started=True; qa_remarks=''"
LINE_CLEARANCE,JIVO_OIL,2026-08-30T22:04:16+05:30,2026-07-30,JP Machine,116,2,,,,,pre-production line clearance,CLEARED,,226.5,,,,,,,,all 9 checks YES,supervisor_sign=Ravi qa_approved_by_user=29 raised_by_user=24,9,,,,,,VERIFIED-live,"raised 2026-07-30T07:39:27; QA approved 2026-07-30T11:25:42.575474+05:30 (+226.2 min); line first produced 2026-07-30T11:26:00 (+226.5 min from raise, +0.3 min after QA); attachments=1; is_line_started=True; qa_remarks=''"
LINE_CLEARANCE,JIVO_OIL,2026-08-30T22:04:16+05:30,2026-07-30,10 Head,117,3,,,,,pre-production line clearance,CLEARED,,23.7,,,,,,,,all 9 checks YES,supervisor_sign=Ravi qa_approved_by_user=29 raised_by_user=24,9,,,,,,VERIFIED-live,"raised 2026-07-30T07:45:31; QA approved 2026-07-30T07:56:58.482452+05:30 (+11.5 min); line first produced 2026-07-30T08:09:15 (+23.7 min from raise, +12.3 min after QA); attachments=1; is_line_started=True; qa_remarks=''"
LINE_CLEARANCE,JIVO_OIL,2026-08-30T22:04:16+05:30,2026-07-30,6 Head,118,4,,,,,pre-production line clearance,CLEARED,,18.8,,,,,,,,all 9 checks YES,supervisor_sign=Ravi qa_approved_by_user=29 raised_by_user=24,9,,,,,,VERIFIED-live,"raised 2026-07-30T07:50:12; QA approved 2026-07-30T07:56:48.947982+05:30 (+6.6 min); line first produced 2026-07-30T08:09:00 (+18.8 min from raise, +12.2 min after QA); attachments=1; is_line_started=True; qa_remarks=''"
LINE_CLEARANCE,JIVO_OIL,2026-08-30T22:04:16+05:30,2026-07-30,6 Head,119,5,,,,,pre-production line clearance,CLEARED,,10.4,,,,,,,,all 9 checks YES,supervisor_sign=Ravi qa_approved_by_user=29 raised_by_user=24,9,,,,,,VERIFIED-live,"raised 2026-07-30T09:21:22; QA approved 2026-07-30T09:28:41.409309+05:30 (+7.3 min); line first produced 2026-07-30T09:31:43 (+10.4 min from raise, +3.0 min after QA); attachments=1; is_line_started=True; qa_remarks=''"
LINE_CLEARANCE,JIVO_OIL,2026-08-30T22:04:16+05:30,2026-07-30,Clear Pack,122,6,,,,,pre-production line clearance,CLEARED,,10.5,,,,,,,,all 9 checks YES,supervisor_sign=Ravi qa_approved_by_user=29 raised_by_user=24,9,,,,,,VERIFIED-live,"raised 2026-07-30T15:25:56; QA approved 2026-07-30T15:36:20.827536+05:30 (+10.4 min); line first produced 2026-07-30T15:36:27 (+10.5 min from raise, +0.1 min after QA); attachments=1; is_line_started=True; qa_remarks=''"
LINE_CLEARANCE,JIVO_OIL,2026-08-30T22:04:16+05:30,2026-07-31,Clear Pack,123,1,,,,,pre-production line clearance,CLEARED,,18.9,,,,,,,,all 9 checks YES,supervisor_sign=Ravi qa_approved_by_user=29 raised_by_user=24,9,,,,,,VERIFIED-live,"raised 2026-07-31T07:14:01; QA approved 2026-07-31T07:32:32.566590+05:30 (+18.5 min); line first produced 2026-07-31T07:32:52 (+18.9 min from raise, +0.3 min after QA); attachments=1; is_line_started=True; qa_remarks=''"
LINE_CLEARANCE,JIVO_OIL,2026-08-30T22:04:16+05:30,2026-07-31,JP Machine,124,2,,,,,pre-production line clearance,CLEARED,,27.6,,,,,,,,all 9 checks YES,supervisor_sign=Ravi qa_approved_by_user=29 raised_by_user=24,9,,,,,,VERIFIED-live,"raised 2026-07-31T07:16:57; QA approved 2026-07-31T07:32:28.864078+05:30 (+15.5 min); line first produced 2026-07-31T07:44:33 (+27.6 min from raise, +12.1 min after QA); attachments=2; is_line_started=True; qa_remarks=''"
LINE_CLEARANCE,JIVO_OIL,2026-08-30T22:04:16+05:30,2026-07-31,10 Head,125,3,,,,,pre-production line clearance,CLEARED,,47.5,,,,,,,,all 9 checks YES,supervisor_sign=Ravi qa_approved_by_user=29 raised_by_user=24,9,,,,,,VERIFIED-live,"raised 2026-07-31T07:21:38; QA approved 2026-07-31T07:32:36.056301+05:30 (+11.0 min); line first produced 2026-07-31T08:09:06 (+47.5 min from raise, +36.5 min after QA); attachments=1; is_line_started=True; qa_remarks=''"
LINE_CLEARANCE,JIVO_OIL,2026-08-30T22:04:16+05:30,2026-07-31,6 Head,126,4,,,,,pre-production line clearance,CLEARED,,29.0,,,,,,,,all 9 checks YES,supervisor_sign=Ravi qa_approved_by_user=19 raised_by_user=24,9,,,,,,VERIFIED-live,"raised 2026-07-31T09:08:53; QA approved 2026-07-31T09:31:51.600599+05:30 (+23.0 min); line first produced 2026-07-31T09:37:53 (+29.0 min from raise, +6.0 min after QA); attachments=1; is_line_started=True; qa_remarks=''"
LINE_CLEARANCE,JIVO_OIL,2026-08-30T22:04:16+05:30,2026-08-01,JP Machine,128,1,,,,,pre-production line clearance,CLEARED,,56.9,,,,,,,,all 9 checks YES,supervisor_sign=Ravi qa_approved_by_user=124 raised_by_user=24,9,,,,,,VERIFIED-live,"raised 2026-08-01T07:23:55; QA approved 2026-08-01T08:20:33.446036+05:30 (+56.6 min); line first produced 2026-08-01T08:20:49 (+56.9 min from raise, +0.3 min after QA); attachments=1; is_line_started=True; qa_remarks=''"
LINE_CLEARANCE,JIVO_OIL,2026-08-30T22:04:16+05:30,2026-08-01,10 Head,129,2,,,,,pre-production line clearance,CLEARED,,51.3,,,,,,,,all 9 checks YES,supervisor_sign=Ravi qa_approved_by_user=124 raised_by_user=24,9,,,,,,VERIFIED-live,"raised 2026-08-01T07:28:30; QA approved 2026-08-01T08:19:39.823276+05:30 (+51.2 min); line first produced 2026-08-01T08:19:50 (+51.3 min from raise, +0.2 min after QA); attachments=1; is_line_started=True; qa_remarks=''"
LINE_CLEARANCE,JIVO_OIL,2026-08-30T22:04:16+05:30,2026-08-01,6 Head,130,3,,,,,pre-production line clearance,CLEARED,,49.2,,,,,,,,all 9 checks YES,supervisor_sign=Ravi qa_approved_by_user=124 raised_by_user=24,9,,,,,,VERIFIED-live,"raised 2026-08-01T07:31:58; QA approved 2026-08-01T08:21:04.443318+05:30 (+49.1 min); line first produced 2026-08-01T08:21:11 (+49.2 min from raise, +0.1 min after QA); attachments=1; is_line_started=True; qa_remarks=''"
LINE_CLEARANCE,JIVO_OIL,2026-08-30T22:04:16+05:30,2026-08-01,6 Head,131,4,,,,,pre-production line clearance,CLEARED,,7.7,,,,,,,,all 9 checks YES,supervisor_sign=Ravi qa_approved_by_user=124 raised_by_user=24,9,,,,,,VERIFIED-live,"raised 2026-08-01T11:22:48; QA approved 2026-08-01T11:30:19.598194+05:30 (+7.5 min); line first produced 2026-08-01T11:30:27 (+7.7 min from raise, +0.1 min after QA); attachments=1; is_line_started=True; qa_remarks=''"
LINE_CLEARANCE,JIVO_OIL,2026-08-30T22:04:16+05:30,2026-08-01,6 Head,132,5,,,,,pre-production line clearance,CLEARED,,14.3,,,,,,,,all 9 checks YES,supervisor_sign=Ravi qa_approved_by_user=124 raised_by_user=24,9,,,,,,VERIFIED-live,"raised 2026-08-01T14:48:07; QA approved 2026-08-01T14:55:27.132260+05:30 (+7.3 min); line first produced 2026-08-01T15:02:26 (+14.3 min from raise, +7.0 min after QA); attachments=1; is_line_started=True; qa_remarks=''"
LINE_CLEARANCE,JIVO_OIL,2026-08-30T22:04:16+05:30,2026-08-01,Clear Pack,133,6,,,,,pre-production line clearance,CLEARED,,36.0,,,,,,,,all 9 checks YES,supervisor_sign=Ravi qa_approved_by_user=124 raised_by_user=24,9,,,,,,VERIFIED-live,"raised 2026-08-01T17:00:36; QA approved 2026-08-01T17:31:53.007186+05:30 (+31.3 min); line first produced 2026-08-01T17:36:36 (+36.0 min from raise, +4.7 min after QA); attachments=1; is_line_started=True; qa_remarks=''"
LINE_CLEARANCE,JIVO_OIL,2026-08-30T22:04:16+05:30,2026-08-01,Clear Pack,134,7,,,,,pre-production line clearance,CLEARED,,2700.6,,,,,,,,all 9 checks YES,supervisor_sign=Ravi qa_approved_by_user=124 raised_by_user=24,9,,,,,,VERIFIED-live,"raised 2026-08-01T18:40:13; QA approved 2026-08-03T15:40:41.043863+05:30 (+2700.5 min); line first produced 2026-08-03T15:40:46 (+2700.6 min from raise, +0.1 min after QA); attachments=1; is_line_started=True; qa_remarks=''"
LINE_CLEARANCE,JIVO_OIL,2026-08-30T22:04:16+05:30,2026-08-03,Clear Pack,135,1,,,,,pre-production line clearance,CLEARED,,90.7,,,,,,,,all 9 checks YES,supervisor_sign=Ravi qa_approved_by_user=124 raised_by_user=24,9,,,,,,VERIFIED-live,"raised 2026-08-03T07:13:53; QA approved 2026-08-03T08:44:26.253282+05:30 (+90.6 min); line first produced 2026-08-03T08:44:36 (+90.7 min from raise, +0.2 min after QA); attachments=1; is_line_started=True; qa_remarks=''"
LINE_CLEARANCE,JIVO_OIL,2026-08-30T22:04:16+05:30,2026-08-03,10 Head,136,2,,,,,pre-production line clearance,CLEARED,,83.8,,,,,,,,all 9 checks YES,supervisor_sign=Ravi qa_approved_by_user=124 raised_by_user=24,9,,,,,,VERIFIED-live,"raised 2026-08-03T07:20:20; QA approved 2026-08-03T08:43:36.399766+05:30 (+83.3 min); line first produced 2026-08-03T08:44:11 (+83.8 min from raise, +0.6 min after QA); attachments=1; is_line_started=True; qa_remarks=''"
LINE_CLEARANCE,JIVO_OIL,2026-08-30T22:04:16+05:30,2026-08-03,6 Head,137,3,,,,,pre-production line clearance,CLEARED,,39.6,,,,,,,,all 9 checks YES,supervisor_sign=Ravi qa_approved_by_user=124 raised_by_user=24,9,,,,,,VERIFIED-live,"raised 2026-08-03T08:37:14; QA approved 2026-08-03T08:43:31.528606+05:30 (+6.3 min); line first produced 2026-08-03T09:16:52 (+39.6 min from raise, +33.3 min after QA); attachments=1; is_line_started=True; qa_remarks=''"
LINE_CLEARANCE,JIVO_OIL,2026-08-30T22:04:16+05:30,2026-08-03,Pouch Machine,138,4,,,,,pre-production line clearance,CLEARED,,23.4,,,,,,,,all 9 checks YES,supervisor_sign=Ravi qa_approved_by_user=124 raised_by_user=24,9,,,,,,VERIFIED-live,"raised 2026-08-03T09:18:02; QA approved 2026-08-03T09:40:39.213152+05:30 (+22.6 min); line first produced 2026-08-03T09:41:23 (+23.4 min from raise, +0.7 min after QA); attachments=1; is_line_started=True; qa_remarks='As per mohit consurn i take approval in this line'"
LINE_CLEARANCE,JIVO_OIL,2026-08-30T22:04:16+05:30,2026-08-03,10 Head,140,5,,,,,pre-production line clearance,CLEARED,,113.7,,,,,,,,all 9 checks YES,supervisor_sign=Ravi qa_approved_by_user=124 raised_by_user=24,9,,,,,,VERIFIED-live,"raised 2026-08-03T10:41:19; QA approved 2026-08-03T11:43:20.791717+05:30 (+62.0 min); line first produced 2026-08-03T12:34:59 (+113.7 min from raise, +51.7 min after QA); attachments=1; is_line_started=True; qa_remarks=''"
LINE_CLEARANCE,JIVO_OIL,2026-08-30T22:04:16+05:30,2026-08-03,6 Head,141,6,,,,,pre-production line clearance,CLEARED,,57.1,,,,,,,,all 9 checks YES,supervisor_sign=Ravi qa_approved_by_user=124 raised_by_user=24,9,,,,,,VERIFIED-live,"raised 2026-08-03T11:51:59; QA approved 2026-08-03T12:46:21.473891+05:30 (+54.4 min); line first produced 2026-08-03T12:49:04 (+57.1 min from raise, +2.7 min after QA); attachments=1; is_line_started=True; qa_remarks=''"
LINE_CLEARANCE,JIVO_OIL,2026-08-30T22:04:16+05:30,2026-08-03,Clear Pack,142,7,,,,,pre-production line clearance,CLEARED,,6.0,,,,,,,,all 9 checks YES,supervisor_sign=Ravi qa_approved_by_user=124 raised_by_user=24,9,,,,,,VERIFIED-live,"raised 2026-08-03T15:33:43; QA approved 2026-08-03T15:38:08.347381+05:30 (+4.4 min); line first produced 2026-08-03T15:39:41 (+6.0 min from raise, +1.6 min after QA); attachments=1; is_line_started=True; qa_remarks=''"
LINE_CLEARANCE,JIVO_OIL,2026-08-30T22:04:16+05:30,2026-08-03,6 Head,143,8,,,,,pre-production line clearance,CLEARED,,3.2,,,,,,,,all 9 checks YES,supervisor_sign=Ravi qa_approved_by_user=124 raised_by_user=24,9,,,,,,VERIFIED-live,"raised 2026-08-03T15:36:20; QA approved 2026-08-03T15:37:56.934463+05:30 (+1.6 min); line first produced 2026-08-03T15:39:35 (+3.2 min from raise, +1.6 min after QA); attachments=1; is_line_started=True; qa_remarks=''"
LINE_CLEARANCE,JIVO_OIL,2026-08-30T22:04:16+05:30,2026-08-03,Clear Pack,144,9,,,,,pre-production line clearance,CLEARED,,11.3,,,,,,,,all 9 checks YES,supervisor_sign=Ravi qa_approved_by_user=124 raised_by_user=24,9,,,,,,VERIFIED-live,"raised 2026-08-03T16:09:54; QA approved 2026-08-03T16:20:22.111132+05:30 (+10.5 min); line first produced 2026-08-03T16:21:14 (+11.3 min from raise, +0.9 min after QA); attachments=1; is_line_started=True; qa_remarks=''"
LINE_CLEARANCE,JIVO_OIL,2026-08-30T22:04:16+05:30,2026-08-03,JP Machine,145,10,,,,,pre-production line clearance,CLEARED,,6.6,,,,,,,,all 9 checks YES,supervisor_sign=Ravi qa_approved_by_user=124 raised_by_user=24,9,,,,,,VERIFIED-live,"raised 2026-08-03T16:14:35; QA approved 2026-08-03T16:20:07.259791+05:30 (+5.5 min); line first produced 2026-08-03T16:21:09 (+6.6 min from raise, +1.0 min after QA); attachments=1; is_line_started=True; qa_remarks=''"
LINE_CLEARANCE,JIVO_OIL,2026-08-30T22:04:16+05:30,2026-08-04,Clear Pack,146,1,,,,,pre-production line clearance,CLEARED,,41.7,,,,,,,,all 9 checks YES,supervisor_sign=Ravi qa_approved_by_user=124 raised_by_user=24,9,,,,,,VERIFIED-live,"raised 2026-08-04T07:28:28; QA approved 2026-08-04T07:47:47.225412+05:30 (+19.3 min); line first produced 2026-08-04T08:10:13 (+41.7 min from raise, +22.4 min after QA); attachments=1; is_line_started=True; qa_remarks=''"
LINE_CLEARANCE,JIVO_OIL,2026-08-30T22:04:16+05:30,2026-08-04,JP Machine,147,2,,,,,pre-production line clearance,CLEARED,,36.5,,,,,,,,all 9 checks YES,supervisor_sign=Ravi qa_approved_by_user=124 raised_by_user=24,9,,,,,,VERIFIED-live,"raised 2026-08-04T07:34:35; QA approved 2026-08-04T08:10:56.735061+05:30 (+36.4 min); line first produced 2026-08-04T08:11:07 (+36.5 min from raise, +0.2 min after QA); attachments=1; is_line_started=True; qa_remarks=''"
LINE_CLEARANCE,JIVO_OIL,2026-08-30T22:04:16+05:30,2026-08-04,10 Head,148,3,,,,,pre-production line clearance,CLEARED,,28.6,,,,,,,,all 9 checks YES,supervisor_sign=Ravi qa_approved_by_user=124 raised_by_user=24,9,,,,,,VERIFIED-live,"raised 2026-08-04T07:41:17; QA approved 2026-08-04T07:47:43.395737+05:30 (+6.4 min); line first produced 2026-08-04T08:09:52 (+28.6 min from raise, +22.2 min after QA); attachments=1; is_line_started=True; qa_remarks=''"
LINE_CLEARANCE,JIVO_OIL,2026-08-30T22:04:16+05:30,2026-08-04,6 Head,149,4,,,,,pre-production line clearance,CLEARED,,14.5,,,,,,,,all 9 checks YES,supervisor_sign=Ravi qa_approved_by_user=124 raised_by_user=24,9,,,,,,VERIFIED-live,"raised 2026-08-04T09:45:24; QA approved 2026-08-04T09:56:39.144212+05:30 (+11.2 min); line first produced 2026-08-04T09:59:56 (+14.5 min from raise, +3.3 min after QA); attachments=1; is_line_started=True; qa_remarks=''"
LINE_CLEARANCE,JIVO_OIL,2026-08-30T22:04:16+05:30,2026-08-04,Pouch Machine,150,5,,,,,pre-production line clearance,CLEARED,,58.7,,,,,,,,all 9 checks YES,supervisor_sign=Ravi qa_approved_by_user=124 raised_by_user=24,9,,,,,,VERIFIED-live,"raised 2026-08-04T10:01:38; QA approved 2026-08-04T11:00:09.280732+05:30 (+58.5 min); line first produced 2026-08-04T11:00:19 (+58.7 min from raise, +0.2 min after QA); attachments=1; is_line_started=True; qa_remarks=''"
LINE_CLEARANCE,JIVO_OIL,2026-08-30T22:04:16+05:30,2026-08-04,6 Head,151,6,,,,,pre-production line clearance,CLEARED,,7.5,,,,,,,,all 9 checks YES,supervisor_sign=Ravi qa_approved_by_user=124 raised_by_user=24,9,,,,,,VERIFIED-live,"raised 2026-08-04T17:14:54; QA approved 2026-08-04T17:21:20.618442+05:30 (+6.4 min); line first produced 2026-08-04T17:22:22 (+7.5 min from raise, +1.0 min after QA); attachments=1; is_line_started=True; qa_remarks=''"
LINE_CLEARANCE,JIVO_OIL,2026-08-30T22:04:16+05:30,2026-08-04,10 Head,153,7,,,,,pre-production line clearance,CLEARED,,5.8,,,,,,,,all 9 checks YES,supervisor_sign=Ravi qa_approved_by_user=124 raised_by_user=24,9,,,,,,VERIFIED-live,"raised 2026-08-04T17:57:28; QA approved 2026-08-04T18:02:57.970700+05:30 (+5.5 min); line first produced 2026-08-04T18:03:18 (+5.8 min from raise, +0.3 min after QA); attachments=1; is_line_started=True; qa_remarks=''"
LINE_CLEARANCE,JIVO_OIL,2026-08-30T22:04:16+05:30,2026-08-05,Clear Pack,154,1,,,,,pre-production line clearance,CLEARED,,54.9,,,,,,,,all 9 checks YES,supervisor_sign=Ravi qa_approved_by_user=124 raised_by_user=24,9,,,,,,VERIFIED-live,"raised 2026-08-05T07:19:37; QA approved 2026-08-05T07:45:15.873279+05:30 (+25.6 min); line first produced 2026-08-05T08:14:29 (+54.9 min from raise, +29.2 min after QA); attachments=1; is_line_started=True; qa_remarks=''"
LINE_CLEARANCE,JIVO_OIL,2026-08-30T22:04:16+05:30,2026-08-05,JP Machine,155,2,,,,,pre-production line clearance,CLEARED,,52.0,,,,,,,,all 9 checks YES,supervisor_sign=Ravi qa_approved_by_user=124 raised_by_user=24,9,,,,,,VERIFIED-live,"raised 2026-08-05T07:22:23; QA approved 2026-08-05T07:44:57.121978+05:30 (+22.6 min); line first produced 2026-08-05T08:14:24 (+52.0 min from raise, +29.5 min after QA); attachments=1; is_line_started=True; qa_remarks=''"
LINE_CLEARANCE,JIVO_OIL,2026-08-30T22:04:16+05:30,2026-08-05,10 Head,156,3,,,,,pre-production line clearance,CLEARED,,50.3,,,,,,,,all 9 checks YES,supervisor_sign=Ravi qa_approved_by_user=124 raised_by_user=24,9,,,,,,VERIFIED-live,"raised 2026-08-05T07:24:02; QA approved 2026-08-05T07:45:00.387824+05:30 (+21.0 min); line first produced 2026-08-05T08:14:21 (+50.3 min from raise, +29.4 min after QA); attachments=1; is_line_started=True; qa_remarks=''"
LINE_CLEARANCE,JIVO_OIL,2026-08-30T22:04:16+05:30,2026-08-05,6 Head,157,4,,,,,pre-production line clearance,CLEARED,,47.8,,,,,,,,all 9 checks YES,supervisor_sign=Ravi qa_approved_by_user=124 raised_by_user=24,9,,,,,,VERIFIED-live,"raised 2026-08-05T07:26:26; QA approved 2026-08-05T07:45:02.794859+05:30 (+18.6 min); line first produced 2026-08-05T08:14:17 (+47.8 min from raise, +29.2 min after QA); attachments=1; is_line_started=True; qa_remarks=''"
LINE_CLEARANCE,JIVO_OIL,2026-08-30T22:04:16+05:30,2026-08-05,Pouch Machine,159,5,,,,,pre-production line clearance,CLEARED,,35.0,,,,,,,,all 9 checks YES,supervisor_sign=Hardeep qa_approved_by_user=124 raised_by_user=24,9,,,,,,VERIFIED-live,"raised 2026-08-05T12:20:28; QA approved 2026-08-05T12:50:46.909848+05:30 (+30.3 min); line first produced 2026-08-05T12:55:27 (+35.0 min from raise, +4.7 min after QA); attachments=1; is_line_started=True; qa_remarks=''"
LINE_CLEARANCE,JIVO_OIL,2026-08-30T22:04:16+05:30,2026-08-05,6 Head,160,6,,,,,pre-production line clearance,CLEARED,,10.8,,,,,,,,all 9 checks YES,supervisor_sign=Ravi qa_approved_by_user=124 raised_by_user=24,9,,,,,,VERIFIED-live,"raised 2026-08-05T12:44:34; QA approved 2026-08-05T12:49:34.180860+05:30 (+5.0 min); line first produced 2026-08-05T12:55:21 (+10.8 min from raise, +5.8 min after QA); attachments=1; is_line_started=True; qa_remarks=''"
LINE_CLEARANCE,JIVO_OIL,2026-08-30T22:04:16+05:30,2026-08-05,Clear Pack,161,7,,,,,pre-production line clearance,CLEARED,,7.2,,,,,,,,all 9 checks YES,supervisor_sign=Ravi qa_approved_by_user=124 raised_by_user=24,9,,,,,,VERIFIED-live,"raised 2026-08-05T12:48:04; QA approved 2026-08-05T12:49:29.068571+05:30 (+1.4 min); line first produced 2026-08-05T12:55:14 (+7.2 min from raise, +5.8 min after QA); attachments=1; is_line_started=True; qa_remarks=''"
LINE_CLEARANCE,JIVO_OIL,2026-08-30T22:04:16+05:30,2026-08-06,Clear Pack,162,1,,,,,pre-production line clearance,CLEARED,,68.8,,,,,,,,all 9 checks YES,supervisor_sign=Ravi qa_approved_by_user=29 raised_by_user=24,9,,,,,,VERIFIED-live,"raised 2026-08-06T07:28:51; QA approved 2026-08-06T08:02:37.361378+05:30 (+33.8 min); line first produced 2026-08-06T08:37:36 (+68.8 min from raise, +35.0 min after QA); attachments=1; is_line_started=True; qa_remarks=''"
LINE_CLEARANCE,JIVO_OIL,2026-08-30T22:04:16+05:30,2026-08-06,JP Machine,163,2,,,,,pre-production line clearance,CLEARED,,51.6,,,,,,,,all 9 checks YES,supervisor_sign=Ravi qa_approved_by_user=29 raised_by_user=24,9,,,,,,VERIFIED-live,"raised 2026-08-06T07:45:52; QA approved 2026-08-06T08:03:02.232281+05:30 (+17.2 min); line first produced 2026-08-06T08:37:30 (+51.6 min from raise, +34.5 min after QA); attachments=1; is_line_started=True; qa_remarks=''"
LINE_CLEARANCE,JIVO_OIL,2026-08-30T22:04:16+05:30,2026-08-06,10 Head,164,3,,,,,pre-production line clearance,CLEARED,,64.0,,,,,,,,all 9 checks YES,supervisor_sign=Ravi qa_approved_by_user=124 raised_by_user=24,9,,,,,,VERIFIED-live,"raised 2026-08-06T07:48:19; QA approved 2026-08-06T08:51:45.843377+05:30 (+63.4 min); line first produced 2026-08-06T08:52:16 (+64.0 min from raise, +0.5 min after QA); attachments=1; is_line_started=True; qa_remarks=''"
LINE_CLEARANCE,JIVO_OIL,2026-08-30T22:04:16+05:30,2026-08-06,6 Head,165,4,,,,,pre-production line clearance,CLEARED,,61.2,,,,,,,,all 9 checks YES,supervisor_sign=Ravi qa_approved_by_user=124 raised_by_user=24,9,,,,,,VERIFIED-live,"raised 2026-08-06T07:51:00; QA approved 2026-08-06T08:51:42.046667+05:30 (+60.7 min); line first produced 2026-08-06T08:52:11 (+61.2 min from raise, +0.5 min after QA); attachments=1; is_line_started=True; qa_remarks=''"
LINE_CLEARANCE,JIVO_OIL,2026-08-30T22:04:16+05:30,2026-08-06,Pouch Machine,166,5,,,,,pre-production line clearance,CLEARED,,57.2,,,,,,,,all 9 checks YES,supervisor_sign=Hardeep qa_approved_by_user=124 raised_by_user=24,9,,,,,,VERIFIED-live,"raised 2026-08-06T07:54:51; QA approved 2026-08-06T08:51:38.181385+05:30 (+56.8 min); line first produced 2026-08-06T08:52:05 (+57.2 min from raise, +0.5 min after QA); attachments=1; is_line_started=True; qa_remarks=''"
LINE_CLEARANCE,JIVO_OIL,2026-08-30T22:04:16+05:30,2026-08-06,Clear Pack,168,6,,,,,pre-production line clearance,CLEARED,,50.3,,,,,,,,all 9 checks YES,supervisor_sign=Ravi qa_approved_by_user=124 raised_by_user=24,9,,,,,,VERIFIED-live,"raised 2026-08-06T14:43:48; QA approved 2026-08-06T15:33:57.962515+05:30 (+50.1 min); line first produced 2026-08-06T15:34:05 (+50.3 min from raise, +0.1 min after QA); attachments=1; is_line_started=True; qa_remarks=''"
LINE_CLEARANCE,JIVO_OIL,2026-08-30T22:04:16+05:30,2026-08-06,10 Head,169,7,,,,,pre-production line clearance,CLEARED,,21.4,,,,,,,,all 9 checks YES,supervisor_sign=Ravi qa_approved_by_user=124 raised_by_user=24,9,,,,,,VERIFIED-live,"raised 2026-08-06T15:11:54; QA approved 2026-08-06T15:17:53.745375+05:30 (+6.0 min); line first produced 2026-08-06T15:33:16 (+21.4 min from raise, +15.4 min after QA); attachments=1; is_line_started=True; qa_remarks=''"
LINE_CLEARANCE,JIVO_OIL,2026-08-30T22:04:16+05:30,2026-08-07,6 Head,170,1,,,,,pre-production line clearance,CLEARED,,77.5,,,,,,,,all 9 checks YES,supervisor_sign=Ravi qa_approved_by_user=124 raised_by_user=24,9,,,,,,VERIFIED-live,"raised 2026-08-07T07:24:05; QA approved 2026-08-07T08:33:56.560727+05:30 (+69.9 min); line first produced 2026-08-07T08:41:33 (+77.5 min from raise, +7.6 min after QA); attachments=1; is_line_started=True; qa_remarks=''"
LINE_CLEARANCE,JIVO_OIL,2026-08-30T22:04:16+05:30,2026-08-07,JP Machine,171,2,,,,,pre-production line clearance,CLEARED,,96.7,,,,,,,,all 9 checks YES,supervisor_sign=Ravi qa_approved_by_user=124 raised_by_user=24,9,,,,,,VERIFIED-live,"raised 2026-08-07T07:31:28; QA approved 2026-08-07T09:07:17.402239+05:30 (+95.8 min); line first produced 2026-08-07T09:08:08 (+96.7 min from raise, +0.8 min after QA); attachments=1; is_line_started=True; qa_remarks=''"
LINE_CLEARANCE,JIVO_OIL,2026-08-30T22:04:16+05:30,2026-08-07,Clear Pack,172,3,,,,,pre-production line clearance,CLEARED,,62.7,,,,,,,,all 9 checks YES,supervisor_sign=Ravi qa_approved_by_user=124 raised_by_user=24,9,,,,,,VERIFIED-live,"raised 2026-08-07T07:38:37; QA approved 2026-08-07T08:33:44.304780+05:30 (+55.1 min); line first produced 2026-08-07T08:41:22 (+62.7 min from raise, +7.6 min after QA); attachments=1; is_line_started=True; qa_remarks=''"
LINE_CLEARANCE,JIVO_OIL,2026-08-30T22:04:16+05:30,2026-08-07,10 Head,173,4,,,,,pre-production line clearance,CLEARED,,60.9,,,,,,,,all 9 checks YES,supervisor_sign=Ravi qa_approved_by_user=124 raised_by_user=24,9,,,,,,VERIFIED-live,"raised 2026-08-07T08:07:06; QA approved 2026-08-07T09:07:04.564505+05:30 (+60.0 min); line first produced 2026-08-07T09:08:02 (+60.9 min from raise, +1.0 min after QA); attachments=1; is_line_started=True; qa_remarks=''"
LINE_CLEARANCE,JIVO_OIL,2026-08-30T22:04:16+05:30,2026-08-07,6 Head,174,5,,,,,pre-production line clearance,CLEARED,,3.6,,,,,,,,all 9 checks YES,supervisor_sign=Ravi qa_approved_by_user=124 raised_by_user=24,9,,,,,,VERIFIED-live,"raised 2026-08-07T10:34:31; QA approved 2026-08-07T10:35:31.253066+05:30 (+1.0 min); line first produced 2026-08-07T10:38:08 (+3.6 min from raise, +2.6 min after QA); attachments=1; is_line_started=True; qa_remarks=''"
LINE_CLEARANCE,JIVO_OIL,2026-08-30T22:04:16+05:30,2026-08-07,10 Head,176,6,,,,,pre-production line clearance,CLEARED,,816.0,,,,,,,,all 9 checks YES,supervisor_sign=Ravi qa_approved_by_user=124 raised_by_user=24,9,,,,,,VERIFIED-live,"raised 2026-08-07T18:30:46; QA approved 2026-08-08T08:06:39.312083+05:30 (+815.9 min); line first produced 2026-08-08T08:06:44 (+816.0 min from raise, +0.1 min after QA); attachments=1; is_line_started=True; qa_remarks=''"
LINE_CLEARANCE,JIVO_OIL,2026-08-30T22:04:16+05:30,2026-08-08,10 Head,177,1,,,,,pre-production line clearance,CLEARED,,39.0,,,,,,,,all 9 checks YES,supervisor_sign=Ravi qa_approved_by_user=124 raised_by_user=24,9,,,,,,VERIFIED-live,"raised 2026-08-08T07:26:49; QA approved 2026-08-08T07:38:12.045027+05:30 (+11.4 min); line first produced 2026-08-08T08:05:46 (+39.0 min from raise, +27.6 min after QA); attachments=1; is_line_started=True; qa_remarks=''"
LINE_CLEARANCE,JIVO_OIL,2026-08-30T22:04:16+05:30,2026-08-08,JP Machine,178,2,,,,,pre-production line clearance,CLEARED,,36.4,,,,,,,,all 9 checks YES,supervisor_sign=Ravi qa_approved_by_user=124 raised_by_user=24,9,,,,,,VERIFIED-live,"raised 2026-08-08T07:29:17; QA approved 2026-08-08T07:38:16.602292+05:30 (+9.0 min); line first produced 2026-08-08T08:05:42 (+36.4 min from raise, +27.4 min after QA); attachments=1; is_line_started=True; qa_remarks=''"
LINE_CLEARANCE,JIVO_OIL,2026-08-30T22:04:16+05:30,2026-08-08,6 Head,179,3,,,,,pre-production line clearance,CLEARED,,35.0,,,,,,,,all 9 checks YES,supervisor_sign=Ravi qa_approved_by_user=124 raised_by_user=24,9,,,,,,VERIFIED-live,"raised 2026-08-08T07:31:22; QA approved 2026-08-08T08:06:17.375755+05:30 (+34.9 min); line first produced 2026-08-08T08:06:19 (+35.0 min from raise, +0.0 min after QA); attachments=1; is_line_started=True; qa_remarks=''"
LINE_CLEARANCE,JIVO_OIL,2026-08-30T22:04:16+05:30,2026-08-10,JP Machine,181,1,,,,,pre-production line clearance,CLEARED,,102.6,,,,,,,,all 9 checks YES,supervisor_sign=Ravi qa_approved_by_user=124 raised_by_user=24,9,,,,,,VERIFIED-live,"raised 2026-08-10T07:26:23; QA approved 2026-08-10T08:04:16.578302+05:30 (+37.9 min); line first produced 2026-08-10T09:09:01 (+102.6 min from raise, +64.7 min after QA); attachments=1; is_line_started=True; qa_remarks=''"
LINE_CLEARANCE,JIVO_OIL,2026-08-30T22:04:16+05:30,2026-08-10,10 Head,182,2,,,,,pre-production line clearance,CLEARED,,95.7,,,,,,,,all 9 checks YES,supervisor_sign=Ravi qa_approved_by_user=124 raised_by_user=24,9,,,,,,VERIFIED-live,"raised 2026-08-10T07:33:27; QA approved 2026-08-10T08:03:38.260928+05:30 (+30.2 min); line first produced 2026-08-10T09:09:08 (+95.7 min from raise, +65.5 min after QA); attachments=1; is_line_started=True; qa_remarks=''"
LINE_CLEARANCE,JIVO_OIL,2026-08-30T22:04:16+05:30,2026-08-10,Clear Pack,184,3,,,,,pre-production line clearance,CLEARED,,40.9,,,,,,,,all 9 checks YES,supervisor_sign=Ravi qa_approved_by_user=124 raised_by_user=24,9,,,,,,VERIFIED-live,"raised 2026-08-10T15:05:49; QA approved 2026-08-10T15:46:16.637492+05:30 (+40.5 min); line first produced 2026-08-10T15:46:43 (+40.9 min from raise, +0.5 min after QA); attachments=1; is_line_started=True; qa_remarks=''"
LINE_CLEARANCE,JIVO_OIL,2026-08-30T22:04:16+05:30,2026-08-10,JP Machine,185,4,,,,,pre-production line clearance,CLEARED,,4.3,,,,,,,,all 9 checks YES,supervisor_sign=Ravi qa_approved_by_user=124 raised_by_user=24,9,,,,,,VERIFIED-live,"raised 2026-08-10T15:42:50; QA approved 2026-08-10T15:47:00.641846+05:30 (+4.2 min); line first produced 2026-08-10T15:47:08 (+4.3 min from raise, +0.1 min after QA); attachments=1; is_line_started=True; qa_remarks=''"
LINE_CLEARANCE,JIVO_OIL,2026-08-30T22:04:16+05:30,2026-08-10,6 Head,186,5,,,,,pre-production line clearance,CLEARED,,12.5,,,,,,,,all 9 checks YES,supervisor_sign=Ravi qa_approved_by_user=124 raised_by_user=24,9,,,,,,VERIFIED-live,"raised 2026-08-10T16:23:38; QA approved 2026-08-10T16:25:13.872309+05:30 (+1.6 min); line first produced 2026-08-10T16:36:07 (+12.5 min from raise, +10.9 min after QA); attachments=1; is_line_started=True; qa_remarks=''"
LINE_CLEARANCE,JIVO_OIL,2026-08-30T22:04:16+05:30,2026-08-11,10 Head,187,1,,,,,pre-production line clearance,CLEARED,,70.3,,,,,,,,all 9 checks YES,supervisor_sign=Ravi qa_approved_by_user=124 raised_by_user=24,9,,,,,,VERIFIED-live,"raised 2026-08-11T07:36:09; QA approved 2026-08-11T08:46:14.078197+05:30 (+70.1 min); line first produced 2026-08-11T08:46:29 (+70.3 min from raise, +0.3 min after QA); attachments=1; is_line_started=True; qa_remarks=''"
LINE_CLEARANCE,JIVO_OIL,2026-08-30T22:04:16+05:30,2026-08-11,6 Head,188,2,,,,,pre-production line clearance,CLEARED,,62.9,,,,,,,,all 9 checks YES,supervisor_sign=Ravi qa_approved_by_user=124 raised_by_user=24,9,,,,,,VERIFIED-live,"raised 2026-08-11T07:43:39; QA approved 2026-08-11T08:46:06.676909+05:30 (+62.4 min); line first produced 2026-08-11T08:46:36 (+62.9 min from raise, +0.5 min after QA); attachments=1; is_line_started=True; qa_remarks=''"
LINE_CLEARANCE,JIVO_OIL,2026-08-30T22:04:16+05:30,2026-08-11,JP Machine,189,3,,,,,pre-production line clearance,CLEARED,,58.4,,,,,,,,all 9 checks YES,supervisor_sign=Ravi qa_approved_by_user=124 raised_by_user=24,9,,,,,,VERIFIED-live,"raised 2026-08-11T07:48:17; QA approved 2026-08-11T08:46:03.736984+05:30 (+57.8 min); line first produced 2026-08-11T08:46:41 (+58.4 min from raise, +0.6 min after QA); attachments=1; is_line_started=True; qa_remarks=''"
LINE_CLEARANCE,JIVO_OIL,2026-08-30T22:04:16+05:30,2026-08-11,Clear Pack,190,4,,,,,pre-production line clearance,CLEARED,,55.9,,,,,,,,all 9 checks YES,supervisor_sign=Ravi qa_approved_by_user=124 raised_by_user=24,9,,,,,,VERIFIED-live,"raised 2026-08-11T07:50:52; QA approved 2026-08-11T08:46:00.182643+05:30 (+55.1 min); line first produced 2026-08-11T08:46:46 (+55.9 min from raise, +0.8 min after QA); attachments=1; is_line_started=True; qa_remarks=''"
LINE_CLEARANCE,JIVO_OIL,2026-08-30T22:04:16+05:30,2026-08-11,6 Head,191,5,,,,,pre-production line clearance,CLEARED,,5.1,,,,,,,,all 9 checks YES,supervisor_sign=Ravi qa_approved_by_user=124 raised_by_user=24,9,,,,,,VERIFIED-live,"raised 2026-08-11T08:41:42; QA approved 2026-08-11T08:46:09.631423+05:30 (+4.4 min); line first produced 2026-08-11T08:46:50 (+5.1 min from raise, +0.7 min after QA); attachments=1; is_line_started=True; qa_remarks=''"
LINE_CLEARANCE,JIVO_OIL,2026-08-30T22:04:16+05:30,2026-08-11,JP Machine,194,6,,,,,pre-production line clearance,CLEARED,,4.2,,,,,,,,all 9 checks YES,supervisor_sign=Ravi qa_approved_by_user=29 raised_by_user=24,9,,,,,,VERIFIED-live,"raised 2026-08-11T14:49:25; QA approved 2026-08-11T14:53:06.161348+05:30 (+3.7 min); line first produced 2026-08-11T14:53:36 (+4.2 min from raise, +0.5 min after QA); attachments=1; is_line_started=True; qa_remarks=''"
LINE_CLEARANCE,JIVO_OIL,2026-08-30T22:04:16+05:30,2026-08-12,10 Head,195,1,,,,,pre-production line clearance,CLEARED,,30.8,,,,,,,,all 9 checks YES,supervisor_sign=Ravi qa_approved_by_user=124 raised_by_user=24,9,,,,,,VERIFIED-live,"raised 2026-08-12T07:57:54; QA approved 2026-08-12T08:19:26.149654+05:30 (+21.5 min); line first produced 2026-08-12T08:28:40 (+30.8 min from raise, +9.2 min after QA); attachments=1; is_line_started=True; qa_remarks=''"
LINE_CLEARANCE,JIVO_OIL,2026-08-30T22:04:16+05:30,2026-08-12,JP Machine,196,2,,,,,pre-production line clearance,CLEARED,,28.7,,,,,,,,all 9 checks YES,supervisor_sign=Ravi qa_approved_by_user=124 raised_by_user=24,9,,,,,,VERIFIED-live,"raised 2026-08-12T07:59:57; QA approved 2026-08-12T08:19:31.857381+05:30 (+19.6 min); line first produced 2026-08-12T08:28:37 (+28.7 min from raise, +9.1 min after QA); attachments=1; is_line_started=True; qa_remarks=''"
LINE_CLEARANCE,JIVO_OIL,2026-08-30T22:04:16+05:30,2026-08-12,Clear Pack,197,3,,,,,pre-production line clearance,CLEARED,,26.6,,,,,,,,all 9 checks YES,supervisor_sign=Ravi qa_approved_by_user=124 raised_by_user=24,9,,,,,,VERIFIED-live,"raised 2026-08-12T08:01:57; QA approved 2026-08-12T08:19:29.055977+05:30 (+17.5 min); line first produced 2026-08-12T08:28:33 (+26.6 min from raise, +9.1 min after QA); attachments=1; is_line_started=True; qa_remarks=''"
LINE_CLEARANCE,JIVO_OIL,2026-08-30T22:04:16+05:30,2026-08-12,6 Head,198,4,,,,,pre-production line clearance,CLEARED,,15.8,,,,,,,,all 9 checks YES,supervisor_sign=Ravi qa_approved_by_user=124 raised_by_user=24,9,,,,,,VERIFIED-live,"raised 2026-08-12T08:12:38; QA approved 2026-08-12T08:19:34.691041+05:30 (+6.9 min); line first produced 2026-08-12T08:28:29 (+15.8 min from raise, +8.9 min after QA); attachments=1; is_line_started=True; qa_remarks=''"
LINE_CLEARANCE,JIVO_OIL,2026-08-30T22:04:16+05:30,2026-08-12,6 Head,200,5,,,,,pre-production line clearance,CLEARED,,21.8,,,,,,,,all 9 checks YES,supervisor_sign=Ravi qa_approved_by_user=124 raised_by_user=24,9,,,,,,VERIFIED-live,"raised 2026-08-12T13:43:55; QA approved 2026-08-12T13:47:59.897572+05:30 (+4.1 min); line first produced 2026-08-12T14:05:42 (+21.8 min from raise, +17.7 min after QA); attachments=1; is_line_started=True; qa_remarks=''"
LINE_CLEARANCE,JIVO_OIL,2026-08-30T22:04:16+05:30,2026-08-13,10 Head,201,1,,,,,pre-production line clearance,CLEARED,,39.1,,,,,,,,all 9 checks YES,supervisor_sign=Ravi qa_approved_by_user=124 raised_by_user=24,9,,,,,,VERIFIED-live,"raised 2026-08-13T07:21:54; QA approved 2026-08-13T07:38:49.030787+05:30 (+16.9 min); line first produced 2026-08-13T08:00:59 (+39.1 min from raise, +22.2 min after QA); attachments=1; is_line_started=True; qa_remarks=''"
LINE_CLEARANCE,JIVO_OIL,2026-08-30T22:04:16+05:30,2026-08-13,6 Head,202,2,,,,,pre-production line clearance,CLEARED,,36.8,,,,,,,,all 9 checks YES,supervisor_sign=Ravi qa_approved_by_user=124 raised_by_user=24,9,,,,,,VERIFIED-live,"raised 2026-08-13T07:24:05; QA approved 2026-08-13T07:38:45.923649+05:30 (+14.7 min); line first produced 2026-08-13T08:00:55 (+36.8 min from raise, +22.2 min after QA); attachments=1; is_line_started=True; qa_remarks=''"
LINE_CLEARANCE,JIVO_OIL,2026-08-30T22:04:16+05:30,2026-08-13,JP Machine,203,3,,,,,pre-production line clearance,CLEARED,,30.2,,,,,,,,all 9 checks YES,supervisor_sign=Ravi qa_approved_by_user=124 raised_by_user=24,9,,,,,,VERIFIED-live,"raised 2026-08-13T07:30:41; QA approved 2026-08-13T07:38:54.300920+05:30 (+8.2 min); line first produced 2026-08-13T08:00:51 (+30.2 min from raise, +22.0 min after QA); attachments=1; is_line_started=True; qa_remarks=''"
LINE_CLEARANCE,JIVO_OIL,2026-08-30T22:04:16+05:30,2026-08-13,Clear Pack,204,4,,,,,pre-production line clearance,CLEARED,,23.8,,,,,,,,all 9 checks YES,supervisor_sign=Ravi qa_approved_by_user=124 raised_by_user=24,9,,,,,,VERIFIED-live,"raised 2026-08-13T07:36:50; QA approved 2026-08-13T07:38:51.686672+05:30 (+2.0 min); line first produced 2026-08-13T08:00:40 (+23.8 min from raise, +21.8 min after QA); attachments=1; is_line_started=True; qa_remarks=''"
LINE_CLEARANCE,JIVO_OIL,2026-08-30T22:04:16+05:30,2026-08-13,6 Head,205,5,,,,,pre-production line clearance,CLEARED,,27.8,,,,,,,,all 9 checks YES,supervisor_sign=Ravi qa_approved_by_user=124 raised_by_user=24,9,,,,,,VERIFIED-live,"raised 2026-08-13T09:46:39; QA approved 2026-08-13T09:49:04.632538+05:30 (+2.4 min); line first produced 2026-08-13T10:14:27 (+27.8 min from raise, +25.4 min after QA); attachments=1; is_line_started=True; qa_remarks=''"
LINE_CLEARANCE,JIVO_OIL,2026-08-30T22:04:16+05:30,2026-08-14,Clear Pack,206,1,,,,,pre-production line clearance,CLEARED,,30.7,,,,,,,,all 9 checks YES,supervisor_sign=Ravi qa_approved_by_user=124 raised_by_user=24,9,,,,,,VERIFIED-live,"raised 2026-08-14T07:29:46; QA approved 2026-08-14T07:59:49.094768+05:30 (+30.0 min); line first produced 2026-08-14T08:00:29 (+30.7 min from raise, +0.7 min after QA); attachments=1; is_line_started=True; qa_remarks=''"
LINE_CLEARANCE,JIVO_OIL,2026-08-30T22:04:16+05:30,2026-08-14,6 Head,207,2,,,,,pre-production line clearance,CLEARED,,24.5,,,,,,,,all 9 checks YES,supervisor_sign=Ravi qa_approved_by_user=124 raised_by_user=24,9,,,,,,VERIFIED-live,"raised 2026-08-14T07:35:42; QA approved 2026-08-14T07:59:46.312173+05:30 (+24.1 min); line first produced 2026-08-14T08:00:15 (+24.5 min from raise, +0.5 min after QA); attachments=1; is_line_started=True; qa_remarks=''"
LINE_CLEARANCE,JIVO_OIL,2026-08-30T22:04:16+05:30,2026-08-14,10 Head,208,3,,,,,pre-production line clearance,CLEARED,,20.9,,,,,,,,all 9 checks YES,supervisor_sign=Ravi qa_approved_by_user=124 raised_by_user=24,9,,,,,,VERIFIED-live,"raised 2026-08-14T07:39:14; QA approved 2026-08-14T07:59:43.653553+05:30 (+20.5 min); line first produced 2026-08-14T08:00:06 (+20.9 min from raise, +0.4 min after QA); attachments=1; is_line_started=True; qa_remarks=''"
LINE_CLEARANCE,JIVO_OIL,2026-08-30T22:04:16+05:30,2026-08-14,Pouch Machine,209,4,,,,,pre-production line clearance,CLEARED,,32.2,,,,,,,,all 9 checks YES,supervisor_sign=Hardeep qa_approved_by_user=124 raised_by_user=24,9,,,,,,VERIFIED-live,"raised 2026-08-14T07:55:51; QA approved 2026-08-14T07:59:39.277982+05:30 (+3.8 min); line first produced 2026-08-14T08:28:01 (+32.2 min from raise, +28.4 min after QA); attachments=1; is_line_started=True; qa_remarks=''"
LINE_CLEARANCE,JIVO_OIL,2026-08-30T22:04:16+05:30,2026-08-17,JP Machine,211,1,,,,,pre-production line clearance,CLEARED,,60.3,,,,,,,,all 9 checks YES,supervisor_sign=Ravi qa_approved_by_user=29 raised_by_user=24,9,,,,,,VERIFIED-live,"raised 2026-08-17T07:33:38; QA approved 2026-08-17T07:47:07.055642+05:30 (+13.5 min); line first produced 2026-08-17T08:33:54 (+60.3 min from raise, +46.8 min after QA); attachments=1; is_line_started=True; qa_remarks=''"
LINE_CLEARANCE,JIVO_OIL,2026-08-30T22:04:16+05:30,2026-08-17,10 Head,212,2,,,,,pre-production line clearance,CLEARED,,47.3,,,,,,,,all 9 checks YES,supervisor_sign=Ravi qa_approved_by_user=124 raised_by_user=24,9,,,,,,VERIFIED-live,"raised 2026-08-17T07:48:51; QA approved 2026-08-17T08:35:00.868828+05:30 (+46.2 min); line first produced 2026-08-17T08:36:09 (+47.3 min from raise, +1.1 min after QA); attachments=1; is_line_started=True; qa_remarks=''"
LINE_CLEARANCE,JIVO_OIL,2026-08-30T22:04:16+05:30,2026-08-17,Clear Pack,213,3,,,,,pre-production line clearance,CLEARED,,28.8,,,,,,,,all 9 checks YES,supervisor_sign=Ravi qa_approved_by_user=29 raised_by_user=24,9,,,,,,VERIFIED-live,"raised 2026-08-17T08:25:20; QA approved 2026-08-17T08:34:05.379404+05:30 (+8.8 min); line first produced 2026-08-17T08:54:06 (+28.8 min from raise, +20.0 min after QA); attachments=1; is_line_started=True; qa_remarks=''"
LINE_CLEARANCE,JIVO_OIL,2026-08-30T22:04:16+05:30,2026-08-17,6 Head,214,4,,,,,pre-production line clearance,CLEARED,,23.1,,,,,,,,all 9 checks YES,supervisor_sign=Ravi qa_approved_by_user=124 raised_by_user=24,9,,,,,,VERIFIED-live,"raised 2026-08-17T08:30:54; QA approved 2026-08-17T08:35:03.898343+05:30 (+4.2 min); line first produced 2026-08-17T08:54:02 (+23.1 min from raise, +19.0 min after QA); attachments=1; is_line_started=True; qa_remarks=''"
LINE_CLEARANCE,JIVO_OIL,2026-08-30T22:04:16+05:30,2026-08-18,10 Head,216,1,,,,,pre-production line clearance,CLEARED,,190.7,,,,,,,,all 9 checks YES,supervisor_sign=Ravi qa_approved_by_user=29 raised_by_user=24,9,,,,,,VERIFIED-live,"raised 2026-08-18T07:27:43; QA approved 2026-08-18T10:32:14.700874+05:30 (+184.5 min); line first produced 2026-08-18T10:38:26 (+190.7 min from raise, +6.2 min after QA); attachments=1; is_line_started=True; qa_remarks=''"
LINE_CLEARANCE,JIVO_OIL,2026-08-30T22:04:16+05:30,2026-08-18,JP Machine,218,3,,,,,pre-production line clearance,CLEARED,,181.1,,,,,,,,all 9 checks YES,supervisor_sign=Ravi qa_approved_by_user=29 raised_by_user=24,9,,,,,,VERIFIED-live,"raised 2026-08-18T07:37:13; QA approved 2026-08-18T10:32:34.333504+05:30 (+175.4 min); line first produced 2026-08-18T10:38:18 (+181.1 min from raise, +5.7 min after QA); attachments=1; is_line_started=True; qa_remarks=''"
LINE_CLEARANCE,JIVO_OIL,2026-08-30T22:04:16+05:30,2026-08-18,Clear Pack,219,4,,,,,pre-production line clearance,CLEARED,,154.8,,,,,,,,all 9 checks YES,supervisor_sign=Ravi qa_approved_by_user=29 raised_by_user=24,9,,,,,,VERIFIED-live,"raised 2026-08-18T08:03:28; QA approved 2026-08-18T10:32:23.351686+05:30 (+148.9 min); line first produced 2026-08-18T10:38:13 (+154.8 min from raise, +5.8 min after QA); attachments=1; is_line_started=True; qa_remarks=''"
LINE_CLEARANCE,JIVO_OIL,2026-08-30T22:04:16+05:30,2026-08-18,6 Head,220,5,,,,,pre-production line clearance,CLEARED,,150.2,,,,,,,,all 9 checks YES,supervisor_sign=Ravi qa_approved_by_user=29 raised_by_user=24,9,,,,,,VERIFIED-live,"raised 2026-08-18T08:07:57; QA approved 2026-08-18T10:32:26.857437+05:30 (+144.5 min); line first produced 2026-08-18T10:38:08 (+150.2 min from raise, +5.7 min after QA); attachments=1; is_line_started=True; qa_remarks=''"
LINE_CLEARANCE,JIVO_OIL,2026-08-30T22:04:16+05:30,2026-08-18,Tin Head,222,6,,,,,pre-production line clearance,CLEARED,,22.9,,,,,,,,all 9 checks YES,supervisor_sign=Ravi qa_approved_by_user=29 raised_by_user=24,9,,,,,,VERIFIED-live,"raised 2026-08-18T13:23:56; QA approved 2026-08-18T13:46:36.197423+05:30 (+22.7 min); line first produced 2026-08-18T13:46:47 (+22.9 min from raise, +0.2 min after QA); attachments=1; is_line_started=True; qa_remarks=''"
LINE_CLEARANCE,JIVO_OIL,2026-08-30T22:04:16+05:30,2026-08-18,Tin Head,223,7,,,,,pre-production line clearance,CLEARED,,960.1,,,,,,,,all 9 checks YES,supervisor_sign=Ravi qa_approved_by_user=124 raised_by_user=24,9,,,,,,VERIFIED-live,"raised 2026-08-18T15:48:49; QA approved 2026-08-18T15:53:57.741288+05:30 (+5.1 min); line first produced 2026-08-19T07:48:57 (+960.1 min from raise, +955.0 min after QA); attachments=1; is_line_started=True; qa_remarks=''"
LINE_CLEARANCE,JIVO_OIL,2026-08-30T22:04:16+05:30,2026-08-19,10 Head,224,1,,,,,pre-production line clearance,CLEARED,,16.7,,,,,,,,all 9 checks YES,supervisor_sign=Ravi qa_approved_by_user=124 raised_by_user=24,9,,,,,,VERIFIED-live,"raised 2026-08-19T07:36:39; QA approved 2026-08-19T07:50:23.225700+05:30 (+13.7 min); line first produced 2026-08-19T07:53:21 (+16.7 min from raise, +3.0 min after QA); attachments=1; is_line_started=True; qa_remarks=''"
LINE_CLEARANCE,JIVO_OIL,2026-08-30T22:04:16+05:30,2026-08-19,JP Machine,225,2,,,,,pre-production line clearance,CLEARED,,14.5,,,,,,,,all 9 checks YES,supervisor_sign=Ravi qa_approved_by_user=124 raised_by_user=24,9,,,,,,VERIFIED-live,"raised 2026-08-19T07:38:57; QA approved 2026-08-19T07:51:44.052819+05:30 (+12.8 min); line first produced 2026-08-19T07:53:27 (+14.5 min from raise, +1.7 min after QA); attachments=1; is_line_started=True; qa_remarks=''"
LINE_CLEARANCE,JIVO_OIL,2026-08-30T22:04:16+05:30,2026-08-19,Clear Pack,226,3,,,,,pre-production line clearance,CLEARED,,11.5,,,,,,,,all 9 checks YES,supervisor_sign=Ravi qa_approved_by_user=124 raised_by_user=24,9,,,,,,VERIFIED-live,"raised 2026-08-19T07:42:03; QA approved 2026-08-19T07:51:55.827483+05:30 (+9.9 min); line first produced 2026-08-19T07:53:33 (+11.5 min from raise, +1.6 min after QA); attachments=1; is_line_started=True; qa_remarks=''"
LINE_CLEARANCE,JIVO_OIL,2026-08-30T22:04:16+05:30,2026-08-19,6 Head,227,4,,,,,pre-production line clearance,CLEARED,,8.8,,,,,,,,all 9 checks YES,supervisor_sign=Ravi qa_approved_by_user=124 raised_by_user=24,9,,,,,,VERIFIED-live,"raised 2026-08-19T07:44:47; QA approved 2026-08-19T07:52:00.662330+05:30 (+7.2 min); line first produced 2026-08-19T07:53:36 (+8.8 min from raise, +1.6 min after QA); attachments=1; is_line_started=True; qa_remarks=''"
LINE_CLEARANCE,JIVO_OIL,2026-08-30T22:04:16+05:30,2026-08-19,Tin Head,228,5,,,,,pre-production line clearance,CLEARED,,23.3,,,,,,,,all 9 checks YES,supervisor_sign=Ravi qa_approved_by_user=124 raised_by_user=24,9,,,,,,VERIFIED-live,"raised 2026-08-19T07:46:58; QA approved 2026-08-19T07:53:08.078349+05:30 (+6.2 min); line first produced 2026-08-19T08:10:17 (+23.3 min from raise, +17.2 min after QA); attachments=1; is_line_started=True; qa_remarks=''"
LINE_CLEARANCE,JIVO_OIL,2026-08-30T22:04:16+05:30,2026-08-19,6 Head,230,6,,,,,pre-production line clearance,CLEARED,,6.9,,,,,,,,all 9 checks YES,supervisor_sign=Ravi qa_approved_by_user=29 raised_by_user=24,9,,,,,,VERIFIED-live,"raised 2026-08-19T17:09:25; QA approved 2026-08-19T17:16:10.918628+05:30 (+6.8 min); line first produced 2026-08-19T17:16:21 (+6.9 min from raise, +0.2 min after QA); attachments=1; is_line_started=True; qa_remarks=''"
LINE_CLEARANCE,JIVO_OIL,2026-08-30T22:04:16+05:30,2026-08-20,10 Head,231,1,,,,,pre-production line clearance,CLEARED,,57.0,,,,,,,,all 9 checks YES,supervisor_sign=Ravi qa_approved_by_user=29 raised_by_user=24,9,,,,,,VERIFIED-live,"raised 2026-08-20T07:33:36; QA approved 2026-08-20T08:01:36.971451+05:30 (+28.0 min); line first produced 2026-08-20T08:30:35 (+57.0 min from raise, +29.0 min after QA); attachments=1; is_line_started=True; qa_remarks=''"
LINE_CLEARANCE,JIVO_OIL,2026-08-30T22:04:16+05:30,2026-08-20,6 Head,232,2,,,,,pre-production line clearance,CLEARED,,53.9,,,,,,,,all 9 checks YES,supervisor_sign=Ravi qa_approved_by_user=29 raised_by_user=24,9,,,,,,VERIFIED-live,"raised 2026-08-20T07:36:33; QA approved 2026-08-20T08:01:45.569544+05:30 (+25.2 min); line first produced 2026-08-20T08:30:29 (+53.9 min from raise, +28.7 min after QA); attachments=1; is_line_started=True; qa_remarks=''"
LINE_CLEARANCE,JIVO_OIL,2026-08-30T22:04:16+05:30,2026-08-20,JP Machine,233,3,,,,,pre-production line clearance,CLEARED,,51.7,,,,,,,,all 9 checks YES,supervisor_sign=Ravi qa_approved_by_user=29 raised_by_user=24,9,,,,,,VERIFIED-live,"raised 2026-08-20T07:38:46; QA approved 2026-08-20T08:01:49.403148+05:30 (+23.0 min); line first produced 2026-08-20T08:30:26 (+51.7 min from raise, +28.6 min after QA); attachments=1; is_line_started=True; qa_remarks=''"
LINE_CLEARANCE,JIVO_OIL,2026-08-30T22:04:16+05:30,2026-08-20,Clear Pack,234,4,,,,,pre-production line clearance,CLEARED,,47.9,,,,,,,,all 9 checks YES,supervisor_sign=Ravi qa_approved_by_user=29 raised_by_user=24,9,,,,,,VERIFIED-live,"raised 2026-08-20T07:42:29; QA approved 2026-08-20T08:01:40.773874+05:30 (+19.2 min); line first produced 2026-08-20T08:30:23 (+47.9 min from raise, +28.7 min after QA); attachments=1; is_line_started=True; qa_remarks=''"
LINE_CLEARANCE,JIVO_OIL,2026-08-30T22:04:16+05:30,2026-08-21,10 Head,236,1,,,,,pre-production line clearance,CLEARED,,103.0,,,,,,,,all 9 checks YES,supervisor_sign=Ravi qa_approved_by_user=29 raised_by_user=24,9,,,,,,VERIFIED-live,"raised 2026-08-21T07:23:52; QA approved 2026-08-21T09:04:55.072359+05:30 (+101.0 min); line first produced 2026-08-21T09:06:50 (+103.0 min from raise, +1.9 min after QA); attachments=1; is_line_started=True; qa_remarks=''"
LINE_CLEARANCE,JIVO_OIL,2026-08-30T22:04:16+05:30,2026-08-21,6 Head,237,2,,,,,pre-production line clearance,CLEARED,,101.0,,,,,,,,all 9 checks YES,supervisor_sign=Ravi qa_approved_by_user=29 raised_by_user=24,9,,,,,,VERIFIED-live,"raised 2026-08-21T07:25:43; QA approved 2026-08-21T09:05:02.355778+05:30 (+99.3 min); line first produced 2026-08-21T09:06:46 (+101.0 min from raise, +1.7 min after QA); attachments=1; is_line_started=True; qa_remarks=''"
LINE_CLEARANCE,JIVO_OIL,2026-08-30T22:04:16+05:30,2026-08-21,JP Machine,238,3,,,,,pre-production line clearance,CLEARED,,97.7,,,,,,,,all 9 checks YES,supervisor_sign=Ravi qa_approved_by_user=29 raised_by_user=24,9,,,,,,VERIFIED-live,"raised 2026-08-21T07:28:56; QA approved 2026-08-21T09:05:05.967618+05:30 (+96.2 min); line first produced 2026-08-21T09:06:37 (+97.7 min from raise, +1.5 min after QA); attachments=1; is_line_started=True; qa_remarks=''"
LINE_CLEARANCE,JIVO_OIL,2026-08-30T22:04:16+05:30,2026-08-21,Clear Pack,239,4,,,,,pre-production line clearance,CLEARED,,94.5,,,,,,,,all 9 checks YES,supervisor_sign=Ravi qa_approved_by_user=29 raised_by_user=24,9,,,,,,VERIFIED-live,"raised 2026-08-21T07:32:01; QA approved 2026-08-21T09:04:59.187726+05:30 (+93.0 min); line first produced 2026-08-21T09:06:32 (+94.5 min from raise, +1.6 min after QA); attachments=1; is_line_started=True; qa_remarks=''"
LINE_CLEARANCE,JIVO_OIL,2026-08-30T22:04:16+05:30,2026-08-22,6 Head,241,1,,,,,pre-production line clearance,CLEARED,,129.6,,,,,,,,all 9 checks YES,supervisor_sign=Ravi qa_approved_by_user=29 raised_by_user=24,9,,,,,,VERIFIED-live,"raised 2026-08-22T08:02:42; QA approved 2026-08-22T08:12:45.977908+05:30 (+10.1 min); line first produced 2026-08-22T10:12:19 (+129.6 min from raise, +119.6 min after QA); attachments=1; is_line_started=True; qa_remarks=''"
LINE_CLEARANCE,JIVO_OIL,2026-08-30T22:04:16+05:30,2026-08-22,10 Head,242,2,,,,,pre-production line clearance,CLEARED,,127.6,,,,,,,,all 9 checks YES,supervisor_sign=Ravi qa_approved_by_user=29 raised_by_user=24,9,,,,,,VERIFIED-live,"raised 2026-08-22T08:04:36; QA approved 2026-08-22T08:12:35.972369+05:30 (+8.0 min); line first produced 2026-08-22T10:12:13 (+127.6 min from raise, +119.6 min after QA); attachments=1; is_line_started=True; qa_remarks=''"
LINE_CLEARANCE,JIVO_OIL,2026-08-30T22:04:16+05:30,2026-08-22,JP Machine,243,3,,,,,pre-production line clearance,CLEARED,,125.2,,,,,,,,all 9 checks YES,supervisor_sign=Ravi qa_approved_by_user=29 raised_by_user=24,9,,,,,,VERIFIED-live,"raised 2026-08-22T08:06:57; QA approved 2026-08-22T08:12:58.671523+05:30 (+6.0 min); line first produced 2026-08-22T10:12:09 (+125.2 min from raise, +119.2 min after QA); attachments=1; is_line_started=True; qa_remarks=''"
LINE_CLEARANCE,JIVO_OIL,2026-08-30T22:04:16+05:30,2026-08-22,Clear Pack,244,4,,,,,pre-production line clearance,CLEARED,,122.2,,,,,,,,all 9 checks YES,supervisor_sign=Ravi qa_approved_by_user=29 raised_by_user=24,9,,,,,,VERIFIED-live,"raised 2026-08-22T08:09:50; QA approved 2026-08-22T08:12:40.815012+05:30 (+2.8 min); line first produced 2026-08-22T10:12:02 (+122.2 min from raise, +119.4 min after QA); attachments=1; is_line_started=True; qa_remarks=''"
LINE_CLEARANCE,JIVO_OIL,2026-08-30T22:04:16+05:30,2026-08-22,6 Head,246,5,,,,,pre-production line clearance,CLEARED,,7.7,,,,,,,,all 9 checks YES,supervisor_sign=Ravi qa_approved_by_user=124 raised_by_user=24,9,,,,,,VERIFIED-live,"raised 2026-08-22T16:30:54; QA approved 2026-08-22T16:38:26.044426+05:30 (+7.5 min); line first produced 2026-08-22T16:38:33 (+7.7 min from raise, +0.1 min after QA); attachments=1; is_line_started=True; qa_remarks=''"
LINE_CLEARANCE,JIVO_OIL,2026-08-30T22:04:16+05:30,2026-08-24,JP Machine,247,1,,,,,pre-production line clearance,CLEARED,,308.7,,,,,,,,all 9 checks YES,supervisor_sign=Ravi qa_approved_by_user=29 raised_by_user=24,9,,,,,,VERIFIED-live,"raised 2026-08-24T07:28:40; QA approved 2026-08-24T12:36:27.100130+05:30 (+307.8 min); line first produced 2026-08-24T12:37:22 (+308.7 min from raise, +0.9 min after QA); attachments=1; is_line_started=True; qa_remarks=''"
LINE_CLEARANCE,JIVO_OIL,2026-08-30T22:04:16+05:30,2026-08-24,Clear Pack,248,2,,,,,pre-production line clearance,CLEARED,,302.6,,,,,,,,all 9 checks YES,supervisor_sign=Ravi qa_approved_by_user=29 raised_by_user=24,9,,,,,,VERIFIED-live,"raised 2026-08-24T07:34:36; QA approved 2026-08-24T12:36:13.701829+05:30 (+301.6 min); line first produced 2026-08-24T12:37:15 (+302.6 min from raise, +1.0 min after QA); attachments=1; is_line_started=True; qa_remarks=''"
LINE_CLEARANCE,JIVO_OIL,2026-08-30T22:04:16+05:30,2026-08-24,6 Head,249,3,,,,,pre-production line clearance,CLEARED,,294.0,,,,,,,,all 9 checks YES,supervisor_sign=Ravi qa_approved_by_user=29 raised_by_user=24,9,,,,,,VERIFIED-live,"raised 2026-08-24T07:43:09; QA approved 2026-08-24T12:36:22.070872+05:30 (+293.2 min); line first produced 2026-08-24T12:37:10 (+294.0 min from raise, +0.8 min after QA); attachments=1; is_line_started=True; qa_remarks=''"
LINE_CLEARANCE,JIVO_OIL,2026-08-30T22:04:16+05:30,2026-08-24,10 Head,250,4,,,,,pre-production line clearance,CLEARED,,290.7,,,,,,,,all 9 checks YES,supervisor_sign=Ravi qa_approved_by_user=29 raised_by_user=24,9,,,,,,VERIFIED-live,"raised 2026-08-24T07:46:27; QA approved 2026-08-24T12:36:07.612191+05:30 (+289.7 min); line first produced 2026-08-24T12:37:06 (+290.7 min from raise, +1.0 min after QA); attachments=1; is_line_started=True; qa_remarks=''"
LINE_CLEARANCE,JIVO_OIL,2026-08-30T22:04:16+05:30,2026-08-25,Clear Pack,252,1,,,,,pre-production line clearance,CLEARED,,103.1,,,,,,,,all 9 checks YES,supervisor_sign=Ravi qa_approved_by_user=29 raised_by_user=24,9,,,,,,VERIFIED-live,"raised 2026-08-25T07:30:05; QA approved 2026-08-25T09:04:50.760223+05:30 (+94.8 min); line first produced 2026-08-25T09:13:13 (+103.1 min from raise, +8.4 min after QA); attachments=1; is_line_started=True; qa_remarks=''"
LINE_CLEARANCE,JIVO_OIL,2026-08-30T22:04:16+05:30,2026-08-25,JP Machine,253,2,,,,,pre-production line clearance,CLEARED,,252.0,,,,,,,,all 9 checks YES,supervisor_sign=Ravi qa_approved_by_user=29 raised_by_user=24,9,,,,,,VERIFIED-live,"raised 2026-08-25T07:38:31; QA approved 2026-08-25T09:05:04.734130+05:30 (+86.6 min); line first produced 2026-08-25T11:50:30 (+252.0 min from raise, +165.4 min after QA); attachments=1; is_line_started=True; qa_remarks=''"
LINE_CLEARANCE,JIVO_OIL,2026-08-30T22:04:16+05:30,2026-08-25,10 Head,254,3,,,,,pre-production line clearance,CLEARED,,75.3,,,,,,,,all 9 checks YES,supervisor_sign=Ravi qa_approved_by_user=29 raised_by_user=24,9,,,,,,VERIFIED-live,"raised 2026-08-25T07:56:28; QA approved 2026-08-25T09:05:15.123014+05:30 (+68.8 min); line first produced 2026-08-25T09:11:44 (+75.3 min from raise, +6.5 min after QA); attachments=1; is_line_started=True; qa_remarks=''"
LINE_CLEARANCE,JIVO_OIL,2026-08-30T22:04:16+05:30,2026-08-25,6 Head,255,4,,,,,pre-production line clearance,CLEARED,,63.6,,,,,,,,all 9 checks YES,supervisor_sign=Ravi qa_approved_by_user=29 raised_by_user=24,9,,,,,,VERIFIED-live,"raised 2026-08-25T08:09:08; QA approved 2026-08-25T09:05:10.649029+05:30 (+56.0 min); line first produced 2026-08-25T09:12:44 (+63.6 min from raise, +7.6 min after QA); attachments=1; is_line_started=True; qa_remarks=''"
LINE_CLEARANCE,JIVO_OIL,2026-08-30T22:04:16+05:30,2026-08-25,Pouch Machine,256,5,,,,,pre-production line clearance,CLEARED,,63.7,,,,,,,,all 9 checks YES,supervisor_sign=Ravi qa_approved_by_user=29 raised_by_user=24,9,,,,,,VERIFIED-live,"raised 2026-08-25T08:11:58; QA approved 2026-08-25T09:15:05.808010+05:30 (+63.1 min); line first produced 2026-08-25T09:15:38 (+63.7 min from raise, +0.5 min after QA); attachments=1; is_line_started=True; qa_remarks=''"
LINE_CLEARANCE,JIVO_OIL,2026-08-30T22:04:16+05:30,2026-08-25,6 Head,257,6,,,,,pre-production line clearance,CLEARED,,149.6,,,,,,,,all 9 checks YES,supervisor_sign=Ravi qa_approved_by_user=29 raised_by_user=24,9,,,,,,VERIFIED-live,"raised 2026-08-25T09:19:05; QA approved 2026-08-25T11:48:22.672109+05:30 (+149.3 min); line first produced 2026-08-25T11:48:39 (+149.6 min from raise, +0.3 min after QA); attachments=1; is_line_started=True; qa_remarks=''"
LINE_CLEARANCE,JIVO_OIL,2026-08-30T22:04:16+05:30,2026-08-25,JP Machine,259,7,,,,,pre-production line clearance,CLEARED,,100.0,,,,,,,,all 9 checks YES,supervisor_sign=Ravi qa_approved_by_user=29 raised_by_user=24,9,,,,,,VERIFIED-live,"raised 2026-08-25T11:56:39; QA approved 2026-08-25T13:36:24.043391+05:30 (+99.7 min); line first produced 2026-08-25T13:36:41 (+100.0 min from raise, +0.3 min after QA); attachments=1; is_line_started=True; qa_remarks=''"
LINE_CLEARANCE,JIVO_OIL,2026-08-30T22:04:16+05:30,2026-08-25,JP Machine,261,9,,,,,pre-production line clearance,CLEARED,,113.6,,,,,,,,all 9 checks YES,supervisor_sign=Ravi qa_approved_by_user=29 raised_by_user=24,9,,,,,,VERIFIED-live,"raised 2026-08-25T15:55:57; QA approved 2026-08-25T17:29:32.037175+05:30 (+93.6 min); line first produced 2026-08-25T17:49:33 (+113.6 min from raise, +20.0 min after QA); attachments=1; is_line_started=True; qa_remarks=''"
LINE_CLEARANCE,JIVO_OIL,2026-08-30T22:04:16+05:30,2026-08-25,6 Head,262,10,,,,,pre-production line clearance,CLEARED,,81.5,,,,,,,,all 9 checks YES,supervisor_sign=Ravi qa_approved_by_user=29 raised_by_user=24,9,,,,,,VERIFIED-live,"raised 2026-08-25T16:27:54; QA approved 2026-08-25T17:29:22.656596+05:30 (+61.5 min); line first produced 2026-08-25T17:49:22 (+81.5 min from raise, +20.0 min after QA); attachments=1; is_line_started=True; qa_remarks=''"
LINE_CLEARANCE,JIVO_OIL,2026-08-30T22:04:16+05:30,2026-08-26,10 Head,263,1,,,,,pre-production line clearance,CLEARED,,143.8,,,,,,,,all 9 checks YES,supervisor_sign=Ravi qa_approved_by_user=29 raised_by_user=24,9,,,,,,VERIFIED-live,"raised 2026-08-26T07:29:34; QA approved 2026-08-26T09:52:03.523476+05:30 (+142.5 min); line first produced 2026-08-26T09:53:21 (+143.8 min from raise, +1.3 min after QA); attachments=1; is_line_started=True; qa_remarks=''"
LINE_CLEARANCE,JIVO_OIL,2026-08-30T22:04:16+05:30,2026-08-26,Clear Pack,264,2,,,,,pre-production line clearance,CLEARED,,60.2,,,,,,,,all 9 checks YES,supervisor_sign=Ravi qa_approved_by_user=29 raised_by_user=24,9,,,,,,VERIFIED-live,"raised 2026-08-26T08:53:00; QA approved 2026-08-26T09:52:28.940910+05:30 (+59.5 min); line first produced 2026-08-26T09:53:12 (+60.2 min from raise, +0.7 min after QA); attachments=1; is_line_started=True; qa_remarks=''"
LINE_CLEARANCE,JIVO_OIL,2026-08-30T22:04:16+05:30,2026-08-26,JP Machine,266,3,,,,,pre-production line clearance,CLEARED,,12.7,,,,,,,,all 9 checks YES,supervisor_sign=Ravi qa_approved_by_user=29 raised_by_user=24,9,,,,,,VERIFIED-live,"raised 2026-08-26T09:40:23; QA approved 2026-08-26T09:52:11.808203+05:30 (+11.8 min); line first produced 2026-08-26T09:53:08 (+12.7 min from raise, +0.9 min after QA); attachments=1; is_line_started=True; qa_remarks=''"
LINE_CLEARANCE,JIVO_OIL,2026-08-30T22:04:16+05:30,2026-08-26,6 Head,267,4,,,,,pre-production line clearance,CLEARED,,7.5,,,,,,,,all 9 checks YES,supervisor_sign=Ravi qa_approved_by_user=29 raised_by_user=24,9,,,,,,VERIFIED-live,"raised 2026-08-26T09:45:35; QA approved 2026-08-26T09:51:18.062989+05:30 (+5.7 min); line first produced 2026-08-26T09:53:04 (+7.5 min from raise, +1.8 min after QA); attachments=1; is_line_started=True; qa_remarks=''"
LINE_CLEARANCE,JIVO_OIL,2026-08-30T22:04:16+05:30,2026-08-26,10 Head,268,5,,,,,pre-production line clearance,CLEARED,,6.1,,,,,,,,all 9 checks YES,supervisor_sign=Ravi qa_approved_by_user=29 raised_by_user=24,9,,,,,,VERIFIED-live,"raised 2026-08-26T09:46:57; QA approved 2026-08-26T09:51:41.336986+05:30 (+4.7 min); line first produced 2026-08-26T09:53:01 (+6.1 min from raise, +1.3 min after QA); attachments=1; is_line_started=True; qa_remarks=''"
LINE_CLEARANCE,JIVO_OIL,2026-08-30T22:04:16+05:30,2026-08-27,10 Head,269,1,,,,,pre-production line clearance,CLEARED,,86.9,,,,,,,,all 9 checks YES,supervisor_sign=Ravi qa_approved_by_user=29 raised_by_user=24,9,,,,,,VERIFIED-live,"raised 2026-08-27T07:33:08; QA approved 2026-08-27T08:58:37.341915+05:30 (+85.5 min); line first produced 2026-08-27T09:00:05 (+86.9 min from raise, +1.5 min after QA); attachments=1; is_line_started=True; qa_remarks=''"
LINE_CLEARANCE,JIVO_OIL,2026-08-30T22:04:16+05:30,2026-08-27,JP Machine,270,2,,,,,pre-production line clearance,CLEARED,,84.6,,,,,,,,all 9 checks YES,supervisor_sign=Ravi qa_approved_by_user=29 raised_by_user=24,9,,,,,,VERIFIED-live,"raised 2026-08-27T07:35:24; QA approved 2026-08-27T08:58:48.090080+05:30 (+83.4 min); line first produced 2026-08-27T09:00:00 (+84.6 min from raise, +1.2 min after QA); attachments=1; is_line_started=True; qa_remarks=''"
LINE_CLEARANCE,JIVO_OIL,2026-08-30T22:04:16+05:30,2026-08-27,Clear Pack,271,3,,,,,pre-production line clearance,CLEARED,,80.3,,,,,,,,all 9 checks YES,supervisor_sign=Ravi qa_approved_by_user=29 raised_by_user=24,9,,,,,,VERIFIED-live,"raised 2026-08-27T07:39:39; QA approved 2026-08-27T08:58:44.608825+05:30 (+79.1 min); line first produced 2026-08-27T08:59:56 (+80.3 min from raise, +1.2 min after QA); attachments=1; is_line_started=True; qa_remarks=''"
LINE_CLEARANCE,JIVO_OIL,2026-08-30T22:04:16+05:30,2026-08-27,6 Head,272,4,,,,,pre-production line clearance,CLEARED,,78.4,,,,,,,,all 9 checks YES,supervisor_sign=Ravi qa_approved_by_user=29 raised_by_user=24,9,,,,,,VERIFIED-live,"raised 2026-08-27T07:41:28; QA approved 2026-08-27T08:58:52.375032+05:30 (+77.4 min); line first produced 2026-08-27T08:59:53 (+78.4 min from raise, +1.0 min after QA); attachments=1; is_line_started=True; qa_remarks=''"
LINE_CLEARANCE,JIVO_OIL,2026-08-30T22:04:16+05:30,2026-08-29,Clear Pack,275,1,,,,,pre-production line clearance,CLEARED,,54.5,,,,,,,,all 9 checks YES,supervisor_sign=Ravi qa_approved_by_user=29 raised_by_user=24,9,,,,,,VERIFIED-live,"raised 2026-08-29T10:49:59; QA approved 2026-08-29T11:23:10.535540+05:30 (+33.2 min); line first produced 2026-08-29T11:44:31 (+54.5 min from raise, +21.3 min after QA); attachments=1; is_line_started=True; qa_remarks=''"
LINE_CLEARANCE,JIVO_OIL,2026-08-30T22:04:16+05:30,2026-08-29,JP Machine,276,2,,,,,pre-production line clearance,CLEARED,,28.9,,,,,,,,all 9 checks YES,supervisor_sign=Ravi qa_approved_by_user=29 raised_by_user=24,9,,,,,,VERIFIED-live,"raised 2026-08-29T11:13:50; QA approved 2026-08-29T11:23:45.502156+05:30 (+9.9 min); line first produced 2026-08-29T11:42:45 (+28.9 min from raise, +19.0 min after QA); attachments=1; is_line_started=True; qa_remarks=''"
LINE_CLEARANCE,JIVO_OIL,2026-08-30T22:04:16+05:30,2026-08-29,10 Head,277,3,,,,,pre-production line clearance,CLEARED,,25.2,,,,,,,,all 9 checks YES,supervisor_sign=Ravi qa_approved_by_user=29 raised_by_user=24,9,,,,,,VERIFIED-live,"raised 2026-08-29T11:17:23; QA approved 2026-08-29T11:23:01.098737+05:30 (+5.6 min); line first produced 2026-08-29T11:42:37 (+25.2 min from raise, +19.6 min after QA); attachments=1; is_line_started=True; qa_remarks=''"
LINE_CLEARANCE,JIVO_OIL,2026-08-30T22:04:16+05:30,2026-08-29,6 Head,278,4,,,,,pre-production line clearance,CLEARED,,23.5,,,,,,,,all 9 checks YES,supervisor_sign=Ravi qa_approved_by_user=29 raised_by_user=24,9,,,,,,VERIFIED-live,"raised 2026-08-29T11:18:58; QA approved 2026-08-29T11:23:20.299059+05:30 (+4.4 min); line first produced 2026-08-29T11:42:27 (+23.5 min from raise, +19.1 min after QA); attachments=1; is_line_started=True; qa_remarks=''"
LINE_CLEARANCE,JIVO_OIL,2026-08-30T22:04:16+05:30,2026-08-30,Clear Pack,279,1,,,,,pre-production line clearance,CLEARED,,110.5,,,,,,,,all 9 checks YES,supervisor_sign=Ravi qa_approved_by_user=29 raised_by_user=24,9,,,,,,VERIFIED-live,"raised 2026-08-30T07:39:23; QA approved 2026-08-30T07:59:28.743217+05:30 (+20.1 min); line first produced 2026-08-30T09:29:54 (+110.5 min from raise, +90.4 min after QA); attachments=1; is_line_started=True; qa_remarks=''"
LINE_CLEARANCE,JIVO_OIL,2026-08-30T22:04:16+05:30,2026-08-30,JP Machine,280,2,,,,,pre-production line clearance,CLEARED,,108.1,,,,,,,,all 9 checks YES,supervisor_sign=Ravi qa_approved_by_user=29 raised_by_user=24,9,,,,,,VERIFIED-live,"raised 2026-08-30T07:41:39; QA approved 2026-08-30T07:59:18.501671+05:30 (+17.6 min); line first produced 2026-08-30T09:29:44 (+108.1 min from raise, +90.4 min after QA); attachments=1; is_line_started=True; qa_remarks=''"
LINE_CLEARANCE,JIVO_OIL,2026-08-30T22:04:16+05:30,2026-08-30,10 Head,281,3,,,,,pre-production line clearance,CLEARED,,106.8,,,,,,,,all 9 checks YES,supervisor_sign=Ravi qa_approved_by_user=29 raised_by_user=24,9,,,,,,VERIFIED-live,"raised 2026-08-30T07:42:54; QA approved 2026-08-30T07:59:20.955256+05:30 (+16.4 min); line first produced 2026-08-30T09:29:39 (+106.8 min from raise, +90.3 min after QA); attachments=1; is_line_started=True; qa_remarks=''"
LINE_CLEARANCE,JIVO_OIL,2026-08-30T22:04:16+05:30,2026-08-30,6 Head,282,4,,,,,pre-production line clearance,CLEARED,,94.4,,,,,,,,all 9 checks YES,supervisor_sign=Ravi qa_approved_by_user=29 raised_by_user=24,9,,,,,,VERIFIED-live,"raised 2026-08-30T07:55:05; QA approved 2026-08-30T07:59:23.453859+05:30 (+4.3 min); line first produced 2026-08-30T09:29:30 (+94.4 min from raise, +90.1 min after QA); attachments=1; is_line_started=True; qa_remarks=''"
LINE_CLEARANCE,JIVO_OIL,2026-08-30T22:04:16+05:30,2026-08-30,6 Head,283,5,,,,,pre-production line clearance,CLEARED,,37.7,,,,,,,,all 9 checks YES,supervisor_sign=Ravi qa_approved_by_user=29 raised_by_user=24,9,,,,,,VERIFIED-live,"raised 2026-08-30T09:02:29; QA approved 2026-08-30T09:39:22.997935+05:30 (+36.9 min); line first produced 2026-08-30T09:40:09 (+37.7 min from raise, +0.8 min after QA); attachments=1; is_line_started=True; qa_remarks=''"
LINE_CLEARANCE,JIVO_OIL,2026-08-30T22:04:16+05:30,2026-08-30,Pouch Machine,284,6,,,,,pre-production line clearance,CLEARED,,57.7,,,,,,,,all 9 checks YES,supervisor_sign=Ravi qa_approved_by_user=29 raised_by_user=24,9,,,,,,VERIFIED-live,"raised 2026-08-30T09:57:19; QA approved 2026-08-30T10:33:33.656776+05:30 (+36.2 min); line first produced 2026-08-30T10:54:59 (+57.7 min from raise, +21.4 min after QA); attachments=1; is_line_started=True; qa_remarks=''"
LINE_CLEARANCE,JIVO_OIL,2026-08-30T22:04:16+05:30,2026-08-30,10 Head,285,7,,,,,pre-production line clearance,CLEARED,,14.0,,,,,,,,all 9 checks YES,supervisor_sign=RAVI qa_approved_by_user=29 raised_by_user=24,9,,,,,,VERIFIED-live,"raised 2026-08-30T15:13:20; QA approved 2026-08-30T15:14:57.860808+05:30 (+1.6 min); line first produced 2026-08-30T15:27:22 (+14.0 min from raise, +12.4 min after QA); attachments=1; is_line_started=True; qa_remarks=''"
LINE_CLEARANCE,JIVO_OIL,2026-08-30T22:04:16+05:30,2026-08-30,10 Head,285,7,,,,,pre-production line clearance,DRAFT,,1.8,,,,,,,"Previous product, labels and packaging materials removed; Machine/equipment cleaned and free from product residues; Utensils, scoops and accessories cleaned and available; Packaging area free from previous batch coding material; Work area (tables, conveyors, floor) cleaned and sanitized; Waste bins emptied and cleaned; Required packaging material verified against BOM; Coding machine updated with correct product/batch details; Environmental conditions (temperature/humidity) within limits",9 checkpoints not YES,supervisor_sign= qa_approved_by_user=None raised_by_user=24,9,,,,,,VERIFIED-live,"raised 2026-08-30T15:25:34; QA approved NEVER (+ min); line first produced 2026-08-30T15:27:22 (+1.8 min from raise, + min after QA); attachments=0; is_line_started=True; qa_remarks=''"
CLEARANCE_CHECKPOINT,JIVO_OIL,2026-08-30T22:04:16+05:30,,,,,,,,,checkpoint 1 of 9,"Previous product, labels and packaging materials removed",,,,,,,,,,,,216,,,,,,VERIFIED-live,"results across all 216 clearances: {'YES': 208, 'NA': 8} - NO checkpoint has EVER been answered 'NO' on any line"
CLEARANCE_CHECKPOINT,JIVO_OIL,2026-08-30T22:04:16+05:30,,,,,,,,,checkpoint 2 of 9,Machine/equipment cleaned and free from product residues,,,,,,,,,,,,216,,,,,,VERIFIED-live,"results across all 216 clearances: {'YES': 208, 'NA': 8} - NO checkpoint has EVER been answered 'NO' on any line"
CLEARANCE_CHECKPOINT,JIVO_OIL,2026-08-30T22:04:16+05:30,,,,,,,,,checkpoint 3 of 9,"Utensils, scoops and accessories cleaned and available",,,,,,,,,,,,216,,,,,,VERIFIED-live,"results across all 216 clearances: {'YES': 208, 'NA': 8} - NO checkpoint has EVER been answered 'NO' on any line"
CLEARANCE_CHECKPOINT,JIVO_OIL,2026-08-30T22:04:16+05:30,,,,,,,,,checkpoint 4 of 9,Packaging area free from previous batch coding material,,,,,,,,,,,,216,,,,,,VERIFIED-live,"results across all 216 clearances: {'YES': 208, 'NA': 8} - NO checkpoint has EVER been answered 'NO' on any line"
CLEARANCE_CHECKPOINT,JIVO_OIL,2026-08-30T22:04:16+05:30,,,,,,,,,checkpoint 5 of 9,"Work area (tables, conveyors, floor) cleaned and sanitized",,,,,,,,,,,,216,,,,,,VERIFIED-live,"results across all 216 clearances: {'YES': 208, 'NA': 8} - NO checkpoint has EVER been answered 'NO' on any line"
CLEARANCE_CHECKPOINT,JIVO_OIL,2026-08-30T22:04:16+05:30,,,,,,,,,checkpoint 6 of 9,Waste bins emptied and cleaned,,,,,,,,,,,,216,,,,,,VERIFIED-live,"results across all 216 clearances: {'YES': 208, 'NA': 8} - NO checkpoint has EVER been answered 'NO' on any line"
CLEARANCE_CHECKPOINT,JIVO_OIL,2026-08-30T22:04:16+05:30,,,,,,,,,checkpoint 7 of 9,Required packaging material verified against BOM,,,,,,,,,,,,216,,,,,,VERIFIED-live,"results across all 216 clearances: {'YES': 208, 'NA': 8} - NO checkpoint has EVER been answered 'NO' on any line"
CLEARANCE_CHECKPOINT,JIVO_OIL,2026-08-30T22:04:16+05:30,,,,,,,,,checkpoint 8 of 9,Coding machine updated with correct product/batch details,,,,,,,,,,,,216,,,,,,VERIFIED-live,"results across all 216 clearances: {'YES': 208, 'NA': 8} - NO checkpoint has EVER been answered 'NO' on any line"
CLEARANCE_CHECKPOINT,JIVO_OIL,2026-08-30T22:04:16+05:30,,,,,,,,,checkpoint 9 of 9,Environmental conditions (temperature/humidity) within limits,,,,,,,,,,,,216,,,,,,VERIFIED-live,"results across all 216 clearances: {'YES': 208, 'NA': 8} - NO checkpoint has EVER been answered 'NO' on any line"
BREAKDOWN,JIVO_OIL,2026-08-30T22:04:16+05:30,2026-05-26,10 Head,6,,,,,,logged breakdown,Machine,,0,,,,,,,Power Not available,,,,,,,,,VERIFIED-live,wall-clock 0.6 min; maintenance_work_order=NONE; asset=NONE; unrecovered=False; started 2026-05-26T12:42:36
BREAKDOWN,JIVO_OIL,2026-08-30T22:04:16+05:30,2026-06-12,Tin Head,9,,,,,,logged breakdown,Machine,,0,,,,,,,pm,,,,,,,,,VERIFIED-live,wall-clock 0.2 min; maintenance_work_order=NONE; asset=NONE; unrecovered=False; started 2026-06-11T17:34:44
BREAKDOWN,JIVO_OIL,2026-08-30T22:04:16+05:30,2026-07-10,JP Machine,14,,,,,,logged breakdown,RM Short,,0,,,,,,,Oil is not,,,,,,,,,VERIFIED-live,wall-clock 0.5 min; maintenance_work_order=NONE; asset=NONE; unrecovered=False; started 2026-07-10T11:51:45
BREAKDOWN,JIVO_OIL,2026-08-30T22:04:16+05:30,2026-07-10,10 Head,15,,,,,,logged breakdown,RM Short,,0,,,,,,,Material shortage,,,,,,,,,VERIFIED-live,wall-clock 0.4 min; maintenance_work_order=NONE; asset=NONE; unrecovered=False; started 2026-07-10T12:56:24
BREAKDOWN,JIVO_OIL,2026-08-30T22:04:16+05:30,2026-07-27,JP Machine,98,,,,,,logged breakdown,PM Short,,1,,,,,,,sticker,,,,,,,,,VERIFIED-live,wall-clock 1.8 min; maintenance_work_order=NONE; asset=NONE; unrecovered=False; started 2026-07-27T12:24:50
BREAKDOWN,JIVO_OIL,2026-08-30T22:04:16+05:30,2026-07-27,Clear Pack,99,,,,,,logged breakdown,Machine,,0,,,,,,,Jaam lagne,,,,,,,,,VERIFIED-live,wall-clock 0.6 min; maintenance_work_order=NONE; asset=NONE; unrecovered=False; started 2026-07-27T12:26:20
BREAKDOWN,JIVO_OIL,2026-08-30T22:04:16+05:30,2026-07-27,Clear Pack,99,,,,,,logged breakdown,PM Short,,16,,,,,,,shrink,,,,,,,,,VERIFIED-live,wall-clock 16.1 min; maintenance_work_order=NONE; asset=NONE; unrecovered=False; started 2026-07-27T14:09:52
BREAKDOWN,JIVO_OIL,2026-08-30T22:04:16+05:30,2026-07-27,JP Machine,98,,,,,,logged breakdown,RM Short,,15,,,,,,,palat nahi,,,,,,,,,VERIFIED-live,wall-clock 15.2 min; maintenance_work_order=NONE; asset=NONE; unrecovered=False; started 2026-07-27T14:39:40
BREAKDOWN,JIVO_OIL,2026-08-30T22:04:16+05:30,2026-07-27,6 Head,101,,,,,,logged breakdown,Machine,,11,,,,,,,bach machine,,,,,,,,,VERIFIED-live,wall-clock 11.3 min; maintenance_work_order=NONE; asset=NONE; unrecovered=False; started 2026-07-27T16:29:45
BREAKDOWN,JIVO_OIL,2026-08-30T22:04:16+05:30,2026-07-27,Clear Pack,99,,,,,,logged breakdown,PM Short,,2,,,,,,,shrink,,,,,,,,,VERIFIED-live,wall-clock 2.6 min; maintenance_work_order=NONE; asset=NONE; unrecovered=False; started 2026-07-27T16:42:02
BREAKDOWN,JIVO_OIL,2026-08-30T22:04:16+05:30,2026-07-27,6 Head,101,,,,,,logged breakdown,PM Short,,4,,,,,,,Lable,,,,,,,,,VERIFIED-live,wall-clock 4.5 min; maintenance_work_order=NONE; asset=NONE; unrecovered=False; started 2026-07-27T16:51:11
BREAKDOWN,JIVO_OIL,2026-08-30T22:04:16+05:30,2026-07-28,Clear Pack,106,,,,,,logged breakdown,PM Short,,30,,,,,,,pilot nahi,,,,,,,,,VERIFIED-live,wall-clock 30.6 min; maintenance_work_order=NONE; asset=NONE; unrecovered=False; started 2026-07-28T11:41:06
BREAKDOWN,JIVO_OIL,2026-08-30T22:04:16+05:30,2026-07-28,JP Machine,105,,,,,,logged breakdown,PM Short,,1,,,,,,,sticker change,,,,,,,,,VERIFIED-live,wall-clock 1.4 min; maintenance_work_order=NONE; asset=NONE; unrecovered=False; started 2026-07-28T11:52:01
BREAKDOWN,JIVO_OIL,2026-08-30T22:04:16+05:30,2026-07-28,6 Head,104,,,,,,logged breakdown,Machine,,432,,,,,,,machine,,,,,,,,,VERIFIED-live,wall-clock 432.6 min; maintenance_work_order=NONE; asset=NONE; unrecovered=True; started 2026-07-28T12:08:28
BREAKDOWN,JIVO_OIL,2026-08-30T22:04:16+05:30,2026-07-28,JP Machine,105,,,,,,logged breakdown,PM Short,,5,,,,,,,pilot,,,,,,,,,VERIFIED-live,wall-clock 5.8 min; maintenance_work_order=NONE; asset=NONE; unrecovered=False; started 2026-07-28T14:24:51
BREAKDOWN,JIVO_OIL,2026-08-30T22:04:16+05:30,2026-07-28,JP Machine,105,,,,,,logged breakdown,PM Short,,5,,,,,,,STICKER CHAJ,,,,,,,,,VERIFIED-live,wall-clock 5.4 min; maintenance_work_order=NONE; asset=NONE; unrecovered=False; started 2026-07-28T16:33:22
BREAKDOWN,JIVO_OIL,2026-08-30T22:04:16+05:30,2026-07-28,Clear Pack,106,,,,,,logged breakdown,PM Short,,7,,,,,,,shrink,,,,,,,,,VERIFIED-live,wall-clock 7.4 min; maintenance_work_order=NONE; asset=NONE; unrecovered=False; started 2026-07-28T16:57:55
BREAKDOWN,JIVO_OIL,2026-08-30T22:04:16+05:30,2026-07-28,Clear Pack,106,,,,,,logged breakdown,PM Short,,49,,,,,,,can nahi hai,,,,,,,,,VERIFIED-live,wall-clock 49.1 min; maintenance_work_order=NONE; asset=NONE; unrecovered=False; started 2026-07-28T17:48:48
BREAKDOWN,JIVO_OIL,2026-08-30T22:04:16+05:30,2026-07-28,10 Head,103,,,,,,logged breakdown,PM Short,,44,,,,,,,carton,,,,,,,,,VERIFIED-live,wall-clock 44.4 min; maintenance_work_order=NONE; asset=NONE; unrecovered=True; started 2026-07-28T18:42:06
BREAKDOWN,JIVO_OIL,2026-08-30T22:04:16+05:30,2026-07-29,JP Machine,111,,,,,,logged breakdown,Other,,1,,,,,,,power na,,,,,,,,,VERIFIED-live,wall-clock 1.1 min; maintenance_work_order=NONE; asset=NONE; unrecovered=False; started 2026-07-29T14:06:18
BREAKDOWN,JIVO_OIL,2026-08-30T22:04:16+05:30,2026-07-29,10 Head,109,,,,,,logged breakdown,PM Short,,90,,,,,,,bottle nahi,,,,,,,,,VERIFIED-live,wall-clock 90.4 min; maintenance_work_order=NONE; asset=NONE; unrecovered=False; started 2026-07-29T14:35:05
BREAKDOWN,JIVO_OIL,2026-08-30T22:04:16+05:30,2026-07-29,Clear Pack,113,,,,,,logged breakdown,PM Short,,13,,,,,,,shrink,,,,,,,,,VERIFIED-live,wall-clock 13.0 min; maintenance_work_order=NONE; asset=NONE; unrecovered=False; started 2026-07-29T18:06:12
BREAKDOWN,JIVO_OIL,2026-08-30T22:04:16+05:30,2026-07-29,JP Machine,111,,,,,,logged breakdown,Machine,,44,,,,,,,machine,,,,,,,,,VERIFIED-live,wall-clock 44.1 min; maintenance_work_order=NONE; asset=NONE; unrecovered=True; started 2026-07-29T18:18:58
BREAKDOWN,JIVO_OIL,2026-08-30T22:04:16+05:30,2026-07-30,Clear Pack,115,,,,,,logged breakdown,Machine,,373,,,,,,,machine,,,,,,,,,VERIFIED-live,wall-clock 373.7 min; maintenance_work_order=NONE; asset=NONE; unrecovered=True; started 2026-07-30T09:59:40
BREAKDOWN,JIVO_OIL,2026-08-30T22:04:16+05:30,2026-07-30,6 Head,119,,,,,,logged breakdown,PM Short,,13,,,,,,,sticker nahi hai,,,,,,,,,VERIFIED-live,wall-clock 13.5 min; maintenance_work_order=NONE; asset=NONE; unrecovered=False; started 2026-07-30T13:42:16
BREAKDOWN,JIVO_OIL,2026-08-30T22:04:16+05:30,2026-07-30,JP Machine,116,,,,,,logged breakdown,Machine,,18,,,,,,,machine,,,,,,,,,VERIFIED-live,wall-clock 18.1 min; maintenance_work_order=NONE; asset=NONE; unrecovered=True; started 2026-07-30T17:26:03
BREAKDOWN,JIVO_OIL,2026-08-30T22:04:16+05:30,2026-07-31,Clear Pack,123,,,,,,logged breakdown,PM Short,,14,,,,,,,sticker,,,,,,,,,VERIFIED-live,wall-clock 14.1 min; maintenance_work_order=NONE; asset=NONE; unrecovered=False; started 2026-07-31T09:42:48
BREAKDOWN,JIVO_OIL,2026-08-30T22:04:16+05:30,2026-07-31,JP Machine,124,,,,,,logged breakdown,PM Short,,17,,,,,,,bottle issue,,,,,,,,,VERIFIED-live,wall-clock 17.5 min; maintenance_work_order=NONE; asset=NONE; unrecovered=False; started 2026-07-31T09:43:30
BREAKDOWN,JIVO_OIL,2026-08-30T22:04:16+05:30,2026-07-31,Clear Pack,123,,,,,,logged breakdown,PM Short,,12,,,,,,,sticker issue,,,,,,,,,VERIFIED-live,wall-clock 12.8 min; maintenance_work_order=NONE; asset=NONE; unrecovered=False; started 2026-07-31T11:55:37
BREAKDOWN,JIVO_OIL,2026-08-30T22:04:16+05:30,2026-07-31,Clear Pack,123,,,,,,logged breakdown,PM Short,,6,,,,,,,sticker issue,,,,,,,,,VERIFIED-live,wall-clock 6.6 min; maintenance_work_order=NONE; asset=NONE; unrecovered=False; started 2026-07-31T13:45:33
BREAKDOWN,JIVO_OIL,2026-08-30T22:04:16+05:30,2026-07-31,JP Machine,124,,,,,,logged breakdown,PM Short,,65,,,,,,,sticker issue,,,,,,,,,VERIFIED-live,wall-clock 65.5 min; maintenance_work_order=NONE; asset=NONE; unrecovered=False; started 2026-07-31T14:14:34
BREAKDOWN,JIVO_OIL,2026-08-30T22:04:16+05:30,2026-07-31,JP Machine,124,,,,,,logged breakdown,PM Short,,38,,,,,,,sticker issue,,,,,,,,,VERIFIED-live,wall-clock 38.2 min; maintenance_work_order=NONE; asset=NONE; unrecovered=False; started 2026-07-31T15:22:40
BREAKDOWN,JIVO_OIL,2026-08-30T22:04:16+05:30,2026-07-31,Clear Pack,123,,,,,,logged breakdown,PM Short,,61,,,,,,,sticker issue,,,,,,,,,VERIFIED-live,wall-clock 61.9 min; maintenance_work_order=NONE; asset=NONE; unrecovered=False; started 2026-07-31T16:08:10
BREAKDOWN,JIVO_OIL,2026-08-30T22:04:16+05:30,2026-07-31,6 Head,126,,,,,,logged breakdown,PM Short,,13,,,,,,,sticker issue,,,,,,,,,VERIFIED-live,wall-clock 13.2 min; maintenance_work_order=NONE; asset=NONE; unrecovered=False; started 2026-07-31T17:24:16
BREAKDOWN,JIVO_OIL,2026-08-30T22:04:16+05:30,2026-07-31,Clear Pack,123,,,,,,logged breakdown,PM Short,,1,,,,,,,sticker issue,,,,,,,,,VERIFIED-live,wall-clock 1.6 min; maintenance_work_order=NONE; asset=NONE; unrecovered=False; started 2026-07-31T17:35:25
BREAKDOWN,JIVO_OIL,2026-08-30T22:04:16+05:30,2026-08-01,JP Machine,128,,,,,,logged breakdown,PM Short,,62,,,,,,,bottle issue,,,,,,,,,VERIFIED-live,wall-clock 62.1 min; maintenance_work_order=NONE; asset=NONE; unrecovered=False; started 2026-08-01T13:14:15
BREAKDOWN,JIVO_OIL,2026-08-30T22:04:16+05:30,2026-08-01,6 Head,130,,,,,,logged breakdown,Machine,,1,,,,,,,Machine problem,,,,,,,,,VERIFIED-live,wall-clock 1.9 min; maintenance_work_order=NONE; asset=NONE; unrecovered=False; started 2026-08-01T13:32:57
BREAKDOWN,JIVO_OIL,2026-08-30T22:04:16+05:30,2026-08-03,6 Head,137,,,,,,logged breakdown,Machine,,0,,,,,,,machine,,,,,,,,,VERIFIED-live,wall-clock 0.0 min; maintenance_work_order=NONE; asset=NONE; unrecovered=True; started 2026-08-03T11:45:46
BREAKDOWN,JIVO_OIL,2026-08-30T22:04:16+05:30,2026-08-03,Clear Pack,142,,,,,,logged breakdown,PM Short,,33,,,,,,,bottle issue,,,,,,,,,VERIFIED-live,wall-clock 33.6 min; maintenance_work_order=NONE; asset=NONE; unrecovered=True; started 2026-08-03T15:51:15
BREAKDOWN,JIVO_OIL,2026-08-30T22:04:16+05:30,2026-08-04,10 Head,148,,,,,,logged breakdown,Machine,,70,,,,,,,machine,,,,,,,,,VERIFIED-live,wall-clock 70.4 min; maintenance_work_order=NONE; asset=NONE; unrecovered=False; started 2026-08-04T10:00:09
BREAKDOWN,JIVO_OIL,2026-08-30T22:04:16+05:30,2026-08-04,Pouch Machine,150,,,,,,logged breakdown,RM Short,,77,,,,,,,oli issue,,,,,,,,,VERIFIED-live,wall-clock 77.0 min; maintenance_work_order=NONE; asset=NONE; unrecovered=False; started 2026-08-04T15:10:16
BREAKDOWN,JIVO_OIL,2026-08-30T22:04:16+05:30,2026-08-05,Clear Pack,161,,,,,,logged breakdown,Machine,,79,,,,,,,SHRINK,,,,,,,,,VERIFIED-live,wall-clock 79.6 min; maintenance_work_order=NONE; asset=NONE; unrecovered=False; started 2026-08-05T14:45:07
BREAKDOWN,JIVO_OIL,2026-08-30T22:04:16+05:30,2026-08-06,Pouch Machine,166,,,,,,logged breakdown,RM Short,,324,,,,,,,oil issue,,,,,,,,,VERIFIED-live,wall-clock 325.0 min; maintenance_work_order=NONE; asset=NONE; unrecovered=True; started 2026-08-06T14:55:38
BREAKDOWN,JIVO_OIL,2026-08-30T22:04:16+05:30,2026-08-07,Clear Pack,172,,,,,,logged breakdown,PM Short,,11,,,,,,,SHRINK,,,,,,,,,VERIFIED-live,wall-clock 11.2 min; maintenance_work_order=NONE; asset=NONE; unrecovered=False; started 2026-08-07T12:49:15
BREAKDOWN,JIVO_OIL,2026-08-30T22:04:16+05:30,2026-08-07,Clear Pack,172,,,,,,logged breakdown,Machine,,10,,,,,,,MACHIN,,,,,,,,,VERIFIED-live,wall-clock 11.0 min; maintenance_work_order=NONE; asset=NONE; unrecovered=False; started 2026-08-07T13:53:59
BREAKDOWN,JIVO_OIL,2026-08-30T22:04:16+05:30,2026-08-07,JP Machine,171,,,,,,logged breakdown,Machine,,17,,,,,,,SEEL,,,,,,,,,VERIFIED-live,wall-clock 17.3 min; maintenance_work_order=NONE; asset=NONE; unrecovered=False; started 2026-08-07T13:54:49
BREAKDOWN,JIVO_OIL,2026-08-30T22:04:16+05:30,2026-08-07,Clear Pack,172,,,,,,logged breakdown,PM Short,,20,,,,,,,HDPE,,,,,,,,,VERIFIED-live,wall-clock 20.6 min; maintenance_work_order=NONE; asset=NONE; unrecovered=False; started 2026-08-07T14:31:54
BREAKDOWN,JIVO_OIL,2026-08-30T22:04:16+05:30,2026-08-07,Clear Pack,172,,,,,,logged breakdown,PM Short,,24,,,,,,,SHRINK,,,,,,,,,VERIFIED-live,wall-clock 24.1 min; maintenance_work_order=NONE; asset=NONE; unrecovered=False; started 2026-08-07T16:27:47
BREAKDOWN,JIVO_OIL,2026-08-30T22:04:16+05:30,2026-08-07,Clear Pack,172,,,,,,logged breakdown,PM Short,,21,,,,,,,sticker issue,,,,,,,,,VERIFIED-live,wall-clock 21.1 min; maintenance_work_order=NONE; asset=NONE; unrecovered=False; started 2026-08-07T16:58:42
BREAKDOWN,JIVO_OIL,2026-08-30T22:04:16+05:30,2026-08-10,JP Machine,181,,,,,,logged breakdown,Machine,,78,,,,,,,MACHIN,,,,,,,,,VERIFIED-live,wall-clock 78.5 min; maintenance_work_order=NONE; asset=NONE; unrecovered=False; started 2026-08-10T13:46:19
BREAKDOWN,JIVO_OIL,2026-08-30T22:04:16+05:30,2026-08-10,JP Machine,185,,,,,,logged breakdown,Machine,,15,,,,,,,MACHIN,,,,,,,,,VERIFIED-live,wall-clock 15.4 min; maintenance_work_order=NONE; asset=NONE; unrecovered=False; started 2026-08-10T17:24:11
BREAKDOWN,JIVO_OIL,2026-08-30T22:04:16+05:30,2026-08-11,JP Machine,189,,,,,,logged breakdown,PM Short,,468,,,,,,,label issue,,,,,,,,,VERIFIED-live,wall-clock 468.6 min; maintenance_work_order=NONE; asset=NONE; unrecovered=True; started 2026-08-11T14:06:09
BREAKDOWN,JIVO_OIL,2026-08-30T22:04:16+05:30,2026-08-11,6 Head,191,,,,,,logged breakdown,PM Short,,287,,,,,,,HDPE,,,,,,,,,VERIFIED-live,wall-clock 287.0 min; maintenance_work_order=NONE; asset=NONE; unrecovered=True; started 2026-08-11T17:09:39
BREAKDOWN,JIVO_OIL,2026-08-30T22:04:16+05:30,2026-08-12,6 Head,198,,,,,,logged breakdown,PM Short,,47,,,,,,,HDPE,,,,,,,,,VERIFIED-live,wall-clock 47.8 min; maintenance_work_order=NONE; asset=NONE; unrecovered=True; started 2026-08-12T12:52:27
BREAKDOWN,JIVO_OIL,2026-08-30T22:04:16+05:30,2026-08-27,6 Head,272,,,,,,logged breakdown,Other,,61,,,,,,,Oil khatam,,,,,,,,,VERIFIED-live,wall-clock 61.1 min; maintenance_work_order=NONE; asset=NONE; unrecovered=True; started 2026-08-27T10:36:09
BREAKDOWN,JIVO_OIL,2026-08-30T22:04:16+05:30,2026-08-27,10 Head,269,,,,,,logged breakdown,PM Short,,0,,,,,,,Cap khatam,,,,,,,,,VERIFIED-live,wall-clock 0.3 min; maintenance_work_order=NONE; asset=NONE; unrecovered=False; started 2026-08-27T15:53:12
WASTE,JIVO_OIL,2026-08-30T22:04:16+05:30,2026-05-04,10 Head,2,,PM0000862,CAP 10 ML,,,wastage log,20.0,PCS,,,,,,,,ghjk,PENDING,,,,,,,,VERIFIED-live,run 2 (2026-05-04) COLD PRESS GROUNDNUT OIL 1 LTR 16 PCS; engineer/AM/store/HOD signatures ALL BLANK; logged 2026-05-04T12:20:24
WASTE,JIVO_OIL,2026-08-30T22:04:16+05:30,2026-07-22,Clear Pack,65,,PM0000230,LABEL 1 LTR SUNFLOWER FRONT,,,wastage log,200.0,PCS,,,,,,,,,PENDING,,,,,,,,VERIFIED-live,run 65 (2026-07-22) COLD PRESS SUNFLOWER 1 LTR 20 PCS; engineer/AM/store/HOD signatures ALL BLANK; logged 2026-07-22T15:11:59
WASTE,JIVO_OIL,2026-08-30T22:04:16+05:30,2026-07-22,Clear Pack,65,,PM0000231,LABEL 1 LTR SUNFLOWER BACK,,,wastage log,200.0,PCS,,,,,,,,,PENDING,,,,,,,,VERIFIED-live,run 65 (2026-07-22) COLD PRESS SUNFLOWER 1 LTR 20 PCS; engineer/AM/store/HOD signatures ALL BLANK; logged 2026-07-22T15:11:59
WASTE,JIVO_OIL,2026-08-30T22:04:16+05:30,2026-07-22,Clear Pack,65,,PM0000075,TAPE LOGO PRINTED,,,wastage log,10.0,MTR,,,,,,,,,PENDING,,,,,,,,VERIFIED-live,run 65 (2026-07-22) COLD PRESS SUNFLOWER 1 LTR 20 PCS; engineer/AM/store/HOD signatures ALL BLANK; logged 2026-07-22T15:10:38
WASTE,JIVO_OIL,2026-08-30T22:04:16+05:30,2026-07-22,Clear Pack,65,,PM0000194,PET BOTTLE 1 LTR 40 GMS,,,wastage log,42.0,PCS,,,,,,,,,PENDING,,,,,,,,VERIFIED-live,run 65 (2026-07-22) COLD PRESS SUNFLOWER 1 LTR 20 PCS; engineer/AM/store/HOD signatures ALL BLANK; logged 2026-07-22T15:10:38
WASTE,JIVO_OIL,2026-08-30T22:04:16+05:30,2026-07-22,Clear Pack,65,,PM0000230,LABEL 1 LTR SUNFLOWER FRONT,,,wastage log,150.0,PCS,,,,,,,,,PENDING,,,,,,,,VERIFIED-live,run 65 (2026-07-22) COLD PRESS SUNFLOWER 1 LTR 20 PCS; engineer/AM/store/HOD signatures ALL BLANK; logged 2026-07-22T15:10:38
WASTE,JIVO_OIL,2026-08-30T22:04:16+05:30,2026-07-22,Clear Pack,65,,PM0000231,LABEL 1 LTR SUNFLOWER BACK,,,wastage log,130.0,PCS,,,,,,,,,PENDING,,,,,,,,VERIFIED-live,run 65 (2026-07-22) COLD PRESS SUNFLOWER 1 LTR 20 PCS; engineer/AM/store/HOD signatures ALL BLANK; logged 2026-07-22T15:10:38
WASTE,JIVO_OIL,2026-08-30T22:04:16+05:30,2026-07-22,Clear Pack,65,,PM0000006,CARTON 1 LTR 20 PCS PET 40 GM,,,wastage log,1.0,PCS,,,,,,,,,PENDING,,,,,,,,VERIFIED-live,run 65 (2026-07-22) COLD PRESS SUNFLOWER 1 LTR 20 PCS; engineer/AM/store/HOD signatures ALL BLANK; logged 2026-07-22T15:10:38
WASTE,JIVO_OIL,2026-08-30T22:04:16+05:30,2026-07-29,Clear Pack,113,,PM0000884,SHRINK POF ROLL KG,,,wastage log,3.0,KGS,,,,,,,,,PENDING,,,,,,,,VERIFIED-live,run 113 (2026-07-29) COLD PRESS 5 LTR 4 PCS; engineer/AM/store/HOD signatures ALL BLANK; logged 2026-07-30T14:31:45
WASTE,JIVO_OIL,2026-08-30T22:04:16+05:30,2026-07-29,Clear Pack,113,,PM0000535,LABEL 5 LTR COLD PRESS BACK 994,,,wastage log,60.0,PCS,,,,,,,,,PENDING,,,,,,,,VERIFIED-live,run 113 (2026-07-29) COLD PRESS 5 LTR 4 PCS; engineer/AM/store/HOD signatures ALL BLANK; logged 2026-07-30T14:31:45
WASTE,JIVO_OIL,2026-08-30T22:04:16+05:30,2026-07-29,Clear Pack,113,,PM0000046,LABEL 5 LTR COLD PRESS FRONT,,,wastage log,60.0,PCS,,,,,,,,,PENDING,,,,,,,,VERIFIED-live,run 113 (2026-07-29) COLD PRESS 5 LTR 4 PCS; engineer/AM/store/HOD signatures ALL BLANK; logged 2026-07-30T14:31:45
WASTE,JIVO_OIL,2026-08-30T22:04:16+05:30,2026-07-29,Clear Pack,113,,PM0000468,CAPS 5 LTR GREEN,,,wastage log,107.0,PCS,,,,,,,,,PENDING,,,,,,,,VERIFIED-live,run 113 (2026-07-29) COLD PRESS 5 LTR 4 PCS; engineer/AM/store/HOD signatures ALL BLANK; logged 2026-07-30T14:31:45
WASTE,JIVO_OIL,2026-08-30T22:04:16+05:30,2026-07-29,Clear Pack,113,,PM0000053,HDPE BOTTLE 5 LTR,,,wastage log,19.0,PCS,,,,,,,,,PENDING,,,,,,,,VERIFIED-live,run 113 (2026-07-29) COLD PRESS 5 LTR 4 PCS; engineer/AM/store/HOD signatures ALL BLANK; logged 2026-07-30T14:31:45
WASTE,JIVO_OIL,2026-08-30T22:04:16+05:30,2026-07-29,JP Machine,111,,PM0000851,PET BOTTLE 1 LTR 26 GM,,,wastage log,205.0,PCS,,,,,,,,,PENDING,,,,,,,,VERIFIED-live,run 111 (2026-07-29) SANO MUSTARD OIL 1 LTR 20 PCS; engineer/AM/store/HOD signatures ALL BLANK; logged 2026-07-30T14:25:40
WASTE,JIVO_OIL,2026-08-30T22:04:16+05:30,2026-07-29,JP Machine,111,,PM0000370,LABEL 1 LTR MUSTARD FRONT SANO,,,wastage log,100.0,PCS,,,,,,,,,PENDING,,,,,,,,VERIFIED-live,run 111 (2026-07-29) SANO MUSTARD OIL 1 LTR 20 PCS; engineer/AM/store/HOD signatures ALL BLANK; logged 2026-07-30T14:25:40
WASTE,JIVO_OIL,2026-08-30T22:04:16+05:30,2026-07-29,JP Machine,111,,PM0000369,LABEL 1 LTR MUSTARD BACK SANO,,,wastage log,100.0,PCS,,,,,,,,,PENDING,,,,,,,,VERIFIED-live,run 111 (2026-07-29) SANO MUSTARD OIL 1 LTR 20 PCS; engineer/AM/store/HOD signatures ALL BLANK; logged 2026-07-30T14:25:40
WASTE,JIVO_OIL,2026-08-30T22:04:16+05:30,2026-07-29,JP Machine,111,,PM0000235,CAPS 1 LTR WHITE AND YELLOW SMALL PLAIN,,,wastage log,155.0,PCS,,,,,,,,,PENDING,,,,,,,,VERIFIED-live,run 111 (2026-07-29) SANO MUSTARD OIL 1 LTR 20 PCS; engineer/AM/store/HOD signatures ALL BLANK; logged 2026-07-30T14:25:40
WASTE,JIVO_OIL,2026-08-30T22:04:16+05:30,2026-07-29,10 Head,109,,PM0000195,PET BOTTLE 1 LTR 52 GMS GREEN,,,wastage log,34.0,PCS,,,,,,,,,PENDING,,,,,,,,VERIFIED-live,run 109 (2026-07-29) EXTRA VIRGIN OLIVE 1 LTR 16 PCS; engineer/AM/store/HOD signatures ALL BLANK; logged 2026-07-30T14:24:40
WASTE,JIVO_OIL,2026-08-30T22:04:16+05:30,2026-07-29,10 Head,109,,PM0000158,LABEL 1 LTR EXTRA VIRGIN FRONT,,,wastage log,113.0,PCS,,,,,,,,,PENDING,,,,,,,,VERIFIED-live,run 109 (2026-07-29) EXTRA VIRGIN OLIVE 1 LTR 16 PCS; engineer/AM/store/HOD signatures ALL BLANK; logged 2026-07-30T14:24:40
WASTE,JIVO_OIL,2026-08-30T22:04:16+05:30,2026-07-29,10 Head,109,,PM0000159,LABEL 1 LTR EXTRA VIRGIN BACK,,,wastage log,113.0,PCS,,,,,,,,,PENDING,,,,,,,,VERIFIED-live,run 109 (2026-07-29) EXTRA VIRGIN OLIVE 1 LTR 16 PCS; engineer/AM/store/HOD signatures ALL BLANK; logged 2026-07-30T14:24:40
WASTE,JIVO_OIL,2026-08-30T22:04:16+05:30,2026-07-29,10 Head,109,,PM0000003,CARTON 1 LTR POMACE 16 PCS,,,wastage log,2.0,PCS,,,,,,,,,PENDING,,,,,,,,VERIFIED-live,run 109 (2026-07-29) EXTRA VIRGIN OLIVE 1 LTR 16 PCS; engineer/AM/store/HOD signatures ALL BLANK; logged 2026-07-30T14:24:40
WASTE,JIVO_OIL,2026-08-30T22:04:16+05:30,2026-07-29,10 Head,109,,PM0000079,CAPS 1 & 2 LTR FULL GREEN WITH LOGO,,,wastage log,80.0,PCS,,,,,,,,,PENDING,,,,,,,,VERIFIED-live,run 109 (2026-07-29) EXTRA VIRGIN OLIVE 1 LTR 16 PCS; engineer/AM/store/HOD signatures ALL BLANK; logged 2026-07-30T14:24:40
WASTE,JIVO_OIL,2026-08-30T22:04:16+05:30,2026-07-29,6 Head,110,,PM0000517,PET BOTTLE 1 LTR 75 GMS,,,wastage log,115.0,PCS,,,,,,,,,PENDING,,,,,,,,VERIFIED-live,run 110 (2026-07-29) YELLOW MUSTARD OIL 1 LTR 20 PCS; engineer/AM/store/HOD signatures ALL BLANK; logged 2026-07-30T14:23:38
WASTE,JIVO_OIL,2026-08-30T22:04:16+05:30,2026-07-29,6 Head,110,,PM0000308,LABEL 1 LTR PRESSED YELLOW MUSTARD OIL FRONT,,,wastage log,50.0,PCS,,,,,,,,,PENDING,,,,,,,,VERIFIED-live,run 110 (2026-07-29) YELLOW MUSTARD OIL 1 LTR 20 PCS; engineer/AM/store/HOD signatures ALL BLANK; logged 2026-07-30T14:23:38
WASTE,JIVO_OIL,2026-08-30T22:04:16+05:30,2026-07-29,6 Head,110,,PM0000307,LABEL 1 LTR PRESSED YELLOW MUSTARD OIL BACK,,,wastage log,40.0,PCS,,,,,,,,,PENDING,,,,,,,,VERIFIED-live,run 110 (2026-07-29) YELLOW MUSTARD OIL 1 LTR 20 PCS; engineer/AM/store/HOD signatures ALL BLANK; logged 2026-07-30T14:23:38
WASTE,JIVO_OIL,2026-08-30T22:04:16+05:30,2026-07-29,6 Head,110,,PM0000727,CAPS 1 & 2 LTR WHITE AND RED-ORANGE WITH LOGO YMO,,,wastage log,5.0,PCS,,,,,,,,,PENDING,,,,,,,,VERIFIED-live,run 110 (2026-07-29) YELLOW MUSTARD OIL 1 LTR 20 PCS; engineer/AM/store/HOD signatures ALL BLANK; logged 2026-07-30T14:23:38
WASTE,JIVO_OIL,2026-08-30T22:04:16+05:30,2026-07-29,10 Head,114,,PM0000834,TIN 3 LTR EXTRA VIRGIN OLIVE OIL PRINTED,,,wastage log,3.0,PCS,,,,,,,,,PENDING,,,,,,,,VERIFIED-live,run 114 (2026-07-29) EXTRA VIRGIN OLIVE 3 LTR TIN 3 PCS; engineer/AM/store/HOD signatures ALL BLANK; logged 2026-07-30T14:22:31
WASTE,JIVO_OIL,2026-08-30T22:04:16+05:30,2026-07-29,10 Head,114,,PM0000899,CARTON 3 LTR OLIVE 3 PCS,,,wastage log,2.0,PCS,,,,,,,,,PENDING,,,,,,,,VERIFIED-live,run 114 (2026-07-29) EXTRA VIRGIN OLIVE 3 LTR TIN 3 PCS; engineer/AM/store/HOD signatures ALL BLANK; logged 2026-07-30T14:22:31
WASTE,JIVO_OIL,2026-08-30T22:04:16+05:30,2026-07-29,10 Head,114,,PM0000078,CAPS 5 LTR/15 LTR,,,wastage log,1.0,PCS,,,,,,,,,PENDING,,,,,,,,VERIFIED-live,run 114 (2026-07-29) EXTRA VIRGIN OLIVE 3 LTR TIN 3 PCS; engineer/AM/store/HOD signatures ALL BLANK; logged 2026-07-30T14:22:31
WASTE,JIVO_OIL,2026-08-30T22:04:16+05:30,2026-07-30,6 Head,119,,PM0000517,PET BOTTLE 1 LTR 75 GMS,,,wastage log,32.0,PCS,,,,,,,,,PENDING,,,,,,,,VERIFIED-live,run 119 (2026-07-30) YELLOW MUSTARD OIL 1 LTR 20 PCS; engineer/AM/store/HOD signatures ALL BLANK; logged 2026-07-31T10:29:07
WASTE,JIVO_OIL,2026-08-30T22:04:16+05:30,2026-07-30,6 Head,119,,PM0000308,LABEL 1 LTR PRESSED YELLOW MUSTARD OIL FRONT,,,wastage log,20.0,PCS,,,,,,,,,PENDING,,,,,,,,VERIFIED-live,run 119 (2026-07-30) YELLOW MUSTARD OIL 1 LTR 20 PCS; engineer/AM/store/HOD signatures ALL BLANK; logged 2026-07-31T10:29:07
WASTE,JIVO_OIL,2026-08-30T22:04:16+05:30,2026-07-30,6 Head,119,,PM0000307,LABEL 1 LTR PRESSED YELLOW MUSTARD OIL BACK,,,wastage log,25.0,PCS,,,,,,,,,PENDING,,,,,,,,VERIFIED-live,run 119 (2026-07-30) YELLOW MUSTARD OIL 1 LTR 20 PCS; engineer/AM/store/HOD signatures ALL BLANK; logged 2026-07-31T10:29:07
WASTE,JIVO_OIL,2026-08-30T22:04:16+05:30,2026-07-30,6 Head,119,,PM0000727,CAPS 1 & 2 LTR WHITE AND RED-ORANGE WITH LOGO YMO,,,wastage log,187.0,PCS,,,,,,,,,PENDING,,,,,,,,VERIFIED-live,run 119 (2026-07-30) YELLOW MUSTARD OIL 1 LTR 20 PCS; engineer/AM/store/HOD signatures ALL BLANK; logged 2026-07-31T10:29:07
WASTE,JIVO_OIL,2026-08-30T22:04:16+05:30,2026-07-30,10 Head,117,,PM0000121,PET BOTTLE 1 LTR 52 GMS POMACE,,,wastage log,46.0,PCS,,,,,,,,,PENDING,,,,,,,,VERIFIED-live,run 117 (2026-07-30) COLD PRESS GROUNDNUT OIL 1 LTR 16 PCS; engineer/AM/store/HOD signatures ALL BLANK; logged 2026-07-31T10:28:22
WASTE,JIVO_OIL,2026-08-30T22:04:16+05:30,2026-07-30,10 Head,117,,PM0000425,LABEL 1 LTR GROUNDNUT FRONT,,,wastage log,102.0,PCS,,,,,,,,,PENDING,,,,,,,,VERIFIED-live,run 117 (2026-07-30) COLD PRESS GROUNDNUT OIL 1 LTR 16 PCS; engineer/AM/store/HOD signatures ALL BLANK; logged 2026-07-31T10:28:22
WASTE,JIVO_OIL,2026-08-30T22:04:16+05:30,2026-07-30,10 Head,117,,PM0000426,LABEL 1 LTR GROUNDNUT BACK,,,wastage log,102.0,PCS,,,,,,,,,PENDING,,,,,,,,VERIFIED-live,run 117 (2026-07-30) COLD PRESS GROUNDNUT OIL 1 LTR 16 PCS; engineer/AM/store/HOD signatures ALL BLANK; logged 2026-07-31T10:28:22
WASTE,JIVO_OIL,2026-08-30T22:04:16+05:30,2026-07-30,10 Head,117,,PM0000724,CAPS 1 & 2 LTR WHITE AND LIGHT-BROWN WITH LOGO GO,,,wastage log,105.0,PCS,,,,,,,,,PENDING,,,,,,,,VERIFIED-live,run 117 (2026-07-30) COLD PRESS GROUNDNUT OIL 1 LTR 16 PCS; engineer/AM/store/HOD signatures ALL BLANK; logged 2026-07-31T10:28:22
WASTE,JIVO_OIL,2026-08-30T22:04:16+05:30,2026-07-30,JP Machine,116,,PM0000121,PET BOTTLE 1 LTR 52 GMS POMACE,,,wastage log,66.0,PCS,,,,,,,,,PENDING,,,,,,,,VERIFIED-live,run 116 (2026-07-30) COLD PRESS GROUNDNUT OIL 1 LTR 16 PCS; engineer/AM/store/HOD signatures ALL BLANK; logged 2026-07-31T10:27:13
WASTE,JIVO_OIL,2026-08-30T22:04:16+05:30,2026-07-30,JP Machine,116,,PM0000425,LABEL 1 LTR GROUNDNUT FRONT,,,wastage log,30.0,PCS,,,,,,,,,PENDING,,,,,,,,VERIFIED-live,run 116 (2026-07-30) COLD PRESS GROUNDNUT OIL 1 LTR 16 PCS; engineer/AM/store/HOD signatures ALL BLANK; logged 2026-07-31T10:27:13
WASTE,JIVO_OIL,2026-08-30T22:04:16+05:30,2026-07-30,JP Machine,116,,PM0000426,LABEL 1 LTR GROUNDNUT BACK,,,wastage log,30.0,PCS,,,,,,,,,PENDING,,,,,,,,VERIFIED-live,run 116 (2026-07-30) COLD PRESS GROUNDNUT OIL 1 LTR 16 PCS; engineer/AM/store/HOD signatures ALL BLANK; logged 2026-07-31T10:27:13
WASTE,JIVO_OIL,2026-08-30T22:04:16+05:30,2026-07-30,JP Machine,116,,PM0000724,CAPS 1 & 2 LTR WHITE AND LIGHT-BROWN WITH LOGO GO,,,wastage log,155.0,PCS,,,,,,,,,PENDING,,,,,,,,VERIFIED-live,run 116 (2026-07-30) COLD PRESS GROUNDNUT OIL 1 LTR 16 PCS; engineer/AM/store/HOD signatures ALL BLANK; logged 2026-07-31T10:27:12
WASTE,JIVO_OIL,2026-08-30T22:04:16+05:30,2026-07-30,Clear Pack,115,,PM0000046,LABEL 5 LTR COLD PRESS FRONT,,,wastage log,10.0,PCS,,,,,,,,,PENDING,,,,,,,,VERIFIED-live,run 115 (2026-07-30) COLD PRESS 5 LTR 4 PCS; engineer/AM/store/HOD signatures ALL BLANK; logged 2026-07-31T10:25:36
WASTE,JIVO_OIL,2026-08-30T22:04:16+05:30,2026-07-30,Clear Pack,115,,PM0000535,LABEL 5 LTR COLD PRESS BACK 994,,,wastage log,15.0,PCS,,,,,,,,,PENDING,,,,,,,,VERIFIED-live,run 115 (2026-07-30) COLD PRESS 5 LTR 4 PCS; engineer/AM/store/HOD signatures ALL BLANK; logged 2026-07-31T10:25:36
WASTE,JIVO_OIL,2026-08-30T22:04:16+05:30,2026-07-30,Clear Pack,115,,PM0000053,HDPE BOTTLE 5 LTR,,,wastage log,9.0,PCS,,,,,,,,,PENDING,,,,,,,,VERIFIED-live,run 115 (2026-07-30) COLD PRESS 5 LTR 4 PCS; engineer/AM/store/HOD signatures ALL BLANK; logged 2026-07-31T10:25:36
WASTE,JIVO_OIL,2026-08-30T22:04:16+05:30,2026-07-30,Clear Pack,115,,PM0000468,CAPS 5 LTR GREEN,,,wastage log,135.0,PCS,,,,,,,,,PENDING,,,,,,,,VERIFIED-live,run 115 (2026-07-30) COLD PRESS 5 LTR 4 PCS; engineer/AM/store/HOD signatures ALL BLANK; logged 2026-07-31T10:25:36
WASTE,JIVO_OIL,2026-08-30T22:04:16+05:30,2026-07-30,Clear Pack,122,,PM0000015,LABEL 1 LTR COLD PRESS FRONT,,,wastage log,150.0,PCS,,,,,,,,,PENDING,,,,,,,,VERIFIED-live,run 122 (2026-07-30) COLD PRESS 1 LTR 20 PCS; engineer/AM/store/HOD signatures ALL BLANK; logged 2026-07-31T10:24:32
WASTE,JIVO_OIL,2026-08-30T22:04:16+05:30,2026-07-30,Clear Pack,122,,PM0000014,LABEL 1 LTR COLD PRESS BACK 8181,,,wastage log,150.0,PCS,,,,,,,,,PENDING,,,,,,,,VERIFIED-live,run 122 (2026-07-30) COLD PRESS 1 LTR 20 PCS; engineer/AM/store/HOD signatures ALL BLANK; logged 2026-07-31T10:24:32
WASTE,JIVO_OIL,2026-08-30T22:04:16+05:30,2026-07-31,Clear Pack,123,,PM0000194,PET BOTTLE 1 LTR 40 GMS,,,wastage log,107.0,PCS,,,,,,,,,PENDING,,,,,,,,VERIFIED-live,run 123 (2026-07-31) COLD PRESS 1 LTR 20 PCS; engineer/AM/store/HOD signatures ALL BLANK; logged 2026-08-01T10:23:22
WASTE,JIVO_OIL,2026-08-30T22:04:16+05:30,2026-07-31,Clear Pack,123,,PM0000015,LABEL 1 LTR COLD PRESS FRONT,,,wastage log,150.0,PCS,,,,,,,,,PENDING,,,,,,,,VERIFIED-live,run 123 (2026-07-31) COLD PRESS 1 LTR 20 PCS; engineer/AM/store/HOD signatures ALL BLANK; logged 2026-08-01T10:23:22
WASTE,JIVO_OIL,2026-08-30T22:04:16+05:30,2026-07-31,Clear Pack,123,,PM0000014,LABEL 1 LTR COLD PRESS BACK 8181,,,wastage log,160.0,PCS,,,,,,,,,PENDING,,,,,,,,VERIFIED-live,run 123 (2026-07-31) COLD PRESS 1 LTR 20 PCS; engineer/AM/store/HOD signatures ALL BLANK; logged 2026-08-01T10:23:22
WASTE,JIVO_OIL,2026-08-30T22:04:16+05:30,2026-07-31,Clear Pack,123,,PM0000006,CARTON 1 LTR 20 PCS,,,wastage log,4.0,PCS,,,,,,,,,PENDING,,,,,,,,VERIFIED-live,run 123 (2026-07-31) COLD PRESS 1 LTR 20 PCS; engineer/AM/store/HOD signatures ALL BLANK; logged 2026-08-01T10:23:22
WASTE,JIVO_OIL,2026-08-30T22:04:16+05:30,2026-07-31,Clear Pack,123,,PM0000079,CAPS 1 & 2 LTR FULL GREEN WITH LOGO,,,wastage log,220.0,PCS,,,,,,,,,PENDING,,,,,,,,VERIFIED-live,run 123 (2026-07-31) COLD PRESS 1 LTR 20 PCS; engineer/AM/store/HOD signatures ALL BLANK; logged 2026-08-01T10:23:22
WASTE,JIVO_OIL,2026-08-30T22:04:16+05:30,2026-07-31,JP Machine,124,,PM0000121,PET BOTTLE 1 LTR 52 GMS POMACE,,,wastage log,25.0,PCS,,,,,,,,,PENDING,,,,,,,,VERIFIED-live,run 124 (2026-07-31) COLD PRESS GROUNDNUT OIL 1 LTR 16 PCS; engineer/AM/store/HOD signatures ALL BLANK; logged 2026-08-01T10:22:19
WASTE,JIVO_OIL,2026-08-30T22:04:16+05:30,2026-07-31,JP Machine,124,,PM0000425,LABEL 1 LTR GROUNDNUT FRONT,,,wastage log,50.0,PCS,,,,,,,,,PENDING,,,,,,,,VERIFIED-live,run 124 (2026-07-31) COLD PRESS GROUNDNUT OIL 1 LTR 16 PCS; engineer/AM/store/HOD signatures ALL BLANK; logged 2026-08-01T10:22:19
WASTE,JIVO_OIL,2026-08-30T22:04:16+05:30,2026-07-31,JP Machine,124,,PM0000426,LABEL 1 LTR GROUNDNUT BACK,,,wastage log,50.0,PCS,,,,,,,,,PENDING,,,,,,,,VERIFIED-live,run 124 (2026-07-31) COLD PRESS GROUNDNUT OIL 1 LTR 16 PCS; engineer/AM/store/HOD signatures ALL BLANK; logged 2026-08-01T10:22:19
WASTE,JIVO_OIL,2026-08-30T22:04:16+05:30,2026-07-31,JP Machine,124,,PM0000003,CARTON 1 LTR POMACE 16 PCS,,,wastage log,2.0,PCS,,,,,,,,,PENDING,,,,,,,,VERIFIED-live,run 124 (2026-07-31) COLD PRESS GROUNDNUT OIL 1 LTR 16 PCS; engineer/AM/store/HOD signatures ALL BLANK; logged 2026-08-01T10:22:19
WASTE,JIVO_OIL,2026-08-30T22:04:16+05:30,2026-07-31,JP Machine,124,,PM0000724,CAPS 1 & 2 LTR WHITE AND LIGHT-BROWN WITH LOGO GO,,,wastage log,105.0,PCS,,,,,,,,,PENDING,,,,,,,,VERIFIED-live,run 124 (2026-07-31) COLD PRESS GROUNDNUT OIL 1 LTR 16 PCS; engineer/AM/store/HOD signatures ALL BLANK; logged 2026-08-01T10:22:19
WASTE,JIVO_OIL,2026-08-30T22:04:16+05:30,2026-07-31,10 Head,125,,PM0000121,PET BOTTLE 1 LTR 52 GMS POMACE,,,wastage log,147.0,PCS,,,,,,,,,PENDING,,,,,,,,VERIFIED-live,run 125 (2026-07-31) POMACE OLIVE 1 LTR 16 PCS; engineer/AM/store/HOD signatures ALL BLANK; logged 2026-08-01T10:21:29
WASTE,JIVO_OIL,2026-08-30T22:04:16+05:30,2026-07-31,10 Head,125,,PM0000108,LABEL 1 LTR POMACE FRONT,,,wastage log,187.0,PCS,,,,,,,,,PENDING,,,,,,,,VERIFIED-live,run 125 (2026-07-31) POMACE OLIVE 1 LTR 16 PCS; engineer/AM/store/HOD signatures ALL BLANK; logged 2026-08-01T10:21:29
WASTE,JIVO_OIL,2026-08-30T22:04:16+05:30,2026-07-31,10 Head,125,,PM0000107,LABEL 1 LTR POMACE BACK,,,wastage log,187.0,PCS,,,,,,,,,PENDING,,,,,,,,VERIFIED-live,run 125 (2026-07-31) POMACE OLIVE 1 LTR 16 PCS; engineer/AM/store/HOD signatures ALL BLANK; logged 2026-08-01T10:21:29
WASTE,JIVO_OIL,2026-08-30T22:04:16+05:30,2026-07-31,10 Head,125,,PM0000003,CARTON 1 LTR POMACE 16 PCS,,,wastage log,1.0,PCS,,,,,,,,,PENDING,,,,,,,,VERIFIED-live,run 125 (2026-07-31) POMACE OLIVE 1 LTR 16 PCS; engineer/AM/store/HOD signatures ALL BLANK; logged 2026-08-01T10:21:29
WASTE,JIVO_OIL,2026-08-30T22:04:16+05:30,2026-07-31,10 Head,125,,PM0000506,CAPS 1 & 2 LTR FULL GREEN PLAIN,,,wastage log,174.0,PCS,,,,,,,,,PENDING,,,,,,,,VERIFIED-live,run 125 (2026-07-31) POMACE OLIVE 1 LTR 16 PCS; engineer/AM/store/HOD signatures ALL BLANK; logged 2026-08-01T10:21:29
WASTE,JIVO_OIL,2026-08-30T22:04:16+05:30,2026-07-31,6 Head,126,,PM0000118,LABEL 3 LTR COLD PRESS FRONT,,,wastage log,20.0,PCS,,,,,,,,,PENDING,,,,,,,,VERIFIED-live,run 126 (2026-07-31) COLD PRESS 3 LTR 6 PCS; engineer/AM/store/HOD signatures ALL BLANK; logged 2026-08-01T10:18:23
WASTE,JIVO_OIL,2026-08-30T22:04:16+05:30,2026-07-31,6 Head,126,,PM0000117,LABEL 3 LTR COLD PRESS BACK,,,wastage log,25.0,PCS,,,,,,,,,PENDING,,,,,,,,VERIFIED-live,run 126 (2026-07-31) COLD PRESS 3 LTR 6 PCS; engineer/AM/store/HOD signatures ALL BLANK; logged 2026-08-01T10:18:23
WASTE,JIVO_OIL,2026-08-30T22:04:16+05:30,2026-07-31,6 Head,126,,PM0000113,HDPE BOTTLE 3 LTR,,,wastage log,4.0,PCS,,,,,,,,,PENDING,,,,,,,,VERIFIED-live,run 126 (2026-07-31) COLD PRESS 3 LTR 6 PCS; engineer/AM/store/HOD signatures ALL BLANK; logged 2026-08-01T10:18:23
WASTE,JIVO_OIL,2026-08-30T22:04:16+05:30,2026-07-31,6 Head,126,,PM0000182,CARTON 3 LTR 6 PCS,,,wastage log,8.0,PCS,,,,,,,,,PENDING,,,,,,,,VERIFIED-live,run 126 (2026-07-31) COLD PRESS 3 LTR 6 PCS; engineer/AM/store/HOD signatures ALL BLANK; logged 2026-08-01T10:18:23
WASTE,JIVO_OIL,2026-08-30T22:04:16+05:30,2026-07-31,6 Head,126,,PM0000062,CAPS 5 LTR,,,wastage log,10.0,PCS,,,,,,,,,PENDING,,,,,,,,VERIFIED-live,run 126 (2026-07-31) COLD PRESS 3 LTR 6 PCS; engineer/AM/store/HOD signatures ALL BLANK; logged 2026-08-01T10:18:23
WASTE,JIVO_OIL,2026-08-30T22:04:16+05:30,2026-08-01,Clear Pack,134,,PM0000194,PET BOTTLE 1 LTR 40 GMS,,,wastage log,5.0,PCS,,,,,,,,,PENDING,,,,,,,,VERIFIED-live,run 134 (2026-08-01) COLD PRESS 1 LTR 20 PCS; engineer/AM/store/HOD signatures ALL BLANK; logged 2026-08-03T15:43:02
WASTE,JIVO_OIL,2026-08-30T22:04:16+05:30,2026-08-01,Clear Pack,134,,PM0000015,LABEL 1 LTR COLD PRESS FRONT,,,wastage log,20.0,PCS,,,,,,,,,PENDING,,,,,,,,VERIFIED-live,run 134 (2026-08-01) COLD PRESS 1 LTR 20 PCS; engineer/AM/store/HOD signatures ALL BLANK; logged 2026-08-03T15:43:02
WASTE,JIVO_OIL,2026-08-30T22:04:16+05:30,2026-08-01,Clear Pack,134,,PM0000014,LABEL 1 LTR COLD PRESS BACK 8181,,,wastage log,30.0,PCS,,,,,,,,,PENDING,,,,,,,,VERIFIED-live,run 134 (2026-08-01) COLD PRESS 1 LTR 20 PCS; engineer/AM/store/HOD signatures ALL BLANK; logged 2026-08-03T15:43:02
WASTE,JIVO_OIL,2026-08-30T22:04:16+05:30,2026-08-01,Clear Pack,134,,PM0000006,CARTON 1 LTR 20 PCS,,,wastage log,1.0,PCS,,,,,,,,,PENDING,,,,,,,,VERIFIED-live,run 134 (2026-08-01) COLD PRESS 1 LTR 20 PCS; engineer/AM/store/HOD signatures ALL BLANK; logged 2026-08-03T15:43:02
WASTE,JIVO_OIL,2026-08-30T22:04:16+05:30,2026-08-01,Clear Pack,134,,PM0000079,CAPS 1 & 2 LTR FULL GREEN WITH LOGO,,,wastage log,15.0,PCS,,,,,,,,,PENDING,,,,,,,,VERIFIED-live,run 134 (2026-08-01) COLD PRESS 1 LTR 20 PCS; engineer/AM/store/HOD signatures ALL BLANK; logged 2026-08-03T15:43:02
WASTE,JIVO_OIL,2026-08-30T22:04:16+05:30,2026-08-01,6 Head,131,,PM0000052,LABEL 5 LTR REFINED FRONT,,,wastage log,10.0,PCS,,,,,,,,,PENDING,,,,,,,,VERIFIED-live,run 131 (2026-08-01) REFINED OIL 5 LTR; engineer/AM/store/HOD signatures ALL BLANK; logged 2026-08-03T15:36:39
WASTE,JIVO_OIL,2026-08-30T22:04:16+05:30,2026-08-01,6 Head,131,,PM0000051,LABEL 5 LTR REFINED BACK,,,wastage log,15.0,PCS,,,,,,,,,PENDING,,,,,,,,VERIFIED-live,run 131 (2026-08-01) REFINED OIL 5 LTR; engineer/AM/store/HOD signatures ALL BLANK; logged 2026-08-03T15:36:39
WASTE,JIVO_OIL,2026-08-30T22:04:16+05:30,2026-08-01,6 Head,131,,PM0000053,HDPE BOTTLE 5 LTR,,,wastage log,1.0,PCS,,,,,,,,,PENDING,,,,,,,,VERIFIED-live,run 131 (2026-08-01) REFINED OIL 5 LTR; engineer/AM/store/HOD signatures ALL BLANK; logged 2026-08-03T15:36:39
WASTE,JIVO_OIL,2026-08-30T22:04:16+05:30,2026-08-01,6 Head,131,,PM0000471,CAPS 5 LTR BLUE,,,wastage log,20.0,PCS,,,,,,,,,PENDING,,,,,,,,VERIFIED-live,run 131 (2026-08-01) REFINED OIL 5 LTR; engineer/AM/store/HOD signatures ALL BLANK; logged 2026-08-03T15:36:39
WASTE,JIVO_OIL,2026-08-30T22:04:16+05:30,2026-08-01,6 Head,132,,PM0000057,PET BOTTLE 2 LTR 66 GMS,,,wastage log,11.0,PCS,,,,,,,,,PENDING,,,,,,,,VERIFIED-live,run 132 (2026-08-01) REFINED OIL 2 LTR; engineer/AM/store/HOD signatures ALL BLANK; logged 2026-08-03T15:35:58
WASTE,JIVO_OIL,2026-08-30T22:04:16+05:30,2026-08-01,6 Head,132,,PM0000042,LABEL 2 LTR REFINED FRONT,,,wastage log,10.0,PCS,,,,,,,,,PENDING,,,,,,,,VERIFIED-live,run 132 (2026-08-01) REFINED OIL 2 LTR; engineer/AM/store/HOD signatures ALL BLANK; logged 2026-08-03T15:35:58
WASTE,JIVO_OIL,2026-08-30T22:04:16+05:30,2026-08-01,6 Head,132,,PM0000041,LABEL 2 LTR REFINED BACK,,,wastage log,15.0,PCS,,,,,,,,,PENDING,,,,,,,,VERIFIED-live,run 132 (2026-08-01) REFINED OIL 2 LTR; engineer/AM/store/HOD signatures ALL BLANK; logged 2026-08-03T15:35:58
WASTE,JIVO_OIL,2026-08-30T22:04:16+05:30,2026-08-01,6 Head,132,,PM0000060,CAPS 1 & 2 LTR WHITE AND BLUE WITH LOGO,,,wastage log,10.0,PCS,,,,,,,,,PENDING,,,,,,,,VERIFIED-live,run 132 (2026-08-01) REFINED OIL 2 LTR; engineer/AM/store/HOD signatures ALL BLANK; logged 2026-08-03T15:35:58
WASTE,JIVO_OIL,2026-08-30T22:04:16+05:30,2026-08-01,6 Head,130,,PM0000118,LABEL 3 LTR COLD PRESS FRONT,,,wastage log,10.0,PCS,,,,,,,,,PENDING,,,,,,,,VERIFIED-live,run 130 (2026-08-01) COLD PRESS 3 LTR 6 PCS; engineer/AM/store/HOD signatures ALL BLANK; logged 2026-08-03T15:33:59
WASTE,JIVO_OIL,2026-08-30T22:04:16+05:30,2026-08-01,6 Head,130,,PM0000117,LABEL 3 LTR COLD PRESS BACK,,,wastage log,20.0,PCS,,,,,,,,,PENDING,,,,,,,,VERIFIED-live,run 130 (2026-08-01) COLD PRESS 3 LTR 6 PCS; engineer/AM/store/HOD signatures ALL BLANK; logged 2026-08-03T15:33:59
WASTE,JIVO_OIL,2026-08-30T22:04:16+05:30,2026-08-01,6 Head,130,,PM0000113,HDPE BOTTLE 3 LTR,,,wastage log,2.0,PCS,,,,,,,,,PENDING,,,,,,,,VERIFIED-live,run 130 (2026-08-01) COLD PRESS 3 LTR 6 PCS; engineer/AM/store/HOD signatures ALL BLANK; logged 2026-08-03T15:33:59
WASTE,JIVO_OIL,2026-08-30T22:04:16+05:30,2026-08-01,6 Head,130,,PM0000062,CAPS 5 LTR,,,wastage log,4.0,PCS,,,,,,,,,PENDING,,,,,,,,VERIFIED-live,run 130 (2026-08-01) COLD PRESS 3 LTR 6 PCS; engineer/AM/store/HOD signatures ALL BLANK; logged 2026-08-03T15:33:59
WASTE,JIVO_OIL,2026-08-30T22:04:16+05:30,2026-08-01,10 Head,129,,PM0000121,PET BOTTLE 1 LTR 52 GMS POMACE,,,wastage log,80.0,PCS,,,,,,,,,PENDING,,,,,,,,VERIFIED-live,run 129 (2026-08-01) SANO POMACE OLIVE 1 LTR 16 PCS; engineer/AM/store/HOD signatures ALL BLANK; logged 2026-08-03T15:33:06
WASTE,JIVO_OIL,2026-08-30T22:04:16+05:30,2026-08-01,10 Head,129,,PM0000386,LABEL 1 LTR POMACE FRONT SANO,,,wastage log,200.0,PCS,,,,,,,,,PENDING,,,,,,,,VERIFIED-live,run 129 (2026-08-01) SANO POMACE OLIVE 1 LTR 16 PCS; engineer/AM/store/HOD signatures ALL BLANK; logged 2026-08-03T15:33:06
WASTE,JIVO_OIL,2026-08-30T22:04:16+05:30,2026-08-01,10 Head,129,,PM0000385,LABEL 1 LTR POMACE BACK SANO,,,wastage log,200.0,PCS,,,,,,,,,PENDING,,,,,,,,VERIFIED-live,run 129 (2026-08-01) SANO POMACE OLIVE 1 LTR 16 PCS; engineer/AM/store/HOD signatures ALL BLANK; logged 2026-08-03T15:33:06
WASTE,JIVO_OIL,2026-08-30T22:04:16+05:30,2026-08-01,10 Head,129,,PM0000657,CARTON 1 LTR 16 PCS SANO,,,wastage log,1.0,PCS,,,,,,,,,PENDING,,,,,,,,VERIFIED-live,run 129 (2026-08-01) SANO POMACE OLIVE 1 LTR 16 PCS; engineer/AM/store/HOD signatures ALL BLANK; logged 2026-08-03T15:33:06
WASTE,JIVO_OIL,2026-08-30T22:04:16+05:30,2026-08-01,10 Head,129,,PM0000408,CAPS 1 & 2 LTR WHITE AND GREEN PLAIN,,,wastage log,80.0,PCS,,,,,,,,,PENDING,,,,,,,,VERIFIED-live,run 129 (2026-08-01) SANO POMACE OLIVE 1 LTR 16 PCS; engineer/AM/store/HOD signatures ALL BLANK; logged 2026-08-03T15:33:06
WASTE,JIVO_OIL,2026-08-30T22:04:16+05:30,2026-08-01,JP Machine,128,,PM0000121,PET BOTTLE 1 LTR 52 GMS POMACE,,,wastage log,85.0,PCS,,,,,,,,,PENDING,,,,,,,,VERIFIED-live,run 128 (2026-08-01) COLD PRESS GROUNDNUT OIL 1 LTR 16 PCS; engineer/AM/store/HOD signatures ALL BLANK; logged 2026-08-03T15:32:21
WASTE,JIVO_OIL,2026-08-30T22:04:16+05:30,2026-08-01,JP Machine,128,,PM0000425,LABEL 1 LTR GROUNDNUT FRONT,,,wastage log,150.0,PCS,,,,,,,,,PENDING,,,,,,,,VERIFIED-live,run 128 (2026-08-01) COLD PRESS GROUNDNUT OIL 1 LTR 16 PCS; engineer/AM/store/HOD signatures ALL BLANK; logged 2026-08-03T15:32:21
WASTE,JIVO_OIL,2026-08-30T22:04:16+05:30,2026-08-01,JP Machine,128,,PM0000426,LABEL 1 LTR GROUNDNUT BACK,,,wastage log,150.0,PCS,,,,,,,,,PENDING,,,,,,,,VERIFIED-live,run 128 (2026-08-01) COLD PRESS GROUNDNUT OIL 1 LTR 16 PCS; engineer/AM/store/HOD signatures ALL BLANK; logged 2026-08-03T15:32:21
WASTE,JIVO_OIL,2026-08-30T22:04:16+05:30,2026-08-01,JP Machine,128,,PM0000003,CARTON 1 LTR POMACE 16 PCS,,,wastage log,2.0,PCS,,,,,,,,,PENDING,,,,,,,,VERIFIED-live,run 128 (2026-08-01) COLD PRESS GROUNDNUT OIL 1 LTR 16 PCS; engineer/AM/store/HOD signatures ALL BLANK; logged 2026-08-03T15:32:21
WASTE,JIVO_OIL,2026-08-30T22:04:16+05:30,2026-08-01,JP Machine,128,,PM0000085,CAPS 1 OR 2 LTR WHITE AND YELLOW WITH LOGO,,,wastage log,250.0,PCS,,,,,,,,,PENDING,,,,,,,,VERIFIED-live,run 128 (2026-08-01) COLD PRESS GROUNDNUT OIL 1 LTR 16 PCS; engineer/AM/store/HOD signatures ALL BLANK; logged 2026-08-03T15:32:21
WASTE,JIVO_OIL,2026-08-30T22:04:16+05:30,2026-08-03,Clear Pack,142,,PM0000230,LABEL 1 LTR SUNFLOWER FRONT,,,wastage log,20.0,PCS,,,,,,,,,PENDING,,,,,,,,VERIFIED-live,run 142 (2026-08-03) COLD PRESS SUNFLOWER 1 LTR 20 PCS; engineer/AM/store/HOD signatures ALL BLANK; logged 2026-08-04T09:38:00
WASTE,JIVO_OIL,2026-08-30T22:04:16+05:30,2026-08-03,Clear Pack,142,,PM0000231,LABEL 1 LTR SUNFLOWER BACK,,,wastage log,30.0,PCS,,,,,,,,,PENDING,,,,,,,,VERIFIED-live,run 142 (2026-08-03) COLD PRESS SUNFLOWER 1 LTR 20 PCS; engineer/AM/store/HOD signatures ALL BLANK; logged 2026-08-04T09:38:00
WASTE,JIVO_OIL,2026-08-30T22:04:16+05:30,2026-08-03,Pouch Machine,138,,PM0000891,POUCH SOYABEAN MULTI  KGS,,,wastage log,2.23,KGS,,,,,,,,,PENDING,,,,,,,,VERIFIED-live,run 138 (2026-08-03) SOYABEAN OIL 750 GMS 12 PCS POUCH; engineer/AM/store/HOD signatures ALL BLANK; logged 2026-08-04T09:37:28
WASTE,JIVO_OIL,2026-08-30T22:04:16+05:30,2026-08-03,Pouch Machine,138,,PM0000005,CARTON 1 LTR 12 POUCHES,,,wastage log,55.0,PCS,,,,,,,,,PENDING,,,,,,,,VERIFIED-live,run 138 (2026-08-03) SOYABEAN OIL 750 GMS 12 PCS POUCH; engineer/AM/store/HOD signatures ALL BLANK; logged 2026-08-04T09:37:28
WASTE,JIVO_OIL,2026-08-30T22:04:16+05:30,2026-08-03,10 Head,136,,PM0000121,PET BOTTLE 1 LTR 52 GMS POMACE,,,wastage log,70.0,PCS,,,,,,,,,PENDING,,,,,,,,VERIFIED-live,run 136 (2026-08-03) RICE BRAN OIL 1 LTR 16 PCS; engineer/AM/store/HOD signatures ALL BLANK; logged 2026-08-04T09:36:00
WASTE,JIVO_OIL,2026-08-30T22:04:16+05:30,2026-08-03,10 Head,136,,PM0000522,LABEL 1 LTR RICE BRAN OIL FRONT,,,wastage log,40.0,PCS,,,,,,,,,PENDING,,,,,,,,VERIFIED-live,run 136 (2026-08-03) RICE BRAN OIL 1 LTR 16 PCS; engineer/AM/store/HOD signatures ALL BLANK; logged 2026-08-04T09:36:00
WASTE,JIVO_OIL,2026-08-30T22:04:16+05:30,2026-08-03,10 Head,136,,PM0000523,LABEL 1 LTR RICE BRAN OIL BACK,,,wastage log,50.0,PCS,,,,,,,,,PENDING,,,,,,,,VERIFIED-live,run 136 (2026-08-03) RICE BRAN OIL 1 LTR 16 PCS; engineer/AM/store/HOD signatures ALL BLANK; logged 2026-08-04T09:36:00
WASTE,JIVO_OIL,2026-08-30T22:04:16+05:30,2026-08-03,10 Head,136,,PM0000079,CAPS 1 & 2 LTR FULL GREEN WITH LOGO,,,wastage log,43.0,PCS,,,,,,,,,PENDING,,,,,,,,VERIFIED-live,run 136 (2026-08-03) RICE BRAN OIL 1 LTR 16 PCS; engineer/AM/store/HOD signatures ALL BLANK; logged 2026-08-04T09:36:00
WASTE,JIVO_OIL,2026-08-30T22:04:16+05:30,2026-08-03,JP Machine,145,,PM0000851,PET BOTTLE 1 LTR 26 GM,,,wastage log,130.0,PCS,,,,,,,,,PENDING,,,,,,,,VERIFIED-live,run 145 (2026-08-03) JIVO KACHI GHANI COLD PRESSED MUSTARD OIL1 LTR 20 PCS(CSD); engineer/AM/store/HOD signatures ALL BLANK; logged 2026-08-04T09:35:19
WASTE,JIVO_OIL,2026-08-30T22:04:16+05:30,2026-08-03,JP Machine,145,,PM0000020,LABEL 1 LTR KACHCHI GHANI FRONT,,,wastage log,80.0,PCS,,,,,,,,,PENDING,,,,,,,,VERIFIED-live,run 145 (2026-08-03) JIVO KACHI GHANI COLD PRESSED MUSTARD OIL1 LTR 20 PCS(CSD); engineer/AM/store/HOD signatures ALL BLANK; logged 2026-08-04T09:35:19
WASTE,JIVO_OIL,2026-08-30T22:04:16+05:30,2026-08-03,JP Machine,145,,PM0000019,LABEL 1 LTR KACHCHI GHANI BACK,,,wastage log,100.0,PCS,,,,,,,,,PENDING,,,,,,,,VERIFIED-live,run 145 (2026-08-03) JIVO KACHI GHANI COLD PRESSED MUSTARD OIL1 LTR 20 PCS(CSD); engineer/AM/store/HOD signatures ALL BLANK; logged 2026-08-04T09:35:19
WASTE,JIVO_OIL,2026-08-30T22:04:16+05:30,2026-08-03,JP Machine,145,,PM0000235,CAPS 1 LTR WHITE AND YELLOW SMALL PLAIN,,,wastage log,165.0,PCS,,,,,,,,,PENDING,,,,,,,,VERIFIED-live,run 145 (2026-08-03) JIVO KACHI GHANI COLD PRESSED MUSTARD OIL1 LTR 20 PCS(CSD); engineer/AM/store/HOD signatures ALL BLANK; logged 2026-08-04T09:35:19
WASTE,JIVO_OIL,2026-08-30T22:04:16+05:30,2026-08-03,6 Head,137,,PM0000048,LABEL 5 LTR KACHCHI GHANI FRONT,,,wastage log,15.0,PCS,,,,,,,,,PENDING,,,,,,,,VERIFIED-live,run 137 (2026-08-03) JIVO KACHI GHANI COLD PRESSED MUSTARD OIL 5 LTR 4 PCS ( CSD ); engineer/AM/store/HOD signatures ALL BLANK; logged 2026-08-04T09:33:42
WASTE,JIVO_OIL,2026-08-30T22:04:16+05:30,2026-08-03,6 Head,137,,PM0000047,LABEL 5 LTR KACHCHI GHANI BACK,,,wastage log,20.0,PCS,,,,,,,,,PENDING,,,,,,,,VERIFIED-live,run 137 (2026-08-03) JIVO KACHI GHANI COLD PRESSED MUSTARD OIL 5 LTR 4 PCS ( CSD ); engineer/AM/store/HOD signatures ALL BLANK; logged 2026-08-04T09:33:42
WASTE,JIVO_OIL,2026-08-30T22:04:16+05:30,2026-08-03,6 Head,137,,PM0000053,HDPE BOTTLE 5 LTR,,,wastage log,15.0,PCS,,,,,,,,,PENDING,,,,,,,,VERIFIED-live,run 137 (2026-08-03) JIVO KACHI GHANI COLD PRESSED MUSTARD OIL 5 LTR 4 PCS ( CSD ); engineer/AM/store/HOD signatures ALL BLANK; logged 2026-08-04T09:33:42
WASTE,JIVO_OIL,2026-08-30T22:04:16+05:30,2026-08-03,6 Head,137,,PM0000469,CAPS 5 LTR BROWN,,,wastage log,20.0,PCS,,,,,,,,,PENDING,,,,,,,,VERIFIED-live,run 137 (2026-08-03) JIVO KACHI GHANI COLD PRESSED MUSTARD OIL 5 LTR 4 PCS ( CSD ); engineer/AM/store/HOD signatures ALL BLANK; logged 2026-08-04T09:33:42
WASTE,JIVO_OIL,2026-08-30T22:04:16+05:30,2026-08-03,10 Head,140,,PM0000121,PET BOTTLE 1 LTR 52 GMS POMACE,,,wastage log,170.0,PCS,,,,,,,,,PENDING,,,,,,,,VERIFIED-live,run 140 (2026-08-03) COLD PRESS GROUNDNUT OIL 1 LTR 16 PCS; engineer/AM/store/HOD signatures ALL BLANK; logged 2026-08-04T09:32:52
WASTE,JIVO_OIL,2026-08-30T22:04:16+05:30,2026-08-03,10 Head,140,,PM0000425,LABEL 1 LTR GROUNDNUT FRONT,,,wastage log,365.0,PCS,,,,,,,,,PENDING,,,,,,,,VERIFIED-live,run 140 (2026-08-03) COLD PRESS GROUNDNUT OIL 1 LTR 16 PCS; engineer/AM/store/HOD signatures ALL BLANK; logged 2026-08-04T09:32:52
WASTE,JIVO_OIL,2026-08-30T22:04:16+05:30,2026-08-03,10 Head,140,,PM0000426,LABEL 1 LTR GROUNDNUT BACK,,,wastage log,365.0,PCS,,,,,,,,,PENDING,,,,,,,,VERIFIED-live,run 140 (2026-08-03) COLD PRESS GROUNDNUT OIL 1 LTR 16 PCS; engineer/AM/store/HOD signatures ALL BLANK; logged 2026-08-04T09:32:52
WASTE,JIVO_OIL,2026-08-30T22:04:16+05:30,2026-08-03,10 Head,140,,PM0000085,CAPS 1 OR 2 LTR WHITE AND YELLOW WITH LOGO,,,wastage log,80.0,PCS,,,,,,,,,PENDING,,,,,,,,VERIFIED-live,run 140 (2026-08-03) COLD PRESS GROUNDNUT OIL 1 LTR 16 PCS; engineer/AM/store/HOD signatures ALL BLANK; logged 2026-08-04T09:32:52
WASTE,JIVO_OIL,2026-08-30T22:04:16+05:30,2026-08-03,Clear Pack,135,,PM0000194,PET BOTTLE 1 LTR 40 GMS,,,wastage log,853.0,PCS,,,,,,,,,PENDING,,,,,,,,VERIFIED-live,run 135 (2026-08-03) COLD PRESS 1 LTR 20 PCS; engineer/AM/store/HOD signatures ALL BLANK; logged 2026-08-04T09:31:08
WASTE,JIVO_OIL,2026-08-30T22:04:16+05:30,2026-08-03,Clear Pack,135,,PM0000015,LABEL 1 LTR COLD PRESS FRONT,,,wastage log,100.0,PCS,,,,,,,,,PENDING,,,,,,,,VERIFIED-live,run 135 (2026-08-03) COLD PRESS 1 LTR 20 PCS; engineer/AM/store/HOD signatures ALL BLANK; logged 2026-08-04T09:31:08
WASTE,JIVO_OIL,2026-08-30T22:04:16+05:30,2026-08-03,Clear Pack,135,,PM0000014,LABEL 1 LTR COLD PRESS BACK 8181,,,wastage log,90.0,PCS,,,,,,,,,PENDING,,,,,,,,VERIFIED-live,run 135 (2026-08-03) COLD PRESS 1 LTR 20 PCS; engineer/AM/store/HOD signatures ALL BLANK; logged 2026-08-04T09:31:08
WASTE,JIVO_OIL,2026-08-30T22:04:16+05:30,2026-08-03,Clear Pack,135,,PM0000079,CAPS 1 & 2 LTR FULL GREEN WITH LOGO,,,wastage log,70.0,PCS,,,,,,,,,PENDING,,,,,,,,VERIFIED-live,run 135 (2026-08-03) COLD PRESS 1 LTR 20 PCS; engineer/AM/store/HOD signatures ALL BLANK; logged 2026-08-04T09:31:08
WASTE,JIVO_OIL,2026-08-30T22:04:16+05:30,2026-08-04,Pouch Machine,150,,RM0000025,SOYABEAN REFINED LOOSE OIL,,,wastage log,180.0,LTR,,,,,,,,,PENDING,,,,,,,,VERIFIED-live,run 150 (2026-08-04) SOYABEAN OIL 700 GMS POUCH 12 PCS; engineer/AM/store/HOD signatures ALL BLANK; logged 2026-08-05T10:41:11
WASTE,JIVO_OIL,2026-08-30T22:04:16+05:30,2026-08-04,Pouch Machine,150,,PM0000891,POUCH SOYABEAN MULTI  KGS,,,wastage log,3.24,KGS,,,,,,,,,PENDING,,,,,,,,VERIFIED-live,run 150 (2026-08-04) SOYABEAN OIL 700 GMS POUCH 12 PCS; engineer/AM/store/HOD signatures ALL BLANK; logged 2026-08-05T10:41:11
WASTE,JIVO_OIL,2026-08-30T22:04:16+05:30,2026-08-04,Clear Pack,146,,PM0000194,PET BOTTLE 1 LTR 40 GMS,,,wastage log,1394.0,PCS,,,,,,,,,PENDING,,,,,,,,VERIFIED-live,run 146 (2026-08-04) COLD PRESS SUNFLOWER 1 LTR +1 LTR COMBO 10 SET PLAIN; engineer/AM/store/HOD signatures ALL BLANK; logged 2026-08-05T10:20:55
WASTE,JIVO_OIL,2026-08-30T22:04:16+05:30,2026-08-04,Clear Pack,146,,PM0000230,LABEL 1 LTR SUNFLOWER FRONT,,,wastage log,150.0,PCS,,,,,,,,,PENDING,,,,,,,,VERIFIED-live,run 146 (2026-08-04) COLD PRESS SUNFLOWER 1 LTR +1 LTR COMBO 10 SET PLAIN; engineer/AM/store/HOD signatures ALL BLANK; logged 2026-08-05T10:20:55
WASTE,JIVO_OIL,2026-08-30T22:04:16+05:30,2026-08-04,Clear Pack,146,,PM0000231,LABEL 1 LTR SUNFLOWER BACK,,,wastage log,150.0,PCS,,,,,,,,,PENDING,,,,,,,,VERIFIED-live,run 146 (2026-08-04) COLD PRESS SUNFLOWER 1 LTR +1 LTR COMBO 10 SET PLAIN; engineer/AM/store/HOD signatures ALL BLANK; logged 2026-08-05T10:20:55
WASTE,JIVO_OIL,2026-08-30T22:04:16+05:30,2026-08-04,Clear Pack,146,,PM0000006,CARTON 1 LTR 20 PCS,,,wastage log,5.0,PCS,,,,,,,,,PENDING,,,,,,,,VERIFIED-live,run 146 (2026-08-04) COLD PRESS SUNFLOWER 1 LTR +1 LTR COMBO 10 SET PLAIN; engineer/AM/store/HOD signatures ALL BLANK; logged 2026-08-05T10:20:55
WASTE,JIVO_OIL,2026-08-30T22:04:16+05:30,2026-08-04,Clear Pack,146,,PM0000085,CAPS 1 OR 2 LTR WHITE AND YELLOW WITH LOGO,,,wastage log,100.0,PCS,,,,,,,,,PENDING,,,,,,,,VERIFIED-live,run 146 (2026-08-04) COLD PRESS SUNFLOWER 1 LTR +1 LTR COMBO 10 SET PLAIN; engineer/AM/store/HOD signatures ALL BLANK; logged 2026-08-05T10:20:55
WASTE,JIVO_OIL,2026-08-30T22:04:16+05:30,2026-08-04,JP Machine,147,,PM0000851,PET BOTTLE 1 LTR 26 GM,,,wastage log,253.0,PCS,,,,,,,,,PENDING,,,,,,,,VERIFIED-live,run 147 (2026-08-04) MUSTARD KACHI GHANI 1 LTR 20 PCS; engineer/AM/store/HOD signatures ALL BLANK; logged 2026-08-05T10:17:48
WASTE,JIVO_OIL,2026-08-30T22:04:16+05:30,2026-08-04,JP Machine,147,,PM0000020,LABEL 1 LTR KACHCHI GHANI FRONT,,,wastage log,100.0,PCS,,,,,,,,,PENDING,,,,,,,,VERIFIED-live,run 147 (2026-08-04) MUSTARD KACHI GHANI 1 LTR 20 PCS; engineer/AM/store/HOD signatures ALL BLANK; logged 2026-08-05T10:17:48
WASTE,JIVO_OIL,2026-08-30T22:04:16+05:30,2026-08-04,JP Machine,147,,PM0000019,LABEL 1 LTR KACHCHI GHANI BACK,,,wastage log,100.0,PCS,,,,,,,,,PENDING,,,,,,,,VERIFIED-live,run 147 (2026-08-04) MUSTARD KACHI GHANI 1 LTR 20 PCS; engineer/AM/store/HOD signatures ALL BLANK; logged 2026-08-05T10:17:48
WASTE,JIVO_OIL,2026-08-30T22:04:16+05:30,2026-08-04,JP Machine,147,,PM0000411,CARTON 1 LTR 20 PCS PET 26GM,,,wastage log,1.0,PCS,,,,,,,,,PENDING,,,,,,,,VERIFIED-live,run 147 (2026-08-04) MUSTARD KACHI GHANI 1 LTR 20 PCS; engineer/AM/store/HOD signatures ALL BLANK; logged 2026-08-05T10:17:48
WASTE,JIVO_OIL,2026-08-30T22:04:16+05:30,2026-08-04,JP Machine,147,,PM0000235,CAPS 1 LTR WHITE AND YELLOW SMALL PLAIN,,,wastage log,180.0,PCS,,,,,,,,,PENDING,,,,,,,,VERIFIED-live,run 147 (2026-08-04) MUSTARD KACHI GHANI 1 LTR 20 PCS; engineer/AM/store/HOD signatures ALL BLANK; logged 2026-08-05T10:17:48
WASTE,JIVO_OIL,2026-08-30T22:04:16+05:30,2026-08-04,10 Head,148,,PM0000121,PET BOTTLE 1 LTR 52 GMS POMACE,,,wastage log,110.0,PCS,,,,,,,,,PENDING,,,,,,,,VERIFIED-live,run 148 (2026-08-04) COLD PRESS GROUNDNUT OIL 1 LTR 16 PCS; engineer/AM/store/HOD signatures ALL BLANK; logged 2026-08-05T10:15:51
WASTE,JIVO_OIL,2026-08-30T22:04:16+05:30,2026-08-04,10 Head,148,,PM0000425,LABEL 1 LTR GROUNDNUT FRONT,,,wastage log,320.0,PCS,,,,,,,,,PENDING,,,,,,,,VERIFIED-live,run 148 (2026-08-04) COLD PRESS GROUNDNUT OIL 1 LTR 16 PCS; engineer/AM/store/HOD signatures ALL BLANK; logged 2026-08-05T10:15:51
WASTE,JIVO_OIL,2026-08-30T22:04:16+05:30,2026-08-04,10 Head,148,,PM0000426,LABEL 1 LTR GROUNDNUT BACK,,,wastage log,330.0,PCS,,,,,,,,,PENDING,,,,,,,,VERIFIED-live,run 148 (2026-08-04) COLD PRESS GROUNDNUT OIL 1 LTR 16 PCS; engineer/AM/store/HOD signatures ALL BLANK; logged 2026-08-05T10:15:51
WASTE,JIVO_OIL,2026-08-30T22:04:16+05:30,2026-08-04,10 Head,148,,PM0000003,CARTON 1 LTR POMACE 16 PCS,,,wastage log,1.0,PCS,,,,,,,,,PENDING,,,,,,,,VERIFIED-live,run 148 (2026-08-04) COLD PRESS GROUNDNUT OIL 1 LTR 16 PCS; engineer/AM/store/HOD signatures ALL BLANK; logged 2026-08-05T10:15:51
WASTE,JIVO_OIL,2026-08-30T22:04:16+05:30,2026-08-04,10 Head,148,,PM0000085,CAPS 1 OR 2 LTR WHITE AND YELLOW WITH LOGO,,,wastage log,110.0,PCS,,,,,,,,,PENDING,,,,,,,,VERIFIED-live,run 148 (2026-08-04) COLD PRESS GROUNDNUT OIL 1 LTR 16 PCS; engineer/AM/store/HOD signatures ALL BLANK; logged 2026-08-05T10:15:51
WASTE,JIVO_OIL,2026-08-30T22:04:16+05:30,2026-08-04,6 Head,149,,PM0000118,LABEL 3 LTR COLD PRESS FRONT,,,wastage log,10.0,PCS,,,,,,,,,PENDING,,,,,,,,VERIFIED-live,run 149 (2026-08-04) COLD PRESS 3 LTR 6 PCS; engineer/AM/store/HOD signatures ALL BLANK; logged 2026-08-05T10:14:40
WASTE,JIVO_OIL,2026-08-30T22:04:16+05:30,2026-08-04,6 Head,149,,PM0000117,LABEL 3 LTR COLD PRESS BACK,,,wastage log,15.0,PCS,,,,,,,,,PENDING,,,,,,,,VERIFIED-live,run 149 (2026-08-04) COLD PRESS 3 LTR 6 PCS; engineer/AM/store/HOD signatures ALL BLANK; logged 2026-08-05T10:14:40
WASTE,JIVO_OIL,2026-08-30T22:04:16+05:30,2026-08-04,6 Head,149,,PM0000113,HDPE BOTTLE 3 LTR,,,wastage log,33.0,PCS,,,,,,,,,PENDING,,,,,,,,VERIFIED-live,run 149 (2026-08-04) COLD PRESS 3 LTR 6 PCS; engineer/AM/store/HOD signatures ALL BLANK; logged 2026-08-05T10:14:40
WASTE,JIVO_OIL,2026-08-30T22:04:16+05:30,2026-08-04,6 Head,149,,PM0000182,CARTON 3 LTR 6 PCS,,,wastage log,3.0,PCS,,,,,,,,,PENDING,,,,,,,,VERIFIED-live,run 149 (2026-08-04) COLD PRESS 3 LTR 6 PCS; engineer/AM/store/HOD signatures ALL BLANK; logged 2026-08-05T10:14:40
WASTE,JIVO_OIL,2026-08-30T22:04:16+05:30,2026-08-04,6 Head,149,,PM0000062,CAPS 5 LTR,,,wastage log,20.0,PCS,,,,,,,,,PENDING,,,,,,,,VERIFIED-live,run 149 (2026-08-04) COLD PRESS 3 LTR 6 PCS; engineer/AM/store/HOD signatures ALL BLANK; logged 2026-08-05T10:14:40
WASTE,JIVO_OIL,2026-08-30T22:04:16+05:30,2026-08-04,6 Head,151,,PM0000251,PET BOTTLE 2 LTR 80 GMS YELLOW HANDLE,,,wastage log,3.0,PCS,,,,,,,,,PENDING,,,,,,,,VERIFIED-live,run 151 (2026-08-04) COLD PRESS 2 LTR 10 PCS HANDLE; engineer/AM/store/HOD signatures ALL BLANK; logged 2026-08-05T10:13:11
WASTE,JIVO_OIL,2026-08-30T22:04:16+05:30,2026-08-04,6 Head,151,,PM0000266,LABEL 2 LTR COLD PRESS HANDLE BOTTLE FRONT,,,wastage log,12.0,PCS,,,,,,,,,PENDING,,,,,,,,VERIFIED-live,run 151 (2026-08-04) COLD PRESS 2 LTR 10 PCS HANDLE; engineer/AM/store/HOD signatures ALL BLANK; logged 2026-08-05T10:13:11
WASTE,JIVO_OIL,2026-08-30T22:04:16+05:30,2026-08-04,6 Head,151,,PM0000265,LABEL 2 LTR COLD PRESS HANDLE BOTTLE BACK,,,wastage log,15.0,PCS,,,,,,,,,PENDING,,,,,,,,VERIFIED-live,run 151 (2026-08-04) COLD PRESS 2 LTR 10 PCS HANDLE; engineer/AM/store/HOD signatures ALL BLANK; logged 2026-08-05T10:13:11
WASTE,JIVO_OIL,2026-08-30T22:04:16+05:30,2026-08-04,6 Head,151,,PM0000254,CARTON 2 LTR 10 PCS HANDLE BOTTLE,,,wastage log,6.0,PCS,,,,,,,,,PENDING,,,,,,,,VERIFIED-live,run 151 (2026-08-04) COLD PRESS 2 LTR 10 PCS HANDLE; engineer/AM/store/HOD signatures ALL BLANK; logged 2026-08-05T10:13:11
WASTE,JIVO_OIL,2026-08-30T22:04:16+05:30,2026-08-04,10 Head,153,,PM0000018,LABEL 1 LTR EXTRA LIGHT FRONT,,,wastage log,26.0,PCS,,,,,,,,,PENDING,,,,,,,,VERIFIED-live,run 153 (2026-08-04) EXTRA LIGHT OLIVE 1 LTR 16 PCS; engineer/AM/store/HOD signatures ALL BLANK; logged 2026-08-05T10:10:30
WASTE,JIVO_OIL,2026-08-30T22:04:16+05:30,2026-08-04,10 Head,153,,PM0000017,LABEL 1 LTR EXTRA LIGHT BACK,,,wastage log,26.0,PCS,,,,,,,,,PENDING,,,,,,,,VERIFIED-live,run 153 (2026-08-04) EXTRA LIGHT OLIVE 1 LTR 16 PCS; engineer/AM/store/HOD signatures ALL BLANK; logged 2026-08-05T10:10:30
WASTE,JIVO_OIL,2026-08-30T22:04:16+05:30,2026-08-05,Clear Pack,154,,PM0000194,PET BOTTLE 1 LTR 40 GMS,,,wastage log,1050.0,PCS,,,,,,,,,PENDING,,,,,,,,VERIFIED-live,run 154 (2026-08-05) COLD PRESS SUNFLOWER 1 LTR +1 LTR COMBO 10 SET PLAIN; engineer/AM/store/HOD signatures ALL BLANK; logged 2026-08-06T10:11:02
WASTE,JIVO_OIL,2026-08-30T22:04:16+05:30,2026-08-05,Clear Pack,154,,PM0000230,LABEL 1 LTR SUNFLOWER FRONT,,,wastage log,300.0,PCS,,,,,,,,,PENDING,,,,,,,,VERIFIED-live,run 154 (2026-08-05) COLD PRESS SUNFLOWER 1 LTR +1 LTR COMBO 10 SET PLAIN; engineer/AM/store/HOD signatures ALL BLANK; logged 2026-08-06T10:11:02
WASTE,JIVO_OIL,2026-08-30T22:04:16+05:30,2026-08-05,Clear Pack,154,,PM0000231,LABEL 1 LTR SUNFLOWER BACK,,,wastage log,300.0,PCS,,,,,,,,,PENDING,,,,,,,,VERIFIED-live,run 154 (2026-08-05) COLD PRESS SUNFLOWER 1 LTR +1 LTR COMBO 10 SET PLAIN; engineer/AM/store/HOD signatures ALL BLANK; logged 2026-08-06T10:11:02
WASTE,JIVO_OIL,2026-08-30T22:04:16+05:30,2026-08-05,Clear Pack,154,,PM0000006,CARTON 1 LTR 20 PCS,,,wastage log,2.0,PCS,,,,,,,,,PENDING,,,,,,,,VERIFIED-live,run 154 (2026-08-05) COLD PRESS SUNFLOWER 1 LTR +1 LTR COMBO 10 SET PLAIN; engineer/AM/store/HOD signatures ALL BLANK; logged 2026-08-06T10:11:02
WASTE,JIVO_OIL,2026-08-30T22:04:16+05:30,2026-08-05,JP Machine,155,,PM0000020,LABEL 1 LTR KACHCHI GHANI FRONT,,,wastage log,50.0,PCS,,,,,,,,,PENDING,,,,,,,,VERIFIED-live,run 155 (2026-08-05) MUSTARD KACHI GHANI 1 LTR 20 PCS; engineer/AM/store/HOD signatures ALL BLANK; logged 2026-08-06T10:09:56
WASTE,JIVO_OIL,2026-08-30T22:04:16+05:30,2026-08-05,JP Machine,155,,PM0000019,LABEL 1 LTR KACHCHI GHANI BACK,,,wastage log,50.0,PCS,,,,,,,,,PENDING,,,,,,,,VERIFIED-live,run 155 (2026-08-05) MUSTARD KACHI GHANI 1 LTR 20 PCS; engineer/AM/store/HOD signatures ALL BLANK; logged 2026-08-06T10:09:56
WASTE,JIVO_OIL,2026-08-30T22:04:16+05:30,2026-08-05,JP Machine,155,,PM0000411,CARTON 1 LTR 20 PCS PET 26GM,,,wastage log,3.0,PCS,,,,,,,,,PENDING,,,,,,,,VERIFIED-live,run 155 (2026-08-05) MUSTARD KACHI GHANI 1 LTR 20 PCS; engineer/AM/store/HOD signatures ALL BLANK; logged 2026-08-06T10:09:56
WASTE,JIVO_OIL,2026-08-30T22:04:16+05:30,2026-08-05,10 Head,156,,PM0000121,PET BOTTLE 1 LTR 52 GMS POMACE,,,wastage log,80.0,PCS,,,,,,,,,PENDING,,,,,,,,VERIFIED-live,run 156 (2026-08-05) EXTRA LIGHT OLIVE 1 LTR 16 PCS; engineer/AM/store/HOD signatures ALL BLANK; logged 2026-08-06T10:00:41
WASTE,JIVO_OIL,2026-08-30T22:04:16+05:30,2026-08-05,10 Head,156,,PM0000018,LABEL 1 LTR EXTRA LIGHT FRONT,,,wastage log,80.0,PCS,,,,,,,,,PENDING,,,,,,,,VERIFIED-live,run 156 (2026-08-05) EXTRA LIGHT OLIVE 1 LTR 16 PCS; engineer/AM/store/HOD signatures ALL BLANK; logged 2026-08-06T10:00:41
WASTE,JIVO_OIL,2026-08-30T22:04:16+05:30,2026-08-05,10 Head,156,,PM0000017,LABEL 1 LTR EXTRA LIGHT BACK,,,wastage log,70.0,PCS,,,,,,,,,PENDING,,,,,,,,VERIFIED-live,run 156 (2026-08-05) EXTRA LIGHT OLIVE 1 LTR 16 PCS; engineer/AM/store/HOD signatures ALL BLANK; logged 2026-08-06T10:00:41
WASTE,JIVO_OIL,2026-08-30T22:04:16+05:30,2026-08-05,10 Head,156,,PM0000003,CARTON 1 LTR POMACE 16 PCS,,,wastage log,4.0,PCS,,,,,,,,,PENDING,,,,,,,,VERIFIED-live,run 156 (2026-08-05) EXTRA LIGHT OLIVE 1 LTR 16 PCS; engineer/AM/store/HOD signatures ALL BLANK; logged 2026-08-06T10:00:41
WASTE,JIVO_OIL,2026-08-30T22:04:16+05:30,2026-08-05,10 Head,156,,PM0000060,CAPS 1 & 2 LTR WHITE AND BLUE WITH LOGO,,,wastage log,90.0,PCS,,,,,,,,,PENDING,,,,,,,,VERIFIED-live,run 156 (2026-08-05) EXTRA LIGHT OLIVE 1 LTR 16 PCS; engineer/AM/store/HOD signatures ALL BLANK; logged 2026-08-06T10:00:41
WASTE,JIVO_OIL,2026-08-30T22:04:16+05:30,2026-08-05,6 Head,157,,PM0000251,PET BOTTLE 2 LTR 80 GMS YELLOW HANDLE,,,wastage log,14.0,PCS,,,,,,,,,PENDING,,,,,,,,VERIFIED-live,run 157 (2026-08-05) COLD PRESS 2 LTR 10 PCS HANDLE; engineer/AM/store/HOD signatures ALL BLANK; logged 2026-08-06T09:59:53
WASTE,JIVO_OIL,2026-08-30T22:04:16+05:30,2026-08-05,6 Head,157,,PM0000266,LABEL 2 LTR COLD PRESS HANDLE BOTTLE FRONT,,,wastage log,14.0,PCS,,,,,,,,,PENDING,,,,,,,,VERIFIED-live,run 157 (2026-08-05) COLD PRESS 2 LTR 10 PCS HANDLE; engineer/AM/store/HOD signatures ALL BLANK; logged 2026-08-06T09:59:53
WASTE,JIVO_OIL,2026-08-30T22:04:16+05:30,2026-08-05,6 Head,157,,PM0000265,LABEL 2 LTR COLD PRESS HANDLE BOTTLE BACK,,,wastage log,14.0,PCS,,,,,,,,,PENDING,,,,,,,,VERIFIED-live,run 157 (2026-08-05) COLD PRESS 2 LTR 10 PCS HANDLE; engineer/AM/store/HOD signatures ALL BLANK; logged 2026-08-06T09:59:53
WASTE,JIVO_OIL,2026-08-30T22:04:16+05:30,2026-08-05,6 Head,157,,PM0000254,CARTON 2 LTR 10 PCS HANDLE BOTTLE,,,wastage log,1.0,PCS,,,,,,,,,PENDING,,,,,,,,VERIFIED-live,run 157 (2026-08-05) COLD PRESS 2 LTR 10 PCS HANDLE; engineer/AM/store/HOD signatures ALL BLANK; logged 2026-08-06T09:59:53
WASTE,JIVO_OIL,2026-08-30T22:04:16+05:30,2026-08-05,Pouch Machine,159,,PM0000891,POUCH SOYABEAN MULTI  KGS,,,wastage log,1.08,KGS,,,,,,,,,PENDING,,,,,,,,VERIFIED-live,run 159 (2026-08-05) SOYABEAN OIL 700 GMS POUCH 12 PCS; engineer/AM/store/HOD signatures ALL BLANK; logged 2026-08-06T09:59:03
WASTE,JIVO_OIL,2026-08-30T22:04:16+05:30,2026-08-05,Pouch Machine,159,,PM0000005,CARTON 1 LTR 12 POUCHES,,,wastage log,134.0,PCS,,,,,,,,,PENDING,,,,,,,,VERIFIED-live,run 159 (2026-08-05) SOYABEAN OIL 700 GMS POUCH 12 PCS; engineer/AM/store/HOD signatures ALL BLANK; logged 2026-08-06T09:59:03
WASTE,JIVO_OIL,2026-08-30T22:04:16+05:30,2026-08-05,6 Head,160,,PM0000048,LABEL 5 LTR KACHCHI GHANI FRONT,,,wastage log,9.0,PCS,,,,,,,,,PENDING,,,,,,,,VERIFIED-live,run 160 (2026-08-05) MUSTARD KACCHI GHANI 5 LTR 4 PCS; engineer/AM/store/HOD signatures ALL BLANK; logged 2026-08-06T09:58:12
WASTE,JIVO_OIL,2026-08-30T22:04:16+05:30,2026-08-05,6 Head,160,,PM0000047,LABEL 5 LTR KACHCHI GHANI BACK,,,wastage log,9.0,PCS,,,,,,,,,PENDING,,,,,,,,VERIFIED-live,run 160 (2026-08-05) MUSTARD KACCHI GHANI 5 LTR 4 PCS; engineer/AM/store/HOD signatures ALL BLANK; logged 2026-08-06T09:58:12
WASTE,JIVO_OIL,2026-08-30T22:04:16+05:30,2026-08-05,6 Head,160,,PM0000053,HDPE BOTTLE 5 LTR,,,wastage log,9.0,PCS,,,,,,,,,PENDING,,,,,,,,VERIFIED-live,run 160 (2026-08-05) MUSTARD KACCHI GHANI 5 LTR 4 PCS; engineer/AM/store/HOD signatures ALL BLANK; logged 2026-08-06T09:58:12
WASTE,JIVO_OIL,2026-08-30T22:04:16+05:30,2026-08-05,6 Head,160,,PM0000013,CARTON 5 LTR 4 PCS,,,wastage log,1.0,PCS,,,,,,,,,PENDING,,,,,,,,VERIFIED-live,run 160 (2026-08-05) MUSTARD KACCHI GHANI 5 LTR 4 PCS; engineer/AM/store/HOD signatures ALL BLANK; logged 2026-08-06T09:58:12
WASTE,JIVO_OIL,2026-08-30T22:04:16+05:30,2026-08-05,6 Head,160,,PM0000469,CAPS 5 LTR BROWN,,,wastage log,45.0,PCS,,,,,,,,,PENDING,,,,,,,,VERIFIED-live,run 160 (2026-08-05) MUSTARD KACCHI GHANI 5 LTR 4 PCS; engineer/AM/store/HOD signatures ALL BLANK; logged 2026-08-06T09:58:12
WASTE,JIVO_OIL,2026-08-30T22:04:16+05:30,2026-08-05,Clear Pack,161,,PM0000884,SHRINK POF ROLL KG,,,wastage log,6.5,KGS,,,,,,,,,PENDING,,,,,,,,VERIFIED-live,run 161 (2026-08-05) COLD PRESS SUNFLOWER 5 LTR 4 PCS; engineer/AM/store/HOD signatures ALL BLANK; logged 2026-08-06T09:57:10
WASTE,JIVO_OIL,2026-08-30T22:04:16+05:30,2026-08-05,Clear Pack,161,,PM0000233,LABEL 5 LTR SUNFLOWER FRONT,,,wastage log,20.0,PCS,,,,,,,,,PENDING,,,,,,,,VERIFIED-live,run 161 (2026-08-05) COLD PRESS SUNFLOWER 5 LTR 4 PCS; engineer/AM/store/HOD signatures ALL BLANK; logged 2026-08-06T09:57:10
WASTE,JIVO_OIL,2026-08-30T22:04:16+05:30,2026-08-05,Clear Pack,161,,PM0000232,LABEL 5 LTR SUNFLOWER BACK,,,wastage log,20.0,PCS,,,,,,,,,PENDING,,,,,,,,VERIFIED-live,run 161 (2026-08-05) COLD PRESS SUNFLOWER 5 LTR 4 PCS; engineer/AM/store/HOD signatures ALL BLANK; logged 2026-08-06T09:57:10
WASTE,JIVO_OIL,2026-08-30T22:04:16+05:30,2026-08-05,Clear Pack,161,,PM0000053,HDPE BOTTLE 5 LTR,,,wastage log,10.0,PCS,,,,,,,,,PENDING,,,,,,,,VERIFIED-live,run 161 (2026-08-05) COLD PRESS SUNFLOWER 5 LTR 4 PCS; engineer/AM/store/HOD signatures ALL BLANK; logged 2026-08-06T09:57:10
WASTE,JIVO_OIL,2026-08-30T22:04:16+05:30,2026-08-05,Clear Pack,161,,PM0000013,CARTON 5 LTR 4 PCS,,,wastage log,4.0,PCS,,,,,,,,,PENDING,,,,,,,,VERIFIED-live,run 161 (2026-08-05) COLD PRESS SUNFLOWER 5 LTR 4 PCS; engineer/AM/store/HOD signatures ALL BLANK; logged 2026-08-06T09:57:10
WASTE,JIVO_OIL,2026-08-30T22:04:16+05:30,2026-08-05,Clear Pack,161,,PM0000470,CAPS 5 LTR ORANGE,,,wastage log,15.0,PCS,,,,,,,,,PENDING,,,,,,,,VERIFIED-live,run 161 (2026-08-05) COLD PRESS SUNFLOWER 5 LTR 4 PCS; engineer/AM/store/HOD signatures ALL BLANK; logged 2026-08-06T09:57:10
WASTE,JIVO_OIL,2026-08-30T22:04:16+05:30,2026-08-06,Pouch Machine,166,,PM0000891,POUCH SOYABEAN MULTI  KGS,,,wastage log,1.05,KGS,,,,,,,,,PENDING,,,,,,,,VERIFIED-live,run 166 (2026-08-06) SOYABEAN OIL 750 GMS 12 PCS POUCH; engineer/AM/store/HOD signatures ALL BLANK; logged 2026-08-07T14:01:01
WASTE,JIVO_OIL,2026-08-30T22:04:16+05:30,2026-08-06,Pouch Machine,166,,PM0000005,CARTON 1 LTR 12 POUCHES,,,wastage log,168.0,PCS,,,,,,,,,PENDING,,,,,,,,VERIFIED-live,run 166 (2026-08-06) SOYABEAN OIL 750 GMS 12 PCS POUCH; engineer/AM/store/HOD signatures ALL BLANK; logged 2026-08-07T14:01:01
WASTE,JIVO_OIL,2026-08-30T22:04:16+05:30,2026-08-06,6 Head,165,,PM0000517,PET BOTTLE 1 LTR 75 GMS,,,wastage log,3.0,PCS,,,,,,,,,PENDING,,,,,,,,VERIFIED-live,run 165 (2026-08-06) YELLOW MUSTARD OIL 1 LTR 20 PCS; engineer/AM/store/HOD signatures ALL BLANK; logged 2026-08-07T13:59:08
WASTE,JIVO_OIL,2026-08-30T22:04:16+05:30,2026-08-06,6 Head,165,,PM0000308,LABEL 1 LTR PRESSED YELLOW MUSTARD OIL FRONT,,,wastage log,30.0,PCS,,,,,,,,,PENDING,,,,,,,,VERIFIED-live,run 165 (2026-08-06) YELLOW MUSTARD OIL 1 LTR 20 PCS; engineer/AM/store/HOD signatures ALL BLANK; logged 2026-08-07T13:59:08
WASTE,JIVO_OIL,2026-08-30T22:04:16+05:30,2026-08-06,6 Head,165,,PM0000307,LABEL 1 LTR PRESSED YELLOW MUSTARD OIL BACK,,,wastage log,30.0,PCS,,,,,,,,,PENDING,,,,,,,,VERIFIED-live,run 165 (2026-08-06) YELLOW MUSTARD OIL 1 LTR 20 PCS; engineer/AM/store/HOD signatures ALL BLANK; logged 2026-08-07T13:59:08
WASTE,JIVO_OIL,2026-08-30T22:04:16+05:30,2026-08-06,6 Head,165,,PM0000727,CAPS 1 & 2 LTR WHITE AND RED-ORANGE WITH LOGO YMO,,,wastage log,80.0,PCS,,,,,,,,,PENDING,,,,,,,,VERIFIED-live,run 165 (2026-08-06) YELLOW MUSTARD OIL 1 LTR 20 PCS; engineer/AM/store/HOD signatures ALL BLANK; logged 2026-08-07T13:59:08
WASTE,JIVO_OIL,2026-08-30T22:04:16+05:30,2026-08-06,10 Head,169,,PM0000194,PET BOTTLE 1 LTR 40 GMS,,,wastage log,11.0,PCS,,,,,,,,,PENDING,,,,,,,,VERIFIED-live,run 169 (2026-08-06) COLD PRESS SUNFLOWER 1 LTR 20 PCS; engineer/AM/store/HOD signatures ALL BLANK; logged 2026-08-07T13:57:48
WASTE,JIVO_OIL,2026-08-30T22:04:16+05:30,2026-08-06,10 Head,169,,PM0000230,LABEL 1 LTR SUNFLOWER FRONT,,,wastage log,50.0,PCS,,,,,,,,,PENDING,,,,,,,,VERIFIED-live,run 169 (2026-08-06) COLD PRESS SUNFLOWER 1 LTR 20 PCS; engineer/AM/store/HOD signatures ALL BLANK; logged 2026-08-07T13:57:48
WASTE,JIVO_OIL,2026-08-30T22:04:16+05:30,2026-08-06,10 Head,169,,PM0000231,LABEL 1 LTR SUNFLOWER BACK,,,wastage log,60.0,PCS,,,,,,,,,PENDING,,,,,,,,VERIFIED-live,run 169 (2026-08-06) COLD PRESS SUNFLOWER 1 LTR 20 PCS; engineer/AM/store/HOD signatures ALL BLANK; logged 2026-08-07T13:57:48
WASTE,JIVO_OIL,2026-08-30T22:04:16+05:30,2026-08-06,10 Head,169,,PM0000006,CARTON 1 LTR 20 PCS PET 40 GM,,,wastage log,1.0,PCS,,,,,,,,,PENDING,,,,,,,,VERIFIED-live,run 169 (2026-08-06) COLD PRESS SUNFLOWER 1 LTR 20 PCS; engineer/AM/store/HOD signatures ALL BLANK; logged 2026-08-07T13:57:48
WASTE,JIVO_OIL,2026-08-30T22:04:16+05:30,2026-08-06,10 Head,169,,PM0000085,CAPS 1 OR 2 LTR WHITE AND YELLOW WITH LOGO,,,wastage log,15.0,PCS,,,,,,,,,PENDING,,,,,,,,VERIFIED-live,run 169 (2026-08-06) COLD PRESS SUNFLOWER 1 LTR 20 PCS; engineer/AM/store/HOD signatures ALL BLANK; logged 2026-08-07T13:57:48
WASTE,JIVO_OIL,2026-08-30T22:04:16+05:30,2026-08-06,10 Head,164,,PM0000121,PET BOTTLE 1 LTR 52 GMS POMACE,,,wastage log,180.0,PCS,,,,,,,,,PENDING,,,,,,,,VERIFIED-live,run 164 (2026-08-06) EXTRA LIGHT OLIVE 1 LTR 16 PCS; engineer/AM/store/HOD signatures ALL BLANK; logged 2026-08-07T13:56:30
WASTE,JIVO_OIL,2026-08-30T22:04:16+05:30,2026-08-06,10 Head,164,,PM0000018,LABEL 1 LTR EXTRA LIGHT FRONT,,,wastage log,130.0,PCS,,,,,,,,,PENDING,,,,,,,,VERIFIED-live,run 164 (2026-08-06) EXTRA LIGHT OLIVE 1 LTR 16 PCS; engineer/AM/store/HOD signatures ALL BLANK; logged 2026-08-07T13:56:30
WASTE,JIVO_OIL,2026-08-30T22:04:16+05:30,2026-08-06,10 Head,164,,PM0000017,LABEL 1 LTR EXTRA LIGHT BACK,,,wastage log,120.0,PCS,,,,,,,,,PENDING,,,,,,,,VERIFIED-live,run 164 (2026-08-06) EXTRA LIGHT OLIVE 1 LTR 16 PCS; engineer/AM/store/HOD signatures ALL BLANK; logged 2026-08-07T13:56:30
WASTE,JIVO_OIL,2026-08-30T22:04:16+05:30,2026-08-06,10 Head,164,,PM0000003,CARTON 1 LTR POMACE 16 PCS,,,wastage log,2.0,PCS,,,,,,,,,PENDING,,,,,,,,VERIFIED-live,run 164 (2026-08-06) EXTRA LIGHT OLIVE 1 LTR 16 PCS; engineer/AM/store/HOD signatures ALL BLANK; logged 2026-08-07T13:56:30
WASTE,JIVO_OIL,2026-08-30T22:04:16+05:30,2026-08-06,10 Head,164,,PM0000060,CAPS 1 & 2 LTR WHITE AND BLUE WITH LOGO,,,wastage log,80.0,PCS,,,,,,,,,PENDING,,,,,,,,VERIFIED-live,run 164 (2026-08-06) EXTRA LIGHT OLIVE 1 LTR 16 PCS; engineer/AM/store/HOD signatures ALL BLANK; logged 2026-08-07T13:56:30
WASTE,JIVO_OIL,2026-08-30T22:04:16+05:30,2026-08-06,JP Machine,163,,PM0000851,PET BOTTLE 1 LTR 26 GM,,,wastage log,75.0,PCS,,,,,,,,,PENDING,,,,,,,,VERIFIED-live,run 163 (2026-08-06) MUSTARD KACHI GHANI 1 LTR 20 PCS; engineer/AM/store/HOD signatures ALL BLANK; logged 2026-08-07T13:52:12
WASTE,JIVO_OIL,2026-08-30T22:04:16+05:30,2026-08-06,JP Machine,163,,PM0000020,LABEL 1 LTR KACHCHI GHANI FRONT,,,wastage log,150.0,PCS,,,,,,,,,PENDING,,,,,,,,VERIFIED-live,run 163 (2026-08-06) MUSTARD KACHI GHANI 1 LTR 20 PCS; engineer/AM/store/HOD signatures ALL BLANK; logged 2026-08-07T13:52:12
WASTE,JIVO_OIL,2026-08-30T22:04:16+05:30,2026-08-06,JP Machine,163,,PM0000019,LABEL 1 LTR KACHCHI GHANI BACK,,,wastage log,150.0,PCS,,,,,,,,,PENDING,,,,,,,,VERIFIED-live,run 163 (2026-08-06) MUSTARD KACHI GHANI 1 LTR 20 PCS; engineer/AM/store/HOD signatures ALL BLANK; logged 2026-08-07T13:52:12
WASTE,JIVO_OIL,2026-08-30T22:04:16+05:30,2026-08-06,JP Machine,163,,PM0000411,CARTON 1 LTR 20 PCS PET 26GM,,,wastage log,1.0,PCS,,,,,,,,,PENDING,,,,,,,,VERIFIED-live,run 163 (2026-08-06) MUSTARD KACHI GHANI 1 LTR 20 PCS; engineer/AM/store/HOD signatures ALL BLANK; logged 2026-08-07T13:52:12
WASTE,JIVO_OIL,2026-08-30T22:04:16+05:30,2026-08-06,JP Machine,163,,PM0000235,CAPS 1 LTR WHITE AND YELLOW SMALL PLAIN,,,wastage log,50.0,PCS,,,,,,,,,PENDING,,,,,,,,VERIFIED-live,run 163 (2026-08-06) MUSTARD KACHI GHANI 1 LTR 20 PCS; engineer/AM/store/HOD signatures ALL BLANK; logged 2026-08-07T13:52:12
WASTE,JIVO_OIL,2026-08-30T22:04:16+05:30,2026-08-06,Clear Pack,168,,PM0000094,SHRINKS 5 LTR 340X415 5 LTR SINGAL PCS,,,wastage log,13.0,PCS,,,,,,,,,PENDING,,,,,,,,VERIFIED-live,run 168 (2026-08-06) COLD PRESS GROUNDNUT OIL 5 LTR 4 PCS; engineer/AM/store/HOD signatures ALL BLANK; logged 2026-08-07T13:51:12
WASTE,JIVO_OIL,2026-08-30T22:04:16+05:30,2026-08-06,Clear Pack,168,,PM0000427,LABEL 5 LTR GROUNDNUT FRONT,,,wastage log,15.0,PCS,,,,,,,,,PENDING,,,,,,,,VERIFIED-live,run 168 (2026-08-06) COLD PRESS GROUNDNUT OIL 5 LTR 4 PCS; engineer/AM/store/HOD signatures ALL BLANK; logged 2026-08-07T13:51:12
WASTE,JIVO_OIL,2026-08-30T22:04:16+05:30,2026-08-06,Clear Pack,168,,PM0000428,LABEL 5 LTR GROUNDNUT BACK,,,wastage log,10.0,PCS,,,,,,,,,PENDING,,,,,,,,VERIFIED-live,run 168 (2026-08-06) COLD PRESS GROUNDNUT OIL 5 LTR 4 PCS; engineer/AM/store/HOD signatures ALL BLANK; logged 2026-08-07T13:51:12
WASTE,JIVO_OIL,2026-08-30T22:04:16+05:30,2026-08-06,Clear Pack,168,,PM0000469,CAPS 5 LTR BROWN,,,wastage log,15.0,PCS,,,,,,,,,PENDING,,,,,,,,VERIFIED-live,run 168 (2026-08-06) COLD PRESS GROUNDNUT OIL 5 LTR 4 PCS; engineer/AM/store/HOD signatures ALL BLANK; logged 2026-08-07T13:51:12
WASTE,JIVO_OIL,2026-08-30T22:04:16+05:30,2026-08-06,Clear Pack,162,,PM0000046,LABEL 5 LTR COLD PRESS FRONT,,,wastage log,80.0,PCS,,,,,,,,,PENDING,,,,,,,,VERIFIED-live,run 162 (2026-08-06) COLD PRESS 5 LTR 4 PCS; engineer/AM/store/HOD signatures ALL BLANK; logged 2026-08-07T13:50:13
WASTE,JIVO_OIL,2026-08-30T22:04:16+05:30,2026-08-06,Clear Pack,162,,PM0000535,LABEL 5 LTR COLD PRESS BACK 994,,,wastage log,90.0,PCS,,,,,,,,,PENDING,,,,,,,,VERIFIED-live,run 162 (2026-08-06) COLD PRESS 5 LTR 4 PCS; engineer/AM/store/HOD signatures ALL BLANK; logged 2026-08-07T13:50:13
WASTE,JIVO_OIL,2026-08-30T22:04:16+05:30,2026-08-06,Clear Pack,162,,PM0000053,HDPE BOTTLE 5 LTR,,,wastage log,20.0,PCS,,,,,,,,,PENDING,,,,,,,,VERIFIED-live,run 162 (2026-08-06) COLD PRESS 5 LTR 4 PCS; engineer/AM/store/HOD signatures ALL BLANK; logged 2026-08-07T13:50:13
WASTE,JIVO_OIL,2026-08-30T22:04:16+05:30,2026-08-06,Clear Pack,162,,PM0000013,CARTON 5 LTR 4 PCS,,,wastage log,2.0,PCS,,,,,,,,,PENDING,,,,,,,,VERIFIED-live,run 162 (2026-08-06) COLD PRESS 5 LTR 4 PCS; engineer/AM/store/HOD signatures ALL BLANK; logged 2026-08-07T13:50:13
WASTE,JIVO_OIL,2026-08-30T22:04:16+05:30,2026-08-07,10 Head,176,,PM0000121,PET BOTTLE 1 LTR 52 GMS POMACE,,,wastage log,144.0,PCS,,,,,,,,,PENDING,,,,,,,,VERIFIED-live,run 176 (2026-08-07) EXTRA LIGHT OLIVE 1 LTR 16 PCS; engineer/AM/store/HOD signatures ALL BLANK; logged 2026-08-08T14:40:15
WASTE,JIVO_OIL,2026-08-30T22:04:16+05:30,2026-08-07,10 Head,176,,PM0000018,LABEL 1 LTR EXTRA LIGHT FRONT,,,wastage log,14.0,PCS,,,,,,,,,PENDING,,,,,,,,VERIFIED-live,run 176 (2026-08-07) EXTRA LIGHT OLIVE 1 LTR 16 PCS; engineer/AM/store/HOD signatures ALL BLANK; logged 2026-08-08T14:40:15
WASTE,JIVO_OIL,2026-08-30T22:04:16+05:30,2026-08-07,10 Head,176,,PM0000017,LABEL 1 LTR EXTRA LIGHT BACK,,,wastage log,14.0,PCS,,,,,,,,,PENDING,,,,,,,,VERIFIED-live,run 176 (2026-08-07) EXTRA LIGHT OLIVE 1 LTR 16 PCS; engineer/AM/store/HOD signatures ALL BLANK; logged 2026-08-08T14:40:15
WASTE,JIVO_OIL,2026-08-30T22:04:16+05:30,2026-08-07,10 Head,176,,PM0000060,CAPS 1 & 2 LTR WHITE AND BLUE WITH LOGO,,,wastage log,14.0,PCS,,,,,,,,,PENDING,,,,,,,,VERIFIED-live,run 176 (2026-08-07) EXTRA LIGHT OLIVE 1 LTR 16 PCS; engineer/AM/store/HOD signatures ALL BLANK; logged 2026-08-08T14:40:15
WASTE,JIVO_OIL,2026-08-30T22:04:16+05:30,2026-08-07,6 Head,170,,PM0000517,PET BOTTLE 1 LTR 75 GMS,,,wastage log,2.0,PCS,,,,,,,,,PENDING,,,,,,,,VERIFIED-live,run 170 (2026-08-07) YELLOW MUSTARD OIL 1 LTR 20 PCS; engineer/AM/store/HOD signatures ALL BLANK; logged 2026-08-08T10:33:16
WASTE,JIVO_OIL,2026-08-30T22:04:16+05:30,2026-08-07,6 Head,170,,PM0000308,LABEL 1 LTR PRESSED YELLOW MUSTARD OIL FRONT,,,wastage log,10.0,PCS,,,,,,,,,PENDING,,,,,,,,VERIFIED-live,run 170 (2026-08-07) YELLOW MUSTARD OIL 1 LTR 20 PCS; engineer/AM/store/HOD signatures ALL BLANK; logged 2026-08-08T10:33:16
WASTE,JIVO_OIL,2026-08-30T22:04:16+05:30,2026-08-07,6 Head,170,,PM0000307,LABEL 1 LTR PRESSED YELLOW MUSTARD OIL BACK,,,wastage log,15.0,PCS,,,,,,,,,PENDING,,,,,,,,VERIFIED-live,run 170 (2026-08-07) YELLOW MUSTARD OIL 1 LTR 20 PCS; engineer/AM/store/HOD signatures ALL BLANK; logged 2026-08-08T10:33:16
WASTE,JIVO_OIL,2026-08-30T22:04:16+05:30,2026-08-07,6 Head,170,,PM0000727,CAPS 1 & 2 LTR WHITE AND RED-ORANGE WITH LOGO YMO,,,wastage log,5.0,PCS,,,,,,,,,PENDING,,,,,,,,VERIFIED-live,run 170 (2026-08-07) YELLOW MUSTARD OIL 1 LTR 20 PCS; engineer/AM/store/HOD signatures ALL BLANK; logged 2026-08-08T10:33:16
WASTE,JIVO_OIL,2026-08-30T22:04:16+05:30,2026-08-07,JP Machine,171,,PM0000851,PET BOTTLE 1 LTR 26 GM,,,wastage log,1788.0,PCS,,,,,,,,,PENDING,,,,,,,,VERIFIED-live,run 171 (2026-08-07) MUSTARD KACHI GHANI 1 LTR 20 PCS; engineer/AM/store/HOD signatures ALL BLANK; logged 2026-08-08T10:32:10
WASTE,JIVO_OIL,2026-08-30T22:04:16+05:30,2026-08-07,JP Machine,171,,PM0000020,LABEL 1 LTR KACHCHI GHANI FRONT,,,wastage log,50.0,PCS,,,,,,,,,PENDING,,,,,,,,VERIFIED-live,run 171 (2026-08-07) MUSTARD KACHI GHANI 1 LTR 20 PCS; engineer/AM/store/HOD signatures ALL BLANK; logged 2026-08-08T10:32:10
WASTE,JIVO_OIL,2026-08-30T22:04:16+05:30,2026-08-07,JP Machine,171,,PM0000019,LABEL 1 LTR KACHCHI GHANI BACK,,,wastage log,60.0,PCS,,,,,,,,,PENDING,,,,,,,,VERIFIED-live,run 171 (2026-08-07) MUSTARD KACHI GHANI 1 LTR 20 PCS; engineer/AM/store/HOD signatures ALL BLANK; logged 2026-08-08T10:32:10
WASTE,JIVO_OIL,2026-08-30T22:04:16+05:30,2026-08-07,JP Machine,171,,PM0000411,CARTON 1 LTR 20 PCS PET 26GM,,,wastage log,1.0,PCS,,,,,,,,,PENDING,,,,,,,,VERIFIED-live,run 171 (2026-08-07) MUSTARD KACHI GHANI 1 LTR 20 PCS; engineer/AM/store/HOD signatures ALL BLANK; logged 2026-08-08T10:32:10
WASTE,JIVO_OIL,2026-08-30T22:04:16+05:30,2026-08-07,JP Machine,171,,PM0000235,CAPS 1 LTR WHITE AND YELLOW SMALL PLAIN,,,wastage log,251.0,PCS,,,,,,,,,PENDING,,,,,,,,VERIFIED-live,run 171 (2026-08-07) MUSTARD KACHI GHANI 1 LTR 20 PCS; engineer/AM/store/HOD signatures ALL BLANK; logged 2026-08-08T10:32:10
WASTE,JIVO_OIL,2026-08-30T22:04:16+05:30,2026-08-07,Clear Pack,172,,PM0000094,SHRINKS 5 LTR 340X415 5 LTR SINGAL PCS,,,wastage log,11.45,PCS,,,,,,,,,PENDING,,,,,,,,VERIFIED-live,run 172 (2026-08-07) COLD PRESS GROUNDNUT OIL 5 LTR 4 PCS; engineer/AM/store/HOD signatures ALL BLANK; logged 2026-08-08T10:29:50
WASTE,JIVO_OIL,2026-08-30T22:04:16+05:30,2026-08-07,Clear Pack,172,,PM0000427,LABEL 5 LTR GROUNDNUT FRONT,,,wastage log,25.0,PCS,,,,,,,,,PENDING,,,,,,,,VERIFIED-live,run 172 (2026-08-07) COLD PRESS GROUNDNUT OIL 5 LTR 4 PCS; engineer/AM/store/HOD signatures ALL BLANK; logged 2026-08-08T10:29:50
WASTE,JIVO_OIL,2026-08-30T22:04:16+05:30,2026-08-07,Clear Pack,172,,PM0000428,LABEL 5 LTR GROUNDNUT BACK,,,wastage log,30.0,PCS,,,,,,,,,PENDING,,,,,,,,VERIFIED-live,run 172 (2026-08-07) COLD PRESS GROUNDNUT OIL 5 LTR 4 PCS; engineer/AM/store/HOD signatures ALL BLANK; logged 2026-08-08T10:29:50
WASTE,JIVO_OIL,2026-08-30T22:04:16+05:30,2026-08-07,Clear Pack,172,,PM0000053,HDPE BOTTLE 5 LTR,,,wastage log,53.0,PCS,,,,,,,,,PENDING,,,,,,,,VERIFIED-live,run 172 (2026-08-07) COLD PRESS GROUNDNUT OIL 5 LTR 4 PCS; engineer/AM/store/HOD signatures ALL BLANK; logged 2026-08-08T10:29:50
WASTE,JIVO_OIL,2026-08-30T22:04:16+05:30,2026-08-07,10 Head,173,,PM0000194,PET BOTTLE 1 LTR 40 GMS,,,wastage log,80.0,PCS,,,,,,,,,PENDING,,,,,,,,VERIFIED-live,run 173 (2026-08-07) COLD PRESS SUNFLOWER 1 LTR 20 PCS; engineer/AM/store/HOD signatures ALL BLANK; logged 2026-08-08T10:27:06
WASTE,JIVO_OIL,2026-08-30T22:04:16+05:30,2026-08-07,10 Head,173,,PM0000230,LABEL 1 LTR SUNFLOWER FRONT,,,wastage log,60.0,PCS,,,,,,,,,PENDING,,,,,,,,VERIFIED-live,run 173 (2026-08-07) COLD PRESS SUNFLOWER 1 LTR 20 PCS; engineer/AM/store/HOD signatures ALL BLANK; logged 2026-08-08T10:27:06
WASTE,JIVO_OIL,2026-08-30T22:04:16+05:30,2026-08-07,10 Head,173,,PM0000231,LABEL 1 LTR SUNFLOWER BACK,,,wastage log,70.0,PCS,,,,,,,,,PENDING,,,,,,,,VERIFIED-live,run 173 (2026-08-07) COLD PRESS SUNFLOWER 1 LTR 20 PCS; engineer/AM/store/HOD signatures ALL BLANK; logged 2026-08-08T10:27:06
WASTE,JIVO_OIL,2026-08-30T22:04:16+05:30,2026-08-07,10 Head,173,,PM0000006,CARTON 1 LTR 20 PCS PET 40 GM,,,wastage log,3.0,PCS,,,,,,,,,PENDING,,,,,,,,VERIFIED-live,run 173 (2026-08-07) COLD PRESS SUNFLOWER 1 LTR 20 PCS; engineer/AM/store/HOD signatures ALL BLANK; logged 2026-08-08T10:27:06
WASTE,JIVO_OIL,2026-08-30T22:04:16+05:30,2026-08-07,10 Head,173,,PM0000085,CAPS 1 OR 2 LTR WHITE AND YELLOW WITH LOGO,,,wastage log,50.0,PCS,,,,,,,,,PENDING,,,,,,,,VERIFIED-live,run 173 (2026-08-07) COLD PRESS SUNFLOWER 1 LTR 20 PCS; engineer/AM/store/HOD signatures ALL BLANK; logged 2026-08-08T10:27:06
WASTE,JIVO_OIL,2026-08-30T22:04:16+05:30,2026-08-07,6 Head,174,,PM0000121,PET BOTTLE 1 LTR 52 GMS POMACE,,,wastage log,15.0,PCS,,,,,,,,,PENDING,,,,,,,,VERIFIED-live,run 174 (2026-08-07) COLD PRESS GROUNDNUT OIL 1 LTR 16 PCS; engineer/AM/store/HOD signatures ALL BLANK; logged 2026-08-08T10:26:02
WASTE,JIVO_OIL,2026-08-30T22:04:16+05:30,2026-08-07,6 Head,174,,PM0000425,LABEL 1 LTR GROUNDNUT FRONT,,,wastage log,25.0,PCS,,,,,,,,,PENDING,,,,,,,,VERIFIED-live,run 174 (2026-08-07) COLD PRESS GROUNDNUT OIL 1 LTR 16 PCS; engineer/AM/store/HOD signatures ALL BLANK; logged 2026-08-08T10:26:02
WASTE,JIVO_OIL,2026-08-30T22:04:16+05:30,2026-08-07,6 Head,174,,PM0000426,LABEL 1 LTR GROUNDNUT BACK,,,wastage log,30.0,PCS,,,,,,,,,PENDING,,,,,,,,VERIFIED-live,run 174 (2026-08-07) COLD PRESS GROUNDNUT OIL 1 LTR 16 PCS; engineer/AM/store/HOD signatures ALL BLANK; logged 2026-08-08T10:26:02
WASTE,JIVO_OIL,2026-08-30T22:04:16+05:30,2026-08-07,6 Head,174,,PM0000003,CARTON 1 LTR POMACE 16 PCS,,,wastage log,1.0,PCS,,,,,,,,,PENDING,,,,,,,,VERIFIED-live,run 174 (2026-08-07) COLD PRESS GROUNDNUT OIL 1 LTR 16 PCS; engineer/AM/store/HOD signatures ALL BLANK; logged 2026-08-08T10:26:02
WASTE,JIVO_OIL,2026-08-30T22:04:16+05:30,2026-08-08,6 Head,179,,PM0000121,PET BOTTLE 1 LTR 52 GMS POMACE,,,wastage log,516.0,PCS,,,,,,,,,PENDING,,,,,,,,VERIFIED-live,run 179 (2026-08-08) COLD PRESS GROUNDNUT OIL 1 LTR 16 PCS; engineer/AM/store/HOD signatures ALL BLANK; logged 2026-08-10T09:16:25
WASTE,JIVO_OIL,2026-08-30T22:04:16+05:30,2026-08-08,6 Head,179,,PM0000425,LABEL 1 LTR GROUNDNUT FRONT,,,wastage log,516.0,PCS,,,,,,,,,PENDING,,,,,,,,VERIFIED-live,run 179 (2026-08-08) COLD PRESS GROUNDNUT OIL 1 LTR 16 PCS; engineer/AM/store/HOD signatures ALL BLANK; logged 2026-08-10T09:16:25
WASTE,JIVO_OIL,2026-08-30T22:04:16+05:30,2026-08-08,6 Head,179,,PM0000426,LABEL 1 LTR GROUNDNUT BACK,,,wastage log,516.0,PCS,,,,,,,,,PENDING,,,,,,,,VERIFIED-live,run 179 (2026-08-08) COLD PRESS GROUNDNUT OIL 1 LTR 16 PCS; engineer/AM/store/HOD signatures ALL BLANK; logged 2026-08-10T09:16:25
WASTE,JIVO_OIL,2026-08-30T22:04:16+05:30,2026-08-08,6 Head,179,,PM0000003,CARTON 1 LTR POMACE 16 PCS,,,wastage log,1.0,PCS,,,,,,,,,PENDING,,,,,,,,VERIFIED-live,run 179 (2026-08-08) COLD PRESS GROUNDNUT OIL 1 LTR 16 PCS; engineer/AM/store/HOD signatures ALL BLANK; logged 2026-08-10T09:16:25
WASTE,JIVO_OIL,2026-08-30T22:04:16+05:30,2026-08-08,6 Head,179,,PM0000085,CAPS 1 OR 2 LTR WHITE AND YELLOW WITH LOGO,,,wastage log,516.0,PCS,,,,,,,,,PENDING,,,,,,,,VERIFIED-live,run 179 (2026-08-08) COLD PRESS GROUNDNUT OIL 1 LTR 16 PCS; engineer/AM/store/HOD signatures ALL BLANK; logged 2026-08-10T09:16:25
WASTE,JIVO_OIL,2026-08-30T22:04:16+05:30,2026-08-08,JP Machine,178,,PM0000851,PET BOTTLE 1 LTR 26 GM,,,wastage log,225.0,PCS,,,,,,,,,PENDING,,,,,,,,VERIFIED-live,run 178 (2026-08-08) MUSTARD KACHI GHANI 1 LTR 20 PCS; engineer/AM/store/HOD signatures ALL BLANK; logged 2026-08-10T09:14:22
WASTE,JIVO_OIL,2026-08-30T22:04:16+05:30,2026-08-08,JP Machine,178,,PM0000020,LABEL 1 LTR KACHCHI GHANI FRONT,,,wastage log,210.0,PCS,,,,,,,,,PENDING,,,,,,,,VERIFIED-live,run 178 (2026-08-08) MUSTARD KACHI GHANI 1 LTR 20 PCS; engineer/AM/store/HOD signatures ALL BLANK; logged 2026-08-10T09:14:22
WASTE,JIVO_OIL,2026-08-30T22:04:16+05:30,2026-08-08,JP Machine,178,,PM0000019,LABEL 1 LTR KACHCHI GHANI BACK,,,wastage log,200.0,PCS,,,,,,,,,PENDING,,,,,,,,VERIFIED-live,run 178 (2026-08-08) MUSTARD KACHI GHANI 1 LTR 20 PCS; engineer/AM/store/HOD signatures ALL BLANK; logged 2026-08-10T09:14:22
WASTE,JIVO_OIL,2026-08-30T22:04:16+05:30,2026-08-08,JP Machine,178,,PM0000411,CARTON 1 LTR 20 PCS PET 26GM,,,wastage log,1.0,PCS,,,,,,,,,PENDING,,,,,,,,VERIFIED-live,run 178 (2026-08-08) MUSTARD KACHI GHANI 1 LTR 20 PCS; engineer/AM/store/HOD signatures ALL BLANK; logged 2026-08-10T09:14:22
WASTE,JIVO_OIL,2026-08-30T22:04:16+05:30,2026-08-08,JP Machine,178,,PM0000235,CAPS 1 LTR WHITE AND YELLOW SMALL PLAIN,,,wastage log,273.0,PCS,,,,,,,,,PENDING,,,,,,,,VERIFIED-live,run 178 (2026-08-08) MUSTARD KACHI GHANI 1 LTR 20 PCS; engineer/AM/store/HOD signatures ALL BLANK; logged 2026-08-10T09:14:22
WASTE,JIVO_OIL,2026-08-30T22:04:16+05:30,2026-08-08,10 Head,177,,PM0000121,PET BOTTLE 1 LTR 52 GMS POMACE,,,wastage log,332.0,PCS,,,,,,,,,PENDING,,,,,,,,VERIFIED-live,run 177 (2026-08-08) EXTRA LIGHT OLIVE 1 LTR 16 PCS; engineer/AM/store/HOD signatures ALL BLANK; logged 2026-08-10T09:12:40
WASTE,JIVO_OIL,2026-08-30T22:04:16+05:30,2026-08-08,10 Head,177,,PM0000018,LABEL 1 LTR EXTRA LIGHT FRONT,,,wastage log,572.0,PCS,,,,,,,,,PENDING,,,,,,,,VERIFIED-live,run 177 (2026-08-08) EXTRA LIGHT OLIVE 1 LTR 16 PCS; engineer/AM/store/HOD signatures ALL BLANK; logged 2026-08-10T09:12:40
WASTE,JIVO_OIL,2026-08-30T22:04:16+05:30,2026-08-08,10 Head,177,,PM0000017,LABEL 1 LTR EXTRA LIGHT BACK,,,wastage log,572.0,PCS,,,,,,,,,PENDING,,,,,,,,VERIFIED-live,run 177 (2026-08-08) EXTRA LIGHT OLIVE 1 LTR 16 PCS; engineer/AM/store/HOD signatures ALL BLANK; logged 2026-08-10T09:12:40
WASTE,JIVO_OIL,2026-08-30T22:04:16+05:30,2026-08-08,10 Head,177,,PM0000003,CARTON 1 LTR POMACE 16 PCS,,,wastage log,40.0,PCS,,,,,,,,,PENDING,,,,,,,,VERIFIED-live,run 177 (2026-08-08) EXTRA LIGHT OLIVE 1 LTR 16 PCS; engineer/AM/store/HOD signatures ALL BLANK; logged 2026-08-10T09:12:40
WASTE,JIVO_OIL,2026-08-30T22:04:16+05:30,2026-08-08,10 Head,177,,PM0000060,CAPS 1 & 2 LTR WHITE AND BLUE WITH LOGO,,,wastage log,187.0,PCS,,,,,,,,,PENDING,,,,,,,,VERIFIED-live,run 177 (2026-08-08) EXTRA LIGHT OLIVE 1 LTR 16 PCS; engineer/AM/store/HOD signatures ALL BLANK; logged 2026-08-10T09:12:40
WASTE,JIVO_OIL,2026-08-30T22:04:16+05:30,2026-08-10,6 Head,186,,PM0000524,LABEL 5 LTR RICE BRAN OIL FRONT,,,wastage log,10.0,PCS,,,,,,,,,PENDING,,,,,,,,VERIFIED-live,run 186 (2026-08-10) RICE BRAN OIL 5 LTR 4 PCS; engineer/AM/store/HOD signatures ALL BLANK; logged 2026-08-11T16:50:05
WASTE,JIVO_OIL,2026-08-30T22:04:16+05:30,2026-08-10,6 Head,186,,PM0000525,LABEL 5 LTR RICE BRAN OIL BACK,,,wastage log,15.0,PCS,,,,,,,,,PENDING,,,,,,,,VERIFIED-live,run 186 (2026-08-10) RICE BRAN OIL 5 LTR 4 PCS; engineer/AM/store/HOD signatures ALL BLANK; logged 2026-08-11T16:50:05
WASTE,JIVO_OIL,2026-08-30T22:04:16+05:30,2026-08-10,6 Head,186,,PM0000470,CAPS 5 LTR ORANGE,,,wastage log,57.0,PCS,,,,,,,,,PENDING,,,,,,,,VERIFIED-live,run 186 (2026-08-10) RICE BRAN OIL 5 LTR 4 PCS; engineer/AM/store/HOD signatures ALL BLANK; logged 2026-08-11T16:50:05
WASTE,JIVO_OIL,2026-08-30T22:04:16+05:30,2026-08-10,JP Machine,185,,PM0000851,PET BOTTLE 1 LTR 26 GM,,,wastage log,135.0,PCS,,,,,,,,,PENDING,,,,,,,,VERIFIED-live,run 185 (2026-08-10) SANO MUSTARD OIL 1 LTR 20 PCS; engineer/AM/store/HOD signatures ALL BLANK; logged 2026-08-11T16:49:30
WASTE,JIVO_OIL,2026-08-30T22:04:16+05:30,2026-08-10,JP Machine,185,,PM0000370,LABEL 1 LTR MUSTARD FRONT SANO,,,wastage log,150.0,PCS,,,,,,,,,PENDING,,,,,,,,VERIFIED-live,run 185 (2026-08-10) SANO MUSTARD OIL 1 LTR 20 PCS; engineer/AM/store/HOD signatures ALL BLANK; logged 2026-08-11T16:49:30
WASTE,JIVO_OIL,2026-08-30T22:04:16+05:30,2026-08-10,JP Machine,185,,PM0000369,LABEL 1 LTR MUSTARD BACK SANO,,,wastage log,130.0,PCS,,,,,,,,,PENDING,,,,,,,,VERIFIED-live,run 185 (2026-08-10) SANO MUSTARD OIL 1 LTR 20 PCS; engineer/AM/store/HOD signatures ALL BLANK; logged 2026-08-11T16:49:30
WASTE,JIVO_OIL,2026-08-30T22:04:16+05:30,2026-08-10,JP Machine,185,,PM0000634,CARTON 1 LTR 20 PCS SANO,,,wastage log,1.0,PCS,,,,,,,,,PENDING,,,,,,,,VERIFIED-live,run 185 (2026-08-10) SANO MUSTARD OIL 1 LTR 20 PCS; engineer/AM/store/HOD signatures ALL BLANK; logged 2026-08-11T16:49:30
WASTE,JIVO_OIL,2026-08-30T22:04:16+05:30,2026-08-10,Clear Pack,184,,PM0000194,PET BOTTLE 1 LTR 40 GMS,,,wastage log,109.0,PCS,,,,,,,,,PENDING,,,,,,,,VERIFIED-live,run 184 (2026-08-10) COLD PRESS SUNFLOWER 1 LTR 20 PCS; engineer/AM/store/HOD signatures ALL BLANK; logged 2026-08-11T16:48:06
WASTE,JIVO_OIL,2026-08-30T22:04:16+05:30,2026-08-10,Clear Pack,184,,PM0000230,LABEL 1 LTR SUNFLOWER FRONT,,,wastage log,100.0,PCS,,,,,,,,,PENDING,,,,,,,,VERIFIED-live,run 184 (2026-08-10) COLD PRESS SUNFLOWER 1 LTR 20 PCS; engineer/AM/store/HOD signatures ALL BLANK; logged 2026-08-11T16:48:06
WASTE,JIVO_OIL,2026-08-30T22:04:16+05:30,2026-08-10,Clear Pack,184,,PM0000231,LABEL 1 LTR SUNFLOWER BACK,,,wastage log,100.0,PCS,,,,,,,,,PENDING,,,,,,,,VERIFIED-live,run 184 (2026-08-10) COLD PRESS SUNFLOWER 1 LTR 20 PCS; engineer/AM/store/HOD signatures ALL BLANK; logged 2026-08-11T16:48:06
WASTE,JIVO_OIL,2026-08-30T22:04:16+05:30,2026-08-10,Clear Pack,184,,PM0000085,CAPS 1 OR 2 LTR WHITE AND YELLOW WITH LOGO,,,wastage log,25.0,PCS,,,,,,,,,PENDING,,,,,,,,VERIFIED-live,run 184 (2026-08-10) COLD PRESS SUNFLOWER 1 LTR 20 PCS; engineer/AM/store/HOD signatures ALL BLANK; logged 2026-08-11T16:48:06
WASTE,JIVO_OIL,2026-08-30T22:04:16+05:30,2026-08-10,10 Head,182,,PM0000121,PET BOTTLE 1 LTR 52 GMS POMACE,,,wastage log,184.0,PCS,,,,,,,,,PENDING,,,,,,,,VERIFIED-live,run 182 (2026-08-10) COLD PRESS GROUNDNUT OIL 1 LTR 16 PCS; engineer/AM/store/HOD signatures ALL BLANK; logged 2026-08-11T16:45:46
WASTE,JIVO_OIL,2026-08-30T22:04:16+05:30,2026-08-10,10 Head,182,,PM0000425,LABEL 1 LTR GROUNDNUT FRONT,,,wastage log,114.0,PCS,,,,,,,,,PENDING,,,,,,,,VERIFIED-live,run 182 (2026-08-10) COLD PRESS GROUNDNUT OIL 1 LTR 16 PCS; engineer/AM/store/HOD signatures ALL BLANK; logged 2026-08-11T16:45:46
WASTE,JIVO_OIL,2026-08-30T22:04:16+05:30,2026-08-10,10 Head,182,,PM0000426,LABEL 1 LTR GROUNDNUT BACK,,,wastage log,124.0,PCS,,,,,,,,,PENDING,,,,,,,,VERIFIED-live,run 182 (2026-08-10) COLD PRESS GROUNDNUT OIL 1 LTR 16 PCS; engineer/AM/store/HOD signatures ALL BLANK; logged 2026-08-11T16:45:46
WASTE,JIVO_OIL,2026-08-30T22:04:16+05:30,2026-08-10,10 Head,182,,PM0000003,CARTON 1 LTR POMACE 16 PCS,,,wastage log,1.0,PCS,,,,,,,,,PENDING,,,,,,,,VERIFIED-live,run 182 (2026-08-10) COLD PRESS GROUNDNUT OIL 1 LTR 16 PCS; engineer/AM/store/HOD signatures ALL BLANK; logged 2026-08-11T16:45:46
WASTE,JIVO_OIL,2026-08-30T22:04:16+05:30,2026-08-10,10 Head,182,,PM0000085,CAPS 1 OR 2 LTR WHITE AND YELLOW WITH LOGO,,,wastage log,32.0,PCS,,,,,,,,,PENDING,,,,,,,,VERIFIED-live,run 182 (2026-08-10) COLD PRESS GROUNDNUT OIL 1 LTR 16 PCS; engineer/AM/store/HOD signatures ALL BLANK; logged 2026-08-11T16:45:46
WASTE,JIVO_OIL,2026-08-30T22:04:16+05:30,2026-08-10,JP Machine,181,,PM0000054,PET BOTTLE 1 LTR 23.8 GMS ROUND,,,wastage log,355.0,PCS,,,,,,,,,PENDING,,,,,,,,VERIFIED-live,run 181 (2026-08-10) MUSTARD KACHI GHANI 1 LTR 20 PCS ROUND BOTTLE; engineer/AM/store/HOD signatures ALL BLANK; logged 2026-08-11T16:14:12
WASTE,JIVO_OIL,2026-08-30T22:04:16+05:30,2026-08-10,JP Machine,181,,PM0000824,LABEL 1 LTR KACHI GHANI FULL,,,wastage log,100.0,PCS,,,,,,,,,PENDING,,,,,,,,VERIFIED-live,run 181 (2026-08-10) MUSTARD KACHI GHANI 1 LTR 20 PCS ROUND BOTTLE; engineer/AM/store/HOD signatures ALL BLANK; logged 2026-08-11T16:14:12
WASTE,JIVO_OIL,2026-08-30T22:04:16+05:30,2026-08-10,JP Machine,181,,PM0000825,CARTON 1 LTR 20 PCS NEW,,,wastage log,1.0,PCS,,,,,,,,,PENDING,,,,,,,,VERIFIED-live,run 181 (2026-08-10) MUSTARD KACHI GHANI 1 LTR 20 PCS ROUND BOTTLE; engineer/AM/store/HOD signatures ALL BLANK; logged 2026-08-11T16:14:12
WASTE,JIVO_OIL,2026-08-30T22:04:16+05:30,2026-08-10,JP Machine,181,,PM0000235,CAPS 1 LTR WHITE AND YELLOW SMALL PLAIN,,,wastage log,252.0,PCS,,,,,,,,,PENDING,,,,,,,,VERIFIED-live,run 181 (2026-08-10) MUSTARD KACHI GHANI 1 LTR 20 PCS ROUND BOTTLE; engineer/AM/store/HOD signatures ALL BLANK; logged 2026-08-11T16:14:12
WASTE,JIVO_OIL,2026-08-30T22:04:16+05:30,2026-08-11,Clear Pack,190,,PM0000194,PET BOTTLE 1 LTR 40 GMS,,,wastage log,313.0,PCS,,,,,,,,,PENDING,,,,,,,,VERIFIED-live,run 190 (2026-08-11) COLD PRESS SUNFLOWER 1 LTR 20 PCS; engineer/AM/store/HOD signatures ALL BLANK; logged 2026-08-12T11:04:42
WASTE,JIVO_OIL,2026-08-30T22:04:16+05:30,2026-08-11,Clear Pack,190,,PM0000230,LABEL 1 LTR SUNFLOWER FRONT,,,wastage log,160.0,PCS,,,,,,,,,PENDING,,,,,,,,VERIFIED-live,run 190 (2026-08-11) COLD PRESS SUNFLOWER 1 LTR 20 PCS; engineer/AM/store/HOD signatures ALL BLANK; logged 2026-08-12T11:04:42
WASTE,JIVO_OIL,2026-08-30T22:04:16+05:30,2026-08-11,Clear Pack,190,,PM0000231,LABEL 1 LTR SUNFLOWER BACK,,,wastage log,160.0,PCS,,,,,,,,,PENDING,,,,,,,,VERIFIED-live,run 190 (2026-08-11) COLD PRESS SUNFLOWER 1 LTR 20 PCS; engineer/AM/store/HOD signatures ALL BLANK; logged 2026-08-12T11:04:42
WASTE,JIVO_OIL,2026-08-30T22:04:16+05:30,2026-08-11,Clear Pack,190,,PM0000006,CARTON 1 LTR 20 PCS PET 40 GM,,,wastage log,8.0,PCS,,,,,,,,,PENDING,,,,,,,,VERIFIED-live,run 190 (2026-08-11) COLD PRESS SUNFLOWER 1 LTR 20 PCS; engineer/AM/store/HOD signatures ALL BLANK; logged 2026-08-12T11:04:42
WASTE,JIVO_OIL,2026-08-30T22:04:16+05:30,2026-08-11,JP Machine,189,,PM0000851,PET BOTTLE 1 LTR 26 GM,,,wastage log,234.0,PCS,,,,,,,,,PENDING,,,,,,,,VERIFIED-live,run 189 (2026-08-11) SANO MUSTARD OIL 1 LTR 20 PCS; engineer/AM/store/HOD signatures ALL BLANK; logged 2026-08-12T11:01:07
WASTE,JIVO_OIL,2026-08-30T22:04:16+05:30,2026-08-11,JP Machine,189,,PM0000370,LABEL 1 LTR MUSTARD FRONT SANO,,,wastage log,160.0,PCS,,,,,,,,,PENDING,,,,,,,,VERIFIED-live,run 189 (2026-08-11) SANO MUSTARD OIL 1 LTR 20 PCS; engineer/AM/store/HOD signatures ALL BLANK; logged 2026-08-12T11:01:07
WASTE,JIVO_OIL,2026-08-30T22:04:16+05:30,2026-08-11,JP Machine,189,,PM0000369,LABEL 1 LTR MUSTARD BACK SANO,,,wastage log,160.0,PCS,,,,,,,,,PENDING,,,,,,,,VERIFIED-live,run 189 (2026-08-11) SANO MUSTARD OIL 1 LTR 20 PCS; engineer/AM/store/HOD signatures ALL BLANK; logged 2026-08-12T11:01:07
WASTE,JIVO_OIL,2026-08-30T22:04:16+05:30,2026-08-11,JP Machine,189,,PM0000634,CARTON 1 LTR 20 PCS SANO,,,wastage log,1.0,PCS,,,,,,,,,PENDING,,,,,,,,VERIFIED-live,run 189 (2026-08-11) SANO MUSTARD OIL 1 LTR 20 PCS; engineer/AM/store/HOD signatures ALL BLANK; logged 2026-08-12T11:01:07
WASTE,JIVO_OIL,2026-08-30T22:04:16+05:30,2026-08-11,JP Machine,189,,PM0000235,CAPS 1 LTR WHITE AND YELLOW SMALL PLAIN,,,wastage log,253.0,PCS,,,,,,,,,PENDING,,,,,,,,VERIFIED-live,run 189 (2026-08-11) SANO MUSTARD OIL 1 LTR 20 PCS; engineer/AM/store/HOD signatures ALL BLANK; logged 2026-08-12T11:01:07
WASTE,JIVO_OIL,2026-08-30T22:04:16+05:30,2026-08-11,6 Head,188,,PM0000524,LABEL 5 LTR RICE BRAN OIL FRONT,,,wastage log,20.0,PCS,,,,,,,,,PENDING,,,,,,,,VERIFIED-live,run 188 (2026-08-11) RICE BRAN OIL 5 LTR 4 PCS; engineer/AM/store/HOD signatures ALL BLANK; logged 2026-08-12T10:59:26
WASTE,JIVO_OIL,2026-08-30T22:04:16+05:30,2026-08-11,6 Head,188,,PM0000525,LABEL 5 LTR RICE BRAN OIL BACK,,,wastage log,20.0,PCS,,,,,,,,,PENDING,,,,,,,,VERIFIED-live,run 188 (2026-08-11) RICE BRAN OIL 5 LTR 4 PCS; engineer/AM/store/HOD signatures ALL BLANK; logged 2026-08-12T10:59:26
WASTE,JIVO_OIL,2026-08-30T22:04:16+05:30,2026-08-11,10 Head,187,,PM0000121,PET BOTTLE 1 LTR 52 GMS POMACE,,,wastage log,236.0,PCS,,,,,,,,,PENDING,,,,,,,,VERIFIED-live,run 187 (2026-08-11) COLD PRESS GROUNDNUT OIL 1 LTR 16 PCS; engineer/AM/store/HOD signatures ALL BLANK; logged 2026-08-12T10:58:43
WASTE,JIVO_OIL,2026-08-30T22:04:16+05:30,2026-08-11,10 Head,187,,PM0000425,LABEL 1 LTR GROUNDNUT FRONT,,,wastage log,170.0,PCS,,,,,,,,,PENDING,,,,,,,,VERIFIED-live,run 187 (2026-08-11) COLD PRESS GROUNDNUT OIL 1 LTR 16 PCS; engineer/AM/store/HOD signatures ALL BLANK; logged 2026-08-12T10:58:43
WASTE,JIVO_OIL,2026-08-30T22:04:16+05:30,2026-08-11,10 Head,187,,PM0000426,LABEL 1 LTR GROUNDNUT BACK,,,wastage log,190.0,PCS,,,,,,,,,PENDING,,,,,,,,VERIFIED-live,run 187 (2026-08-11) COLD PRESS GROUNDNUT OIL 1 LTR 16 PCS; engineer/AM/store/HOD signatures ALL BLANK; logged 2026-08-12T10:58:43
WASTE,JIVO_OIL,2026-08-30T22:04:16+05:30,2026-08-11,10 Head,187,,PM0000003,CARTON 1 LTR POMACE 16 PCS,,,wastage log,4.0,PCS,,,,,,,,,PENDING,,,,,,,,VERIFIED-live,run 187 (2026-08-11) COLD PRESS GROUNDNUT OIL 1 LTR 16 PCS; engineer/AM/store/HOD signatures ALL BLANK; logged 2026-08-12T10:58:43
WASTE,JIVO_OIL,2026-08-30T22:04:16+05:30,2026-08-11,10 Head,187,,PM0000085,CAPS 1 OR 2 LTR WHITE AND YELLOW WITH LOGO,,,wastage log,250.0,PCS,,,,,,,,,PENDING,,,,,,,,VERIFIED-live,run 187 (2026-08-11) COLD PRESS GROUNDNUT OIL 1 LTR 16 PCS; engineer/AM/store/HOD signatures ALL BLANK; logged 2026-08-12T10:58:43
WASTE,JIVO_OIL,2026-08-30T22:04:16+05:30,2026-08-12,10 Head,195,,PM0000121,PET BOTTLE 1 LTR 52 GMS POMACE,,,wastage log,80.0,PCS,,,,,,,,,PENDING,,,,,,,,VERIFIED-live,run 195 (2026-08-12) COLD PRESS GROUNDNUT OIL 1 LTR 16 PCS; engineer/AM/store/HOD signatures ALL BLANK; logged 2026-08-13T10:17:45
WASTE,JIVO_OIL,2026-08-30T22:04:16+05:30,2026-08-12,10 Head,195,,PM0000425,LABEL 1 LTR GROUNDNUT FRONT,,,wastage log,100.0,PCS,,,,,,,,,PENDING,,,,,,,,VERIFIED-live,run 195 (2026-08-12) COLD PRESS GROUNDNUT OIL 1 LTR 16 PCS; engineer/AM/store/HOD signatures ALL BLANK; logged 2026-08-13T10:17:45
WASTE,JIVO_OIL,2026-08-30T22:04:16+05:30,2026-08-12,10 Head,195,,PM0000426,LABEL 1 LTR GROUNDNUT BACK,,,wastage log,100.0,PCS,,,,,,,,,PENDING,,,,,,,,VERIFIED-live,run 195 (2026-08-12) COLD PRESS GROUNDNUT OIL 1 LTR 16 PCS; engineer/AM/store/HOD signatures ALL BLANK; logged 2026-08-13T10:17:45
WASTE,JIVO_OIL,2026-08-30T22:04:16+05:30,2026-08-12,10 Head,195,,PM0000003,CARTON 1 LTR POMACE 16 PCS,,,wastage log,72.0,PCS,,,,,,,,,PENDING,,,,,,,,VERIFIED-live,run 195 (2026-08-12) COLD PRESS GROUNDNUT OIL 1 LTR 16 PCS; engineer/AM/store/HOD signatures ALL BLANK; logged 2026-08-13T10:17:45
WASTE,JIVO_OIL,2026-08-30T22:04:16+05:30,2026-08-12,10 Head,195,,PM0000085,CAPS 1 OR 2 LTR WHITE AND YELLOW WITH LOGO,,,wastage log,135.0,PCS,,,,,,,,,PENDING,,,,,,,,VERIFIED-live,run 195 (2026-08-12) COLD PRESS GROUNDNUT OIL 1 LTR 16 PCS; engineer/AM/store/HOD signatures ALL BLANK; logged 2026-08-13T10:17:45
WASTE,JIVO_OIL,2026-08-30T22:04:16+05:30,2026-08-12,JP Machine,196,,PM0000851,PET BOTTLE 1 LTR 26 GM,,,wastage log,805.0,PCS,,,,,,,,,PENDING,,,,,,,,VERIFIED-live,run 196 (2026-08-12) MUSTARD KACHI GHANI 1 LTR 20 PCS; engineer/AM/store/HOD signatures ALL BLANK; logged 2026-08-13T10:16:25
WASTE,JIVO_OIL,2026-08-30T22:04:16+05:30,2026-08-12,JP Machine,196,,PM0000020,LABEL 1 LTR KACHCHI GHANI FRONT,,,wastage log,80.0,PCS,,,,,,,,,PENDING,,,,,,,,VERIFIED-live,run 196 (2026-08-12) MUSTARD KACHI GHANI 1 LTR 20 PCS; engineer/AM/store/HOD signatures ALL BLANK; logged 2026-08-13T10:16:25
WASTE,JIVO_OIL,2026-08-30T22:04:16+05:30,2026-08-12,JP Machine,196,,PM0000019,LABEL 1 LTR KACHCHI GHANI BACK,,,wastage log,90.0,PCS,,,,,,,,,PENDING,,,,,,,,VERIFIED-live,run 196 (2026-08-12) MUSTARD KACHI GHANI 1 LTR 20 PCS; engineer/AM/store/HOD signatures ALL BLANK; logged 2026-08-13T10:16:25
WASTE,JIVO_OIL,2026-08-30T22:04:16+05:30,2026-08-12,JP Machine,196,,PM0000411,CARTON 1 LTR 20 PCS PET 26GM,,,wastage log,2.0,PCS,,,,,,,,,PENDING,,,,,,,,VERIFIED-live,run 196 (2026-08-12) MUSTARD KACHI GHANI 1 LTR 20 PCS; engineer/AM/store/HOD signatures ALL BLANK; logged 2026-08-13T10:16:25
WASTE,JIVO_OIL,2026-08-30T22:04:16+05:30,2026-08-12,JP Machine,196,,PM0000235,CAPS 1 LTR WHITE AND YELLOW SMALL PLAIN,,,wastage log,140.0,PCS,,,,,,,,,PENDING,,,,,,,,VERIFIED-live,run 196 (2026-08-12) MUSTARD KACHI GHANI 1 LTR 20 PCS; engineer/AM/store/HOD signatures ALL BLANK; logged 2026-08-13T10:16:25
WASTE,JIVO_OIL,2026-08-30T22:04:16+05:30,2026-08-12,Clear Pack,197,,PM0000194,PET BOTTLE 1 LTR 40 GMS,,,wastage log,84.0,PCS,,,,,,,,50,PENDING,,,,,,,,VERIFIED-live,run 197 (2026-08-12) MUSTARD KACHI GHANI 1 LTR + 1 LTR COMBO 10 SET PLAIN; engineer/AM/store/HOD signatures ALL BLANK; logged 2026-08-13T10:15:23
WASTE,JIVO_OIL,2026-08-30T22:04:16+05:30,2026-08-12,Clear Pack,197,,PM0000020,LABEL 1 LTR KACHCHI GHANI FRONT,,,wastage log,70.0,PCS,,,,,,,,50,PENDING,,,,,,,,VERIFIED-live,run 197 (2026-08-12) MUSTARD KACHI GHANI 1 LTR + 1 LTR COMBO 10 SET PLAIN; engineer/AM/store/HOD signatures ALL BLANK; logged 2026-08-13T10:15:23
WASTE,JIVO_OIL,2026-08-30T22:04:16+05:30,2026-08-12,Clear Pack,197,,PM0000019,LABEL 1 LTR KACHCHI GHANI BACK,,,wastage log,60.0,PCS,,,,,,,,50,PENDING,,,,,,,,VERIFIED-live,run 197 (2026-08-12) MUSTARD KACHI GHANI 1 LTR + 1 LTR COMBO 10 SET PLAIN; engineer/AM/store/HOD signatures ALL BLANK; logged 2026-08-13T10:15:23
WASTE,JIVO_OIL,2026-08-30T22:04:16+05:30,2026-08-12,Clear Pack,197,,PM0000006,CARTON 1 LTR 20 PCS PET 40 GM,,,wastage log,3.0,PCS,,,,,,,,50,PENDING,,,,,,,,VERIFIED-live,run 197 (2026-08-12) MUSTARD KACHI GHANI 1 LTR + 1 LTR COMBO 10 SET PLAIN; engineer/AM/store/HOD signatures ALL BLANK; logged 2026-08-13T10:15:23
WASTE,JIVO_OIL,2026-08-30T22:04:16+05:30,2026-08-12,Clear Pack,197,,PM0000085,CAPS 1 OR 2 LTR WHITE AND YELLOW WITH LOGO,,,wastage log,50.0,PCS,,,,,,,,50,PENDING,,,,,,,,VERIFIED-live,run 197 (2026-08-12) MUSTARD KACHI GHANI 1 LTR + 1 LTR COMBO 10 SET PLAIN; engineer/AM/store/HOD signatures ALL BLANK; logged 2026-08-13T10:15:23
WASTE,JIVO_OIL,2026-08-30T22:04:16+05:30,2026-08-12,6 Head,198,,PM0000884,SHRINK POF ROLL KG,,,wastage log,4.0,KGS,,,,,,,,,PENDING,,,,,,,,VERIFIED-live,run 198 (2026-08-12) COLD PRESS SUNFLOWER 5 LTR 4 PCS; engineer/AM/store/HOD signatures ALL BLANK; logged 2026-08-13T10:13:51
WASTE,JIVO_OIL,2026-08-30T22:04:16+05:30,2026-08-12,6 Head,198,,PM0000233,LABEL 5 LTR SUNFLOWER FRONT,,,wastage log,10.0,PCS,,,,,,,,,PENDING,,,,,,,,VERIFIED-live,run 198 (2026-08-12) COLD PRESS SUNFLOWER 5 LTR 4 PCS; engineer/AM/store/HOD signatures ALL BLANK; logged 2026-08-13T10:13:51
WASTE,JIVO_OIL,2026-08-30T22:04:16+05:30,2026-08-12,6 Head,198,,PM0000232,LABEL 5 LTR SUNFLOWER BACK,,,wastage log,10.0,PCS,,,,,,,,,PENDING,,,,,,,,VERIFIED-live,run 198 (2026-08-12) COLD PRESS SUNFLOWER 5 LTR 4 PCS; engineer/AM/store/HOD signatures ALL BLANK; logged 2026-08-13T10:13:51
WASTE,JIVO_OIL,2026-08-30T22:04:16+05:30,2026-08-12,6 Head,198,,PM0000053,HDPE BOTTLE 5 LTR,,,wastage log,8.0,PCS,,,,,,,,,PENDING,,,,,,,,VERIFIED-live,run 198 (2026-08-12) COLD PRESS SUNFLOWER 5 LTR 4 PCS; engineer/AM/store/HOD signatures ALL BLANK; logged 2026-08-13T10:13:51
WASTE,JIVO_OIL,2026-08-30T22:04:16+05:30,2026-08-12,6 Head,200,,PM0000884,SHRINK POF ROLL KG,,,wastage log,16.0,KGS,,,,,,,,,PENDING,,,,,,,,VERIFIED-live,run 200 (2026-08-12) SOYABEAN OIL 5 LTR 4 PCS; engineer/AM/store/HOD signatures ALL BLANK; logged 2026-08-13T10:11:19
WASTE,JIVO_OIL,2026-08-30T22:04:16+05:30,2026-08-12,6 Head,200,,PM0000289,LABEL 5 LTR SOYABEAN FRONT,,,wastage log,10.0,PCS,,,,,,,,,PENDING,,,,,,,,VERIFIED-live,run 200 (2026-08-12) SOYABEAN OIL 5 LTR 4 PCS; engineer/AM/store/HOD signatures ALL BLANK; logged 2026-08-13T10:11:19
WASTE,JIVO_OIL,2026-08-30T22:04:16+05:30,2026-08-12,6 Head,200,,PM0000288,LABEL 5 LTR SOYABEAN BACK,,,wastage log,10.0,PCS,,,,,,,,,PENDING,,,,,,,,VERIFIED-live,run 200 (2026-08-12) SOYABEAN OIL 5 LTR 4 PCS; engineer/AM/store/HOD signatures ALL BLANK; logged 2026-08-13T10:11:19
WASTE,JIVO_OIL,2026-08-30T22:04:16+05:30,2026-08-12,6 Head,200,,PM0000471,CAPS 5 LTR BLUE,,,wastage log,15.0,PCS,,,,,,,,,PENDING,,,,,,,,VERIFIED-live,run 200 (2026-08-12) SOYABEAN OIL 5 LTR 4 PCS; engineer/AM/store/HOD signatures ALL BLANK; logged 2026-08-13T10:11:19
WASTE,JIVO_OIL,2026-08-30T22:04:16+05:30,2026-08-13,Clear Pack,204,,PM0000194,PET BOTTLE 1 LTR 40 GMS,,,wastage log,104.0,PCS,,,,,,,,,PENDING,,,,,,,,VERIFIED-live,run 204 (2026-08-13) MUSTARD KACHI GHANI 1 LTR + 1 LTR COMBO 10 SET PLAIN; engineer/AM/store/HOD signatures ALL BLANK; logged 2026-08-14T10:53:37
WASTE,JIVO_OIL,2026-08-30T22:04:16+05:30,2026-08-13,Clear Pack,204,,PM0000020,LABEL 1 LTR KACHCHI GHANI FRONT,,,wastage log,150.0,PCS,,,,,,,,,PENDING,,,,,,,,VERIFIED-live,run 204 (2026-08-13) MUSTARD KACHI GHANI 1 LTR + 1 LTR COMBO 10 SET PLAIN; engineer/AM/store/HOD signatures ALL BLANK; logged 2026-08-14T10:53:37
WASTE,JIVO_OIL,2026-08-30T22:04:16+05:30,2026-08-13,Clear Pack,204,,PM0000019,LABEL 1 LTR KACHCHI GHANI BACK,,,wastage log,200.0,PCS,,,,,,,,,PENDING,,,,,,,,VERIFIED-live,run 204 (2026-08-13) MUSTARD KACHI GHANI 1 LTR + 1 LTR COMBO 10 SET PLAIN; engineer/AM/store/HOD signatures ALL BLANK; logged 2026-08-14T10:53:37
WASTE,JIVO_OIL,2026-08-30T22:04:16+05:30,2026-08-13,Clear Pack,204,,PM0000006,CARTON 1 LTR 20 PCS PET 40 GM,,,wastage log,50.0,PCS,,,,,,,,,PENDING,,,,,,,,VERIFIED-live,run 204 (2026-08-13) MUSTARD KACHI GHANI 1 LTR + 1 LTR COMBO 10 SET PLAIN; engineer/AM/store/HOD signatures ALL BLANK; logged 2026-08-14T10:53:37
WASTE,JIVO_OIL,2026-08-30T22:04:16+05:30,2026-08-13,Clear Pack,204,,PM0000085,CAPS 1 OR 2 LTR WHITE AND YELLOW WITH LOGO,,,wastage log,150.0,PCS,,,,,,,,,PENDING,,,,,,,,VERIFIED-live,run 204 (2026-08-13) MUSTARD KACHI GHANI 1 LTR + 1 LTR COMBO 10 SET PLAIN; engineer/AM/store/HOD signatures ALL BLANK; logged 2026-08-14T10:53:37
WASTE,JIVO_OIL,2026-08-30T22:04:16+05:30,2026-08-13,6 Head,205,,PM0000057,PET BOTTLE 2 LTR 66 GMS,,,wastage log,27.0,PCS,,,,,,,,,PENDING,,,,,,,,VERIFIED-live,run 205 (2026-08-13) MUSTARD KACCHI GHANI 2 LTR 10 PCS; engineer/AM/store/HOD signatures ALL BLANK; logged 2026-08-14T10:49:33
WASTE,JIVO_OIL,2026-08-30T22:04:16+05:30,2026-08-13,6 Head,205,,PM0000036,LABEL 2 LTR KACHCHI GHANI FRONT,,,wastage log,27.0,PCS,,,,,,,,,PENDING,,,,,,,,VERIFIED-live,run 205 (2026-08-13) MUSTARD KACCHI GHANI 2 LTR 10 PCS; engineer/AM/store/HOD signatures ALL BLANK; logged 2026-08-14T10:49:33
WASTE,JIVO_OIL,2026-08-30T22:04:16+05:30,2026-08-13,6 Head,205,,PM0000035,LABEL 2 LTR KACHCHI GHANI BACK,,,wastage log,27.0,PCS,,,,,,,,,PENDING,,,,,,,,VERIFIED-live,run 205 (2026-08-13) MUSTARD KACCHI GHANI 2 LTR 10 PCS; engineer/AM/store/HOD signatures ALL BLANK; logged 2026-08-14T10:49:33
WASTE,JIVO_OIL,2026-08-30T22:04:16+05:30,2026-08-13,6 Head,205,,PM0000009,CARTON 2 LTR 10 PCS,,,wastage log,1.0,PCS,,,,,,,,,PENDING,,,,,,,,VERIFIED-live,run 205 (2026-08-13) MUSTARD KACCHI GHANI 2 LTR 10 PCS; engineer/AM/store/HOD signatures ALL BLANK; logged 2026-08-14T10:49:33
WASTE,JIVO_OIL,2026-08-30T22:04:16+05:30,2026-08-13,6 Head,205,,PM0000085,CAPS 1 OR 2 LTR WHITE AND YELLOW WITH LOGO,,,wastage log,20.0,PCS,,,,,,,,,PENDING,,,,,,,,VERIFIED-live,run 205 (2026-08-13) MUSTARD KACCHI GHANI 2 LTR 10 PCS; engineer/AM/store/HOD signatures ALL BLANK; logged 2026-08-14T10:49:33
WASTE,JIVO_OIL,2026-08-30T22:04:16+05:30,2026-08-13,JP Machine,203,,PM0000851,PET BOTTLE 1 LTR 26 GM,,,wastage log,75.0,PCS,,,,,,,,,PENDING,,,,,,,,VERIFIED-live,run 203 (2026-08-13) MUSTARD KACHI GHANI 1 LTR 20 PCS; engineer/AM/store/HOD signatures ALL BLANK; logged 2026-08-14T10:48:30
WASTE,JIVO_OIL,2026-08-30T22:04:16+05:30,2026-08-13,JP Machine,203,,PM0000020,LABEL 1 LTR KACHCHI GHANI FRONT,,,wastage log,1100.0,PCS,,,,,,,,,PENDING,,,,,,,,VERIFIED-live,run 203 (2026-08-13) MUSTARD KACHI GHANI 1 LTR 20 PCS; engineer/AM/store/HOD signatures ALL BLANK; logged 2026-08-14T10:48:30
WASTE,JIVO_OIL,2026-08-30T22:04:16+05:30,2026-08-13,JP Machine,203,,PM0000019,LABEL 1 LTR KACHCHI GHANI BACK,,,wastage log,1180.0,PCS,,,,,,,,,PENDING,,,,,,,,VERIFIED-live,run 203 (2026-08-13) MUSTARD KACHI GHANI 1 LTR 20 PCS; engineer/AM/store/HOD signatures ALL BLANK; logged 2026-08-14T10:48:30
WASTE,JIVO_OIL,2026-08-30T22:04:16+05:30,2026-08-13,JP Machine,203,,PM0000411,CARTON 1 LTR 20 PCS PET 26GM,,,wastage log,2.0,PCS,,,,,,,,,PENDING,,,,,,,,VERIFIED-live,run 203 (2026-08-13) MUSTARD KACHI GHANI 1 LTR 20 PCS; engineer/AM/store/HOD signatures ALL BLANK; logged 2026-08-14T10:48:30
WASTE,JIVO_OIL,2026-08-30T22:04:16+05:30,2026-08-13,JP Machine,203,,PM0000235,CAPS 1 LTR WHITE AND YELLOW SMALL PLAIN,,,wastage log,95.0,PCS,,,,,,,,,PENDING,,,,,,,,VERIFIED-live,run 203 (2026-08-13) MUSTARD KACHI GHANI 1 LTR 20 PCS; engineer/AM/store/HOD signatures ALL BLANK; logged 2026-08-14T10:48:30
WASTE,JIVO_OIL,2026-08-30T22:04:16+05:30,2026-08-13,6 Head,202,,PM0000884,SHRINK POF ROLL KG,,,wastage log,1950.0,KGS,,,,,,,,,PENDING,,,,,,,,VERIFIED-live,run 202 (2026-08-13) SOYABEAN OIL 5 LTR 4 PCS; engineer/AM/store/HOD signatures ALL BLANK; logged 2026-08-14T10:46:49
WASTE,JIVO_OIL,2026-08-30T22:04:16+05:30,2026-08-13,6 Head,202,,PM0000289,LABEL 5 LTR SOYABEAN FRONT,,,wastage log,5.0,PCS,,,,,,,,,PENDING,,,,,,,,VERIFIED-live,run 202 (2026-08-13) SOYABEAN OIL 5 LTR 4 PCS; engineer/AM/store/HOD signatures ALL BLANK; logged 2026-08-14T10:46:49
WASTE,JIVO_OIL,2026-08-30T22:04:16+05:30,2026-08-13,6 Head,202,,PM0000288,LABEL 5 LTR SOYABEAN BACK,,,wastage log,10.0,PCS,,,,,,,,,PENDING,,,,,,,,VERIFIED-live,run 202 (2026-08-13) SOYABEAN OIL 5 LTR 4 PCS; engineer/AM/store/HOD signatures ALL BLANK; logged 2026-08-14T10:46:49
WASTE,JIVO_OIL,2026-08-30T22:04:16+05:30,2026-08-13,6 Head,202,,PM0000186,HDPE BOTTLE 5 LTR OLIVE GREEN,,,wastage log,1.0,PCS,,,,,,,,,PENDING,,,,,,,,VERIFIED-live,run 202 (2026-08-13) SOYABEAN OIL 5 LTR 4 PCS; engineer/AM/store/HOD signatures ALL BLANK; logged 2026-08-14T10:46:49
WASTE,JIVO_OIL,2026-08-30T22:04:16+05:30,2026-08-13,6 Head,202,,PM0000013,CARTON 5 LTR 4 PCS,,,wastage log,1.0,PCS,,,,,,,,,PENDING,,,,,,,,VERIFIED-live,run 202 (2026-08-13) SOYABEAN OIL 5 LTR 4 PCS; engineer/AM/store/HOD signatures ALL BLANK; logged 2026-08-14T10:46:49
WASTE,JIVO_OIL,2026-08-30T22:04:16+05:30,2026-08-13,6 Head,202,,PM0000471,CAPS 5 LTR BLUE,,,wastage log,25.0,PCS,,,,,,,,,PENDING,,,,,,,,VERIFIED-live,run 202 (2026-08-13) SOYABEAN OIL 5 LTR 4 PCS; engineer/AM/store/HOD signatures ALL BLANK; logged 2026-08-14T10:46:49
WASTE,JIVO_OIL,2026-08-30T22:04:16+05:30,2026-08-13,10 Head,201,,PM0000121,PET BOTTLE 1 LTR 52 GMS POMACE,,,wastage log,13.0,PCS,,,,,,,,,PENDING,,,,,,,,VERIFIED-live,run 201 (2026-08-13) COLD PRESS GROUNDNUT OIL 1 LTR 16 PCS; engineer/AM/store/HOD signatures ALL BLANK; logged 2026-08-14T10:44:57
WASTE,JIVO_OIL,2026-08-30T22:04:16+05:30,2026-08-13,10 Head,201,,PM0000425,LABEL 1 LTR GROUNDNUT FRONT,,,wastage log,300.0,PCS,,,,,,,,,PENDING,,,,,,,,VERIFIED-live,run 201 (2026-08-13) COLD PRESS GROUNDNUT OIL 1 LTR 16 PCS; engineer/AM/store/HOD signatures ALL BLANK; logged 2026-08-14T10:44:57
WASTE,JIVO_OIL,2026-08-30T22:04:16+05:30,2026-08-13,10 Head,201,,PM0000426,LABEL 1 LTR GROUNDNUT BACK,,,wastage log,300.0,PCS,,,,,,,,,PENDING,,,,,,,,VERIFIED-live,run 201 (2026-08-13) COLD PRESS GROUNDNUT OIL 1 LTR 16 PCS; engineer/AM/store/HOD signatures ALL BLANK; logged 2026-08-14T10:44:57
WASTE,JIVO_OIL,2026-08-30T22:04:16+05:30,2026-08-13,10 Head,201,,PM0000003,CARTON 1 LTR POMACE 16 PCS,,,wastage log,42.0,PCS,,,,,,,,,PENDING,,,,,,,,VERIFIED-live,run 201 (2026-08-13) COLD PRESS GROUNDNUT OIL 1 LTR 16 PCS; engineer/AM/store/HOD signatures ALL BLANK; logged 2026-08-14T10:44:57
WASTE,JIVO_OIL,2026-08-30T22:04:16+05:30,2026-08-13,10 Head,201,,PM0000085,CAPS 1 OR 2 LTR WHITE AND YELLOW WITH LOGO,,,wastage log,10.0,PCS,,,,,,,,,PENDING,,,,,,,,VERIFIED-live,run 201 (2026-08-13) COLD PRESS GROUNDNUT OIL 1 LTR 16 PCS; engineer/AM/store/HOD signatures ALL BLANK; logged 2026-08-14T10:44:57
WASTE,JIVO_OIL,2026-08-30T22:04:16+05:30,2026-08-14,Pouch Machine,209,,PM0000005,CARTON 1 LTR 12 POUCHES,,,wastage log,24.0,PCS,,,,,,,,,PENDING,,,,,,,,VERIFIED-live,run 209 (2026-08-14) MUSTARD KACHHI GHANI 1 LTR POUCH 12 PCS; engineer/AM/store/HOD signatures ALL BLANK; logged 2026-08-17T14:28:45
WASTE,JIVO_OIL,2026-08-30T22:04:16+05:30,2026-08-14,Clear Pack,206,,PM0000071,SHRINKS 1 LTR 235X310,,,wastage log,150.0,PCS,,,,,,,,,PENDING,,,,,,,,VERIFIED-live,run 206 (2026-08-14) MUSTARD KACHI GHANI 1 LTR + 1 LTR COMBO 10 SET PLAIN; engineer/AM/store/HOD signatures ALL BLANK; logged 2026-08-17T14:28:10
WASTE,JIVO_OIL,2026-08-30T22:04:16+05:30,2026-08-14,Clear Pack,206,,PM0000194,PET BOTTLE 1 LTR 40 GMS,,,wastage log,50.0,PCS,,,,,,,,,PENDING,,,,,,,,VERIFIED-live,run 206 (2026-08-14) MUSTARD KACHI GHANI 1 LTR + 1 LTR COMBO 10 SET PLAIN; engineer/AM/store/HOD signatures ALL BLANK; logged 2026-08-17T14:28:10
WASTE,JIVO_OIL,2026-08-30T22:04:16+05:30,2026-08-14,Clear Pack,206,,PM0000020,LABEL 1 LTR KACHCHI GHANI FRONT,,,wastage log,800.0,PCS,,,,,,,,,PENDING,,,,,,,,VERIFIED-live,run 206 (2026-08-14) MUSTARD KACHI GHANI 1 LTR + 1 LTR COMBO 10 SET PLAIN; engineer/AM/store/HOD signatures ALL BLANK; logged 2026-08-17T14:28:10
WASTE,JIVO_OIL,2026-08-30T22:04:16+05:30,2026-08-14,Clear Pack,206,,PM0000019,LABEL 1 LTR KACHCHI GHANI BACK,,,wastage log,800.0,PCS,,,,,,,,,PENDING,,,,,,,,VERIFIED-live,run 206 (2026-08-14) MUSTARD KACHI GHANI 1 LTR + 1 LTR COMBO 10 SET PLAIN; engineer/AM/store/HOD signatures ALL BLANK; logged 2026-08-17T14:28:10
WASTE,JIVO_OIL,2026-08-30T22:04:16+05:30,2026-08-14,Clear Pack,206,,PM0000006,CARTON 1 LTR 20 PCS PET 40 GM,,,wastage log,3.0,PCS,,,,,,,,,PENDING,,,,,,,,VERIFIED-live,run 206 (2026-08-14) MUSTARD KACHI GHANI 1 LTR + 1 LTR COMBO 10 SET PLAIN; engineer/AM/store/HOD signatures ALL BLANK; logged 2026-08-17T14:28:10
WASTE,JIVO_OIL,2026-08-30T22:04:16+05:30,2026-08-14,Clear Pack,206,,PM0000085,CAPS 1 OR 2 LTR WHITE AND YELLOW WITH LOGO,,,wastage log,200.0,PCS,,,,,,,,,PENDING,,,,,,,,VERIFIED-live,run 206 (2026-08-14) MUSTARD KACHI GHANI 1 LTR + 1 LTR COMBO 10 SET PLAIN; engineer/AM/store/HOD signatures ALL BLANK; logged 2026-08-17T14:28:10
WASTE,JIVO_OIL,2026-08-30T22:04:16+05:30,2026-08-14,Pouch Machine,209,,PM0000309,POUCH 1 LTR MUSTARD ROLLS KGS,,,wastage log,2.7,KGS,,,,,,,,,PENDING,,,,,,,,VERIFIED-live,run 209 (2026-08-14) MUSTARD KACHHI GHANI 1 LTR POUCH 12 PCS; engineer/AM/store/HOD signatures ALL BLANK; logged 2026-08-17T14:27:07
WASTE,JIVO_OIL,2026-08-30T22:04:16+05:30,2026-08-14,10 Head,208,,PM0000121,PET BOTTLE 1 LTR 52 GMS POMACE,,,wastage log,223.0,PCS,,,,,,,,,PENDING,,,,,,,,VERIFIED-live,run 208 (2026-08-14) POMACE OLIVE 1 LTR 16 PCS; engineer/AM/store/HOD signatures ALL BLANK; logged 2026-08-17T14:26:13
WASTE,JIVO_OIL,2026-08-30T22:04:16+05:30,2026-08-14,10 Head,208,,PM0000108,LABEL 1 LTR POMACE FRONT,,,wastage log,213.0,PCS,,,,,,,,,PENDING,,,,,,,,VERIFIED-live,run 208 (2026-08-14) POMACE OLIVE 1 LTR 16 PCS; engineer/AM/store/HOD signatures ALL BLANK; logged 2026-08-17T14:26:13
WASTE,JIVO_OIL,2026-08-30T22:04:16+05:30,2026-08-14,10 Head,208,,PM0000107,LABEL 1 LTR POMACE BACK,,,wastage log,213.0,PCS,,,,,,,,,PENDING,,,,,,,,VERIFIED-live,run 208 (2026-08-14) POMACE OLIVE 1 LTR 16 PCS; engineer/AM/store/HOD signatures ALL BLANK; logged 2026-08-17T14:26:13
WASTE,JIVO_OIL,2026-08-30T22:04:16+05:30,2026-08-14,10 Head,208,,PM0000003,CARTON 1 LTR POMACE 16 PCS,,,wastage log,4.0,PCS,,,,,,,,,PENDING,,,,,,,,VERIFIED-live,run 208 (2026-08-14) POMACE OLIVE 1 LTR 16 PCS; engineer/AM/store/HOD signatures ALL BLANK; logged 2026-08-17T14:26:13
WASTE,JIVO_OIL,2026-08-30T22:04:16+05:30,2026-08-14,10 Head,208,,PM0000079,CAPS 1 & 2 LTR FULL GREEN WITH LOGO,,,wastage log,64.0,PCS,,,,,,,,,PENDING,,,,,,,,VERIFIED-live,run 208 (2026-08-14) POMACE OLIVE 1 LTR 16 PCS; engineer/AM/store/HOD signatures ALL BLANK; logged 2026-08-17T14:26:13
WASTE,JIVO_OIL,2026-08-30T22:04:16+05:30,2026-08-14,6 Head,207,,PM0000057,PET BOTTLE 2 LTR 66 GMS,,,wastage log,57.0,PCS,,,,,,,,,PENDING,,,,,,,,VERIFIED-live,run 207 (2026-08-14) MUSTARD KACCHI GHANI 2 LTR 10 PCS; engineer/AM/store/HOD signatures ALL BLANK; logged 2026-08-17T14:24:34
WASTE,JIVO_OIL,2026-08-30T22:04:16+05:30,2026-08-14,6 Head,207,,PM0000036,LABEL 2 LTR KACHCHI GHANI FRONT,,,wastage log,57.0,PCS,,,,,,,,,PENDING,,,,,,,,VERIFIED-live,run 207 (2026-08-14) MUSTARD KACCHI GHANI 2 LTR 10 PCS; engineer/AM/store/HOD signatures ALL BLANK; logged 2026-08-17T14:24:34
WASTE,JIVO_OIL,2026-08-30T22:04:16+05:30,2026-08-14,6 Head,207,,PM0000035,LABEL 2 LTR KACHCHI GHANI BACK,,,wastage log,57.0,PCS,,,,,,,,,PENDING,,,,,,,,VERIFIED-live,run 207 (2026-08-14) MUSTARD KACCHI GHANI 2 LTR 10 PCS; engineer/AM/store/HOD signatures ALL BLANK; logged 2026-08-17T14:24:34
WASTE,JIVO_OIL,2026-08-30T22:04:16+05:30,2026-08-14,6 Head,207,,PM0000009,CARTON 2 LTR 10 PCS,,,wastage log,3.0,PCS,,,,,,,,,PENDING,,,,,,,,VERIFIED-live,run 207 (2026-08-14) MUSTARD KACCHI GHANI 2 LTR 10 PCS; engineer/AM/store/HOD signatures ALL BLANK; logged 2026-08-17T14:24:34
WASTE,JIVO_OIL,2026-08-30T22:04:16+05:30,2026-08-14,6 Head,207,,PM0000085,CAPS 1 OR 2 LTR WHITE AND YELLOW WITH LOGO,,,wastage log,35.0,PCS,,,,,,,,,PENDING,,,,,,,,VERIFIED-live,run 207 (2026-08-14) MUSTARD KACCHI GHANI 2 LTR 10 PCS; engineer/AM/store/HOD signatures ALL BLANK; logged 2026-08-17T14:24:34
WASTE,JIVO_OIL,2026-08-30T22:04:16+05:30,2026-08-17,JP Machine,211,,PM0000851,PET BOTTLE 1 LTR 26 GM,,,wastage log,135.0,PCS,,,,,,,,,PENDING,,,,,,,,VERIFIED-live,run 211 (2026-08-17) MUSTARD KACHI GHANI 1 LTR 20 PCS; engineer/AM/store/HOD signatures ALL BLANK; logged 2026-08-18T10:43:57
WASTE,JIVO_OIL,2026-08-30T22:04:16+05:30,2026-08-17,JP Machine,211,,PM0000020,LABEL 1 LTR KACHCHI GHANI FRONT,,,wastage log,150.0,PCS,,,,,,,,,PENDING,,,,,,,,VERIFIED-live,run 211 (2026-08-17) MUSTARD KACHI GHANI 1 LTR 20 PCS; engineer/AM/store/HOD signatures ALL BLANK; logged 2026-08-18T10:43:57
WASTE,JIVO_OIL,2026-08-30T22:04:16+05:30,2026-08-17,JP Machine,211,,PM0000019,LABEL 1 LTR KACHCHI GHANI BACK,,,wastage log,150.0,PCS,,,,,,,,,PENDING,,,,,,,,VERIFIED-live,run 211 (2026-08-17) MUSTARD KACHI GHANI 1 LTR 20 PCS; engineer/AM/store/HOD signatures ALL BLANK; logged 2026-08-18T10:43:57
WASTE,JIVO_OIL,2026-08-30T22:04:16+05:30,2026-08-17,JP Machine,211,,PM0000411,CARTON 1 LTR 20 PCS PET 26GM,,,wastage log,1.0,PCS,,,,,,,,,PENDING,,,,,,,,VERIFIED-live,run 211 (2026-08-17) MUSTARD KACHI GHANI 1 LTR 20 PCS; engineer/AM/store/HOD signatures ALL BLANK; logged 2026-08-18T10:43:57
WASTE,JIVO_OIL,2026-08-30T22:04:16+05:30,2026-08-17,JP Machine,211,,PM0000235,CAPS 1 LTR WHITE AND YELLOW SMALL PLAIN,,,wastage log,300.0,PCS,,,,,,,,,PENDING,,,,,,,,VERIFIED-live,run 211 (2026-08-17) MUSTARD KACHI GHANI 1 LTR 20 PCS; engineer/AM/store/HOD signatures ALL BLANK; logged 2026-08-18T10:43:57
WASTE,JIVO_OIL,2026-08-30T22:04:16+05:30,2026-08-17,10 Head,212,,PM0000121,PET BOTTLE 1 LTR 52 GMS POMACE,,,wastage log,150.0,PCS,,,,,,,,,PENDING,,,,,,,,VERIFIED-live,run 212 (2026-08-17) POMACE OLIVE 1 LTR 16 PCS; engineer/AM/store/HOD signatures ALL BLANK; logged 2026-08-18T10:42:37
WASTE,JIVO_OIL,2026-08-30T22:04:16+05:30,2026-08-17,10 Head,212,,PM0000108,LABEL 1 LTR POMACE FRONT,,,wastage log,150.0,PCS,,,,,,,,,PENDING,,,,,,,,VERIFIED-live,run 212 (2026-08-17) POMACE OLIVE 1 LTR 16 PCS; engineer/AM/store/HOD signatures ALL BLANK; logged 2026-08-18T10:42:37
WASTE,JIVO_OIL,2026-08-30T22:04:16+05:30,2026-08-17,10 Head,212,,PM0000107,LABEL 1 LTR POMACE BACK,,,wastage log,150.0,PCS,,,,,,,,,PENDING,,,,,,,,VERIFIED-live,run 212 (2026-08-17) POMACE OLIVE 1 LTR 16 PCS; engineer/AM/store/HOD signatures ALL BLANK; logged 2026-08-18T10:42:37
WASTE,JIVO_OIL,2026-08-30T22:04:16+05:30,2026-08-17,10 Head,212,,PM0000003,CARTON 1 LTR POMACE 16 PCS,,,wastage log,1.0,PCS,,,,,,,,,PENDING,,,,,,,,VERIFIED-live,run 212 (2026-08-17) POMACE OLIVE 1 LTR 16 PCS; engineer/AM/store/HOD signatures ALL BLANK; logged 2026-08-18T10:42:37
WASTE,JIVO_OIL,2026-08-30T22:04:16+05:30,2026-08-17,10 Head,212,,PM0000079,CAPS 1 & 2 LTR FULL GREEN WITH LOGO,,,wastage log,80.0,PCS,,,,,,,,,PENDING,,,,,,,,VERIFIED-live,run 212 (2026-08-17) POMACE OLIVE 1 LTR 16 PCS; engineer/AM/store/HOD signatures ALL BLANK; logged 2026-08-18T10:42:37
WASTE,JIVO_OIL,2026-08-30T22:04:16+05:30,2026-08-17,Clear Pack,213,,PM0000194,PET BOTTLE 1 LTR 40 GMS,,,wastage log,205.0,PCS,,,,,,,,,PENDING,,,,,,,,VERIFIED-live,run 213 (2026-08-17) COLD PRESS SUNFLOWER 1 LTR 20 PCS; engineer/AM/store/HOD signatures ALL BLANK; logged 2026-08-18T10:41:41
WASTE,JIVO_OIL,2026-08-30T22:04:16+05:30,2026-08-17,Clear Pack,213,,PM0000230,LABEL 1 LTR SUNFLOWER FRONT,,,wastage log,100.0,PCS,,,,,,,,,PENDING,,,,,,,,VERIFIED-live,run 213 (2026-08-17) COLD PRESS SUNFLOWER 1 LTR 20 PCS; engineer/AM/store/HOD signatures ALL BLANK; logged 2026-08-18T10:41:41
WASTE,JIVO_OIL,2026-08-30T22:04:16+05:30,2026-08-17,Clear Pack,213,,PM0000231,LABEL 1 LTR SUNFLOWER BACK,,,wastage log,100.0,PCS,,,,,,,,,PENDING,,,,,,,,VERIFIED-live,run 213 (2026-08-17) COLD PRESS SUNFLOWER 1 LTR 20 PCS; engineer/AM/store/HOD signatures ALL BLANK; logged 2026-08-18T10:41:41
WASTE,JIVO_OIL,2026-08-30T22:04:16+05:30,2026-08-17,Clear Pack,213,,PM0000006,CARTON 1 LTR 20 PCS PET 40 GM,,,wastage log,1.0,PCS,,,,,,,,,PENDING,,,,,,,,VERIFIED-live,run 213 (2026-08-17) COLD PRESS SUNFLOWER 1 LTR 20 PCS; engineer/AM/store/HOD signatures ALL BLANK; logged 2026-08-18T10:41:41
WASTE,JIVO_OIL,2026-08-30T22:04:16+05:30,2026-08-17,Clear Pack,213,,PM0000085,CAPS 1 OR 2 LTR WHITE AND YELLOW WITH LOGO,,,wastage log,140.0,PCS,,,,,,,,,PENDING,,,,,,,,VERIFIED-live,run 213 (2026-08-17) COLD PRESS SUNFLOWER 1 LTR 20 PCS; engineer/AM/store/HOD signatures ALL BLANK; logged 2026-08-18T10:41:41
WASTE,JIVO_OIL,2026-08-30T22:04:16+05:30,2026-08-17,6 Head,214,,PM0000048,LABEL 5 LTR KACHCHI GHANI FRONT,,,wastage log,65.0,PCS,,,,,,,,,PENDING,,,,,,,,VERIFIED-live,run 214 (2026-08-17) MUSTARD KACCHI GHANI 5 LTR 4 PCS; engineer/AM/store/HOD signatures ALL BLANK; logged 2026-08-18T10:40:36
WASTE,JIVO_OIL,2026-08-30T22:04:16+05:30,2026-08-17,6 Head,214,,PM0000047,LABEL 5 LTR KACHCHI GHANI BACK,,,wastage log,56.0,PCS,,,,,,,,,PENDING,,,,,,,,VERIFIED-live,run 214 (2026-08-17) MUSTARD KACCHI GHANI 5 LTR 4 PCS; engineer/AM/store/HOD signatures ALL BLANK; logged 2026-08-18T10:40:36
WASTE,JIVO_OIL,2026-08-30T22:04:16+05:30,2026-08-17,6 Head,214,,PM0000053,HDPE BOTTLE 5 LTR,,,wastage log,9.0,PCS,,,,,,,,,PENDING,,,,,,,,VERIFIED-live,run 214 (2026-08-17) MUSTARD KACCHI GHANI 5 LTR 4 PCS; engineer/AM/store/HOD signatures ALL BLANK; logged 2026-08-18T10:40:36
WASTE,JIVO_OIL,2026-08-30T22:04:16+05:30,2026-08-17,6 Head,214,,PM0000013,CARTON 5 LTR 4 PCS,,,wastage log,1.0,PCS,,,,,,,,,PENDING,,,,,,,,VERIFIED-live,run 214 (2026-08-17) MUSTARD KACCHI GHANI 5 LTR 4 PCS; engineer/AM/store/HOD signatures ALL BLANK; logged 2026-08-18T10:40:36
WASTE,JIVO_OIL,2026-08-30T22:04:16+05:30,2026-08-17,6 Head,214,,PM0000469,CAPS 5 LTR BROWN,,,wastage log,15.0,PCS,,,,,,,,,PENDING,,,,,,,,VERIFIED-live,run 214 (2026-08-17) MUSTARD KACCHI GHANI 5 LTR 4 PCS; engineer/AM/store/HOD signatures ALL BLANK; logged 2026-08-18T10:40:36
WASTE,JIVO_OIL,2026-08-30T22:04:16+05:30,2026-08-18,10 Head,216,,PM0000121,PET BOTTLE 1 LTR 52 GMS POMACE,,,wastage log,173.0,PCS,,,,,,,,,PENDING,,,,,,,,VERIFIED-live,run 216 (2026-08-18) COLD PRESS GROUNDNUT OIL 1 LTR 16 PCS; engineer/AM/store/HOD signatures ALL BLANK; logged 2026-08-19T11:19:19
WASTE,JIVO_OIL,2026-08-30T22:04:16+05:30,2026-08-18,10 Head,216,,PM0000425,LABEL 1 LTR GROUNDNUT FRONT,,,wastage log,400.0,PCS,,,,,,,,,PENDING,,,,,,,,VERIFIED-live,run 216 (2026-08-18) COLD PRESS GROUNDNUT OIL 1 LTR 16 PCS; engineer/AM/store/HOD signatures ALL BLANK; logged 2026-08-19T11:19:19
WASTE,JIVO_OIL,2026-08-30T22:04:16+05:30,2026-08-18,10 Head,216,,PM0000426,LABEL 1 LTR GROUNDNUT BACK,,,wastage log,400.0,PCS,,,,,,,,,PENDING,,,,,,,,VERIFIED-live,run 216 (2026-08-18) COLD PRESS GROUNDNUT OIL 1 LTR 16 PCS; engineer/AM/store/HOD signatures ALL BLANK; logged 2026-08-19T11:19:19
WASTE,JIVO_OIL,2026-08-30T22:04:16+05:30,2026-08-18,10 Head,216,,PM0000003,CARTON 1 LTR POMACE 16 PCS,,,wastage log,4.0,PCS,,,,,,,,,PENDING,,,,,,,,VERIFIED-live,run 216 (2026-08-18) COLD PRESS GROUNDNUT OIL 1 LTR 16 PCS; engineer/AM/store/HOD signatures ALL BLANK; logged 2026-08-19T11:19:19
WASTE,JIVO_OIL,2026-08-30T22:04:16+05:30,2026-08-18,10 Head,216,,PM0000085,CAPS 1 OR 2 LTR WHITE AND YELLOW WITH LOGO,,,wastage log,80.0,PCS,,,,,,,,,PENDING,,,,,,,,VERIFIED-live,run 216 (2026-08-18) COLD PRESS GROUNDNUT OIL 1 LTR 16 PCS; engineer/AM/store/HOD signatures ALL BLANK; logged 2026-08-19T11:19:19
WASTE,JIVO_OIL,2026-08-30T22:04:16+05:30,2026-08-18,JP Machine,218,,PM0000851,PET BOTTLE 1 LTR 26 GM,,,wastage log,380.0,PCS,,,,,,,,,PENDING,,,,,,,,VERIFIED-live,run 218 (2026-08-18) JIVO MUSTARD KACCHI GHANI 869 GMS 20 PCS; engineer/AM/store/HOD signatures ALL BLANK; logged 2026-08-19T11:18:21
WASTE,JIVO_OIL,2026-08-30T22:04:16+05:30,2026-08-18,JP Machine,218,,PM0000885,LABEL 869 GM CP MUSTARD OIL FRONT,,,wastage log,150.0,PCS,,,,,,,,,PENDING,,,,,,,,VERIFIED-live,run 218 (2026-08-18) JIVO MUSTARD KACCHI GHANI 869 GMS 20 PCS; engineer/AM/store/HOD signatures ALL BLANK; logged 2026-08-19T11:18:21
WASTE,JIVO_OIL,2026-08-30T22:04:16+05:30,2026-08-18,JP Machine,218,,PM0000886,LABEL 869 GM CP MUSTARD OIL BACK,,,wastage log,150.0,PCS,,,,,,,,,PENDING,,,,,,,,VERIFIED-live,run 218 (2026-08-18) JIVO MUSTARD KACCHI GHANI 869 GMS 20 PCS; engineer/AM/store/HOD signatures ALL BLANK; logged 2026-08-19T11:18:21
WASTE,JIVO_OIL,2026-08-30T22:04:16+05:30,2026-08-18,JP Machine,218,,PM0000411,CARTON 1 LTR 20 PCS PET 26GM,,,wastage log,1.0,PCS,,,,,,,,,PENDING,,,,,,,,VERIFIED-live,run 218 (2026-08-18) JIVO MUSTARD KACCHI GHANI 869 GMS 20 PCS; engineer/AM/store/HOD signatures ALL BLANK; logged 2026-08-19T11:18:21
WASTE,JIVO_OIL,2026-08-30T22:04:16+05:30,2026-08-18,JP Machine,218,,PM0000235,CAPS 1 LTR WHITE AND YELLOW SMALL PLAIN,,,wastage log,300.0,PCS,,,,,,,,,PENDING,,,,,,,,VERIFIED-live,run 218 (2026-08-18) JIVO MUSTARD KACCHI GHANI 869 GMS 20 PCS; engineer/AM/store/HOD signatures ALL BLANK; logged 2026-08-19T11:18:21
WASTE,JIVO_OIL,2026-08-30T22:04:16+05:30,2026-08-18,Clear Pack,219,,PM0000194,PET BOTTLE 1 LTR 40 GMS,,,wastage log,600.0,PCS,,,,,,,,,PENDING,,,,,,,,VERIFIED-live,run 219 (2026-08-18) COLD PRESS SUNFLOWER 1 LTR 20 PCS; engineer/AM/store/HOD signatures ALL BLANK; logged 2026-08-19T11:17:35
WASTE,JIVO_OIL,2026-08-30T22:04:16+05:30,2026-08-18,Clear Pack,219,,PM0000230,LABEL 1 LTR SUNFLOWER FRONT,,,wastage log,350.0,PCS,,,,,,,,,PENDING,,,,,,,,VERIFIED-live,run 219 (2026-08-18) COLD PRESS SUNFLOWER 1 LTR 20 PCS; engineer/AM/store/HOD signatures ALL BLANK; logged 2026-08-19T11:17:35
WASTE,JIVO_OIL,2026-08-30T22:04:16+05:30,2026-08-18,Clear Pack,219,,PM0000231,LABEL 1 LTR SUNFLOWER BACK,,,wastage log,400.0,PCS,,,,,,,,,PENDING,,,,,,,,VERIFIED-live,run 219 (2026-08-18) COLD PRESS SUNFLOWER 1 LTR 20 PCS; engineer/AM/store/HOD signatures ALL BLANK; logged 2026-08-19T11:17:35
WASTE,JIVO_OIL,2026-08-30T22:04:16+05:30,2026-08-18,Clear Pack,219,,PM0000006,CARTON 1 LTR 20 PCS PET 40 GM,,,wastage log,3.0,PCS,,,,,,,,,PENDING,,,,,,,,VERIFIED-live,run 219 (2026-08-18) COLD PRESS SUNFLOWER 1 LTR 20 PCS; engineer/AM/store/HOD signatures ALL BLANK; logged 2026-08-19T11:17:35
WASTE,JIVO_OIL,2026-08-30T22:04:16+05:30,2026-08-18,Clear Pack,219,,PM0000085,CAPS 1 OR 2 LTR WHITE AND YELLOW WITH LOGO,,,wastage log,267.0,PCS,,,,,,,,,PENDING,,,,,,,,VERIFIED-live,run 219 (2026-08-18) COLD PRESS SUNFLOWER 1 LTR 20 PCS; engineer/AM/store/HOD signatures ALL BLANK; logged 2026-08-19T11:17:35
WASTE,JIVO_OIL,2026-08-30T22:04:16+05:30,2026-08-18,6 Head,220,,PM0000094,SHRINKS 5 LTR 340X415 5 LTR SINGAL PCS,,,wastage log,250.0,PCS,,,,,,,,,PENDING,,,,,,,,VERIFIED-live,run 220 (2026-08-18) MUSTARD KACCHI GHANI 5 LTR 4 PCS; engineer/AM/store/HOD signatures ALL BLANK; logged 2026-08-19T11:16:29
WASTE,JIVO_OIL,2026-08-30T22:04:16+05:30,2026-08-18,6 Head,220,,PM0000048,LABEL 5 LTR KACHCHI GHANI FRONT,,,wastage log,100.0,PCS,,,,,,,,,PENDING,,,,,,,,VERIFIED-live,run 220 (2026-08-18) MUSTARD KACCHI GHANI 5 LTR 4 PCS; engineer/AM/store/HOD signatures ALL BLANK; logged 2026-08-19T11:16:29
WASTE,JIVO_OIL,2026-08-30T22:04:16+05:30,2026-08-18,6 Head,220,,PM0000047,LABEL 5 LTR KACHCHI GHANI BACK,,,wastage log,96.0,PCS,,,,,,,,,PENDING,,,,,,,,VERIFIED-live,run 220 (2026-08-18) MUSTARD KACCHI GHANI 5 LTR 4 PCS; engineer/AM/store/HOD signatures ALL BLANK; logged 2026-08-19T11:16:29
WASTE,JIVO_OIL,2026-08-30T22:04:16+05:30,2026-08-18,6 Head,220,,PM0000053,HDPE BOTTLE 5 LTR,,,wastage log,13.0,PCS,,,,,,,,,PENDING,,,,,,,,VERIFIED-live,run 220 (2026-08-18) MUSTARD KACCHI GHANI 5 LTR 4 PCS; engineer/AM/store/HOD signatures ALL BLANK; logged 2026-08-19T11:16:29
WASTE,JIVO_OIL,2026-08-30T22:04:16+05:30,2026-08-18,6 Head,220,,PM0000013,CARTON 5 LTR 4 PCS,,,wastage log,2.0,PCS,,,,,,,,,PENDING,,,,,,,,VERIFIED-live,run 220 (2026-08-18) MUSTARD KACCHI GHANI 5 LTR 4 PCS; engineer/AM/store/HOD signatures ALL BLANK; logged 2026-08-19T11:16:29
WASTE,JIVO_OIL,2026-08-30T22:04:16+05:30,2026-08-18,6 Head,220,,PM0000469,CAPS 5 LTR BROWN,,,wastage log,51.0,PCS,,,,,,,,,PENDING,,,,,,,,VERIFIED-live,run 220 (2026-08-18) MUSTARD KACCHI GHANI 5 LTR 4 PCS; engineer/AM/store/HOD signatures ALL BLANK; logged 2026-08-19T11:16:29
WASTE,JIVO_OIL,2026-08-30T22:04:16+05:30,2026-08-19,6 Head,230,,PM0000057,PET BOTTLE 2 LTR 66 GMS,,,wastage log,8.0,PCS,,,,,,,,,PENDING,,,,,,,,VERIFIED-live,run 230 (2026-08-19) MUSTARD PAKKI GHANI 2 LTR 10 PCS; engineer/AM/store/HOD signatures ALL BLANK; logged 2026-08-24T14:55:22
WASTE,JIVO_OIL,2026-08-30T22:04:16+05:30,2026-08-19,6 Head,230,,PM0000039,LABEL 2 LTR PAKKI GHANI FRONT,,,wastage log,8.0,PCS,,,,,,,,,PENDING,,,,,,,,VERIFIED-live,run 230 (2026-08-19) MUSTARD PAKKI GHANI 2 LTR 10 PCS; engineer/AM/store/HOD signatures ALL BLANK; logged 2026-08-24T14:55:22
WASTE,JIVO_OIL,2026-08-30T22:04:16+05:30,2026-08-19,6 Head,230,,PM0000038,LABEL 2 LTR PAKKI GHANI BACK,,,wastage log,8.0,PCS,,,,,,,,,PENDING,,,,,,,,VERIFIED-live,run 230 (2026-08-19) MUSTARD PAKKI GHANI 2 LTR 10 PCS; engineer/AM/store/HOD signatures ALL BLANK; logged 2026-08-24T14:55:22
WASTE,JIVO_OIL,2026-08-30T22:04:16+05:30,2026-08-19,6 Head,230,,PM0000059,CAPS 1 & 2 LTR WHITE AND ORANGE WITH LOGO,,,wastage log,10.0,PCS,,,,,,,,,PENDING,,,,,,,,VERIFIED-live,run 230 (2026-08-19) MUSTARD PAKKI GHANI 2 LTR 10 PCS; engineer/AM/store/HOD signatures ALL BLANK; logged 2026-08-24T14:55:22
WASTE,JIVO_OIL,2026-08-30T22:04:16+05:30,2026-08-19,6 Head,227,,PM0000094,SHRINKS 5 LTR 340X415 5 LTR SINGAL PCS,,,wastage log,260.0,PCS,,,,,,,,,PENDING,,,,,,,,VERIFIED-live,run 227 (2026-08-19) MUSTARD PAKKI GHANI 5 LTR 4 PCS; engineer/AM/store/HOD signatures ALL BLANK; logged 2026-08-24T14:53:50
WASTE,JIVO_OIL,2026-08-30T22:04:16+05:30,2026-08-19,6 Head,227,,PM0000050,LABEL 5 LTR PAKKI GHANI FRONT,,,wastage log,100.0,PCS,,,,,,,,,PENDING,,,,,,,,VERIFIED-live,run 227 (2026-08-19) MUSTARD PAKKI GHANI 5 LTR 4 PCS; engineer/AM/store/HOD signatures ALL BLANK; logged 2026-08-24T14:53:50
WASTE,JIVO_OIL,2026-08-30T22:04:16+05:30,2026-08-19,6 Head,227,,PM0000049,LABEL 5 LTR PAKKI GHANI BACK,,,wastage log,100.0,PCS,,,,,,,,,PENDING,,,,,,,,VERIFIED-live,run 227 (2026-08-19) MUSTARD PAKKI GHANI 5 LTR 4 PCS; engineer/AM/store/HOD signatures ALL BLANK; logged 2026-08-24T14:53:50
WASTE,JIVO_OIL,2026-08-30T22:04:16+05:30,2026-08-19,6 Head,227,,PM0000053,HDPE BOTTLE 5 LTR,,,wastage log,8.0,PCS,,,,,,,,,PENDING,,,,,,,,VERIFIED-live,run 227 (2026-08-19) MUSTARD PAKKI GHANI 5 LTR 4 PCS; engineer/AM/store/HOD signatures ALL BLANK; logged 2026-08-24T14:53:50
WASTE,JIVO_OIL,2026-08-30T22:04:16+05:30,2026-08-19,6 Head,227,,PM0000013,CARTON 5 LTR 4 PCS,,,wastage log,26.0,PCS,,,,,,,,,PENDING,,,,,,,,VERIFIED-live,run 227 (2026-08-19) MUSTARD PAKKI GHANI 5 LTR 4 PCS; engineer/AM/store/HOD signatures ALL BLANK; logged 2026-08-24T14:53:50
WASTE,JIVO_OIL,2026-08-30T22:04:16+05:30,2026-08-19,6 Head,227,,PM0000470,CAPS 5 LTR ORANGE,,,wastage log,70.0,PCS,,,,,,,,,PENDING,,,,,,,,VERIFIED-live,run 227 (2026-08-19) MUSTARD PAKKI GHANI 5 LTR 4 PCS; engineer/AM/store/HOD signatures ALL BLANK; logged 2026-08-24T14:53:50
WASTE,JIVO_OIL,2026-08-30T22:04:16+05:30,2026-08-19,Clear Pack,226,,PM0000194,PET BOTTLE 1 LTR 40 GMS,,,wastage log,265.0,PCS,,,,,,,,400,PENDING,,,,,,,,VERIFIED-live,run 226 (2026-08-19) COLD PRESS SUNFLOWER 1 LTR 20 PCS; engineer/AM/store/HOD signatures ALL BLANK; logged 2026-08-24T14:51:16
WASTE,JIVO_OIL,2026-08-30T22:04:16+05:30,2026-08-19,Clear Pack,226,,PM0000230,LABEL 1 LTR SUNFLOWER FRONT,,,wastage log,420.0,PCS,,,,,,,,400,PENDING,,,,,,,,VERIFIED-live,run 226 (2026-08-19) COLD PRESS SUNFLOWER 1 LTR 20 PCS; engineer/AM/store/HOD signatures ALL BLANK; logged 2026-08-24T14:51:16
WASTE,JIVO_OIL,2026-08-30T22:04:16+05:30,2026-08-19,Clear Pack,226,,PM0000231,LABEL 1 LTR SUNFLOWER BACK,,,wastage log,950.0,PCS,,,,,,,,400,PENDING,,,,,,,,VERIFIED-live,run 226 (2026-08-19) COLD PRESS SUNFLOWER 1 LTR 20 PCS; engineer/AM/store/HOD signatures ALL BLANK; logged 2026-08-24T14:51:16
WASTE,JIVO_OIL,2026-08-30T22:04:16+05:30,2026-08-19,Clear Pack,226,,PM0000006,CARTON 1 LTR 20 PCS PET 40 GM,,,wastage log,4.0,PCS,,,,,,,,400,PENDING,,,,,,,,VERIFIED-live,run 226 (2026-08-19) COLD PRESS SUNFLOWER 1 LTR 20 PCS; engineer/AM/store/HOD signatures ALL BLANK; logged 2026-08-24T14:51:16
WASTE,JIVO_OIL,2026-08-30T22:04:16+05:30,2026-08-19,Clear Pack,226,,PM0000085,CAPS 1 OR 2 LTR WHITE AND YELLOW WITH LOGO,,,wastage log,400.0,PCS,,,,,,,,400,PENDING,,,,,,,,VERIFIED-live,run 226 (2026-08-19) COLD PRESS SUNFLOWER 1 LTR 20 PCS; engineer/AM/store/HOD signatures ALL BLANK; logged 2026-08-24T14:51:16
WASTE,JIVO_OIL,2026-08-30T22:04:16+05:30,2026-08-19,JP Machine,225,,PM0000851,PET BOTTLE 1 LTR 26 GM,,,wastage log,240.0,PCS,,,,,,,,,PENDING,,,,,,,,VERIFIED-live,run 225 (2026-08-19) MUSTARD KACHI GHANI 1 LTR 20 PCS; engineer/AM/store/HOD signatures ALL BLANK; logged 2026-08-24T14:50:01
WASTE,JIVO_OIL,2026-08-30T22:04:16+05:30,2026-08-19,JP Machine,225,,PM0000020,LABEL 1 LTR KACHCHI GHANI FRONT,,,wastage log,170.0,PCS,,,,,,,,,PENDING,,,,,,,,VERIFIED-live,run 225 (2026-08-19) MUSTARD KACHI GHANI 1 LTR 20 PCS; engineer/AM/store/HOD signatures ALL BLANK; logged 2026-08-24T14:50:01
WASTE,JIVO_OIL,2026-08-30T22:04:16+05:30,2026-08-19,JP Machine,225,,PM0000019,LABEL 1 LTR KACHCHI GHANI BACK,,,wastage log,160.0,PCS,,,,,,,,,PENDING,,,,,,,,VERIFIED-live,run 225 (2026-08-19) MUSTARD KACHI GHANI 1 LTR 20 PCS; engineer/AM/store/HOD signatures ALL BLANK; logged 2026-08-24T14:50:01
WASTE,JIVO_OIL,2026-08-30T22:04:16+05:30,2026-08-19,JP Machine,225,,PM0000235,CAPS 1 LTR WHITE AND YELLOW SMALL PLAIN,,,wastage log,250.0,PCS,,,,,,,,,PENDING,,,,,,,,VERIFIED-live,run 225 (2026-08-19) MUSTARD KACHI GHANI 1 LTR 20 PCS; engineer/AM/store/HOD signatures ALL BLANK; logged 2026-08-24T14:50:01
WASTE,JIVO_OIL,2026-08-30T22:04:16+05:30,2026-08-19,10 Head,224,,PM0000121,PET BOTTLE 1 LTR 52 GMS POMACE,,,wastage log,575.0,PCS,,,,,,,,,PENDING,,,,,,,,VERIFIED-live,run 224 (2026-08-19) COLD PRESS GROUNDNUT OIL 1 LTR 16 PCS; engineer/AM/store/HOD signatures ALL BLANK; logged 2026-08-24T14:49:06
WASTE,JIVO_OIL,2026-08-30T22:04:16+05:30,2026-08-19,10 Head,224,,PM0000425,LABEL 1 LTR GROUNDNUT FRONT,,,wastage log,200.0,PCS,,,,,,,,,PENDING,,,,,,,,VERIFIED-live,run 224 (2026-08-19) COLD PRESS GROUNDNUT OIL 1 LTR 16 PCS; engineer/AM/store/HOD signatures ALL BLANK; logged 2026-08-24T14:49:06
WASTE,JIVO_OIL,2026-08-30T22:04:16+05:30,2026-08-19,10 Head,224,,PM0000426,LABEL 1 LTR GROUNDNUT BACK,,,wastage log,200.0,PCS,,,,,,,,,PENDING,,,,,,,,VERIFIED-live,run 224 (2026-08-19) COLD PRESS GROUNDNUT OIL 1 LTR 16 PCS; engineer/AM/store/HOD signatures ALL BLANK; logged 2026-08-24T14:49:06
WASTE,JIVO_OIL,2026-08-30T22:04:16+05:30,2026-08-19,10 Head,224,,PM0000003,CARTON 1 LTR POMACE 16 PCS,,,wastage log,2.0,PCS,,,,,,,,,PENDING,,,,,,,,VERIFIED-live,run 224 (2026-08-19) COLD PRESS GROUNDNUT OIL 1 LTR 16 PCS; engineer/AM/store/HOD signatures ALL BLANK; logged 2026-08-24T14:49:06
WASTE,JIVO_OIL,2026-08-30T22:04:16+05:30,2026-08-19,10 Head,224,,PM0000085,CAPS 1 OR 2 LTR WHITE AND YELLOW WITH LOGO,,,wastage log,275.0,PCS,,,,,,,,,PENDING,,,,,,,,VERIFIED-live,run 224 (2026-08-19) COLD PRESS GROUNDNUT OIL 1 LTR 16 PCS; engineer/AM/store/HOD signatures ALL BLANK; logged 2026-08-24T14:49:06
WASTE,JIVO_OIL,2026-08-30T22:04:16+05:30,2026-08-20,Clear Pack,234,,PM0000884,SHRINK POF ROLL KG,,,wastage log,12.7,KGS,,,,,,,,,PENDING,,,,,,,,VERIFIED-live,run 234 (2026-08-20) COLD PRESS SUNFLOWER 5 LTR 4 PCS; engineer/AM/store/HOD signatures ALL BLANK; logged 2026-08-24T14:59:43
WASTE,JIVO_OIL,2026-08-30T22:04:16+05:30,2026-08-20,Clear Pack,234,,PM0000233,LABEL 5 LTR SUNFLOWER FRONT,,,wastage log,35.0,PCS,,,,,,,,,PENDING,,,,,,,,VERIFIED-live,run 234 (2026-08-20) COLD PRESS SUNFLOWER 5 LTR 4 PCS; engineer/AM/store/HOD signatures ALL BLANK; logged 2026-08-24T14:59:43
WASTE,JIVO_OIL,2026-08-30T22:04:16+05:30,2026-08-20,Clear Pack,234,,PM0000232,LABEL 5 LTR SUNFLOWER BACK,,,wastage log,260.0,PCS,,,,,,,,,PENDING,,,,,,,,VERIFIED-live,run 234 (2026-08-20) COLD PRESS SUNFLOWER 5 LTR 4 PCS; engineer/AM/store/HOD signatures ALL BLANK; logged 2026-08-24T14:59:43
WASTE,JIVO_OIL,2026-08-30T22:04:16+05:30,2026-08-20,Clear Pack,234,,PM0000053,HDPE BOTTLE 5 LTR,,,wastage log,21.0,PCS,,,,,,,,,PENDING,,,,,,,,VERIFIED-live,run 234 (2026-08-20) COLD PRESS SUNFLOWER 5 LTR 4 PCS; engineer/AM/store/HOD signatures ALL BLANK; logged 2026-08-24T14:59:43
WASTE,JIVO_OIL,2026-08-30T22:04:16+05:30,2026-08-20,Clear Pack,234,,PM0000013,CARTON 5 LTR 4 PCS,,,wastage log,2.0,PCS,,,,,,,,,PENDING,,,,,,,,VERIFIED-live,run 234 (2026-08-20) COLD PRESS SUNFLOWER 5 LTR 4 PCS; engineer/AM/store/HOD signatures ALL BLANK; logged 2026-08-24T14:59:43
WASTE,JIVO_OIL,2026-08-30T22:04:16+05:30,2026-08-20,JP Machine,233,,PM0000851,PET BOTTLE 1 LTR 26 GM,,,wastage log,240.0,PCS,,,,,,,,,PENDING,,,,,,,,VERIFIED-live,run 233 (2026-08-20) MUSTARD KACHI GHANI 1 LTR 20 PCS; engineer/AM/store/HOD signatures ALL BLANK; logged 2026-08-24T14:58:36
WASTE,JIVO_OIL,2026-08-30T22:04:16+05:30,2026-08-20,JP Machine,233,,PM0000020,LABEL 1 LTR KACHCHI GHANI FRONT,,,wastage log,160.0,PCS,,,,,,,,,PENDING,,,,,,,,VERIFIED-live,run 233 (2026-08-20) MUSTARD KACHI GHANI 1 LTR 20 PCS; engineer/AM/store/HOD signatures ALL BLANK; logged 2026-08-24T14:58:36
WASTE,JIVO_OIL,2026-08-30T22:04:16+05:30,2026-08-20,JP Machine,233,,PM0000019,LABEL 1 LTR KACHCHI GHANI BACK,,,wastage log,170.0,PCS,,,,,,,,,PENDING,,,,,,,,VERIFIED-live,run 233 (2026-08-20) MUSTARD KACHI GHANI 1 LTR 20 PCS; engineer/AM/store/HOD signatures ALL BLANK; logged 2026-08-24T14:58:36
WASTE,JIVO_OIL,2026-08-30T22:04:16+05:30,2026-08-20,JP Machine,233,,PM0000411,CARTON 1 LTR 20 PCS PET 26GM,,,wastage log,1.0,PCS,,,,,,,,,PENDING,,,,,,,,VERIFIED-live,run 233 (2026-08-20) MUSTARD KACHI GHANI 1 LTR 20 PCS; engineer/AM/store/HOD signatures ALL BLANK; logged 2026-08-24T14:58:36
WASTE,JIVO_OIL,2026-08-30T22:04:16+05:30,2026-08-20,JP Machine,233,,PM0000235,CAPS 1 LTR WHITE AND YELLOW SMALL PLAIN,,,wastage log,130.0,PCS,,,,,,,,,PENDING,,,,,,,,VERIFIED-live,run 233 (2026-08-20) MUSTARD KACHI GHANI 1 LTR 20 PCS; engineer/AM/store/HOD signatures ALL BLANK; logged 2026-08-24T14:58:36
WASTE,JIVO_OIL,2026-08-30T22:04:16+05:30,2026-08-20,6 Head,232,,PM0000057,PET BOTTLE 2 LTR 66 GMS,,,wastage log,10.0,PCS,,,,,,,,,PENDING,,,,,,,,VERIFIED-live,run 232 (2026-08-20) MUSTARD PAKKI GHANI 2 LTR 10 PCS; engineer/AM/store/HOD signatures ALL BLANK; logged 2026-08-24T14:57:42
WASTE,JIVO_OIL,2026-08-30T22:04:16+05:30,2026-08-20,6 Head,232,,PM0000039,LABEL 2 LTR PAKKI GHANI FRONT,,,wastage log,30.0,PCS,,,,,,,,,PENDING,,,,,,,,VERIFIED-live,run 232 (2026-08-20) MUSTARD PAKKI GHANI 2 LTR 10 PCS; engineer/AM/store/HOD signatures ALL BLANK; logged 2026-08-24T14:57:42
WASTE,JIVO_OIL,2026-08-30T22:04:16+05:30,2026-08-20,6 Head,232,,PM0000038,LABEL 2 LTR PAKKI GHANI BACK,,,wastage log,30.0,PCS,,,,,,,,,PENDING,,,,,,,,VERIFIED-live,run 232 (2026-08-20) MUSTARD PAKKI GHANI 2 LTR 10 PCS; engineer/AM/store/HOD signatures ALL BLANK; logged 2026-08-24T14:57:42
WASTE,JIVO_OIL,2026-08-30T22:04:16+05:30,2026-08-20,6 Head,232,,PM0000009,CARTON 2 LTR 10 PCS,,,wastage log,1.0,PCS,,,,,,,,,PENDING,,,,,,,,VERIFIED-live,run 232 (2026-08-20) MUSTARD PAKKI GHANI 2 LTR 10 PCS; engineer/AM/store/HOD signatures ALL BLANK; logged 2026-08-24T14:57:42
WASTE,JIVO_OIL,2026-08-30T22:04:16+05:30,2026-08-20,6 Head,232,,PM0000059,CAPS 1 & 2 LTR WHITE AND ORANGE WITH LOGO,,,wastage log,28.0,PCS,,,,,,,,,PENDING,,,,,,,,VERIFIED-live,run 232 (2026-08-20) MUSTARD PAKKI GHANI 2 LTR 10 PCS; engineer/AM/store/HOD signatures ALL BLANK; logged 2026-08-24T14:57:42
WASTE,JIVO_OIL,2026-08-30T22:04:16+05:30,2026-08-20,10 Head,231,,PM0000121,PET BOTTLE 1 LTR 52 GMS POMACE,,,wastage log,628.0,PCS,,,,,,,,,PENDING,,,,,,,,VERIFIED-live,run 231 (2026-08-20) COLD PRESS GROUNDNUT OIL 1 LTR 16 PCS; engineer/AM/store/HOD signatures ALL BLANK; logged 2026-08-24T14:56:10
WASTE,JIVO_OIL,2026-08-30T22:04:16+05:30,2026-08-20,10 Head,231,,PM0000425,LABEL 1 LTR GROUNDNUT FRONT,,,wastage log,200.0,PCS,,,,,,,,,PENDING,,,,,,,,VERIFIED-live,run 231 (2026-08-20) COLD PRESS GROUNDNUT OIL 1 LTR 16 PCS; engineer/AM/store/HOD signatures ALL BLANK; logged 2026-08-24T14:56:10
WASTE,JIVO_OIL,2026-08-30T22:04:16+05:30,2026-08-20,10 Head,231,,PM0000426,LABEL 1 LTR GROUNDNUT BACK,,,wastage log,200.0,PCS,,,,,,,,,PENDING,,,,,,,,VERIFIED-live,run 231 (2026-08-20) COLD PRESS GROUNDNUT OIL 1 LTR 16 PCS; engineer/AM/store/HOD signatures ALL BLANK; logged 2026-08-24T14:56:10
WASTE,JIVO_OIL,2026-08-30T22:04:16+05:30,2026-08-20,10 Head,231,,PM0000003,CARTON 1 LTR POMACE 16 PCS,,,wastage log,3.0,PCS,,,,,,,,,PENDING,,,,,,,,VERIFIED-live,run 231 (2026-08-20) COLD PRESS GROUNDNUT OIL 1 LTR 16 PCS; engineer/AM/store/HOD signatures ALL BLANK; logged 2026-08-24T14:56:10
WASTE,JIVO_OIL,2026-08-30T22:04:16+05:30,2026-08-20,10 Head,231,,PM0000085,CAPS 1 OR 2 LTR WHITE AND YELLOW WITH LOGO,,,wastage log,350.0,PCS,,,,,,,,,PENDING,,,,,,,,VERIFIED-live,run 231 (2026-08-20) COLD PRESS GROUNDNUT OIL 1 LTR 16 PCS; engineer/AM/store/HOD signatures ALL BLANK; logged 2026-08-24T14:56:10
WASTE,JIVO_OIL,2026-08-30T22:04:16+05:30,2026-08-21,Clear Pack,239,,PM0000884,SHRINK POF ROLL KG,,,wastage log,15.2,KGS,,,,,,,,,PENDING,,,,,,,,VERIFIED-live,run 239 (2026-08-21) COLD PRESS 5 LTR 4 PCS; engineer/AM/store/HOD signatures ALL BLANK; logged 2026-08-24T15:03:17
WASTE,JIVO_OIL,2026-08-30T22:04:16+05:30,2026-08-21,Clear Pack,239,,PM0000046,LABEL 5 LTR COLD PRESS FRONT,,,wastage log,30.0,PCS,,,,,,,,,PENDING,,,,,,,,VERIFIED-live,run 239 (2026-08-21) COLD PRESS 5 LTR 4 PCS; engineer/AM/store/HOD signatures ALL BLANK; logged 2026-08-24T15:03:17
WASTE,JIVO_OIL,2026-08-30T22:04:16+05:30,2026-08-21,Clear Pack,239,,PM0000535,LABEL 5 LTR COLD PRESS BACK 994,,,wastage log,35.0,PCS,,,,,,,,,PENDING,,,,,,,,VERIFIED-live,run 239 (2026-08-21) COLD PRESS 5 LTR 4 PCS; engineer/AM/store/HOD signatures ALL BLANK; logged 2026-08-24T15:03:17
WASTE,JIVO_OIL,2026-08-30T22:04:16+05:30,2026-08-21,Clear Pack,239,,PM0000053,HDPE BOTTLE 5 LTR,,,wastage log,33.0,PCS,,,,,,,,,PENDING,,,,,,,,VERIFIED-live,run 239 (2026-08-21) COLD PRESS 5 LTR 4 PCS; engineer/AM/store/HOD signatures ALL BLANK; logged 2026-08-24T15:03:17
WASTE,JIVO_OIL,2026-08-30T22:04:16+05:30,2026-08-21,Clear Pack,239,,PM0000013,CARTON 5 LTR 4 PCS,,,wastage log,2.0,PCS,,,,,,,,,PENDING,,,,,,,,VERIFIED-live,run 239 (2026-08-21) COLD PRESS 5 LTR 4 PCS; engineer/AM/store/HOD signatures ALL BLANK; logged 2026-08-24T15:03:17
WASTE,JIVO_OIL,2026-08-30T22:04:16+05:30,2026-08-21,Clear Pack,239,,PM0000468,CAPS 5 LTR GREEN,,,wastage log,134.0,PCS,,,,,,,,,PENDING,,,,,,,,VERIFIED-live,run 239 (2026-08-21) COLD PRESS 5 LTR 4 PCS; engineer/AM/store/HOD signatures ALL BLANK; logged 2026-08-24T15:03:17
WASTE,JIVO_OIL,2026-08-30T22:04:16+05:30,2026-08-21,JP Machine,238,,PM0000851,PET BOTTLE 1 LTR 26 GM,,,wastage log,107.0,PCS,,,,,,,,,PENDING,,,,,,,,VERIFIED-live,run 238 (2026-08-21) MUSTARD KACHI GHANI 1 LTR 20 PCS; engineer/AM/store/HOD signatures ALL BLANK; logged 2026-08-24T15:02:14
WASTE,JIVO_OIL,2026-08-30T22:04:16+05:30,2026-08-21,JP Machine,238,,PM0000020,LABEL 1 LTR KACHCHI GHANI FRONT,,,wastage log,90.0,PCS,,,,,,,,,PENDING,,,,,,,,VERIFIED-live,run 238 (2026-08-21) MUSTARD KACHI GHANI 1 LTR 20 PCS; engineer/AM/store/HOD signatures ALL BLANK; logged 2026-08-24T15:02:14
WASTE,JIVO_OIL,2026-08-30T22:04:16+05:30,2026-08-21,JP Machine,238,,PM0000019,LABEL 1 LTR KACHCHI GHANI BACK,,,wastage log,80.0,PCS,,,,,,,,,PENDING,,,,,,,,VERIFIED-live,run 238 (2026-08-21) MUSTARD KACHI GHANI 1 LTR 20 PCS; engineer/AM/store/HOD signatures ALL BLANK; logged 2026-08-24T15:02:14
WASTE,JIVO_OIL,2026-08-30T22:04:16+05:30,2026-08-21,JP Machine,238,,PM0000411,CARTON 1 LTR 20 PCS PET 26GM,,,wastage log,1.0,PCS,,,,,,,,,PENDING,,,,,,,,VERIFIED-live,run 238 (2026-08-21) MUSTARD KACHI GHANI 1 LTR 20 PCS; engineer/AM/store/HOD signatures ALL BLANK; logged 2026-08-24T15:02:14
WASTE,JIVO_OIL,2026-08-30T22:04:16+05:30,2026-08-21,JP Machine,238,,PM0000235,CAPS 1 LTR WHITE AND YELLOW SMALL PLAIN,,,wastage log,150.0,PCS,,,,,,,,,PENDING,,,,,,,,VERIFIED-live,run 238 (2026-08-21) MUSTARD KACHI GHANI 1 LTR 20 PCS; engineer/AM/store/HOD signatures ALL BLANK; logged 2026-08-24T15:02:14
WASTE,JIVO_OIL,2026-08-30T22:04:16+05:30,2026-08-21,6 Head,237,,PM0000080,TIN 5 LTR POMACE OLIVE PRINTED,,,wastage log,26.0,PCS,,,,,,,,,PENDING,,,,,,,,VERIFIED-live,run 237 (2026-08-21) POMACE OLIVE 5 LTR TIN 4 PCS; engineer/AM/store/HOD signatures ALL BLANK; logged 2026-08-24T15:01:16
WASTE,JIVO_OIL,2026-08-30T22:04:16+05:30,2026-08-21,6 Head,237,,PM0000082,CARTON 5 LTR OLIVE 4 PCS,,,wastage log,2.0,PCS,,,,,,,,,PENDING,,,,,,,,VERIFIED-live,run 237 (2026-08-21) POMACE OLIVE 5 LTR TIN 4 PCS; engineer/AM/store/HOD signatures ALL BLANK; logged 2026-08-24T15:01:16
WASTE,JIVO_OIL,2026-08-30T22:04:16+05:30,2026-08-21,6 Head,237,,PM0000078,CAPS 5 LTR/15 LTR,,,wastage log,8.0,PCS,,,,,,,,,PENDING,,,,,,,,VERIFIED-live,run 237 (2026-08-21) POMACE OLIVE 5 LTR TIN 4 PCS; engineer/AM/store/HOD signatures ALL BLANK; logged 2026-08-24T15:01:16
WASTE,JIVO_OIL,2026-08-30T22:04:16+05:30,2026-08-21,10 Head,236,,PM0000121,PET BOTTLE 1 LTR 52 GMS POMACE,,,wastage log,35.0,PCS,,,,,,,,,PENDING,,,,,,,,VERIFIED-live,run 236 (2026-08-21) COLD PRESS GROUNDNUT OIL 1 LTR 16 PCS; engineer/AM/store/HOD signatures ALL BLANK; logged 2026-08-24T15:00:43
WASTE,JIVO_OIL,2026-08-30T22:04:16+05:30,2026-08-21,10 Head,236,,PM0000425,LABEL 1 LTR GROUNDNUT FRONT,,,wastage log,240.0,PCS,,,,,,,,,PENDING,,,,,,,,VERIFIED-live,run 236 (2026-08-21) COLD PRESS GROUNDNUT OIL 1 LTR 16 PCS; engineer/AM/store/HOD signatures ALL BLANK; logged 2026-08-24T15:00:43
WASTE,JIVO_OIL,2026-08-30T22:04:16+05:30,2026-08-21,10 Head,236,,PM0000426,LABEL 1 LTR GROUNDNUT BACK,,,wastage log,250.0,PCS,,,,,,,,,PENDING,,,,,,,,VERIFIED-live,run 236 (2026-08-21) COLD PRESS GROUNDNUT OIL 1 LTR 16 PCS; engineer/AM/store/HOD signatures ALL BLANK; logged 2026-08-24T15:00:43
WASTE,JIVO_OIL,2026-08-30T22:04:16+05:30,2026-08-21,10 Head,236,,PM0000085,CAPS 1 OR 2 LTR WHITE AND YELLOW WITH LOGO,,,wastage log,100.0,PCS,,,,,,,,,PENDING,,,,,,,,VERIFIED-live,run 236 (2026-08-21) COLD PRESS GROUNDNUT OIL 1 LTR 16 PCS; engineer/AM/store/HOD signatures ALL BLANK; logged 2026-08-24T15:00:43
WASTE,JIVO_OIL,2026-08-30T22:04:16+05:30,2026-08-22,Clear Pack,244,,PM0000884,SHRINK POF ROLL KG,,,wastage log,14.0,KGS,,,,,,,,,PENDING,,,,,,,,VERIFIED-live,run 244 (2026-08-22) COLD PRESS 5 LTR 4 PCS; engineer/AM/store/HOD signatures ALL BLANK; logged 2026-08-24T15:12:37
WASTE,JIVO_OIL,2026-08-30T22:04:16+05:30,2026-08-22,Clear Pack,244,,PM0000046,LABEL 5 LTR COLD PRESS FRONT,,,wastage log,120.0,PCS,,,,,,,,,PENDING,,,,,,,,VERIFIED-live,run 244 (2026-08-22) COLD PRESS 5 LTR 4 PCS; engineer/AM/store/HOD signatures ALL BLANK; logged 2026-08-24T15:12:37
WASTE,JIVO_OIL,2026-08-30T22:04:16+05:30,2026-08-22,Clear Pack,244,,PM0000535,LABEL 5 LTR COLD PRESS BACK 994,,,wastage log,125.0,PCS,,,,,,,,,PENDING,,,,,,,,VERIFIED-live,run 244 (2026-08-22) COLD PRESS 5 LTR 4 PCS; engineer/AM/store/HOD signatures ALL BLANK; logged 2026-08-24T15:12:37
WASTE,JIVO_OIL,2026-08-30T22:04:16+05:30,2026-08-22,Clear Pack,244,,PM0000053,HDPE BOTTLE 5 LTR,,,wastage log,35.0,PCS,,,,,,,,,PENDING,,,,,,,,VERIFIED-live,run 244 (2026-08-22) COLD PRESS 5 LTR 4 PCS; engineer/AM/store/HOD signatures ALL BLANK; logged 2026-08-24T15:12:37
WASTE,JIVO_OIL,2026-08-30T22:04:16+05:30,2026-08-22,Clear Pack,244,,PM0000468,CAPS 5 LTR GREEN,,,wastage log,45.0,PCS,,,,,,,,,PENDING,,,,,,,,VERIFIED-live,run 244 (2026-08-22) COLD PRESS 5 LTR 4 PCS; engineer/AM/store/HOD signatures ALL BLANK; logged 2026-08-24T15:12:37
WASTE,JIVO_OIL,2026-08-30T22:04:16+05:30,2026-08-22,JP Machine,243,,PM0000851,PET BOTTLE 1 LTR 26 GM,,,wastage log,822.0,PCS,,,,,,,,,PENDING,,,,,,,,VERIFIED-live,run 243 (2026-08-22) MUSTARD PAKKI GHANI 1 LTR 20 PCS; engineer/AM/store/HOD signatures ALL BLANK; logged 2026-08-24T15:07:55
WASTE,JIVO_OIL,2026-08-30T22:04:16+05:30,2026-08-22,JP Machine,243,,PM0000023,LABEL 1 LTR PAKKI GHANI FRONT,,,wastage log,200.0,PCS,,,,,,,,,PENDING,,,,,,,,VERIFIED-live,run 243 (2026-08-22) MUSTARD PAKKI GHANI 1 LTR 20 PCS; engineer/AM/store/HOD signatures ALL BLANK; logged 2026-08-24T15:07:55
WASTE,JIVO_OIL,2026-08-30T22:04:16+05:30,2026-08-22,JP Machine,243,,PM0000022,LABEL 1 LTR PAKKI GHANI BACK,,,wastage log,200.0,PCS,,,,,,,,,PENDING,,,,,,,,VERIFIED-live,run 243 (2026-08-22) MUSTARD PAKKI GHANI 1 LTR 20 PCS; engineer/AM/store/HOD signatures ALL BLANK; logged 2026-08-24T15:07:55
WASTE,JIVO_OIL,2026-08-30T22:04:16+05:30,2026-08-22,JP Machine,243,,PM0000411,CARTON 1 LTR 20 PCS PET 26GM,,,wastage log,240.0,PCS,,,,,,,,,PENDING,,,,,,,,VERIFIED-live,run 243 (2026-08-22) MUSTARD PAKKI GHANI 1 LTR 20 PCS; engineer/AM/store/HOD signatures ALL BLANK; logged 2026-08-24T15:07:55
WASTE,JIVO_OIL,2026-08-30T22:04:16+05:30,2026-08-22,JP Machine,243,,PM0000567,CAPS 1 LTR WHITE AND ORANGE (SMALL) PLAIN,,,wastage log,180.0,PCS,,,,,,,,,PENDING,,,,,,,,VERIFIED-live,run 243 (2026-08-22) MUSTARD PAKKI GHANI 1 LTR 20 PCS; engineer/AM/store/HOD signatures ALL BLANK; logged 2026-08-24T15:07:55
WASTE,JIVO_OIL,2026-08-30T22:04:16+05:30,2026-08-22,10 Head,242,,PM0000121,PET BOTTLE 1 LTR 52 GMS POMACE,,,wastage log,60.0,PCS,,,,,,,,,PENDING,,,,,,,,VERIFIED-live,run 242 (2026-08-22) COLD PRESS GROUNDNUT OIL 1 LTR 16 PCS; engineer/AM/store/HOD signatures ALL BLANK; logged 2026-08-24T15:06:54
WASTE,JIVO_OIL,2026-08-30T22:04:16+05:30,2026-08-22,10 Head,242,,PM0000425,LABEL 1 LTR GROUNDNUT FRONT,,,wastage log,159.0,PCS,,,,,,,,,PENDING,,,,,,,,VERIFIED-live,run 242 (2026-08-22) COLD PRESS GROUNDNUT OIL 1 LTR 16 PCS; engineer/AM/store/HOD signatures ALL BLANK; logged 2026-08-24T15:06:54
WASTE,JIVO_OIL,2026-08-30T22:04:16+05:30,2026-08-22,10 Head,242,,PM0000426,LABEL 1 LTR GROUNDNUT BACK,,,wastage log,150.0,PCS,,,,,,,,,PENDING,,,,,,,,VERIFIED-live,run 242 (2026-08-22) COLD PRESS GROUNDNUT OIL 1 LTR 16 PCS; engineer/AM/store/HOD signatures ALL BLANK; logged 2026-08-24T15:06:54
WASTE,JIVO_OIL,2026-08-30T22:04:16+05:30,2026-08-22,10 Head,242,,PM0000003,CARTON 1 LTR POMACE 16 PCS,,,wastage log,5.0,PCS,,,,,,,,,PENDING,,,,,,,,VERIFIED-live,run 242 (2026-08-22) COLD PRESS GROUNDNUT OIL 1 LTR 16 PCS; engineer/AM/store/HOD signatures ALL BLANK; logged 2026-08-24T15:06:54
WASTE,JIVO_OIL,2026-08-30T22:04:16+05:30,2026-08-22,10 Head,242,,PM0000085,CAPS 1 OR 2 LTR WHITE AND YELLOW WITH LOGO,,,wastage log,80.0,PCS,,,,,,,,,PENDING,,,,,,,,VERIFIED-live,run 242 (2026-08-22) COLD PRESS GROUNDNUT OIL 1 LTR 16 PCS; engineer/AM/store/HOD signatures ALL BLANK; logged 2026-08-24T15:06:54
WASTE,JIVO_OIL,2026-08-30T22:04:16+05:30,2026-08-22,6 Head,241,,PM0000080,TIN 5 LTR POMACE OLIVE PRINTED,,,wastage log,94.0,PCS,,,,,,,,,PENDING,,,,,,,,VERIFIED-live,run 241 (2026-08-22) POMACE OLIVE 5 LTR TIN 4 PCS; engineer/AM/store/HOD signatures ALL BLANK; logged 2026-08-24T15:05:24
WASTE,JIVO_OIL,2026-08-30T22:04:16+05:30,2026-08-22,6 Head,241,,PM0000082,CARTON 5 LTR OLIVE 4 PCS,,,wastage log,2.0,PCS,,,,,,,,,PENDING,,,,,,,,VERIFIED-live,run 241 (2026-08-22) POMACE OLIVE 5 LTR TIN 4 PCS; engineer/AM/store/HOD signatures ALL BLANK; logged 2026-08-24T15:05:24
WASTE,JIVO_OIL,2026-08-30T22:04:16+05:30,2026-08-22,6 Head,241,,PM0000078,CAPS 5 LTR/15 LTR,,,wastage log,10.0,PCS,,,,,,,,,PENDING,,,,,,,,VERIFIED-live,run 241 (2026-08-22) POMACE OLIVE 5 LTR TIN 4 PCS; engineer/AM/store/HOD signatures ALL BLANK; logged 2026-08-24T15:05:24
WASTE,JIVO_OIL,2026-08-30T22:04:16+05:30,2026-08-22,6 Head,246,,PM0000395,TIN 5 LTR POMACE OLIVE SANO,,,wastage log,26.0,PCS,,,,,,,,,PENDING,,,,,,,,VERIFIED-live,run 246 (2026-08-22) SANO POMACE OLIVE 5 LTR TIN 4 PCS; engineer/AM/store/HOD signatures ALL BLANK; logged 2026-08-24T15:04:22
WASTE,JIVO_OIL,2026-08-30T22:04:16+05:30,2026-08-22,6 Head,246,,PM0000632,CARTON 5 LTR TIN OLIVE 4 PCS SANO,,,wastage log,2.0,PCS,,,,,,,,,PENDING,,,,,,,,VERIFIED-live,run 246 (2026-08-22) SANO POMACE OLIVE 5 LTR TIN 4 PCS; engineer/AM/store/HOD signatures ALL BLANK; logged 2026-08-24T15:04:22
WASTE,JIVO_OIL,2026-08-30T22:04:16+05:30,2026-08-22,6 Head,246,,PM0000078,CAPS 5 LTR/15 LTR,,,wastage log,8.0,PCS,,,,,,,,,PENDING,,,,,,,,VERIFIED-live,run 246 (2026-08-22) SANO POMACE OLIVE 5 LTR TIN 4 PCS; engineer/AM/store/HOD signatures ALL BLANK; logged 2026-08-24T15:04:22
WASTE,JIVO_OIL,2026-08-30T22:04:16+05:30,2026-08-24,Clear Pack,248,,PM0000075,TAPE LOGO PRINTED,,,wastage log,250.0,MTR,,,,,,,,,PENDING,,,,,,,,VERIFIED-live,run 248 (2026-08-24) COLD PRESS 5 LTR 4 PCS; engineer/AM/store/HOD signatures ALL BLANK; logged 2026-08-25T14:02:15
WASTE,JIVO_OIL,2026-08-30T22:04:16+05:30,2026-08-24,Clear Pack,248,,PM0000046,LABEL 5 LTR COLD PRESS FRONT,,,wastage log,50.0,PCS,,,,,,,,,PENDING,,,,,,,,VERIFIED-live,run 248 (2026-08-24) COLD PRESS 5 LTR 4 PCS; engineer/AM/store/HOD signatures ALL BLANK; logged 2026-08-25T14:02:15
WASTE,JIVO_OIL,2026-08-30T22:04:16+05:30,2026-08-24,Clear Pack,248,,PM0000535,LABEL 5 LTR COLD PRESS BACK 994,,,wastage log,50.0,PCS,,,,,,,,,PENDING,,,,,,,,VERIFIED-live,run 248 (2026-08-24) COLD PRESS 5 LTR 4 PCS; engineer/AM/store/HOD signatures ALL BLANK; logged 2026-08-25T14:02:15
WASTE,JIVO_OIL,2026-08-30T22:04:16+05:30,2026-08-24,Clear Pack,248,,PM0000013,CARTON 5 LTR 4 PCS,,,wastage log,2.0,PCS,,,,,,,,,PENDING,,,,,,,,VERIFIED-live,run 248 (2026-08-24) COLD PRESS 5 LTR 4 PCS; engineer/AM/store/HOD signatures ALL BLANK; logged 2026-08-25T14:02:15
WASTE,JIVO_OIL,2026-08-30T22:04:16+05:30,2026-08-24,10 Head,250,,PM0000121,PET BOTTLE 1 LTR 52 GMS POMACE,,,wastage log,150.0,PCS,,,,,,,,,PENDING,,,,,,,,VERIFIED-live,run 250 (2026-08-24) COLD PRESS GROUNDNUT OIL 1 LTR 16 PCS; engineer/AM/store/HOD signatures ALL BLANK; logged 2026-08-25T14:01:17
WASTE,JIVO_OIL,2026-08-30T22:04:16+05:30,2026-08-24,10 Head,250,,PM0000425,LABEL 1 LTR GROUNDNUT FRONT,,,wastage log,90.0,PCS,,,,,,,,,PENDING,,,,,,,,VERIFIED-live,run 250 (2026-08-24) COLD PRESS GROUNDNUT OIL 1 LTR 16 PCS; engineer/AM/store/HOD signatures ALL BLANK; logged 2026-08-25T14:01:17
WASTE,JIVO_OIL,2026-08-30T22:04:16+05:30,2026-08-24,10 Head,250,,PM0000426,LABEL 1 LTR GROUNDNUT BACK,,,wastage log,100.0,PCS,,,,,,,,,PENDING,,,,,,,,VERIFIED-live,run 250 (2026-08-24) COLD PRESS GROUNDNUT OIL 1 LTR 16 PCS; engineer/AM/store/HOD signatures ALL BLANK; logged 2026-08-25T14:01:17
WASTE,JIVO_OIL,2026-08-30T22:04:16+05:30,2026-08-24,10 Head,250,,PM0000003,CARTON 1 LTR POMACE 16 PCS,,,wastage log,4.0,PCS,,,,,,,,,PENDING,,,,,,,,VERIFIED-live,run 250 (2026-08-24) COLD PRESS GROUNDNUT OIL 1 LTR 16 PCS; engineer/AM/store/HOD signatures ALL BLANK; logged 2026-08-25T14:01:17
WASTE,JIVO_OIL,2026-08-30T22:04:16+05:30,2026-08-24,10 Head,250,,PM0000085,CAPS 1 OR 2 LTR WHITE AND YELLOW WITH LOGO,,,wastage log,150.0,PCS,,,,,,,,,PENDING,,,,,,,,VERIFIED-live,run 250 (2026-08-24) COLD PRESS GROUNDNUT OIL 1 LTR 16 PCS; engineer/AM/store/HOD signatures ALL BLANK; logged 2026-08-25T14:01:17
WASTE,JIVO_OIL,2026-08-30T22:04:16+05:30,2026-08-24,6 Head,249,,PM0000884,SHRINK POF ROLL KG,,,wastage log,15.4,KGS,,,,,,,,,PENDING,,,,,,,,VERIFIED-live,run 249 (2026-08-24) JIVO GOLD 5 LTR 4 PCS; engineer/AM/store/HOD signatures ALL BLANK; logged 2026-08-25T14:00:15
WASTE,JIVO_OIL,2026-08-30T22:04:16+05:30,2026-08-24,6 Head,249,,PM0000359,LABEL 5 LTR GOLD FRONT NEW,,,wastage log,20.0,PCS,,,,,,,,,PENDING,,,,,,,,VERIFIED-live,run 249 (2026-08-24) JIVO GOLD 5 LTR 4 PCS; engineer/AM/store/HOD signatures ALL BLANK; logged 2026-08-25T14:00:15
WASTE,JIVO_OIL,2026-08-30T22:04:16+05:30,2026-08-24,6 Head,249,,PM0000360,LABEL 5 LTR GOLD BACK NEW,,,wastage log,20.0,PCS,,,,,,,,,PENDING,,,,,,,,VERIFIED-live,run 249 (2026-08-24) JIVO GOLD 5 LTR 4 PCS; engineer/AM/store/HOD signatures ALL BLANK; logged 2026-08-25T14:00:15
WASTE,JIVO_OIL,2026-08-30T22:04:16+05:30,2026-08-24,6 Head,249,,PM0000013,CARTON 5 LTR 4 PCS,,,wastage log,4.0,PCS,,,,,,,,,PENDING,,,,,,,,VERIFIED-live,run 249 (2026-08-24) JIVO GOLD 5 LTR 4 PCS; engineer/AM/store/HOD signatures ALL BLANK; logged 2026-08-25T14:00:15
WASTE,JIVO_OIL,2026-08-30T22:04:16+05:30,2026-08-24,6 Head,249,,PM0000469,CAPS 5 LTR BROWN,,,wastage log,11.0,PCS,,,,,,,,,PENDING,,,,,,,,VERIFIED-live,run 249 (2026-08-24) JIVO GOLD 5 LTR 4 PCS; engineer/AM/store/HOD signatures ALL BLANK; logged 2026-08-25T14:00:15
WASTE,JIVO_OIL,2026-08-30T22:04:16+05:30,2026-08-24,JP Machine,247,,PM0000058,PET BOTTLE 200 MLS OLIVE OIL,,,wastage log,301.0,PCS,,,,,,,,,PENDING,,,,,,,,VERIFIED-live,run 247 (2026-08-24) MUSTARD KACHI GHANI 200 ML 70 PCS; engineer/AM/store/HOD signatures ALL BLANK; logged 2026-08-25T13:58:51
WASTE,JIVO_OIL,2026-08-30T22:04:16+05:30,2026-08-24,JP Machine,247,,PM0000900,LABEL 200 ML CP KACHI GHANI FRONT,,,wastage log,190.0,PCS,,,,,,,,,PENDING,,,,,,,,VERIFIED-live,run 247 (2026-08-24) MUSTARD KACHI GHANI 200 ML 70 PCS; engineer/AM/store/HOD signatures ALL BLANK; logged 2026-08-25T13:58:51
WASTE,JIVO_OIL,2026-08-30T22:04:16+05:30,2026-08-24,JP Machine,247,,PM0000901,LABEL 200 ML CP KACHI GHANI BACK,,,wastage log,440.0,PCS,,,,,,,,,PENDING,,,,,,,,VERIFIED-live,run 247 (2026-08-24) MUSTARD KACHI GHANI 200 ML 70 PCS; engineer/AM/store/HOD signatures ALL BLANK; logged 2026-08-25T13:58:51
WASTE,JIVO_OIL,2026-08-30T22:04:16+05:30,2026-08-24,JP Machine,247,,PM0000235,CAPS 1 LTR WHITE AND YELLOW SMALL PLAIN,,,wastage log,165.0,PCS,,,,,,,,,PENDING,,,,,,,,VERIFIED-live,run 247 (2026-08-24) MUSTARD KACHI GHANI 200 ML 70 PCS; engineer/AM/store/HOD signatures ALL BLANK; logged 2026-08-25T13:58:51
WASTE,JIVO_OIL,2026-08-30T22:04:16+05:30,2026-08-25,JP Machine,253,,PM0000121,PET BOTTLE 1 LTR 52 GMS POMACE,,,wastage log,2.0,PCS,,,,,,,,,PENDING,,,,,,,,VERIFIED-live,run 253 (2026-08-25) COLD PRESS GROUNDNUT OIL 1 LTR 16 PCS; engineer/AM/store/HOD signatures ALL BLANK; logged 2026-08-26T10:53:38
WASTE,JIVO_OIL,2026-08-30T22:04:16+05:30,2026-08-25,JP Machine,253,,PM0000426,LABEL 1 LTR GROUNDNUT BACK,,,wastage log,190.0,PCS,,,,,,,,,PENDING,,,,,,,,VERIFIED-live,run 253 (2026-08-25) COLD PRESS GROUNDNUT OIL 1 LTR 16 PCS; engineer/AM/store/HOD signatures ALL BLANK; logged 2026-08-26T10:53:38
WASTE,JIVO_OIL,2026-08-30T22:04:16+05:30,2026-08-25,10 Head,254,,PM0000195,PET BOTTLE 1 LTR 52 GMS GREEN,,,wastage log,110.0,PCS,,,,,,,,,PENDING,,,,,,,,VERIFIED-live,run 254 (2026-08-25) EXTRA VIRGIN OLIVE 1 LTR 16 PCS; engineer/AM/store/HOD signatures ALL BLANK; logged 2026-08-26T10:53:02
WASTE,JIVO_OIL,2026-08-30T22:04:16+05:30,2026-08-25,10 Head,254,,PM0000158,LABEL 1 LTR EXTRA VIRGIN FRONT,,,wastage log,400.0,PCS,,,,,,,,,PENDING,,,,,,,,VERIFIED-live,run 254 (2026-08-25) EXTRA VIRGIN OLIVE 1 LTR 16 PCS; engineer/AM/store/HOD signatures ALL BLANK; logged 2026-08-26T10:53:02
WASTE,JIVO_OIL,2026-08-30T22:04:16+05:30,2026-08-25,10 Head,254,,PM0000159,LABEL 1 LTR EXTRA VIRGIN BACK,,,wastage log,380.0,PCS,,,,,,,,,PENDING,,,,,,,,VERIFIED-live,run 254 (2026-08-25) EXTRA VIRGIN OLIVE 1 LTR 16 PCS; engineer/AM/store/HOD signatures ALL BLANK; logged 2026-08-26T10:53:02
WASTE,JIVO_OIL,2026-08-30T22:04:16+05:30,2026-08-25,10 Head,254,,PM0000003,CARTON 1 LTR POMACE 16 PCS,,,wastage log,2.0,PCS,,,,,,,,,PENDING,,,,,,,,VERIFIED-live,run 254 (2026-08-25) EXTRA VIRGIN OLIVE 1 LTR 16 PCS; engineer/AM/store/HOD signatures ALL BLANK; logged 2026-08-26T10:53:02
WASTE,JIVO_OIL,2026-08-30T22:04:16+05:30,2026-08-25,10 Head,254,,PM0000079,CAPS 1 & 2 LTR FULL GREEN WITH LOGO,,,wastage log,7.0,PCS,,,,,,,,,PENDING,,,,,,,,VERIFIED-live,run 254 (2026-08-25) EXTRA VIRGIN OLIVE 1 LTR 16 PCS; engineer/AM/store/HOD signatures ALL BLANK; logged 2026-08-26T10:53:02
WASTE,JIVO_OIL,2026-08-30T22:04:16+05:30,2026-08-25,6 Head,255,,PM0000075,TAPE LOGO PRINTED,,,wastage log,5.0,MTR,,,,,,,,,PENDING,,,,,,,,VERIFIED-live,run 255 (2026-08-25) JIVO GOLD 5 LTR 4 PCS; engineer/AM/store/HOD signatures ALL BLANK; logged 2026-08-26T10:52:11
WASTE,JIVO_OIL,2026-08-30T22:04:16+05:30,2026-08-25,6 Head,255,,PM0000094,SHRINKS 5 LTR 340X415 5 LTR SINGAL PCS,,,wastage log,210.0,PCS,,,,,,,,,PENDING,,,,,,,,VERIFIED-live,run 255 (2026-08-25) JIVO GOLD 5 LTR 4 PCS; engineer/AM/store/HOD signatures ALL BLANK; logged 2026-08-26T10:52:11
WASTE,JIVO_OIL,2026-08-30T22:04:16+05:30,2026-08-25,6 Head,255,,PM0000359,LABEL 5 LTR GOLD FRONT NEW,,,wastage log,50.0,PCS,,,,,,,,,PENDING,,,,,,,,VERIFIED-live,run 255 (2026-08-25) JIVO GOLD 5 LTR 4 PCS; engineer/AM/store/HOD signatures ALL BLANK; logged 2026-08-26T10:52:11
WASTE,JIVO_OIL,2026-08-30T22:04:16+05:30,2026-08-25,6 Head,255,,PM0000360,LABEL 5 LTR GOLD BACK NEW,,,wastage log,60.0,PCS,,,,,,,,,PENDING,,,,,,,,VERIFIED-live,run 255 (2026-08-25) JIVO GOLD 5 LTR 4 PCS; engineer/AM/store/HOD signatures ALL BLANK; logged 2026-08-26T10:52:11
WASTE,JIVO_OIL,2026-08-30T22:04:16+05:30,2026-08-25,6 Head,255,,PM0000358,HDPE BOTTLE 5 LTR GOLD,,,wastage log,7.0,PCS,,,,,,,,,PENDING,,,,,,,,VERIFIED-live,run 255 (2026-08-25) JIVO GOLD 5 LTR 4 PCS; engineer/AM/store/HOD signatures ALL BLANK; logged 2026-08-26T10:52:11
WASTE,JIVO_OIL,2026-08-30T22:04:16+05:30,2026-08-25,6 Head,255,,PM0000013,CARTON 5 LTR 4 PCS,,,wastage log,5.0,PCS,,,,,,,,,PENDING,,,,,,,,VERIFIED-live,run 255 (2026-08-25) JIVO GOLD 5 LTR 4 PCS; engineer/AM/store/HOD signatures ALL BLANK; logged 2026-08-26T10:52:11
WASTE,JIVO_OIL,2026-08-30T22:04:16+05:30,2026-08-25,Pouch Machine,256,,PM0000130,POUCH 1 LTR REFINED ROLLS KGS,,,wastage log,3.02,KGS,,,,,,,,,PENDING,,,,,,,,VERIFIED-live,run 256 (2026-08-25) REFINED OIL 1 LTR POUCH 12 PCS; engineer/AM/store/HOD signatures ALL BLANK; logged 2026-08-26T10:51:17
WASTE,JIVO_OIL,2026-08-30T22:04:16+05:30,2026-08-25,Pouch Machine,256,,PM0000005,CARTON 1 LTR 12 POUCHES,,,wastage log,153.0,PCS,,,,,,,,,PENDING,,,,,,,,VERIFIED-live,run 256 (2026-08-25) REFINED OIL 1 LTR POUCH 12 PCS; engineer/AM/store/HOD signatures ALL BLANK; logged 2026-08-26T10:51:17
WASTE,JIVO_OIL,2026-08-30T22:04:16+05:30,2026-08-25,6 Head,257,,PM0000835,TIN 5 LTR FP YELLOW MUSTARD OIL PRINTED,,,wastage log,1.0,PCS,,,,,,,,,PENDING,,,,,,,,VERIFIED-live,run 257 (2026-08-25) YELLOW MUSTARD OIL 5 LTR TIN 4 PCS; engineer/AM/store/HOD signatures ALL BLANK; logged 2026-08-26T10:50:41
WASTE,JIVO_OIL,2026-08-30T22:04:16+05:30,2026-08-25,6 Head,257,,PM0000082,CARTON 5 LTR OLIVE 4 PCS,,,wastage log,3.0,PCS,,,,,,,,,PENDING,,,,,,,,VERIFIED-live,run 257 (2026-08-25) YELLOW MUSTARD OIL 5 LTR TIN 4 PCS; engineer/AM/store/HOD signatures ALL BLANK; logged 2026-08-26T10:50:41
WASTE,JIVO_OIL,2026-08-30T22:04:16+05:30,2026-08-25,6 Head,257,,PM0000078,CAPS 5 LTR/15 LTR,,,wastage log,4.0,PCS,,,,,,,,,PENDING,,,,,,,,VERIFIED-live,run 257 (2026-08-25) YELLOW MUSTARD OIL 5 LTR TIN 4 PCS; engineer/AM/store/HOD signatures ALL BLANK; logged 2026-08-26T10:50:41
WASTE,JIVO_OIL,2026-08-30T22:04:16+05:30,2026-08-25,JP Machine,259,,PM0000058,PET BOTTLE 200 MLS OLIVE OIL,,,wastage log,180.0,PCS,,,,,,,,,PENDING,,,,,,,,VERIFIED-live,run 259 (2026-08-25) MUSTARD KACHI GHANI 200 ML 70 PCS; engineer/AM/store/HOD signatures ALL BLANK; logged 2026-08-26T10:50:07
WASTE,JIVO_OIL,2026-08-30T22:04:16+05:30,2026-08-25,JP Machine,259,,PM0000900,LABEL 200 ML CP KACHI GHANI FRONT,,,wastage log,250.0,PCS,,,,,,,,,PENDING,,,,,,,,VERIFIED-live,run 259 (2026-08-25) MUSTARD KACHI GHANI 200 ML 70 PCS; engineer/AM/store/HOD signatures ALL BLANK; logged 2026-08-26T10:50:07
WASTE,JIVO_OIL,2026-08-30T22:04:16+05:30,2026-08-25,JP Machine,259,,PM0000901,LABEL 200 ML CP KACHI GHANI BACK,,,wastage log,250.0,PCS,,,,,,,,,PENDING,,,,,,,,VERIFIED-live,run 259 (2026-08-25) MUSTARD KACHI GHANI 200 ML 70 PCS; engineer/AM/store/HOD signatures ALL BLANK; logged 2026-08-26T10:50:07
WASTE,JIVO_OIL,2026-08-30T22:04:16+05:30,2026-08-25,JP Machine,259,,PM0000245,CARTON 5 LTR 4 PCS PET,,,wastage log,1.0,PCS,,,,,,,,,PENDING,,,,,,,,VERIFIED-live,run 259 (2026-08-25) MUSTARD KACHI GHANI 200 ML 70 PCS; engineer/AM/store/HOD signatures ALL BLANK; logged 2026-08-26T10:50:07
WASTE,JIVO_OIL,2026-08-30T22:04:16+05:30,2026-08-25,JP Machine,261,,PM0000851,PET BOTTLE 1 LTR 26 GM,,,wastage log,100.0,PCS,,,,,,,,,PENDING,,,,,,,,VERIFIED-live,run 261 (2026-08-25) MUSTARD KACHI GHANI 1 LTR 20 PCS; engineer/AM/store/HOD signatures ALL BLANK; logged 2026-08-26T10:49:17
WASTE,JIVO_OIL,2026-08-30T22:04:16+05:30,2026-08-25,JP Machine,261,,PM0000020,LABEL 1 LTR KACHCHI GHANI FRONT,,,wastage log,40.0,PCS,,,,,,,,,PENDING,,,,,,,,VERIFIED-live,run 261 (2026-08-25) MUSTARD KACHI GHANI 1 LTR 20 PCS; engineer/AM/store/HOD signatures ALL BLANK; logged 2026-08-26T10:49:17
WASTE,JIVO_OIL,2026-08-30T22:04:16+05:30,2026-08-25,JP Machine,261,,PM0000019,LABEL 1 LTR KACHCHI GHANI BACK,,,wastage log,40.0,PCS,,,,,,,,,PENDING,,,,,,,,VERIFIED-live,run 261 (2026-08-25) MUSTARD KACHI GHANI 1 LTR 20 PCS; engineer/AM/store/HOD signatures ALL BLANK; logged 2026-08-26T10:49:17
WASTE,JIVO_OIL,2026-08-30T22:04:16+05:30,2026-08-25,JP Machine,261,,PM0000411,CARTON 1 LTR 20 PCS PET 26GM,,,wastage log,2.0,PCS,,,,,,,,,PENDING,,,,,,,,VERIFIED-live,run 261 (2026-08-25) MUSTARD KACHI GHANI 1 LTR 20 PCS; engineer/AM/store/HOD signatures ALL BLANK; logged 2026-08-26T10:49:17
WASTE,JIVO_OIL,2026-08-30T22:04:16+05:30,2026-08-25,JP Machine,261,,PM0000235,CAPS 1 LTR WHITE AND YELLOW SMALL PLAIN,,,wastage log,160.0,PCS,,,,,,,,,PENDING,,,,,,,,VERIFIED-live,run 261 (2026-08-25) MUSTARD KACHI GHANI 1 LTR 20 PCS; engineer/AM/store/HOD signatures ALL BLANK; logged 2026-08-26T10:49:17
SHIFT_DAY,JIVO_OIL,2026-08-30T22:04:16+05:30,2026-04-13,10 Head,,,,,,,hours this line actually worked,0.0,running hours,0,0,,,,,,,,,2,0.02,0.0,,,,VERIFIED-live,"first start 11:23, last stop 11:25, span 0.02 h, sum-of-segments 0.00 h, in-shift utilisation 0%, 1 run(s), 2 segments"
SHIFT_DAY,JIVO_OIL,2026-08-30T22:04:16+05:30,2026-05-26,10 Head,,,,,,,hours this line actually worked,0.02,running hours,1,4,,,,,,,,,2,0.05,34.6,,,,VERIFIED-live,"first start 12:41, last stop 12:43, span 0.05 h, sum-of-segments 0.02 h, in-shift utilisation 35%, 1 run(s), 2 segments"
SHIFT_DAY,JIVO_OIL,2026-08-30T22:04:16+05:30,2026-07-10,10 Head,,,,,,,hours this line actually worked,0.02,running hours,1,1900,,,,,,,,,2,0.04,37.0,,,,VERIFIED-live,"first start 12:54, last stop 12:57, span 0.04 h, sum-of-segments 0.02 h, in-shift utilisation 37%, 1 run(s), 2 segments"
SHIFT_DAY,JIVO_OIL,2026-08-30T22:04:16+05:30,2026-07-10,Clear Pack,,,,,,,hours this line actually worked,0.0,running hours,0,100,,,,,,,,,1,0.01,0.0,,,,VERIFIED-live,"first start 11:23, last stop 11:24, span 0.01 h, sum-of-segments 0.00 h, in-shift utilisation 0%, 1 run(s), 1 segments"
SHIFT_DAY,JIVO_OIL,2026-08-30T22:04:16+05:30,2026-07-10,JP Machine,,,,,,,hours this line actually worked,0.02,running hours,1,301,,,,,,,,,3,0.22,7.6,,,,VERIFIED-live,"first start 11:50, last stop 12:03, span 0.22 h, sum-of-segments 0.02 h, in-shift utilisation 8%, 1 run(s), 3 segments"
SHIFT_DAY,JIVO_OIL,2026-08-30T22:04:16+05:30,2026-07-15,10 Head,,,,,,,hours this line actually worked,3.87,running hours,232,280,,,,,,,,,3,4.64,83.3,,,,VERIFIED-live,"first start 15:56, last stop 20:34, span 4.64 h, sum-of-segments 3.87 h, in-shift utilisation 83%, 1 run(s), 3 segments"
SHIFT_DAY,JIVO_OIL,2026-08-30T22:04:16+05:30,2026-07-15,Clear Pack,,,,,,,hours this line actually worked,7.27,running hours,436,1125,,,,,,,,,17,10.52,69.1,,,,VERIFIED-live,"first start 08:28, last stop 19:00, span 10.52 h, sum-of-segments 7.27 h, in-shift utilisation 69%, 2 run(s), 17 segments"
SHIFT_DAY,JIVO_OIL,2026-08-30T22:04:16+05:30,2026-07-15,JP Machine,,,,,,,hours this line actually worked,2.82,running hours,169,54,,,,,,,,,2,2.86,98.5,,,,VERIFIED-live,"first start 08:30, last stop 11:22, span 2.86 h, sum-of-segments 2.82 h, in-shift utilisation 99%, 1 run(s), 2 segments"
SHIFT_DAY,JIVO_OIL,2026-08-30T22:04:16+05:30,2026-07-16,6 Head,,,,,,,hours this line actually worked,1.87,running hours,112,830,,,,,,,,,6,2.21,84.5,,,,VERIFIED-live,"first start 16:46, last stop 18:58, span 2.21 h, sum-of-segments 1.87 h, in-shift utilisation 85%, 1 run(s), 6 segments"
SHIFT_DAY,JIVO_OIL,2026-08-30T22:04:16+05:30,2026-07-16,Clear Pack,,,,,,,hours this line actually worked,7.95,running hours,477,2166,,,,,,,,,17,10.25,77.5,,,,VERIFIED-live,"first start 08:30, last stop 18:45, span 10.25 h, sum-of-segments 7.95 h, in-shift utilisation 78%, 1 run(s), 17 segments"
SHIFT_DAY,JIVO_OIL,2026-08-30T22:04:16+05:30,2026-07-16,JP Machine,,,,,,,hours this line actually worked,3.2,running hours,192,180,,,,,,,,,5,6.44,49.7,,,,VERIFIED-live,"first start 08:57, last stop 15:23, span 6.44 h, sum-of-segments 3.20 h, in-shift utilisation 50%, 1 run(s), 5 segments"
SHIFT_DAY,JIVO_OIL,2026-08-30T22:04:16+05:30,2026-07-21,Clear Pack,,,,,,,hours this line actually worked,3.1,running hours,186,600,,,,,,,,,5,3.7,83.7,,,,VERIFIED-live,"first start 15:03, last stop 18:45, span 3.70 h, sum-of-segments 3.10 h, in-shift utilisation 84%, 1 run(s), 5 segments"
SHIFT_DAY,JIVO_OIL,2026-08-30T22:04:16+05:30,2026-07-21,JP Machine,,,,,,,hours this line actually worked,3.5,running hours,210,130,,,,,,,,,3,3.91,89.6,,,,VERIFIED-live,"first start 15:08, last stop 19:03, span 3.91 h, sum-of-segments 3.50 h, in-shift utilisation 90%, 1 run(s), 3 segments"
SHIFT_DAY,JIVO_OIL,2026-08-30T22:04:16+05:30,2026-07-22,Clear Pack,,,,,,,hours this line actually worked,4.92,running hours,295,723,,,,,,,,,8,7.23,68.0,,,,VERIFIED-live,"first start 07:41, last stop 14:55, span 7.23 h, sum-of-segments 4.92 h, in-shift utilisation 68%, 1 run(s), 8 segments"
SHIFT_DAY,JIVO_OIL,2026-08-30T22:04:16+05:30,2026-07-22,JP Machine,,,,,,,hours this line actually worked,5.38,running hours,323,140,,,,,,,,,4,5.89,91.4,,,,VERIFIED-live,"first start 07:59, last stop 13:52, span 5.89 h, sum-of-segments 5.38 h, in-shift utilisation 91%, 1 run(s), 4 segments"
SHIFT_DAY,JIVO_OIL,2026-08-30T22:04:16+05:30,2026-07-23,10 Head,,,,,,,hours this line actually worked,7.53,running hours,452,120,,,,,,,,,1,7.55,99.8,,,,VERIFIED-live,"first start 08:46, last stop 16:19, span 7.55 h, sum-of-segments 7.53 h, in-shift utilisation 100%, 1 run(s), 1 segments"
SHIFT_DAY,JIVO_OIL,2026-08-30T22:04:16+05:30,2026-07-23,Clear Pack,,,,,,,hours this line actually worked,6.18,running hours,371,1060,,,,,,,,,13,10.69,57.8,,,,VERIFIED-live,"first start 08:15, last stop 18:56, span 10.69 h, sum-of-segments 6.18 h, in-shift utilisation 58%, 1 run(s), 13 segments"
SHIFT_DAY,JIVO_OIL,2026-08-30T22:04:16+05:30,2026-07-23,JP Machine,,,,,,,hours this line actually worked,1.92,running hours,115,90,,,,,,,,,3,2.2,87.1,,,,VERIFIED-live,"first start 08:34, last stop 10:46, span 2.20 h, sum-of-segments 1.92 h, in-shift utilisation 87%, 1 run(s), 3 segments"
SHIFT_DAY,JIVO_OIL,2026-08-30T22:04:16+05:30,2026-07-24,10 Head,,,,,,,hours this line actually worked,25.62,running hours,1537,951,,,,,,,,,5,27.44,93.4,,,,VERIFIED-live,"first start 08:21, last stop 11:47, span 27.44 h, sum-of-segments 25.62 h, in-shift utilisation 93%, 1 run(s), 5 segments"
SHIFT_DAY,JIVO_OIL,2026-08-30T22:04:16+05:30,2026-07-24,6 Head,,,,,,,hours this line actually worked,8.12,running hours,487,302,,,,,,,,,4,9.21,88.2,,,,VERIFIED-live,"first start 08:21, last stop 17:33, span 9.21 h, sum-of-segments 8.12 h, in-shift utilisation 88%, 1 run(s), 4 segments"
SHIFT_DAY,JIVO_OIL,2026-08-30T22:04:16+05:30,2026-07-24,Clear Pack,,,,,,,hours this line actually worked,25.47,running hours,1528,1017,,,,,,,,,8,27.59,92.3,,,,VERIFIED-live,"first start 08:15, last stop 11:50, span 27.59 h, sum-of-segments 25.47 h, in-shift utilisation 92%, 1 run(s), 8 segments"
SHIFT_DAY,JIVO_OIL,2026-08-30T22:04:16+05:30,2026-07-25,10 Head,,,,,,,hours this line actually worked,5.55,running hours,333,1438,,,,,,,,,5,9.19,60.4,,,,VERIFIED-live,"first start 10:06, last stop 19:18, span 9.19 h, sum-of-segments 5.55 h, in-shift utilisation 60%, 1 run(s), 5 segments"
SHIFT_DAY,JIVO_OIL,2026-08-30T22:04:16+05:30,2026-07-25,6 Head,,,,,,,hours this line actually worked,5.57,running hours,334,1035,,,,,,,,,6,9.29,59.9,,,,VERIFIED-live,"first start 10:03, last stop 19:21, span 9.29 h, sum-of-segments 5.57 h, in-shift utilisation 60%, 1 run(s), 6 segments"
SHIFT_DAY,JIVO_OIL,2026-08-30T22:04:16+05:30,2026-07-25,Clear Pack,,,,,,,hours this line actually worked,7.37,running hours,442,1596,,,,,,,,,5,9.19,80.2,,,,VERIFIED-live,"first start 10:04, last stop 19:15, span 9.19 h, sum-of-segments 7.37 h, in-shift utilisation 80%, 1 run(s), 5 segments"
SHIFT_DAY,JIVO_OIL,2026-08-30T22:04:16+05:30,2026-07-25,Tin Head,,,,,,,hours this line actually worked,3.6,running hours,216,2936,,,,,,,,,3,6.54,55.1,,,,VERIFIED-live,"first start 12:46, last stop 19:19, span 6.54 h, sum-of-segments 3.60 h, in-shift utilisation 55%, 1 run(s), 3 segments"
SHIFT_DAY,JIVO_OIL,2026-08-30T22:04:16+05:30,2026-07-27,10 Head,,,,,,,hours this line actually worked,7.02,running hours,421,1857,,,,,,,,,4,8.27,84.9,,,,VERIFIED-live,"first start 10:44, last stop 19:00, span 8.27 h, sum-of-segments 7.02 h, in-shift utilisation 85%, 1 run(s), 4 segments"
SHIFT_DAY,JIVO_OIL,2026-08-30T22:04:16+05:30,2026-07-27,6 Head,,,,,,,hours this line actually worked,6.17,running hours,370,874,,,,,,,,,5,7.53,81.9,,,,VERIFIED-live,"first start 11:24, last stop 18:56, span 7.53 h, sum-of-segments 6.17 h, in-shift utilisation 82%, 1 run(s), 5 segments"
SHIFT_DAY,JIVO_OIL,2026-08-30T22:04:16+05:30,2026-07-27,Clear Pack,,,,,,,hours this line actually worked,6.13,running hours,368,2369,,,,,,,,,7,7.84,78.2,,,,VERIFIED-live,"first start 11:06, last stop 18:57, span 7.84 h, sum-of-segments 6.13 h, in-shift utilisation 78%, 1 run(s), 7 segments"
SHIFT_DAY,JIVO_OIL,2026-08-30T22:04:16+05:30,2026-07-27,JP Machine,,,,,,,hours this line actually worked,21.95,running hours,1317,1054,,,,,,,,,6,23.61,93.0,,,,VERIFIED-live,"first start 10:44, last stop 10:21, span 23.61 h, sum-of-segments 21.95 h, in-shift utilisation 93%, 1 run(s), 6 segments"
SHIFT_DAY,JIVO_OIL,2026-08-30T22:04:16+05:30,2026-07-27,Pouch Machine,,,,,,,hours this line actually worked,6.63,running hours,398,3060,,,,,,,,,4,7.86,84.4,,,,VERIFIED-live,"first start 11:07, last stop 18:58, span 7.86 h, sum-of-segments 6.63 h, in-shift utilisation 84%, 1 run(s), 4 segments"
SHIFT_DAY,JIVO_OIL,2026-08-30T22:04:16+05:30,2026-07-28,10 Head,,,,,,,hours this line actually worked,7.53,running hours,452,653,,,,,,,,,4,8.89,84.7,,,,VERIFIED-live,"first start 09:48, last stop 18:42, span 8.89 h, sum-of-segments 7.53 h, in-shift utilisation 85%, 1 run(s), 4 segments"
SHIFT_DAY,JIVO_OIL,2026-08-30T22:04:16+05:30,2026-07-28,6 Head,,,,,,,hours this line actually worked,1.97,running hours,118,550,,,,,,,,,2,2.34,84.2,,,,VERIFIED-live,"first start 09:48, last stop 12:08, span 2.34 h, sum-of-segments 1.97 h, in-shift utilisation 84%, 1 run(s), 2 segments"
SHIFT_DAY,JIVO_OIL,2026-08-30T22:04:16+05:30,2026-07-28,Clear Pack,,,,,,,hours this line actually worked,6.15,running hours,369,1060,,,,,,,,,7,9.14,67.3,,,,VERIFIED-live,"first start 10:27, last stop 19:36, span 9.14 h, sum-of-segments 6.15 h, in-shift utilisation 67%, 1 run(s), 7 segments"
SHIFT_DAY,JIVO_OIL,2026-08-30T22:04:16+05:30,2026-07-28,JP Machine,,,,,,,hours this line actually worked,7.0,running hours,420,785,,,,,,,,,7,8.88,78.9,,,,VERIFIED-live,"first start 10:27, last stop 19:20, span 8.88 h, sum-of-segments 7.00 h, in-shift utilisation 79%, 1 run(s), 7 segments"
SHIFT_DAY,JIVO_OIL,2026-08-30T22:04:16+05:30,2026-07-29,10 Head,,,,,,,hours this line actually worked,5.22,running hours,313,610,,,,,,,,,7,9.4,55.5,,,,VERIFIED-live,"first start 09:40, last stop 19:04, span 9.40 h, sum-of-segments 5.22 h, in-shift utilisation 55%, 2 run(s), 7 segments"
SHIFT_DAY,JIVO_OIL,2026-08-30T22:04:16+05:30,2026-07-29,6 Head,,,,,,,hours this line actually worked,7.67,running hours,460,200,,,,,,,,,5,9.55,80.3,,,,VERIFIED-live,"first start 09:42, last stop 19:15, span 9.55 h, sum-of-segments 7.67 h, in-shift utilisation 80%, 1 run(s), 5 segments"
SHIFT_DAY,JIVO_OIL,2026-08-30T22:04:16+05:30,2026-07-29,Clear Pack,,,,,,,hours this line actually worked,2.9,running hours,174,366,,,,,,,,,3,3.51,82.6,,,,VERIFIED-live,"first start 15:36, last stop 19:07, span 3.51 h, sum-of-segments 2.90 h, in-shift utilisation 83%, 1 run(s), 3 segments"
SHIFT_DAY,JIVO_OIL,2026-08-30T22:04:16+05:30,2026-07-29,JP Machine,,,,,,,hours this line actually worked,5.87,running hours,352,890,,,,,,,,,4,6.97,84.2,,,,VERIFIED-live,"first start 11:20, last stop 18:18, span 6.97 h, sum-of-segments 5.87 h, in-shift utilisation 84%, 1 run(s), 4 segments"
SHIFT_DAY,JIVO_OIL,2026-08-30T22:04:16+05:30,2026-07-30,10 Head,,,,,,,hours this line actually worked,10.72,running hours,643,720,,,,,,,,,4,12.33,86.9,,,,VERIFIED-live,"first start 08:09, last stop 20:29, span 12.33 h, sum-of-segments 10.72 h, in-shift utilisation 87%, 1 run(s), 4 segments"
SHIFT_DAY,JIVO_OIL,2026-08-30T22:04:16+05:30,2026-07-30,6 Head,,,,,,,hours this line actually worked,10.0,running hours,600,523,,,,,,,,,6,11.04,90.6,,,,VERIFIED-live,"first start 08:09, last stop 19:11, span 11.04 h, sum-of-segments 10.00 h, in-shift utilisation 91%, 2 run(s), 6 segments"
SHIFT_DAY,JIVO_OIL,2026-08-30T22:04:16+05:30,2026-07-30,Clear Pack,,,,,,,hours this line actually worked,4.88,running hours,293,360,,,,,,,,,3,10.93,44.7,,,,VERIFIED-live,"first start 08:02, last stop 18:58, span 10.93 h, sum-of-segments 4.88 h, in-shift utilisation 45%, 2 run(s), 3 segments"
SHIFT_DAY,JIVO_OIL,2026-08-30T22:04:16+05:30,2026-07-30,JP Machine,,,,,,,hours this line actually worked,6.2,running hours,372,440,,,,,,,,,4,7.53,82.4,,,,VERIFIED-live,"first start 11:26, last stop 18:57, span 7.53 h, sum-of-segments 6.20 h, in-shift utilisation 82%, 1 run(s), 4 segments"
SHIFT_DAY,JIVO_OIL,2026-08-30T22:04:16+05:30,2026-07-31,10 Head,,,,,,,hours this line actually worked,10.18,running hours,611,585,,,,,,,,,4,12.28,82.9,,,,VERIFIED-live,"first start 08:09, last stop 20:25, span 12.28 h, sum-of-segments 10.18 h, in-shift utilisation 83%, 1 run(s), 4 segments"
SHIFT_DAY,JIVO_OIL,2026-08-30T22:04:16+05:30,2026-07-31,6 Head,,,,,,,hours this line actually worked,3.83,running hours,230,940,,,,,,,,,5,8.0,47.9,,,,VERIFIED-live,"first start 09:37, last stop 17:37, span 8.00 h, sum-of-segments 3.83 h, in-shift utilisation 48%, 1 run(s), 5 segments"
SHIFT_DAY,JIVO_OIL,2026-08-30T22:04:16+05:30,2026-07-31,Clear Pack,,,,,,,hours this line actually worked,8.8,running hours,528,1245,,,,,,,,,8,11.56,76.1,,,,VERIFIED-live,"first start 07:32, last stop 19:06, span 11.56 h, sum-of-segments 8.80 h, in-shift utilisation 76%, 1 run(s), 8 segments"
SHIFT_DAY,JIVO_OIL,2026-08-30T22:04:16+05:30,2026-07-31,JP Machine,,,,,,,hours this line actually worked,7.48,running hours,449,1402,,,,,,,,,7,11.39,65.7,,,,VERIFIED-live,"first start 07:44, last stop 19:07, span 11.39 h, sum-of-segments 7.48 h, in-shift utilisation 66%, 1 run(s), 7 segments"
SHIFT_DAY,JIVO_OIL,2026-08-30T22:04:16+05:30,2026-08-01,JP Machine,,,,,,,hours this line actually worked,9.37,running hours,562,1125,,,,,,,,,3,10.78,86.9,,,,VERIFIED-live,"first start 08:20, last stop 19:07, span 10.78 h, sum-of-segments 9.37 h, in-shift utilisation 87%, 1 run(s), 3 segments"
SHIFT_DAY,JIVO_OIL,2026-08-30T22:04:16+05:30,2026-08-03,10 Head,,,,,,,hours this line actually worked,10.0,running hours,600,235,,,,,,,,,3,7.5,133.3,,,,VERIFIED-live,"first start 08:44, last stop 16:14, span 7.50 h, sum-of-segments 10.00 h, in-shift utilisation 133%, 2 run(s), 3 segments"
SHIFT_DAY,JIVO_OIL,2026-08-30T22:04:16+05:30,2026-08-03,6 Head,,,,,,,hours this line actually worked,7.05,running hours,423,1125,,,,,,,,,6,10.26,68.7,,,,VERIFIED-live,"first start 09:16, last stop 19:32, span 10.26 h, sum-of-segments 7.05 h, in-shift utilisation 69%, 3 run(s), 6 segments"
SHIFT_DAY,JIVO_OIL,2026-08-30T22:04:16+05:30,2026-08-03,Clear Pack,,,,,,,hours this line actually worked,9.0,running hours,540,860,,,,,,,,,5,11.03,81.6,,,,VERIFIED-live,"first start 08:44, last stop 19:46, span 11.03 h, sum-of-segments 9.00 h, in-shift utilisation 82%, 3 run(s), 5 segments"
SHIFT_DAY,JIVO_OIL,2026-08-30T22:04:16+05:30,2026-08-03,JP Machine,,,,,,,hours this line actually worked,3.17,running hours,190,51,,,,,,,,,1,3.17,100.0,,,,VERIFIED-live,"first start 16:21, last stop 19:31, span 3.17 h, sum-of-segments 3.17 h, in-shift utilisation 100%, 1 run(s), 1 segments"
SHIFT_DAY,JIVO_OIL,2026-08-30T22:04:16+05:30,2026-08-03,Pouch Machine,,,,,,,hours this line actually worked,9.38,running hours,563,2235,,,,,,,,,4,9.79,95.9,,,,VERIFIED-live,"first start 09:41, last stop 19:28, span 9.79 h, sum-of-segments 9.38 h, in-shift utilisation 96%, 1 run(s), 4 segments"
SHIFT_DAY,JIVO_OIL,2026-08-30T22:04:16+05:30,2026-08-04,10 Head,,,,,,,hours this line actually worked,4.5,running hours,270,287,,,,,,,,,4,11.13,40.4,,,,VERIFIED-live,"first start 08:09, last stop 19:17, span 11.13 h, sum-of-segments 4.50 h, in-shift utilisation 40%, 2 run(s), 4 segments"
SHIFT_DAY,JIVO_OIL,2026-08-30T22:04:16+05:30,2026-08-04,6 Head,,,,,,,hours this line actually worked,5.52,running hours,331,280,,,,,,,,,5,9.28,59.5,,,,VERIFIED-live,"first start 09:59, last stop 19:16, span 9.28 h, sum-of-segments 5.52 h, in-shift utilisation 59%, 2 run(s), 5 segments"
SHIFT_DAY,JIVO_OIL,2026-08-30T22:04:16+05:30,2026-08-04,Clear Pack,,,,,,,hours this line actually worked,9.17,running hours,550,590,,,,,,,,,5,11.09,82.7,,,,VERIFIED-live,"first start 08:10, last stop 19:15, span 11.09 h, sum-of-segments 9.17 h, in-shift utilisation 83%, 1 run(s), 5 segments"
SHIFT_DAY,JIVO_OIL,2026-08-30T22:04:16+05:30,2026-08-04,JP Machine,,,,,,,hours this line actually worked,9.48,running hours,569,675,,,,,,,,,4,11.04,85.9,,,,VERIFIED-live,"first start 08:11, last stop 19:13, span 11.04 h, sum-of-segments 9.48 h, in-shift utilisation 86%, 1 run(s), 4 segments"
SHIFT_DAY,JIVO_OIL,2026-08-30T22:04:16+05:30,2026-08-04,Pouch Machine,,,,,,,hours this line actually worked,6.12,running hours,367,1400,,,,,,,,,4,8.3,73.7,,,,VERIFIED-live,"first start 11:00, last stop 19:18, span 8.30 h, sum-of-segments 6.12 h, in-shift utilisation 74%, 1 run(s), 4 segments"
SHIFT_DAY,JIVO_OIL,2026-08-30T22:04:16+05:30,2026-08-05,10 Head,,,,,,,hours this line actually worked,8.8,running hours,528,985,,,,,,,,,4,11.55,76.2,,,,VERIFIED-live,"first start 08:14, last stop 19:47, span 11.55 h, sum-of-segments 8.80 h, in-shift utilisation 76%, 1 run(s), 4 segments"
SHIFT_DAY,JIVO_OIL,2026-08-30T22:04:16+05:30,2026-08-05,6 Head,,,,,,,hours this line actually worked,9.93,running hours,596,589,,,,,,,,,6,11.47,86.6,,,,VERIFIED-live,"first start 08:14, last stop 19:42, span 11.47 h, sum-of-segments 9.93 h, in-shift utilisation 87%, 2 run(s), 6 segments"
SHIFT_DAY,JIVO_OIL,2026-08-30T22:04:16+05:30,2026-08-05,Clear Pack,,,,,,,hours this line actually worked,7.83,running hours,470,705,,,,,,,,,7,11.37,68.9,,,,VERIFIED-live,"first start 08:14, last stop 19:36, span 11.37 h, sum-of-segments 7.83 h, in-shift utilisation 69%, 2 run(s), 7 segments"
SHIFT_DAY,JIVO_OIL,2026-08-30T22:04:16+05:30,2026-08-05,JP Machine,,,,,,,hours this line actually worked,8.9,running hours,534,820,,,,,,,,,4,11.6,76.7,,,,VERIFIED-live,"first start 08:14, last stop 19:50, span 11.60 h, sum-of-segments 8.90 h, in-shift utilisation 77%, 1 run(s), 4 segments"
SHIFT_DAY,JIVO_OIL,2026-08-30T22:04:16+05:30,2026-08-05,Pouch Machine,,,,,,,hours this line actually worked,5.8,running hours,348,2997,,,,,,,,,4,6.82,85.1,,,,VERIFIED-live,"first start 12:55, last stop 19:44, span 6.82 h, sum-of-segments 5.80 h, in-shift utilisation 85%, 1 run(s), 4 segments"
SHIFT_DAY,JIVO_OIL,2026-08-30T22:04:16+05:30,2026-08-06,10 Head,,,,,,,hours this line actually worked,11.5,running hours,690,540,,,,,,,,,4,11.45,100.4,,,,VERIFIED-live,"first start 08:52, last stop 20:19, span 11.45 h, sum-of-segments 11.50 h, in-shift utilisation 100%, 2 run(s), 4 segments"
SHIFT_DAY,JIVO_OIL,2026-08-30T22:04:16+05:30,2026-08-06,6 Head,,,,,,,hours this line actually worked,10.97,running hours,658,180,,,,,,,,,3,11.48,95.5,,,,VERIFIED-live,"first start 08:52, last stop 20:21, span 11.48 h, sum-of-segments 10.97 h, in-shift utilisation 96%, 1 run(s), 3 segments"
SHIFT_DAY,JIVO_OIL,2026-08-30T22:04:16+05:30,2026-08-06,Clear Pack,,,,,,,hours this line actually worked,10.58,running hours,635,960,,,,,,,,,4,11.71,90.4,,,,VERIFIED-live,"first start 08:37, last stop 20:19, span 11.71 h, sum-of-segments 10.58 h, in-shift utilisation 90%, 2 run(s), 4 segments"
SHIFT_DAY,JIVO_OIL,2026-08-30T22:04:16+05:30,2026-08-06,JP Machine,,,,,,,hours this line actually worked,2.65,running hours,159,254,,,,,,,,,2,5.17,51.3,,,,VERIFIED-live,"first start 08:37, last stop 13:47, span 5.17 h, sum-of-segments 2.65 h, in-shift utilisation 51%, 1 run(s), 2 segments"
SHIFT_DAY,JIVO_OIL,2026-08-30T22:04:16+05:30,2026-08-06,Pouch Machine,,,,,,,hours this line actually worked,5.65,running hours,339,380,,,,,,,,,3,6.06,93.3,,,,VERIFIED-live,"first start 08:52, last stop 14:55, span 6.06 h, sum-of-segments 5.65 h, in-shift utilisation 93%, 1 run(s), 3 segments"
SHIFT_DAY,JIVO_OIL,2026-08-30T22:04:16+05:30,2026-08-07,10 Head,,,,,,,hours this line actually worked,11.82,running hours,709,290,,,,,,,,,5,25.94,45.6,,,,VERIFIED-live,"first start 09:08, last stop 11:04, span 25.94 h, sum-of-segments 11.82 h, in-shift utilisation 46%, 2 run(s), 5 segments"
SHIFT_DAY,JIVO_OIL,2026-08-30T22:04:16+05:30,2026-08-07,6 Head,,,,,,,hours this line actually worked,9.77,running hours,586,148,,,,,,,,,5,11.85,82.4,,,,VERIFIED-live,"first start 08:41, last stop 20:32, span 11.85 h, sum-of-segments 9.77 h, in-shift utilisation 82%, 2 run(s), 5 segments"
SHIFT_DAY,JIVO_OIL,2026-08-30T22:04:16+05:30,2026-08-07,Clear Pack,,,,,,,hours this line actually worked,7.7,running hours,462,1584,,,,,,,,,9,11.87,64.9,,,,VERIFIED-live,"first start 08:41, last stop 20:33, span 11.87 h, sum-of-segments 7.70 h, in-shift utilisation 65%, 1 run(s), 9 segments"
SHIFT_DAY,JIVO_OIL,2026-08-30T22:04:16+05:30,2026-08-07,JP Machine,,,,,,,hours this line actually worked,8.58,running hours,515,900,,,,,,,,,5,11.44,75.0,,,,VERIFIED-live,"first start 09:08, last stop 20:34, span 11.44 h, sum-of-segments 8.58 h, in-shift utilisation 75%, 1 run(s), 5 segments"
SHIFT_DAY,JIVO_OIL,2026-08-30T22:04:16+05:30,2026-08-08,10 Head,,,,,,,hours this line actually worked,6.45,running hours,387,730,,,,,,,,,3,8.03,80.3,,,,VERIFIED-live,"first start 08:05, last stop 16:07, span 8.03 h, sum-of-segments 6.45 h, in-shift utilisation 80%, 1 run(s), 3 segments"
SHIFT_DAY,JIVO_OIL,2026-08-30T22:04:16+05:30,2026-08-08,6 Head,,,,,,,hours this line actually worked,8.27,running hours,496,543,,,,,,,,,5,11.87,69.6,,,,VERIFIED-live,"first start 08:06, last stop 19:58, span 11.87 h, sum-of-segments 8.27 h, in-shift utilisation 70%, 1 run(s), 5 segments"
SHIFT_DAY,JIVO_OIL,2026-08-30T22:04:16+05:30,2026-08-08,JP Machine,,,,,,,hours this line actually worked,8.15,running hours,489,665,,,,,,,,,4,11.87,68.6,,,,VERIFIED-live,"first start 08:05, last stop 19:58, span 11.87 h, sum-of-segments 8.15 h, in-shift utilisation 69%, 1 run(s), 4 segments"
SHIFT_DAY,JIVO_OIL,2026-08-30T22:04:16+05:30,2026-08-10,10 Head,,,,,,,hours this line actually worked,10.33,running hours,620,855,,,,,,,,,3,11.22,92.1,,,,VERIFIED-live,"first start 09:09, last stop 20:22, span 11.22 h, sum-of-segments 10.33 h, in-shift utilisation 92%, 1 run(s), 3 segments"
SHIFT_DAY,JIVO_OIL,2026-08-30T22:04:16+05:30,2026-08-10,6 Head,,,,,,,hours this line actually worked,3.72,running hours,223,0,,,,,,,,,2,3.74,99.5,,,,VERIFIED-live,"first start 16:36, last stop 20:20, span 3.74 h, sum-of-segments 3.72 h, in-shift utilisation 99%, 1 run(s), 2 segments"
SHIFT_DAY,JIVO_OIL,2026-08-30T22:04:16+05:30,2026-08-10,Clear Pack,,,,,,,hours this line actually worked,4.02,running hours,241,80,,,,,,,,,2,4.58,87.7,,,,VERIFIED-live,"first start 15:46, last stop 20:21, span 4.58 h, sum-of-segments 4.02 h, in-shift utilisation 88%, 1 run(s), 2 segments"
SHIFT_DAY,JIVO_OIL,2026-08-30T22:04:16+05:30,2026-08-10,JP Machine,,,,,,,hours this line actually worked,12.4,running hours,744,888,,,,,,,,,8,11.23,110.4,,,,VERIFIED-live,"first start 09:09, last stop 20:22, span 11.23 h, sum-of-segments 12.40 h, in-shift utilisation 110%, 2 run(s), 8 segments"
SHIFT_DAY,JIVO_OIL,2026-08-30T22:04:16+05:30,2026-08-11,10 Head,,,,,,,hours this line actually worked,6.22,running hours,373,200,,,,,,,,,3,10.42,59.7,,,,VERIFIED-live,"first start 08:46, last stop 19:11, span 10.42 h, sum-of-segments 6.22 h, in-shift utilisation 60%, 1 run(s), 3 segments"
SHIFT_DAY,JIVO_OIL,2026-08-30T22:04:16+05:30,2026-08-11,6 Head,,,,,,,hours this line actually worked,6.87,running hours,412,280,,,,,,,,,4,8.38,81.9,,,,VERIFIED-live,"first start 08:46, last stop 17:09, span 8.38 h, sum-of-segments 6.87 h, in-shift utilisation 82%, 2 run(s), 4 segments"
SHIFT_DAY,JIVO_OIL,2026-08-30T22:04:16+05:30,2026-08-11,Clear Pack,,,,,,,hours this line actually worked,9.63,running hours,578,680,,,,,,,,,3,10.41,92.5,,,,VERIFIED-live,"first start 08:46, last stop 19:11, span 10.41 h, sum-of-segments 9.63 h, in-shift utilisation 93%, 1 run(s), 3 segments"
SHIFT_DAY,JIVO_OIL,2026-08-30T22:04:16+05:30,2026-08-11,JP Machine,,,,,,,hours this line actually worked,8.85,running hours,531,573,,,,,,,,,4,10.41,85.0,,,,VERIFIED-live,"first start 08:46, last stop 19:11, span 10.41 h, sum-of-segments 8.85 h, in-shift utilisation 85%, 2 run(s), 4 segments"
SHIFT_DAY,JIVO_OIL,2026-08-30T22:04:16+05:30,2026-08-12,10 Head,,,,,,,hours this line actually worked,9.85,running hours,591,810,,,,,,,,,4,12.6,78.2,,,,VERIFIED-live,"first start 08:28, last stop 21:04, span 12.60 h, sum-of-segments 9.85 h, in-shift utilisation 78%, 1 run(s), 4 segments"
SHIFT_DAY,JIVO_OIL,2026-08-30T22:04:16+05:30,2026-08-12,6 Head,,,,,,,hours this line actually worked,10.13,running hours,608,1074,,,,,,,,,5,12.6,80.4,,,,VERIFIED-live,"first start 08:28, last stop 21:04, span 12.60 h, sum-of-segments 10.13 h, in-shift utilisation 80%, 2 run(s), 5 segments"
SHIFT_DAY,JIVO_OIL,2026-08-30T22:04:16+05:30,2026-08-12,Clear Pack,,,,,,,hours this line actually worked,10.35,running hours,621,360,,,,,,,,,4,12.6,82.2,,,,VERIFIED-live,"first start 08:28, last stop 21:04, span 12.60 h, sum-of-segments 10.35 h, in-shift utilisation 82%, 1 run(s), 4 segments"
SHIFT_DAY,JIVO_OIL,2026-08-30T22:04:16+05:30,2026-08-12,JP Machine,,,,,,,hours this line actually worked,5.78,running hours,347,390,,,,,,,,,3,7.68,75.3,,,,VERIFIED-live,"first start 08:28, last stop 16:09, span 7.68 h, sum-of-segments 5.78 h, in-shift utilisation 75%, 1 run(s), 3 segments"
SHIFT_DAY,JIVO_OIL,2026-08-30T22:04:16+05:30,2026-08-13,10 Head,,,,,,,hours this line actually worked,10.85,running hours,651,450,,,,,,,,,4,13.59,79.8,,,,VERIFIED-live,"first start 08:00, last stop 21:36, span 13.59 h, sum-of-segments 10.85 h, in-shift utilisation 80%, 1 run(s), 4 segments"
SHIFT_DAY,JIVO_OIL,2026-08-30T22:04:16+05:30,2026-08-13,6 Head,,,,,,,hours this line actually worked,11.48,running hours,689,260,,,,,,,,,5,13.57,84.6,,,,VERIFIED-live,"first start 08:00, last stop 21:35, span 13.57 h, sum-of-segments 11.48 h, in-shift utilisation 85%, 2 run(s), 5 segments"
SHIFT_DAY,JIVO_OIL,2026-08-30T22:04:16+05:30,2026-08-13,Clear Pack,,,,,,,hours this line actually worked,10.48,running hours,629,380,,,,,,,,,4,13.64,76.8,,,,VERIFIED-live,"first start 08:00, last stop 21:39, span 13.64 h, sum-of-segments 10.48 h, in-shift utilisation 77%, 1 run(s), 4 segments"
SHIFT_DAY,JIVO_OIL,2026-08-30T22:04:16+05:30,2026-08-13,JP Machine,,,,,,,hours this line actually worked,4.42,running hours,265,405,,,,,,,,,2,5.1,86.6,,,,VERIFIED-live,"first start 08:00, last stop 13:06, span 5.10 h, sum-of-segments 4.42 h, in-shift utilisation 87%, 1 run(s), 2 segments"
SHIFT_DAY,JIVO_OIL,2026-08-30T22:04:16+05:30,2026-08-14,10 Head,,,,,,,hours this line actually worked,12.8,running hours,768,375,,,,,,,,,3,14.21,90.1,,,,VERIFIED-live,"first start 08:00, last stop 22:12, span 14.21 h, sum-of-segments 12.80 h, in-shift utilisation 90%, 1 run(s), 3 segments"
SHIFT_DAY,JIVO_OIL,2026-08-30T22:04:16+05:30,2026-08-14,6 Head,,,,,,,hours this line actually worked,11.43,running hours,686,240,,,,,,,,,3,14.2,80.5,,,,VERIFIED-live,"first start 08:00, last stop 22:12, span 14.20 h, sum-of-segments 11.43 h, in-shift utilisation 81%, 1 run(s), 3 segments"
SHIFT_DAY,JIVO_OIL,2026-08-30T22:04:16+05:30,2026-08-14,Clear Pack,,,,,,,hours this line actually worked,12.78,running hours,767,400,,,,,,,,,3,14.18,90.2,,,,VERIFIED-live,"first start 08:00, last stop 22:11, span 14.18 h, sum-of-segments 12.78 h, in-shift utilisation 90%, 1 run(s), 3 segments"
SHIFT_DAY,JIVO_OIL,2026-08-30T22:04:16+05:30,2026-08-14,Pouch Machine,,,,,,,hours this line actually worked,13.05,running hours,783,280,,,,,,,,,3,13.75,94.9,,,,VERIFIED-live,"first start 08:28, last stop 22:13, span 13.75 h, sum-of-segments 13.05 h, in-shift utilisation 95%, 1 run(s), 3 segments"
SHIFT_DAY,JIVO_OIL,2026-08-30T22:04:16+05:30,2026-08-17,10 Head,,,,,,,hours this line actually worked,11.93,running hours,716,375,,,,,,,,,3,13.27,89.9,,,,VERIFIED-live,"first start 08:36, last stop 21:52, span 13.27 h, sum-of-segments 11.93 h, in-shift utilisation 90%, 1 run(s), 3 segments"
SHIFT_DAY,JIVO_OIL,2026-08-30T22:04:16+05:30,2026-08-17,6 Head,,,,,,,hours this line actually worked,12.23,running hours,734,440,,,,,,,,,3,12.94,94.5,,,,VERIFIED-live,"first start 08:54, last stop 21:50, span 12.94 h, sum-of-segments 12.23 h, in-shift utilisation 95%, 1 run(s), 3 segments"
SHIFT_DAY,JIVO_OIL,2026-08-30T22:04:16+05:30,2026-08-17,Clear Pack,,,,,,,hours this line actually worked,12.18,running hours,731,640,,,,,,,,,3,12.96,94.0,,,,VERIFIED-live,"first start 08:54, last stop 21:51, span 12.96 h, sum-of-segments 12.18 h, in-shift utilisation 94%, 1 run(s), 3 segments"
SHIFT_DAY,JIVO_OIL,2026-08-30T22:04:16+05:30,2026-08-17,JP Machine,,,,,,,hours this line actually worked,12.57,running hours,754,505,,,,,,,,,3,13.32,94.4,,,,VERIFIED-live,"first start 08:33, last stop 21:52, span 13.32 h, sum-of-segments 12.57 h, in-shift utilisation 94%, 1 run(s), 3 segments"
SHIFT_DAY,JIVO_OIL,2026-08-30T22:04:16+05:30,2026-08-18,10 Head,,,,,,,hours this line actually worked,11.02,running hours,661,600,,,,,,,,,4,11.5,95.8,,,,VERIFIED-live,"first start 10:38, last stop 22:08, span 11.50 h, sum-of-segments 11.02 h, in-shift utilisation 96%, 1 run(s), 4 segments"
SHIFT_DAY,JIVO_OIL,2026-08-30T22:04:16+05:30,2026-08-18,6 Head,,,,,,,hours this line actually worked,11.45,running hours,687,0,,,,,,,,,1,11.46,99.9,,,,VERIFIED-live,"first start 10:38, last stop 22:05, span 11.46 h, sum-of-segments 11.45 h, in-shift utilisation 100%, 1 run(s), 1 segments"
SHIFT_DAY,JIVO_OIL,2026-08-30T22:04:16+05:30,2026-08-18,Clear Pack,,,,,,,hours this line actually worked,9.97,running hours,598,1120,,,,,,,,,4,11.48,86.8,,,,VERIFIED-live,"first start 10:38, last stop 22:06, span 11.48 h, sum-of-segments 9.97 h, in-shift utilisation 87%, 1 run(s), 4 segments"
SHIFT_DAY,JIVO_OIL,2026-08-30T22:04:16+05:30,2026-08-18,JP Machine,,,,,,,hours this line actually worked,10.0,running hours,600,795,,,,,,,,,4,11.49,87.0,,,,VERIFIED-live,"first start 10:38, last stop 22:07, span 11.49 h, sum-of-segments 10.00 h, in-shift utilisation 87%, 1 run(s), 4 segments"
SHIFT_DAY,JIVO_OIL,2026-08-30T22:04:16+05:30,2026-08-18,Tin Head,,,,,,,hours this line actually worked,11.53,running hours,692,0,,,,,,,,,2,21.28,54.2,,,,VERIFIED-live,"first start 13:46, last stop 11:03, span 21.28 h, sum-of-segments 11.53 h, in-shift utilisation 54%, 2 run(s), 2 segments"
SHIFT_DAY,JIVO_OIL,2026-08-30T22:04:16+05:30,2026-08-19,10 Head,,,,,,,hours this line actually worked,9.7,running hours,582,625,,,,,,,,,4,11.95,81.1,,,,VERIFIED-live,"first start 07:53, last stop 19:50, span 11.95 h, sum-of-segments 9.70 h, in-shift utilisation 81%, 1 run(s), 4 segments"
SHIFT_DAY,JIVO_OIL,2026-08-30T22:04:16+05:30,2026-08-19,6 Head,,,,,,,hours this line actually worked,12.47,running hours,748,320,,,,,,,,,5,11.93,104.5,,,,VERIFIED-live,"first start 07:53, last stop 19:49, span 11.93 h, sum-of-segments 12.47 h, in-shift utilisation 104%, 2 run(s), 5 segments"
SHIFT_DAY,JIVO_OIL,2026-08-30T22:04:16+05:30,2026-08-19,Clear Pack,,,,,,,hours this line actually worked,9.63,running hours,578,960,,,,,,,,,4,11.94,80.7,,,,VERIFIED-live,"first start 07:53, last stop 19:50, span 11.94 h, sum-of-segments 9.63 h, in-shift utilisation 81%, 1 run(s), 4 segments"
SHIFT_DAY,JIVO_OIL,2026-08-30T22:04:16+05:30,2026-08-19,JP Machine,,,,,,,hours this line actually worked,9.55,running hours,573,880,,,,,,,,,4,11.95,79.9,,,,VERIFIED-live,"first start 07:53, last stop 19:50, span 11.95 h, sum-of-segments 9.55 h, in-shift utilisation 80%, 1 run(s), 4 segments"
SHIFT_DAY,JIVO_OIL,2026-08-30T22:04:16+05:30,2026-08-19,Tin Head,,,,,,,hours this line actually worked,9.53,running hours,572,1280,,,,,,,,,4,11.65,81.8,,,,VERIFIED-live,"first start 08:10, last stop 19:49, span 11.65 h, sum-of-segments 9.53 h, in-shift utilisation 82%, 1 run(s), 4 segments"
SHIFT_DAY,JIVO_OIL,2026-08-30T22:04:16+05:30,2026-08-20,10 Head,,,,,,,hours this line actually worked,25.77,running hours,1546,0,,,,,,,,,1,25.78,99.9,,,,VERIFIED-live,"first start 08:30, last stop 10:17, span 25.78 h, sum-of-segments 25.77 h, in-shift utilisation 100%, 1 run(s), 1 segments"
SHIFT_DAY,JIVO_OIL,2026-08-30T22:04:16+05:30,2026-08-20,6 Head,,,,,,,hours this line actually worked,25.78,running hours,1547,0,,,,,,,,,1,25.8,100.0,,,,VERIFIED-live,"first start 08:30, last stop 10:18, span 25.80 h, sum-of-segments 25.78 h, in-shift utilisation 100%, 1 run(s), 1 segments"
SHIFT_DAY,JIVO_OIL,2026-08-30T22:04:16+05:30,2026-08-20,Clear Pack,,,,,,,hours this line actually worked,25.82,running hours,1549,0,,,,,,,,,1,25.82,100.0,,,,VERIFIED-live,"first start 08:30, last stop 10:19, span 25.82 h, sum-of-segments 25.82 h, in-shift utilisation 100%, 1 run(s), 1 segments"
SHIFT_DAY,JIVO_OIL,2026-08-30T22:04:16+05:30,2026-08-20,JP Machine,,,,,,,hours this line actually worked,25.8,running hours,1548,0,,,,,,,,,1,25.81,100.0,,,,VERIFIED-live,"first start 08:30, last stop 10:19, span 25.81 h, sum-of-segments 25.80 h, in-shift utilisation 100%, 1 run(s), 1 segments"
SHIFT_DAY,JIVO_OIL,2026-08-30T22:04:16+05:30,2026-08-21,10 Head,,,,,,,hours this line actually worked,23.85,running hours,1431,315,,,,,,,,,2,24.69,96.6,,,,VERIFIED-live,"first start 09:06, last stop 09:48, span 24.69 h, sum-of-segments 23.85 h, in-shift utilisation 97%, 1 run(s), 2 segments"
SHIFT_DAY,JIVO_OIL,2026-08-30T22:04:16+05:30,2026-08-21,6 Head,,,,,,,hours this line actually worked,23.85,running hours,1431,0,,,,,,,,,2,24.69,96.6,,,,VERIFIED-live,"first start 09:06, last stop 09:47, span 24.69 h, sum-of-segments 23.85 h, in-shift utilisation 97%, 1 run(s), 2 segments"
SHIFT_DAY,JIVO_OIL,2026-08-30T22:04:16+05:30,2026-08-21,Clear Pack,,,,,,,hours this line actually worked,23.85,running hours,1431,600,,,,,,,,,2,24.67,96.7,,,,VERIFIED-live,"first start 09:06, last stop 09:46, span 24.67 h, sum-of-segments 23.85 h, in-shift utilisation 97%, 1 run(s), 2 segments"
SHIFT_DAY,JIVO_OIL,2026-08-30T22:04:16+05:30,2026-08-21,JP Machine,,,,,,,hours this line actually worked,23.85,running hours,1431,0,,,,,,,,,2,24.68,96.6,,,,VERIFIED-live,"first start 09:06, last stop 09:47, span 24.68 h, sum-of-segments 23.85 h, in-shift utilisation 97%, 1 run(s), 2 segments"
SHIFT_DAY,JIVO_OIL,2026-08-30T22:04:16+05:30,2026-08-22,10 Head,,,,,,,hours this line actually worked,20.38,running hours,1223,900,,,,,,,,,4,22.79,89.4,,,,VERIFIED-live,"first start 10:12, last stop 08:59, span 22.79 h, sum-of-segments 20.38 h, in-shift utilisation 89%, 1 run(s), 4 segments"
SHIFT_DAY,JIVO_OIL,2026-08-30T22:04:16+05:30,2026-08-22,6 Head,,,,,,,hours this line actually worked,36.7,running hours,2202,1610,,,,,,,,,5,22.8,161.0,,,,VERIFIED-live,"first start 10:12, last stop 09:00, span 22.80 h, sum-of-segments 36.70 h, in-shift utilisation 161%, 2 run(s), 5 segments"
SHIFT_DAY,JIVO_OIL,2026-08-30T22:04:16+05:30,2026-08-22,Clear Pack,,,,,,,hours this line actually worked,20.8,running hours,1248,1560,,,,,,,,,4,22.8,91.2,,,,VERIFIED-live,"first start 10:12, last stop 08:59, span 22.80 h, sum-of-segments 20.80 h, in-shift utilisation 91%, 1 run(s), 4 segments"
SHIFT_DAY,JIVO_OIL,2026-08-30T22:04:16+05:30,2026-08-22,JP Machine,,,,,,,hours this line actually worked,21.38,running hours,1283,0,,,,,,,,,3,22.79,93.8,,,,VERIFIED-live,"first start 10:12, last stop 08:59, span 22.79 h, sum-of-segments 21.38 h, in-shift utilisation 94%, 1 run(s), 3 segments"
SHIFT_DAY,JIVO_OIL,2026-08-30T22:04:16+05:30,2026-08-24,10 Head,,,,,,,hours this line actually worked,10.05,running hours,603,225,,,,,,,,,2,10.59,94.9,,,,VERIFIED-live,"first start 12:37, last stop 23:12, span 10.59 h, sum-of-segments 10.05 h, in-shift utilisation 95%, 1 run(s), 2 segments"
SHIFT_DAY,JIVO_OIL,2026-08-30T22:04:16+05:30,2026-08-24,6 Head,,,,,,,hours this line actually worked,10.0,running hours,600,160,,,,,,,,,2,10.59,94.4,,,,VERIFIED-live,"first start 12:37, last stop 23:12, span 10.59 h, sum-of-segments 10.00 h, in-shift utilisation 94%, 1 run(s), 2 segments"
SHIFT_DAY,JIVO_OIL,2026-08-30T22:04:16+05:30,2026-08-24,Clear Pack,,,,,,,hours this line actually worked,9.98,running hours,599,440,,,,,,,,,2,10.6,94.2,,,,VERIFIED-live,"first start 12:37, last stop 23:12, span 10.60 h, sum-of-segments 9.98 h, in-shift utilisation 94%, 1 run(s), 2 segments"
SHIFT_DAY,JIVO_OIL,2026-08-30T22:04:16+05:30,2026-08-24,JP Machine,,,,,,,hours this line actually worked,9.98,running hours,599,46,,,,,,,,,2,10.6,94.2,,,,VERIFIED-live,"first start 12:37, last stop 23:13, span 10.60 h, sum-of-segments 9.98 h, in-shift utilisation 94%, 1 run(s), 2 segments"
SHIFT_DAY,JIVO_OIL,2026-08-30T22:04:16+05:30,2026-08-25,10 Head,,,,,,,hours this line actually worked,3.72,running hours,223,0,,,,,,,,,2,4.19,88.6,,,,VERIFIED-live,"first start 09:11, last stop 13:23, span 4.19 h, sum-of-segments 3.72 h, in-shift utilisation 89%, 1 run(s), 2 segments"
SHIFT_DAY,JIVO_OIL,2026-08-30T22:04:16+05:30,2026-08-25,6 Head,,,,,,,hours this line actually worked,11.6,running hours,696,208,,,,,,,,,6,25.89,44.8,,,,VERIFIED-live,"first start 09:12, last stop 11:05, span 25.89 h, sum-of-segments 11.60 h, in-shift utilisation 45%, 3 run(s), 6 segments"
SHIFT_DAY,JIVO_OIL,2026-08-30T22:04:16+05:30,2026-08-25,Clear Pack,,,,,,,hours this line actually worked,7.82,running hours,469,960,,,,,,,,,3,11.46,68.2,,,,VERIFIED-live,"first start 09:13, last stop 20:40, span 11.46 h, sum-of-segments 7.82 h, in-shift utilisation 68%, 1 run(s), 3 segments"
SHIFT_DAY,JIVO_OIL,2026-08-30T22:04:16+05:30,2026-08-25,JP Machine,,,,,,,hours this line actually worked,7.0,running hours,420,0,,,,,,,,,3,8.84,79.2,,,,VERIFIED-live,"first start 11:50, last stop 20:40, span 8.84 h, sum-of-segments 7.00 h, in-shift utilisation 79%, 3 run(s), 3 segments"
SHIFT_DAY,JIVO_OIL,2026-08-30T22:04:16+05:30,2026-08-25,Pouch Machine,,,,,,,hours this line actually worked,5.93,running hours,356,150,,,,,,,,,3,6.95,85.3,,,,VERIFIED-live,"first start 09:15, last stop 16:12, span 6.95 h, sum-of-segments 5.93 h, in-shift utilisation 85%, 1 run(s), 3 segments"
SHIFT_DAY,JIVO_OIL,2026-08-30T22:04:16+05:30,2026-08-26,10 Head,,,,,,,hours this line actually worked,2.38,running hours,143,0,,,,,,,,,2,1.21,196.8,,,,VERIFIED-live,"first start 09:53, last stop 11:05, span 1.21 h, sum-of-segments 2.38 h, in-shift utilisation 197%, 2 run(s), 2 segments"
SHIFT_DAY,JIVO_OIL,2026-08-30T22:04:16+05:30,2026-08-26,6 Head,,,,,,,hours this line actually worked,1.18,running hours,71,0,,,,,,,,,1,1.19,99.2,,,,VERIFIED-live,"first start 09:53, last stop 11:04, span 1.19 h, sum-of-segments 1.18 h, in-shift utilisation 99%, 1 run(s), 1 segments"
SHIFT_DAY,JIVO_OIL,2026-08-30T22:04:16+05:30,2026-08-26,Clear Pack,,,,,,,hours this line actually worked,1.18,running hours,71,0,,,,,,,,,1,1.19,99.0,,,,VERIFIED-live,"first start 09:53, last stop 11:04, span 1.19 h, sum-of-segments 1.18 h, in-shift utilisation 99%, 1 run(s), 1 segments"
SHIFT_DAY,JIVO_OIL,2026-08-30T22:04:16+05:30,2026-08-26,JP Machine,,,,,,,hours this line actually worked,1.13,running hours,68,135,,,,,,,,,1,1.14,99.3,,,,VERIFIED-live,"first start 09:53, last stop 11:01, span 1.14 h, sum-of-segments 1.13 h, in-shift utilisation 99%, 1 run(s), 1 segments"
SHIFT_DAY,JIVO_OIL,2026-08-30T22:04:16+05:30,2026-08-27,10 Head,,,,,,,hours this line actually worked,6.7,running hours,402,1190,,,,,,,,,3,6.89,97.3,,,,VERIFIED-live,"first start 09:00, last stop 15:53, span 6.89 h, sum-of-segments 6.70 h, in-shift utilisation 97%, 1 run(s), 3 segments"
SHIFT_DAY,JIVO_OIL,2026-08-30T22:04:16+05:30,2026-08-27,6 Head,,,,,,,hours this line actually worked,5.67,running hours,340,572,,,,,,,,,3,10.04,56.4,,,,VERIFIED-live,"first start 08:59, last stop 19:02, span 10.04 h, sum-of-segments 5.67 h, in-shift utilisation 56%, 1 run(s), 3 segments"
SHIFT_DAY,JIVO_OIL,2026-08-30T22:04:16+05:30,2026-08-27,Clear Pack,,,,,,,hours this line actually worked,8.67,running hours,520,1080,,,,,,,,,4,10.03,86.4,,,,VERIFIED-live,"first start 08:59, last stop 19:01, span 10.03 h, sum-of-segments 8.67 h, in-shift utilisation 86%, 1 run(s), 4 segments"
SHIFT_DAY,JIVO_OIL,2026-08-30T22:04:16+05:30,2026-08-27,JP Machine,,,,,,,hours this line actually worked,8.7,running hours,522,630,,,,,,,,,4,10.02,86.8,,,,VERIFIED-live,"first start 09:00, last stop 19:01, span 10.02 h, sum-of-segments 8.70 h, in-shift utilisation 87%, 1 run(s), 4 segments"
SHIFT_DAY,JIVO_OIL,2026-08-30T22:04:16+05:30,2026-08-29,10 Head,,,,,,,hours this line actually worked,19.98,running hours,1199,560,,,,,,,,,5,25.9,77.2,,,,VERIFIED-live,"first start 11:42, last stop 13:36, span 25.90 h, sum-of-segments 19.98 h, in-shift utilisation 77%, 1 run(s), 5 segments"
SHIFT_DAY,JIVO_OIL,2026-08-30T22:04:16+05:30,2026-08-29,6 Head,,,,,,,hours this line actually worked,19.98,running hours,1199,911,,,,,,,,,3,20.24,98.7,,,,VERIFIED-live,"first start 11:42, last stop 07:56, span 20.24 h, sum-of-segments 19.98 h, in-shift utilisation 99%, 1 run(s), 3 segments"
SHIFT_DAY,JIVO_OIL,2026-08-30T22:04:16+05:30,2026-08-29,Clear Pack,,,,,,,hours this line actually worked,20.15,running hours,1209,1205,,,,,,,,,4,20.19,99.8,,,,VERIFIED-live,"first start 11:44, last stop 07:56, span 20.19 h, sum-of-segments 20.15 h, in-shift utilisation 100%, 1 run(s), 4 segments"
SHIFT_DAY,JIVO_OIL,2026-08-30T22:04:16+05:30,2026-08-29,JP Machine,,,,,,,hours this line actually worked,19.97,running hours,1198,645,,,,,,,,,4,20.23,98.7,,,,VERIFIED-live,"first start 11:42, last stop 07:56, span 20.23 h, sum-of-segments 19.97 h, in-shift utilisation 99%, 1 run(s), 4 segments"
SHIFT_DAY,JIVO_OIL,2026-08-30T22:04:16+05:30,2026-08-30,10 Head,,,,,,,hours this line actually worked,7.37,running hours,442,585,,,,,,,,,5,9.59,76.8,,,,VERIFIED-live,"first start 09:29, last stop 19:04, span 9.59 h, sum-of-segments 7.37 h, in-shift utilisation 77%, 2 run(s), 5 segments"
SHIFT_DAY,JIVO_OIL,2026-08-30T22:04:16+05:30,2026-08-30,6 Head,,,,,,,hours this line actually worked,8.05,running hours,483,840,,,,,,,,,5,9.6,83.9,,,,VERIFIED-live,"first start 09:29, last stop 19:05, span 9.60 h, sum-of-segments 8.05 h, in-shift utilisation 84%, 2 run(s), 5 segments"
SHIFT_DAY,JIVO_OIL,2026-08-30T22:04:16+05:30,2026-08-30,Clear Pack,,,,,,,hours this line actually worked,8.25,running hours,495,1515,,,,,,,,,4,9.6,86.0,,,,VERIFIED-live,"first start 09:29, last stop 19:05, span 9.60 h, sum-of-segments 8.25 h, in-shift utilisation 86%, 1 run(s), 4 segments"
SHIFT_DAY,JIVO_OIL,2026-08-30T22:04:16+05:30,2026-08-30,JP Machine,,,,,,,hours this line actually worked,8.18,running hours,491,1080,,,,,,,,,4,9.6,85.2,,,,VERIFIED-live,"first start 09:29, last stop 19:05, span 9.60 h, sum-of-segments 8.18 h, in-shift utilisation 85%, 1 run(s), 4 segments"
SHIFT_DAY,JIVO_OIL,2026-08-30T22:04:16+05:30,2026-08-30,Pouch Machine,,,,,,,hours this line actually worked,6.87,running hours,412,1012,,,,,,,,,4,8.17,84.1,,,,VERIFIED-live,"first start 10:54, last stop 19:05, span 8.17 h, sum-of-segments 6.87 h, in-shift utilisation 84%, 1 run(s), 4 segments"
SKU_LINE_MAP,JIVO_OIL,2026-08-30T22:04:16+05:30,,10 Head,,,FG0000142,COLD PRESS GROUNDNUT OIL 1 LTR 16 PCS,,,which line this SKU has actually run on (derived from run history - the app stores NO SKU->machine map for Oil),10 Head (20/34 runs),,,,,,,,,,4 LINES,,34,,,,,,VERIFIED-live,10 Head=20; JP Machine=7; Clear Pack=4; 6 Head=3
SKU_LINE_MAP,JIVO_OIL,2026-08-30T22:04:16+05:30,,JP Machine,,,FG0000030,MUSTARD KACHI GHANI 1 LTR 20 PCS,,,which line this SKU has actually run on (derived from run history - the app stores NO SKU->machine map for Oil),JP Machine (18/19 runs),,,,,,,,,,2 LINES,,19,,,,,,VERIFIED-live,JP Machine=18; Manual=1
SKU_LINE_MAP,JIVO_OIL,2026-08-30T22:04:16+05:30,,Clear Pack,,,FG0000081,COLD PRESS SUNFLOWER 1 LTR 20 PCS,,,which line this SKU has actually run on (derived from run history - the app stores NO SKU->machine map for Oil),Clear Pack (11/14 runs),,,,,,,,,,2 LINES,,14,,,,,,VERIFIED-live,Clear Pack=11; 10 Head=3
SKU_LINE_MAP,JIVO_OIL,2026-08-30T22:04:16+05:30,,Clear Pack,,,FG0000032,COLD PRESS 1 LTR 20 PCS,,,which line this SKU has actually run on (derived from run history - the app stores NO SKU->machine map for Oil),Clear Pack (4/5 runs),,,,,,,,,,2 LINES,,5,,,,,,VERIFIED-live,Clear Pack=4; 10 Head=1
SKU_LINE_MAP,JIVO_OIL,2026-08-30T22:04:16+05:30,,10 Head,,,FG0000028,POMACE OLIVE 1 LTR 16 PCS,,,which line this SKU has actually run on (derived from run history - the app stores NO SKU->machine map for Oil),10 Head (4/5 runs),,,,,,,,,,2 LINES,,5,,,,,,VERIFIED-live,10 Head=4; Clear Pack=1
SKU_LINE_MAP,JIVO_OIL,2026-08-30T22:04:16+05:30,,Clear Pack,,,FG0000143,COLD PRESS GROUNDNUT OIL 5 LTR 4 PCS,,,which line this SKU has actually run on (derived from run history - the app stores NO SKU->machine map for Oil),Clear Pack (4/5 runs),,,,,,,,,,2 LINES,,5,,,,,,VERIFIED-live,Clear Pack=4; 6 Head=1
SKU_LINE_MAP,JIVO_OIL,2026-08-30T22:04:16+05:30,,Clear Pack,,,FG0000053,COLD PRESS SUNFLOWER 5 LTR 4 PCS,,,which line this SKU has actually run on (derived from run history - the app stores NO SKU->machine map for Oil),Clear Pack (4/5 runs),,,,,,,,,,2 LINES,,5,,,,,,VERIFIED-live,Clear Pack=4; 6 Head=1
SKU_LINE_MAP,JIVO_OIL,2026-08-30T22:04:16+05:30,,10 Head,,,FG0000320,YELLOW MUSTARD OIL 1 LTR 16 PCS,,,which line this SKU has actually run on (derived from run history - the app stores NO SKU->machine map for Oil),10 Head (2/3 runs),,,,,,,,,,2 LINES,,3,,,,,,VERIFIED-live,10 Head=2; 6 Head=1
SKU_LINE_MAP,JIVO_OIL,2026-08-30T22:04:16+05:30,,Clear Pack,,,FG0000150,SANO POMACE OLIVE 1 LTR 16 PCS,,,which line this SKU has actually run on (derived from run history - the app stores NO SKU->machine map for Oil),Clear Pack (1/2 runs),,,,,,,,,,2 LINES,,2,,,,,,VERIFIED-live,Clear Pack=1; 10 Head=1
SKU_LINE_MAP,JIVO_OIL,2026-08-30T22:04:16+05:30,,Clear Pack,,,FG0000004,COLD PRESS 5 LTR 4 PCS,,,which line this SKU has actually run on (derived from run history - the app stores NO SKU->machine map for Oil),Clear Pack (10/10 runs),,,,,,,,,,SINGLE LINE,,10,,,,,,VERIFIED-live,Clear Pack=10
SKU_LINE_MAP,JIVO_OIL,2026-08-30T22:04:16+05:30,,6 Head,,,FG0000008,POMACE OLIVE 5 LTR TIN 4 PCS,,,which line this SKU has actually run on (derived from run history - the app stores NO SKU->machine map for Oil),6 Head (8/8 runs),,,,,,,,,,SINGLE LINE,,8,,,,,,VERIFIED-live,6 Head=8
SKU_LINE_MAP,JIVO_OIL,2026-08-30T22:04:16+05:30,,JP Machine,,,FG0000379,MUSTARD KACHI GHANI 1 LTR 20 PCS ROUND BOTTLE,,,which line this SKU has actually run on (derived from run history - the app stores NO SKU->machine map for Oil),JP Machine (7/7 runs),,,,,,,,,,SINGLE LINE,,7,,,,,,VERIFIED-live,JP Machine=7
SKU_LINE_MAP,JIVO_OIL,2026-08-30T22:04:16+05:30,,10 Head,,,FG0000085,COLD PRESS SOYABEAN 5 LTR 4 PCS,,,which line this SKU has actually run on (derived from run history - the app stores NO SKU->machine map for Oil),10 Head (6/6 runs),,,,,,,,,,SINGLE LINE,,6,,,,,,VERIFIED-live,10 Head=6
SKU_LINE_MAP,JIVO_OIL,2026-08-30T22:04:16+05:30,,10 Head,,,FG0000005,EXTRA LIGHT OLIVE 1 LTR 16 PCS,,,which line this SKU has actually run on (derived from run history - the app stores NO SKU->machine map for Oil),10 Head (5/5 runs),,,,,,,,,,SINGLE LINE,,5,,,,,,VERIFIED-live,10 Head=5
SKU_LINE_MAP,JIVO_OIL,2026-08-30T22:04:16+05:30,,6 Head,,,FG0000151,SANO POMACE OLIVE 5 LTR TIN 4 PCS,,,which line this SKU has actually run on (derived from run history - the app stores NO SKU->machine map for Oil),6 Head (4/4 runs),,,,,,,,,,SINGLE LINE,,4,,,,,,VERIFIED-live,6 Head=4
SKU_LINE_MAP,JIVO_OIL,2026-08-30T22:04:16+05:30,,10 Head,,,FG0000042,EXTRA VIRGIN OLIVE 1 LTR 16 PCS,,,which line this SKU has actually run on (derived from run history - the app stores NO SKU->machine map for Oil),10 Head (4/4 runs),,,,,,,,,,SINGLE LINE,,4,,,,,,VERIFIED-live,10 Head=4
SKU_LINE_MAP,JIVO_OIL,2026-08-30T22:04:16+05:30,,6 Head,,,FG0000043,COLD PRESS 3 LTR 6 PCS,,,which line this SKU has actually run on (derived from run history - the app stores NO SKU->machine map for Oil),6 Head (4/4 runs),,,,,,,,,,SINGLE LINE,,4,,,,,,VERIFIED-live,6 Head=4
SKU_LINE_MAP,JIVO_OIL,2026-08-30T22:04:16+05:30,,6 Head,,,FG0000011,MUSTARD KACCHI GHANI 5 LTR 4 PCS,,,which line this SKU has actually run on (derived from run history - the app stores NO SKU->machine map for Oil),6 Head (4/4 runs),,,,,,,,,,SINGLE LINE,,4,,,,,,VERIFIED-live,6 Head=4
SKU_LINE_MAP,JIVO_OIL,2026-08-30T22:04:16+05:30,,6 Head,,,FG0000306,YELLOW MUSTARD OIL 1 LTR 20 PCS,,,which line this SKU has actually run on (derived from run history - the app stores NO SKU->machine map for Oil),6 Head (4/4 runs),,,,,,,,,,SINGLE LINE,,4,,,,,,VERIFIED-live,6 Head=4
SKU_LINE_MAP,JIVO_OIL,2026-08-30T22:04:16+05:30,,Pouch Machine,,,FG0000359,SOYABEAN OIL 750 GMS 12 PCS POUCH,,,which line this SKU has actually run on (derived from run history - the app stores NO SKU->machine map for Oil),Pouch Machine (4/4 runs),,,,,,,,,,SINGLE LINE,,4,,,,,,VERIFIED-live,Pouch Machine=4
SKU_LINE_MAP,JIVO_OIL,2026-08-30T22:04:16+05:30,,10 Head,,,FG0000227,RICE BRAN OIL 1 LTR 16 PCS,,,which line this SKU has actually run on (derived from run history - the app stores NO SKU->machine map for Oil),10 Head (4/4 runs),,,,,,,,,,SINGLE LINE,,4,,,,,,VERIFIED-live,10 Head=4
SKU_LINE_MAP,JIVO_OIL,2026-08-30T22:04:16+05:30,,6 Head,,,FG0000374,YELLOW MUSTARD OIL 5 LTR TIN 4 PCS,,,which line this SKU has actually run on (derived from run history - the app stores NO SKU->machine map for Oil),6 Head (3/3 runs),,,,,,,,,,SINGLE LINE,,3,,,,,,VERIFIED-live,6 Head=3
SKU_LINE_MAP,JIVO_OIL,2026-08-30T22:04:16+05:30,,Clear Pack,,,FG0000407,COLD PRESS 1 LTR (NIRMAL RISHI )20 PCS,,,which line this SKU has actually run on (derived from run history - the app stores NO SKU->machine map for Oil),Clear Pack (3/3 runs),,,,,,,,,,SINGLE LINE,,3,,,,,,VERIFIED-live,Clear Pack=3
SKU_LINE_MAP,JIVO_OIL,2026-08-30T22:04:16+05:30,,JP Machine,,,FG0000422,JIVO MUSTARD KACCHI GHANI 869 GMS 20 PCS,,,which line this SKU has actually run on (derived from run history - the app stores NO SKU->machine map for Oil),JP Machine (3/3 runs),,,,,,,,,,SINGLE LINE,,3,,,,,,VERIFIED-live,JP Machine=3
SKU_LINE_MAP,JIVO_OIL,2026-08-30T22:04:16+05:30,,6 Head,,,FG0000038,MUSTARD KACCHI GHANI 2 LTR 10 PCS,,,which line this SKU has actually run on (derived from run history - the app stores NO SKU->machine map for Oil),6 Head (3/3 runs),,,,,,,,,,SINGLE LINE,,3,,,,,,VERIFIED-live,6 Head=3
SKU_LINE_MAP,JIVO_OIL,2026-08-30T22:04:16+05:30,,Clear Pack,,,FG0000429,MUSTARD KACHI GHANI 1 LTR + 1 LTR COMBO 10 SET PLAIN,,,which line this SKU has actually run on (derived from run history - the app stores NO SKU->machine map for Oil),Clear Pack (3/3 runs),,,,,,,,,,SINGLE LINE,,3,,,,,,VERIFIED-live,Clear Pack=3
SKU_LINE_MAP,JIVO_OIL,2026-08-30T22:04:16+05:30,,6 Head,,,FG0000226,RICE BRAN OIL 5 LTR 4 PCS,,,which line this SKU has actually run on (derived from run history - the app stores NO SKU->machine map for Oil),6 Head (3/3 runs),,,,,,,,,,SINGLE LINE,,3,,,,,,VERIFIED-live,6 Head=3
SKU_LINE_MAP,JIVO_OIL,2026-08-30T22:04:16+05:30,,JP Machine,,,FG0000136,SANO MUSTARD OIL 1 LTR 20 PCS,,,which line this SKU has actually run on (derived from run history - the app stores NO SKU->machine map for Oil),JP Machine (3/3 runs),,,,,,,,,,SINGLE LINE,,3,,,,,,VERIFIED-live,JP Machine=3
SKU_LINE_MAP,JIVO_OIL,2026-08-30T22:04:16+05:30,,Clear Pack,,,FG0000091,COLD PRESS SUNFLOWER 1 LTR +1 LTR COMBO 10 SET PLAIN,,,which line this SKU has actually run on (derived from run history - the app stores NO SKU->machine map for Oil),Clear Pack (3/3 runs),,,,,,,,,,SINGLE LINE,,3,,,,,,VERIFIED-live,Clear Pack=3
SKU_LINE_MAP,JIVO_OIL,2026-08-30T22:04:16+05:30,,10 Head,,,FG0000064,EXTRA LIGHT OIVE 2 LTR 10 PCS HANDLE,,,which line this SKU has actually run on (derived from run history - the app stores NO SKU->machine map for Oil),10 Head (2/2 runs),,,,,,,,,,SINGLE LINE,,2,,,,,,VERIFIED-live,10 Head=2
SKU_LINE_MAP,JIVO_OIL,2026-08-30T22:04:16+05:30,,6 Head,,,FG0000128,JIVO GOLD 5 LTR 4 PCS,,,which line this SKU has actually run on (derived from run history - the app stores NO SKU->machine map for Oil),6 Head (2/2 runs),,,,,,,,,,SINGLE LINE,,2,,,,,,VERIFIED-live,6 Head=2
SKU_LINE_MAP,JIVO_OIL,2026-08-30T22:04:16+05:30,,JP Machine,,,FG0000449,MUSTARD KACHI GHANI 200 ML 70 PCS,,,which line this SKU has actually run on (derived from run history - the app stores NO SKU->machine map for Oil),JP Machine (2/2 runs),,,,,,,,,,SINGLE LINE,,2,,,,,,VERIFIED-live,JP Machine=2
SKU_LINE_MAP,JIVO_OIL,2026-08-30T22:04:16+05:30,,6 Head,,,FG0000029,MUSTARD PAKKI GHANI 2 LTR 10 PCS,,,which line this SKU has actually run on (derived from run history - the app stores NO SKU->machine map for Oil),6 Head (2/2 runs),,,,,,,,,,SINGLE LINE,,2,,,,,,VERIFIED-live,6 Head=2
SKU_LINE_MAP,JIVO_OIL,2026-08-30T22:04:16+05:30,,Tin Head,,,FG0000015,REFINED OIL 15 LTR,,,which line this SKU has actually run on (derived from run history - the app stores NO SKU->machine map for Oil),Tin Head (2/2 runs),,,,,,,,,,SINGLE LINE,,2,,,,,,VERIFIED-live,Tin Head=2
SKU_LINE_MAP,JIVO_OIL,2026-08-30T22:04:16+05:30,,6 Head,,,FG0000192,SOYABEAN OIL 5 LTR 4 PCS,,,which line this SKU has actually run on (derived from run history - the app stores NO SKU->machine map for Oil),6 Head (2/2 runs),,,,,,,,,,SINGLE LINE,,2,,,,,,VERIFIED-live,6 Head=2
SKU_LINE_MAP,JIVO_OIL,2026-08-30T22:04:16+05:30,,6 Head,,,FG0000070,COLD PRESS 2 LTR 10 PCS HANDLE,,,which line this SKU has actually run on (derived from run history - the app stores NO SKU->machine map for Oil),6 Head (2/2 runs),,,,,,,,,,SINGLE LINE,,2,,,,,,VERIFIED-live,6 Head=2
SKU_LINE_MAP,JIVO_OIL,2026-08-30T22:04:16+05:30,,Pouch Machine,,,FG0000299,SOYABEAN OIL 700 GMS POUCH 12 PCS,,,which line this SKU has actually run on (derived from run history - the app stores NO SKU->machine map for Oil),Pouch Machine (2/2 runs),,,,,,,,,,SINGLE LINE,,2,,,,,,VERIFIED-live,Pouch Machine=2
SKU_LINE_MAP,JIVO_OIL,2026-08-30T22:04:16+05:30,,10 Head,,,SL0000043,COLD PRESS GROUNDNUT  1 LTR,,,which line this SKU has actually run on (derived from run history - the app stores NO SKU->machine map for Oil),10 Head (2/2 runs),,,,,,,,,,SINGLE LINE,,2,,,,,,VERIFIED-live,10 Head=2
SKU_LINE_MAP,JIVO_OIL,2026-08-30T22:04:16+05:30,,6 Head,,,FG0000228,SO OLIVE OIL 1 LTR 16 PCS,,,which line this SKU has actually run on (derived from run history - the app stores NO SKU->machine map for Oil),6 Head (2/2 runs),,,,,,,,,,SINGLE LINE,,2,,,,,,VERIFIED-live,6 Head=2
SKU_LINE_MAP,JIVO_OIL,2026-08-30T22:04:16+05:30,,Pouch Machine,,,FG0000194,SOYABEAN OIL 1 LTR POUCH 12 PCS,,,which line this SKU has actually run on (derived from run history - the app stores NO SKU->machine map for Oil),Pouch Machine (1/1 runs),,,,,,,,,,SINGLE LINE,,1,,,,,,VERIFIED-live,Pouch Machine=1
SKU_LINE_MAP,JIVO_OIL,2026-08-30T22:04:16+05:30,,Pouch Machine,,,FG0000021,REFINED OIL 1 LTR POUCH 12 PCS,,,which line this SKU has actually run on (derived from run history - the app stores NO SKU->machine map for Oil),Pouch Machine (1/1 runs),,,,,,,,,,SINGLE LINE,,1,,,,,,VERIFIED-live,Pouch Machine=1
SKU_LINE_MAP,JIVO_OIL,2026-08-30T22:04:16+05:30,,JP Machine,,,FG0000031,MUSTARD PAKKI GHANI 1 LTR 20 PCS,,,which line this SKU has actually run on (derived from run history - the app stores NO SKU->machine map for Oil),JP Machine (1/1 runs),,,,,,,,,,SINGLE LINE,,1,,,,,,VERIFIED-live,JP Machine=1
SKU_LINE_MAP,JIVO_OIL,2026-08-30T22:04:16+05:30,,6 Head,,,FG0000012,MUSTARD PAKKI GHANI 5 LTR 4 PCS,,,which line this SKU has actually run on (derived from run history - the app stores NO SKU->machine map for Oil),6 Head (1/1 runs),,,,,,,,,,SINGLE LINE,,1,,,,,,VERIFIED-live,6 Head=1
SKU_LINE_MAP,JIVO_OIL,2026-08-30T22:04:16+05:30,,Tin Head,,,FG0000367,SANO POMACE OLIVE OIL 15 L,,,which line this SKU has actually run on (derived from run history - the app stores NO SKU->machine map for Oil),Tin Head (1/1 runs),,,,,,,,,,SINGLE LINE,,1,,,,,,VERIFIED-live,Tin Head=1
SKU_LINE_MAP,JIVO_OIL,2026-08-30T22:04:16+05:30,,Pouch Machine,,,FG0000106,MUSTARD KACHHI GHANI 1 LTR POUCH 12 PCS,,,which line this SKU has actually run on (derived from run history - the app stores NO SKU->machine map for Oil),Pouch Machine (1/1 runs),,,,,,,,,,SINGLE LINE,,1,,,,,,VERIFIED-live,Pouch Machine=1
SKU_LINE_MAP,JIVO_OIL,2026-08-30T22:04:16+05:30,,6 Head,,,FG0000399,JIVO KACHI GHANI COLD PRESSED MUSTARD OIL 5 LTR 4 PCS ( CSD ),,,which line this SKU has actually run on (derived from run history - the app stores NO SKU->machine map for Oil),6 Head (1/1 runs),,,,,,,,,,SINGLE LINE,,1,,,,,,VERIFIED-live,6 Head=1
SKU_LINE_MAP,JIVO_OIL,2026-08-30T22:04:16+05:30,,JP Machine,,,FG0000400,JIVO KACHI GHANI COLD PRESSED MUSTARD OIL1 LTR 20 PCS(CSD),,,which line this SKU has actually run on (derived from run history - the app stores NO SKU->machine map for Oil),JP Machine (1/1 runs),,,,,,,,,,SINGLE LINE,,1,,,,,,VERIFIED-live,JP Machine=1
SKU_LINE_MAP,JIVO_OIL,2026-08-30T22:04:16+05:30,,6 Head,,,FG0000020,REFINED OIL 5 LTR,,,which line this SKU has actually run on (derived from run history - the app stores NO SKU->machine map for Oil),6 Head (1/1 runs),,,,,,,,,,SINGLE LINE,,1,,,,,,VERIFIED-live,6 Head=1
SKU_LINE_MAP,JIVO_OIL,2026-08-30T22:04:16+05:30,,6 Head,,,FG0000016,REFINED OIL 2 LTR,,,which line this SKU has actually run on (derived from run history - the app stores NO SKU->machine map for Oil),6 Head (1/1 runs),,,,,,,,,,SINGLE LINE,,1,,,,,,VERIFIED-live,6 Head=1
SKU_LINE_MAP,JIVO_OIL,2026-08-30T22:04:16+05:30,,Clear Pack,,,FG0000013,REFINED OIL 1000 MLS,,,which line this SKU has actually run on (derived from run history - the app stores NO SKU->machine map for Oil),Clear Pack (1/1 runs),,,,,,,,,,SINGLE LINE,,1,,,,,,VERIFIED-live,Clear Pack=1
SKU_LINE_MAP,JIVO_OIL,2026-08-30T22:04:16+05:30,,10 Head,,,FG0000446,EXTRA VIRGIN OLIVE 3 LTR TIN 3 PCS,,,which line this SKU has actually run on (derived from run history - the app stores NO SKU->machine map for Oil),10 Head (1/1 runs),,,,,,,,,,SINGLE LINE,,1,,,,,,VERIFIED-live,10 Head=1
SKU_LINE_MAP,JIVO_OIL,2026-08-30T22:04:16+05:30,,Clear Pack,,,FB0000016,COLD PRESS 5 LTR 4 PCS,,,which line this SKU has actually run on (derived from run history - the app stores NO SKU->machine map for Oil),Clear Pack (1/1 runs),,,,,,,,,,SINGLE LINE,,1,,,,,,VERIFIED-live,Clear Pack=1
SKU_LINE_MAP,JIVO_OIL,2026-08-30T22:04:16+05:30,,JP Machine,,,FG0000389,JIVO GOLD 1 LTR 20 PCS ROUND BOTTLE,,,which line this SKU has actually run on (derived from run history - the app stores NO SKU->machine map for Oil),JP Machine (1/1 runs),,,,,,,,,,SINGLE LINE,,1,,,,,,VERIFIED-live,JP Machine=1
SKU_LINE_MAP,JIVO_OIL,2026-08-30T22:04:16+05:30,,6 Head,,,FG0000074,EXTRA VIRGIN OLIVE 5 LTR TIN 4 PCS IMPORTED,,,which line this SKU has actually run on (derived from run history - the app stores NO SKU->machine map for Oil),6 Head (1/1 runs),,,,,,,,,,SINGLE LINE,,1,,,,,,VERIFIED-live,6 Head=1
SKU_LINE_MAP,JIVO_OIL,2026-08-30T22:04:16+05:30,,Clear Pack,,,FG0000033,COLD PRESS 1 LTR + 1 LTR COMBO 10 SET,,,which line this SKU has actually run on (derived from run history - the app stores NO SKU->machine map for Oil),Clear Pack (1/1 runs),,,,,,,,,,SINGLE LINE,,1,,,,,,VERIFIED-live,Clear Pack=1
SKU_LINE_MAP,JIVO_OIL,2026-08-30T22:04:16+05:30,,Tin Head,,,FG0000444,SOYABEAN OIL 12 KGS (B),,,which line this SKU has actually run on (derived from run history - the app stores NO SKU->machine map for Oil),Tin Head (1/1 runs),,,,,,,,,,SINGLE LINE,,1,,,,,,VERIFIED-live,Tin Head=1
SKU_LINE_MAP,JIVO_OIL,2026-08-30T22:04:16+05:30,,6 Head,,,FG0000114,POMACE OLIVE 2 LTR 10 PCS HANDLE,,,which line this SKU has actually run on (derived from run history - the app stores NO SKU->machine map for Oil),6 Head (1/1 runs),,,,,,,,,,SINGLE LINE,,1,,,,,,VERIFIED-live,6 Head=1
SKU_LINE_MAP,JIVO_OIL,2026-08-30T22:04:16+05:30,,Clear Pack,,,FG0000088,COLD PRESS 1 LTR +1 LTR COMBO 10 SET PLAIN,,,which line this SKU has actually run on (derived from run history - the app stores NO SKU->machine map for Oil),Clear Pack (1/1 runs),,,,,,,,,,SINGLE LINE,,1,,,,,,VERIFIED-live,Clear Pack=1
SKU_LINE_MAP,JIVO_OIL,2026-08-30T22:04:16+05:30,,6 Head,,,SL0000227,JIVO SO OLIVE 5 LTR,,,which line this SKU has actually run on (derived from run history - the app stores NO SKU->machine map for Oil),6 Head (1/1 runs),,,,,,,,,,SINGLE LINE,,1,,,,,,VERIFIED-live,6 Head=1
SKU_LINE_MAP,JIVO_OIL,2026-08-30T22:04:16+05:30,,10 Head,,,FG0000035,COLD PRESS 500 MLS 24 PCS,,,which line this SKU has actually run on (derived from run history - the app stores NO SKU->machine map for Oil),10 Head (1/1 runs),,,,,,,,,,SINGLE LINE,,1,,,,,,VERIFIED-live,10 Head=1
SKU_LINE_MAP,JIVO_OIL,2026-08-30T22:04:16+05:30,,Clear Pack,,,RM0000002,CANOLA COLD PRESS LOOSE OIL OLD,,,which line this SKU has actually run on (derived from run history - the app stores NO SKU->machine map for Oil),Clear Pack (1/1 runs),,,,,,,,,,SINGLE LINE,,1,,,,,,VERIFIED-live,Clear Pack=1
SKU_LINE_MAP,JIVO_OIL,2026-08-30T22:04:16+05:30,,Tin Head,,,FG0000169,REFINED COTTON SEED OIL 13 KGS,,,which line this SKU has actually run on (derived from run history - the app stores NO SKU->machine map for Oil),Tin Head (1/1 runs),,,,,,,,,,SINGLE LINE,,1,,,,,,VERIFIED-live,Tin Head=1
MATERIAL_TODAY,JIVO_OIL,2026-08-30T22:04:16+05:30,2026-08-30,Clear Pack,279,,PM0000408,CAPS 1 & 2 LTR WHITE AND GREEN PLAIN,,,BOM material pulled for this run,16000.0,PCS,,,,,,,,,APPROVED,,139267.0,,,,,,VERIFIED-live,"warehouse available 139,267.0; requested 16000.000; approved 16000.000; unit_price=1.2500"
MATERIAL_TODAY,JIVO_OIL,2026-08-30T22:04:16+05:30,2026-08-30,Clear Pack,279,,PM0000657,CARTON 1 LTR 16 PCS SANO,,,BOM material pulled for this run,1000.0,PCS,,,,,,,,,APPROVED,,6047.0,,,,,,VERIFIED-live,"warehouse available 6,047.0; requested 1000.000; approved 1000.000; unit_price=26.4700"
MATERIAL_TODAY,JIVO_OIL,2026-08-30T22:04:16+05:30,2026-08-30,Clear Pack,279,,JWPL09240001,FILLING COST CANOLA AND OLIVE,,,BOM material pulled for this run,16032.0,(cost resource),,,,,,,,,REJECTED,,0.0,,,,,,VERIFIED-live,warehouse available 0.0; requested 16032.000; approved 0.000; unit_price=None
MATERIAL_TODAY,JIVO_OIL,2026-08-30T22:04:16+05:30,2026-08-30,Clear Pack,279,,PM0000385,LABEL 1 LTR POMACE BACK SANO,,,BOM material pulled for this run,16000.0,PCS,,,,,,,,,APPROVED,,94177.0,,,,,,VERIFIED-live,"warehouse available 94,177.0; requested 16000.000; approved 16000.000; unit_price=0.3800"
MATERIAL_TODAY,JIVO_OIL,2026-08-30T22:04:16+05:30,2026-08-30,Clear Pack,279,,PM0000386,LABEL 1 LTR POMACE FRONT SANO,,,BOM material pulled for this run,16000.0,PCS,,,,,,,,,APPROVED,,94041.0,,,,,,VERIFIED-live,"warehouse available 94,041.0; requested 16000.000; approved 16000.000; unit_price=0.3800"
MATERIAL_TODAY,JIVO_OIL,2026-08-30T22:04:16+05:30,2026-08-30,Clear Pack,279,,RM0000001,LOOSE REFINED OLIVE OIL,,,BOM material pulled for this run,16032.0,LTR,,,,,,,,,APPROVED,,122738.4,,,,,,VERIFIED-live,"warehouse available 122,738.4; requested 16032.000; approved 16032.000; unit_price=305.0307"
MATERIAL_TODAY,JIVO_OIL,2026-08-30T22:04:16+05:30,2026-08-30,Clear Pack,279,,PM0000121,PET BOTTLE 1 LTR 52 GMS POMACE,,,BOM material pulled for this run,16000.0,PCS,,,,,,,,,APPROVED,,183878.0,,,,,,VERIFIED-live,"warehouse available 183,878.0; requested 16000.000; approved 16000.000; unit_price=8.8250"
MATERIAL_TODAY,JIVO_OIL,2026-08-30T22:04:16+05:30,2026-08-30,Clear Pack,279,,PM0000074,TAPE CELLO,,,BOM material pulled for this run,965.2,MTR,,,,,,,,,APPROVED,,725897.6,,,,,,VERIFIED-live,"warehouse available 725,897.6; requested 965.200; approved 965.200; unit_price=0.7000"
MATERIAL_TODAY,JIVO_OIL,2026-08-30T22:04:16+05:30,2026-08-30,JP Machine,280,,PM0000235,CAPS 1 LTR WHITE AND YELLOW SMALL PLAIN,,,BOM material pulled for this run,20000.0,PCS,,,,,,,,,APPROVED,,778295.0,,,,,,VERIFIED-live,"warehouse available 778,295.0; requested 20000.000; approved 20000.000; unit_price=0.8000"
MATERIAL_TODAY,JIVO_OIL,2026-08-30T22:04:16+05:30,2026-08-30,JP Machine,280,,PM0000411,CARTON 1 LTR 20 PCS PET 26GM,,,BOM material pulled for this run,1000.0,PCS,,,,,,,,,APPROVED,,26007.7,,,,,,VERIFIED-live,"warehouse available 26,007.7; requested 1000.000; approved 1000.000; unit_price=33.2800"
MATERIAL_TODAY,JIVO_OIL,2026-08-30T22:04:16+05:30,2026-08-30,JP Machine,280,,JWPL09240002,Filling Cost Commodities,,,BOM material pulled for this run,20000.0,(cost resource),,,,,,,,,REJECTED,,0.0,,,,,,VERIFIED-live,warehouse available 0.0; requested 20000.000; approved 0.000; unit_price=None
MATERIAL_TODAY,JIVO_OIL,2026-08-30T22:04:16+05:30,2026-08-30,JP Machine,280,,PM0000019,LABEL 1 LTR KACHCHI GHANI BACK,,,BOM material pulled for this run,20000.0,PCS,,,,,,,,,APPROVED,,526375.0,,,,,,VERIFIED-live,"warehouse available 526,375.0; requested 20000.000; approved 20000.000; unit_price=0.2500"
MATERIAL_TODAY,JIVO_OIL,2026-08-30T22:04:16+05:30,2026-08-30,JP Machine,280,,PM0000020,LABEL 1 LTR KACHCHI GHANI FRONT,,,BOM material pulled for this run,20000.0,PCS,,,,,,,,,APPROVED,,539676.0,,,,,,VERIFIED-live,"warehouse available 539,676.0; requested 20000.000; approved 20000.000; unit_price=0.2500"
MATERIAL_TODAY,JIVO_OIL,2026-08-30T22:04:16+05:30,2026-08-30,JP Machine,280,,RM0000003,MUSTARD LOOSE OIL,,,BOM material pulled for this run,20000.0,LTR,,,,,,,,,APPROVED,,249211.8,,,,,,VERIFIED-live,"warehouse available 249,211.8; requested 20000.000; approved 20000.000; unit_price=135.0205"
MATERIAL_TODAY,JIVO_OIL,2026-08-30T22:04:16+05:30,2026-08-30,JP Machine,280,,PM0000851,PET BOTTLE 1 LTR 26 GM,,,BOM material pulled for this run,20000.0,PCS,,,,,,,,,APPROVED,,283439.0,,,,,,VERIFIED-live,"warehouse available 283,439.0; requested 20000.000; approved 20000.000; unit_price=5.1000"
MATERIAL_TODAY,JIVO_OIL,2026-08-30T22:04:16+05:30,2026-08-30,JP Machine,280,,PM0000075,TAPE LOGO PRINTED,,,BOM material pulled for this run,1016.0,MTR,,,,,,,,,APPROVED,,1283414.4,,,,,,VERIFIED-live,"warehouse available 1,283,414.4; requested 1016.000; approved 1016.000; unit_price=0.8000"
MATERIAL_TODAY,JIVO_OIL,2026-08-30T22:04:16+05:30,2026-08-30,10 Head,281,,PM0000838,CARTON 2 LTR 10 PCS HANDLE BOTTLE PLAIN,,,BOM material pulled for this run,800.0,PCS,,,,,,,,,APPROVED,,1596.0,,,,,,VERIFIED-live,"warehouse available 1,596.0; requested 800.000; approved 800.000; unit_price=34.0000"
MATERIAL_TODAY,JIVO_OIL,2026-08-30T22:04:16+05:30,2026-08-30,10 Head,281,,JWPL09240001,FILLING COST CANOLA AND OLIVE,,,BOM material pulled for this run,16000.0,(cost resource),,,,,,,,,REJECTED,,0.0,,,,,,VERIFIED-live,warehouse available 0.0; requested 16000.000; approved 0.000; unit_price=None
MATERIAL_TODAY,JIVO_OIL,2026-08-30T22:04:16+05:30,2026-08-30,10 Head,281,,PM0000090,LABEL 2 LTR EXTRA LIGHT HANDLE BOTTLE BACK,,,BOM material pulled for this run,8000.0,PCS,,,,,,,,,APPROVED,,39524.0,,,,,,VERIFIED-live,"warehouse available 39,524.0; requested 8000.000; approved 8000.000; unit_price=0.9100"
MATERIAL_TODAY,JIVO_OIL,2026-08-30T22:04:16+05:30,2026-08-30,10 Head,281,,PM0000091,LABEL 2 LTR EXTRA LIGHT HANDLE BOTTLE FRONT,,,BOM material pulled for this run,8000.0,PCS,,,,,,,,,APPROVED,,39374.0,,,,,,VERIFIED-live,"warehouse available 39,374.0; requested 8000.000; approved 8000.000; unit_price=0.9100"
MATERIAL_TODAY,JIVO_OIL,2026-08-30T22:04:16+05:30,2026-08-30,10 Head,281,,RM0000001,LOOSE REFINED OLIVE OIL,,,BOM material pulled for this run,16000.0,LTR,,,,,,,,,APPROVED,,122738.4,,,,,,VERIFIED-live,"warehouse available 122,738.4; requested 16000.000; approved 16000.000; unit_price=305.0307"
MATERIAL_TODAY,JIVO_OIL,2026-08-30T22:04:16+05:30,2026-08-30,10 Head,281,,PM0000251,PET BOTTLE 2 LTR 80 GMS YELLOW HANDLE,,,BOM material pulled for this run,8000.0,PCS,,,,,,,,,APPROVED,,19740.0,,,,,,VERIFIED-live,"warehouse available 19,740.0; requested 8000.000; approved 8000.000; unit_price=22.2800"
MATERIAL_TODAY,JIVO_OIL,2026-08-30T22:04:16+05:30,2026-08-30,10 Head,281,,PM0000075,TAPE LOGO PRINTED,,,BOM material pulled for this run,934.72,MTR,,,,,,,,,APPROVED,,1283414.4,,,,,,VERIFIED-live,"warehouse available 1,283,414.4; requested 934.720; approved 934.720; unit_price=0.8000"
MATERIAL_TODAY,JIVO_OIL,2026-08-30T22:04:16+05:30,2026-08-30,6 Head,282,,PM0000078,CAPS 5 LTR/15 LTR,,,BOM material pulled for this run,4000.0,PCS,,,,,,,,,APPROVED,,92258.0,,,,,,VERIFIED-live,"warehouse available 92,258.0; requested 4000.000; approved 4000.000; unit_price=4.1500"
MATERIAL_TODAY,JIVO_OIL,2026-08-30T22:04:16+05:30,2026-08-30,6 Head,282,,PM0000632,CARTON 5 LTR TIN OLIVE 4 PCS SANO,,,BOM material pulled for this run,1000.0,PCS,,,,,,,,,APPROVED,,4450.5,,,,,,VERIFIED-live,"warehouse available 4,450.5; requested 1000.000; approved 1000.000; unit_price=26.4200"
MATERIAL_TODAY,JIVO_OIL,2026-08-30T22:04:16+05:30,2026-08-30,6 Head,282,,JWPL09240001,FILLING COST CANOLA AND OLIVE,,,BOM material pulled for this run,20040.0,(cost resource),,,,,,,,,REJECTED,,0.0,,,,,,VERIFIED-live,warehouse available 0.0; requested 20040.000; approved 0.000; unit_price=None
MATERIAL_TODAY,JIVO_OIL,2026-08-30T22:04:16+05:30,2026-08-30,6 Head,282,,RM0000001,LOOSE REFINED OLIVE OIL,,,BOM material pulled for this run,20040.0,LTR,,,,,,,,,APPROVED,,122738.4,,,,,,VERIFIED-live,"warehouse available 122,738.4; requested 20040.000; approved 20040.000; unit_price=305.0307"
MATERIAL_TODAY,JIVO_OIL,2026-08-30T22:04:16+05:30,2026-08-30,6 Head,282,,PM0000074,TAPE CELLO,,,BOM material pulled for this run,1066.8,MTR,,,,,,,,,APPROVED,,725897.6,,,,,,VERIFIED-live,"warehouse available 725,897.6; requested 1066.800; approved 1066.800; unit_price=0.7000"
MATERIAL_TODAY,JIVO_OIL,2026-08-30T22:04:16+05:30,2026-08-30,6 Head,282,,PM0000395,TIN 5 LTR POMACE OLIVE SANO,,,BOM material pulled for this run,4000.0,PCS,,,,,,,,,APPROVED,,3735.0,,,,,,VERIFIED-live,"warehouse available 3,735.0; requested 4000.000; approved 3735.000; unit_price=76.5000  *** STOCK BELOW BOM REQUIREMENT ***"
MATERIAL_TODAY,JIVO_OIL,2026-08-30T22:04:16+05:30,2026-08-30,6 Head,283,,PM0000078,CAPS 5 LTR/15 LTR,,,BOM material pulled for this run,4000.0,PCS,,,,,,,,,APPROVED,,92258.0,,,,,,VERIFIED-live,"warehouse available 92,258.0; requested 4000.000; approved 4000.000; unit_price=4.1500"
MATERIAL_TODAY,JIVO_OIL,2026-08-30T22:04:16+05:30,2026-08-30,6 Head,283,,PM0000082,CARTON 5 LTR OLIVE 4 PCS,,,BOM material pulled for this run,1000.0,PCS,,,,,,,,,APPROVED,,6948.5,,,,,,VERIFIED-live,"warehouse available 6,948.5; requested 1000.000; approved 1000.000; unit_price=26.6100"
MATERIAL_TODAY,JIVO_OIL,2026-08-30T22:04:16+05:30,2026-08-30,6 Head,283,,JWPL09240002,Filling Cost Commodities,,,BOM material pulled for this run,20000.0,(cost resource),,,,,,,,,REJECTED,,0.0,,,,,,VERIFIED-live,warehouse available 0.0; requested 20000.000; approved 0.000; unit_price=None
MATERIAL_TODAY,JIVO_OIL,2026-08-30T22:04:16+05:30,2026-08-30,6 Head,283,,RM0000003,MUSTARD LOOSE OIL,,,BOM material pulled for this run,20000.0,LTR,,,,,,,,,APPROVED,,249211.8,,,,,,VERIFIED-live,"warehouse available 249,211.8; requested 20000.000; approved 20000.000; unit_price=135.0205"
MATERIAL_TODAY,JIVO_OIL,2026-08-30T22:04:16+05:30,2026-08-30,6 Head,283,,PM0000075,TAPE LOGO PRINTED,,,BOM material pulled for this run,1066.8,MTR,,,,,,,,,APPROVED,,1283414.4,,,,,,VERIFIED-live,"warehouse available 1,283,414.4; requested 1066.800; approved 1066.800; unit_price=0.8000"
MATERIAL_TODAY,JIVO_OIL,2026-08-30T22:04:16+05:30,2026-08-30,6 Head,283,,PM0000835,TIN 5 LTR FP YELLOW MUSTARD OIL PRINTED,,,BOM material pulled for this run,4000.0,PCS,,,,,,,,,APPROVED,,4186.0,,,,,,VERIFIED-live,"warehouse available 4,186.0; requested 4000.000; approved 4000.000; unit_price=90.0000"
MATERIAL_TODAY,JIVO_OIL,2026-08-30T22:04:16+05:30,2026-08-30,Pouch Machine,284,,PM0000005,CARTON 1 LTR 12 POUCHES,,,BOM material pulled for this run,1400.0,PCS,,,,,,,,,APPROVED,,35279.4,,,,,,VERIFIED-live,"warehouse available 35,279.4; requested 1400.000; approved 1400.000; unit_price=21.0200"
MATERIAL_TODAY,JIVO_OIL,2026-08-30T22:04:16+05:30,2026-08-30,Pouch Machine,284,,JWPL09240002,Filling Cost Commodities,,,BOM material pulled for this run,16800.0,(cost resource),,,,,,,,,REJECTED,,0.0,,,,,,VERIFIED-live,warehouse available 0.0; requested 16800.000; approved 0.000; unit_price=None
MATERIAL_TODAY,JIVO_OIL,2026-08-30T22:04:16+05:30,2026-08-30,Pouch Machine,284,,PM0000891,POUCH SOYABEAN MULTI  KGS,,,BOM material pulled for this run,136.08,KGS,,,,,,,,,APPROVED,,6622.8,,,,,,VERIFIED-live,"warehouse available 6,622.8; requested 136.080; approved 136.080; unit_price=310.0000"
MATERIAL_TODAY,JIVO_OIL,2026-08-30T22:04:16+05:30,2026-08-30,Pouch Machine,284,,RM0000025,SOYABEAN REFINED LOOSE OIL,,,BOM material pulled for this run,16800.0,LTR,,,,,,,,,APPROVED,,327817.4,,,,,,VERIFIED-live,"warehouse available 327,817.4; requested 16800.000; approved 16800.000; unit_price=135.9382"
MATERIAL_TODAY,JIVO_OIL,2026-08-30T22:04:16+05:30,2026-08-30,Pouch Machine,284,,PM0000075,TAPE LOGO PRINTED,,,BOM material pulled for this run,1422.4,MTR,,,,,,,,,APPROVED,,1283414.4,,,,,,VERIFIED-live,"warehouse available 1,283,414.4; requested 1422.400; approved 1422.400; unit_price=0.8000"
MATERIAL_TODAY,JIVO_OIL,2026-08-30T22:04:16+05:30,2026-08-30,10 Head,285,,RM0000002,CANOLA COLD PRESS LOOSE OIL OLD,,,BOM material pulled for this run,10000.0,LTR,,,,,,,,,APPROVED,,1643.8,,,,,,VERIFIED-live,"warehouse available 1,643.8; requested 10000.000; approved 1643.800; unit_price=135.9382  *** STOCK BELOW BOM REQUIREMENT ***"
MATERIAL_TODAY,JIVO_OIL,2026-08-30T22:04:16+05:30,2026-08-30,10 Head,285,,PM0000079,CAPS 1 & 2 LTR FULL GREEN WITH LOGO,,,BOM material pulled for this run,10000.0,PCS,,,,,,,,,APPROVED,,169780.0,,,,,,VERIFIED-live,"warehouse available 169,780.0; requested 10000.000; approved 10000.000; unit_price=1.2500"
MATERIAL_TODAY,JIVO_OIL,2026-08-30T22:04:16+05:30,2026-08-30,10 Head,285,,PM0000006,CARTON 1 LTR 20 PCS,,,BOM material pulled for this run,500.0,PCS,,,,,,,,,APPROVED,,18680.0,,,,,,VERIFIED-live,"warehouse available 18,680.0; requested 500.000; approved 500.000; unit_price=33.8100"
MATERIAL_TODAY,JIVO_OIL,2026-08-30T22:04:16+05:30,2026-08-30,10 Head,285,,JWPL09240001,FILLING COST CANOLA AND OLIVE,,,BOM material pulled for this run,10000.0,(cost resource),,,,,,,,,REJECTED,,0.0,,,,,,VERIFIED-live,warehouse available 0.0; requested 10000.000; approved 0.000; unit_price=None
MATERIAL_TODAY,JIVO_OIL,2026-08-30T22:04:16+05:30,2026-08-30,10 Head,285,,PM0000014,LABEL 1 LTR COLD PRESS BACK 8181,,,BOM material pulled for this run,10000.0,PCS,,,,,,,,,APPROVED,,302948.0,,,,,,VERIFIED-live,"warehouse available 302,948.0; requested 10000.000; approved 10000.000; unit_price=0.3000"
MATERIAL_TODAY,JIVO_OIL,2026-08-30T22:04:16+05:30,2026-08-30,10 Head,285,,PM0000015,LABEL 1 LTR COLD PRESS FRONT,,,BOM material pulled for this run,10000.0,PCS,,,,,,,,,APPROVED,,286570.0,,,,,,VERIFIED-live,"warehouse available 286,570.0; requested 10000.000; approved 10000.000; unit_price=0.3000"
MATERIAL_TODAY,JIVO_OIL,2026-08-30T22:04:16+05:30,2026-08-30,10 Head,285,,PM0000194,PET BOTTLE 1 LTR 40 GMS,,,BOM material pulled for this run,10000.0,PCS,,,,,,,,,APPROVED,,135257.0,,,,,,VERIFIED-live,"warehouse available 135,257.0; requested 10000.000; approved 10000.000; unit_price=7.3000"
MATERIAL_TODAY,JIVO_OIL,2026-08-30T22:04:16+05:30,2026-08-30,10 Head,285,,PM0000075,TAPE LOGO PRINTED,,,BOM material pulled for this run,558.8,MTR,,,,,,,,,APPROVED,,1282979.7,,,,,,VERIFIED-live,"warehouse available 1,282,979.7; requested 558.800; approved 558.800; unit_price=0.8000"
RECON_DAY,JIVO_OIL,2026-08-30T22:04:16+05:30,2026-08-01,,,,,,,,"factory-app recorded pieces vs SAP OIGN FG receipts, same date",37871,,,,37871,,,,552,,,,6862,,,,,,VERIFIED-live (app) + VERIFIED-live (SAP HANA OIGN/IGN1),"app 37,871 pcs vs SAP 6,862 pcs. SAP posts the goods receipt by hand, often a day or more after the shift, so day-for-day agreement is not expected; the MONTH total is the comparison that matters."
RECON_DAY,JIVO_OIL,2026-08-30T22:04:16+05:30,2026-08-03,,,,,,,,"factory-app recorded pieces vs SAP OIGN FG receipts, same date",67500,,,,67500,,,,274,,,,24627,,,,,,VERIFIED-live (app) + VERIFIED-live (SAP HANA OIGN/IGN1),"app 67,500 pcs vs SAP 24,627 pcs. SAP posts the goods receipt by hand, often a day or more after the shift, so day-for-day agreement is not expected; the MONTH total is the comparison that matters."
RECON_DAY,JIVO_OIL,2026-08-30T22:04:16+05:30,2026-08-04,,,,,,,,"factory-app recorded pieces vs SAP OIGN FG receipts, same date",56224,,,,56224,,,,71,,,,79248,,,,,,VERIFIED-live (app) + VERIFIED-live (SAP HANA OIGN/IGN1),"app 56,224 pcs vs SAP 79,248 pcs. SAP posts the goods receipt by hand, often a day or more after the shift, so day-for-day agreement is not expected; the MONTH total is the comparison that matters."
RECON_DAY,JIVO_OIL,2026-08-30T22:04:16+05:30,2026-08-05,,,,,,,,"factory-app recorded pieces vs SAP OIGN FG receipts, same date",0,,,,0,,,,0,,,,45621,,,,,,VERIFIED-live (app) + VERIFIED-live (SAP HANA OIGN/IGN1),"app 0 pcs vs SAP 45,621 pcs. SAP posts the goods receipt by hand, often a day or more after the shift, so day-for-day agreement is not expected; the MONTH total is the comparison that matters."
RECON_DAY,JIVO_OIL,2026-08-30T22:04:16+05:30,2026-08-06,,,,,,,,"factory-app recorded pieces vs SAP OIGN FG receipts, same date",45940,,,,45940,,,,46,,,,99214,,,,,,VERIFIED-live (app) + VERIFIED-live (SAP HANA OIGN/IGN1),"app 45,940 pcs vs SAP 99,214 pcs. SAP posts the goods receipt by hand, often a day or more after the shift, so day-for-day agreement is not expected; the MONTH total is the comparison that matters."
RECON_DAY,JIVO_OIL,2026-08-30T22:04:16+05:30,2026-08-07,,,,,,,,"factory-app recorded pieces vs SAP OIGN FG receipts, same date",72556,,,,72556,,,,437,,,,16616,,,,,,VERIFIED-live (app) + VERIFIED-live (SAP HANA OIGN/IGN1),"app 72,556 pcs vs SAP 16,616 pcs. SAP posts the goods receipt by hand, often a day or more after the shift, so day-for-day agreement is not expected; the MONTH total is the comparison that matters."
RECON_DAY,JIVO_OIL,2026-08-30T22:04:16+05:30,2026-08-08,,,,,,,,"factory-app recorded pieces vs SAP OIGN FG receipts, same date",34612,,,,34612,,,,44,,,,78750,,,,,,VERIFIED-live (app) + VERIFIED-live (SAP HANA OIGN/IGN1),"app 34,612 pcs vs SAP 78,750 pcs. SAP posts the goods receipt by hand, often a day or more after the shift, so day-for-day agreement is not expected; the MONTH total is the comparison that matters."
RECON_DAY,JIVO_OIL,2026-08-30T22:04:16+05:30,2026-08-09,,,,,,,,"factory-app recorded pieces vs SAP OIGN FG receipts, same date",0,,,,0,,,,0,,,,25968,,,,,,VERIFIED-live (app) + VERIFIED-live (SAP HANA OIGN/IGN1),"app 0 pcs vs SAP 25,968 pcs. SAP posts the goods receipt by hand, often a day or more after the shift, so day-for-day agreement is not expected; the MONTH total is the comparison that matters."
RECON_DAY,JIVO_OIL,2026-08-30T22:04:16+05:30,2026-08-10,,,,,,,,"factory-app recorded pieces vs SAP OIGN FG receipts, same date",51676,,,,51676,,,,105,,,,49092,,,,,,VERIFIED-live (app) + VERIFIED-live (SAP HANA OIGN/IGN1),"app 51,676 pcs vs SAP 49,092 pcs. SAP posts the goods receipt by hand, often a day or more after the shift, so day-for-day agreement is not expected; the MONTH total is the comparison that matters."
RECON_DAY,JIVO_OIL,2026-08-30T22:04:16+05:30,2026-08-11,,,,,,,,"factory-app recorded pieces vs SAP OIGN FG receipts, same date",76240,,,,76240,,,,134,,,,56923,,,,,,VERIFIED-live (app) + VERIFIED-live (SAP HANA OIGN/IGN1),"app 76,240 pcs vs SAP 56,923 pcs. SAP posts the goods receipt by hand, often a day or more after the shift, so day-for-day agreement is not expected; the MONTH total is the comparison that matters."
RECON_DAY,JIVO_OIL,2026-08-30T22:04:16+05:30,2026-08-12,,,,,,,,"factory-app recorded pieces vs SAP OIGN FG receipts, same date",33250,,,,33250,,,,36,,,,93391,,,,,,VERIFIED-live (app) + VERIFIED-live (SAP HANA OIGN/IGN1),"app 33,250 pcs vs SAP 93,391 pcs. SAP posts the goods receipt by hand, often a day or more after the shift, so day-for-day agreement is not expected; the MONTH total is the comparison that matters."
RECON_DAY,JIVO_OIL,2026-08-30T22:04:16+05:30,2026-08-13,,,,,,,,"factory-app recorded pieces vs SAP OIGN FG receipts, same date",36312,,,,36312,,,,50,,,,72509,,,,,,VERIFIED-live (app) + VERIFIED-live (SAP HANA OIGN/IGN1),"app 36,312 pcs vs SAP 72,509 pcs. SAP posts the goods receipt by hand, often a day or more after the shift, so day-for-day agreement is not expected; the MONTH total is the comparison that matters."
RECON_DAY,JIVO_OIL,2026-08-30T22:04:16+05:30,2026-08-14,,,,,,,,"factory-app recorded pieces vs SAP OIGN FG receipts, same date",40120,,,,40120,,,,82,,,,48832,,,,,,VERIFIED-live (app) + VERIFIED-live (SAP HANA OIGN/IGN1),"app 40,120 pcs vs SAP 48,832 pcs. SAP posts the goods receipt by hand, often a day or more after the shift, so day-for-day agreement is not expected; the MONTH total is the comparison that matters."
RECON_DAY,JIVO_OIL,2026-08-30T22:04:16+05:30,2026-08-17,,,,,,,,"factory-app recorded pieces vs SAP OIGN FG receipts, same date",64324,,,,64324,,,,237,,,,27100,,,,,,VERIFIED-live (app) + VERIFIED-live (SAP HANA OIGN/IGN1),"app 64,324 pcs vs SAP 27,100 pcs. SAP posts the goods receipt by hand, often a day or more after the shift, so day-for-day agreement is not expected; the MONTH total is the comparison that matters."
RECON_DAY,JIVO_OIL,2026-08-30T22:04:16+05:30,2026-08-18,,,,,,,,"factory-app recorded pieces vs SAP OIGN FG receipts, same date",70443,,,,70443,,,,75,,,,94480,,,,,,VERIFIED-live (app) + VERIFIED-live (SAP HANA OIGN/IGN1),"app 70,443 pcs vs SAP 94,480 pcs. SAP posts the goods receipt by hand, often a day or more after the shift, so day-for-day agreement is not expected; the MONTH total is the comparison that matters."
RECON_DAY,JIVO_OIL,2026-08-30T22:04:16+05:30,2026-08-19,,,,,,,,"factory-app recorded pieces vs SAP OIGN FG receipts, same date",68684,,,,68684,,,,82,,,,83786,,,,,,VERIFIED-live (app) + VERIFIED-live (SAP HANA OIGN/IGN1),"app 68,684 pcs vs SAP 83,786 pcs. SAP posts the goods receipt by hand, often a day or more after the shift, so day-for-day agreement is not expected; the MONTH total is the comparison that matters."
RECON_DAY,JIVO_OIL,2026-08-30T22:04:16+05:30,2026-08-20,,,,,,,,"factory-app recorded pieces vs SAP OIGN FG receipts, same date",52422,,,,52422,,,,82,,,,63782,,,,,,VERIFIED-live (app) + VERIFIED-live (SAP HANA OIGN/IGN1),"app 52,422 pcs vs SAP 63,782 pcs. SAP posts the goods receipt by hand, often a day or more after the shift, so day-for-day agreement is not expected; the MONTH total is the comparison that matters."
RECON_DAY,JIVO_OIL,2026-08-30T22:04:16+05:30,2026-08-21,,,,,,,,"factory-app recorded pieces vs SAP OIGN FG receipts, same date",56256,,,,56256,,,,96,,,,58666,,,,,,VERIFIED-live (app) + VERIFIED-live (SAP HANA OIGN/IGN1),"app 56,256 pcs vs SAP 58,666 pcs. SAP posts the goods receipt by hand, often a day or more after the shift, so day-for-day agreement is not expected; the MONTH total is the comparison that matters."
RECON_DAY,JIVO_OIL,2026-08-30T22:04:16+05:30,2026-08-22,,,,,,,,"factory-app recorded pieces vs SAP OIGN FG receipts, same date",58096,,,,58096,,,,46,,,,126352,,,,,,VERIFIED-live (app) + VERIFIED-live (SAP HANA OIGN/IGN1),"app 58,096 pcs vs SAP 126,352 pcs. SAP posts the goods receipt by hand, often a day or more after the shift, so day-for-day agreement is not expected; the MONTH total is the comparison that matters."
RECON_DAY,JIVO_OIL,2026-08-30T22:04:16+05:30,2026-08-24,,,,,,,,"factory-app recorded pieces vs SAP OIGN FG receipts, same date",46454,,,,46454,,,,216,,,,21490,,,,,,VERIFIED-live (app) + VERIFIED-live (SAP HANA OIGN/IGN1),"app 46,454 pcs vs SAP 21,490 pcs. SAP posts the goods receipt by hand, often a day or more after the shift, so day-for-day agreement is not expected; the MONTH total is the comparison that matters."
RECON_DAY,JIVO_OIL,2026-08-30T22:04:16+05:30,2026-08-25,,,,,,,,"factory-app recorded pieces vs SAP OIGN FG receipts, same date",55572,,,,55572,,,,89,,,,62788,,,,,,VERIFIED-live (app) + VERIFIED-live (SAP HANA OIGN/IGN1),"app 55,572 pcs vs SAP 62,788 pcs. SAP posts the goods receipt by hand, often a day or more after the shift, so day-for-day agreement is not expected; the MONTH total is the comparison that matters."
RECON_DAY,JIVO_OIL,2026-08-30T22:04:16+05:30,2026-08-26,,,,,,,,"factory-app recorded pieces vs SAP OIGN FG receipts, same date",34626,,,,34626,,,,53,,,,65030,,,,,,VERIFIED-live (app) + VERIFIED-live (SAP HANA OIGN/IGN1),"app 34,626 pcs vs SAP 65,030 pcs. SAP posts the goods receipt by hand, often a day or more after the shift, so day-for-day agreement is not expected; the MONTH total is the comparison that matters."
RECON_DAY,JIVO_OIL,2026-08-30T22:04:16+05:30,2026-08-27,,,,,,,,"factory-app recorded pieces vs SAP OIGN FG receipts, same date",53008,,,,53008,,,,136,,,,38985,,,,,,VERIFIED-live (app) + VERIFIED-live (SAP HANA OIGN/IGN1),"app 53,008 pcs vs SAP 38,985 pcs. SAP posts the goods receipt by hand, often a day or more after the shift, so day-for-day agreement is not expected; the MONTH total is the comparison that matters."
RECON_DAY,JIVO_OIL,2026-08-30T22:04:16+05:30,2026-08-28,,,,,,,,"factory-app recorded pieces vs SAP OIGN FG receipts, same date",0,,,,0,,,,0,,,,7780,,,,,,VERIFIED-live (app) + VERIFIED-live (SAP HANA OIGN/IGN1),"app 0 pcs vs SAP 7,780 pcs. SAP posts the goods receipt by hand, often a day or more after the shift, so day-for-day agreement is not expected; the MONTH total is the comparison that matters."
RECON_DAY,JIVO_OIL,2026-08-30T22:04:16+05:30,2026-08-29,,,,,,,,"factory-app recorded pieces vs SAP OIGN FG receipts, same date",41424,,,,41424,,,,29,,,,144688,,,,,,VERIFIED-live (app) + VERIFIED-live (SAP HANA OIGN/IGN1),"app 41,424 pcs vs SAP 144,688 pcs. SAP posts the goods receipt by hand, often a day or more after the shift, so day-for-day agreement is not expected; the MONTH total is the comparison that matters."
RECON_DAY,JIVO_OIL,2026-08-30T22:04:16+05:30,2026-08-30,,,,,,,,"factory-app recorded pieces vs SAP OIGN FG receipts, same date",68244,,,,68244,,,,,,,,0,,,,,,VERIFIED-live (app) + VERIFIED-live (SAP HANA OIGN/IGN1),"app 68,244 pcs vs SAP 0 pcs. SAP posts the goods receipt by hand, often a day or more after the shift, so day-for-day agreement is not expected; the MONTH total is the comparison that matters."
RECON_ITEM,JIVO_OIL,2026-08-30T22:04:16+05:30,,,,,FG0000142,COLD PRESS GROUNDNUT OIL 1 LTR 16 PCS,,,August factory-app pieces vs SAP OIGN FG receipt pieces,278384,,,,278384,,,,88,,IN APP AND SAP,,316655,,,,,,VERIFIED-live (both sides),"app 278,384 vs SAP 316,655 pieces in Aug 2026"
RECON_ITEM,JIVO_OIL,2026-08-30T22:04:16+05:30,,,,,FG0000030,MUSTARD KACHI GHANI 1 LTR 20 PCS,,,August factory-app pieces vs SAP OIGN FG receipt pieces,232880,,,,232880,,,,84,,IN APP AND SAP,,276963,,,,,,VERIFIED-live (both sides),"app 232,880 vs SAP 276,963 pieces in Aug 2026"
RECON_ITEM,JIVO_OIL,2026-08-30T22:04:16+05:30,,,,,FG0000081,COLD PRESS SUNFLOWER 1 LTR 20 PCS,,,August factory-app pieces vs SAP OIGN FG receipt pieces,131380,,,,131380,,,,105,,IN APP AND SAP,,125620,,,,,,VERIFIED-live (both sides),"app 131,380 vs SAP 125,620 pieces in Aug 2026"
RECON_ITEM,JIVO_OIL,2026-08-30T22:04:16+05:30,,,,,FG0000028,POMACE OLIVE 1 LTR 16 PCS,,,August factory-app pieces vs SAP OIGN FG receipt pieces,45216,,,,45216,,,,67,,IN APP AND SAP,,67393,,,,,,VERIFIED-live (both sides),"app 45,216 vs SAP 67,393 pieces in Aug 2026"
RECON_ITEM,JIVO_OIL,2026-08-30T22:04:16+05:30,,,,,FG0000449,MUSTARD KACHI GHANI 200 ML 70 PCS,,,August factory-app pieces vs SAP OIGN FG receipt pieces,30170,,,,30170,,,,60,,IN APP AND SAP,,50120,,,,,,VERIFIED-live (both sides),"app 30,170 vs SAP 50,120 pieces in Aug 2026"
RECON_ITEM,JIVO_OIL,2026-08-30T22:04:16+05:30,,,,,FG0000005,EXTRA LIGHT OLIVE 1 LTR 16 PCS,,,August factory-app pieces vs SAP OIGN FG receipt pieces,25792,,,,25792,,,,54,,IN APP AND SAP,,48194,,,,,,VERIFIED-live (both sides),"app 25,792 vs SAP 48,194 pieces in Aug 2026"
RECON_ITEM,JIVO_OIL,2026-08-30T22:04:16+05:30,,,,,FG0000379,MUSTARD KACHI GHANI 1 LTR 20 PCS ROUND BOTTLE,,,August factory-app pieces vs SAP OIGN FG receipt pieces,15440,,,,15440,,,,36,,IN APP AND SAP,,42448,,,,,,VERIFIED-live (both sides),"app 15,440 vs SAP 42,448 pieces in Aug 2026"
RECON_ITEM,JIVO_OIL,2026-08-30T22:04:16+05:30,,,,,FG0000004,COLD PRESS 5 LTR 4 PCS,,,August factory-app pieces vs SAP OIGN FG receipt pieces,29464,,,,29464,,,,75,,IN APP AND SAP,,39548,,,,,,VERIFIED-live (both sides),"app 29,464 vs SAP 39,548 pieces in Aug 2026"
RECON_ITEM,JIVO_OIL,2026-08-30T22:04:16+05:30,,,,,FG0000359,SOYABEAN OIL 750 GMS 12 PCS POUCH,,,August factory-app pieces vs SAP OIGN FG receipt pieces,37260,,,,37260,,,,102,,IN APP AND SAP,,36357,,,,,,VERIFIED-live (both sides),"app 37,260 vs SAP 36,357 pieces in Aug 2026"
RECON_ITEM,JIVO_OIL,2026-08-30T22:04:16+05:30,,,,,FG0000299,SOYABEAN OIL 700 GMS POUCH 12 PCS,,,August factory-app pieces vs SAP OIGN FG receipt pieces,16800,,,,16800,,,,47,,IN APP AND SAP,,35442,,,,,,VERIFIED-live (both sides),"app 16,800 vs SAP 35,442 pieces in Aug 2026"
RECON_ITEM,JIVO_OIL,2026-08-30T22:04:16+05:30,,,,,FG0000407,COLD PRESS 1 LTR (NIRMAL RISHI )20 PCS,,,August factory-app pieces vs SAP OIGN FG receipt pieces,21600,,,,21600,,,,75,,IN APP AND SAP,,28644,,,,,,VERIFIED-live (both sides),"app 21,600 vs SAP 28,644 pieces in Aug 2026"
RECON_ITEM,JIVO_OIL,2026-08-30T22:04:16+05:30,,,,,FG0000032,COLD PRESS 1 LTR 20 PCS,,,August factory-app pieces vs SAP OIGN FG receipt pieces,18680,,,,18680,,,,71,,IN APP AND SAP,,26452,,,,,,VERIFIED-live (both sides),"app 18,680 vs SAP 26,452 pieces in Aug 2026"
RECON_ITEM,JIVO_OIL,2026-08-30T22:04:16+05:30,,,,,FG0000143,COLD PRESS GROUNDNUT OIL 5 LTR 4 PCS,,,August factory-app pieces vs SAP OIGN FG receipt pieces,25288,,,,25288,,,,99,,IN APP AND SAP,,25659,,,,,,VERIFIED-live (both sides),"app 25,288 vs SAP 25,659 pieces in Aug 2026"
RECON_ITEM,JIVO_OIL,2026-08-30T22:04:16+05:30,,,,,FG0000106,MUSTARD KACHHI GHANI 1 LTR POUCH 12 PCS,,,August factory-app pieces vs SAP OIGN FG receipt pieces,13200,,,,13200,,,,52,,IN APP AND SAP,,25613,,,,,,VERIFIED-live (both sides),"app 13,200 vs SAP 25,613 pieces in Aug 2026"
RECON_ITEM,JIVO_OIL,2026-08-30T22:04:16+05:30,,,,,FG0000320,YELLOW MUSTARD OIL 1 LTR 16 PCS,,,August factory-app pieces vs SAP OIGN FG receipt pieces,31760,,,,31760,,,,137,,IN APP AND SAP,,23120,,,,,,VERIFIED-live (both sides),"app 31,760 vs SAP 23,120 pieces in Aug 2026"
RECON_ITEM,JIVO_OIL,2026-08-30T22:04:16+05:30,,,,,FG0000136,SANO MUSTARD OIL 1 LTR 20 PCS,,,August factory-app pieces vs SAP OIGN FG receipt pieces,20320,,,,20320,,,,93,,IN APP AND SAP,,21740,,,,,,VERIFIED-live (both sides),"app 20,320 vs SAP 21,740 pieces in Aug 2026"
RECON_ITEM,JIVO_OIL,2026-08-30T22:04:16+05:30,,,,,FG0000031,MUSTARD PAKKI GHANI 1 LTR 20 PCS,,,August factory-app pieces vs SAP OIGN FG receipt pieces,21600,,,,21600,,,,100,,IN APP AND SAP,,21600,,,,,,VERIFIED-live (both sides),"app 21,600 vs SAP 21,600 pieces in Aug 2026"
RECON_ITEM,JIVO_OIL,2026-08-30T22:04:16+05:30,,,,,FG0000194,SOYABEAN OIL 1 LTR POUCH 12 PCS,,,August factory-app pieces vs SAP OIGN FG receipt pieces,12144,,,,12144,,,,56,,IN APP AND SAP,,21528,,,,,,VERIFIED-live (both sides),"app 12,144 vs SAP 21,528 pieces in Aug 2026"
RECON_ITEM,JIVO_OIL,2026-08-30T22:04:16+05:30,,,,,FG0000422,JIVO MUSTARD KACCHI GHANI 869 GMS 20 PCS,,,August factory-app pieces vs SAP OIGN FG receipt pieces,21040,,,,21040,,,,98,,IN APP AND SAP,,21520,,,,,,VERIFIED-live (both sides),"app 21,040 vs SAP 21,520 pieces in Aug 2026"
RECON_ITEM,JIVO_OIL,2026-08-30T22:04:16+05:30,,,,,FG0000429,MUSTARD KACHI GHANI 1 LTR + 1 LTR COMBO 10 SET PLAIN,,,August factory-app pieces vs SAP OIGN FG receipt pieces,20260,,,,20260,,,,100,,IN APP AND SAP,,20260,,,,,,VERIFIED-live (both sides),"app 20,260 vs SAP 20,260 pieces in Aug 2026"
RECON_ITEM,JIVO_OIL,2026-08-30T22:04:16+05:30,,,,,FG0000456,COLD PRESS SUNFLOWER 1 LTR 20 PCS 26,,,August factory-app pieces vs SAP OIGN FG receipt pieces,0,,,,0,,,,0,,SAP ONLY - no run raised in the app,,16740,,,,,,VERIFIED-live (both sides),"app 0 vs SAP 16,740 pieces in Aug 2026"
RECON_ITEM,JIVO_OIL,2026-08-30T22:04:16+05:30,,,,,FG0000306,YELLOW MUSTARD OIL 1 LTR 20 PCS,,,August factory-app pieces vs SAP OIGN FG receipt pieces,10320,,,,10320,,,,70,,IN APP AND SAP,,14794,,,,,,VERIFIED-live (both sides),"app 10,320 vs SAP 14,794 pieces in Aug 2026"
RECON_ITEM,JIVO_OIL,2026-08-30T22:04:16+05:30,,,,,FG0000150,SANO POMACE OLIVE 1 LTR 16 PCS,,,August factory-app pieces vs SAP OIGN FG receipt pieces,37280,,,,37280,,,,255,,IN APP AND SAP,,14632,,,,,,VERIFIED-live (both sides),"app 37,280 vs SAP 14,632 pieces in Aug 2026"
RECON_ITEM,JIVO_OIL,2026-08-30T22:04:16+05:30,,,,,FG0000042,EXTRA VIRGIN OLIVE 1 LTR 16 PCS,,,August factory-app pieces vs SAP OIGN FG receipt pieces,14704,,,,14704,,,,101,,IN APP AND SAP,,14580,,,,,,VERIFIED-live (both sides),"app 14,704 vs SAP 14,580 pieces in Aug 2026"
RECON_ITEM,JIVO_OIL,2026-08-30T22:04:16+05:30,,,,,FG0000441,COLD PRESS GROUNDNUT 200 MLS 70 PCS - BH,,,August factory-app pieces vs SAP OIGN FG receipt pieces,0,,,,0,,,,0,,SAP ONLY - no run raised in the app,,13250,,,,,,VERIFIED-live (both sides),"app 0 vs SAP 13,250 pieces in Aug 2026"
RECON_ITEM,JIVO_OIL,2026-08-30T22:04:16+05:30,,,,,FG0000038,MUSTARD KACCHI GHANI 2 LTR 10 PCS,,,August factory-app pieces vs SAP OIGN FG receipt pieces,12650,,,,12650,,,,100,,IN APP AND SAP,,12650,,,,,,VERIFIED-live (both sides),"app 12,650 vs SAP 12,650 pieces in Aug 2026"
RECON_ITEM,JIVO_OIL,2026-08-30T22:04:16+05:30,,,,,FG0000053,COLD PRESS SUNFLOWER 5 LTR 4 PCS,,,August factory-app pieces vs SAP OIGN FG receipt pieces,9168,,,,9168,,,,76,,IN APP AND SAP,,12103,,,,,,VERIFIED-live (both sides),"app 9,168 vs SAP 12,103 pieces in Aug 2026"
RECON_ITEM,JIVO_OIL,2026-08-30T22:04:16+05:30,,,,,FG0000011,MUSTARD KACCHI GHANI 5 LTR 4 PCS,,,August factory-app pieces vs SAP OIGN FG receipt pieces,9232,,,,9232,,,,79,,IN APP AND SAP,,11760,,,,,,VERIFIED-live (both sides),"app 9,232 vs SAP 11,760 pieces in Aug 2026"
RECON_ITEM,JIVO_OIL,2026-08-30T22:04:16+05:30,,,,,FG0000008,POMACE OLIVE 5 LTR TIN 4 PCS,,,August factory-app pieces vs SAP OIGN FG receipt pieces,15192,,,,15192,,,,141,,IN APP AND SAP,,10780,,,,,,VERIFIED-live (both sides),"app 15,192 vs SAP 10,780 pieces in Aug 2026"
RECON_ITEM,JIVO_OIL,2026-08-30T22:04:16+05:30,,,,,FG0000454,COLD PRESS GROUNDNUT 500 MLS 24 PCS,,,August factory-app pieces vs SAP OIGN FG receipt pieces,0,,,,0,,,,0,,SAP ONLY - no run raised in the app,,9552,,,,,,VERIFIED-live (both sides),"app 0 vs SAP 9,552 pieces in Aug 2026"
RECON_ITEM,JIVO_OIL,2026-08-30T22:04:16+05:30,,,,,FG0000460,SESAME OIL 1 LTR 16 PCS,,,August factory-app pieces vs SAP OIGN FG receipt pieces,0,,,,0,,,,0,,SAP ONLY - no run raised in the app,,8992,,,,,,VERIFIED-live (both sides),"app 0 vs SAP 8,992 pieces in Aug 2026"
RECON_ITEM,JIVO_OIL,2026-08-30T22:04:16+05:30,,,,,FG0000151,SANO POMACE OLIVE 5 LTR TIN 4 PCS,,,August factory-app pieces vs SAP OIGN FG receipt pieces,3924,,,,3924,,,,45,,IN APP AND SAP,,8672,,,,,,VERIFIED-live (both sides),"app 3,924 vs SAP 8,672 pieces in Aug 2026"
RECON_ITEM,JIVO_OIL,2026-08-30T22:04:16+05:30,,,,,FG0000091,COLD PRESS SUNFLOWER 1 LTR +1 LTR COMBO 10 SET PLAIN,,,August factory-app pieces vs SAP OIGN FG receipt pieces,7140,,,,7140,,,,83,,IN APP AND SAP,,8560,,,,,,VERIFIED-live (both sides),"app 7,140 vs SAP 8,560 pieces in Aug 2026"
RECON_ITEM,JIVO_OIL,2026-08-30T22:04:16+05:30,,,,,FG0000043,COLD PRESS 3 LTR 6 PCS,,,August factory-app pieces vs SAP OIGN FG receipt pieces,8082,,,,8082,,,,102,,IN APP AND SAP,,7962,,,,,,VERIFIED-live (both sides),"app 8,082 vs SAP 7,962 pieces in Aug 2026"
RECON_ITEM,JIVO_OIL,2026-08-30T22:04:16+05:30,,,,,FG0000021,REFINED OIL 1 LTR POUCH 12 PCS,,,August factory-app pieces vs SAP OIGN FG receipt pieces,6780,,,,6780,,,,100,,IN APP AND SAP,,6780,,,,,,VERIFIED-live (both sides),"app 6,780 vs SAP 6,780 pieces in Aug 2026"
RECON_ITEM,JIVO_OIL,2026-08-30T22:04:16+05:30,,,,,FG0000128,JIVO GOLD 5 LTR 4 PCS,,,August factory-app pieces vs SAP OIGN FG receipt pieces,3920,,,,3920,,,,71,,IN APP AND SAP,,5512,,,,,,VERIFIED-live (both sides),"app 3,920 vs SAP 5,512 pieces in Aug 2026"
RECON_ITEM,JIVO_OIL,2026-08-30T22:04:16+05:30,,,,,FG0000029,MUSTARD PAKKI GHANI 2 LTR 10 PCS,,,August factory-app pieces vs SAP OIGN FG receipt pieces,5210,,,,5210,,,,100,,IN APP AND SAP,,5210,,,,,,VERIFIED-live (both sides),"app 5,210 vs SAP 5,210 pieces in Aug 2026"
RECON_ITEM,JIVO_OIL,2026-08-30T22:04:16+05:30,,,,,FG0000227,RICE BRAN OIL 1 LTR 16 PCS,,,August factory-app pieces vs SAP OIGN FG receipt pieces,2192,,,,2192,,,,53,,IN APP AND SAP,,4118,,,,,,VERIFIED-live (both sides),"app 2,192 vs SAP 4,118 pieces in Aug 2026"
RECON_ITEM,JIVO_OIL,2026-08-30T22:04:16+05:30,,,,,FG0000064,EXTRA LIGHT OIVE 2 LTR 10 PCS HANDLE,,,August factory-app pieces vs SAP OIGN FG receipt pieces,10400,,,,10400,,,,257,,IN APP AND SAP,,4052,,,,,,VERIFIED-live (both sides),"app 10,400 vs SAP 4,052 pieces in Aug 2026"
RECON_ITEM,JIVO_OIL,2026-08-30T22:04:16+05:30,,,,,FG0000070,COLD PRESS 2 LTR 10 PCS HANDLE,,,August factory-app pieces vs SAP OIGN FG receipt pieces,840,,,,840,,,,26,,IN APP AND SAP,,3170,,,,,,VERIFIED-live (both sides),"app 840 vs SAP 3,170 pieces in Aug 2026"
RECON_ITEM,JIVO_OIL,2026-08-30T22:04:16+05:30,,,,,FG0000192,SOYABEAN OIL 5 LTR 4 PCS,,,August factory-app pieces vs SAP OIGN FG receipt pieces,3344,,,,3344,,,,109,,IN APP AND SAP,,3056,,,,,,VERIFIED-live (both sides),"app 3,344 vs SAP 3,056 pieces in Aug 2026"
RECON_ITEM,JIVO_OIL,2026-08-30T22:04:16+05:30,,,,,FG0000012,MUSTARD PAKKI GHANI 5 LTR 4 PCS,,,August factory-app pieces vs SAP OIGN FG receipt pieces,2604,,,,2604,,,,100,,IN APP AND SAP,,2604,,,,,,VERIFIED-live (both sides),"app 2,604 vs SAP 2,604 pieces in Aug 2026"
RECON_ITEM,JIVO_OIL,2026-08-30T22:04:16+05:30,,,,,FG0000015,REFINED OIL 15 LTR,,,August factory-app pieces vs SAP OIGN FG receipt pieces,1974,,,,1974,,,,95,,IN APP AND SAP,,2072,,,,,,VERIFIED-live (both sides),"app 1,974 vs SAP 2,072 pieces in Aug 2026"
RECON_ITEM,JIVO_OIL,2026-08-30T22:04:16+05:30,,,,,FG0000374,YELLOW MUSTARD OIL 5 LTR TIN 4 PCS,,,August factory-app pieces vs SAP OIGN FG receipt pieces,5192,,,,5192,,,,255,,IN APP AND SAP,,2036,,,,,,VERIFIED-live (both sides),"app 5,192 vs SAP 2,036 pieces in Aug 2026"
RECON_ITEM,JIVO_OIL,2026-08-30T22:04:16+05:30,,,,,FG0000297,SOYABEAN OIL 13 KGS TIN IMPORTED PCS,,,August factory-app pieces vs SAP OIGN FG receipt pieces,0,,,,0,,,,0,,SAP ONLY - no run raised in the app,,1800,,,,,,VERIFIED-live (both sides),"app 0 vs SAP 1,800 pieces in Aug 2026"
RECON_ITEM,JIVO_OIL,2026-08-30T22:04:16+05:30,,,,,FG0000275,COLD PRESS SUNFLOWER OIL 15 LTR,,,August factory-app pieces vs SAP OIGN FG receipt pieces,0,,,,0,,,,0,,SAP ONLY - no run raised in the app,,1751,,,,,,VERIFIED-live (both sides),"app 0 vs SAP 1,751 pieces in Aug 2026"
RECON_ITEM,JIVO_OIL,2026-08-30T22:04:16+05:30,,,,,FG0000112,EXTRA VIRGIN OLIVE 250 MLS 4 PCS,,,August factory-app pieces vs SAP OIGN FG receipt pieces,0,,,,0,,,,0,,SAP ONLY - no run raised in the app,,1640,,,,,,VERIFIED-live (both sides),"app 0 vs SAP 1,640 pieces in Aug 2026"
RECON_ITEM,JIVO_OIL,2026-08-30T22:04:16+05:30,,,,,FG0000226,RICE BRAN OIL 5 LTR 4 PCS,,,August factory-app pieces vs SAP OIGN FG receipt pieces,1388,,,,1388,,,,100,,IN APP AND SAP,,1388,,,,,,VERIFIED-live (both sides),"app 1,388 vs SAP 1,388 pieces in Aug 2026"
RECON_ITEM,JIVO_OIL,2026-08-30T22:04:16+05:30,,,,,FG0000324,SESAME OIL 1 LTR 20 PCS,,,August factory-app pieces vs SAP OIGN FG receipt pieces,0,,,,0,,,,0,,SAP ONLY - no run raised in the app,,1148,,,,,,VERIFIED-live (both sides),"app 0 vs SAP 1,148 pieces in Aug 2026"
RECON_ITEM,JIVO_OIL,2026-08-30T22:04:16+05:30,,,,,FG0000367,SANO POMACE OLIVE OIL 15 L,,,August factory-app pieces vs SAP OIGN FG receipt pieces,465,,,,465,,,,44,,IN APP AND SAP,,1057,,,,,,VERIFIED-live (both sides),"app 465 vs SAP 1,057 pieces in Aug 2026"
RECON_ITEM,JIVO_OIL,2026-08-30T22:04:16+05:30,,,,,FG0000039,EXTRA LIGHT OLIVE 500 MLS 24 PCS,,,August factory-app pieces vs SAP OIGN FG receipt pieces,0,,,,0,,,,0,,SAP ONLY - no run raised in the app,,997,,,,,,VERIFIED-live (both sides),app 0 vs SAP 997 pieces in Aug 2026
RECON_ITEM,JIVO_OIL,2026-08-30T22:04:16+05:30,,,,,FG0000455,EXTRA VIRGIN OLIVE 3 LTR TIN 5 PCS,,,August factory-app pieces vs SAP OIGN FG receipt pieces,0,,,,0,,,,0,,SAP ONLY - no run raised in the app,,778,,,,,,VERIFIED-live (both sides),app 0 vs SAP 778 pieces in Aug 2026
RECON_ITEM,JIVO_OIL,2026-08-30T22:04:16+05:30,,,,,FG0000157,EXTRA VIRGIN COCONUT OIL 500 MLS 24 PCS,,,August factory-app pieces vs SAP OIGN FG receipt pieces,0,,,,0,,,,0,,SAP ONLY - no run raised in the app,,624,,,,,,VERIFIED-live (both sides),app 0 vs SAP 624 pieces in Aug 2026
RECON_ITEM,JIVO_OIL,2026-08-30T22:04:16+05:30,,,,,FG0000400,JIVO KACHI GHANI COLD PRESSED MUSTARD OIL1 LTR 20 PCS(CSD),,,August factory-app pieces vs SAP OIGN FG receipt pieces,380,,,,380,,,,100,,IN APP AND SAP,,380,,,,,,VERIFIED-live (both sides),app 380 vs SAP 380 pieces in Aug 2026
RECON_ITEM,JIVO_OIL,2026-08-30T22:04:16+05:30,,,,,FG0000088,COLD PRESS 1 LTR +1 LTR COMBO 10 SET PLAIN,,,August factory-app pieces vs SAP OIGN FG receipt pieces,0,,,,0,,,,0,,SAP ONLY - no run raised in the app,,330,,,,,,VERIFIED-live (both sides),app 0 vs SAP 330 pieces in Aug 2026
RECON_ITEM,JIVO_OIL,2026-08-30T22:04:16+05:30,,,,,FG0000399,JIVO KACHI GHANI COLD PRESSED MUSTARD OIL 5 LTR 4 PCS ( CSD ),,,August factory-app pieces vs SAP OIGN FG receipt pieces,320,,,,320,,,,100,,IN APP AND SAP,,320,,,,,,VERIFIED-live (both sides),app 320 vs SAP 320 pieces in Aug 2026
RECON_ITEM,JIVO_OIL,2026-08-30T22:04:16+05:30,,,,,FG0000020,REFINED OIL 5 LTR,,,August factory-app pieces vs SAP OIGN FG receipt pieces,323,,,,323,,,,135,,IN APP AND SAP,,239,,,,,,VERIFIED-live (both sides),app 323 vs SAP 239 pieces in Aug 2026
RECON_ITEM,JIVO_OIL,2026-08-30T22:04:16+05:30,,,,,FG0000104,EXTRA LIGHT OLIVE 100 MLS 10 PCS(CSD),,,August factory-app pieces vs SAP OIGN FG receipt pieces,0,,,,0,,,,0,,SAP ONLY - no run raised in the app,,206,,,,,,VERIFIED-live (both sides),app 0 vs SAP 206 pieces in Aug 2026
RECON_ITEM,JIVO_OIL,2026-08-30T22:04:16+05:30,,,,,FG0000009,EXTRA LIGHT OLIVE 5 LTR TIN 4 PCS,,,August factory-app pieces vs SAP OIGN FG receipt pieces,0,,,,0,,,,0,,SAP ONLY - no run raised in the app,,187,,,,,,VERIFIED-live (both sides),app 0 vs SAP 187 pieces in Aug 2026
RECON_ITEM,JIVO_OIL,2026-08-30T22:04:16+05:30,,,,,FG0000092,EXTRA VIRGIN OLIVE 1 LTR + 1 LTR COMBO 8 SET PLAIN,,,August factory-app pieces vs SAP OIGN FG receipt pieces,0,,,,0,,,,0,,SAP ONLY - no run raised in the app,,152,,,,,,VERIFIED-live (both sides),app 0 vs SAP 152 pieces in Aug 2026
RECON_ITEM,JIVO_OIL,2026-08-30T22:04:16+05:30,,,,,FG0000316,SOYABEAN OIL 13 KGS (B),,,August factory-app pieces vs SAP OIGN FG receipt pieces,0,,,,0,,,,0,,SAP ONLY - no run raised in the app,,127,,,,,,VERIFIED-live (both sides),app 0 vs SAP 127 pieces in Aug 2026
RECON_ITEM,JIVO_OIL,2026-08-30T22:04:16+05:30,,,,,FG0000154,MUSTARD OIL 100 MLS 20 PCS(CSD),,,August factory-app pieces vs SAP OIGN FG receipt pieces,0,,,,0,,,,0,,SAP ONLY - no run raised in the app,,120,,,,,,VERIFIED-live (both sides),app 0 vs SAP 120 pieces in Aug 2026
RECON_ITEM,JIVO_OIL,2026-08-30T22:04:16+05:30,,,,,FG0000074,EXTRA VIRGIN OLIVE 5 LTR TIN 4 PCS IMPORTED,,,August factory-app pieces vs SAP OIGN FG receipt pieces,0,,,,0,,,,0,,SAP ONLY - no run raised in the app,,118,,,,,,VERIFIED-live (both sides),app 0 vs SAP 118 pieces in Aug 2026
RECON_ITEM,JIVO_OIL,2026-08-30T22:04:16+05:30,,,,,FG0000016,REFINED OIL 2 LTR,,,August factory-app pieces vs SAP OIGN FG receipt pieces,109,,,,109,,,,100,,IN APP AND SAP,,109,,,,,,VERIFIED-live (both sides),app 109 vs SAP 109 pieces in Aug 2026
RECON_ITEM,JIVO_OIL,2026-08-30T22:04:16+05:30,,,,,FG0000034,EXTRA LIGHT OLIVE 200 LTR 1 PCS,,,August factory-app pieces vs SAP OIGN FG receipt pieces,0,,,,0,,,,0,,SAP ONLY - no run raised in the app,,100,,,,,,VERIFIED-live (both sides),app 0 vs SAP 100 pieces in Aug 2026
RECON_ITEM,JIVO_OIL,2026-08-30T22:04:16+05:30,,,,,FG0000328,SANO POMACE OLIVE 200 LTR 1 PCS,,,August factory-app pieces vs SAP OIGN FG receipt pieces,0,,,,0,,,,0,,SAP ONLY - no run raised in the app,,90,,,,,,VERIFIED-live (both sides),app 0 vs SAP 90 pieces in Aug 2026
RECON_ITEM,JIVO_OIL,2026-08-30T22:04:16+05:30,,,,,FG0000404,COLD PRESS 4 LTR (NIRMAL RISHI ) + EXTRA LIGHT OLIVE 1 LTR 5 PCS,,,August factory-app pieces vs SAP OIGN FG receipt pieces,0,,,,0,,,,0,,SAP ONLY - no run raised in the app,,85,,,,,,VERIFIED-live (both sides),app 0 vs SAP 85 pieces in Aug 2026
RECON_ITEM,JIVO_OIL,2026-08-30T22:04:16+05:30,,,,,FG0000282,EXTRA VIRGIN COCONUT OIL 200 MLS 6 PCS,,,August factory-app pieces vs SAP OIGN FG receipt pieces,0,,,,0,,,,0,,SAP ONLY - no run raised in the app,,58,,,,,,VERIFIED-live (both sides),app 0 vs SAP 58 pieces in Aug 2026
RECON_ITEM,JIVO_OIL,2026-08-30T22:04:16+05:30,,,,,FG0000398,JIVO EXTRA LIGHT OLIVE OIL 1 LTR 16 PCS ( CSD ),,,August factory-app pieces vs SAP OIGN FG receipt pieces,0,,,,0,,,,0,,SAP ONLY - no run raised in the app,,44,,,,,,VERIFIED-live (both sides),app 0 vs SAP 44 pieces in Aug 2026
RECON_ITEM,JIVO_OIL,2026-08-30T22:04:16+05:30,,,,,FG0000013,REFINED OIL 1000 MLS,,,August factory-app pieces vs SAP OIGN FG receipt pieces,43,,,,43,,,,100,,IN APP AND SAP,,43,,,,,,VERIFIED-live (both sides),app 43 vs SAP 43 pieces in Aug 2026
RECON_ITEM,JIVO_OIL,2026-08-30T22:04:16+05:30,,,,,FG0000047,COLD PRESS 3 LTR + EXTRA LIGHT OLIVE 1 LTR 6 PCS,,,August factory-app pieces vs SAP OIGN FG receipt pieces,0,,,,0,,,,0,,SAP ONLY - no run raised in the app,,40,,,,,,VERIFIED-live (both sides),app 0 vs SAP 40 pieces in Aug 2026
RECON_ITEM,JIVO_OIL,2026-08-30T22:04:16+05:30,,,,,FG0000395,JIVO EXTRA VIRGIN COCONUT OIL 1 LTR 16 PCS ( CSD ),,,August factory-app pieces vs SAP OIGN FG receipt pieces,0,,,,0,,,,0,,SAP ONLY - no run raised in the app,,34,,,,,,VERIFIED-live (both sides),app 0 vs SAP 34 pieces in Aug 2026
RECON_ITEM,JIVO_OIL,2026-08-30T22:04:16+05:30,,,,,FG0000396,JIVO EXTRA VIRGIN OLIVE OIL 1 LTR 16 PCS ( CSD ),,,August factory-app pieces vs SAP OIGN FG receipt pieces,0,,,,0,,,,0,,SAP ONLY - no run raised in the app,,33,,,,,,VERIFIED-live (both sides),app 0 vs SAP 33 pieces in Aug 2026
RECON_ITEM,JIVO_OIL,2026-08-30T22:04:16+05:30,,,,,FG0000397,JIVO EXTRA VIRGIN OLIVE OIL 500 MLS 24 PCS ( CSD ),,,August factory-app pieces vs SAP OIGN FG receipt pieces,0,,,,0,,,,0,,SAP ONLY - no run raised in the app,,29,,,,,,VERIFIED-live (both sides),app 0 vs SAP 29 pieces in Aug 2026
RECON_ITEM,JIVO_OIL,2026-08-30T22:04:16+05:30,,,,,FG0000232,SO OLIVE OIL 5 LTR 4 PCS,,,August factory-app pieces vs SAP OIGN FG receipt pieces,0,,,,0,,,,0,,SAP ONLY - no run raised in the app,,20,,,,,,VERIFIED-live (both sides),app 0 vs SAP 20 pieces in Aug 2026
RECON_ITEM,JIVO_OIL,2026-08-30T22:04:16+05:30,,,,,FG0000394,JIVO POMACE OLIVE OIL 1 LTR 16 PCS ( CSD ),,,August factory-app pieces vs SAP OIGN FG receipt pieces,0,,,,0,,,,0,,SAP ONLY - no run raised in the app,,11,,,,,,VERIFIED-live (both sides),app 0 vs SAP 11 pieces in Aug 2026
RECON_ITEM,JIVO_OIL,2026-08-30T22:04:16+05:30,,,,,FG0000418,SOYABEAN OIL 1 LTR 20 PCS ROUND BOTTLE,,,August factory-app pieces vs SAP OIGN FG receipt pieces,0,,,,0,,,,0,,SAP ONLY - no run raised in the app,,4,,,,,,VERIFIED-live (both sides),app 0 vs SAP 4 pieces in Aug 2026
RECON_ITEM,JIVO_OIL,2026-08-30T22:04:16+05:30,,,,,FG0000372,POMACE OLIVE 3 LTR TIN 2 PCS,,,August factory-app pieces vs SAP OIGN FG receipt pieces,0,,,,0,,,,0,,SAP ONLY - no run raised in the app,,4,,,,,,VERIFIED-live (both sides),app 0 vs SAP 4 pieces in Aug 2026
RECON_ITEM,JIVO_OIL,2026-08-30T22:04:16+05:30,,,,,FG0000045,POMACE OLIVE 500 MLS 24 PCS,,,August factory-app pieces vs SAP OIGN FG receipt pieces,0,,,,0,,,,0,,SAP ONLY - no run raised in the app,,1,,,,,,VERIFIED-live (both sides),app 0 vs SAP 1 pieces in Aug 2026
PRODUCTIVE_WINDOW,JIVO_OIL,2026-08-30T22:04:16+05:30,2026-05-04,10 Head,,,,,,,elapsed hours from the first segment start to the last segment that actually produced,0.86,hours,52,120,,,,,,,,,4,,0.18,21.4,,,VERIFIED-live,"first start 12:05, last productive stop 12:56; inside that window 11 min were inside producing segments (21%) and 41 min were tea/lunch/stop gaps; AFTER the last productive stop a further 34564 min of zero-output 'close' segment was left open"
PRODUCTIVE_WINDOW,JIVO_OIL,2026-08-30T22:04:16+05:30,2026-05-26,10 Head,,,,,,,elapsed hours from the first segment start to the last segment that actually produced,0.05,hours,3,4,,,,,,,,,2,,0.02,34.6,,,VERIFIED-live,"first start 12:41, last productive stop 12:43; inside that window 1 min were inside producing segments (35%) and 2 min were tea/lunch/stop gaps; AFTER the last productive stop a further 0 min of zero-output 'close' segment was left open"
PRODUCTIVE_WINDOW,JIVO_OIL,2026-08-30T22:04:16+05:30,2026-06-12,Tin Head,,,,,,,elapsed hours from the first segment start to the last segment that actually produced,0.01,hours,1,55,,,,,,,,,1,,0.0,0.0,,,VERIFIED-live,"first start 17:33, last productive stop 17:34; inside that window 0 min were inside producing segments (0%) and 1 min were tea/lunch/stop gaps; AFTER the last productive stop a further 58620 min of zero-output 'close' segment was left open"
PRODUCTIVE_WINDOW,JIVO_OIL,2026-08-30T22:04:16+05:30,2026-07-10,10 Head,,,,,,,elapsed hours from the first segment start to the last segment that actually produced,0.04,hours,3,1900,,,,,,,,,2,,0.02,37.0,,,VERIFIED-live,"first start 12:54, last productive stop 12:57; inside that window 1 min were inside producing segments (37%) and 2 min were tea/lunch/stop gaps; AFTER the last productive stop a further 0 min of zero-output 'close' segment was left open"
PRODUCTIVE_WINDOW,JIVO_OIL,2026-08-30T22:04:16+05:30,2026-07-10,Clear Pack,,,,,,,elapsed hours from the first segment start to the last segment that actually produced,0.01,hours,1,100,,,,,,,,,1,,0.0,0.0,,,VERIFIED-live,"first start 11:23, last productive stop 11:24; inside that window 0 min were inside producing segments (0%) and 1 min were tea/lunch/stop gaps; AFTER the last productive stop a further 0 min of zero-output 'close' segment was left open"
PRODUCTIVE_WINDOW,JIVO_OIL,2026-08-30T22:04:16+05:30,2026-07-10,JP Machine,,,,,,,elapsed hours from the first segment start to the last segment that actually produced,0.22,hours,13,301,,,,,,,,,3,,0.02,7.6,,,VERIFIED-live,"first start 11:50, last productive stop 12:03; inside that window 1 min were inside producing segments (8%) and 12 min were tea/lunch/stop gaps; AFTER the last productive stop a further 0 min of zero-output 'close' segment was left open"
PRODUCTIVE_WINDOW,JIVO_OIL,2026-08-30T22:04:16+05:30,2026-07-14,Clear Pack,,,,,,,elapsed hours from the first segment start to the last segment that actually produced,1.02,hours,61,100,,,,,,,,,2,,0.83,81.6,,,VERIFIED-live,"first start 08:40, last productive stop 09:42; inside that window 50 min were inside producing segments (82%) and 11 min were tea/lunch/stop gaps; AFTER the last productive stop a further 11558 min of zero-output 'close' segment was left open"
PRODUCTIVE_WINDOW,JIVO_OIL,2026-08-30T22:04:16+05:30,2026-07-15,10 Head,,,,,,,elapsed hours from the first segment start to the last segment that actually produced,4.64,hours,278,280,,,,,,,,,3,,3.87,83.3,,,VERIFIED-live,"first start 15:56, last productive stop 20:34; inside that window 232 min were inside producing segments (83%) and 46 min were tea/lunch/stop gaps; AFTER the last productive stop a further 0 min of zero-output 'close' segment was left open"
PRODUCTIVE_WINDOW,JIVO_OIL,2026-08-30T22:04:16+05:30,2026-07-15,Clear Pack,,,,,,,elapsed hours from the first segment start to the last segment that actually produced,10.52,hours,631,1125,,,,,,,,,15,,7.13,67.8,,,VERIFIED-live,"first start 08:28, last productive stop 19:00; inside that window 428 min were inside producing segments (68%) and 203 min were tea/lunch/stop gaps; AFTER the last productive stop a further 0 min of zero-output 'close' segment was left open"
PRODUCTIVE_WINDOW,JIVO_OIL,2026-08-30T22:04:16+05:30,2026-07-15,JP Machine,,,,,,,elapsed hours from the first segment start to the last segment that actually produced,2.86,hours,172,54,,,,,,,,,2,,2.82,98.5,,,VERIFIED-live,"first start 08:30, last productive stop 11:22; inside that window 169 min were inside producing segments (99%) and 3 min were tea/lunch/stop gaps; AFTER the last productive stop a further 0 min of zero-output 'close' segment was left open"
PRODUCTIVE_WINDOW,JIVO_OIL,2026-08-30T22:04:16+05:30,2026-07-16,6 Head,,,,,,,elapsed hours from the first segment start to the last segment that actually produced,2.21,hours,132,830,,,,,,,,,6,,1.87,84.5,,,VERIFIED-live,"first start 16:46, last productive stop 18:58; inside that window 112 min were inside producing segments (85%) and 20 min were tea/lunch/stop gaps; AFTER the last productive stop a further 0 min of zero-output 'close' segment was left open"
PRODUCTIVE_WINDOW,JIVO_OIL,2026-08-30T22:04:16+05:30,2026-07-16,Clear Pack,,,,,,,elapsed hours from the first segment start to the last segment that actually produced,10.25,hours,615,2166,,,,,,,,,16,,7.95,77.5,,,VERIFIED-live,"first start 08:30, last productive stop 18:45; inside that window 477 min were inside producing segments (78%) and 138 min were tea/lunch/stop gaps; AFTER the last productive stop a further 0 min of zero-output 'close' segment was left open"
PRODUCTIVE_WINDOW,JIVO_OIL,2026-08-30T22:04:16+05:30,2026-07-16,JP Machine,,,,,,,elapsed hours from the first segment start to the last segment that actually produced,6.44,hours,386,180,,,,,,,,,5,,3.2,49.7,,,VERIFIED-live,"first start 08:57, last productive stop 15:23; inside that window 192 min were inside producing segments (50%) and 194 min were tea/lunch/stop gaps; AFTER the last productive stop a further 0 min of zero-output 'close' segment was left open"
PRODUCTIVE_WINDOW,JIVO_OIL,2026-08-30T22:04:16+05:30,2026-07-21,Clear Pack,,,,,,,elapsed hours from the first segment start to the last segment that actually produced,3.7,hours,222,600,,,,,,,,,5,,3.1,83.7,,,VERIFIED-live,"first start 15:03, last productive stop 18:45; inside that window 186 min were inside producing segments (84%) and 36 min were tea/lunch/stop gaps; AFTER the last productive stop a further 0 min of zero-output 'close' segment was left open"
PRODUCTIVE_WINDOW,JIVO_OIL,2026-08-30T22:04:16+05:30,2026-07-21,JP Machine,,,,,,,elapsed hours from the first segment start to the last segment that actually produced,3.91,hours,234,130,,,,,,,,,3,,3.5,89.6,,,VERIFIED-live,"first start 15:08, last productive stop 19:03; inside that window 210 min were inside producing segments (90%) and 24 min were tea/lunch/stop gaps; AFTER the last productive stop a further 0 min of zero-output 'close' segment was left open"
PRODUCTIVE_WINDOW,JIVO_OIL,2026-08-30T22:04:16+05:30,2026-07-22,Clear Pack,,,,,,,elapsed hours from the first segment start to the last segment that actually produced,7.23,hours,434,723,,,,,,,,,7,,4.92,68.0,,,VERIFIED-live,"first start 07:41, last productive stop 14:55; inside that window 295 min were inside producing segments (68%) and 139 min were tea/lunch/stop gaps; AFTER the last productive stop a further 0 min of zero-output 'close' segment was left open"
PRODUCTIVE_WINDOW,JIVO_OIL,2026-08-30T22:04:16+05:30,2026-07-22,JP Machine,,,,,,,elapsed hours from the first segment start to the last segment that actually produced,5.89,hours,353,140,,,,,,,,,4,,5.38,91.4,,,VERIFIED-live,"first start 07:59, last productive stop 13:52; inside that window 323 min were inside producing segments (91%) and 30 min were tea/lunch/stop gaps; AFTER the last productive stop a further 0 min of zero-output 'close' segment was left open"
PRODUCTIVE_WINDOW,JIVO_OIL,2026-08-30T22:04:16+05:30,2026-07-23,10 Head,,,,,,,elapsed hours from the first segment start to the last segment that actually produced,7.55,hours,453,120,,,,,,,,,1,,7.53,99.8,,,VERIFIED-live,"first start 08:46, last productive stop 16:19; inside that window 452 min were inside producing segments (100%) and 1 min were tea/lunch/stop gaps; AFTER the last productive stop a further 0 min of zero-output 'close' segment was left open"
PRODUCTIVE_WINDOW,JIVO_OIL,2026-08-30T22:04:16+05:30,2026-07-23,Clear Pack,,,,,,,elapsed hours from the first segment start to the last segment that actually produced,10.69,hours,642,1060,,,,,,,,,12,,6.18,57.8,,,VERIFIED-live,"first start 08:15, last productive stop 18:56; inside that window 371 min were inside producing segments (58%) and 271 min were tea/lunch/stop gaps; AFTER the last productive stop a further 0 min of zero-output 'close' segment was left open"
PRODUCTIVE_WINDOW,JIVO_OIL,2026-08-30T22:04:16+05:30,2026-07-23,JP Machine,,,,,,,elapsed hours from the first segment start to the last segment that actually produced,2.2,hours,132,90,,,,,,,,,3,,1.92,87.1,,,VERIFIED-live,"first start 08:34, last productive stop 10:46; inside that window 115 min were inside producing segments (87%) and 17 min were tea/lunch/stop gaps; AFTER the last productive stop a further 0 min of zero-output 'close' segment was left open"
PRODUCTIVE_WINDOW,JIVO_OIL,2026-08-30T22:04:16+05:30,2026-07-24,6 Head,,,,,,,elapsed hours from the first segment start to the last segment that actually produced,9.21,hours,552,302,,,,,,,,,4,,8.12,88.2,,,VERIFIED-live,"first start 08:21, last productive stop 17:33; inside that window 487 min were inside producing segments (88%) and 65 min were tea/lunch/stop gaps; AFTER the last productive stop a further 0 min of zero-output 'close' segment was left open"
PRODUCTIVE_WINDOW,JIVO_OIL,2026-08-30T22:04:16+05:30,2026-07-25,10 Head,,,,,,,elapsed hours from the first segment start to the last segment that actually produced,9.19,hours,552,1438,,,,,,,,,4,,3.25,35.4,,,VERIFIED-live,"first start 10:06, last productive stop 19:18; inside that window 195 min were inside producing segments (35%) and 357 min were tea/lunch/stop gaps; AFTER the last productive stop a further 0 min of zero-output 'close' segment was left open"
PRODUCTIVE_WINDOW,JIVO_OIL,2026-08-30T22:04:16+05:30,2026-07-25,6 Head,,,,,,,elapsed hours from the first segment start to the last segment that actually produced,9.29,hours,557,1035,,,,,,,,,5,,4.6,49.5,,,VERIFIED-live,"first start 10:03, last productive stop 19:21; inside that window 276 min were inside producing segments (50%) and 281 min were tea/lunch/stop gaps; AFTER the last productive stop a further 0 min of zero-output 'close' segment was left open"
PRODUCTIVE_WINDOW,JIVO_OIL,2026-08-30T22:04:16+05:30,2026-07-25,Clear Pack,,,,,,,elapsed hours from the first segment start to the last segment that actually produced,9.19,hours,551,1596,,,,,,,,,5,,7.37,80.2,,,VERIFIED-live,"first start 10:04, last productive stop 19:15; inside that window 442 min were inside producing segments (80%) and 109 min were tea/lunch/stop gaps; AFTER the last productive stop a further 0 min of zero-output 'close' segment was left open"
PRODUCTIVE_WINDOW,JIVO_OIL,2026-08-30T22:04:16+05:30,2026-07-25,Tin Head,,,,,,,elapsed hours from the first segment start to the last segment that actually produced,6.54,hours,392,2936,,,,,,,,,3,,3.6,55.1,,,VERIFIED-live,"first start 12:46, last productive stop 19:19; inside that window 216 min were inside producing segments (55%) and 176 min were tea/lunch/stop gaps; AFTER the last productive stop a further 0 min of zero-output 'close' segment was left open"
PRODUCTIVE_WINDOW,JIVO_OIL,2026-08-30T22:04:16+05:30,2026-07-27,10 Head,,,,,,,elapsed hours from the first segment start to the last segment that actually produced,8.27,hours,496,1857,,,,,,,,,3,,6.6,79.8,,,VERIFIED-live,"first start 10:44, last productive stop 19:00; inside that window 396 min were inside producing segments (80%) and 100 min were tea/lunch/stop gaps; AFTER the last productive stop a further 0 min of zero-output 'close' segment was left open"
PRODUCTIVE_WINDOW,JIVO_OIL,2026-08-30T22:04:16+05:30,2026-07-27,6 Head,,,,,,,elapsed hours from the first segment start to the last segment that actually produced,7.53,hours,452,874,,,,,,,,,4,,6.1,81.0,,,VERIFIED-live,"first start 11:24, last productive stop 18:56; inside that window 366 min were inside producing segments (81%) and 86 min were tea/lunch/stop gaps; AFTER the last productive stop a further 0 min of zero-output 'close' segment was left open"
PRODUCTIVE_WINDOW,JIVO_OIL,2026-08-30T22:04:16+05:30,2026-07-27,Clear Pack,,,,,,,elapsed hours from the first segment start to the last segment that actually produced,7.84,hours,471,2369,,,,,,,,,7,,6.13,78.2,,,VERIFIED-live,"first start 11:06, last productive stop 18:57; inside that window 368 min were inside producing segments (78%) and 103 min were tea/lunch/stop gaps; AFTER the last productive stop a further 0 min of zero-output 'close' segment was left open"
PRODUCTIVE_WINDOW,JIVO_OIL,2026-08-30T22:04:16+05:30,2026-07-27,Pouch Machine,,,,,,,elapsed hours from the first segment start to the last segment that actually produced,7.86,hours,471,3060,,,,,,,,,4,,6.63,84.4,,,VERIFIED-live,"first start 11:07, last productive stop 18:58; inside that window 398 min were inside producing segments (84%) and 73 min were tea/lunch/stop gaps; AFTER the last productive stop a further 0 min of zero-output 'close' segment was left open"
PRODUCTIVE_WINDOW,JIVO_OIL,2026-08-30T22:04:16+05:30,2026-07-28,10 Head,,,,,,,elapsed hours from the first segment start to the last segment that actually produced,8.89,hours,534,653,,,,,,,,,4,,7.53,84.7,,,VERIFIED-live,"first start 09:48, last productive stop 18:42; inside that window 452 min were inside producing segments (85%) and 82 min were tea/lunch/stop gaps; AFTER the last productive stop a further 0 min of zero-output 'close' segment was left open"
PRODUCTIVE_WINDOW,JIVO_OIL,2026-08-30T22:04:16+05:30,2026-07-28,6 Head,,,,,,,elapsed hours from the first segment start to the last segment that actually produced,2.34,hours,140,550,,,,,,,,,2,,1.97,84.2,,,VERIFIED-live,"first start 09:48, last productive stop 12:08; inside that window 118 min were inside producing segments (84%) and 22 min were tea/lunch/stop gaps; AFTER the last productive stop a further 0 min of zero-output 'close' segment was left open"
PRODUCTIVE_WINDOW,JIVO_OIL,2026-08-30T22:04:16+05:30,2026-07-28,Clear Pack,,,,,,,elapsed hours from the first segment start to the last segment that actually produced,7.36,hours,441,1060,,,,,,,,,6,,5.18,70.5,,,VERIFIED-live,"first start 10:27, last productive stop 17:48; inside that window 311 min were inside producing segments (70%) and 130 min were tea/lunch/stop gaps; AFTER the last productive stop a further 58 min of zero-output 'close' segment was left open"
PRODUCTIVE_WINDOW,JIVO_OIL,2026-08-30T22:04:16+05:30,2026-07-28,JP Machine,,,,,,,elapsed hours from the first segment start to the last segment that actually produced,8.88,hours,533,785,,,,,,,,,7,,7.0,78.9,,,VERIFIED-live,"first start 10:27, last productive stop 19:20; inside that window 420 min were inside producing segments (79%) and 113 min were tea/lunch/stop gaps; AFTER the last productive stop a further 0 min of zero-output 'close' segment was left open"
PRODUCTIVE_WINDOW,JIVO_OIL,2026-08-30T22:04:16+05:30,2026-07-29,10 Head,,,,,,,elapsed hours from the first segment start to the last segment that actually produced,6.57,hours,394,610,,,,,,,,,5,,3.22,48.9,,,VERIFIED-live,"first start 09:40, last productive stop 16:15; inside that window 193 min were inside producing segments (49%) and 201 min were tea/lunch/stop gaps; AFTER the last productive stop a further 120 min of zero-output 'close' segment was left open"
PRODUCTIVE_WINDOW,JIVO_OIL,2026-08-30T22:04:16+05:30,2026-07-29,6 Head,,,,,,,elapsed hours from the first segment start to the last segment that actually produced,6.38,hours,383,200,,,,,,,,,3,,4.93,77.3,,,VERIFIED-live,"first start 09:42, last productive stop 16:05; inside that window 296 min were inside producing segments (77%) and 87 min were tea/lunch/stop gaps; AFTER the last productive stop a further 164 min of zero-output 'close' segment was left open"
PRODUCTIVE_WINDOW,JIVO_OIL,2026-08-30T22:04:16+05:30,2026-07-29,Clear Pack,,,,,,,elapsed hours from the first segment start to the last segment that actually produced,2.5,hours,150,366,,,,,,,,,2,,2.12,84.8,,,VERIFIED-live,"first start 15:36, last productive stop 18:06; inside that window 127 min were inside producing segments (85%) and 23 min were tea/lunch/stop gaps; AFTER the last productive stop a further 47 min of zero-output 'close' segment was left open"
PRODUCTIVE_WINDOW,JIVO_OIL,2026-08-30T22:04:16+05:30,2026-07-29,JP Machine,,,,,,,elapsed hours from the first segment start to the last segment that actually produced,6.97,hours,418,890,,,,,,,,,4,,5.87,84.2,,,VERIFIED-live,"first start 11:20, last productive stop 18:18; inside that window 352 min were inside producing segments (84%) and 66 min were tea/lunch/stop gaps; AFTER the last productive stop a further 0 min of zero-output 'close' segment was left open"
PRODUCTIVE_WINDOW,JIVO_OIL,2026-08-30T22:04:16+05:30,2026-07-30,10 Head,,,,,,,elapsed hours from the first segment start to the last segment that actually produced,8.0,hours,480,720,,,,,,,,,3,,6.82,85.2,,,VERIFIED-live,"first start 08:09, last productive stop 16:09; inside that window 409 min were inside producing segments (85%) and 71 min were tea/lunch/stop gaps; AFTER the last productive stop a further 234 min of zero-output 'close' segment was left open"
PRODUCTIVE_WINDOW,JIVO_OIL,2026-08-30T22:04:16+05:30,2026-07-30,6 Head,,,,,,,elapsed hours from the first segment start to the last segment that actually produced,11.04,hours,662,523,,,,,,,,,4,,7.23,65.5,,,VERIFIED-live,"first start 08:09, last productive stop 19:11; inside that window 434 min were inside producing segments (66%) and 228 min were tea/lunch/stop gaps; AFTER the last productive stop a further 0 min of zero-output 'close' segment was left open"
PRODUCTIVE_WINDOW,JIVO_OIL,2026-08-30T22:04:16+05:30,2026-07-30,Clear Pack,,,,,,,elapsed hours from the first segment start to the last segment that actually produced,10.93,hours,656,360,,,,,,,,,3,,4.88,44.7,,,VERIFIED-live,"first start 08:02, last productive stop 18:58; inside that window 293 min were inside producing segments (45%) and 363 min were tea/lunch/stop gaps; AFTER the last productive stop a further 0 min of zero-output 'close' segment was left open"
PRODUCTIVE_WINDOW,JIVO_OIL,2026-08-30T22:04:16+05:30,2026-07-30,JP Machine,,,,,,,elapsed hours from the first segment start to the last segment that actually produced,7.53,hours,452,440,,,,,,,,,4,,6.2,82.4,,,VERIFIED-live,"first start 11:26, last productive stop 18:57; inside that window 372 min were inside producing segments (82%) and 80 min were tea/lunch/stop gaps; AFTER the last productive stop a further 0 min of zero-output 'close' segment was left open"
PRODUCTIVE_WINDOW,JIVO_OIL,2026-08-30T22:04:16+05:30,2026-07-31,10 Head,,,,,,,elapsed hours from the first segment start to the last segment that actually produced,7.97,hours,478,585,,,,,,,,,3,,6.92,86.8,,,VERIFIED-live,"first start 08:09, last productive stop 16:07; inside that window 415 min were inside producing segments (87%) and 63 min were tea/lunch/stop gaps; AFTER the last productive stop a further 196 min of zero-output 'close' segment was left open"
PRODUCTIVE_WINDOW,JIVO_OIL,2026-08-30T22:04:16+05:30,2026-07-31,6 Head,,,,,,,elapsed hours from the first segment start to the last segment that actually produced,8.0,hours,480,940,,,,,,,,,5,,3.83,47.9,,,VERIFIED-live,"first start 09:37, last productive stop 17:37; inside that window 230 min were inside producing segments (48%) and 250 min were tea/lunch/stop gaps; AFTER the last productive stop a further 0 min of zero-output 'close' segment was left open"
PRODUCTIVE_WINDOW,JIVO_OIL,2026-08-30T22:04:16+05:30,2026-07-31,Clear Pack,,,,,,,elapsed hours from the first segment start to the last segment that actually produced,11.56,hours,694,1245,,,,,,,,,8,,8.8,76.1,,,VERIFIED-live,"first start 07:32, last productive stop 19:06; inside that window 528 min were inside producing segments (76%) and 166 min were tea/lunch/stop gaps; AFTER the last productive stop a further 0 min of zero-output 'close' segment was left open"
PRODUCTIVE_WINDOW,JIVO_OIL,2026-08-30T22:04:16+05:30,2026-07-31,JP Machine,,,,,,,elapsed hours from the first segment start to the last segment that actually produced,11.39,hours,683,1402,,,,,,,,,7,,7.48,65.7,,,VERIFIED-live,"first start 07:44, last productive stop 19:07; inside that window 449 min were inside producing segments (66%) and 234 min were tea/lunch/stop gaps; AFTER the last productive stop a further 0 min of zero-output 'close' segment was left open"
PRODUCTIVE_WINDOW,JIVO_OIL,2026-08-30T22:04:16+05:30,2026-08-01,10 Head,,,,,,,elapsed hours from the first segment start to the last segment that actually produced,5.27,hours,316,585,,,,,,,,,1,,5.25,99.7,,,VERIFIED-live,"first start 08:19, last productive stop 13:35; inside that window 315 min were inside producing segments (100%) and 1 min were tea/lunch/stop gaps; AFTER the last productive stop a further 2640 min of zero-output 'close' segment was left open"
PRODUCTIVE_WINDOW,JIVO_OIL,2026-08-30T22:04:16+05:30,2026-08-01,6 Head,,,,,,,elapsed hours from the first segment start to the last segment that actually produced,7.69,hours,461,351,,,,,,,,,4,,8.13,105.8,,,VERIFIED-live,"first start 08:21, last productive stop 16:02; inside that window 488 min were inside producing segments (106%) and -27 min were tea/lunch/stop gaps; AFTER the last productive stop a further 2657 min of zero-output 'close' segment was left open"
PRODUCTIVE_WINDOW,JIVO_OIL,2026-08-30T22:04:16+05:30,2026-08-01,JP Machine,,,,,,,elapsed hours from the first segment start to the last segment that actually produced,10.78,hours,647,1125,,,,,,,,,3,,9.37,86.9,,,VERIFIED-live,"first start 08:20, last productive stop 19:07; inside that window 562 min were inside producing segments (87%) and 85 min were tea/lunch/stop gaps; AFTER the last productive stop a further 0 min of zero-output 'close' segment was left open"
PRODUCTIVE_WINDOW,JIVO_OIL,2026-08-30T22:04:16+05:30,2026-08-03,10 Head,,,,,,,elapsed hours from the first segment start to the last segment that actually produced,7.5,hours,450,235,,,,,,,,,2,,3.35,44.7,,,VERIFIED-live,"first start 08:44, last productive stop 16:14; inside that window 201 min were inside producing segments (45%) and 249 min were tea/lunch/stop gaps; AFTER the last productive stop a further 0 min of zero-output 'close' segment was left open"
PRODUCTIVE_WINDOW,JIVO_OIL,2026-08-30T22:04:16+05:30,2026-08-03,6 Head,,,,,,,elapsed hours from the first segment start to the last segment that actually produced,6.85,hours,411,1125,,,,,,,,,4,,3.88,56.7,,,VERIFIED-live,"first start 09:16, last productive stop 16:08; inside that window 233 min were inside producing segments (57%) and 178 min were tea/lunch/stop gaps; AFTER the last productive stop a further 173 min of zero-output 'close' segment was left open"
PRODUCTIVE_WINDOW,JIVO_OIL,2026-08-30T22:04:16+05:30,2026-08-03,Clear Pack,,,,,,,elapsed hours from the first segment start to the last segment that actually produced,7.11,hours,427,860,,,,,,,,,4,,5.58,78.5,,,VERIFIED-live,"first start 08:44, last productive stop 15:51; inside that window 335 min were inside producing segments (79%) and 92 min were tea/lunch/stop gaps; AFTER the last productive stop a further 205 min of zero-output 'close' segment was left open"
PRODUCTIVE_WINDOW,JIVO_OIL,2026-08-30T22:04:16+05:30,2026-08-03,JP Machine,,,,,,,elapsed hours from the first segment start to the last segment that actually produced,3.17,hours,190,51,,,,,,,,,1,,3.17,100.0,,,VERIFIED-live,"first start 16:21, last productive stop 19:31; inside that window 190 min were inside producing segments (100%) and 0 min were tea/lunch/stop gaps; AFTER the last productive stop a further 0 min of zero-output 'close' segment was left open"
PRODUCTIVE_WINDOW,JIVO_OIL,2026-08-30T22:04:16+05:30,2026-08-03,Pouch Machine,,,,,,,elapsed hours from the first segment start to the last segment that actually produced,6.74,hours,404,2235,,,,,,,,,3,,6.35,94.2,,,VERIFIED-live,"first start 09:41, last productive stop 16:25; inside that window 381 min were inside producing segments (94%) and 23 min were tea/lunch/stop gaps; AFTER the last productive stop a further 182 min of zero-output 'close' segment was left open"
PRODUCTIVE_WINDOW,JIVO_OIL,2026-08-30T22:04:16+05:30,2026-08-04,10 Head,,,,,,,elapsed hours from the first segment start to the last segment that actually produced,3.01,hours,181,287,,,,,,,,,2,,1.83,60.8,,,VERIFIED-live,"first start 08:09, last productive stop 11:10; inside that window 110 min were inside producing segments (61%) and 71 min were tea/lunch/stop gaps; AFTER the last productive stop a further 160 min of zero-output 'close' segment was left open"
PRODUCTIVE_WINDOW,JIVO_OIL,2026-08-30T22:04:16+05:30,2026-08-04,6 Head,,,,,,,elapsed hours from the first segment start to the last segment that actually produced,3.07,hours,184,280,,,,,,,,,1,,0.0,0.0,,,VERIFIED-live,"first start 09:59, last productive stop 13:03; inside that window 0 min were inside producing segments (0%) and 184 min were tea/lunch/stop gaps; AFTER the last productive stop a further 248 min of zero-output 'close' segment was left open"
PRODUCTIVE_WINDOW,JIVO_OIL,2026-08-30T22:04:16+05:30,2026-08-04,Clear Pack,,,,,,,elapsed hours from the first segment start to the last segment that actually produced,11.08,hours,665,590,,,,,,,,,4,,9.17,82.8,,,VERIFIED-live,"first start 08:10, last productive stop 19:14; inside that window 550 min were inside producing segments (83%) and 115 min were tea/lunch/stop gaps; AFTER the last productive stop a further 0 min of zero-output 'close' segment was left open"
PRODUCTIVE_WINDOW,JIVO_OIL,2026-08-30T22:04:16+05:30,2026-08-04,JP Machine,,,,,,,elapsed hours from the first segment start to the last segment that actually produced,7.85,hours,471,675,,,,,,,,,3,,6.9,88.0,,,VERIFIED-live,"first start 08:11, last productive stop 16:01; inside that window 414 min were inside producing segments (88%) and 57 min were tea/lunch/stop gaps; AFTER the last productive stop a further 155 min of zero-output 'close' segment was left open"
PRODUCTIVE_WINDOW,JIVO_OIL,2026-08-30T22:04:16+05:30,2026-08-04,Pouch Machine,,,,,,,elapsed hours from the first segment start to the last segment that actually produced,4.17,hours,250,1400,,,,,,,,,2,,2.9,69.6,,,VERIFIED-live,"first start 11:00, last productive stop 15:10; inside that window 174 min were inside producing segments (70%) and 76 min were tea/lunch/stop gaps; AFTER the last productive stop a further 171 min of zero-output 'close' segment was left open"
PRODUCTIVE_WINDOW,JIVO_OIL,2026-08-30T22:04:16+05:30,2026-08-05,10 Head,,,,,,,elapsed hours from the first segment start to the last segment that actually produced,7.87,hours,472,985,,,,,,,,,3,,6.25,79.4,,,VERIFIED-live,"first start 08:14, last productive stop 16:06; inside that window 375 min were inside producing segments (79%) and 97 min were tea/lunch/stop gaps; AFTER the last productive stop a further 153 min of zero-output 'close' segment was left open"
PRODUCTIVE_WINDOW,JIVO_OIL,2026-08-30T22:04:16+05:30,2026-08-05,6 Head,,,,,,,elapsed hours from the first segment start to the last segment that actually produced,7.86,hours,471,589,,,,,,,,,3,,5.33,67.9,,,VERIFIED-live,"first start 08:14, last productive stop 16:05; inside that window 320 min were inside producing segments (68%) and 151 min were tea/lunch/stop gaps; AFTER the last productive stop a further 184 min of zero-output 'close' segment was left open"
PRODUCTIVE_WINDOW,JIVO_OIL,2026-08-30T22:04:16+05:30,2026-08-05,Clear Pack,,,,,,,elapsed hours from the first segment start to the last segment that actually produced,7.84,hours,471,705,,,,,,,,,4,,4.87,62.1,,,VERIFIED-live,"first start 08:14, last productive stop 16:05; inside that window 292 min were inside producing segments (62%) and 179 min were tea/lunch/stop gaps; AFTER the last productive stop a further 145 min of zero-output 'close' segment was left open"
PRODUCTIVE_WINDOW,JIVO_OIL,2026-08-30T22:04:16+05:30,2026-08-05,JP Machine,,,,,,,elapsed hours from the first segment start to the last segment that actually produced,7.88,hours,473,820,,,,,,,,,3,,6.3,80.0,,,VERIFIED-live,"first start 08:14, last productive stop 16:07; inside that window 378 min were inside producing segments (80%) and 95 min were tea/lunch/stop gaps; AFTER the last productive stop a further 156 min of zero-output 'close' segment was left open"
PRODUCTIVE_WINDOW,JIVO_OIL,2026-08-30T22:04:16+05:30,2026-08-05,Pouch Machine,,,,,,,elapsed hours from the first segment start to the last segment that actually produced,6.82,hours,409,2997,,,,,,,,,3,,4.55,66.7,,,VERIFIED-live,"first start 12:55, last productive stop 19:44; inside that window 273 min were inside producing segments (67%) and 136 min were tea/lunch/stop gaps; AFTER the last productive stop a further 0 min of zero-output 'close' segment was left open"
PRODUCTIVE_WINDOW,JIVO_OIL,2026-08-30T22:04:16+05:30,2026-08-06,10 Head,,,,,,,elapsed hours from the first segment start to the last segment that actually produced,4.56,hours,274,540,,,,,,,,,2,,4.3,94.2,,,VERIFIED-live,"first start 08:52, last productive stop 13:26; inside that window 258 min were inside producing segments (94%) and 16 min were tea/lunch/stop gaps; AFTER the last productive stop a further 432 min of zero-output 'close' segment was left open"
PRODUCTIVE_WINDOW,JIVO_OIL,2026-08-30T22:04:16+05:30,2026-08-06,6 Head,,,,,,,elapsed hours from the first segment start to the last segment that actually produced,4.59,hours,276,180,,,,,,,,,2,,4.35,94.7,,,VERIFIED-live,"first start 08:52, last productive stop 13:27; inside that window 261 min were inside producing segments (95%) and 15 min were tea/lunch/stop gaps; AFTER the last productive stop a further 397 min of zero-output 'close' segment was left open"
PRODUCTIVE_WINDOW,JIVO_OIL,2026-08-30T22:04:16+05:30,2026-08-06,Clear Pack,,,,,,,elapsed hours from the first segment start to the last segment that actually produced,4.82,hours,289,960,,,,,,,,,2,,3.57,73.9,,,VERIFIED-live,"first start 08:37, last productive stop 13:27; inside that window 214 min were inside producing segments (74%) and 75 min were tea/lunch/stop gaps; AFTER the last productive stop a further 421 min of zero-output 'close' segment was left open"
PRODUCTIVE_WINDOW,JIVO_OIL,2026-08-30T22:04:16+05:30,2026-08-06,JP Machine,,,,,,,elapsed hours from the first segment start to the last segment that actually produced,2.64,hours,158,254,,,,,,,,,1,,2.63,99.7,,,VERIFIED-live,"first start 08:37, last productive stop 11:15; inside that window 158 min were inside producing segments (100%) and 0 min were tea/lunch/stop gaps; AFTER the last productive stop a further 1 min of zero-output 'close' segment was left open"
PRODUCTIVE_WINDOW,JIVO_OIL,2026-08-30T22:04:16+05:30,2026-08-06,Pouch Machine,,,,,,,elapsed hours from the first segment start to the last segment that actually produced,2.43,hours,146,380,,,,,,,,,1,,2.42,99.6,,,VERIFIED-live,"first start 08:52, last productive stop 11:17; inside that window 145 min were inside producing segments (100%) and 1 min were tea/lunch/stop gaps; AFTER the last productive stop a further 194 min of zero-output 'close' segment was left open"
PRODUCTIVE_WINDOW,JIVO_OIL,2026-08-30T22:04:16+05:30,2026-08-07,10 Head,,,,,,,elapsed hours from the first segment start to the last segment that actually produced,6.94,hours,416,290,,,,,,,,,2,,2.75,39.6,,,VERIFIED-live,"first start 09:08, last productive stop 16:04; inside that window 165 min were inside producing segments (40%) and 251 min were tea/lunch/stop gaps; AFTER the last productive stop a further 424 min of zero-output 'close' segment was left open"
PRODUCTIVE_WINDOW,JIVO_OIL,2026-08-30T22:04:16+05:30,2026-08-07,6 Head,,,,,,,elapsed hours from the first segment start to the last segment that actually produced,4.37,hours,262,148,,,,,,,,,2,,0.95,21.7,,,VERIFIED-live,"first start 08:41, last productive stop 13:03; inside that window 57 min were inside producing segments (22%) and 205 min were tea/lunch/stop gaps; AFTER the last productive stop a further 383 min of zero-output 'close' segment was left open"
PRODUCTIVE_WINDOW,JIVO_OIL,2026-08-30T22:04:16+05:30,2026-08-07,Clear Pack,,,,,,,elapsed hours from the first segment start to the last segment that actually produced,8.29,hours,497,1584,,,,,,,,,8,,4.48,54.1,,,VERIFIED-live,"first start 08:41, last productive stop 16:58; inside that window 269 min were inside producing segments (54%) and 228 min were tea/lunch/stop gaps; AFTER the last productive stop a further 193 min of zero-output 'close' segment was left open"
PRODUCTIVE_WINDOW,JIVO_OIL,2026-08-30T22:04:16+05:30,2026-08-07,JP Machine,,,,,,,elapsed hours from the first segment start to the last segment that actually produced,6.92,hours,415,900,,,,,,,,,4,,4.43,64.1,,,VERIFIED-live,"first start 09:08, last productive stop 16:03; inside that window 266 min were inside producing segments (64%) and 149 min were tea/lunch/stop gaps; AFTER the last productive stop a further 249 min of zero-output 'close' segment was left open"
PRODUCTIVE_WINDOW,JIVO_OIL,2026-08-30T22:04:16+05:30,2026-08-08,10 Head,,,,,,,elapsed hours from the first segment start to the last segment that actually produced,8.03,hours,482,730,,,,,,,,,3,,6.45,80.3,,,VERIFIED-live,"first start 08:05, last productive stop 16:07; inside that window 387 min were inside producing segments (80%) and 95 min were tea/lunch/stop gaps; AFTER the last productive stop a further 0 min of zero-output 'close' segment was left open"
PRODUCTIVE_WINDOW,JIVO_OIL,2026-08-30T22:04:16+05:30,2026-08-08,6 Head,,,,,,,elapsed hours from the first segment start to the last segment that actually produced,7.98,hours,479,543,,,,,,,,,3,,4.82,60.4,,,VERIFIED-live,"first start 08:06, last productive stop 16:05; inside that window 289 min were inside producing segments (60%) and 190 min were tea/lunch/stop gaps; AFTER the last productive stop a further 178 min of zero-output 'close' segment was left open"
PRODUCTIVE_WINDOW,JIVO_OIL,2026-08-30T22:04:16+05:30,2026-08-08,JP Machine,,,,,,,elapsed hours from the first segment start to the last segment that actually produced,7.98,hours,479,665,,,,,,,,,3,,5.33,66.8,,,VERIFIED-live,"first start 08:05, last productive stop 16:04; inside that window 320 min were inside producing segments (67%) and 159 min were tea/lunch/stop gaps; AFTER the last productive stop a further 169 min of zero-output 'close' segment was left open"
PRODUCTIVE_WINDOW,JIVO_OIL,2026-08-30T22:04:16+05:30,2026-08-10,10 Head,,,,,,,elapsed hours from the first segment start to the last segment that actually produced,6.97,hours,418,855,,,,,,,,,2,,6.68,95.9,,,VERIFIED-live,"first start 09:09, last productive stop 16:07; inside that window 401 min were inside producing segments (96%) and 17 min were tea/lunch/stop gaps; AFTER the last productive stop a further 219 min of zero-output 'close' segment was left open"
PRODUCTIVE_WINDOW,JIVO_OIL,2026-08-30T22:04:16+05:30,2026-08-10,Clear Pack,,,,,,,elapsed hours from the first segment start to the last segment that actually produced,0.37,hours,22,80,,,,,,,,,1,,0.37,99.9,,,VERIFIED-live,"first start 15:46, last productive stop 16:08; inside that window 22 min were inside producing segments (100%) and 0 min were tea/lunch/stop gaps; AFTER the last productive stop a further 219 min of zero-output 'close' segment was left open"
PRODUCTIVE_WINDOW,JIVO_OIL,2026-08-30T22:04:16+05:30,2026-08-10,JP Machine,,,,,,,elapsed hours from the first segment start to the last segment that actually produced,7.0,hours,420,888,,,,,,,,,5,,5.12,73.1,,,VERIFIED-live,"first start 09:09, last productive stop 16:09; inside that window 307 min were inside producing segments (73%) and 113 min were tea/lunch/stop gaps; AFTER the last productive stop a further 437 min of zero-output 'close' segment was left open"
PRODUCTIVE_WINDOW,JIVO_OIL,2026-08-30T22:04:16+05:30,2026-08-11,10 Head,,,,,,,elapsed hours from the first segment start to the last segment that actually produced,2.59,hours,155,200,,,,,,,,,1,,2.58,99.7,,,VERIFIED-live,"first start 08:46, last productive stop 11:21; inside that window 155 min were inside producing segments (100%) and 0 min were tea/lunch/stop gaps; AFTER the last productive stop a further 218 min of zero-output 'close' segment was left open"
PRODUCTIVE_WINDOW,JIVO_OIL,2026-08-30T22:04:16+05:30,2026-08-11,6 Head,,,,,,,elapsed hours from the first segment start to the last segment that actually produced,2.57,hours,154,280,,,,,,,,,1,,2.57,99.8,,,VERIFIED-live,"first start 08:46, last productive stop 11:20; inside that window 154 min were inside producing segments (100%) and 0 min were tea/lunch/stop gaps; AFTER the last productive stop a further 258 min of zero-output 'close' segment was left open"
PRODUCTIVE_WINDOW,JIVO_OIL,2026-08-30T22:04:16+05:30,2026-08-11,Clear Pack,,,,,,,elapsed hours from the first segment start to the last segment that actually produced,4.71,hours,283,680,,,,,,,,,2,,4.53,96.2,,,VERIFIED-live,"first start 08:46, last productive stop 13:29; inside that window 272 min were inside producing segments (96%) and 11 min were tea/lunch/stop gaps; AFTER the last productive stop a further 306 min of zero-output 'close' segment was left open"
PRODUCTIVE_WINDOW,JIVO_OIL,2026-08-30T22:04:16+05:30,2026-08-11,JP Machine,,,,,,,elapsed hours from the first segment start to the last segment that actually produced,5.32,hours,319,573,,,,,,,,,3,,4.57,85.8,,,VERIFIED-live,"first start 08:46, last productive stop 14:06; inside that window 274 min were inside producing segments (86%) and 45 min were tea/lunch/stop gaps; AFTER the last productive stop a further 257 min of zero-output 'close' segment was left open"
PRODUCTIVE_WINDOW,JIVO_OIL,2026-08-30T22:04:16+05:30,2026-08-12,10 Head,,,,,,,elapsed hours from the first segment start to the last segment that actually produced,7.66,hours,460,810,,,,,,,,,3,,5.67,74.0,,,VERIFIED-live,"first start 08:28, last productive stop 16:08; inside that window 340 min were inside producing segments (74%) and 120 min were tea/lunch/stop gaps; AFTER the last productive stop a further 251 min of zero-output 'close' segment was left open"
PRODUCTIVE_WINDOW,JIVO_OIL,2026-08-30T22:04:16+05:30,2026-08-12,6 Head,,,,,,,elapsed hours from the first segment start to the last segment that actually produced,7.66,hours,459,1074,,,,,,,,,3,,5.55,72.5,,,VERIFIED-live,"first start 08:28, last productive stop 16:07; inside that window 333 min were inside producing segments (72%) and 126 min were tea/lunch/stop gaps; AFTER the last productive stop a further 250 min of zero-output 'close' segment was left open"
PRODUCTIVE_WINDOW,JIVO_OIL,2026-08-30T22:04:16+05:30,2026-08-12,Clear Pack,,,,,,,elapsed hours from the first segment start to the last segment that actually produced,7.71,hours,463,360,,,,,,,,,3,,5.7,73.9,,,VERIFIED-live,"first start 08:28, last productive stop 16:11; inside that window 342 min were inside producing segments (74%) and 121 min were tea/lunch/stop gaps; AFTER the last productive stop a further 279 min of zero-output 'close' segment was left open"
PRODUCTIVE_WINDOW,JIVO_OIL,2026-08-30T22:04:16+05:30,2026-08-12,JP Machine,,,,,,,elapsed hours from the first segment start to the last segment that actually produced,2.66,hours,159,390,,,,,,,,,1,,2.65,99.8,,,VERIFIED-live,"first start 08:28, last productive stop 11:08; inside that window 159 min were inside producing segments (100%) and 0 min were tea/lunch/stop gaps; AFTER the last productive stop a further 188 min of zero-output 'close' segment was left open"
PRODUCTIVE_WINDOW,JIVO_OIL,2026-08-30T22:04:16+05:30,2026-08-13,10 Head,,,,,,,elapsed hours from the first segment start to the last segment that actually produced,5.02,hours,301,450,,,,,,,,,1,,1.02,20.3,,,VERIFIED-live,"first start 08:00, last productive stop 13:02; inside that window 61 min were inside producing segments (20%) and 240 min were tea/lunch/stop gaps; AFTER the last productive stop a further 387 min of zero-output 'close' segment was left open"
PRODUCTIVE_WINDOW,JIVO_OIL,2026-08-30T22:04:16+05:30,2026-08-13,6 Head,,,,,,,elapsed hours from the first segment start to the last segment that actually produced,3.37,hours,202,260,,,,,,,,,2,,4.5,133.5,,,VERIFIED-live,"first start 08:00, last productive stop 11:23; inside that window 270 min were inside producing segments (133%) and -68 min were tea/lunch/stop gaps; AFTER the last productive stop a further 419 min of zero-output 'close' segment was left open"
PRODUCTIVE_WINDOW,JIVO_OIL,2026-08-30T22:04:16+05:30,2026-08-13,Clear Pack,,,,,,,elapsed hours from the first segment start to the last segment that actually produced,5.02,hours,301,380,,,,,,,,,2,,4.88,97.3,,,VERIFIED-live,"first start 08:00, last productive stop 13:01; inside that window 293 min were inside producing segments (97%) and 8 min were tea/lunch/stop gaps; AFTER the last productive stop a further 336 min of zero-output 'close' segment was left open"
PRODUCTIVE_WINDOW,JIVO_OIL,2026-08-30T22:04:16+05:30,2026-08-13,JP Machine,,,,,,,elapsed hours from the first segment start to the last segment that actually produced,3.35,hours,201,405,,,,,,,,,1,,3.33,99.6,,,VERIFIED-live,"first start 08:00, last productive stop 11:21; inside that window 200 min were inside producing segments (100%) and 1 min were tea/lunch/stop gaps; AFTER the last productive stop a further 65 min of zero-output 'close' segment was left open"
PRODUCTIVE_WINDOW,JIVO_OIL,2026-08-30T22:04:16+05:30,2026-08-14,10 Head,,,,,,,elapsed hours from the first segment start to the last segment that actually produced,5.05,hours,303,375,,,,,,,,,2,,4.47,88.5,,,VERIFIED-live,"first start 08:00, last productive stop 13:03; inside that window 268 min were inside producing segments (88%) and 35 min were tea/lunch/stop gaps; AFTER the last productive stop a further 500 min of zero-output 'close' segment was left open"
PRODUCTIVE_WINDOW,JIVO_OIL,2026-08-30T22:04:16+05:30,2026-08-14,6 Head,,,,,,,elapsed hours from the first segment start to the last segment that actually produced,5.01,hours,301,240,,,,,,,,,2,,3.12,62.2,,,VERIFIED-live,"first start 08:00, last productive stop 13:00; inside that window 187 min were inside producing segments (62%) and 114 min were tea/lunch/stop gaps; AFTER the last productive stop a further 499 min of zero-output 'close' segment was left open"
PRODUCTIVE_WINDOW,JIVO_OIL,2026-08-30T22:04:16+05:30,2026-08-14,Clear Pack,,,,,,,elapsed hours from the first segment start to the last segment that actually produced,5.03,hours,302,400,,,,,,,,,2,,4.48,89.1,,,VERIFIED-live,"first start 08:00, last productive stop 13:02; inside that window 269 min were inside producing segments (89%) and 33 min were tea/lunch/stop gaps; AFTER the last productive stop a further 498 min of zero-output 'close' segment was left open"
PRODUCTIVE_WINDOW,JIVO_OIL,2026-08-30T22:04:16+05:30,2026-08-14,Pouch Machine,,,,,,,elapsed hours from the first segment start to the last segment that actually produced,2.87,hours,172,280,,,,,,,,,1,,2.87,100.0,,,VERIFIED-live,"first start 08:28, last productive stop 11:20; inside that window 172 min were inside producing segments (100%) and 0 min were tea/lunch/stop gaps; AFTER the last productive stop a further 611 min of zero-output 'close' segment was left open"
PRODUCTIVE_WINDOW,JIVO_OIL,2026-08-30T22:04:16+05:30,2026-08-17,10 Head,,,,,,,elapsed hours from the first segment start to the last segment that actually produced,7.45,hours,447,375,,,,,,,,,2,,6.57,88.2,,,VERIFIED-live,"first start 08:36, last productive stop 16:03; inside that window 394 min were inside producing segments (88%) and 53 min were tea/lunch/stop gaps; AFTER the last productive stop a further 322 min of zero-output 'close' segment was left open"
PRODUCTIVE_WINDOW,JIVO_OIL,2026-08-30T22:04:16+05:30,2026-08-17,6 Head,,,,,,,elapsed hours from the first segment start to the last segment that actually produced,7.17,hours,430,440,,,,,,,,,2,,6.88,96.0,,,VERIFIED-live,"first start 08:54, last productive stop 16:04; inside that window 413 min were inside producing segments (96%) and 17 min were tea/lunch/stop gaps; AFTER the last productive stop a further 321 min of zero-output 'close' segment was left open"
PRODUCTIVE_WINDOW,JIVO_OIL,2026-08-30T22:04:16+05:30,2026-08-17,Clear Pack,,,,,,,elapsed hours from the first segment start to the last segment that actually produced,7.15,hours,429,640,,,,,,,,,2,,6.82,95.3,,,VERIFIED-live,"first start 08:54, last productive stop 16:03; inside that window 409 min were inside producing segments (95%) and 20 min were tea/lunch/stop gaps; AFTER the last productive stop a further 322 min of zero-output 'close' segment was left open"
PRODUCTIVE_WINDOW,JIVO_OIL,2026-08-30T22:04:16+05:30,2026-08-17,JP Machine,,,,,,,elapsed hours from the first segment start to the last segment that actually produced,7.5,hours,450,505,,,,,,,,,2,,7.18,95.8,,,VERIFIED-live,"first start 08:33, last productive stop 16:03; inside that window 431 min were inside producing segments (96%) and 19 min were tea/lunch/stop gaps; AFTER the last productive stop a further 323 min of zero-output 'close' segment was left open"
PRODUCTIVE_WINDOW,JIVO_OIL,2026-08-30T22:04:16+05:30,2026-08-18,10 Head,,,,,,,elapsed hours from the first segment start to the last segment that actually produced,5.5,hours,330,600,,,,,,,,,2,,4.42,80.3,,,VERIFIED-live,"first start 10:38, last productive stop 16:08; inside that window 265 min were inside producing segments (80%) and 65 min were tea/lunch/stop gaps; AFTER the last productive stop a further 339 min of zero-output 'close' segment was left open"
PRODUCTIVE_WINDOW,JIVO_OIL,2026-08-30T22:04:16+05:30,2026-08-18,Clear Pack,,,,,,,elapsed hours from the first segment start to the last segment that actually produced,5.51,hours,331,1120,,,,,,,,,3,,4.33,78.6,,,VERIFIED-live,"first start 10:38, last productive stop 16:08; inside that window 260 min were inside producing segments (79%) and 71 min were tea/lunch/stop gaps; AFTER the last productive stop a further 338 min of zero-output 'close' segment was left open"
PRODUCTIVE_WINDOW,JIVO_OIL,2026-08-30T22:04:16+05:30,2026-08-18,JP Machine,,,,,,,elapsed hours from the first segment start to the last segment that actually produced,5.52,hours,331,795,,,,,,,,,3,,4.35,78.9,,,VERIFIED-live,"first start 10:38, last productive stop 16:09; inside that window 261 min were inside producing segments (79%) and 70 min were tea/lunch/stop gaps; AFTER the last productive stop a further 339 min of zero-output 'close' segment was left open"
PRODUCTIVE_WINDOW,JIVO_OIL,2026-08-30T22:04:16+05:30,2026-08-19,10 Head,,,,,,,elapsed hours from the first segment start to the last segment that actually produced,8.17,hours,490,625,,,,,,,,,2,,3.03,37.1,,,VERIFIED-live,"first start 07:53, last productive stop 16:03; inside that window 182 min were inside producing segments (37%) and 308 min were tea/lunch/stop gaps; AFTER the last productive stop a further 205 min of zero-output 'close' segment was left open"
PRODUCTIVE_WINDOW,JIVO_OIL,2026-08-30T22:04:16+05:30,2026-08-19,6 Head,,,,,,,elapsed hours from the first segment start to the last segment that actually produced,3.22,hours,193,320,,,,,,,,,1,,3.22,99.9,,,VERIFIED-live,"first start 07:53, last productive stop 11:06; inside that window 193 min were inside producing segments (100%) and 0 min were tea/lunch/stop gaps; AFTER the last productive stop a further 555 min of zero-output 'close' segment was left open"
PRODUCTIVE_WINDOW,JIVO_OIL,2026-08-30T22:04:16+05:30,2026-08-19,Clear Pack,,,,,,,elapsed hours from the first segment start to the last segment that actually produced,8.15,hours,489,960,,,,,,,,,3,,6.22,76.3,,,VERIFIED-live,"first start 07:53, last productive stop 16:02; inside that window 373 min were inside producing segments (76%) and 116 min were tea/lunch/stop gaps; AFTER the last productive stop a further 205 min of zero-output 'close' segment was left open"
PRODUCTIVE_WINDOW,JIVO_OIL,2026-08-30T22:04:16+05:30,2026-08-19,JP Machine,,,,,,,elapsed hours from the first segment start to the last segment that actually produced,8.19,hours,492,880,,,,,,,,,3,,6.13,74.8,,,VERIFIED-live,"first start 07:53, last productive stop 16:05; inside that window 368 min were inside producing segments (75%) and 124 min were tea/lunch/stop gaps; AFTER the last productive stop a further 205 min of zero-output 'close' segment was left open"
PRODUCTIVE_WINDOW,JIVO_OIL,2026-08-30T22:04:16+05:30,2026-08-19,Tin Head,,,,,,,elapsed hours from the first segment start to the last segment that actually produced,4.88,hours,293,1280,,,,,,,,,2,,3.8,77.9,,,VERIFIED-live,"first start 08:10, last productive stop 13:02; inside that window 228 min were inside producing segments (78%) and 65 min were tea/lunch/stop gaps; AFTER the last productive stop a further 344 min of zero-output 'close' segment was left open"
PRODUCTIVE_WINDOW,JIVO_OIL,2026-08-30T22:04:16+05:30,2026-08-21,10 Head,,,,,,,elapsed hours from the first segment start to the last segment that actually produced,2.07,hours,124,315,,,,,,,,,1,,2.07,99.9,,,VERIFIED-live,"first start 09:06, last productive stop 11:10; inside that window 124 min were inside producing segments (100%) and 0 min were tea/lunch/stop gaps; AFTER the last productive stop a further 1307 min of zero-output 'close' segment was left open"
PRODUCTIVE_WINDOW,JIVO_OIL,2026-08-30T22:04:16+05:30,2026-08-21,Clear Pack,,,,,,,elapsed hours from the first segment start to the last segment that actually produced,2.09,hours,125,600,,,,,,,,,1,,2.08,99.7,,,VERIFIED-live,"first start 09:06, last productive stop 11:11; inside that window 125 min were inside producing segments (100%) and 0 min were tea/lunch/stop gaps; AFTER the last productive stop a further 1306 min of zero-output 'close' segment was left open"
PRODUCTIVE_WINDOW,JIVO_OIL,2026-08-30T22:04:16+05:30,2026-08-22,10 Head,,,,,,,elapsed hours from the first segment start to the last segment that actually produced,5.96,hours,358,900,,,,,,,,,3,,4.22,70.7,,,VERIFIED-live,"first start 10:12, last productive stop 16:09; inside that window 253 min were inside producing segments (71%) and 105 min were tea/lunch/stop gaps; AFTER the last productive stop a further 970 min of zero-output 'close' segment was left open"
PRODUCTIVE_WINDOW,JIVO_OIL,2026-08-30T22:04:16+05:30,2026-08-22,6 Head,,,,,,,elapsed hours from the first segment start to the last segment that actually produced,5.95,hours,357,1610,,,,,,,,,3,,4.18,70.3,,,VERIFIED-live,"first start 10:12, last productive stop 16:09; inside that window 251 min were inside producing segments (70%) and 106 min were tea/lunch/stop gaps; AFTER the last productive stop a further 1951 min of zero-output 'close' segment was left open"
PRODUCTIVE_WINDOW,JIVO_OIL,2026-08-30T22:04:16+05:30,2026-08-22,Clear Pack,,,,,,,elapsed hours from the first segment start to the last segment that actually produced,5.97,hours,358,1560,,,,,,,,,3,,4.62,77.3,,,VERIFIED-live,"first start 10:12, last productive stop 16:10; inside that window 277 min were inside producing segments (77%) and 81 min were tea/lunch/stop gaps; AFTER the last productive stop a further 971 min of zero-output 'close' segment was left open"
PRODUCTIVE_WINDOW,JIVO_OIL,2026-08-30T22:04:16+05:30,2026-08-24,10 Head,,,,,,,elapsed hours from the first segment start to the last segment that actually produced,0.54,hours,33,225,,,,,,,,,1,,0.53,97.9,,,VERIFIED-live,"first start 12:37, last productive stop 13:09; inside that window 32 min were inside producing segments (98%) and 1 min were tea/lunch/stop gaps; AFTER the last productive stop a further 571 min of zero-output 'close' segment was left open"
PRODUCTIVE_WINDOW,JIVO_OIL,2026-08-30T22:04:16+05:30,2026-08-24,6 Head,,,,,,,elapsed hours from the first segment start to the last segment that actually produced,0.49,hours,29,160,,,,,,,,,1,,0.48,99.6,,,VERIFIED-live,"first start 12:37, last productive stop 13:06; inside that window 29 min were inside producing segments (100%) and 0 min were tea/lunch/stop gaps; AFTER the last productive stop a further 571 min of zero-output 'close' segment was left open"
PRODUCTIVE_WINDOW,JIVO_OIL,2026-08-30T22:04:16+05:30,2026-08-24,Clear Pack,,,,,,,elapsed hours from the first segment start to the last segment that actually produced,0.48,hours,29,440,,,,,,,,,1,,0.47,97.9,,,VERIFIED-live,"first start 12:37, last productive stop 13:05; inside that window 28 min were inside producing segments (98%) and 1 min were tea/lunch/stop gaps; AFTER the last productive stop a further 571 min of zero-output 'close' segment was left open"
PRODUCTIVE_WINDOW,JIVO_OIL,2026-08-30T22:04:16+05:30,2026-08-24,JP Machine,,,,,,,elapsed hours from the first segment start to the last segment that actually produced,0.47,hours,28,46,,,,,,,,,1,,0.47,99.8,,,VERIFIED-live,"first start 12:37, last productive stop 13:05; inside that window 28 min were inside producing segments (100%) and 0 min were tea/lunch/stop gaps; AFTER the last productive stop a further 571 min of zero-output 'close' segment was left open"
PRODUCTIVE_WINDOW,JIVO_OIL,2026-08-30T22:04:16+05:30,2026-08-25,6 Head,,,,,,,elapsed hours from the first segment start to the last segment that actually produced,4.16,hours,250,208,,,,,,,,,1,,1.55,37.2,,,VERIFIED-live,"first start 09:12, last productive stop 13:22; inside that window 93 min were inside producing segments (37%) and 157 min were tea/lunch/stop gaps; AFTER the last productive stop a further 479 min of zero-output 'close' segment was left open"
PRODUCTIVE_WINDOW,JIVO_OIL,2026-08-30T22:04:16+05:30,2026-08-25,Clear Pack,,,,,,,elapsed hours from the first segment start to the last segment that actually produced,4.16,hours,250,960,,,,,,,,,2,,3.67,88.1,,,VERIFIED-live,"first start 09:13, last productive stop 13:22; inside that window 220 min were inside producing segments (88%) and 30 min were tea/lunch/stop gaps; AFTER the last productive stop a further 249 min of zero-output 'close' segment was left open"
PRODUCTIVE_WINDOW,JIVO_OIL,2026-08-30T22:04:16+05:30,2026-08-25,Pouch Machine,,,,,,,elapsed hours from the first segment start to the last segment that actually produced,4.11,hours,246,150,,,,,,,,,1,,1.62,39.4,,,VERIFIED-live,"first start 09:15, last productive stop 13:22; inside that window 97 min were inside producing segments (39%) and 149 min were tea/lunch/stop gaps; AFTER the last productive stop a further 138 min of zero-output 'close' segment was left open"
PRODUCTIVE_WINDOW,JIVO_OIL,2026-08-30T22:04:16+05:30,2026-08-26,JP Machine,,,,,,,elapsed hours from the first segment start to the last segment that actually produced,1.14,hours,68,135,,,,,,,,,1,,1.13,99.3,,,VERIFIED-live,"first start 09:53, last productive stop 11:01; inside that window 68 min were inside producing segments (99%) and 0 min were tea/lunch/stop gaps; AFTER the last productive stop a further 0 min of zero-output 'close' segment was left open"
PRODUCTIVE_WINDOW,JIVO_OIL,2026-08-30T22:04:16+05:30,2026-08-27,10 Head,,,,,,,elapsed hours from the first segment start to the last segment that actually produced,6.89,hours,413,1190,,,,,,,,,3,,6.7,97.3,,,VERIFIED-live,"first start 09:00, last productive stop 15:53; inside that window 402 min were inside producing segments (97%) and 11 min were tea/lunch/stop gaps; AFTER the last productive stop a further 0 min of zero-output 'close' segment was left open"
PRODUCTIVE_WINDOW,JIVO_OIL,2026-08-30T22:04:16+05:30,2026-08-27,6 Head,,,,,,,elapsed hours from the first segment start to the last segment that actually produced,7.29,hours,437,572,,,,,,,,,2,,3.27,44.8,,,VERIFIED-live,"first start 08:59, last productive stop 16:17; inside that window 196 min were inside producing segments (45%) and 241 min were tea/lunch/stop gaps; AFTER the last productive stop a further 144 min of zero-output 'close' segment was left open"
PRODUCTIVE_WINDOW,JIVO_OIL,2026-08-30T22:04:16+05:30,2026-08-27,Clear Pack,,,,,,,elapsed hours from the first segment start to the last segment that actually produced,7.08,hours,425,1080,,,,,,,,,3,,6.28,88.7,,,VERIFIED-live,"first start 08:59, last productive stop 16:04; inside that window 377 min were inside producing segments (89%) and 48 min were tea/lunch/stop gaps; AFTER the last productive stop a further 143 min of zero-output 'close' segment was left open"
PRODUCTIVE_WINDOW,JIVO_OIL,2026-08-30T22:04:16+05:30,2026-08-27,JP Machine,,,,,,,elapsed hours from the first segment start to the last segment that actually produced,7.07,hours,424,630,,,,,,,,,3,,6.32,89.3,,,VERIFIED-live,"first start 09:00, last productive stop 16:04; inside that window 379 min were inside producing segments (89%) and 45 min were tea/lunch/stop gaps; AFTER the last productive stop a further 143 min of zero-output 'close' segment was left open"
PRODUCTIVE_WINDOW,JIVO_OIL,2026-08-30T22:04:16+05:30,2026-08-29,10 Head,,,,,,,elapsed hours from the first segment start to the last segment that actually produced,4.36,hours,262,560,,,,,,,,,3,,4.33,99.3,,,VERIFIED-live,"first start 11:42, last productive stop 16:04; inside that window 260 min were inside producing segments (99%) and 2 min were tea/lunch/stop gaps; AFTER the last productive stop a further 939 min of zero-output 'close' segment was left open"
PRODUCTIVE_WINDOW,JIVO_OIL,2026-08-30T22:04:16+05:30,2026-08-29,6 Head,,,,,,,elapsed hours from the first segment start to the last segment that actually produced,4.36,hours,261,911,,,,,,,,,2,,4.33,99.4,,,VERIFIED-live,"first start 11:42, last productive stop 16:03; inside that window 260 min were inside producing segments (99%) and 1 min were tea/lunch/stop gaps; AFTER the last productive stop a further 939 min of zero-output 'close' segment was left open"
PRODUCTIVE_WINDOW,JIVO_OIL,2026-08-30T22:04:16+05:30,2026-08-29,Clear Pack,,,,,,,elapsed hours from the first segment start to the last segment that actually produced,4.54,hours,272,1205,,,,,,,,,3,,4.52,99.5,,,VERIFIED-live,"first start 11:44, last productive stop 16:16; inside that window 271 min were inside producing segments (99%) and 1 min were tea/lunch/stop gaps; AFTER the last productive stop a further 938 min of zero-output 'close' segment was left open"
PRODUCTIVE_WINDOW,JIVO_OIL,2026-08-30T22:04:16+05:30,2026-08-29,JP Machine,,,,,,,elapsed hours from the first segment start to the last segment that actually produced,4.37,hours,262,645,,,,,,,,,3,,4.33,99.2,,,VERIFIED-live,"first start 11:42, last productive stop 16:04; inside that window 260 min were inside producing segments (99%) and 2 min were tea/lunch/stop gaps; AFTER the last productive stop a further 938 min of zero-output 'close' segment was left open"
PRODUCTIVE_WINDOW,JIVO_OIL,2026-08-30T22:04:16+05:30,2026-08-30,10 Head,,,,,,,elapsed hours from the first segment start to the last segment that actually produced,6.8,hours,408,585,,,,,,,,,3,,3.97,58.3,,,VERIFIED-live,"first start 09:29, last productive stop 16:17; inside that window 238 min were inside producing segments (58%) and 170 min were tea/lunch/stop gaps; AFTER the last productive stop a further 165 min of zero-output 'close' segment was left open"
PRODUCTIVE_WINDOW,JIVO_OIL,2026-08-30T22:04:16+05:30,2026-08-30,6 Head,,,,,,,elapsed hours from the first segment start to the last segment that actually produced,6.82,hours,409,840,,,,,,,,,4,,5.3,77.7,,,VERIFIED-live,"first start 09:29, last productive stop 16:18; inside that window 318 min were inside producing segments (78%) and 91 min were tea/lunch/stop gaps; AFTER the last productive stop a further 165 min of zero-output 'close' segment was left open"
PRODUCTIVE_WINDOW,JIVO_OIL,2026-08-30T22:04:16+05:30,2026-08-30,Clear Pack,,,,,,,elapsed hours from the first segment start to the last segment that actually produced,6.82,hours,409,1515,,,,,,,,,3,,5.5,80.6,,,VERIFIED-live,"first start 09:29, last productive stop 16:19; inside that window 330 min were inside producing segments (81%) and 79 min were tea/lunch/stop gaps; AFTER the last productive stop a further 165 min of zero-output 'close' segment was left open"
PRODUCTIVE_WINDOW,JIVO_OIL,2026-08-30T22:04:16+05:30,2026-08-30,JP Machine,,,,,,,elapsed hours from the first segment start to the last segment that actually produced,6.82,hours,409,1080,,,,,,,,,3,,5.43,79.7,,,VERIFIED-live,"first start 09:29, last productive stop 16:18; inside that window 326 min were inside producing segments (80%) and 83 min were tea/lunch/stop gaps; AFTER the last productive stop a further 165 min of zero-output 'close' segment was left open"
PRODUCTIVE_WINDOW,JIVO_OIL,2026-08-30T22:04:16+05:30,2026-08-30,Pouch Machine,,,,,,,elapsed hours from the first segment start to the last segment that actually produced,5.39,hours,323,1012,,,,,,,,,3,,4.12,76.4,,,VERIFIED-live,"first start 10:54, last productive stop 16:18; inside that window 247 min were inside producing segments (76%) and 76 min were tea/lunch/stop gaps; AFTER the last productive stop a further 165 min of zero-output 'close' segment was left open"
SUMMARY,JIVO_OIL,2026-08-30T22:04:16+05:30,,,,,,,,,"PRODUCTIVE WINDOW per line per working day, August 2026",5.51,hours,,,,,,,,,,,87,4.16,5.51,7.29,7.98,11.08,VERIFIED-live,"first segment start to last segment that produced. This is the honest ""how long did this line work today"" number. It is roughly HALF the 12 h/day floor assumed in jolly/reference/PLAN-AND-LINES.md."
SHIFT_REALITY,JIVO_OIL,2026-08-30T22:04:16+05:30,,10 Head,,,,,,,hours/day this line actually worked in August (productive window),5.63,hours/day,7093,,,,,,47,,,,21,,146,312,,,VERIFIED-live,"21 working days in August, 118 productive line-hours total. Scaled to 26 days = 146 h/month = 47% of the 312 h/month (12 h x 26 d) floor in PLAN-AND-LINES.md"
SHIFT_REALITY,JIVO_OIL,2026-08-30T22:04:16+05:30,,6 Head,,,,,,,hours/day this line actually worked in August (productive window),5.29,hours/day,6028,,,,,,44,,,,19,,137,312,,,VERIFIED-live,"19 working days in August, 100 productive line-hours total. Scaled to 26 days = 137 h/month = 44% of the 312 h/month (12 h x 26 d) floor in PLAN-AND-LINES.md"
SHIFT_REALITY,JIVO_OIL,2026-08-30T22:04:16+05:30,,Clear Pack,,,,,,,hours/day this line actually worked in August (productive window),5.7,hours/day,6837,,,,,,47,,,,20,,148,312,,,VERIFIED-live,"20 working days in August, 114 productive line-hours total. Scaled to 26 days = 148 h/month = 47% of the 312 h/month (12 h x 26 d) floor in PLAN-AND-LINES.md"
SHIFT_REALITY,JIVO_OIL,2026-08-30T22:04:16+05:30,,JP Machine,,,,,,,hours/day this line actually worked in August (productive window),5.61,hours/day,6397,,,,,,47,,,,19,,146,312,,,VERIFIED-live,"19 working days in August, 107 productive line-hours total. Scaled to 26 days = 146 h/month = 47% of the 312 h/month (12 h x 26 d) floor in PLAN-AND-LINES.md"
SHIFT_REALITY,JIVO_OIL,2026-08-30T22:04:16+05:30,,Pouch Machine,,,,,,,hours/day this line actually worked in August (productive window),4.64,hours/day,1951,,,,,,39,,,,7,,121,312,,,VERIFIED-live,"7 working days in August, 33 productive line-hours total. Scaled to 26 days = 121 h/month = 39% of the 312 h/month (12 h x 26 d) floor in PLAN-AND-LINES.md"
SHIFT_REALITY,JIVO_OIL,2026-08-30T22:04:16+05:30,,Tin Head,,,,,,,hours/day this line actually worked in August (productive window),4.88,hours/day,293,,,,,,41,,,,1,,127,312,,,VERIFIED-live,"1 working days in August, 5 productive line-hours total. Scaled to 26 days = 127 h/month = 41% of the 312 h/month (12 h x 26 d) floor in PLAN-AND-LINES.md"
SUMMARY,JIVO_OIL,2026-08-30T22:04:16+05:30,,,,,,,,,"total productive line-hours, all Oil filling lines, August 2026",477,line-hours,,,,,,,,,,,,,,,,,VERIFIED-live,sum of the per-line-day productive windows above
SUMMARY,JIVO_OIL,2026-08-30T22:04:16+05:30,,,,,,,,,plant-level output rate: SAP August FG receipts divided by app productive line-hours,3132,pieces per line-hour (all pack sizes mixed),28598,,1492580,,,,,,,,,,,,,,VERIFIED-live (SAP HANA OIGN/IGN1) + VERIFIED-live (factory app segments),"1,492,580 FG pieces receipted into SAP in Aug / 477 app productive line-hours. This is the cross-system sanity check: it lands where a weighted mix of the configured line speeds would, which is why the app segment TIMES can be trusted."
SUMMARY,JIVO_OIL,2026-08-30T22:04:16+05:30,,,,,,,,,lines the app knows (JIVO_OIL),7,lines,,,,,,,,,,,,,,,,,VERIFIED-live,"10 Head, 6 Head, Clear Pack, JP Machine, Pouch Machine, Tin Head, Manual. All is_active=true. Manual is hand filling and out of scope per Daman."
SUMMARY,JIVO_OIL,2026-08-30T22:04:16+05:30,,,,,,,,,machines the app knows,0,machines,,,,,,,,,,,,,,,,,VERIFIED-live,"/production-execution/machines/ is EMPTY in all three companies. There is no machine registry, no asset link, no SKU-to-machine map for Oil. The unit of scheduling in this app is the LINE."
SUMMARY,JIVO_OIL,2026-08-30T22:04:16+05:30,,,,,,,,,line configs (pack presets) for Oil,11,configs,,,,,,,,,,,,,,,,,VERIFIED-live,"10 Head 1/2/5 L, 6 Head 1/2/5 L, Clear Pack 1/5 L, JP Machine 1 L, Pouch Hitech + Samarpan. NO Tin Head config exists. sku_code is BLANK on all 11."
SUMMARY,JIVO_OIL,2026-08-30T22:04:16+05:30,,,,,,,,,line configs for Beverages,3,configs,,,,,,,,,,,,,,,,,VERIFIED-live,"Sidel 250 ml @18,000, 500 mL @18,000, 1 Ltr @15,000 - and Beverages DOES fill in sku_code (FG0000328/276/268) and pieces_per_case. So the SKU-to-machine field works; Oil just never populated it."
SUMMARY,JIVO_OIL,2026-08-30T22:04:16+05:30,,,,,,,,,"production runs recorded, Oil, since 2026-04-13",229,runs,,,,,,,,,,,,,,,,,VERIFIED-live,"157 COMPLETED, 40 DRAFT, 32 left IN_PROGRESS (31 of them STOPPED, 1 RUNNING since 2026-07-15 - a stale record, not a running line)."
SUMMARY,JIVO_OIL,2026-08-30T22:04:16+05:30,,,,,,,,,runs that have posted a goods receipt to SAP from the app,0,runs,,,,,,,,,,,,,,,,,VERIFIED-live,sap_sync_status = NOT_APPLICABLE on 225 runs and FAILED on 4 (SAP error -5002). sap_receipt_doc_entry is null on every run. The app->SAP production posting path has never worked. SAP receipts are keyed by hand.
SUMMARY,JIVO_OIL,2026-08-30T22:04:16+05:30,,,,,,,,,CHANGEOVER: clearance raised -> line producing again,47,minutes (median),,,,,,,,,,,,,,,,,VERIFIED-live,"n=184. p25 21 min, p75 78 min, p90 138 min. Of that, median 21 min is waiting for QA to approve the clearance and median 6 min elapses after QA before the first bottle. THIS IS THE CHANGEOVER COST THE PLANNER HAS NEVER HAD."
SUMMARY,JIVO_OIL,2026-08-30T22:04:16+05:30,,,,,,,,,"CHANGEOVER measured a second way: line stop -> restart on an item change, same day",47,minutes (median),,,,,,,,,,,,,,,,,VERIFIED-live,"n=20 within-day item changes. By line: 10 Head 55, Clear Pack 47, 6 Head 46, JP Machine 33. Agrees with the clearance measure - two independent readings, same answer."
SUMMARY,JIVO_OIL,2026-08-30T22:04:16+05:30,,,,,,,,,changeovers in August,64,item changes,,,,,,,,,,,,,,,,,VERIFIED-live,"15 of them completed inside a single day; the other 49 straddled the overnight shutdown and cost nothing extra. 6 Head changes most (28), Tin Head least (1)."
SUMMARY,JIVO_OIL,2026-08-30T22:04:16+05:30,,,,,,,,,TEA BREAK,25.8,minutes (median),,,,,,,,,,,,,,,,,VERIFIED-live,181 occurrences. Total 102.6 h of line time across the record. Two per shift is the norm.
SUMMARY,JIVO_OIL,2026-08-30T22:04:16+05:30,,,,,,,,,LUNCH BREAK,39.5,minutes (median),,,,,,,,,,,,,,,,,VERIFIED-live,103 occurrences. Total 82.3 h. One per shift.
SUMMARY,JIVO_OIL,2026-08-30T22:04:16+05:30,,,,,,,,,break burden per line per shift,~1.5,hours,,,,,,,,,,,,,,,,,VERIFIED-live,2 tea + 1 lunch. On 2026-08-30 the measured gap total per line was 75-131 minutes.
SUMMARY,JIVO_OIL,2026-08-30T22:04:16+05:30,,,,,,,,,"WASTE, August 2026","54,056","pieces of packaging + 2,047 kg shrink film",,,,,,,,,,,,,,,,,VERIFIED-live,"450 logs. 3.62% of the 1,492,580 FG pieces SAP says were made. 100% PET bottles, caps, labels, shrink and cartons - there is NO oil waste and NO finished-goods waste in the log."
SUMMARY,JIVO_OIL,2026-08-30T22:04:16+05:30,,,,,,,,,waste approvals,0,of 517,,,,,,,,,,,,,,,,,VERIFIED-live,The four-signature chain (engineer / asst manager / stores / HOD) is present in the data model and has NEVER been signed. Every one of the 517 waste logs is PENDING.
SUMMARY,JIVO_OIL,2026-08-30T22:04:16+05:30,,,,,,,,,logged breakdowns since April,56,"events / 3,106 minutes",,,,,,,,,,,,,,,,,VERIFIED-live,"51.8 hours. PM Short (packaging material) 33 events / 1,480 min / 47.6%; Machine 16 events / 1,148 min / 37.0%; RM Short 5; Other 2. Zero of them are linked to a maintenance work order or an asset."
SUMMARY,JIVO_OIL,2026-08-30T22:04:16+05:30,,,,,,,,,line clearance,216,records / 9 checkpoints each,,,,,,,,,,,,,,,,,VERIFIED-live,"1,872 YES, 72 NA, and NOT ONE ""NO"" in the entire history. The clearance has never once stopped a line. RAVI signed 199 of 216 as production supervisor; QA users 29 and 124 approve 193 of them between them."
SUMMARY,JIVO_OIL,2026-08-30T22:04:16+05:30,,,,,,,,,SKUs seen in run history,62,item codes,,,,,,,,,,,,,,,,,VERIFIED-live,"53 have only ever run on ONE line. 9 have run on more than one - FG0000142 COLD PRESS GROUNDNUT 1 LTR has run on all four core lines. This IS the SKU-to-line map, derived; the app stores none for Oil."
