section,company,date,ref,status,party,vehicle_no,warehouse,item_code,item_name,qty,uom,litres,value_inr,in_sap,lag_days,evidence,note
CHAIN_STEP,ALL,,01,OMS order,,,,,order-processing/orders state RECEIVED -> STOCK_CHECKED -> READY_FOR_FULFILLMENT / PRODUCTION_REQUIRED,,,,,,,GET /order-processing/dashboard/ + /order-processing/orders/,2281 orders mirrored; 2238 (98%) still RECEIVED = never stock-checked. Mirror sync FAILED since 2026-08-17 (No route to host 103.89.45.75:5432) -> this half of the chain is DEAD.
CHAIN_STEP,ALL,,02,SAP sales order (ORDR),,,,,DocStatus O (open) / C (closed),,,,,,,hana-sql ORDR,"1,385 Oil sales orders 2026-06-01..08-30 (125 open, 1,260 closed). 3,381 of 3,739 Oil invoice lines carry INV1.BaseType=17 = copied from a sales order."
CHAIN_STEP,ALL,,03,SAP A/R invoice (OINV),,,,,"DocStatus O/C; DocSubType GA = goods invoice, GD = value-only (moves NO stock)",,,,,,,hana-sql OINV/INV1/OINM,"*** THIS IS WHERE SAP TAKES THE STOCK OUT *** OINM TransType 13, OutQty, dated OINV.DocDate. 1,620 of 1,710 Oil invoices moved stock; the other 90 are DocType='S' service or DocSubType='GD'."
CHAIN_STEP,ALL,,04,App reads the bill,,,,,plan.booking_status PENDING -> BOOKED -> DISPATCHED / CANCELLED,,,,,,,GET /dispatch-plans/bills/,"The factory app does not create the invoice. It reads SAP's invoice and hangs a dispatch plan on it (vehicle, transporter, driver, bilty, freight, planned dispatch_date, priority, remarks)."
CHAIN_STEP,ALL,,05,Truck booked,,,,,pipeline stage BOOKED,,,,,,,GET /dispatch-plans/pipeline/,Plan gets a vehicle + planned dispatch_date. Nothing physical yet.
CHAIN_STEP,ALL,,06,Truck gate-in,,,,,stage EMPTY_IN; entry EVGI-YYYYMMDD-NNNN; arrival status INSIDE / LOADING / DEPARTED,,,,,,,GET /gate-core/arrivals/ + /gate-core/inside-dispatch-vehicles/,One arrival = one truck; one empty-vehicle-in per company on that truck.
CHAIN_STEP,ALL,,07,Ready to dock,,,,,stage READY_TO_DOCK,,,,,,,GET /dispatch-plans/pipeline/,0 cards sitting here on 2026-08-30.
CHAIN_STEP,ALL,,08,Docked / loading,,,,,stage DOCKED; sales_dispatch entry DOCK-YYYYMMDD-NNNN; docked_at,,,,,,,GET /gate-core/sales-dispatch/,Boxes scanned against the bill (box-scans). Shortfalls go to the docking-admin exception queue.
CHAIN_STEP,ALL,,09,Truck photo,,,,,stage PHOTO_ATTACHED; truck_photo + photo_latitude/longitude/uploaded_at,,,,,,,GET /gate-core/sales-dispatch/,Geotagged photo of the loaded truck.
CHAIN_STEP,ALL,,10,Ready for gatepass,,,,,stage READY_FOR_GATEPASS,,,,,,,GET /dispatch-plans/pipeline/,
CHAIN_STEP,ALL,,11,Gatepass printed,,,,,"stage GATEPASS_PRINTED; printed_at, gatepass_no DCK/<COMPANY>/2026-27/NNNNNN",,,,,,,GET /gate-core/sales-dispatch/,Median 3 minutes after docked_at.
CHAIN_STEP,ALL,,12,Print committed,,,,,stage PRINT_COMMITTED; print_committed_at,,,,,,,GET /gate-core/sales-dispatch/,Median 0 minutes after print - it is one operator action in practice.
CHAIN_STEP,ALL,,13,GATE-OUT,,,,,stage DISPATCHED; dispatched_at + gate_out_date + out_time; arrival goes DEPARTED,,,,,,,GET /gate-core/sales-dispatch/,"*** THIS IS WHERE THE MATERIAL PHYSICALLY LEAVES *** Median 11 minutes after print-commit, 24 minutes after docking."
CHAIN_STEP,ALL,,14,On the road,,,,,dispatch-tracking status DISPATCHED -> IN_TRANSIT -> REACHED_DESTINATION -> UNLOADING -> DELIVERED / PARTIALLY_DELIVERED / RETURNED / DELAYED / CLOSED,,,,,,,GET /gate-core/dispatch-tracking/,"Aug: 475 dispatched, 257 delivered, 192 never updated, 23 overdue, on-time rate 31%, avg transit 4.2 d."
CHAIN_STEP,ALL,,15,Freight booked,,,,,bilty -> service GRPO (DRAFT/PENDING/POSTED/FAILED/PARTIALLY_POSTED) -> transporter A/P invoice,,,,,,,GET /dispatch/bilty-grpo/pending|history/,Transporter A/P invoice feature has never been used in production (history empty in all 3 companies).
TWO_EVENTS,JIVO_OIL,OINV.DocDate,BOOK_OUT,SAP decrements here,,,,,,,,,,,,hana-sql JIVO_OIL_HANADB OINV/INV1/OINM,"Event = A/R invoice posted. OINM TransType 13 writes OutQty against the warehouse on OINV.DocDate; OITW.OnHand drops that instant. No delivery note in the normal flow - only 40 ODLN rows since 2026-06-01, last 2026-08-01, so the invoice IS the goods issue."
TWO_EVENTS,JIVO_OIL,sales_dispatch.gate_out_date + out_time,PHYSICAL_OUT,material leaves here,,,,,,,,,,,,GET /gate-core/sales-dispatch/?from_date&to_date&all_companies=1&page=,"Event = gate-out. sales_dispatch.status flips to DISPATCHED, dispatched_at/out_time stamped, gatepass DCK/<CO>/2026-27/NNNNNN committed, arrival goes DEPARTED. SAP has no field for this and never learns it."
TWO_EVENTS,ALL,,NO_WRITE_BACK,the gate-out never reaches SAP,,,,,,,,,,,,GET /barcode/dispatch/settings/ + /barcode/dispatch/sessions/active|completed/,"require_sap_sync_on_completion = false, and all 133 dispatch sessions read sap_update_status = sap_sync_status = NOT_CONFIGURED. There is a SAP write-back path (retry-sap-sync, sap-sync-logs) and it is switched OFF. SAP therefore has no field, and no feed, that could ever tell it the truck left - which is exactly why OITW.OnHand is a post-invoice number and can never be a physical one."
LAG_INVOICE_TO_GATEOUT,JIVO_MART,,all-warehouses,,,,,,,225,dispatches,,,,median 2 / mean 3.75 / p90 11 / max 25,GET /gate-core/sales-dispatch/?from_date&to_date&all_companies=1&page=,"same-day 27 (12%), next-day 68, 2+ days 130"
LAG_INVOICE_TO_GATEOUT,JIVO_OIL,,all-warehouses,,,,,,,313,dispatches,,,,median 2 / mean 4.67 / p90 10 / max 55,GET /gate-core/sales-dispatch/?from_date&to_date&all_companies=1&page=,"same-day 9 (3%), next-day 108, 2+ days 196"
LAG_INVOICE_TO_GATEOUT,JIVO_BEVERAGES,,all-warehouses,,,,,,,786,dispatches,,,,median 1 / mean 2.29 / p90 4 / max 43,GET /gate-core/sales-dispatch/?from_date&to_date&all_companies=1&page=,"same-day 57 (7%), next-day 415, 2+ days 314"
LAG_INVOICE_TO_GATEOUT,ALL,,all-warehouses,,,,,,,1324,dispatches,,,,median 1 / mean 3.10 / p90 8 / max 55,GET /gate-core/sales-dispatch/?from_date&to_date&all_companies=1&page=,only 93 of 1324 (7%) leave the same day the invoice is dated
LAG_INVOICE_TO_GATEOUT,JIVO_OIL,,,,,,BH-BT,,,320,bills,696444,,,median 3 / litre-wtd mean 4.10 / p90 9 / max 29,GET /gate-core/sales-dispatch/?from_date&to_date&all_companies=1&page= joined to hana-sql JIVO_OIL_HANADB OINV/INV1/OINM,"litres parsed from the SKU name (engine/plan_units.pack_litres), FINISHED item group only"
LAG_INVOICE_TO_GATEOUT,JIVO_OIL,,,,,,BH-PF,,,237,bills,924516,,,median 2 / litre-wtd mean 2.79 / p90 6 / max 24,GET /gate-core/sales-dispatch/?from_date&to_date&all_companies=1&page= joined to hana-sql JIVO_OIL_HANADB OINV/INV1/OINM,"litres parsed from the SKU name (engine/plan_units.pack_litres), FINISHED item group only"
LAG_INVOICE_TO_GATEOUT,JIVO_OIL,,,,,,GP-FG,,,310,bills,895364,,,median 3 / litre-wtd mean 3.72 / p90 10 / max 55,GET /gate-core/sales-dispatch/?from_date&to_date&all_companies=1&page= joined to hana-sql JIVO_OIL_HANADB OINV/INV1/OINM,"litres parsed from the SKU name (engine/plan_units.pack_litres), FINISHED item group only"
STEP_DURATION,JIVO_BEVERAGES,,docked->gate_out,,,,,,,786,dispatches,,,,median 0.2 h / mean 0.5 h / p90 0.7 h,GET /gate-core/sales-dispatch/?from_date&to_date&all_companies=1&page= + GET /dispatch-plans/bills/?date_from&date_to&all_companies=1,the whole wait is BEFORE the dock; once the truck is at the dock it is out in minutes
STEP_DURATION,JIVO_BEVERAGES,,invoice_created->docked,,,,,,,783,dispatches,,,,median 24.1 h / mean 50.3 h / p90 96.3 h,GET /gate-core/sales-dispatch/?from_date&to_date&all_companies=1&page= + GET /dispatch-plans/bills/?date_from&date_to&all_companies=1,this is the window in which SAP already says the stock is gone and it is still on the floor
STEP_DURATION,JIVO_MART,,docked->gate_out,,,,,,,225,dispatches,,,,median 2.8 h / mean 5.1 h / p90 5.2 h,GET /gate-core/sales-dispatch/?from_date&to_date&all_companies=1&page= + GET /dispatch-plans/bills/?date_from&date_to&all_companies=1,the whole wait is BEFORE the dock; once the truck is at the dock it is out in minutes
STEP_DURATION,JIVO_MART,,invoice_created->docked,,,,,,,225,dispatches,,,,median 44.3 h / mean 86.1 h / p90 232.7 h,GET /gate-core/sales-dispatch/?from_date&to_date&all_companies=1&page= + GET /dispatch-plans/bills/?date_from&date_to&all_companies=1,this is the window in which SAP already says the stock is gone and it is still on the floor
STEP_DURATION,JIVO_OIL,,docked->gate_out,,,,,,,313,dispatches,,,,median 2.6 h / mean 3.2 h / p90 4.8 h,GET /gate-core/sales-dispatch/?from_date&to_date&all_companies=1&page= + GET /dispatch-plans/bills/?date_from&date_to&all_companies=1,the whole wait is BEFORE the dock; once the truck is at the dock it is out in minutes
STEP_DURATION,JIVO_OIL,,invoice_created->docked,,,,,,,312,dispatches,,,,median 53.2 h / mean 106.2 h / p90 218.0 h,GET /gate-core/sales-dispatch/?from_date&to_date&all_companies=1&page= + GET /dispatch-plans/bills/?date_from&date_to&all_companies=1,this is the window in which SAP already says the stock is gone and it is still on the floor
PILE_DAY_BH_BT_PF,JIVO_OIL,2026-08-01,,,,,BH-BT+BH-PF,,,93,open bills,308104,,,,hana-sql JIVO_OIL_HANADB OINV/INV1/OINM + GET /gate-core/sales-dispatch/?from_date&to_date&all_companies=1&page=,external customers only; litres invoiced out of SAP but with no gate-out yet on that date
PILE_DAY_BH_BT_PF,JIVO_OIL,2026-08-02,,,,,BH-BT+BH-PF,,,93,open bills,308104,,,,hana-sql JIVO_OIL_HANADB OINV/INV1/OINM + GET /gate-core/sales-dispatch/?from_date&to_date&all_companies=1&page=,external customers only; litres invoiced out of SAP but with no gate-out yet on that date
PILE_DAY_BH_BT_PF,JIVO_OIL,2026-08-03,,,,,BH-BT+BH-PF,,,96,open bills,301701,,,,hana-sql JIVO_OIL_HANADB OINV/INV1/OINM + GET /gate-core/sales-dispatch/?from_date&to_date&all_companies=1&page=,external customers only; litres invoiced out of SAP but with no gate-out yet on that date
PILE_DAY_BH_BT_PF,JIVO_OIL,2026-08-04,,,,,BH-BT+BH-PF,,,81,open bills,267339,,,,hana-sql JIVO_OIL_HANADB OINV/INV1/OINM + GET /gate-core/sales-dispatch/?from_date&to_date&all_companies=1&page=,external customers only; litres invoiced out of SAP but with no gate-out yet on that date
PILE_DAY_BH_BT_PF,JIVO_OIL,2026-08-05,,,,,BH-BT+BH-PF,,,69,open bills,236826,,,,hana-sql JIVO_OIL_HANADB OINV/INV1/OINM + GET /gate-core/sales-dispatch/?from_date&to_date&all_companies=1&page=,external customers only; litres invoiced out of SAP but with no gate-out yet on that date
PILE_DAY_BH_BT_PF,JIVO_OIL,2026-08-06,,,,,BH-BT+BH-PF,,,58,open bills,209656,,,,hana-sql JIVO_OIL_HANADB OINV/INV1/OINM + GET /gate-core/sales-dispatch/?from_date&to_date&all_companies=1&page=,external customers only; litres invoiced out of SAP but with no gate-out yet on that date
PILE_DAY_BH_BT_PF,JIVO_OIL,2026-08-07,,,,,BH-BT+BH-PF,,,56,open bills,179340,,,,hana-sql JIVO_OIL_HANADB OINV/INV1/OINM + GET /gate-core/sales-dispatch/?from_date&to_date&all_companies=1&page=,external customers only; litres invoiced out of SAP but with no gate-out yet on that date
PILE_DAY_BH_BT_PF,JIVO_OIL,2026-08-08,,,,,BH-BT+BH-PF,,,48,open bills,142854,,,,hana-sql JIVO_OIL_HANADB OINV/INV1/OINM + GET /gate-core/sales-dispatch/?from_date&to_date&all_companies=1&page=,external customers only; litres invoiced out of SAP but with no gate-out yet on that date
PILE_DAY_BH_BT_PF,JIVO_OIL,2026-08-09,,,,,BH-BT+BH-PF,,,44,open bills,131669,,,,hana-sql JIVO_OIL_HANADB OINV/INV1/OINM + GET /gate-core/sales-dispatch/?from_date&to_date&all_companies=1&page=,external customers only; litres invoiced out of SAP but with no gate-out yet on that date
PILE_DAY_BH_BT_PF,JIVO_OIL,2026-08-10,,,,,BH-BT+BH-PF,,,82,open bills,121854,,,,hana-sql JIVO_OIL_HANADB OINV/INV1/OINM + GET /gate-core/sales-dispatch/?from_date&to_date&all_companies=1&page=,external customers only; litres invoiced out of SAP but with no gate-out yet on that date
PILE_DAY_BH_BT_PF,JIVO_OIL,2026-08-11,,,,,BH-BT+BH-PF,,,87,open bills,119733,,,,hana-sql JIVO_OIL_HANADB OINV/INV1/OINM + GET /gate-core/sales-dispatch/?from_date&to_date&all_companies=1&page=,external customers only; litres invoiced out of SAP but with no gate-out yet on that date
PILE_DAY_BH_BT_PF,JIVO_OIL,2026-08-12,,,,,BH-BT+BH-PF,,,94,open bills,120367,,,,hana-sql JIVO_OIL_HANADB OINV/INV1/OINM + GET /gate-core/sales-dispatch/?from_date&to_date&all_companies=1&page=,external customers only; litres invoiced out of SAP but with no gate-out yet on that date
PILE_DAY_BH_BT_PF,JIVO_OIL,2026-08-13,,,,,BH-BT+BH-PF,,,81,open bills,78080,,,,hana-sql JIVO_OIL_HANADB OINV/INV1/OINM + GET /gate-core/sales-dispatch/?from_date&to_date&all_companies=1&page=,external customers only; litres invoiced out of SAP but with no gate-out yet on that date
PILE_DAY_BH_BT_PF,JIVO_OIL,2026-08-14,,,,,BH-BT+BH-PF,,,75,open bills,56612,,,,hana-sql JIVO_OIL_HANADB OINV/INV1/OINM + GET /gate-core/sales-dispatch/?from_date&to_date&all_companies=1&page=,external customers only; litres invoiced out of SAP but with no gate-out yet on that date
PILE_DAY_BH_BT_PF,JIVO_OIL,2026-08-15,,,,,BH-BT+BH-PF,,,75,open bills,56612,,,,hana-sql JIVO_OIL_HANADB OINV/INV1/OINM + GET /gate-core/sales-dispatch/?from_date&to_date&all_companies=1&page=,external customers only; litres invoiced out of SAP but with no gate-out yet on that date
PILE_DAY_BH_BT_PF,JIVO_OIL,2026-08-16,,,,,BH-BT+BH-PF,,,75,open bills,56612,,,,hana-sql JIVO_OIL_HANADB OINV/INV1/OINM + GET /gate-core/sales-dispatch/?from_date&to_date&all_companies=1&page=,external customers only; litres invoiced out of SAP but with no gate-out yet on that date
PILE_DAY_BH_BT_PF,JIVO_OIL,2026-08-17,,,,,BH-BT+BH-PF,,,66,open bills,52350,,,,hana-sql JIVO_OIL_HANADB OINV/INV1/OINM + GET /gate-core/sales-dispatch/?from_date&to_date&all_companies=1&page=,external customers only; litres invoiced out of SAP but with no gate-out yet on that date
PILE_DAY_BH_BT_PF,JIVO_OIL,2026-08-18,,,,,BH-BT+BH-PF,,,31,open bills,64622,,,,hana-sql JIVO_OIL_HANADB OINV/INV1/OINM + GET /gate-core/sales-dispatch/?from_date&to_date&all_companies=1&page=,external customers only; litres invoiced out of SAP but with no gate-out yet on that date
PILE_DAY_BH_BT_PF,JIVO_OIL,2026-08-19,,,,,BH-BT+BH-PF,,,22,open bills,66611,,,,hana-sql JIVO_OIL_HANADB OINV/INV1/OINM + GET /gate-core/sales-dispatch/?from_date&to_date&all_companies=1&page=,external customers only; litres invoiced out of SAP but with no gate-out yet on that date
PILE_DAY_BH_BT_PF,JIVO_OIL,2026-08-20,,,,,BH-BT+BH-PF,,,21,open bills,34644,,,,hana-sql JIVO_OIL_HANADB OINV/INV1/OINM + GET /gate-core/sales-dispatch/?from_date&to_date&all_companies=1&page=,external customers only; litres invoiced out of SAP but with no gate-out yet on that date
PILE_DAY_BH_BT_PF,JIVO_OIL,2026-08-21,,,,,BH-BT+BH-PF,,,26,open bills,37290,,,,hana-sql JIVO_OIL_HANADB OINV/INV1/OINM + GET /gate-core/sales-dispatch/?from_date&to_date&all_companies=1&page=,external customers only; litres invoiced out of SAP but with no gate-out yet on that date
PILE_DAY_BH_BT_PF,JIVO_OIL,2026-08-22,,,,,BH-BT+BH-PF,,,33,open bills,33376,,,,hana-sql JIVO_OIL_HANADB OINV/INV1/OINM + GET /gate-core/sales-dispatch/?from_date&to_date&all_companies=1&page=,external customers only; litres invoiced out of SAP but with no gate-out yet on that date
PILE_DAY_BH_BT_PF,JIVO_OIL,2026-08-23,,,,,BH-BT+BH-PF,,,33,open bills,33376,,,,hana-sql JIVO_OIL_HANADB OINV/INV1/OINM + GET /gate-core/sales-dispatch/?from_date&to_date&all_companies=1&page=,external customers only; litres invoiced out of SAP but with no gate-out yet on that date
PILE_DAY_BH_BT_PF,JIVO_OIL,2026-08-24,,,,,BH-BT+BH-PF,,,40,open bills,61171,,,,hana-sql JIVO_OIL_HANADB OINV/INV1/OINM + GET /gate-core/sales-dispatch/?from_date&to_date&all_companies=1&page=,external customers only; litres invoiced out of SAP but with no gate-out yet on that date
PILE_DAY_BH_BT_PF,JIVO_OIL,2026-08-25,,,,,BH-BT+BH-PF,,,52,open bills,105323,,,,hana-sql JIVO_OIL_HANADB OINV/INV1/OINM + GET /gate-core/sales-dispatch/?from_date&to_date&all_companies=1&page=,external customers only; litres invoiced out of SAP but with no gate-out yet on that date
PILE_DAY_BH_BT_PF,JIVO_OIL,2026-08-26,,,,,BH-BT+BH-PF,,,53,open bills,125625,,,,hana-sql JIVO_OIL_HANADB OINV/INV1/OINM + GET /gate-core/sales-dispatch/?from_date&to_date&all_companies=1&page=,external customers only; litres invoiced out of SAP but with no gate-out yet on that date
PILE_DAY_BH_BT_PF,JIVO_OIL,2026-08-27,,,,,BH-BT+BH-PF,,,59,open bills,124989,,,,hana-sql JIVO_OIL_HANADB OINV/INV1/OINM + GET /gate-core/sales-dispatch/?from_date&to_date&all_companies=1&page=,external customers only; litres invoiced out of SAP but with no gate-out yet on that date
PILE_DAY_BH_BT_PF,JIVO_OIL,2026-08-28,,,,,BH-BT+BH-PF,,,59,open bills,124989,,,,hana-sql JIVO_OIL_HANADB OINV/INV1/OINM + GET /gate-core/sales-dispatch/?from_date&to_date&all_companies=1&page=,external customers only; litres invoiced out of SAP but with no gate-out yet on that date
PILE_DAY_BH_BT_PF,JIVO_OIL,2026-08-29,,,,,BH-BT+BH-PF,,,43,open bills,87915,,,,hana-sql JIVO_OIL_HANADB OINV/INV1/OINM + GET /gate-core/sales-dispatch/?from_date&to_date&all_companies=1&page=,external customers only; litres invoiced out of SAP but with no gate-out yet on that date
PILE_DAY_BH_BT_PF,JIVO_OIL,2026-08-30,,,,,BH-BT+BH-PF,,,43,open bills,85917,,,,hana-sql JIVO_OIL_HANADB OINV/INV1/OINM + GET /gate-core/sales-dispatch/?from_date&to_date&all_companies=1&page=,external customers only; litres invoiced out of SAP but with no gate-out yet on that date
SUMMARY,JIVO_OIL,,pile-aug-mean,,,,BH-BT+BH-PF,,,,,124455,,,,derived,"mean August day. median 112,528 L, max 308,104 L on 2026-08-01, today 85,917 L"
SUMMARY,JIVO_OIL,,pile-aug-mean,,,,BH-BT,,,,,86391,,,,derived,"median 65,871 L, max 225,298 L, today 64,147 L"
SUMMARY,JIVO_OIL,,pile-aug-mean,,,,BH-PF,,,,,38064,,,,derived,"median 32,231 L, max 82,861 L, today 21,770 L"
SUMMARY,JIVO_OIL,,pile-aug-mean,,,,GP-FG,,,,,5811,,,,derived,"median 165 L, max 28,906 L, today 0 L"
OPEN_BILL_ON_FLOOR,JIVO_OIL,2026-08-30,626080634,"invoiced, no gate-out recorded",HARPREET SINGH CASH SALE,,BH-BT,,,,,2.0,340,yes (stock already OUT of OITW),0,hana-sql JIVO_OIL_HANADB OINV/INV1/OINM + GET /gate-core/sales-dispatch/?from_date&to_date&all_companies=1&page=,external customer - still physically in the godown unless it left untracked
OPEN_BILL_ON_FLOOR,JIVO_OIL,2026-08-29,626080610,"invoiced, no gate-out recorded",CHARAN DASS BANARSI DASS,,BH-BT,,,,,5630.0,1092705,yes (stock already OUT of OITW),1,hana-sql JIVO_OIL_HANADB OINV/INV1/OINM + GET /gate-core/sales-dispatch/?from_date&to_date&all_companies=1&page=,external customer - still physically in the godown unless it left untracked
OPEN_BILL_ON_FLOOR,JIVO_OIL,2026-08-29,626080611,"invoiced, no gate-out recorded",CHARAN DASS BANARSI DASS,,BH-PF,,,,,2857.7,494373,yes (stock already OUT of OITW),1,hana-sql JIVO_OIL_HANADB OINV/INV1/OINM + GET /gate-core/sales-dispatch/?from_date&to_date&all_companies=1&page=,external customer - still physically in the godown unless it left untracked
OPEN_BILL_ON_FLOOR,JIVO_OIL,2026-08-29,626080612,"invoiced, no gate-out recorded",PARSHOTAM LAL VISHWA NATH,,BH-BT,,,,,15008.0,3061610,yes (stock already OUT of OITW),1,hana-sql JIVO_OIL_HANADB OINV/INV1/OINM + GET /gate-core/sales-dispatch/?from_date&to_date&all_companies=1&page=,external customer - still physically in the godown unless it left untracked
OPEN_BILL_ON_FLOOR,JIVO_OIL,2026-08-29,626080613,"invoiced, no gate-out recorded",JIVO MART PVT LTD,,BH-PF,,,,,7200.0,1360800,yes (stock already OUT of OITW),1,hana-sql JIVO_OIL_HANADB OINV/INV1/OINM + GET /gate-core/sales-dispatch/?from_date&to_date&all_companies=1&page=,"INTERCOMPANY - goes to Mart's books, never sees the gate"
OPEN_BILL_ON_FLOOR,JIVO_OIL,2026-08-29,626080614,"invoiced, no gate-out recorded",JIVO MART PVT LTD,,BH-PF,,,,,7200.0,1360800,yes (stock already OUT of OITW),1,hana-sql JIVO_OIL_HANADB OINV/INV1/OINM + GET /gate-core/sales-dispatch/?from_date&to_date&all_companies=1&page=,"INTERCOMPANY - goes to Mart's books, never sees the gate"
OPEN_BILL_ON_FLOOR,JIVO_OIL,2026-08-29,626080615,"invoiced, no gate-out recorded",JIVO MART PVT LTD,,BH-PF,,,,,10400.0,2730000,yes (stock already OUT of OITW),1,hana-sql JIVO_OIL_HANADB OINV/INV1/OINM + GET /gate-core/sales-dispatch/?from_date&to_date&all_companies=1&page=,"INTERCOMPANY - goes to Mart's books, never sees the gate"
OPEN_BILL_ON_FLOOR,JIVO_OIL,2026-08-29,626080616,"invoiced, no gate-out recorded",JIVO MART PVT LTD,,BH-PF,,,,,5302.0,937734,yes (stock already OUT of OITW),1,hana-sql JIVO_OIL_HANADB OINV/INV1/OINM + GET /gate-core/sales-dispatch/?from_date&to_date&all_companies=1&page=,"INTERCOMPANY - goes to Mart's books, never sees the gate"
OPEN_BILL_ON_FLOOR,JIVO_OIL,2026-08-29,626080617,"invoiced, no gate-out recorded",JIVO MART PVT LTD,,BH-PF,,,,,7200.0,1285200,yes (stock already OUT of OITW),1,hana-sql JIVO_OIL_HANADB OINV/INV1/OINM + GET /gate-core/sales-dispatch/?from_date&to_date&all_companies=1&page=,"INTERCOMPANY - goes to Mart's books, never sees the gate"
OPEN_BILL_ON_FLOOR,JIVO_OIL,2026-08-29,626080619,"invoiced, no gate-out recorded",JIVO MART PVT LTD,,BH-PF,,,,,7200.0,1360800,yes (stock already OUT of OITW),1,hana-sql JIVO_OIL_HANADB OINV/INV1/OINM + GET /gate-core/sales-dispatch/?from_date&to_date&all_companies=1&page=,"INTERCOMPANY - goes to Mart's books, never sees the gate"
OPEN_BILL_ON_FLOOR,JIVO_OIL,2026-08-29,626080620,"invoiced, no gate-out recorded",JIVO MART PVT LTD,,BH-PF,,,,,7200.0,1360800,yes (stock already OUT of OITW),1,hana-sql JIVO_OIL_HANADB OINV/INV1/OINM + GET /gate-core/sales-dispatch/?from_date&to_date&all_companies=1&page=,"INTERCOMPANY - goes to Mart's books, never sees the gate"
OPEN_BILL_ON_FLOOR,JIVO_OIL,2026-08-29,626080621,"invoiced, no gate-out recorded",RAJEEV TRADING COMPANY,,BH-BT,,,,,640.0,121600,yes (stock already OUT of OITW),1,hana-sql JIVO_OIL_HANADB OINV/INV1/OINM + GET /gate-core/sales-dispatch/?from_date&to_date&all_companies=1&page=,external customer - still physically in the godown unless it left untracked
OPEN_BILL_ON_FLOOR,JIVO_OIL,2026-08-29,626080622,"invoiced, no gate-out recorded",SAI TRADING COMPANY,,BH-PF,,,,,8248.4,1230954,yes (stock already OUT of OITW),1,hana-sql JIVO_OIL_HANADB OINV/INV1/OINM + GET /gate-core/sales-dispatch/?from_date&to_date&all_companies=1&page=,external customer - still physically in the godown unless it left untracked
OPEN_BILL_ON_FLOOR,JIVO_OIL,2026-08-29,626080623,"invoiced, no gate-out recorded",DURGA TRADING COMPANY (CQXPG8530Q),,BH-BT,,,,,4125.0,730500,yes (stock already OUT of OITW),1,hana-sql JIVO_OIL_HANADB OINV/INV1/OINM + GET /gate-core/sales-dispatch/?from_date&to_date&all_companies=1&page=,external customer - still physically in the godown unless it left untracked
OPEN_BILL_ON_FLOOR,JIVO_OIL,2026-08-29,626080624,"invoiced, no gate-out recorded",ANAND ENTERPRISES,,BH-BT,,,,,1320.0,227027,yes (stock already OUT of OITW),1,hana-sql JIVO_OIL_HANADB OINV/INV1/OINM + GET /gate-core/sales-dispatch/?from_date&to_date&all_companies=1&page=,external customer - still physically in the godown unless it left untracked
OPEN_BILL_ON_FLOOR,JIVO_OIL,2026-08-29,626080625,"invoiced, no gate-out recorded",JIVO MART PVT LTD,,BH-PF,,,,,7200.0,1890000,yes (stock already OUT of OITW),1,hana-sql JIVO_OIL_HANADB OINV/INV1/OINM + GET /gate-core/sales-dispatch/?from_date&to_date&all_companies=1&page=,"INTERCOMPANY - goes to Mart's books, never sees the gate"
OPEN_BILL_ON_FLOOR,JIVO_OIL,2026-08-29,626080626,"invoiced, no gate-out recorded",JIVO MART PVT LTD,,BH-PF,,,,,7200.0,1890000,yes (stock already OUT of OITW),1,hana-sql JIVO_OIL_HANADB OINV/INV1/OINM + GET /gate-core/sales-dispatch/?from_date&to_date&all_companies=1&page=,"INTERCOMPANY - goes to Mart's books, never sees the gate"
OPEN_BILL_ON_FLOOR,JIVO_OIL,2026-08-29,626080627,"invoiced, no gate-out recorded",JIVO MART PVT LTD,,BH-PF,,,,,10400.0,2730000,yes (stock already OUT of OITW),1,hana-sql JIVO_OIL_HANADB OINV/INV1/OINM + GET /gate-core/sales-dispatch/?from_date&to_date&all_companies=1&page=,"INTERCOMPANY - goes to Mart's books, never sees the gate"
OPEN_BILL_ON_FLOOR,JIVO_OIL,2026-08-29,626080628,"invoiced, no gate-out recorded",ILAHI CO. (BTCPN5063N),,BH-BT,,,,,2084.0,439221,yes (stock already OUT of OITW),1,hana-sql JIVO_OIL_HANADB OINV/INV1/OINM + GET /gate-core/sales-dispatch/?from_date&to_date&all_companies=1&page=,external customer - still physically in the godown unless it left untracked
OPEN_BILL_ON_FLOOR,JIVO_OIL,2026-08-29,626080629,"invoiced, no gate-out recorded",JIVO MART PVT LTD,,BH-PF,,,,,10400.0,2730000,yes (stock already OUT of OITW),1,hana-sql JIVO_OIL_HANADB OINV/INV1/OINM + GET /gate-core/sales-dispatch/?from_date&to_date&all_companies=1&page=,"INTERCOMPANY - goes to Mart's books, never sees the gate"
OPEN_BILL_ON_FLOOR,JIVO_OIL,2026-08-29,626080630,"invoiced, no gate-out recorded",JIVO MART PVT LTD,,BH-PF,,,,,8000.0,2730000,yes (stock already OUT of OITW),1,hana-sql JIVO_OIL_HANADB OINV/INV1/OINM + GET /gate-core/sales-dispatch/?from_date&to_date&all_companies=1&page=,"INTERCOMPANY - goes to Mart's books, never sees the gate"
OPEN_BILL_ON_FLOOR,JIVO_OIL,2026-08-29,626080631,"invoiced, no gate-out recorded",JIVO MART PVT LTD,,BH-PF,,,,,7200.0,1890000,yes (stock already OUT of OITW),1,hana-sql JIVO_OIL_HANADB OINV/INV1/OINM + GET /gate-core/sales-dispatch/?from_date&to_date&all_companies=1&page=,"INTERCOMPANY - goes to Mart's books, never sees the gate"
OPEN_BILL_ON_FLOOR,JIVO_OIL,2026-08-29,626080632,"invoiced, no gate-out recorded",JIVO MART PVT LTD,,BH-PF,,,,,7200.0,1890000,yes (stock already OUT of OITW),1,hana-sql JIVO_OIL_HANADB OINV/INV1/OINM + GET /gate-core/sales-dispatch/?from_date&to_date&all_companies=1&page=,"INTERCOMPANY - goes to Mart's books, never sees the gate"
OPEN_BILL_ON_FLOOR,JIVO_OIL,2026-08-29,626080633,"invoiced, no gate-out recorded",JIVO MART PVT LTD,,BH-PF,,,,,7200.0,1890000,yes (stock already OUT of OITW),1,hana-sql JIVO_OIL_HANADB OINV/INV1/OINM + GET /gate-core/sales-dispatch/?from_date&to_date&all_companies=1&page=,"INTERCOMPANY - goes to Mart's books, never sees the gate"
OPEN_BILL_ON_FLOOR,JIVO_OIL,2026-08-27,626080584,"invoiced, no gate-out recorded",JIVO MART PVT LTD,,BH-PF,,,,,7200.0,1360800,yes (stock already OUT of OITW),3,hana-sql JIVO_OIL_HANADB OINV/INV1/OINM + GET /gate-core/sales-dispatch/?from_date&to_date&all_companies=1&page=,"INTERCOMPANY - goes to Mart's books, never sees the gate"
OPEN_BILL_ON_FLOOR,JIVO_OIL,2026-08-27,626080585,"invoiced, no gate-out recorded",JIVO MART PVT LTD,,BH-PF,,,,,8000.0,1512000,yes (stock already OUT of OITW),3,hana-sql JIVO_OIL_HANADB OINV/INV1/OINM + GET /gate-core/sales-dispatch/?from_date&to_date&all_companies=1&page=,"INTERCOMPANY - goes to Mart's books, never sees the gate"
OPEN_BILL_ON_FLOOR,JIVO_OIL,2026-08-27,626080586,"invoiced, no gate-out recorded",JIVO MART PVT LTD,,BH-PF,,,,,8000.0,1512000,yes (stock already OUT of OITW),3,hana-sql JIVO_OIL_HANADB OINV/INV1/OINM + GET /gate-core/sales-dispatch/?from_date&to_date&all_companies=1&page=,"INTERCOMPANY - goes to Mart's books, never sees the gate"
OPEN_BILL_ON_FLOOR,JIVO_OIL,2026-08-27,626080587,"invoiced, no gate-out recorded",HARPREET SINGH CASH SALE,,BH-BT,,,,,10.0,1775,yes (stock already OUT of OITW),3,hana-sql JIVO_OIL_HANADB OINV/INV1/OINM + GET /gate-core/sales-dispatch/?from_date&to_date&all_companies=1&page=,external customer - still physically in the godown unless it left untracked
OPEN_BILL_ON_FLOOR,JIVO_OIL,2026-08-27,626080588,"invoiced, no gate-out recorded",JIVO MART PVT LTD,,BH-PF,,,,,7600.0,1398600,yes (stock already OUT of OITW),3,hana-sql JIVO_OIL_HANADB OINV/INV1/OINM + GET /gate-core/sales-dispatch/?from_date&to_date&all_companies=1&page=,"INTERCOMPANY - goes to Mart's books, never sees the gate"
OPEN_BILL_ON_FLOOR,JIVO_OIL,2026-08-27,626080589,"invoiced, no gate-out recorded",JIVO MART PVT LTD,,BH-PF,,,,,7200.0,1285200,yes (stock already OUT of OITW),3,hana-sql JIVO_OIL_HANADB OINV/INV1/OINM + GET /gate-core/sales-dispatch/?from_date&to_date&all_companies=1&page=,"INTERCOMPANY - goes to Mart's books, never sees the gate"
OPEN_BILL_ON_FLOOR,JIVO_OIL,2026-08-27,626080590,"invoiced, no gate-out recorded",JIVO MART PVT LTD,,BH-PF,,,,,10400.0,2730000,yes (stock already OUT of OITW),3,hana-sql JIVO_OIL_HANADB OINV/INV1/OINM + GET /gate-core/sales-dispatch/?from_date&to_date&all_companies=1&page=,"INTERCOMPANY - goes to Mart's books, never sees the gate"
OPEN_BILL_ON_FLOOR,JIVO_OIL,2026-08-27,626080591,"invoiced, no gate-out recorded",HARPREET SINGH CASH SALE,,BH-BT,,,,,15.0,2700,yes (stock already OUT of OITW),3,hana-sql JIVO_OIL_HANADB OINV/INV1/OINM + GET /gate-core/sales-dispatch/?from_date&to_date&all_companies=1&page=,external customer - still physically in the godown unless it left untracked
OPEN_BILL_ON_FLOOR,JIVO_OIL,2026-08-27,626080592,"invoiced, no gate-out recorded",HARPREET SINGH CASH SALE,,BH-BT,,,,,4.0,560,yes (stock already OUT of OITW),3,hana-sql JIVO_OIL_HANADB OINV/INV1/OINM + GET /gate-core/sales-dispatch/?from_date&to_date&all_companies=1&page=,external customer - still physically in the godown unless it left untracked
OPEN_BILL_ON_FLOOR,JIVO_OIL,2026-08-27,626080593,"invoiced, no gate-out recorded",HARPREET SINGH CASH SALE,,BH-BT,,,,,4.0,740,yes (stock already OUT of OITW),3,hana-sql JIVO_OIL_HANADB OINV/INV1/OINM + GET /gate-core/sales-dispatch/?from_date&to_date&all_companies=1&page=,external customer - still physically in the godown unless it left untracked
OPEN_BILL_ON_FLOOR,JIVO_OIL,2026-08-27,626080594,"invoiced, no gate-out recorded",JIVO MART PVT LTD,,BH-PF,,,,,7200.0,1360800,yes (stock already OUT of OITW),3,hana-sql JIVO_OIL_HANADB OINV/INV1/OINM + GET /gate-core/sales-dispatch/?from_date&to_date&all_companies=1&page=,"INTERCOMPANY - goes to Mart's books, never sees the gate"
OPEN_BILL_ON_FLOOR,JIVO_OIL,2026-08-27,626080601,"invoiced, no gate-out recorded",HARPREET SINGH CASH SALE,,BH-BT,,,,,2.0,340,yes (stock already OUT of OITW),3,hana-sql JIVO_OIL_HANADB OINV/INV1/OINM + GET /gate-core/sales-dispatch/?from_date&to_date&all_companies=1&page=,external customer - still physically in the godown unless it left untracked
OPEN_BILL_ON_FLOOR,JIVO_OIL,2026-08-27,626080602,"invoiced, no gate-out recorded",M/S RADHEY SHAM & SONS,,BH-BT,,,,,2000.0,337997,yes (stock already OUT of OITW),3,hana-sql JIVO_OIL_HANADB OINV/INV1/OINM + GET /gate-core/sales-dispatch/?from_date&to_date&all_companies=1&page=,external customer - still physically in the godown unless it left untracked
OPEN_BILL_ON_FLOOR,JIVO_OIL,2026-08-27,626080603,"invoiced, no gate-out recorded",HARPREET SINGH CASH SALE,,BH-BT,,,,,1.0,150,yes (stock already OUT of OITW),3,hana-sql JIVO_OIL_HANADB OINV/INV1/OINM + GET /gate-core/sales-dispatch/?from_date&to_date&all_companies=1&page=,external customer - still physically in the godown unless it left untracked
OPEN_BILL_ON_FLOOR,JIVO_OIL,2026-08-27,626080605,"invoiced, no gate-out recorded",M/S RADHEY SHAM & SONS,,BH-PF,,,,,3230.8,487173,yes (stock already OUT of OITW),3,hana-sql JIVO_OIL_HANADB OINV/INV1/OINM + GET /gate-core/sales-dispatch/?from_date&to_date&all_companies=1&page=,external customer - still physically in the godown unless it left untracked
OPEN_BILL_ON_FLOOR,JIVO_OIL,2026-08-27,626080608,"invoiced, no gate-out recorded",SEA BREEZE,,BH-PF,,,,,2010.0,353759,yes (stock already OUT of OITW),3,hana-sql JIVO_OIL_HANADB OINV/INV1/OINM + GET /gate-core/sales-dispatch/?from_date&to_date&all_companies=1&page=,external customer - still physically in the godown unless it left untracked
OPEN_BILL_ON_FLOOR,JIVO_OIL,2026-08-26,626080548,"invoiced, no gate-out recorded",JIVO MART PVT LTD,,BH-PF,,,,,8000.0,1512000,yes (stock already OUT of OITW),4,hana-sql JIVO_OIL_HANADB OINV/INV1/OINM + GET /gate-core/sales-dispatch/?from_date&to_date&all_companies=1&page=,"INTERCOMPANY - goes to Mart's books, never sees the gate"
OPEN_BILL_ON_FLOOR,JIVO_OIL,2026-08-26,626080549,"invoiced, no gate-out recorded",JIVO MART PVT LTD,,BH-PF,,,,,8000.0,1512000,yes (stock already OUT of OITW),4,hana-sql JIVO_OIL_HANADB OINV/INV1/OINM + GET /gate-core/sales-dispatch/?from_date&to_date&all_companies=1&page=,"INTERCOMPANY - goes to Mart's books, never sees the gate"
OPEN_BILL_ON_FLOOR,JIVO_OIL,2026-08-26,626080550,"invoiced, no gate-out recorded",JIVO MART PVT LTD,,BH-PF,,,,,8000.0,1512000,yes (stock already OUT of OITW),4,hana-sql JIVO_OIL_HANADB OINV/INV1/OINM + GET /gate-core/sales-dispatch/?from_date&to_date&all_companies=1&page=,"INTERCOMPANY - goes to Mart's books, never sees the gate"
OPEN_BILL_ON_FLOOR,JIVO_OIL,2026-08-26,626080551,"invoiced, no gate-out recorded",JIVO MART PVT LTD,,BH-PF,,,,,8000.0,1512000,yes (stock already OUT of OITW),4,hana-sql JIVO_OIL_HANADB OINV/INV1/OINM + GET /gate-core/sales-dispatch/?from_date&to_date&all_companies=1&page=,"INTERCOMPANY - goes to Mart's books, never sees the gate"
OPEN_BILL_ON_FLOOR,JIVO_OIL,2026-08-26,626080553,"invoiced, no gate-out recorded",JIVO MART PVT LTD,,BH-PF,,,,,7200.0,2646000,yes (stock already OUT of OITW),4,hana-sql JIVO_OIL_HANADB OINV/INV1/OINM + GET /gate-core/sales-dispatch/?from_date&to_date&all_companies=1&page=,"INTERCOMPANY - goes to Mart's books, never sees the gate"
OPEN_BILL_ON_FLOOR,JIVO_OIL,2026-08-26,626080554,"invoiced, no gate-out recorded",JIVO MART PVT LTD,,BH-BT,,,,,8000.0,1344000,yes (stock already OUT of OITW),4,hana-sql JIVO_OIL_HANADB OINV/INV1/OINM + GET /gate-core/sales-dispatch/?from_date&to_date&all_companies=1&page=,"INTERCOMPANY - goes to Mart's books, never sees the gate"
OPEN_BILL_ON_FLOOR,JIVO_OIL,2026-08-26,626080555,"invoiced, no gate-out recorded",JIVO MART PVT LTD,,BH-BT,,,,,8000.0,1344000,yes (stock already OUT of OITW),4,hana-sql JIVO_OIL_HANADB OINV/INV1/OINM + GET /gate-core/sales-dispatch/?from_date&to_date&all_companies=1&page=,"INTERCOMPANY - goes to Mart's books, never sees the gate"
OPEN_BILL_ON_FLOOR,JIVO_OIL,2026-08-26,626080556,"invoiced, no gate-out recorded",JIVO MART PVT LTD,,BH-BT,,,,,8000.0,1344000,yes (stock already OUT of OITW),4,hana-sql JIVO_OIL_HANADB OINV/INV1/OINM + GET /gate-core/sales-dispatch/?from_date&to_date&all_companies=1&page=,"INTERCOMPANY - goes to Mart's books, never sees the gate"
OPEN_BILL_ON_FLOOR,JIVO_OIL,2026-08-26,626080561,"invoiced, no gate-out recorded",JIVO MART PVT LTD,,BH-BT,,,,,8000.0,1344000,yes (stock already OUT of OITW),4,hana-sql JIVO_OIL_HANADB OINV/INV1/OINM + GET /gate-core/sales-dispatch/?from_date&to_date&all_companies=1&page=,"INTERCOMPANY - goes to Mart's books, never sees the gate"
OPEN_BILL_ON_FLOOR,JIVO_OIL,2026-08-26,626080567,"invoiced, no gate-out recorded",JIVO MART PVT LTD,,BH-PF,,,,,7876.0,1384698,yes (stock already OUT of OITW),4,hana-sql JIVO_OIL_HANADB OINV/INV1/OINM + GET /gate-core/sales-dispatch/?from_date&to_date&all_companies=1&page=,"INTERCOMPANY - goes to Mart's books, never sees the gate"
OPEN_BILL_ON_FLOOR,JIVO_OIL,2026-08-26,626080569,"invoiced, no gate-out recorded",RAVINDER SINGH CHADHA IMPREST JWPL0011,,BH-BT,,,,,2.0,310,yes (stock already OUT of OITW),4,hana-sql JIVO_OIL_HANADB OINV/INV1/OINM + GET /gate-core/sales-dispatch/?from_date&to_date&all_companies=1&page=,external customer - still physically in the godown unless it left untracked
OPEN_BILL_ON_FLOOR,JIVO_OIL,2026-08-26,626080570,"invoiced, no gate-out recorded",HARPREET SINGH CASH SALE,,BH-BT,,,,,0.5,250,yes (stock already OUT of OITW),4,hana-sql JIVO_OIL_HANADB OINV/INV1/OINM + GET /gate-core/sales-dispatch/?from_date&to_date&all_companies=1&page=,external customer - still physically in the godown unless it left untracked
OPEN_BILL_ON_FLOOR,JIVO_OIL,2026-08-26,626080572,"invoiced, no gate-out recorded",JIVO MART PVT LTD,,BH-PF,,,,,8000.0,1512000,yes (stock already OUT of OITW),4,hana-sql JIVO_OIL_HANADB OINV/INV1/OINM + GET /gate-core/sales-dispatch/?from_date&to_date&all_companies=1&page=,"INTERCOMPANY - goes to Mart's books, never sees the gate"
OPEN_BILL_ON_FLOOR,JIVO_OIL,2026-08-26,626080574,"invoiced, no gate-out recorded",JIVO MART PVT LTD,,BH-PF,,,,,7200.0,1360800,yes (stock already OUT of OITW),4,hana-sql JIVO_OIL_HANADB OINV/INV1/OINM + GET /gate-core/sales-dispatch/?from_date&to_date&all_companies=1&page=,"INTERCOMPANY - goes to Mart's books, never sees the gate"
OPEN_BILL_ON_FLOOR,JIVO_OIL,2026-08-26,626080583,"invoiced, no gate-out recorded",GLOBAL SALES,,BH-BT,,,,,11004.0,2144233,yes (stock already OUT of OITW),4,hana-sql JIVO_OIL_HANADB OINV/INV1/OINM + GET /gate-core/sales-dispatch/?from_date&to_date&all_companies=1&page=,external customer - still physically in the godown unless it left untracked
OPEN_BILL_ON_FLOOR,JIVO_OIL,2026-08-25,626080520,"invoiced, no gate-out recorded",KNOWTABLE ONLINE SERVICES PRIVATE LIMITED,,BH-BT,,,,,11593.0,2912000,yes (stock already OUT of OITW),5,hana-sql JIVO_OIL_HANADB OINV/INV1/OINM + GET /gate-core/sales-dispatch/?from_date&to_date&all_companies=1&page=,external customer - still physically in the godown unless it left untracked
OPEN_BILL_ON_FLOOR,JIVO_OIL,2026-08-25,626080523,"invoiced, no gate-out recorded",HARPREET SINGH CASH SALE,,BH-BT,,,,,10.0,1775,yes (stock already OUT of OITW),5,hana-sql JIVO_OIL_HANADB OINV/INV1/OINM + GET /gate-core/sales-dispatch/?from_date&to_date&all_companies=1&page=,external customer - still physically in the godown unless it left untracked
OPEN_BILL_ON_FLOOR,JIVO_OIL,2026-08-25,626080525,"invoiced, no gate-out recorded",JIVO MART PVT LTD,,BH-PF,,,,,7200.0,1360800,yes (stock already OUT of OITW),5,hana-sql JIVO_OIL_HANADB OINV/INV1/OINM + GET /gate-core/sales-dispatch/?from_date&to_date&all_companies=1&page=,"INTERCOMPANY - goes to Mart's books, never sees the gate"
OPEN_BILL_ON_FLOOR,JIVO_OIL,2026-08-25,626080526,"invoiced, no gate-out recorded",JIVO MART PVT LTD,,BH-PF,,,,,7200.0,1519560,yes (stock already OUT of OITW),5,hana-sql JIVO_OIL_HANADB OINV/INV1/OINM + GET /gate-core/sales-dispatch/?from_date&to_date&all_companies=1&page=,"INTERCOMPANY - goes to Mart's books, never sees the gate"
OPEN_BILL_ON_FLOOR,JIVO_OIL,2026-08-25,626080527,"invoiced, no gate-out recorded",JIVO MART PVT LTD,,BH-PF,,,,,8000.0,1344000,yes (stock already OUT of OITW),5,hana-sql JIVO_OIL_HANADB OINV/INV1/OINM + GET /gate-core/sales-dispatch/?from_date&to_date&all_companies=1&page=,"INTERCOMPANY - goes to Mart's books, never sees the gate"
OPEN_BILL_ON_FLOOR,JIVO_OIL,2026-08-25,626080528,"invoiced, no gate-out recorded",JIVO MART PVT LTD,,BH-PF,,,,,8000.0,1344000,yes (stock already OUT of OITW),5,hana-sql JIVO_OIL_HANADB OINV/INV1/OINM + GET /gate-core/sales-dispatch/?from_date&to_date&all_companies=1&page=,"INTERCOMPANY - goes to Mart's books, never sees the gate"
OPEN_BILL_ON_FLOOR,JIVO_OIL,2026-08-25,626080529,"invoiced, no gate-out recorded",JIVO MART PVT LTD,,BH-PF,,,,,8000.0,1344000,yes (stock already OUT of OITW),5,hana-sql JIVO_OIL_HANADB OINV/INV1/OINM + GET /gate-core/sales-dispatch/?from_date&to_date&all_companies=1&page=,"INTERCOMPANY - goes to Mart's books, never sees the gate"
OPEN_BILL_ON_FLOOR,JIVO_OIL,2026-08-25,626080532,"invoiced, no gate-out recorded",ILAHI CO. (BTCPN5063N),,BH-BT,,,,,5.5,1068,yes (stock already OUT of OITW),5,hana-sql JIVO_OIL_HANADB OINV/INV1/OINM + GET /gate-core/sales-dispatch/?from_date&to_date&all_companies=1&page=,external customer - still physically in the godown unless it left untracked
OPEN_BILL_ON_FLOOR,JIVO_OIL,2026-08-25,626080537,"invoiced, no gate-out recorded",JIVO MART PVT LTD,,BH-PF,,,,,5040.0,846720,yes (stock already OUT of OITW),5,hana-sql JIVO_OIL_HANADB OINV/INV1/OINM + GET /gate-core/sales-dispatch/?from_date&to_date&all_companies=1&page=,"INTERCOMPANY - goes to Mart's books, never sees the gate"
OPEN_BILL_ON_FLOOR,JIVO_OIL,2026-08-25,626080542,"invoiced, no gate-out recorded",JIVO MART PVT LTD,,BH-PF,,,,,8000.0,1344000,yes (stock already OUT of OITW),5,hana-sql JIVO_OIL_HANADB OINV/INV1/OINM + GET /gate-core/sales-dispatch/?from_date&to_date&all_companies=1&page=,"INTERCOMPANY - goes to Mart's books, never sees the gate"
OPEN_BILL_ON_FLOOR,JIVO_OIL,2026-08-24,626080486,"invoiced, no gate-out recorded",JIVO MART PVT LTD,,BH-PF,,,,,8000.0,1428000,yes (stock already OUT of OITW),6,hana-sql JIVO_OIL_HANADB OINV/INV1/OINM + GET /gate-core/sales-dispatch/?from_date&to_date&all_companies=1&page=,"INTERCOMPANY - goes to Mart's books, never sees the gate"
OPEN_BILL_ON_FLOOR,JIVO_OIL,2026-08-24,626080487,"invoiced, no gate-out recorded",JIVO MART PVT LTD,,BH-PF,,,,,8000.0,1428000,yes (stock already OUT of OITW),6,hana-sql JIVO_OIL_HANADB OINV/INV1/OINM + GET /gate-core/sales-dispatch/?from_date&to_date&all_companies=1&page=,"INTERCOMPANY - goes to Mart's books, never sees the gate"
OPEN_BILL_ON_FLOOR,JIVO_OIL,2026-08-24,626080490,"invoiced, no gate-out recorded",BRIJ LAL DURGA DASS,,BH-BT,,,,,1320.0,205918,yes (stock already OUT of OITW),6,hana-sql JIVO_OIL_HANADB OINV/INV1/OINM + GET /gate-core/sales-dispatch/?from_date&to_date&all_companies=1&page=,external customer - still physically in the godown unless it left untracked
OPEN_BILL_ON_FLOOR,JIVO_OIL,2026-08-24,626080491,"invoiced, no gate-out recorded",JIVO MART PVT LTD,,BH-PF,,,,,8000.0,1428000,yes (stock already OUT of OITW),6,hana-sql JIVO_OIL_HANADB OINV/INV1/OINM + GET /gate-core/sales-dispatch/?from_date&to_date&all_companies=1&page=,"INTERCOMPANY - goes to Mart's books, never sees the gate"
OPEN_BILL_ON_FLOOR,JIVO_OIL,2026-08-24,626080492,"invoiced, no gate-out recorded",JIVO MART PVT LTD,,BH-PF,,,,,10400.0,2730000,yes (stock already OUT of OITW),6,hana-sql JIVO_OIL_HANADB OINV/INV1/OINM + GET /gate-core/sales-dispatch/?from_date&to_date&all_companies=1&page=,"INTERCOMPANY - goes to Mart's books, never sees the gate"
OPEN_BILL_ON_FLOOR,JIVO_OIL,2026-08-24,626080493,"invoiced, no gate-out recorded",JIVO MART PVT LTD,,BH-PF,,,,,7200.0,1360800,yes (stock already OUT of OITW),6,hana-sql JIVO_OIL_HANADB OINV/INV1/OINM + GET /gate-core/sales-dispatch/?from_date&to_date&all_companies=1&page=,"INTERCOMPANY - goes to Mart's books, never sees the gate"
OPEN_BILL_ON_FLOOR,JIVO_OIL,2026-08-24,626080494,"invoiced, no gate-out recorded",JIVO MART PVT LTD,,BH-PF,,,,,7200.0,1360800,yes (stock already OUT of OITW),6,hana-sql JIVO_OIL_HANADB OINV/INV1/OINM + GET /gate-core/sales-dispatch/?from_date&to_date&all_companies=1&page=,"INTERCOMPANY - goes to Mart's books, never sees the gate"
OPEN_BILL_ON_FLOOR,JIVO_OIL,2026-08-24,626080501,"invoiced, no gate-out recorded",BRIJ LAL SOHAN LAL,,BH-BT,,,,,5000.0,804985,yes (stock already OUT of OITW),6,hana-sql JIVO_OIL_HANADB OINV/INV1/OINM + GET /gate-core/sales-dispatch/?from_date&to_date&all_companies=1&page=,external customer - still physically in the godown unless it left untracked
OPEN_BILL_ON_FLOOR,JIVO_OIL,2026-08-24,626080504,"invoiced, no gate-out recorded",HARPREET SINGH CASH SALE,,BH-BT,,,,,2.0,1120,yes (stock already OUT of OITW),6,hana-sql JIVO_OIL_HANADB OINV/INV1/OINM + GET /gate-core/sales-dispatch/?from_date&to_date&all_companies=1&page=,external customer - still physically in the godown unless it left untracked
OPEN_BILL_ON_FLOOR,JIVO_OIL,2026-08-24,626080505,"invoiced, no gate-out recorded",HARPREET SINGH CASH SALE,,BH-BT,,,,,5.0,730,yes (stock already OUT of OITW),6,hana-sql JIVO_OIL_HANADB OINV/INV1/OINM + GET /gate-core/sales-dispatch/?from_date&to_date&all_companies=1&page=,external customer - still physically in the godown unless it left untracked
OPEN_BILL_ON_FLOOR,JIVO_OIL,2026-08-24,626080506,"invoiced, no gate-out recorded",JIVO MART PVT LTD,,BH-PF,,,,,10400.0,2730000,yes (stock already OUT of OITW),6,hana-sql JIVO_OIL_HANADB OINV/INV1/OINM + GET /gate-core/sales-dispatch/?from_date&to_date&all_companies=1&page=,"INTERCOMPANY - goes to Mart's books, never sees the gate"
OPEN_BILL_ON_FLOOR,JIVO_OIL,2026-08-24,626080507,"invoiced, no gate-out recorded",JIVO MART PVT LTD,,BH-PF,,,,,8000.0,1428000,yes (stock already OUT of OITW),6,hana-sql JIVO_OIL_HANADB OINV/INV1/OINM + GET /gate-core/sales-dispatch/?from_date&to_date&all_companies=1&page=,"INTERCOMPANY - goes to Mart's books, never sees the gate"
OPEN_BILL_ON_FLOOR,JIVO_OIL,2026-08-24,626080508,"invoiced, no gate-out recorded",JIVO MART PVT LTD,,BH-PF,,,,,7200.0,1360800,yes (stock already OUT of OITW),6,hana-sql JIVO_OIL_HANADB OINV/INV1/OINM + GET /gate-core/sales-dispatch/?from_date&to_date&all_companies=1&page=,"INTERCOMPANY - goes to Mart's books, never sees the gate"
OPEN_BILL_ON_FLOOR,JIVO_OIL,2026-08-24,626080509,"invoiced, no gate-out recorded",JIVO MART PVT LTD,,BH-PF,,,,,7200.0,1360800,yes (stock already OUT of OITW),6,hana-sql JIVO_OIL_HANADB OINV/INV1/OINM + GET /gate-core/sales-dispatch/?from_date&to_date&all_companies=1&page=,"INTERCOMPANY - goes to Mart's books, never sees the gate"
OPEN_BILL_ON_FLOOR,JIVO_OIL,2026-08-24,626080510,"invoiced, no gate-out recorded",JIVO MART PVT LTD,,BH-PF,,,,,7960.0,1337280,yes (stock already OUT of OITW),6,hana-sql JIVO_OIL_HANADB OINV/INV1/OINM + GET /gate-core/sales-dispatch/?from_date&to_date&all_companies=1&page=,"INTERCOMPANY - goes to Mart's books, never sees the gate"
OPEN_BILL_ON_FLOOR,JIVO_OIL,2026-08-24,626080517,"invoiced, no gate-out recorded",JIVO MART PVT LTD,,BH-BT,,,,,11200.0,2436000,yes (stock already OUT of OITW),6,hana-sql JIVO_OIL_HANADB OINV/INV1/OINM + GET /gate-core/sales-dispatch/?from_date&to_date&all_companies=1&page=,"INTERCOMPANY - goes to Mart's books, never sees the gate"
OPEN_BILL_ON_FLOOR,JIVO_OIL,2026-08-22,626080463,"invoiced, no gate-out recorded",JIVO MART PVT LTD,,BH-PF,,,,,4800.0,806400,yes (stock already OUT of OITW),8,hana-sql JIVO_OIL_HANADB OINV/INV1/OINM + GET /gate-core/sales-dispatch/?from_date&to_date&all_companies=1&page=,"INTERCOMPANY - goes to Mart's books, never sees the gate"
OPEN_BILL_ON_FLOOR,JIVO_OIL,2026-08-22,626080464,"invoiced, no gate-out recorded",HARPREET SINGH CASH SALE,,BH-BT,,,,,5.0,700,yes (stock already OUT of OITW),8,hana-sql JIVO_OIL_HANADB OINV/INV1/OINM + GET /gate-core/sales-dispatch/?from_date&to_date&all_companies=1&page=,external customer - still physically in the godown unless it left untracked
OPEN_BILL_ON_FLOOR,JIVO_OIL,2026-08-22,626080465,"invoiced, no gate-out recorded",HARPREET SINGH CASH SALE,,BH-BT,,,,,2.0,340,yes (stock already OUT of OITW),8,hana-sql JIVO_OIL_HANADB OINV/INV1/OINM + GET /gate-core/sales-dispatch/?from_date&to_date&all_companies=1&page=,external customer - still physically in the godown unless it left untracked
OPEN_BILL_ON_FLOOR,JIVO_OIL,2026-08-22,626080467,"invoiced, no gate-out recorded",KULPREET SINGH IMPREST JWPL1364,,BH-PF,,,,,5.0,9257,yes (stock already OUT of OITW),8,hana-sql JIVO_OIL_HANADB OINV/INV1/OINM + GET /gate-core/sales-dispatch/?from_date&to_date&all_companies=1&page=,external customer - still physically in the godown unless it left untracked
OPEN_BILL_ON_FLOOR,JIVO_OIL,2026-08-22,626080469,"invoiced, no gate-out recorded",JIVO MART PVT LTD,,BH-PF,,,,,10400.0,2730000,yes (stock already OUT of OITW),8,hana-sql JIVO_OIL_HANADB OINV/INV1/OINM + GET /gate-core/sales-dispatch/?from_date&to_date&all_companies=1&page=,"INTERCOMPANY - goes to Mart's books, never sees the gate"
OPEN_BILL_ON_FLOOR,JIVO_OIL,2026-08-22,626080470,"invoiced, no gate-out recorded",JIVO MART PVT LTD,,BH-PF,,,,,6370.0,1176000,yes (stock already OUT of OITW),8,hana-sql JIVO_OIL_HANADB OINV/INV1/OINM + GET /gate-core/sales-dispatch/?from_date&to_date&all_companies=1&page=,"INTERCOMPANY - goes to Mart's books, never sees the gate"
OPEN_BILL_ON_FLOOR,JIVO_OIL,2026-08-22,626080471,"invoiced, no gate-out recorded",JIVO MART PVT LTD,,BH-PF,,,,,7200.0,1360800,yes (stock already OUT of OITW),8,hana-sql JIVO_OIL_HANADB OINV/INV1/OINM + GET /gate-core/sales-dispatch/?from_date&to_date&all_companies=1&page=,"INTERCOMPANY - goes to Mart's books, never sees the gate"
OPEN_BILL_ON_FLOOR,JIVO_OIL,2026-08-22,626080472,"invoiced, no gate-out recorded",JIVO MART PVT LTD,,BH-PF,,,,,7200.0,1360800,yes (stock already OUT of OITW),8,hana-sql JIVO_OIL_HANADB OINV/INV1/OINM + GET /gate-core/sales-dispatch/?from_date&to_date&all_companies=1&page=,"INTERCOMPANY - goes to Mart's books, never sees the gate"
OPEN_BILL_ON_FLOOR,JIVO_OIL,2026-08-22,626080473,"invoiced, no gate-out recorded",JIVO MART PVT LTD,,BH-PF,,,,,9000.0,1512000,yes (stock already OUT of OITW),8,hana-sql JIVO_OIL_HANADB OINV/INV1/OINM + GET /gate-core/sales-dispatch/?from_date&to_date&all_companies=1&page=,"INTERCOMPANY - goes to Mart's books, never sees the gate"
OPEN_BILL_ON_FLOOR,JIVO_OIL,2026-08-22,626080474,"invoiced, no gate-out recorded",JIVO MART PVT LTD,,BH-PF,,,,,9000.0,1512000,yes (stock already OUT of OITW),8,hana-sql JIVO_OIL_HANADB OINV/INV1/OINM + GET /gate-core/sales-dispatch/?from_date&to_date&all_companies=1&page=,"INTERCOMPANY - goes to Mart's books, never sees the gate"
OPEN_BILL_ON_FLOOR,JIVO_OIL,2026-08-22,626080475,"invoiced, no gate-out recorded",JIVO MART PVT LTD,,BH-PF,,,,,8000.0,1428000,yes (stock already OUT of OITW),8,hana-sql JIVO_OIL_HANADB OINV/INV1/OINM + GET /gate-core/sales-dispatch/?from_date&to_date&all_companies=1&page=,"INTERCOMPANY - goes to Mart's books, never sees the gate"
OPEN_BILL_ON_FLOOR,JIVO_OIL,2026-08-22,626080477,"invoiced, no gate-out recorded",JIVO MART PVT LTD,,BH-PF,,,,,8000.0,1428000,yes (stock already OUT of OITW),8,hana-sql JIVO_OIL_HANADB OINV/INV1/OINM + GET /gate-core/sales-dispatch/?from_date&to_date&all_companies=1&page=,"INTERCOMPANY - goes to Mart's books, never sees the gate"
OPEN_BILL_ON_FLOOR,JIVO_OIL,2026-08-22,626080478,"invoiced, no gate-out recorded",HARPREET SINGH CASH SALE,,BH-BT,,,,,7.0,1490,yes (stock already OUT of OITW),8,hana-sql JIVO_OIL_HANADB OINV/INV1/OINM + GET /gate-core/sales-dispatch/?from_date&to_date&all_companies=1&page=,external customer - still physically in the godown unless it left untracked
OPEN_BILL_ON_FLOOR,JIVO_OIL,2026-08-22,626080481,"invoiced, no gate-out recorded",HARPREET SINGH CASH SALE,,BH-BT,,,,,4.0,2000,yes (stock already OUT of OITW),8,hana-sql JIVO_OIL_HANADB OINV/INV1/OINM + GET /gate-core/sales-dispatch/?from_date&to_date&all_companies=1&page=,external customer - still physically in the godown unless it left untracked
OPEN_BILL_ON_FLOOR,JIVO_OIL,2026-08-22,626080482,"invoiced, no gate-out recorded",HARPREET SINGH CASH SALE,,BH-BT,,,,,5.0,850,yes (stock already OUT of OITW),8,hana-sql JIVO_OIL_HANADB OINV/INV1/OINM + GET /gate-core/sales-dispatch/?from_date&to_date&all_companies=1&page=,external customer - still physically in the godown unless it left untracked
OPEN_BILL_ON_FLOOR,JIVO_OIL,2026-08-22,626080483,"invoiced, no gate-out recorded",JIVO MART PVT LTD,,BH-BT,,,,,8000.0,1344000,yes (stock already OUT of OITW),8,hana-sql JIVO_OIL_HANADB OINV/INV1/OINM + GET /gate-core/sales-dispatch/?from_date&to_date&all_companies=1&page=,"INTERCOMPANY - goes to Mart's books, never sees the gate"
OPEN_BILL_ON_FLOOR,JIVO_OIL,2026-08-22,626080484,"invoiced, no gate-out recorded",JIVO MART PVT LTD,,BH-BT,,,,,8000.0,1344000,yes (stock already OUT of OITW),8,hana-sql JIVO_OIL_HANADB OINV/INV1/OINM + GET /gate-core/sales-dispatch/?from_date&to_date&all_companies=1&page=,"INTERCOMPANY - goes to Mart's books, never sees the gate"
OPEN_BILL_ON_FLOOR,JIVO_OIL,2026-08-22,626080485,"invoiced, no gate-out recorded",JIVO MART PVT LTD,,BH-BT,,,,,8000.0,1344000,yes (stock already OUT of OITW),8,hana-sql JIVO_OIL_HANADB OINV/INV1/OINM + GET /gate-core/sales-dispatch/?from_date&to_date&all_companies=1&page=,"INTERCOMPANY - goes to Mart's books, never sees the gate"
OPEN_BILL_ON_FLOOR,JIVO_OIL,2026-08-21,626080441,"invoiced, no gate-out recorded",JIVO MART PVT LTD,,BH-PF,,,,,8000.0,1344000,yes (stock already OUT of OITW),9,hana-sql JIVO_OIL_HANADB OINV/INV1/OINM + GET /gate-core/sales-dispatch/?from_date&to_date&all_companies=1&page=,"INTERCOMPANY - goes to Mart's books, never sees the gate"
OPEN_BILL_ON_FLOOR,JIVO_OIL,2026-08-21,626080442,"invoiced, no gate-out recorded",JIVO MART PVT LTD,,BH-PF,,,,,8000.0,1344000,yes (stock already OUT of OITW),9,hana-sql JIVO_OIL_HANADB OINV/INV1/OINM + GET /gate-core/sales-dispatch/?from_date&to_date&all_companies=1&page=,"INTERCOMPANY - goes to Mart's books, never sees the gate"
OPEN_BILL_ON_FLOOR,JIVO_OIL,2026-08-21,626080445,"invoiced, no gate-out recorded",JIVO MART PVT LTD,,BH-PF,,,,,7200.0,1360800,yes (stock already OUT of OITW),9,hana-sql JIVO_OIL_HANADB OINV/INV1/OINM + GET /gate-core/sales-dispatch/?from_date&to_date&all_companies=1&page=,"INTERCOMPANY - goes to Mart's books, never sees the gate"
OPEN_BILL_ON_FLOOR,JIVO_OIL,2026-08-21,626080446,"invoiced, no gate-out recorded",JIVO MART PVT LTD,,BH-PF,,,,,7200.0,1360800,yes (stock already OUT of OITW),9,hana-sql JIVO_OIL_HANADB OINV/INV1/OINM + GET /gate-core/sales-dispatch/?from_date&to_date&all_companies=1&page=,"INTERCOMPANY - goes to Mart's books, never sees the gate"
OPEN_BILL_ON_FLOOR,JIVO_OIL,2026-08-21,626080447,"invoiced, no gate-out recorded",JIVO MART PVT LTD,,BH-PF,,,,,8000.0,1344000,yes (stock already OUT of OITW),9,hana-sql JIVO_OIL_HANADB OINV/INV1/OINM + GET /gate-core/sales-dispatch/?from_date&to_date&all_companies=1&page=,"INTERCOMPANY - goes to Mart's books, never sees the gate"
OPEN_BILL_ON_FLOOR,JIVO_OIL,2026-08-21,626080448,"invoiced, no gate-out recorded",JIVO MART PVT LTD,,BH-PF,,,,,9000.0,1512000,yes (stock already OUT of OITW),9,hana-sql JIVO_OIL_HANADB OINV/INV1/OINM + GET /gate-core/sales-dispatch/?from_date&to_date&all_companies=1&page=,"INTERCOMPANY - goes to Mart's books, never sees the gate"
OPEN_BILL_ON_FLOOR,JIVO_OIL,2026-08-21,626080449,"invoiced, no gate-out recorded",JIVO MART PVT LTD,,BH-PF,,,,,9000.0,1512000,yes (stock already OUT of OITW),9,hana-sql JIVO_OIL_HANADB OINV/INV1/OINM + GET /gate-core/sales-dispatch/?from_date&to_date&all_companies=1&page=,"INTERCOMPANY - goes to Mart's books, never sees the gate"
OPEN_BILL_ON_FLOOR,JIVO_OIL,2026-08-21,626080450,"invoiced, no gate-out recorded",HARPREET SINGH CASH SALE,,BH-BT,,,,,3.0,555,yes (stock already OUT of OITW),9,hana-sql JIVO_OIL_HANADB OINV/INV1/OINM + GET /gate-core/sales-dispatch/?from_date&to_date&all_companies=1&page=,external customer - still physically in the godown unless it left untracked
OPEN_BILL_ON_FLOOR,JIVO_OIL,2026-08-21,626080457,"invoiced, no gate-out recorded",HARPREET SINGH CASH SALE,,BH-BT,,,,,5.0,850,yes (stock already OUT of OITW),9,hana-sql JIVO_OIL_HANADB OINV/INV1/OINM + GET /gate-core/sales-dispatch/?from_date&to_date&all_companies=1&page=,external customer - still physically in the godown unless it left untracked
OPEN_BILL_ON_FLOOR,JIVO_OIL,2026-08-21,626080459,"invoiced, no gate-out recorded",JIVO MART PVT LTD,,BH-PF,,,,,6660.0,1128960,yes (stock already OUT of OITW),9,hana-sql JIVO_OIL_HANADB OINV/INV1/OINM + GET /gate-core/sales-dispatch/?from_date&to_date&all_companies=1&page=,"INTERCOMPANY - goes to Mart's books, never sees the gate"
OPEN_BILL_ON_FLOOR,JIVO_OIL,2026-08-21,626080460,"invoiced, no gate-out recorded",JIVO MART PVT LTD,,BH-PF,,,,,8000.0,1344000,yes (stock already OUT of OITW),9,hana-sql JIVO_OIL_HANADB OINV/INV1/OINM + GET /gate-core/sales-dispatch/?from_date&to_date&all_companies=1&page=,"INTERCOMPANY - goes to Mart's books, never sees the gate"
OPEN_BILL_ON_FLOOR,JIVO_OIL,2026-08-21,626080461,"invoiced, no gate-out recorded",JIVO MART PVT LTD,,BH-PF,,,,,8000.0,1428000,yes (stock already OUT of OITW),9,hana-sql JIVO_OIL_HANADB OINV/INV1/OINM + GET /gate-core/sales-dispatch/?from_date&to_date&all_companies=1&page=,"INTERCOMPANY - goes to Mart's books, never sees the gate"
OPEN_BILL_ON_FLOOR,JIVO_OIL,2026-08-21,626080462,"invoiced, no gate-out recorded",JIVO MART PVT LTD,,BH-PF,,,,,8000.0,1428000,yes (stock already OUT of OITW),9,hana-sql JIVO_OIL_HANADB OINV/INV1/OINM + GET /gate-core/sales-dispatch/?from_date&to_date&all_companies=1&page=,"INTERCOMPANY - goes to Mart's books, never sees the gate"
OPEN_BILL_ON_FLOOR,JIVO_OIL,2026-08-20,626080426,"invoiced, no gate-out recorded",JIVO MART PVT LTD,,BH-PF,,,,,8000.0,1344000,yes (stock already OUT of OITW),10,hana-sql JIVO_OIL_HANADB OINV/INV1/OINM + GET /gate-core/sales-dispatch/?from_date&to_date&all_companies=1&page=,"INTERCOMPANY - goes to Mart's books, never sees the gate"
OPEN_BILL_ON_FLOOR,JIVO_OIL,2026-08-20,626080427,"invoiced, no gate-out recorded",JIVO MART PVT LTD,,BH-PF,,,,,8000.0,1344000,yes (stock already OUT of OITW),10,hana-sql JIVO_OIL_HANADB OINV/INV1/OINM + GET /gate-core/sales-dispatch/?from_date&to_date&all_companies=1&page=,"INTERCOMPANY - goes to Mart's books, never sees the gate"
OPEN_BILL_ON_FLOOR,JIVO_OIL,2026-08-20,626080429,"invoiced, no gate-out recorded",JIVO MART PVT LTD,,BH-PF,,,,,8000.0,1344000,yes (stock already OUT of OITW),10,hana-sql JIVO_OIL_HANADB OINV/INV1/OINM + GET /gate-core/sales-dispatch/?from_date&to_date&all_companies=1&page=,"INTERCOMPANY - goes to Mart's books, never sees the gate"
OPEN_BILL_ON_FLOOR,JIVO_OIL,2026-08-20,626080430,"invoiced, no gate-out recorded",JIVO MART PVT LTD,,BH-PF,,,,,7200.0,1360800,yes (stock already OUT of OITW),10,hana-sql JIVO_OIL_HANADB OINV/INV1/OINM + GET /gate-core/sales-dispatch/?from_date&to_date&all_companies=1&page=,"INTERCOMPANY - goes to Mart's books, never sees the gate"
OPEN_BILL_ON_FLOOR,JIVO_OIL,2026-08-20,626080432,"invoiced, no gate-out recorded",JIVO MART PVT LTD,,BH-PF,,,,,4459.0,1447331,yes (stock already OUT of OITW),10,hana-sql JIVO_OIL_HANADB OINV/INV1/OINM + GET /gate-core/sales-dispatch/?from_date&to_date&all_companies=1&page=,"INTERCOMPANY - goes to Mart's books, never sees the gate"
OPEN_BILL_ON_FLOOR,JIVO_OIL,2026-08-20,626080433,"invoiced, no gate-out recorded",JIVO MART PVT LTD,,BH-PF,,,,,7200.0,1360800,yes (stock already OUT of OITW),10,hana-sql JIVO_OIL_HANADB OINV/INV1/OINM + GET /gate-core/sales-dispatch/?from_date&to_date&all_companies=1&page=,"INTERCOMPANY - goes to Mart's books, never sees the gate"
OPEN_BILL_ON_FLOOR,JIVO_OIL,2026-08-20,626080434,"invoiced, no gate-out recorded",JIVO MART PVT LTD,,BH-PF,,,,,7200.0,1360800,yes (stock already OUT of OITW),10,hana-sql JIVO_OIL_HANADB OINV/INV1/OINM + GET /gate-core/sales-dispatch/?from_date&to_date&all_companies=1&page=,"INTERCOMPANY - goes to Mart's books, never sees the gate"
OPEN_BILL_ON_FLOOR,JIVO_OIL,2026-08-19,626080401,"invoiced, no gate-out recorded",JIVO MART PVT LTD,,BH-PF,,,,,4932.0,932148,yes (stock already OUT of OITW),11,hana-sql JIVO_OIL_HANADB OINV/INV1/OINM + GET /gate-core/sales-dispatch/?from_date&to_date&all_companies=1&page=,"INTERCOMPANY - goes to Mart's books, never sees the gate"
OPEN_BILL_ON_FLOOR,JIVO_OIL,2026-08-19,626080402,"invoiced, no gate-out recorded",HARPREET SINGH CASH SALE,,BH-BT,,,,,5.0,800,yes (stock already OUT of OITW),11,hana-sql JIVO_OIL_HANADB OINV/INV1/OINM + GET /gate-core/sales-dispatch/?from_date&to_date&all_companies=1&page=,external customer - still physically in the godown unless it left untracked
OPEN_BILL_ON_FLOOR,JIVO_OIL,2026-08-19,626080404,"invoiced, no gate-out recorded",JIVO MART PVT LTD,,BH-PF,,,,,8000.0,1344000,yes (stock already OUT of OITW),11,hana-sql JIVO_OIL_HANADB OINV/INV1/OINM + GET /gate-core/sales-dispatch/?from_date&to_date&all_companies=1&page=,"INTERCOMPANY - goes to Mart's books, never sees the gate"
OPEN_BILL_ON_FLOOR,JIVO_OIL,2026-08-19,626080407,"invoiced, no gate-out recorded",HARPREET SINGH CASH SALE,,BH-PF,,,,,18.5,2400,yes (stock already OUT of OITW),11,hana-sql JIVO_OIL_HANADB OINV/INV1/OINM + GET /gate-core/sales-dispatch/?from_date&to_date&all_companies=1&page=,external customer - still physically in the godown unless it left untracked
OPEN_BILL_ON_FLOOR,JIVO_OIL,2026-08-19,626080409,"invoiced, no gate-out recorded",JIVO MART PVT LTD,,BH-PF,,,,,7200.0,1360800,yes (stock already OUT of OITW),11,hana-sql JIVO_OIL_HANADB OINV/INV1/OINM + GET /gate-core/sales-dispatch/?from_date&to_date&all_companies=1&page=,"INTERCOMPANY - goes to Mart's books, never sees the gate"
OPEN_BILL_ON_FLOOR,JIVO_OIL,2026-08-19,626080410,"invoiced, no gate-out recorded",JIVO MART PVT LTD,,BH-PF,,,,,7200.0,1360800,yes (stock already OUT of OITW),11,hana-sql JIVO_OIL_HANADB OINV/INV1/OINM + GET /gate-core/sales-dispatch/?from_date&to_date&all_companies=1&page=,"INTERCOMPANY - goes to Mart's books, never sees the gate"
OPEN_BILL_ON_FLOOR,JIVO_OIL,2026-08-19,626080412,"invoiced, no gate-out recorded",JIVO MART PVT LTD,,BH-PF,,,,,7200.0,1890000,yes (stock already OUT of OITW),11,hana-sql JIVO_OIL_HANADB OINV/INV1/OINM + GET /gate-core/sales-dispatch/?from_date&to_date&all_companies=1&page=,"INTERCOMPANY - goes to Mart's books, never sees the gate"
OPEN_BILL_ON_FLOOR,JIVO_OIL,2026-08-19,626080413,"invoiced, no gate-out recorded",HARPREET SINGH CASH SALE,,BH-BT,,,,,7.0,1265,yes (stock already OUT of OITW),11,hana-sql JIVO_OIL_HANADB OINV/INV1/OINM + GET /gate-core/sales-dispatch/?from_date&to_date&all_companies=1&page=,external customer - still physically in the godown unless it left untracked
OPEN_BILL_ON_FLOOR,JIVO_OIL,2026-08-19,626080415,"invoiced, no gate-out recorded",HARPREET SINGH CASH SALE,,BH-BT,,,,,7.0,1000,yes (stock already OUT of OITW),11,hana-sql JIVO_OIL_HANADB OINV/INV1/OINM + GET /gate-core/sales-dispatch/?from_date&to_date&all_companies=1&page=,external customer - still physically in the godown unless it left untracked
OPEN_BILL_ON_FLOOR,JIVO_OIL,2026-08-19,626080416,"invoiced, no gate-out recorded",JIVO MART PVT LTD,,BH-PF,,,,,8000.0,1344000,yes (stock already OUT of OITW),11,hana-sql JIVO_OIL_HANADB OINV/INV1/OINM + GET /gate-core/sales-dispatch/?from_date&to_date&all_companies=1&page=,"INTERCOMPANY - goes to Mart's books, never sees the gate"
OPEN_BILL_ON_FLOOR,JIVO_OIL,2026-08-19,626080417,"invoiced, no gate-out recorded",JIVO MART PVT LTD,,BH-PF,,,,,8000.0,1344000,yes (stock already OUT of OITW),11,hana-sql JIVO_OIL_HANADB OINV/INV1/OINM + GET /gate-core/sales-dispatch/?from_date&to_date&all_companies=1&page=,"INTERCOMPANY - goes to Mart's books, never sees the gate"
OPEN_BILL_ON_FLOOR,JIVO_OIL,2026-08-19,626080419,"invoiced, no gate-out recorded",JIVO MART PVT LTD,,BH-PF,,,,,8000.0,1344000,yes (stock already OUT of OITW),11,hana-sql JIVO_OIL_HANADB OINV/INV1/OINM + GET /gate-core/sales-dispatch/?from_date&to_date&all_companies=1&page=,"INTERCOMPANY - goes to Mart's books, never sees the gate"
OPEN_BILL_ON_FLOOR,JIVO_OIL,2026-08-19,626080423,"invoiced, no gate-out recorded",JIVO MART PVT LTD,,BH-PF,,,,,8000.0,1344000,yes (stock already OUT of OITW),11,hana-sql JIVO_OIL_HANADB OINV/INV1/OINM + GET /gate-core/sales-dispatch/?from_date&to_date&all_companies=1&page=,"INTERCOMPANY - goes to Mart's books, never sees the gate"
OPEN_BILL_ON_FLOOR,JIVO_OIL,2026-08-19,626080424,"invoiced, no gate-out recorded",JIVO MART PVT LTD,,BH-PF,,,,,9000.0,1512000,yes (stock already OUT of OITW),11,hana-sql JIVO_OIL_HANADB OINV/INV1/OINM + GET /gate-core/sales-dispatch/?from_date&to_date&all_companies=1&page=,"INTERCOMPANY - goes to Mart's books, never sees the gate"
OPEN_BILL_ON_FLOOR,JIVO_OIL,2026-08-19,626080425,"invoiced, no gate-out recorded",JIVO MART PVT LTD,,BH-PF,,,,,9000.0,1512000,yes (stock already OUT of OITW),11,hana-sql JIVO_OIL_HANADB OINV/INV1/OINM + GET /gate-core/sales-dispatch/?from_date&to_date&all_companies=1&page=,"INTERCOMPANY - goes to Mart's books, never sees the gate"
OPEN_BILL_ON_FLOOR,JIVO_OIL,2026-08-18,626080385,"invoiced, no gate-out recorded",JIVO MART PVT LTD,,BH-PF,,,,,8000.0,1344000,yes (stock already OUT of OITW),12,hana-sql JIVO_OIL_HANADB OINV/INV1/OINM + GET /gate-core/sales-dispatch/?from_date&to_date&all_companies=1&page=,"INTERCOMPANY - goes to Mart's books, never sees the gate"
OPEN_BILL_ON_FLOOR,JIVO_OIL,2026-08-18,626080386,"invoiced, no gate-out recorded",JIVO MART PVT LTD,,BH-PF,,,,,8000.0,1344000,yes (stock already OUT of OITW),12,hana-sql JIVO_OIL_HANADB OINV/INV1/OINM + GET /gate-core/sales-dispatch/?from_date&to_date&all_companies=1&page=,"INTERCOMPANY - goes to Mart's books, never sees the gate"
OPEN_BILL_ON_FLOOR,JIVO_OIL,2026-08-18,626080387,"invoiced, no gate-out recorded",BALAJI MARKETING AND SUPPLY CHAIN PRIVATE LIMITED AAJCB8424H,,BH-BT,,,,,4300.0,733004,yes (stock already OUT of OITW),12,hana-sql JIVO_OIL_HANADB OINV/INV1/OINM + GET /gate-core/sales-dispatch/?from_date&to_date&all_companies=1&page=,external customer - still physically in the godown unless it left untracked
OPEN_BILL_ON_FLOOR,JIVO_OIL,2026-08-18,626080388,"invoiced, no gate-out recorded",BALAJI MARKETING AND SUPPLY CHAIN PRIVATE LIMITED AAJCB8424H,,BH-PF,,,,,5400.0,890984,yes (stock already OUT of OITW),12,hana-sql JIVO_OIL_HANADB OINV/INV1/OINM + GET /gate-core/sales-dispatch/?from_date&to_date&all_companies=1&page=,external customer - still physically in the godown unless it left untracked
OPEN_BILL_ON_FLOOR,JIVO_OIL,2026-08-18,626080391,"invoiced, no gate-out recorded",JIVO MART PVT LTD,,BH-PF,,,,,8000.0,1512000,yes (stock already OUT of OITW),12,hana-sql JIVO_OIL_HANADB OINV/INV1/OINM + GET /gate-core/sales-dispatch/?from_date&to_date&all_companies=1&page=,"INTERCOMPANY - goes to Mart's books, never sees the gate"
OPEN_BILL_ON_FLOOR,JIVO_OIL,2026-08-18,626080392,"invoiced, no gate-out recorded",JIVO MART PVT LTD,,BH-PF,,,,,8000.0,1512000,yes (stock already OUT of OITW),12,hana-sql JIVO_OIL_HANADB OINV/INV1/OINM + GET /gate-core/sales-dispatch/?from_date&to_date&all_companies=1&page=,"INTERCOMPANY - goes to Mart's books, never sees the gate"
OPEN_BILL_ON_FLOOR,JIVO_OIL,2026-08-18,626080393,"invoiced, no gate-out recorded",JIVO MART PVT LTD,,BH-PF,,,,,8000.0,1512000,yes (stock already OUT of OITW),12,hana-sql JIVO_OIL_HANADB OINV/INV1/OINM + GET /gate-core/sales-dispatch/?from_date&to_date&all_companies=1&page=,"INTERCOMPANY - goes to Mart's books, never sees the gate"
OPEN_BILL_ON_FLOOR,JIVO_OIL,2026-08-18,626080394,"invoiced, no gate-out recorded",JIVO MART PVT LTD,,BH-PF,,,,,9000.0,1512000,yes (stock already OUT of OITW),12,hana-sql JIVO_OIL_HANADB OINV/INV1/OINM + GET /gate-core/sales-dispatch/?from_date&to_date&all_companies=1&page=,"INTERCOMPANY - goes to Mart's books, never sees the gate"
OPEN_BILL_ON_FLOOR,JIVO_OIL,2026-08-18,626080395,"invoiced, no gate-out recorded",JIVO MART PVT LTD,,BH-PF,,,,,9000.0,1512000,yes (stock already OUT of OITW),12,hana-sql JIVO_OIL_HANADB OINV/INV1/OINM + GET /gate-core/sales-dispatch/?from_date&to_date&all_companies=1&page=,"INTERCOMPANY - goes to Mart's books, never sees the gate"
OPEN_BILL_ON_FLOOR,JIVO_OIL,2026-08-18,626080396,"invoiced, no gate-out recorded",JIVO MART PVT LTD,,BH-PF,,,,,8000.0,1344000,yes (stock already OUT of OITW),12,hana-sql JIVO_OIL_HANADB OINV/INV1/OINM + GET /gate-core/sales-dispatch/?from_date&to_date&all_companies=1&page=,"INTERCOMPANY - goes to Mart's books, never sees the gate"
OPEN_BILL_ON_FLOOR,JIVO_OIL,2026-08-18,626080398,"invoiced, no gate-out recorded",HARPREET SINGH CASH SALE,,BH-BT,,,,,10.0,1775,yes (stock already OUT of OITW),12,hana-sql JIVO_OIL_HANADB OINV/INV1/OINM + GET /gate-core/sales-dispatch/?from_date&to_date&all_companies=1&page=,external customer - still physically in the godown unless it left untracked
OPEN_BILL_ON_FLOOR,JIVO_OIL,2026-08-18,626080399,"invoiced, no gate-out recorded",JIVO MART PVT LTD,,BH-PF,,,,,8000.0,1344000,yes (stock already OUT of OITW),12,hana-sql JIVO_OIL_HANADB OINV/INV1/OINM + GET /gate-core/sales-dispatch/?from_date&to_date&all_companies=1&page=,"INTERCOMPANY - goes to Mart's books, never sees the gate"
OPEN_BILL_ON_FLOOR,JIVO_OIL,2026-08-17,626080372,"invoiced, no gate-out recorded",JIVO MART PVT LTD,,BH-PF,,,,,9000.0,1512000,yes (stock already OUT of OITW),13,hana-sql JIVO_OIL_HANADB OINV/INV1/OINM + GET /gate-core/sales-dispatch/?from_date&to_date&all_companies=1&page=,"INTERCOMPANY - goes to Mart's books, never sees the gate"
OPEN_BILL_ON_FLOOR,JIVO_OIL,2026-08-17,626080374,"invoiced, no gate-out recorded",JIVO MART PVT LTD,,BH-PF,,,,,7200.0,1360800,yes (stock already OUT of OITW),13,hana-sql JIVO_OIL_HANADB OINV/INV1/OINM + GET /gate-core/sales-dispatch/?from_date&to_date&all_companies=1&page=,"INTERCOMPANY - goes to Mart's books, never sees the gate"
OPEN_BILL_ON_FLOOR,JIVO_OIL,2026-08-17,626080376,"invoiced, no gate-out recorded",JIVO MART PVT LTD,,BH-PF,,,,,7200.0,1360800,yes (stock already OUT of OITW),13,hana-sql JIVO_OIL_HANADB OINV/INV1/OINM + GET /gate-core/sales-dispatch/?from_date&to_date&all_companies=1&page=,"INTERCOMPANY - goes to Mart's books, never sees the gate"
OPEN_BILL_ON_FLOOR,JIVO_OIL,2026-08-17,626080377,"invoiced, no gate-out recorded",JIVO MART PVT LTD,,BH-PF,,,,,2880.0,544320,yes (stock already OUT of OITW),13,hana-sql JIVO_OIL_HANADB OINV/INV1/OINM + GET /gate-core/sales-dispatch/?from_date&to_date&all_companies=1&page=,"INTERCOMPANY - goes to Mart's books, never sees the gate"
OPEN_BILL_ON_FLOOR,JIVO_OIL,2026-08-17,626080378,"invoiced, no gate-out recorded",JIVO MART PVT LTD,,BH-PF,,,,,4400.0,739200,yes (stock already OUT of OITW),13,hana-sql JIVO_OIL_HANADB OINV/INV1/OINM + GET /gate-core/sales-dispatch/?from_date&to_date&all_companies=1&page=,"INTERCOMPANY - goes to Mart's books, never sees the gate"
OPEN_BILL_ON_FLOOR,JIVO_OIL,2026-08-17,626080379,"invoiced, no gate-out recorded",JIVO MART PVT LTD,,BH-PF,,,,,7200.0,1360800,yes (stock already OUT of OITW),13,hana-sql JIVO_OIL_HANADB OINV/INV1/OINM + GET /gate-core/sales-dispatch/?from_date&to_date&all_companies=1&page=,"INTERCOMPANY - goes to Mart's books, never sees the gate"
OPEN_BILL_ON_FLOOR,JIVO_OIL,2026-08-17,626080380,"invoiced, no gate-out recorded",JIVO MART PVT LTD,,BH-PF,,,,,7200.0,1360800,yes (stock already OUT of OITW),13,hana-sql JIVO_OIL_HANADB OINV/INV1/OINM + GET /gate-core/sales-dispatch/?from_date&to_date&all_companies=1&page=,"INTERCOMPANY - goes to Mart's books, never sees the gate"
OPEN_BILL_ON_FLOOR,JIVO_OIL,2026-08-14,626080368,"invoiced, no gate-out recorded",HARPREET SINGH CASH SALE,,BH-BT,,,,,5.0,925,yes (stock already OUT of OITW),16,hana-sql JIVO_OIL_HANADB OINV/INV1/OINM + GET /gate-core/sales-dispatch/?from_date&to_date&all_companies=1&page=,external customer - still physically in the godown unless it left untracked
OPEN_BILL_ON_FLOOR,JIVO_OIL,2026-08-14,626080369,"invoiced, no gate-out recorded",HARPREET SINGH CASH SALE,,BH-BT,,,,,4.0,900,yes (stock already OUT of OITW),16,hana-sql JIVO_OIL_HANADB OINV/INV1/OINM + GET /gate-core/sales-dispatch/?from_date&to_date&all_companies=1&page=,external customer - still physically in the godown unless it left untracked
OPEN_BILL_ON_FLOOR,JIVO_OIL,2026-08-12,626080324,"invoiced, no gate-out recorded",JIVO MART PVT LTD,,BH-PF,,,,,7200.0,1360800,yes (stock already OUT of OITW),18,hana-sql JIVO_OIL_HANADB OINV/INV1/OINM + GET /gate-core/sales-dispatch/?from_date&to_date&all_companies=1&page=,"INTERCOMPANY - goes to Mart's books, never sees the gate"
OPEN_BILL_ON_FLOOR,JIVO_OIL,2026-08-12,626080327,"invoiced, no gate-out recorded",ZIYAUL HAQUE DELHI,,BH-BT,,,,,10.0,1775,yes (stock already OUT of OITW),18,hana-sql JIVO_OIL_HANADB OINV/INV1/OINM + GET /gate-core/sales-dispatch/?from_date&to_date&all_companies=1&page=,external customer - still physically in the godown unless it left untracked
OPEN_BILL_ON_FLOOR,JIVO_OIL,2026-08-12,626080331,"invoiced, no gate-out recorded",JIVO MART PVT LTD,,BH-PF,,,,,7200.0,1360800,yes (stock already OUT of OITW),18,hana-sql JIVO_OIL_HANADB OINV/INV1/OINM + GET /gate-core/sales-dispatch/?from_date&to_date&all_companies=1&page=,"INTERCOMPANY - goes to Mart's books, never sees the gate"
OPEN_BILL_ON_FLOOR,JIVO_OIL,2026-08-12,626080332,"invoiced, no gate-out recorded",JIVO MART PVT LTD,,BH-PF,,,,,7200.0,1360800,yes (stock already OUT of OITW),18,hana-sql JIVO_OIL_HANADB OINV/INV1/OINM + GET /gate-core/sales-dispatch/?from_date&to_date&all_companies=1&page=,"INTERCOMPANY - goes to Mart's books, never sees the gate"
OPEN_BILL_ON_FLOOR,JIVO_OIL,2026-08-12,626080333,"invoiced, no gate-out recorded",JIVO MART PVT LTD,,BH-PF,,,,,8000.0,1344000,yes (stock already OUT of OITW),18,hana-sql JIVO_OIL_HANADB OINV/INV1/OINM + GET /gate-core/sales-dispatch/?from_date&to_date&all_companies=1&page=,"INTERCOMPANY - goes to Mart's books, never sees the gate"
OPEN_BILL_ON_FLOOR,JIVO_OIL,2026-08-12,626080334,"invoiced, no gate-out recorded",JIVO MART PVT LTD,,BH-PF,,,,,8000.0,1344000,yes (stock already OUT of OITW),18,hana-sql JIVO_OIL_HANADB OINV/INV1/OINM + GET /gate-core/sales-dispatch/?from_date&to_date&all_companies=1&page=,"INTERCOMPANY - goes to Mart's books, never sees the gate"
OPEN_BILL_ON_FLOOR,JIVO_OIL,2026-08-12,626080335,"invoiced, no gate-out recorded",JIVO MART PVT LTD,,BH-PF,,,,,8000.0,1344000,yes (stock already OUT of OITW),18,hana-sql JIVO_OIL_HANADB OINV/INV1/OINM + GET /gate-core/sales-dispatch/?from_date&to_date&all_companies=1&page=,"INTERCOMPANY - goes to Mart's books, never sees the gate"
OPEN_BILL_ON_FLOOR,JIVO_OIL,2026-08-12,626080338,"invoiced, no gate-out recorded",JIVO MART PVT LTD,,BH-BT,,,,,555.6,204183,yes (stock already OUT of OITW),18,hana-sql JIVO_OIL_HANADB OINV/INV1/OINM + GET /gate-core/sales-dispatch/?from_date&to_date&all_companies=1&page=,"INTERCOMPANY - goes to Mart's books, never sees the gate"
OPEN_BILL_ON_FLOOR,JIVO_OIL,2026-08-12,626080339,"invoiced, no gate-out recorded",JIVO MART PVT LTD,,BH-PF,,,,,9000.0,1512000,yes (stock already OUT of OITW),18,hana-sql JIVO_OIL_HANADB OINV/INV1/OINM + GET /gate-core/sales-dispatch/?from_date&to_date&all_companies=1&page=,"INTERCOMPANY - goes to Mart's books, never sees the gate"
OPEN_BILL_ON_FLOOR,JIVO_OIL,2026-08-12,626080344,"invoiced, no gate-out recorded",HARPREET SINGH CASH SALE,,BH-BT,,,,,2.0,375,yes (stock already OUT of OITW),18,hana-sql JIVO_OIL_HANADB OINV/INV1/OINM + GET /gate-core/sales-dispatch/?from_date&to_date&all_companies=1&page=,external customer - still physically in the godown unless it left untracked
OPEN_BILL_ON_FLOOR,JIVO_OIL,2026-08-12,626080345,"invoiced, no gate-out recorded",JIVO MART PVT LTD,,BH-BT,,,,,8000.0,1344000,yes (stock already OUT of OITW),18,hana-sql JIVO_OIL_HANADB OINV/INV1/OINM + GET /gate-core/sales-dispatch/?from_date&to_date&all_companies=1&page=,"INTERCOMPANY - goes to Mart's books, never sees the gate"
OPEN_BILL_ON_FLOOR,JIVO_OIL,2026-08-12,626080346,"invoiced, no gate-out recorded",JIVO MART PVT LTD,,BH-BT,,,,,8000.0,1344000,yes (stock already OUT of OITW),18,hana-sql JIVO_OIL_HANADB OINV/INV1/OINM + GET /gate-core/sales-dispatch/?from_date&to_date&all_companies=1&page=,"INTERCOMPANY - goes to Mart's books, never sees the gate"
OPEN_BILL_ON_FLOOR,JIVO_OIL,2026-08-12,626080347,"invoiced, no gate-out recorded",JIVO MART PVT LTD,,BH-PF,,,,,8000.0,1344000,yes (stock already OUT of OITW),18,hana-sql JIVO_OIL_HANADB OINV/INV1/OINM + GET /gate-core/sales-dispatch/?from_date&to_date&all_companies=1&page=,"INTERCOMPANY - goes to Mart's books, never sees the gate"
OPEN_BILL_ON_FLOOR,JIVO_OIL,2026-08-12,626080348,"invoiced, no gate-out recorded",JIVO MART PVT LTD,,BH-PF,,,,,8000.0,1344000,yes (stock already OUT of OITW),18,hana-sql JIVO_OIL_HANADB OINV/INV1/OINM + GET /gate-core/sales-dispatch/?from_date&to_date&all_companies=1&page=,"INTERCOMPANY - goes to Mart's books, never sees the gate"
OPEN_BILL_ON_FLOOR,JIVO_OIL,2026-08-12,626080349,"invoiced, no gate-out recorded",HARPREET SINGH CASH SALE,,BH-BT,,,,,2.0,340,yes (stock already OUT of OITW),18,hana-sql JIVO_OIL_HANADB OINV/INV1/OINM + GET /gate-core/sales-dispatch/?from_date&to_date&all_companies=1&page=,external customer - still physically in the godown unless it left untracked
OPEN_BILL_ON_FLOOR,JIVO_OIL,2026-08-11,626080297,"invoiced, no gate-out recorded",JIVO MART PVT LTD,,BH-PF,,,,,8000.0,1344000,yes (stock already OUT of OITW),19,hana-sql JIVO_OIL_HANADB OINV/INV1/OINM + GET /gate-core/sales-dispatch/?from_date&to_date&all_companies=1&page=,"INTERCOMPANY - goes to Mart's books, never sees the gate"
OPEN_BILL_ON_FLOOR,JIVO_OIL,2026-08-11,626080299,"invoiced, no gate-out recorded",HIMJYOTI TRADERS,,BH-BT,,,,,2400.0,388786,yes (stock already OUT of OITW),19,hana-sql JIVO_OIL_HANADB OINV/INV1/OINM + GET /gate-core/sales-dispatch/?from_date&to_date&all_companies=1&page=,external customer - still physically in the godown unless it left untracked
OPEN_BILL_ON_FLOOR,JIVO_OIL,2026-08-11,626080303,"invoiced, no gate-out recorded",JIVO MART PVT LTD,,BH-PF,,,,,8300.0,1422750,yes (stock already OUT of OITW),19,hana-sql JIVO_OIL_HANADB OINV/INV1/OINM + GET /gate-core/sales-dispatch/?from_date&to_date&all_companies=1&page=,"INTERCOMPANY - goes to Mart's books, never sees the gate"
OPEN_BILL_ON_FLOOR,JIVO_OIL,2026-08-11,626080310,"invoiced, no gate-out recorded",HARPREET SINGH CASH SALE,,BH-BT,,,,,5.0,925,yes (stock already OUT of OITW),19,hana-sql JIVO_OIL_HANADB OINV/INV1/OINM + GET /gate-core/sales-dispatch/?from_date&to_date&all_companies=1&page=,external customer - still physically in the godown unless it left untracked
OPEN_BILL_ON_FLOOR,JIVO_OIL,2026-08-11,626080312,"invoiced, no gate-out recorded",HARPREET SINGH CASH SALE,,BH-PF,,,,,6.0,1710,yes (stock already OUT of OITW),19,hana-sql JIVO_OIL_HANADB OINV/INV1/OINM + GET /gate-core/sales-dispatch/?from_date&to_date&all_companies=1&page=,external customer - still physically in the godown unless it left untracked
OPEN_BILL_ON_FLOOR,JIVO_OIL,2026-08-11,626080313,"invoiced, no gate-out recorded",HARPREET SINGH CASH SALE,,BH-BT,,,,,2.0,340,yes (stock already OUT of OITW),19,hana-sql JIVO_OIL_HANADB OINV/INV1/OINM + GET /gate-core/sales-dispatch/?from_date&to_date&all_companies=1&page=,external customer - still physically in the godown unless it left untracked
OPEN_BILL_ON_FLOOR,JIVO_OIL,2026-08-11,626080315,"invoiced, no gate-out recorded",JIVO MART PVT LTD,,BH-PF,,,,,8000.0,1344000,yes (stock already OUT of OITW),19,hana-sql JIVO_OIL_HANADB OINV/INV1/OINM + GET /gate-core/sales-dispatch/?from_date&to_date&all_companies=1&page=,"INTERCOMPANY - goes to Mart's books, never sees the gate"
OPEN_BILL_ON_FLOOR,JIVO_OIL,2026-08-11,626080317,"invoiced, no gate-out recorded",JIVO MART PVT LTD,,BH-PF,,,,,8000.0,1344000,yes (stock already OUT of OITW),19,hana-sql JIVO_OIL_HANADB OINV/INV1/OINM + GET /gate-core/sales-dispatch/?from_date&to_date&all_companies=1&page=,"INTERCOMPANY - goes to Mart's books, never sees the gate"
OPEN_BILL_ON_FLOOR,JIVO_OIL,2026-08-11,626080318,"invoiced, no gate-out recorded",JIVO MART PVT LTD,,BH-PF,,,,,7200.0,1360800,yes (stock already OUT of OITW),19,hana-sql JIVO_OIL_HANADB OINV/INV1/OINM + GET /gate-core/sales-dispatch/?from_date&to_date&all_companies=1&page=,"INTERCOMPANY - goes to Mart's books, never sees the gate"
OPEN_BILL_ON_FLOOR,JIVO_OIL,2026-08-11,626080319,"invoiced, no gate-out recorded",JIVO MART PVT LTD,,BH-PF,,,,,8000.0,1344000,yes (stock already OUT of OITW),19,hana-sql JIVO_OIL_HANADB OINV/INV1/OINM + GET /gate-core/sales-dispatch/?from_date&to_date&all_companies=1&page=,"INTERCOMPANY - goes to Mart's books, never sees the gate"
OPEN_BILL_ON_FLOOR,JIVO_OIL,2026-08-10,626080231,"invoiced, no gate-out recorded",HARPREET SINGH CASH SALE,,BH-BT,,,,,2.0,340,yes (stock already OUT of OITW),20,hana-sql JIVO_OIL_HANADB OINV/INV1/OINM + GET /gate-core/sales-dispatch/?from_date&to_date&all_companies=1&page=,external customer - still physically in the godown unless it left untracked
OPEN_BILL_ON_FLOOR,JIVO_OIL,2026-08-10,626080233,"invoiced, no gate-out recorded",JIVO MART PVT LTD,,BH-PF,,,,,7200.0,1360800,yes (stock already OUT of OITW),20,hana-sql JIVO_OIL_HANADB OINV/INV1/OINM + GET /gate-core/sales-dispatch/?from_date&to_date&all_companies=1&page=,"INTERCOMPANY - goes to Mart's books, never sees the gate"
OPEN_BILL_ON_FLOOR,JIVO_OIL,2026-08-10,626080241,"invoiced, no gate-out recorded",JIVO MART PVT LTD,,BH-PF,,,,,7740.0,1300320,yes (stock already OUT of OITW),20,hana-sql JIVO_OIL_HANADB OINV/INV1/OINM + GET /gate-core/sales-dispatch/?from_date&to_date&all_companies=1&page=,"INTERCOMPANY - goes to Mart's books, never sees the gate"
OPEN_BILL_ON_FLOOR,JIVO_OIL,2026-08-10,626080242,"invoiced, no gate-out recorded",HARPREET SINGH CASH SALE,,BH-BT,,,,,1.0,170,yes (stock already OUT of OITW),20,hana-sql JIVO_OIL_HANADB OINV/INV1/OINM + GET /gate-core/sales-dispatch/?from_date&to_date&all_companies=1&page=,external customer - still physically in the godown unless it left untracked
OPEN_BILL_ON_FLOOR,JIVO_OIL,2026-08-10,626080246,"invoiced, no gate-out recorded",THE AREA MANAGER CANTEEN STORE DEPARTMENT,,BH-BT,,,,,768.5,885211,yes (stock already OUT of OITW),20,hana-sql JIVO_OIL_HANADB OINV/INV1/OINM + GET /gate-core/sales-dispatch/?from_date&to_date&all_companies=1&page=,external customer - still physically in the godown unless it left untracked
OPEN_BILL_ON_FLOOR,JIVO_OIL,2026-08-10,626080253,"invoiced, no gate-out recorded",THE AREA MANAGER CANTEEN STORE DEPARTMENT,,BH-BT,,,,,32.6,84119,yes (stock already OUT of OITW),20,hana-sql JIVO_OIL_HANADB OINV/INV1/OINM + GET /gate-core/sales-dispatch/?from_date&to_date&all_companies=1&page=,external customer - still physically in the godown unless it left untracked
OPEN_BILL_ON_FLOOR,JIVO_OIL,2026-08-10,626080260,"invoiced, no gate-out recorded",THE AREA MANAGER CANTEEN STORE DEPARTMENT,,BH-BT,,,,,50.2,46971,yes (stock already OUT of OITW),20,hana-sql JIVO_OIL_HANADB OINV/INV1/OINM + GET /gate-core/sales-dispatch/?from_date&to_date&all_companies=1&page=,external customer - still physically in the godown unless it left untracked
OPEN_BILL_ON_FLOOR,JIVO_OIL,2026-08-10,626080265,"invoiced, no gate-out recorded",THE AREA MANAGER CANTEEN STORE DEPARTMENT,,BH-BT,,,,,447.8,527377,yes (stock already OUT of OITW),20,hana-sql JIVO_OIL_HANADB OINV/INV1/OINM + GET /gate-core/sales-dispatch/?from_date&to_date&all_companies=1&page=,external customer - still physically in the godown unless it left untracked
OPEN_BILL_ON_FLOOR,JIVO_OIL,2026-08-10,626080274,"invoiced, no gate-out recorded",JIVO MART PVT LTD,,BH-PF,,,,,8000.0,1512000,yes (stock already OUT of OITW),20,hana-sql JIVO_OIL_HANADB OINV/INV1/OINM + GET /gate-core/sales-dispatch/?from_date&to_date&all_companies=1&page=,"INTERCOMPANY - goes to Mart's books, never sees the gate"
OPEN_BILL_ON_FLOOR,JIVO_OIL,2026-08-10,626080279,"invoiced, no gate-out recorded",THE AREA MANAGER CANTEEN STORE DEPARTMENT,,BH-BT,,,,,5.0,3128,yes (stock already OUT of OITW),20,hana-sql JIVO_OIL_HANADB OINV/INV1/OINM + GET /gate-core/sales-dispatch/?from_date&to_date&all_companies=1&page=,external customer - still physically in the godown unless it left untracked
OPEN_BILL_ON_FLOOR,JIVO_OIL,2026-08-10,626080284,"invoiced, no gate-out recorded",THE AREA MANAGER CANTEEN STORE DEPARTMENT,,BH-BT,,,,,567.5,839448,yes (stock already OUT of OITW),20,hana-sql JIVO_OIL_HANADB OINV/INV1/OINM + GET /gate-core/sales-dispatch/?from_date&to_date&all_companies=1&page=,external customer - still physically in the godown unless it left untracked
OPEN_BILL_ON_FLOOR,JIVO_OIL,2026-08-10,626080285,"invoiced, no gate-out recorded",THE AREA MANAGER CANTEEN STORE DEPARTMENT,,BH-BT,,,,,11.1,10974,yes (stock already OUT of OITW),20,hana-sql JIVO_OIL_HANADB OINV/INV1/OINM + GET /gate-core/sales-dispatch/?from_date&to_date&all_companies=1&page=,external customer - still physically in the godown unless it left untracked
OPEN_BILL_ON_FLOOR,JIVO_OIL,2026-08-10,626080287,"invoiced, no gate-out recorded",JIVO MART PVT LTD,,BH-PF,,,,,8000.0,1512000,yes (stock already OUT of OITW),20,hana-sql JIVO_OIL_HANADB OINV/INV1/OINM + GET /gate-core/sales-dispatch/?from_date&to_date&all_companies=1&page=,"INTERCOMPANY - goes to Mart's books, never sees the gate"
OPEN_BILL_ON_FLOOR,JIVO_OIL,2026-08-10,626080288,"invoiced, no gate-out recorded",JIVO MART PVT LTD,,BH-PF,,,,,800.0,134400,yes (stock already OUT of OITW),20,hana-sql JIVO_OIL_HANADB OINV/INV1/OINM + GET /gate-core/sales-dispatch/?from_date&to_date&all_companies=1&page=,"INTERCOMPANY - goes to Mart's books, never sees the gate"
OPEN_BILL_ON_FLOOR,JIVO_OIL,2026-08-08,626080205,"invoiced, no gate-out recorded",HARPREET SINGH CASH SALE,,BH-BT,,,,,2.5,725,yes (stock already OUT of OITW),22,hana-sql JIVO_OIL_HANADB OINV/INV1/OINM + GET /gate-core/sales-dispatch/?from_date&to_date&all_companies=1&page=,external customer - still physically in the godown unless it left untracked
OPEN_BILL_ON_FLOOR,JIVO_OIL,2026-08-08,626080210,"invoiced, no gate-out recorded",JIVO MART PVT LTD,,BH-PF,,,,,9000.0,1512000,yes (stock already OUT of OITW),22,hana-sql JIVO_OIL_HANADB OINV/INV1/OINM + GET /gate-core/sales-dispatch/?from_date&to_date&all_companies=1&page=,"INTERCOMPANY - goes to Mart's books, never sees the gate"
OPEN_BILL_ON_FLOOR,JIVO_OIL,2026-08-08,626080211,"invoiced, no gate-out recorded",JIVO MART PVT LTD,,BH-PF,,,,,9000.0,1512000,yes (stock already OUT of OITW),22,hana-sql JIVO_OIL_HANADB OINV/INV1/OINM + GET /gate-core/sales-dispatch/?from_date&to_date&all_companies=1&page=,"INTERCOMPANY - goes to Mart's books, never sees the gate"
OPEN_BILL_ON_FLOOR,JIVO_OIL,2026-08-08,626080213,"invoiced, no gate-out recorded",JIVO MART PVT LTD,,BH-PF,,,,,9000.0,1512000,yes (stock already OUT of OITW),22,hana-sql JIVO_OIL_HANADB OINV/INV1/OINM + GET /gate-core/sales-dispatch/?from_date&to_date&all_companies=1&page=,"INTERCOMPANY - goes to Mart's books, never sees the gate"
OPEN_BILL_ON_FLOOR,JIVO_OIL,2026-08-08,626080214,"invoiced, no gate-out recorded",JIVO MART PVT LTD,,BH-PF,,,,,8000.0,1512000,yes (stock already OUT of OITW),22,hana-sql JIVO_OIL_HANADB OINV/INV1/OINM + GET /gate-core/sales-dispatch/?from_date&to_date&all_companies=1&page=,"INTERCOMPANY - goes to Mart's books, never sees the gate"
OPEN_BILL_ON_FLOOR,JIVO_OIL,2026-08-08,626080215,"invoiced, no gate-out recorded",JIVO MART PVT LTD,,BH-PF,,,,,8000.0,1512000,yes (stock already OUT of OITW),22,hana-sql JIVO_OIL_HANADB OINV/INV1/OINM + GET /gate-core/sales-dispatch/?from_date&to_date&all_companies=1&page=,"INTERCOMPANY - goes to Mart's books, never sees the gate"
OPEN_BILL_ON_FLOOR,JIVO_OIL,2026-08-08,626080216,"invoiced, no gate-out recorded",HARPREET SINGH CASH SALE,,BH-BT,,,,,5.0,850,yes (stock already OUT of OITW),22,hana-sql JIVO_OIL_HANADB OINV/INV1/OINM + GET /gate-core/sales-dispatch/?from_date&to_date&all_companies=1&page=,external customer - still physically in the godown unless it left untracked
OPEN_BILL_ON_FLOOR,JIVO_OIL,2026-08-08,626080219,"invoiced, no gate-out recorded",KASAULI HOSPITALITY SERVICES PRIVATE LIMITED,,BH-BT,,,,,2.0,1,yes (stock already OUT of OITW),22,hana-sql JIVO_OIL_HANADB OINV/INV1/OINM + GET /gate-core/sales-dispatch/?from_date&to_date&all_companies=1&page=,external customer - still physically in the godown unless it left untracked
OPEN_BILL_ON_FLOOR,JIVO_OIL,2026-08-08,626080226,"invoiced, no gate-out recorded",JIVO MART PVT LTD,,BH-PF,,,,,9000.0,1512000,yes (stock already OUT of OITW),22,hana-sql JIVO_OIL_HANADB OINV/INV1/OINM + GET /gate-core/sales-dispatch/?from_date&to_date&all_companies=1&page=,"INTERCOMPANY - goes to Mart's books, never sees the gate"
OPEN_BILL_ON_FLOOR,JIVO_OIL,2026-08-07,626080190,"invoiced, no gate-out recorded",JIVO MART PVT LTD,,BH-PF,,,,,7200.0,2457000,yes (stock already OUT of OITW),23,hana-sql JIVO_OIL_HANADB OINV/INV1/OINM + GET /gate-core/sales-dispatch/?from_date&to_date&all_companies=1&page=,"INTERCOMPANY - goes to Mart's books, never sees the gate"
OPEN_BILL_ON_FLOOR,JIVO_OIL,2026-08-07,626080191,"invoiced, no gate-out recorded",JIVO MART PVT LTD,,BH-PF,,,,,8000.0,1344000,yes (stock already OUT of OITW),23,hana-sql JIVO_OIL_HANADB OINV/INV1/OINM + GET /gate-core/sales-dispatch/?from_date&to_date&all_companies=1&page=,"INTERCOMPANY - goes to Mart's books, never sees the gate"
OPEN_BILL_ON_FLOOR,JIVO_OIL,2026-08-07,626080192,"invoiced, no gate-out recorded",JIVO MART PVT LTD,,BH-PF,,,,,9000.0,1512000,yes (stock already OUT of OITW),23,hana-sql JIVO_OIL_HANADB OINV/INV1/OINM + GET /gate-core/sales-dispatch/?from_date&to_date&all_companies=1&page=,"INTERCOMPANY - goes to Mart's books, never sees the gate"
OPEN_BILL_ON_FLOOR,JIVO_OIL,2026-08-07,626080193,"invoiced, no gate-out recorded",JIVO MART PVT LTD,,BH-PF,,,,,8000.0,1344000,yes (stock already OUT of OITW),23,hana-sql JIVO_OIL_HANADB OINV/INV1/OINM + GET /gate-core/sales-dispatch/?from_date&to_date&all_companies=1&page=,"INTERCOMPANY - goes to Mart's books, never sees the gate"
OPEN_BILL_ON_FLOOR,JIVO_OIL,2026-08-07,626080201,"invoiced, no gate-out recorded",JIVO MART PVT LTD,,BH-PF,,,,,4696.0,839916,yes (stock already OUT of OITW),23,hana-sql JIVO_OIL_HANADB OINV/INV1/OINM + GET /gate-core/sales-dispatch/?from_date&to_date&all_companies=1&page=,"INTERCOMPANY - goes to Mart's books, never sees the gate"
OPEN_BILL_ON_FLOOR,JIVO_OIL,2026-08-06,626080172,"invoiced, no gate-out recorded",JIVO MART PVT LTD,,BH-PF,,,,,9000.0,1512000,yes (stock already OUT of OITW),24,hana-sql JIVO_OIL_HANADB OINV/INV1/OINM + GET /gate-core/sales-dispatch/?from_date&to_date&all_companies=1&page=,"INTERCOMPANY - goes to Mart's books, never sees the gate"
OPEN_BILL_ON_FLOOR,JIVO_OIL,2026-08-06,626080173,"invoiced, no gate-out recorded",RAVINDER SINGH SHUNTY JWPL0035,,BH-BT,,,,,5.0,895,yes (stock already OUT of OITW),24,hana-sql JIVO_OIL_HANADB OINV/INV1/OINM + GET /gate-core/sales-dispatch/?from_date&to_date&all_companies=1&page=,external customer - still physically in the godown unless it left untracked
OPEN_BILL_ON_FLOOR,JIVO_OIL,2026-08-06,626080174,"invoiced, no gate-out recorded",JIVO MART PVT LTD,,BH-PF,,,,,8000.0,1344000,yes (stock already OUT of OITW),24,hana-sql JIVO_OIL_HANADB OINV/INV1/OINM + GET /gate-core/sales-dispatch/?from_date&to_date&all_companies=1&page=,"INTERCOMPANY - goes to Mart's books, never sees the gate"
OPEN_BILL_ON_FLOOR,JIVO_OIL,2026-08-06,626080175,"invoiced, no gate-out recorded",JIVO MART PVT LTD,,BH-PF,,,,,7200.0,1360800,yes (stock already OUT of OITW),24,hana-sql JIVO_OIL_HANADB OINV/INV1/OINM + GET /gate-core/sales-dispatch/?from_date&to_date&all_companies=1&page=,"INTERCOMPANY - goes to Mart's books, never sees the gate"
OPEN_BILL_ON_FLOOR,JIVO_OIL,2026-08-06,626080176,"invoiced, no gate-out recorded",JIVO MART PVT LTD,,BH-PF,,,,,8000.0,1344000,yes (stock already OUT of OITW),24,hana-sql JIVO_OIL_HANADB OINV/INV1/OINM + GET /gate-core/sales-dispatch/?from_date&to_date&all_companies=1&page=,"INTERCOMPANY - goes to Mart's books, never sees the gate"
OPEN_BILL_ON_FLOOR,JIVO_OIL,2026-08-06,626080178,"invoiced, no gate-out recorded",JIVO MART PVT LTD,,BH-PF,,,,,7200.0,1360800,yes (stock already OUT of OITW),24,hana-sql JIVO_OIL_HANADB OINV/INV1/OINM + GET /gate-core/sales-dispatch/?from_date&to_date&all_companies=1&page=,"INTERCOMPANY - goes to Mart's books, never sees the gate"
OPEN_BILL_ON_FLOOR,JIVO_OIL,2026-08-06,626080184,"invoiced, no gate-out recorded",HARPREET SINGH CASH SALE,,BH-PF,,,,,3.0,1200,yes (stock already OUT of OITW),24,hana-sql JIVO_OIL_HANADB OINV/INV1/OINM + GET /gate-core/sales-dispatch/?from_date&to_date&all_companies=1&page=,external customer - still physically in the godown unless it left untracked
OPEN_BILL_ON_FLOOR,JIVO_OIL,2026-08-06,626080187,"invoiced, no gate-out recorded",JIVO MART PVT LTD,,BH-PF,,,,,8000.0,1344000,yes (stock already OUT of OITW),24,hana-sql JIVO_OIL_HANADB OINV/INV1/OINM + GET /gate-core/sales-dispatch/?from_date&to_date&all_companies=1&page=,"INTERCOMPANY - goes to Mart's books, never sees the gate"
OPEN_BILL_ON_FLOOR,JIVO_OIL,2026-08-05,626080147,"invoiced, no gate-out recorded",HARPREET SINGH CASH SALE,,BH-BT,,,,,5.0,700,yes (stock already OUT of OITW),25,hana-sql JIVO_OIL_HANADB OINV/INV1/OINM + GET /gate-core/sales-dispatch/?from_date&to_date&all_companies=1&page=,external customer - still physically in the godown unless it left untracked
OPEN_BILL_ON_FLOOR,JIVO_OIL,2026-08-05,626080148,"invoiced, no gate-out recorded",JIVO MART PVT LTD,,BH-PF,,,,,9000.0,1512000,yes (stock already OUT of OITW),25,hana-sql JIVO_OIL_HANADB OINV/INV1/OINM + GET /gate-core/sales-dispatch/?from_date&to_date&all_companies=1&page=,"INTERCOMPANY - goes to Mart's books, never sees the gate"
OPEN_BILL_ON_FLOOR,JIVO_OIL,2026-08-05,626080149,"invoiced, no gate-out recorded",HARPREET SINGH CASH SALE,,BH-BT,,,,,5.0,850,yes (stock already OUT of OITW),25,hana-sql JIVO_OIL_HANADB OINV/INV1/OINM + GET /gate-core/sales-dispatch/?from_date&to_date&all_companies=1&page=,external customer - still physically in the godown unless it left untracked
OPEN_BILL_ON_FLOOR,JIVO_OIL,2026-08-05,626080151,"invoiced, no gate-out recorded",JIVO MART PVT LTD,,BH-PF,,,,,7200.0,1890000,yes (stock already OUT of OITW),25,hana-sql JIVO_OIL_HANADB OINV/INV1/OINM + GET /gate-core/sales-dispatch/?from_date&to_date&all_companies=1&page=,"INTERCOMPANY - goes to Mart's books, never sees the gate"
OPEN_BILL_ON_FLOOR,JIVO_OIL,2026-08-05,626080152,"invoiced, no gate-out recorded",JIVO MART PVT LTD,,BH-PF,,,,,8000.0,1260000,yes (stock already OUT of OITW),25,hana-sql JIVO_OIL_HANADB OINV/INV1/OINM + GET /gate-core/sales-dispatch/?from_date&to_date&all_companies=1&page=,"INTERCOMPANY - goes to Mart's books, never sees the gate"
OPEN_BILL_ON_FLOOR,JIVO_OIL,2026-08-05,626080162,"invoiced, no gate-out recorded",HARPREET SINGH CASH SALE,,BH-BT,,,,,1.0,140,yes (stock already OUT of OITW),25,hana-sql JIVO_OIL_HANADB OINV/INV1/OINM + GET /gate-core/sales-dispatch/?from_date&to_date&all_companies=1&page=,external customer - still physically in the godown unless it left untracked
OPEN_BILL_ON_FLOOR,JIVO_OIL,2026-08-05,626080163,"invoiced, no gate-out recorded",HARPREET SINGH CASH SALE,,BH-BT,,,,,6.0,1160,yes (stock already OUT of OITW),25,hana-sql JIVO_OIL_HANADB OINV/INV1/OINM + GET /gate-core/sales-dispatch/?from_date&to_date&all_companies=1&page=,external customer - still physically in the godown unless it left untracked
OPEN_BILL_ON_FLOOR,JIVO_OIL,2026-08-04,626080124,"invoiced, no gate-out recorded",JIVO MART PVT LTD,,BH-PF,,,,,7200.0,1285200,yes (stock already OUT of OITW),26,hana-sql JIVO_OIL_HANADB OINV/INV1/OINM + GET /gate-core/sales-dispatch/?from_date&to_date&all_companies=1&page=,"INTERCOMPANY - goes to Mart's books, never sees the gate"
OPEN_BILL_ON_FLOOR,JIVO_OIL,2026-08-04,626080126,"invoiced, no gate-out recorded",HARPREET SINGH CASH SALE,,BH-PF,,,,,0.5,250,yes (stock already OUT of OITW),26,hana-sql JIVO_OIL_HANADB OINV/INV1/OINM + GET /gate-core/sales-dispatch/?from_date&to_date&all_companies=1&page=,external customer - still physically in the godown unless it left untracked
OPEN_BILL_ON_FLOOR,JIVO_OIL,2026-08-04,626080132,"invoiced, no gate-out recorded",JIVO MART PVT LTD,,BH-PF,,,,,7200.0,1285200,yes (stock already OUT of OITW),26,hana-sql JIVO_OIL_HANADB OINV/INV1/OINM + GET /gate-core/sales-dispatch/?from_date&to_date&all_companies=1&page=,"INTERCOMPANY - goes to Mart's books, never sees the gate"
OPEN_BILL_ON_FLOOR,JIVO_OIL,2026-08-04,626080133,"invoiced, no gate-out recorded",JIVO MART PVT LTD,,BH-PF,,,,,7200.0,1285200,yes (stock already OUT of OITW),26,hana-sql JIVO_OIL_HANADB OINV/INV1/OINM + GET /gate-core/sales-dispatch/?from_date&to_date&all_companies=1&page=,"INTERCOMPANY - goes to Mart's books, never sees the gate"
OPEN_BILL_ON_FLOOR,JIVO_OIL,2026-08-03,626080102,"invoiced, no gate-out recorded",JIVO MART PVT LTD,,BH-BT,,,,,10000.0,1785000,yes (stock already OUT of OITW),27,hana-sql JIVO_OIL_HANADB OINV/INV1/OINM + GET /gate-core/sales-dispatch/?from_date&to_date&all_companies=1&page=,"INTERCOMPANY - goes to Mart's books, never sees the gate"
OPEN_BILL_ON_FLOOR,JIVO_OIL,2026-08-03,626080103,"invoiced, no gate-out recorded",JIVO MART PVT LTD,,BH-BT,,,,,10000.0,1785000,yes (stock already OUT of OITW),27,hana-sql JIVO_OIL_HANADB OINV/INV1/OINM + GET /gate-core/sales-dispatch/?from_date&to_date&all_companies=1&page=,"INTERCOMPANY - goes to Mart's books, never sees the gate"
OPEN_BILL_ON_FLOOR,JIVO_OIL,2026-08-03,626080104,"invoiced, no gate-out recorded",JIVO MART PVT LTD,,BH-BT,,,,,7000.0,1837500,yes (stock already OUT of OITW),27,hana-sql JIVO_OIL_HANADB OINV/INV1/OINM + GET /gate-core/sales-dispatch/?from_date&to_date&all_companies=1&page=,"INTERCOMPANY - goes to Mart's books, never sees the gate"
OPEN_BILL_ON_FLOOR,JIVO_OIL,2026-08-03,626080105,"invoiced, no gate-out recorded",JIVO MART PVT LTD,,BH-PF,,,,,7200.0,1285200,yes (stock already OUT of OITW),27,hana-sql JIVO_OIL_HANADB OINV/INV1/OINM + GET /gate-core/sales-dispatch/?from_date&to_date&all_companies=1&page=,"INTERCOMPANY - goes to Mart's books, never sees the gate"
OPEN_BILL_ON_FLOOR,JIVO_OIL,2026-08-03,626080106,"invoiced, no gate-out recorded",JIVO MART PVT LTD,,BH-PF,,,,,4320.0,1134000,yes (stock already OUT of OITW),27,hana-sql JIVO_OIL_HANADB OINV/INV1/OINM + GET /gate-core/sales-dispatch/?from_date&to_date&all_companies=1&page=,"INTERCOMPANY - goes to Mart's books, never sees the gate"
OPEN_BILL_ON_FLOOR,JIVO_OIL,2026-08-03,626080107,"invoiced, no gate-out recorded",JIVO MART PVT LTD,,BH-PF,,,,,7200.0,1285200,yes (stock already OUT of OITW),27,hana-sql JIVO_OIL_HANADB OINV/INV1/OINM + GET /gate-core/sales-dispatch/?from_date&to_date&all_companies=1&page=,"INTERCOMPANY - goes to Mart's books, never sees the gate"
OPEN_BILL_ON_FLOOR,JIVO_OIL,2026-08-03,626080108,"invoiced, no gate-out recorded",JIVO MART PVT LTD,,BH-PF,,,,,7200.0,1285200,yes (stock already OUT of OITW),27,hana-sql JIVO_OIL_HANADB OINV/INV1/OINM + GET /gate-core/sales-dispatch/?from_date&to_date&all_companies=1&page=,"INTERCOMPANY - goes to Mart's books, never sees the gate"
OPEN_BILL_ON_FLOOR,JIVO_OIL,2026-08-03,626080114,"invoiced, no gate-out recorded",HARPREET SINGH CASH SALE,,BH-BT,,,,,2.0,670,yes (stock already OUT of OITW),27,hana-sql JIVO_OIL_HANADB OINV/INV1/OINM + GET /gate-core/sales-dispatch/?from_date&to_date&all_companies=1&page=,external customer - still physically in the godown unless it left untracked
OPEN_BILL_ON_FLOOR,JIVO_OIL,2026-07-31,626070691,"invoiced, no gate-out recorded",JIVO MART PVT LTD,,BH-PF,,,,,8000.0,1260000,yes (stock already OUT of OITW),30,hana-sql JIVO_OIL_HANADB OINV/INV1/OINM + GET /gate-core/sales-dispatch/?from_date&to_date&all_companies=1&page=,"INTERCOMPANY - goes to Mart's books, never sees the gate"
OPEN_BILL_ON_FLOOR,JIVO_OIL,2026-07-31,626070692,"invoiced, no gate-out recorded",JIVO MART PVT LTD,,BH-PF,,,,,8000.0,1428000,yes (stock already OUT of OITW),30,hana-sql JIVO_OIL_HANADB OINV/INV1/OINM + GET /gate-core/sales-dispatch/?from_date&to_date&all_companies=1&page=,"INTERCOMPANY - goes to Mart's books, never sees the gate"
OPEN_BILL_ON_FLOOR,JIVO_OIL,2026-07-31,626070695,"invoiced, no gate-out recorded",JIVO MART PVT LTD,,BH-PF,,,,,11200.0,1999200,yes (stock already OUT of OITW),30,hana-sql JIVO_OIL_HANADB OINV/INV1/OINM + GET /gate-core/sales-dispatch/?from_date&to_date&all_companies=1&page=,"INTERCOMPANY - goes to Mart's books, never sees the gate"
OPEN_BILL_ON_FLOOR,JIVO_OIL,2026-07-31,626070696,"invoiced, no gate-out recorded",JIVO MART PVT LTD,,BH-BT,,,,,9178.0,1638273,yes (stock already OUT of OITW),30,hana-sql JIVO_OIL_HANADB OINV/INV1/OINM + GET /gate-core/sales-dispatch/?from_date&to_date&all_companies=1&page=,"INTERCOMPANY - goes to Mart's books, never sees the gate"
OPEN_BILL_ON_FLOOR,JIVO_OIL,2026-07-31,626070697,"invoiced, no gate-out recorded",JIVO MART PVT LTD,,BH-PF,,,,,7200.0,1285200,yes (stock already OUT of OITW),30,hana-sql JIVO_OIL_HANADB OINV/INV1/OINM + GET /gate-core/sales-dispatch/?from_date&to_date&all_companies=1&page=,"INTERCOMPANY - goes to Mart's books, never sees the gate"
OPEN_BILL_ON_FLOOR,JIVO_OIL,2026-07-31,626070701,"invoiced, no gate-out recorded",JIVO MART PVT LTD,,BH-PF,,,,,8000.0,1428000,yes (stock already OUT of OITW),30,hana-sql JIVO_OIL_HANADB OINV/INV1/OINM + GET /gate-core/sales-dispatch/?from_date&to_date&all_companies=1&page=,"INTERCOMPANY - goes to Mart's books, never sees the gate"
OPEN_BILL_ON_FLOOR,JIVO_OIL,2026-07-31,626070714,"invoiced, no gate-out recorded",AYAN EXIM INDIA,,BH-BT,,,,,1588.0,333329,yes (stock already OUT of OITW),30,hana-sql JIVO_OIL_HANADB OINV/INV1/OINM + GET /gate-core/sales-dispatch/?from_date&to_date&all_companies=1&page=,external customer - still physically in the godown unless it left untracked
OPEN_BILL_ON_FLOOR,JIVO_OIL,2026-07-31,626070734,"invoiced, no gate-out recorded",AYAN EXIM INDIA,,GP-FG,,,,,300.0,59231,yes (stock already OUT of OITW),30,hana-sql JIVO_OIL_HANADB OINV/INV1/OINM + GET /gate-core/sales-dispatch/?from_date&to_date&all_companies=1&page=,external customer - still physically in the godown unless it left untracked
OPEN_BILL_ON_FLOOR,JIVO_OIL,2026-07-31,626070735,"invoiced, no gate-out recorded",HARPREET SINGH CASH SALE,,BH-BT,,,,,2.0,340,yes (stock already OUT of OITW),30,hana-sql JIVO_OIL_HANADB OINV/INV1/OINM + GET /gate-core/sales-dispatch/?from_date&to_date&all_companies=1&page=,external customer - still physically in the godown unless it left untracked
OPEN_BILL_ON_FLOOR,JIVO_OIL,2026-07-31,626070749,"invoiced, no gate-out recorded",JIVO MART PVT LTD,,BH-BT,,,,,10400.0,3549000,yes (stock already OUT of OITW),30,hana-sql JIVO_OIL_HANADB OINV/INV1/OINM + GET /gate-core/sales-dispatch/?from_date&to_date&all_companies=1&page=,"INTERCOMPANY - goes to Mart's books, never sees the gate"
OPEN_BILL_ON_FLOOR,JIVO_OIL,2026-07-31,626070753,"invoiced, no gate-out recorded",JIVO MART PVT LTD,,BH-BT,,,,,10400.0,3549000,yes (stock already OUT of OITW),30,hana-sql JIVO_OIL_HANADB OINV/INV1/OINM + GET /gate-core/sales-dispatch/?from_date&to_date&all_companies=1&page=,"INTERCOMPANY - goes to Mart's books, never sees the gate"
OPEN_BILL_ON_FLOOR,JIVO_OIL,2026-07-31,626070781,"invoiced, no gate-out recorded",JIVO MART PVT LTD,,BH-PF,,,,,8000.0,1428000,yes (stock already OUT of OITW),30,hana-sql JIVO_OIL_HANADB OINV/INV1/OINM + GET /gate-core/sales-dispatch/?from_date&to_date&all_companies=1&page=,"INTERCOMPANY - goes to Mart's books, never sees the gate"
OPEN_BILL_ON_FLOOR,JIVO_OIL,2026-07-31,626070782,"invoiced, no gate-out recorded",JIVO MART PVT LTD,,BH-PF,,,,,8000.0,1428000,yes (stock already OUT of OITW),30,hana-sql JIVO_OIL_HANADB OINV/INV1/OINM + GET /gate-core/sales-dispatch/?from_date&to_date&all_companies=1&page=,"INTERCOMPANY - goes to Mart's books, never sees the gate"
OPEN_BILL_ON_FLOOR,JIVO_OIL,2026-07-31,626070783,"invoiced, no gate-out recorded",JIVO MART PVT LTD,,BH-PF,,,,,7200.0,1890000,yes (stock already OUT of OITW),30,hana-sql JIVO_OIL_HANADB OINV/INV1/OINM + GET /gate-core/sales-dispatch/?from_date&to_date&all_companies=1&page=,"INTERCOMPANY - goes to Mart's books, never sees the gate"
OPEN_BILL_ON_FLOOR,JIVO_OIL,2026-07-31,626070785,"invoiced, no gate-out recorded",JIVO MART PVT LTD,,BH-PF,,,,,7200.0,1285200,yes (stock already OUT of OITW),30,hana-sql JIVO_OIL_HANADB OINV/INV1/OINM + GET /gate-core/sales-dispatch/?from_date&to_date&all_companies=1&page=,"INTERCOMPANY - goes to Mart's books, never sees the gate"
OPEN_BILL_ON_FLOOR,JIVO_OIL,2026-07-31,626070794,"invoiced, no gate-out recorded",JIVO MART PVT LTD,,BH-PF,,,,,6416.0,1375080,yes (stock already OUT of OITW),30,hana-sql JIVO_OIL_HANADB OINV/INV1/OINM + GET /gate-core/sales-dispatch/?from_date&to_date&all_companies=1&page=,"INTERCOMPANY - goes to Mart's books, never sees the gate"
OPEN_BILL_ON_FLOOR,JIVO_OIL,2026-07-31,626070796,"invoiced, no gate-out recorded",JIVO MART PVT LTD,,BH-PF,,,,,7200.0,1890000,yes (stock already OUT of OITW),30,hana-sql JIVO_OIL_HANADB OINV/INV1/OINM + GET /gate-core/sales-dispatch/?from_date&to_date&all_companies=1&page=,"INTERCOMPANY - goes to Mart's books, never sees the gate"
OPEN_BILL_ON_FLOOR,JIVO_OIL,2026-07-31,626070798,"invoiced, no gate-out recorded",AGGARWAL AGENCIES,,BH-BT,,,,,3880.0,1116387,yes (stock already OUT of OITW),30,hana-sql JIVO_OIL_HANADB OINV/INV1/OINM + GET /gate-core/sales-dispatch/?from_date&to_date&all_companies=1&page=,external customer - still physically in the godown unless it left untracked
OPEN_BILL_ON_FLOOR,JIVO_OIL,2026-07-31,626070799,"invoiced, no gate-out recorded",JIVO MART PVT LTD,,BH-PF,,,,,7200.0,1890000,yes (stock already OUT of OITW),30,hana-sql JIVO_OIL_HANADB OINV/INV1/OINM + GET /gate-core/sales-dispatch/?from_date&to_date&all_companies=1&page=,"INTERCOMPANY - goes to Mart's books, never sees the gate"
BILLING_DAY,JIVO_BEVERAGES,2026-08-03,,,,,,,,21,invoices,,601407,,,GET /dispatch-plans/bills/?date_from&date_to&all_companies=1 (litres: hana-sql JIVO_OIL_HANADB OINV/INV1/OINM),
BILLING_DAY,JIVO_BEVERAGES,2026-08-04,,,,,,,,10,invoices,,248316,,,GET /dispatch-plans/bills/?date_from&date_to&all_companies=1 (litres: hana-sql JIVO_OIL_HANADB OINV/INV1/OINM),
BILLING_DAY,JIVO_BEVERAGES,2026-08-05,,,,,,,,27,invoices,,268639,,,GET /dispatch-plans/bills/?date_from&date_to&all_companies=1 (litres: hana-sql JIVO_OIL_HANADB OINV/INV1/OINM),
BILLING_DAY,JIVO_BEVERAGES,2026-08-06,,,,,,,,8,invoices,,267099,,,GET /dispatch-plans/bills/?date_from&date_to&all_companies=1 (litres: hana-sql JIVO_OIL_HANADB OINV/INV1/OINM),
BILLING_DAY,JIVO_BEVERAGES,2026-08-07,,,,,,,,10,invoices,,320309,,,GET /dispatch-plans/bills/?date_from&date_to&all_companies=1 (litres: hana-sql JIVO_OIL_HANADB OINV/INV1/OINM),
BILLING_DAY,JIVO_BEVERAGES,2026-08-08,,,,,,,,1,invoices,,35999,,,GET /dispatch-plans/bills/?date_from&date_to&all_companies=1 (litres: hana-sql JIVO_OIL_HANADB OINV/INV1/OINM),
BILLING_DAY,JIVO_BEVERAGES,2026-08-10,,,,,,,,24,invoices,,784231,,,GET /dispatch-plans/bills/?date_from&date_to&all_companies=1 (litres: hana-sql JIVO_OIL_HANADB OINV/INV1/OINM),
BILLING_DAY,JIVO_BEVERAGES,2026-08-11,,,,,,,,12,invoices,,356861,,,GET /dispatch-plans/bills/?date_from&date_to&all_companies=1 (litres: hana-sql JIVO_OIL_HANADB OINV/INV1/OINM),
BILLING_DAY,JIVO_BEVERAGES,2026-08-12,,,,,,,,17,invoices,,567806,,,GET /dispatch-plans/bills/?date_from&date_to&all_companies=1 (litres: hana-sql JIVO_OIL_HANADB OINV/INV1/OINM),
BILLING_DAY,JIVO_BEVERAGES,2026-08-13,,,,,,,,16,invoices,,489822,,,GET /dispatch-plans/bills/?date_from&date_to&all_companies=1 (litres: hana-sql JIVO_OIL_HANADB OINV/INV1/OINM),
BILLING_DAY,JIVO_BEVERAGES,2026-08-14,,,,,,,,1,invoices,,58182,,,GET /dispatch-plans/bills/?date_from&date_to&all_companies=1 (litres: hana-sql JIVO_OIL_HANADB OINV/INV1/OINM),
BILLING_DAY,JIVO_BEVERAGES,2026-08-17,,,,,,,,23,invoices,,655379,,,GET /dispatch-plans/bills/?date_from&date_to&all_companies=1 (litres: hana-sql JIVO_OIL_HANADB OINV/INV1/OINM),
BILLING_DAY,JIVO_BEVERAGES,2026-08-18,,,,,,,,14,invoices,,464543,,,GET /dispatch-plans/bills/?date_from&date_to&all_companies=1 (litres: hana-sql JIVO_OIL_HANADB OINV/INV1/OINM),
BILLING_DAY,JIVO_BEVERAGES,2026-08-19,,,,,,,,13,invoices,,448724,,,GET /dispatch-plans/bills/?date_from&date_to&all_companies=1 (litres: hana-sql JIVO_OIL_HANADB OINV/INV1/OINM),
BILLING_DAY,JIVO_BEVERAGES,2026-08-21,,,,,,,,31,invoices,,957239,,,GET /dispatch-plans/bills/?date_from&date_to&all_companies=1 (litres: hana-sql JIVO_OIL_HANADB OINV/INV1/OINM),
BILLING_DAY,JIVO_BEVERAGES,2026-08-22,,,,,,,,17,invoices,,487039,,,GET /dispatch-plans/bills/?date_from&date_to&all_companies=1 (litres: hana-sql JIVO_OIL_HANADB OINV/INV1/OINM),
BILLING_DAY,JIVO_BEVERAGES,2026-08-24,,,,,,,,15,invoices,,502710,,,GET /dispatch-plans/bills/?date_from&date_to&all_companies=1 (litres: hana-sql JIVO_OIL_HANADB OINV/INV1/OINM),
BILLING_DAY,JIVO_BEVERAGES,2026-08-25,,,,,,,,9,invoices,,261642,,,GET /dispatch-plans/bills/?date_from&date_to&all_companies=1 (litres: hana-sql JIVO_OIL_HANADB OINV/INV1/OINM),
BILLING_DAY,JIVO_BEVERAGES,2026-08-26,,,,,,,,25,invoices,,725378,,,GET /dispatch-plans/bills/?date_from&date_to&all_companies=1 (litres: hana-sql JIVO_OIL_HANADB OINV/INV1/OINM),
BILLING_DAY,JIVO_BEVERAGES,2026-08-27,,,,,,,,10,invoices,,168654,,,GET /dispatch-plans/bills/?date_from&date_to&all_companies=1 (litres: hana-sql JIVO_OIL_HANADB OINV/INV1/OINM),
BILLING_DAY,JIVO_BEVERAGES,2026-08-29,,,,,,,,8,invoices,,356922,,,GET /dispatch-plans/bills/?date_from&date_to&all_companies=1 (litres: hana-sql JIVO_OIL_HANADB OINV/INV1/OINM),
BILLING_DAY,JIVO_MART,2026-08-01,,,,,,,,6,invoices,,37585,,,GET /dispatch-plans/bills/?date_from&date_to&all_companies=1 (litres: hana-sql JIVO_OIL_HANADB OINV/INV1/OINM),
BILLING_DAY,JIVO_MART,2026-08-04,,,,,,,,8,invoices,,4119444,,,GET /dispatch-plans/bills/?date_from&date_to&all_companies=1 (litres: hana-sql JIVO_OIL_HANADB OINV/INV1/OINM),
BILLING_DAY,JIVO_MART,2026-08-05,,,,,,,,13,invoices,,11949441,,,GET /dispatch-plans/bills/?date_from&date_to&all_companies=1 (litres: hana-sql JIVO_OIL_HANADB OINV/INV1/OINM),
BILLING_DAY,JIVO_MART,2026-08-06,,,,,,,,14,invoices,,7672818,,,GET /dispatch-plans/bills/?date_from&date_to&all_companies=1 (litres: hana-sql JIVO_OIL_HANADB OINV/INV1/OINM),
BILLING_DAY,JIVO_MART,2026-08-07,,,,,,,,9,invoices,,13875489,,,GET /dispatch-plans/bills/?date_from&date_to&all_companies=1 (litres: hana-sql JIVO_OIL_HANADB OINV/INV1/OINM),
BILLING_DAY,JIVO_MART,2026-08-08,,,,,,,,11,invoices,,10866940,,,GET /dispatch-plans/bills/?date_from&date_to&all_companies=1 (litres: hana-sql JIVO_OIL_HANADB OINV/INV1/OINM),
BILLING_DAY,JIVO_MART,2026-08-10,,,,,,,,12,invoices,,7887839,,,GET /dispatch-plans/bills/?date_from&date_to&all_companies=1 (litres: hana-sql JIVO_OIL_HANADB OINV/INV1/OINM),
BILLING_DAY,JIVO_MART,2026-08-11,,,,,,,,18,invoices,,9965771,,,GET /dispatch-plans/bills/?date_from&date_to&all_companies=1 (litres: hana-sql JIVO_OIL_HANADB OINV/INV1/OINM),
BILLING_DAY,JIVO_MART,2026-08-12,,,,,,,,16,invoices,,9099069,,,GET /dispatch-plans/bills/?date_from&date_to&all_companies=1 (litres: hana-sql JIVO_OIL_HANADB OINV/INV1/OINM),
BILLING_DAY,JIVO_MART,2026-08-13,,,,,,,,25,invoices,,12376786,,,GET /dispatch-plans/bills/?date_from&date_to&all_companies=1 (litres: hana-sql JIVO_OIL_HANADB OINV/INV1/OINM),
BILLING_DAY,JIVO_MART,2026-08-14,,,,,,,,1,invoices,,357000,,,GET /dispatch-plans/bills/?date_from&date_to&all_companies=1 (litres: hana-sql JIVO_OIL_HANADB OINV/INV1/OINM),
BILLING_DAY,JIVO_MART,2026-08-17,,,,,,,,44,invoices,,16030095,,,GET /dispatch-plans/bills/?date_from&date_to&all_companies=1 (litres: hana-sql JIVO_OIL_HANADB OINV/INV1/OINM),
BILLING_DAY,JIVO_MART,2026-08-18,,,,,,,,94,invoices,,432652,,,GET /dispatch-plans/bills/?date_from&date_to&all_companies=1 (litres: hana-sql JIVO_OIL_HANADB OINV/INV1/OINM),
BILLING_DAY,JIVO_MART,2026-08-19,,,,,,,,27,invoices,,26643790,,,GET /dispatch-plans/bills/?date_from&date_to&all_companies=1 (litres: hana-sql JIVO_OIL_HANADB OINV/INV1/OINM),
BILLING_DAY,JIVO_MART,2026-08-20,,,,,,,,8,invoices,,9994220,,,GET /dispatch-plans/bills/?date_from&date_to&all_companies=1 (litres: hana-sql JIVO_OIL_HANADB OINV/INV1/OINM),
BILLING_DAY,JIVO_MART,2026-08-21,,,,,,,,51,invoices,,17361055,,,GET /dispatch-plans/bills/?date_from&date_to&all_companies=1 (litres: hana-sql JIVO_OIL_HANADB OINV/INV1/OINM),
BILLING_DAY,JIVO_MART,2026-08-22,,,,,,,,73,invoices,,19084268,,,GET /dispatch-plans/bills/?date_from&date_to&all_companies=1 (litres: hana-sql JIVO_OIL_HANADB OINV/INV1/OINM),
BILLING_DAY,JIVO_MART,2026-08-24,,,,,,,,50,invoices,,41659783,,,GET /dispatch-plans/bills/?date_from&date_to&all_companies=1 (litres: hana-sql JIVO_OIL_HANADB OINV/INV1/OINM),
BILLING_DAY,JIVO_MART,2026-08-25,,,,,,,,44,invoices,,17894920,,,GET /dispatch-plans/bills/?date_from&date_to&all_companies=1 (litres: hana-sql JIVO_OIL_HANADB OINV/INV1/OINM),
BILLING_DAY,JIVO_MART,2026-08-26,,,,,,,,32,invoices,,17153474,,,GET /dispatch-plans/bills/?date_from&date_to&all_companies=1 (litres: hana-sql JIVO_OIL_HANADB OINV/INV1/OINM),
BILLING_DAY,JIVO_MART,2026-08-27,,,,,,,,83,invoices,,16428539,,,GET /dispatch-plans/bills/?date_from&date_to&all_companies=1 (litres: hana-sql JIVO_OIL_HANADB OINV/INV1/OINM),
BILLING_DAY,JIVO_MART,2026-08-29,,,,,,,,54,invoices,,23975828,,,GET /dispatch-plans/bills/?date_from&date_to&all_companies=1 (litres: hana-sql JIVO_OIL_HANADB OINV/INV1/OINM),
BILLING_DAY,JIVO_OIL,2026-08-01,,,,,,,,1,invoices,290,56519,,,GET /dispatch-plans/bills/?date_from&date_to&all_companies=1 (litres: hana-sql JIVO_OIL_HANADB OINV/INV1/OINM),"litres = FINISHED lines only, parsed from SKU name"
BILLING_DAY,JIVO_OIL,2026-08-03,,,,,,,,21,invoices,69695,15091788,,,GET /dispatch-plans/bills/?date_from&date_to&all_companies=1 (litres: hana-sql JIVO_OIL_HANADB OINV/INV1/OINM),"litres = FINISHED lines only, parsed from SKU name"
BILLING_DAY,JIVO_OIL,2026-08-04,,,,,,,,23,invoices,65209,13577230,,,GET /dispatch-plans/bills/?date_from&date_to&all_companies=1 (litres: hana-sql JIVO_OIL_HANADB OINV/INV1/OINM),"litres = FINISHED lines only, parsed from SKU name"
BILLING_DAY,JIVO_OIL,2026-08-05,,,,,,,,26,invoices,52654,10786492,,,GET /dispatch-plans/bills/?date_from&date_to&all_companies=1 (litres: hana-sql JIVO_OIL_HANADB OINV/INV1/OINM),"litres = FINISHED lines only, parsed from SKU name"
BILLING_DAY,JIVO_OIL,2026-08-06,,,,,,,,22,invoices,79226,12951512,,,GET /dispatch-plans/bills/?date_from&date_to&all_companies=1 (litres: hana-sql JIVO_OIL_HANADB OINV/INV1/OINM),"litres = FINISHED lines only, parsed from SKU name"
BILLING_DAY,JIVO_OIL,2026-08-07,,,,,,,,14,invoices,48780,10046799,,,GET /dispatch-plans/bills/?date_from&date_to&all_companies=1 (litres: hana-sql JIVO_OIL_HANADB OINV/INV1/OINM),"litres = FINISHED lines only, parsed from SKU name"
BILLING_DAY,JIVO_OIL,2026-08-08,,,,,,,,24,invoices,60989,11263380,,,GET /dispatch-plans/bills/?date_from&date_to&all_companies=1 (litres: hana-sql JIVO_OIL_HANADB OINV/INV1/OINM),"litres = FINISHED lines only, parsed from SKU name"
BILLING_DAY,JIVO_OIL,2026-08-10,,,,,,,,62,invoices,68880,14220906,,,GET /dispatch-plans/bills/?date_from&date_to&all_companies=1 (litres: hana-sql JIVO_OIL_HANADB OINV/INV1/OINM),"litres = FINISHED lines only, parsed from SKU name"
BILLING_DAY,JIVO_OIL,2026-08-11,,,,,,,,31,invoices,89318,18405738,,,GET /dispatch-plans/bills/?date_from&date_to&all_companies=1 (litres: hana-sql JIVO_OIL_HANADB OINV/INV1/OINM),"litres = FINISHED lines only, parsed from SKU name"
BILLING_DAY,JIVO_OIL,2026-08-12,,,,,,,,32,invoices,137275,24114963,,,GET /dispatch-plans/bills/?date_from&date_to&all_companies=1 (litres: hana-sql JIVO_OIL_HANADB OINV/INV1/OINM),"litres = FINISHED lines only, parsed from SKU name"
BILLING_DAY,JIVO_OIL,2026-08-13,,,,,,,,12,invoices,33238,5536634,,,GET /dispatch-plans/bills/?date_from&date_to&all_companies=1 (litres: hana-sql JIVO_OIL_HANADB OINV/INV1/OINM),"litres = FINISHED lines only, parsed from SKU name"
BILLING_DAY,JIVO_OIL,2026-08-14,,,,,,,,3,invoices,8009,1310825,,,GET /dispatch-plans/bills/?date_from&date_to&all_companies=1 (litres: hana-sql JIVO_OIL_HANADB OINV/INV1/OINM),"litres = FINISHED lines only, parsed from SKU name"
BILLING_DAY,JIVO_OIL,2026-08-17,,,,,,,,15,invoices,71187,12962033,,,GET /dispatch-plans/bills/?date_from&date_to&all_companies=1 (litres: hana-sql JIVO_OIL_HANADB OINV/INV1/OINM),"litres = FINISHED lines only, parsed from SKU name"
BILLING_DAY,JIVO_OIL,2026-08-18,,,,,,,,16,invoices,87610,15427201,,,GET /dispatch-plans/bills/?date_from&date_to&all_companies=1 (litres: hana-sql JIVO_OIL_HANADB OINV/INV1/OINM),"litres = FINISHED lines only, parsed from SKU name"
BILLING_DAY,JIVO_OIL,2026-08-19,,,,,,,,25,invoices,126862,22267315,,,GET /dispatch-plans/bills/?date_from&date_to&all_companies=1 (litres: hana-sql JIVO_OIL_HANADB OINV/INV1/OINM),"litres = FINISHED lines only, parsed from SKU name"
BILLING_DAY,JIVO_OIL,2026-08-20,,,,,,,,15,invoices,68642,13344107,,,GET /dispatch-plans/bills/?date_from&date_to&all_companies=1 (litres: hana-sql JIVO_OIL_HANADB OINV/INV1/OINM),"litres = FINISHED lines only, parsed from SKU name"
BILLING_DAY,JIVO_OIL,2026-08-21,,,,,,,,24,invoices,114518,19655009,,,GET /dispatch-plans/bills/?date_from&date_to&all_companies=1 (litres: hana-sql JIVO_OIL_HANADB OINV/INV1/OINM),"litres = FINISHED lines only, parsed from SKU name"
BILLING_DAY,JIVO_OIL,2026-08-22,,,,,,,,23,invoices,102946,18966703,,,GET /dispatch-plans/bills/?date_from&date_to&all_companies=1 (litres: hana-sql JIVO_OIL_HANADB OINV/INV1/OINM),"litres = FINISHED lines only, parsed from SKU name"
BILLING_DAY,JIVO_OIL,2026-08-24,,,,,,,,34,invoices,149207,30387257,,,GET /dispatch-plans/bills/?date_from&date_to&all_companies=1 (litres: hana-sql JIVO_OIL_HANADB OINV/INV1/OINM),"litres = FINISHED lines only, parsed from SKU name"
BILLING_DAY,JIVO_OIL,2026-08-25,,,,,,,,30,invoices,121240,22927500,,,GET /dispatch-plans/bills/?date_from&date_to&all_companies=1 (litres: hana-sql JIVO_OIL_HANADB OINV/INV1/OINM),"litres = FINISHED lines only, parsed from SKU name"
BILLING_DAY,JIVO_OIL,2026-08-26,,,,,,,,36,invoices,171151,31666057,,,GET /dispatch-plans/bills/?date_from&date_to&all_companies=1 (litres: hana-sql JIVO_OIL_HANADB OINV/INV1/OINM),"litres = FINISHED lines only, parsed from SKU name"
BILLING_DAY,JIVO_OIL,2026-08-27,,,,,,,,25,invoices,83015,17000097,,,GET /dispatch-plans/bills/?date_from&date_to&all_companies=1 (litres: hana-sql JIVO_OIL_HANADB OINV/INV1/OINM),"litres = FINISHED lines only, parsed from SKU name"
BILLING_DAY,JIVO_OIL,2026-08-29,,,,,,,,25,invoices,158565,35978669,,,GET /dispatch-plans/bills/?date_from&date_to&all_companies=1 (litres: hana-sql JIVO_OIL_HANADB OINV/INV1/OINM),"litres = FINISHED lines only, parsed from SKU name"
BILLING_DAY,JIVO_OIL,2026-08-30,,,,,,,,1,invoices,2,340,,,GET /dispatch-plans/bills/?date_from&date_to&all_companies=1 (litres: hana-sql JIVO_OIL_HANADB OINV/INV1/OINM),"litres = FINISHED lines only, parsed from SKU name"
BILLING_CHANNEL,JIVO_OIL,2026-08,INTERCOMPANY (Oil->Mart/Bev),,,,,,,163,invoices,1254691,227072590,,,hana-sql JIVO_OIL_HANADB OINV/INV1/OINM,net of GST; channel derived from the line warehouse + intercompany CardCode list (C-0005)
BILLING_CHANNEL,JIVO_OIL,2026-08,FACTORY FG (BH-BT/BH-PF),,,,,,,318,invoices,619272,114619089,,,hana-sql JIVO_OIL_HANADB OINV/INV1/OINM,net of GST; channel derived from the line warehouse + intercompany CardCode list (C-0005)
BILLING_CHANNEL,JIVO_OIL,2026-08,GUPTA FG (GP-FG),,,,,,,13,invoices,54204,7887358,,,hana-sql JIVO_OIL_HANADB OINV/INV1/OINM,net of GST; channel derived from the line warehouse + intercompany CardCode list (C-0005)
BILLING_CHANNEL,JIVO_OIL,2026-08,BRANCH (PB-/DL-),,,,,,,4,invoices,40000,6209600,,,hana-sql JIVO_OIL_HANADB OINV/INV1/OINM,net of GST; channel derived from the line warehouse + intercompany CardCode list (C-0005)
BILLING_CHANNEL,JIVO_OIL,2026-08,OTHER (BH-SC),,,,,,,7,invoices,205,129195,,,hana-sql JIVO_OIL_HANADB OINV/INV1/OINM,net of GST; channel derived from the line warehouse + intercompany CardCode list (C-0005)
BILLING_CHANNEL,JIVO_OIL,2026-08,OTHER (BH-PS),,,,,,,1,invoices,135,21623,,,hana-sql JIVO_OIL_HANADB OINV/INV1/OINM,net of GST; channel derived from the line warehouse + intercompany CardCode list (C-0005)
BILLING_CUSTOMER,JIVO_OIL,2026-08,CUSTA000606,,JIVO MART PVT LTD,,,,,163,invoices,1254691,227072590,,,hana-sql JIVO_OIL_HANADB OINV/INV1/OINM,INTERCOMPANY
BILLING_CUSTOMER,JIVO_OIL,2026-08,CUSTA000986,,ONENESS TRADERS,,,,,9,invoices,44880,6746986,,,hana-sql JIVO_OIL_HANADB OINV/INV1/OINM,
BILLING_CUSTOMER,JIVO_OIL,2026-08,CUSTA000482,,METRO CASH & CARRY INDIA PVT LTD,,,,,4,invoices,40000,6209600,,,hana-sql JIVO_OIL_HANADB OINV/INV1/OINM,
BILLING_CUSTOMER,JIVO_OIL,2026-08,CUSTA000486,,WAL MART INDIA PVT LTD,,,,,6,invoices,33000,5200052,,,hana-sql JIVO_OIL_HANADB OINV/INV1/OINM,
BILLING_CUSTOMER,JIVO_OIL,2026-08,CUSTA001041,,HIMJYOTI TRADERS,,,,,15,invoices,27537,4283704,,,hana-sql JIVO_OIL_HANADB OINV/INV1/OINM,
BILLING_CUSTOMER,JIVO_OIL,2026-08,CUSTA001109,,SAI TRADING COMPANY,,,,,4,invoices,26683,3890574,,,hana-sql JIVO_OIL_HANADB OINV/INV1/OINM,
BILLING_CUSTOMER,JIVO_OIL,2026-08,CUSTA000993,,SHRAY FOOD & BEVERAGES PRIVATE LIMITED,,,,,10,invoices,22657,5079447,,,hana-sql JIVO_OIL_HANADB OINV/INV1/OINM,
BILLING_CUSTOMER,JIVO_OIL,2026-08,CUSTA000169,,PURE AGROCHEM CORPORATION,,,,,6,invoices,20900,2969625,,,hana-sql JIVO_OIL_HANADB OINV/INV1/OINM,
BILLING_CUSTOMER,JIVO_OIL,2026-08,CUSTA001083,,STAR SALES CORPORATION,,,,,3,invoices,20002,4000400,,,hana-sql JIVO_OIL_HANADB OINV/INV1/OINM,
BILLING_CUSTOMER,JIVO_OIL,2026-08,CUSTA001094,,SHIVAY EDIBLES PRIVATE LIMITED,,,,,1,invoices,16484,2238095,,,hana-sql JIVO_OIL_HANADB OINV/INV1/OINM,
BILLING_CUSTOMER,JIVO_OIL,2026-08,CUSTA000451,,SUMIT TRADERS,,,,,1,invoices,16484,2280000,,,hana-sql JIVO_OIL_HANADB OINV/INV1/OINM,
BILLING_CUSTOMER,JIVO_OIL,2026-08,CUSTA000163,,M S ABNASH & BROS,,,,,3,invoices,16032,2451760,,,hana-sql JIVO_OIL_HANADB OINV/INV1/OINM,
BILLING_CUSTOMER,JIVO_OIL,2026-08,CUSTA001131,,GULZAR AHMAD AND SONS,,,,,1,invoices,15686,2237823,,,hana-sql JIVO_OIL_HANADB OINV/INV1/OINM,
BILLING_CUSTOMER,JIVO_OIL,2026-08,CUSTA000844,,ILAHI CO. (BTCPN5063N),,,,,23,invoices,15147,2769543,,,hana-sql JIVO_OIL_HANADB OINV/INV1/OINM,
BILLING_CUSTOMER,JIVO_OIL,2026-08,CUSTA000912,,PARSHOTAM LAL VISHWA NATH,,,,,1,invoices,15008,2915819,,,hana-sql JIVO_OIL_HANADB OINV/INV1/OINM,
BILLING_CUSTOMER,JIVO_OIL,2026-08,CUSTA000981,,AGGARWAL AGENCIES,,,,,7,invoices,14355,2617569,,,hana-sql JIVO_OIL_HANADB OINV/INV1/OINM,
BILLING_CUSTOMER,JIVO_OIL,2026-08,CUSTA000394,,DEEPAK TRADING COMPANY PATIALA,,,,,1,invoices,13900,2540952,,,hana-sql JIVO_OIL_HANADB OINV/INV1/OINM,
BILLING_CUSTOMER,JIVO_OIL,2026-08,CUSTA000595,,CHARAN DASS BANARSI DASS,,,,,6,invoices,13594,2293202,,,hana-sql JIVO_OIL_HANADB OINV/INV1/OINM,
BILLING_CUSTOMER,JIVO_OIL,2026-08,CUSTA000846,,ISHWER CHAND & SONS (ANIPK0139M),,,,,1,invoices,13187,1928570,,,hana-sql JIVO_OIL_HANADB OINV/INV1/OINM,
BILLING_CUSTOMER,JIVO_OIL,2026-08,CUSTA000352,,AT OVERSEAS,,,,,4,invoices,12900,2153570,,,hana-sql JIVO_OIL_HANADB OINV/INV1/OINM,
BILLING_CUSTOMER,JIVO_OIL,2026-08,CUSTA000365,,RAJESHWAR KISHORE MAHENDERPAL,,,,,6,invoices,12695,2278057,,,hana-sql JIVO_OIL_HANADB OINV/INV1/OINM,
BILLING_CUSTOMER,JIVO_OIL,2026-08,CUSTA000546,,ARIHANT TRADING CO,,,,,2,invoices,11982,1745048,,,hana-sql JIVO_OIL_HANADB OINV/INV1/OINM,
BILLING_CUSTOMER,JIVO_OIL,2026-08,CUSTA000592,,KNOWTABLE ONLINE SERVICES PRIVATE LIMITED,,,,,1,invoices,11593,2773333,,,hana-sql JIVO_OIL_HANADB OINV/INV1/OINM,
BILLING_CUSTOMER,JIVO_OIL,2026-08,CUSTA000917,,N.K. TRADING CO.,,,,,1,invoices,11230,1741597,,,hana-sql JIVO_OIL_HANADB OINV/INV1/OINM,
BILLING_CUSTOMER,JIVO_OIL,2026-08,CUSTA000577,,JAGDAMBA ENTERPRISES CHD,,,,,1,invoices,11100,2160373,,,hana-sql JIVO_OIL_HANADB OINV/INV1/OINM,
SAP_RECON,JIVO_OIL,2026-08-01..2026-08-30,invoice count,,,,,,,540,invoices,,377945074,SAP OINV count = 540,0,GET /dispatch-plans/bills/?date_from&date_to&all_companies=1 vs hana-sql OINV,EXACT MATCH (540 = 540). The app is a faithful mirror of SAP's A/R invoices; it does not create them.
SAP_RECON,JIVO_MART,2026-08-01..2026-08-30,invoice count,,,,,,,693,invoices,,294866806,SAP OINV count = 693,0,GET /dispatch-plans/bills/?date_from&date_to&all_companies=1 vs hana-sql OINV,EXACT MATCH (693 = 693). The app is a faithful mirror of SAP's A/R invoices; it does not create them.
SAP_RECON,JIVO_BEVERAGES,2026-08-01..2026-08-30,invoice count,,,,,,,312,invoices,,9026901,SAP OINV count = 312,0,GET /dispatch-plans/bills/?date_from&date_to&all_companies=1 vs hana-sql OINV,EXACT MATCH (312 = 312). The app is a faithful mirror of SAP's A/R invoices; it does not create them.
QUEUE_STATE,ALL,,"billed, no dispatch plan yet",PENDING (plan.booking_status),,,,,,407,bills/trucks,212646,70269215,,,GET /dispatch-plans/dashboard/summary/,cross-company backlog on the app's own Dispatch Fulfilment dashboard (default window 2026-06-02..08-30)
QUEUE_STATE,ALL,,"planned, truck booked, not gone",BOOKED,,,,,,14,bills/trucks,34682,4542126,,,GET /dispatch-plans/dashboard/summary/,cross-company
QUEUE_STATE,ALL,,"truck inside, still loading",arrival status LOADING / stage DOCKED,,,,,,3,bills/trucks,,,,,GET /gate-core/inside-dispatch-vehicles/,ALL THREE are the same truck HR67C6723 that gated in on 2026-06-22 and has never been marked out - a 69-day-old ghost carrying 11 bills. arrivals?open_only=1 returns exactly this one arrival.
QUEUE_STATE,ALL,,picked but not loaded (barcode),DRAFT / PARTIAL / READY_TO_DISPATCH,,,,,,89,bills/trucks,,,,,GET /barcode/dispatch/sessions/active/,"ABANDONED MODULE, not a live queue: newest session created 2026-08-07, newest completion 2026-06-21, and 86 of the 89 already read sap_dispatch_status=DISPATCHED."
QUEUE_STATE,ALL,,"loaded, waiting on an exception",docking-admin partial-scan / scan-skip PENDING,,,,,,0,bills/trucks,,,,,GET /docking-admin/partial-scan-requests/ + scan-skip-requests/,"Oil: 131 partial-scan (130 approved, 1 rejected) + 49 scan-skip, all closed. Median approval 2 minutes, p90 19 min. Not a bottleneck."
QUEUE_STATE,ALL,,"gone, not delivered",dispatch-tracking DISPATCHED / IN_TRANSIT / DELAYED,,,,,,218,bills/trucks,,,,,GET /gate-core/dispatch-tracking/summary/,"Aug: 475 dispatched, 257 delivered, 192 with no tracking update at all, 23 overdue (worst 12 days), on-time rate 31%."
HOLD_REMARK,JIVO_BEVERAGES,2026-07-02,626077964,DISPATCHED,BABA JEE,,BH-FG,,,,,4920.0,,,,GET /dispatch-plans/bills/?date_from&date_to&all_companies=1,HOLD IS FREE TEXT: HOLD BY NAVNEET VG
HOLD_REMARK,JIVO_BEVERAGES,2026-07-02,626077965,DISPATCHED,TAVISH INDUSTRIES,,BH-FG,,,,,9000.0,,,,GET /dispatch-plans/bills/?date_from&date_to&all_companies=1,HOLD IS FREE TEXT: HOLD BY NAVNEET VG
HOLD_REMARK,JIVO_BEVERAGES,2026-08-26,626088222,DISPATCHED,SHIVA ENTERPRISES,,BH-FG,,,,,3000.0,,,,GET /dispatch-plans/bills/?date_from&date_to&all_companies=1,HOLD IS FREE TEXT: HOLD HAI SHARAN MAM
HOLD_REMARK,JIVO_BEVERAGES,2026-08-26,626088227,DISPATCHED,CONCEPT COLOUR,,BH-FG,,,,,2922.0,,,,GET /dispatch-plans/bills/?date_from&date_to&all_companies=1,HOLD IS FREE TEXT: HOLD  KARANPREET VG
HOLD_REMARK,JIVO_OIL,2026-06-12,626060300,BOOKED,PURE AGROCHEM CORPORATION,,GP-FG,,,,,1400.0,,,,GET /dispatch-plans/bills/?date_from&date_to&all_companies=1,HOLD IS FREE TEXT: PENDING BILL WILL BE PROVIDED
HOLD_REMARK,JIVO_OIL,2026-06-13,626060303,BOOKED,PURE AGROCHEM CORPORATION,,GP-FG,,,,,600.0,,,,GET /dispatch-plans/bills/?date_from&date_to&all_companies=1,HOLD IS FREE TEXT: PENDING INVOICE DONE KINDLY DISPATCH
HOLD_REMARK,JIVO_OIL,2026-06-17,626060374,BOOKED,ILAHI CO. (BTCPN5063N),,BH-PS,,,,,250.0,,,,GET /dispatch-plans/bills/?date_from&date_to&all_companies=1,HOLD IS FREE TEXT: BH-PS GODOWN DO NOT DISPATCH
HOLD_REMARK,JIVO_OIL,2026-06-24,626060431,DISPATCHED,CHIRAG ENTERPRISES MUMBAI,,GP-FG,,,,,9600.0,,,,GET /dispatch-plans/bills/?date_from&date_to&all_companies=1,HOLD IS FREE TEXT: CARTON PENDING
HOLD_REMARK,JIVO_OIL,2026-06-24,626060451,DISPATCHED,SINGHAL FOODS,,GP-FG,,,,,360.0,,,,GET /dispatch-plans/bills/?date_from&date_to&all_companies=1,HOLD IS FREE TEXT: CARTON PENDING
HOLD_REMARK,JIVO_OIL,2026-06-25,626060461,DISPATCHED,CHIRAG ENTERPRISES MUMBAI,,BH-PF,,,,,,,,,GET /dispatch-plans/bills/?date_from&date_to&all_companies=1,HOLD IS FREE TEXT: CARTON PENDING
HOLD_REMARK,JIVO_OIL,2026-07-02,626070151,DISPATCHED,KAILASH AGENCIES,,GP-FG,,,,,2416.0,,,,GET /dispatch-plans/bills/?date_from&date_to&all_companies=1,HOLD IS FREE TEXT: pending invoice will be provided
HOLD_REMARK,JIVO_OIL,2026-07-02,626070153,DISPATCHED,KAILASH AGENCIES,,BH-PF,,,,,75.0,,,,GET /dispatch-plans/bills/?date_from&date_to&all_companies=1,HOLD IS FREE TEXT: pending invoice will be provided
HOLD_REMARK,JIVO_OIL,2026-07-21,626070449,DISPATCHED,N.K. TRADING CO.,,GP-FG,,,,,4000.0,,,,GET /dispatch-plans/bills/?date_from&date_to&all_companies=1,HOLD IS FREE TEXT: PENDING BILL PROVIDE TOMMOROW
HOLD_REMARK,JIVO_OIL,2026-07-22,626070455,DISPATCHED,SHRAY FOOD & BEVERAGES PRIVATE LIMITED,,BH-PF,,,,,714.285,,,,GET /dispatch-plans/bills/?date_from&date_to&all_companies=1,HOLD IS FREE TEXT: PENDING BILL PROVIDE TOMMOROW
HOLD_REMARK,JIVO_OIL,2026-07-22,626070456,DISPATCHED,SHRAY FOOD & BEVERAGES PRIVATE LIMITED,,BH-PF,,,,,2214.285,,,,GET /dispatch-plans/bills/?date_from&date_to&all_companies=1,HOLD IS FREE TEXT: PENDING BILL PROVIDE TOMMOROW
HOLD_REMARK,JIVO_OIL,2026-07-23,626070474,DISPATCHED,N.K. TRADING CO.,,BH-PF,,,,,5729.4,,,,GET /dispatch-plans/bills/?date_from&date_to&all_companies=1,HOLD IS FREE TEXT: PENDING BILL PROVIDE TOMMOROW
HOLD_REMARK,JIVO_OIL,2026-07-27,626070559,DISPATCHED,SHRAY FOOD & BEVERAGES PRIVATE LIMITED,,BH-PF,,,,,3000.0,,,,GET /dispatch-plans/bills/?date_from&date_to&all_companies=1,"HOLD IS FREE TEXT: pending invoice will be provided soon 
scheme item"
HOLD_REMARK,JIVO_OIL,2026-07-28,626070592,DISPATCHED,SEA BREEZE,,BH-PF,,,,,1800.0,,,,GET /dispatch-plans/bills/?date_from&date_to&all_companies=1,"HOLD IS FREE TEXT: pending invoice will be provided soon 
scheme item"
HOLD_REMARK,JIVO_OIL,2026-07-28,626070594,DISPATCHED,SEA BREEZE,,BH-BT,,,,,200.0,,,,GET /dispatch-plans/bills/?date_from&date_to&all_companies=1,"HOLD IS FREE TEXT: pending invoice will be provided soon 
scheme item"
HOLD_REMARK,JIVO_OIL,2026-07-28,626070596,DISPATCHED,ARJUN DASS & SONS PUNJAB NEW,,BH-BT,,,,,8362.0,,,,GET /dispatch-plans/bills/?date_from&date_to&all_companies=1,HOLD IS FREE TEXT: HOLD PENDING BILL WILL BE PROVIDE TOMMOROW
HOLD_REMARK,JIVO_OIL,2026-07-28,626070597,DISPATCHED,ARJUN DASS & SONS PUNJAB NEW,,GP-FG,,,,,2540.0,,,,GET /dispatch-plans/bills/?date_from&date_to&all_companies=1,HOLD IS FREE TEXT: HOLD PENDING BILL WILL BE PROVIDE TOMMOROW
HOLD_REMARK,JIVO_OIL,2026-07-28,626070598,DISPATCHED,RAM NATH AND SONS (AFJPJ8653C),,BH-BT,,,,,48.0,,,,GET /dispatch-plans/bills/?date_from&date_to&all_companies=1,HOLD IS FREE TEXT: HOLD PENDING BILL WILL BE PROVIDE TOMMOROW
HOLD_REMARK,JIVO_OIL,2026-07-28,626070599,DISPATCHED,ARJUN DASS & SONS PUNJAB NEW,,BH-BT,,,,,821.0,,,,GET /dispatch-plans/bills/?date_from&date_to&all_companies=1,HOLD IS FREE TEXT: HOLD PENDING BILL WILL BE PROVIDE TOMMOROW
HOLD_REMARK,JIVO_OIL,2026-07-28,626070600,DISPATCHED,ARJUN DASS & SONS PUNJAB NEW,,BH-BT,,,,,116.0,,,,GET /dispatch-plans/bills/?date_from&date_to&all_companies=1,HOLD IS FREE TEXT: HOLD PENDING BILL WILL BE PROVIDE TOMMOROW
HOLD_REMARK,JIVO_OIL,2026-07-29,626070621,DISPATCHED,SHRAY FOOD & BEVERAGES PRIVATE LIMITED,,BH-BT,,,,,200.0,,,,GET /dispatch-plans/bills/?date_from&date_to&all_companies=1,"HOLD IS FREE TEXT: pending invoice will be provided soon 
scheme item"
HOLD_REMARK,JIVO_OIL,2026-07-29,626070634,DISPATCHED,SHRAY FOOD & BEVERAGES PRIVATE LIMITED,,BH-BT,,,,,100.0,,,,GET /dispatch-plans/bills/?date_from&date_to&all_companies=1,"HOLD IS FREE TEXT: pending invoice will be provided soon 
scheme item"
HOLD_REMARK,JIVO_OIL,2026-07-29,626070639,DISPATCHED,ARJUN DASS & SONS PUNJAB NEW,,BH-BT,,,,,800.0,,,,GET /dispatch-plans/bills/?date_from&date_to&all_companies=1,HOLD IS FREE TEXT: HOLD PENDING BILL WILL BE PROVIDE TOMMOROW
HOLD_REMARK,JIVO_OIL,2026-07-30,626070683,DISPATCHED,ILAHI CO. (BTCPN5063N),,BH-BT,,,,,10.0,,,,GET /dispatch-plans/bills/?date_from&date_to&all_companies=1,HOLD IS FREE TEXT: PENDING BILL TOMOROW
HOLD_REMARK,JIVO_OIL,2026-07-30,626070684,DISPATCHED,ILAHI CO. (BTCPN5063N),,BH-PF,,,,,75.0,,,,GET /dispatch-plans/bills/?date_from&date_to&all_companies=1,HOLD IS FREE TEXT: PENDING BILL TOMOROW
HOLD_REMARK,JIVO_OIL,2026-07-31,626070693,DISPATCHED,ILAHI CO. (BTCPN5063N),,BH-SC,,,,,,,,,GET /dispatch-plans/bills/?date_from&date_to&all_companies=1,HOLD IS FREE TEXT: PENDING BILL TOMOROW
HOLD_REMARK,JIVO_OIL,2026-08-03,626080118,DISPATCHED,ILAHI CO. (BTCPN5063N),,BH-BT,,,,,1840.0,,,,GET /dispatch-plans/bills/?date_from&date_to&all_companies=1,HOLD IS FREE TEXT: PENDING BILL TOMOROW
HOLD_REMARK,JIVO_OIL,2026-08-03,626080120,DISPATCHED,ILAHI CO. (BTCPN5063N),,BH-SC,,,,,111.0,,,,GET /dispatch-plans/bills/?date_from&date_to&all_companies=1,HOLD IS FREE TEXT: PENDING BILL TOMOROW
HOLD_REMARK,JIVO_OIL,2026-08-11,626080299,BOOKED,HIMJYOTI TRADERS,,BH-BT,,,,,2400.0,,,,GET /dispatch-plans/bills/?date_from&date_to&all_companies=1,HOLD IS FREE TEXT: HOLD 2 LTR MUSTARD PENDING
HOLD_REMARK,JIVO_OIL,2026-08-12,626080337,DISPATCHED,RAJESHWAR KISHORE MAHENDERPAL,,BH-BT,,,,,4660.0,,,,GET /dispatch-plans/bills/?date_from&date_to&all_companies=1,HOLD IS FREE TEXT: CARTON PENDING PROVIDER TOMMOROW
HOLD_REMARK,JIVO_OIL,2026-08-13,626080356,DISPATCHED,RAJESHWAR KISHORE MAHENDERPAL,,BH-PF,,,,,,,,,GET /dispatch-plans/bills/?date_from&date_to&all_companies=1,HOLD IS FREE TEXT: CARTON PENDING PROVIDER TOMMOROW
HOLD_REMARK,JIVO_OIL,2026-08-20,626080436,DISPATCHED,RAJESHWAR KISHORE MAHENDERPAL,,BH-PF,,,,,1384.56,,,,GET /dispatch-plans/bills/?date_from&date_to&all_companies=1,HOLD IS FREE TEXT: please hold until next confirmation
HOLD_REMARK,JIVO_OIL,2026-08-20,626080437,DISPATCHED,RAJESHWAR KISHORE MAHENDERPAL,,BH-BT,,,,,2000.0,,,,GET /dispatch-plans/bills/?date_from&date_to&all_companies=1,HOLD IS FREE TEXT: please hold until next confirmation
HOLD_REMARK,JIVO_OIL,2026-08-22,626080479,DISPATCHED,BAJAJ TRADERS,,BH-BT,,,,,1500.0,,,,GET /dispatch-plans/bills/?date_from&date_to&all_companies=1,HOLD IS FREE TEXT: pending invoice shared please dispatch
HOLD_REMARK,JIVO_OIL,2026-08-22,626080480,DISPATCHED,BAJAJ TRADERS,,BH-PF,,,,,1384.56,,,,GET /dispatch-plans/bills/?date_from&date_to&all_companies=1,HOLD IS FREE TEXT: pending invoice shared please dispatch
HOLD_REMARK,JIVO_OIL,2026-08-24,626080488,DISPATCHED,BAJAJ TRADERS,,BH-BT,,,,,2280.0,,,,GET /dispatch-plans/bills/?date_from&date_to&all_companies=1,HOLD IS FREE TEXT: pending invoice shared please dispatch
HOLD_REMARK,JIVO_OIL,2026-08-24,626080513,DISPATCHED,ILAHI CO. (BTCPN5063N),,BH-BT,,,,,2208.0,,,,GET /dispatch-plans/bills/?date_from&date_to&all_companies=1,HOLD IS FREE TEXT: PENDING BILL TOMMOROW
SUMMARY,ALL,,holds,,,,,,,41,bills 90d,,,,,GET /dispatch-plans/bills/?date_from&date_to&all_companies=1,"There is NO hold status anywhere in the app. A held bill sits at stage BOOKED like any other and the reason is typed into dispatch_plan.remarks. Nothing counts, ages or alerts on it."
CREDIT_BLOCK,JIVO_OIL,,OCRD.frozenFor='Y',,,,,,,12,customers,,,,,hana-sql OCRD,SAP-side freeze. It blocks a NEW invoice; it does nothing about goods already invoiced and standing in the godown.
CREDIT_BLOCK,JIVO_OIL,,Balance > CreditLine,,,,,,,8,customers,,,,,hana-sql OCRD,over their credit limit with a limit set
BROKEN_OR_STALE,ALL,2026-08-17T16:02,order-processing OMS sync,FAILED,,,,,,,,,,,,GET /order-processing/dashboard/,"connection to server at 103.89.45.75 port 5432 failed: No route to host. The order mirror has been dead 13 days; 2,238 of 2,281 orders were never stock-checked. The OMS box moved to 138.252.101.118 (see MEMORY jsap-moved-to-ary-box) and this app still points at the old IP."
BROKEN_OR_STALE,ALL,2026-06-22T12:18,arrival ARV-20260622-0001,LOADING,,,,,,,,,,,,GET /gate-core/arrivals/?open_only=1,"69 days 'inside'. It is the only open arrival and the only content of the inside-dispatch-vehicles board, so that board is 100% noise today."
BROKEN_OR_STALE,ALL,2026-08-07 (newest),barcode dispatch sessions,DRAFT/PARTIAL/READY_TO_DISPATCH,,,,,,,,,,,,GET /barcode/dispatch/sessions/active/,"89 orphan Oil sessions, oldest bill 2026-05-27. Module stopped being completed on 2026-06-21. Loading evidence now lives on sales_dispatch box_scans instead."
BROKEN_OR_STALE,ALL,never,transporter A/P invoice,empty,,,,,,,,,,,,GET /dispatch/transporter-invoices/history/,returns [] in all three companies - the feature has never been used.
TRAP,ALL,,OINV.DocSubType='GD' moves NO stock,,,,,,,,,,,,,hana-sql OINV + OINM,"4 Oil invoices in 90 days worth Rs4.73 Cr are DocSubType='GD' rate-difference bills to JIVO MART with zero OINM rows. Counting them as goods movement invented 522,000 phantom litres in my first pass. Filter on the existence of an OINM TransType-13 row, not on OINV alone."
TRAP,ALL,,PM item names carry litres,,,,,,,,,,,,,engine/plan_units.pack_litres,"'LABEL DESI GHEE 1000 LTR (JIVO)' x 700 pcs parsed as 700,000 L. Restrict litre parsing to ItmsGrpCod=102 FINISHED. This is the packaging-item rule from GODOWNS.md biting on the billing side."
TRAP,ALL,,dispatch-plans dashboards ignore Company-Code,,,,,,,,,,,,,GET /dispatch-plans/dashboard/summary|bills/,"Always all three companies. The 421-bill / Rs7.48 Cr backlog is a GROUP figure, not Oil's."
TRAP,ALL,,dispatch-plans/bills 'limit' corrupts meta,,,,,,,,,,,,,GET /dispatch-plans/bills/,meta is recomputed on the capped set. Never sample with limit and quote meta.
TRAP,ALL,,/gate-core/sales-dispatch/lock/ is a GET with a side effect,,,,,,,,,,,,,-,NOT CALLED. Suspected get_or_create; three singleton rows with three created_at values.
TRAP,ALL,,one truck carries many bills,,,,,,,,,,,,,GET /gate-core/sales-dispatch/,"1,329 dispatch records carry 2,489 bills; the biggest single dispatch carried 41. Counting trucks is not counting bills."
TRAP,ALL,,app litres are not SAP litres,,,,,,,,,,,,,GET /dispatch-plans/bills/ vs hana-sql,"The app's total_litres on a GD rate-difference bill read 276,295 L for a Rs15.6 L invoice (Rs5.6/L). Take litres from SAP lines, not from the bill row."
SUMMARY,JIVO_OIL,2026-08-30,C-0054-headline,,,,BH-BT+BH-PF,,,43,open bills,85917,,,,derived,"Today 664,341 L sit on Oil's books at BH-BT+BH-PF and a further 85917 L are invoiced-out but have no gate-out. Physical = 750,258 L against the 827,000 L working ceiling = 90.7% full, 76,742 L free - not the 162,659 L the OnHand-only figure claims. Overstatement today = 53%."
SUMMARY,ALL,,dispatch-records-90d,,,,,,,1329,truck-dispatches,,,,,GET /gate-core/sales-dispatch/?from_date&to_date&all_companies=1&page=,"2026-06-01..2026-08-30, all three companies, carrying 2,489 bills"
SUMMARY,ALL,,bills-90d,,,,,,,5992,SAP invoices,,,,,GET /dispatch-plans/bills/?date_from&date_to&all_companies=1,"Oil 1,729 / Mart 3,022 / Beverages 1,241"
CAPACITY_RESTATED,JIVO_OIL,2026-08-30,on the books now (OITW.OnHand),,,,BH-BT+BH-PF,,,,,664341,,,,"hana-sql JIVO_OIL_HANADB OITW+OITM (ItmsGrpCod=102), litres via engine/plan_units","VERIFIED live 2026-08-30: BH-BT 414,078 L + BH-PF 250,263 L"
CAPACITY_RESTATED,JIVO_OIL,2026-08-30,"+ invoiced, no gate-out yet (external)",,,,BH-BT+BH-PF,,,,,85917,,,,hana-sql JIVO_OIL_HANADB OINV/INV1/OINM + GET /gate-core/sales-dispatch/?from_date&to_date&all_companies=1&page=,"VERIFIED: 43 open bills, oldest 12 days. This is C-0054's missing term."
CAPACITY_RESTATED,JIVO_OIL,2026-08-30,= physically present (Oil),,,,BH-BT+BH-PF,,,,,750258,,,,"hana-sql JIVO_OIL_HANADB OITW+OITM (ItmsGrpCod=102), litres via engine/plan_units + derived","90.7% of the 827,000 L working ceiling"
CAPACITY_RESTATED,JIVO_OIL,2026-08-30,"free space, OnHand only (the WRONG figure)",,,,BH-BT+BH-PF,,,,,162659,,,,"hana-sql JIVO_OIL_HANADB OITW+OITM (ItmsGrpCod=102), litres via engine/plan_units","827,000 - 664,341. This is the number C-0054 says is too optimistic."
CAPACITY_RESTATED,JIVO_OIL,2026-08-30,"free space, corrected",,,,BH-BT+BH-PF,,,,,76742,,,,derived,"827,000 - 664,341 - 85917. The OnHand-only figure (162,659 L) is 2.1x this. C-0054 is worth 85917 L of godown at Bhakharpur today."
CAPACITY_RESTATED,JIVO_OIL,2026-08-30,free space on an average August day,,,,BH-BT+BH-PF,,,,,38204,,,,derived,using the mean August pile of 124455 L
CAPACITY_RESTATED,JIVO_OIL,2026-08-30,free space if Mart's Bhakharpur FG shares the same floor (INFERRED),,,,BH-BT+BH-PF,,,,,7440,,,,derived,"NOT a finding - it depends on an answer only Daman has. If BH-FGM/BH-JM/BH-GR/BH-INT stand on pallet positions the 827 T sheet already counts, Bhakharpur is 99.1% full."
CAPACITY_RESTATED,JIVO_OIL,2026-08-30,+ Mart FG parked in Bhakharpur (INFERRED),,,,BH-BT+BH-PF,,,,,69302,,,,hana-sql JIVO_MART_HANADB OITW,"BH-INT 36,155 + BH-GR 17,427 + BH-JM 13,350 + BH-FGM 2,250 + BH-FG 120. Mart's books, Oil's building. Whether it stands on the same pallet positions the 827 T sheet counts is UNKNOWN - a question for Daman."
