date,warehouse,sap_onhand_l,invoiced_not_dispatched_l,at_gate_l,physical_l,ceiling_l,free_l,pct_full,invoiced_not_dispatched_intercompany_l,physical_incl_intercompany_l,stale_open_bills_l,basis
2024-09-30,BH-PF,41355,0,0,41355,377000,335645,11.0,0,41355,0,SAP OnHand ONLY — no physical dispatch record exists this far back
2024-09-30,OIL-FG-TOTAL (BH-BT+BH-PF),41355,0,0,41355,377000,335645,11.0,0,41355,0,SAP OnHand ONLY — no physical dispatch record exists this far back
2024-09-30,GP-FG (overflow / secondary),0,,0,0,,,,,0,,SAP OnHand only — no ceiling on file for this godown; no dispatch-lag correction applied
2024-09-30,BH-FG (overflow / secondary),257542,,0,257542,,,,,257542,,SAP OnHand only — no ceiling on file for this godown; no dispatch-lag correction applied
2024-09-30,BH-SC (overflow / secondary),501,,0,501,,,,,501,,SAP OnHand only — no ceiling on file for this godown; no dispatch-lag correction applied
2024-10-01,BH-PF,41355,0,0,41355,377000,335645,11.0,0,41355,0,SAP OnHand ONLY — no physical dispatch record exists this far back
2024-10-01,OIL-FG-TOTAL (BH-BT+BH-PF),41355,0,0,41355,377000,335645,11.0,0,41355,0,SAP OnHand ONLY — no physical dispatch record exists this far back
2024-10-01,GP-FG (overflow / secondary),0,,0,0,,,,,0,,SAP OnHand only — no ceiling on file for this godown; no dispatch-lag correction applied
2024-10-01,BH-FG (overflow / secondary),257547,,0,257547,,,,,257547,,SAP OnHand only — no ceiling on file for this godown; no dispatch-lag correction applied
2024-10-01,BH-SC (overflow / secondary),501,,0,501,,,,,501,,SAP OnHand only — no ceiling on file for this godown; no dispatch-lag correction applied
2024-10-02,BH-PF,41355,0,0,41355,377000,335645,11.0,0,41355,0,SAP OnHand ONLY — no physical dispatch record exists this far back
2024-10-02,OIL-FG-TOTAL (BH-BT+BH-PF),41355,0,0,41355,377000,335645,11.0,0,41355,0,SAP OnHand ONLY — no physical dispatch record exists this far back
2024-10-02,GP-FG (overflow / secondary),0,,0,0,,,,,0,,SAP OnHand only — no ceiling on file for this godown; no dispatch-lag correction applied
2024-10-02,BH-FG (overflow / secondary),257547,,0,257547,,,,,257547,,SAP OnHand only — no ceiling on file for this godown; no dispatch-lag correction applied
2024-10-02,BH-SC (overflow / secondary),501,,0,501,,,,,501,,SAP OnHand only — no ceiling on file for this godown; no dispatch-lag correction applied
2024-10-03,BH-PF,41355,0,0,41355,377000,335645,11.0,0,41355,0,SAP OnHand ONLY — no physical dispatch record exists this far back
2024-10-03,OIL-FG-TOTAL (BH-BT+BH-PF),41355,0,0,41355,377000,335645,11.0,0,41355,0,SAP OnHand ONLY — no physical dispatch record exists this far back
2024-10-03,GP-FG (overflow / secondary),0,,0,0,,,,,0,,SAP OnHand only — no ceiling on file for this godown; no dispatch-lag correction applied
2024-10-03,BH-FG (overflow / secondary),233293,,0,233293,,,,,233293,,SAP OnHand only — no ceiling on file for this godown; no dispatch-lag correction applied
2024-10-03,BH-SC (overflow / secondary),501,,0,501,,,,,501,,SAP OnHand only — no ceiling on file for this godown; no dispatch-lag correction applied
2024-10-04,BH-PF,78825,0,0,78825,377000,298175,20.9,0,78825,0,SAP OnHand ONLY — no physical dispatch record exists this far back
2024-10-04,OIL-FG-TOTAL (BH-BT+BH-PF),78825,0,0,78825,377000,298175,20.9,0,78825,0,SAP OnHand ONLY — no physical dispatch record exists this far back
2024-10-04,GP-FG (overflow / secondary),0,,0,0,,,,,0,,SAP OnHand only — no ceiling on file for this godown; no dispatch-lag correction applied
2024-10-04,BH-FG (overflow / secondary),217643,,0,217643,,,,,217643,,SAP OnHand only — no ceiling on file for this godown; no dispatch-lag correction applied
2024-10-04,BH-SC (overflow / secondary),501,,0,501,,,,,501,,SAP OnHand only — no ceiling on file for this godown; no dispatch-lag correction applied
2024-10-05,BH-PF,49166,0,0,49166,377000,327834,13.0,0,49166,0,SAP OnHand ONLY — no physical dispatch record exists this far back
2024-10-05,OIL-FG-TOTAL (BH-BT+BH-PF),49166,0,0,49166,377000,327834,13.0,0,49166,0,SAP OnHand ONLY — no physical dispatch record exists this far back
2024-10-05,GP-FG (overflow / secondary),0,,0,0,,,,,0,,SAP OnHand only — no ceiling on file for this godown; no dispatch-lag correction applied
2024-10-05,BH-FG (overflow / secondary),215273,,0,215273,,,,,215273,,SAP OnHand only — no ceiling on file for this godown; no dispatch-lag correction applied
2024-10-05,BH-SC (overflow / secondary),501,,0,501,,,,,501,,SAP OnHand only — no ceiling on file for this godown; no dispatch-lag correction applied
2024-10-06,BH-PF,49166,0,0,49166,377000,327834,13.0,0,49166,0,SAP OnHand ONLY — no physical dispatch record exists this far back
2024-10-06,OIL-FG-TOTAL (BH-BT+BH-PF),49166,0,0,49166,377000,327834,13.0,0,49166,0,SAP OnHand ONLY — no physical dispatch record exists this far back
2024-10-06,GP-FG (overflow / secondary),0,,0,0,,,,,0,,SAP OnHand only — no ceiling on file for this godown; no dispatch-lag correction applied
2024-10-06,BH-FG (overflow / secondary),215273,,0,215273,,,,,215273,,SAP OnHand only — no ceiling on file for this godown; no dispatch-lag correction applied
2024-10-06,BH-SC (overflow / secondary),501,,0,501,,,,,501,,SAP OnHand only — no ceiling on file for this godown; no dispatch-lag correction applied
2024-10-07,BH-PF,101354,0,0,101354,377000,275646,26.9,0,101354,0,SAP OnHand ONLY — no physical dispatch record exists this far back
2024-10-07,OIL-FG-TOTAL (BH-BT+BH-PF),101354,0,0,101354,377000,275646,26.9,0,101354,0,SAP OnHand ONLY — no physical dispatch record exists this far back
2024-10-07,GP-FG (overflow / secondary),0,,0,0,,,,,0,,SAP OnHand only — no ceiling on file for this godown; no dispatch-lag correction applied
2024-10-07,BH-FG (overflow / secondary),197909,,0,197909,,,,,197909,,SAP OnHand only — no ceiling on file for this godown; no dispatch-lag correction applied
2024-10-07,BH-SC (overflow / secondary),501,,0,501,,,,,501,,SAP OnHand only — no ceiling on file for this godown; no dispatch-lag correction applied
2024-10-08,BH-PF,159125,0,0,159125,377000,217875,42.2,0,159125,0,SAP OnHand ONLY — no physical dispatch record exists this far back
2024-10-08,OIL-FG-TOTAL (BH-BT+BH-PF),159125,0,0,159125,377000,217875,42.2,0,159125,0,SAP OnHand ONLY — no physical dispatch record exists this far back
2024-10-08,GP-FG (overflow / secondary),0,,0,0,,,,,0,,SAP OnHand only — no ceiling on file for this godown; no dispatch-lag correction applied
2024-10-08,BH-FG (overflow / secondary),235990,,0,235990,,,,,235990,,SAP OnHand only — no ceiling on file for this godown; no dispatch-lag correction applied
2024-10-08,BH-SC (overflow / secondary),501,,0,501,,,,,501,,SAP OnHand only — no ceiling on file for this godown; no dispatch-lag correction applied
2024-10-09,BH-PF,52752,0,0,52752,377000,324248,14.0,0,52752,0,SAP OnHand ONLY — no physical dispatch record exists this far back
2024-10-09,OIL-FG-TOTAL (BH-BT+BH-PF),52752,0,0,52752,377000,324248,14.0,0,52752,0,SAP OnHand ONLY — no physical dispatch record exists this far back
2024-10-09,GP-FG (overflow / secondary),0,,0,0,,,,,0,,SAP OnHand only — no ceiling on file for this godown; no dispatch-lag correction applied
2024-10-09,BH-FG (overflow / secondary),273539,,0,273539,,,,,273539,,SAP OnHand only — no ceiling on file for this godown; no dispatch-lag correction applied
2024-10-09,BH-SC (overflow / secondary),501,,0,501,,,,,501,,SAP OnHand only — no ceiling on file for this godown; no dispatch-lag correction applied
2024-10-10,BH-PF,135019,0,0,135019,377000,241981,35.8,0,135019,0,SAP OnHand ONLY — no physical dispatch record exists this far back
2024-10-10,OIL-FG-TOTAL (BH-BT+BH-PF),135019,0,0,135019,377000,241981,35.8,0,135019,0,SAP OnHand ONLY — no physical dispatch record exists this far back
2024-10-10,GP-FG (overflow / secondary),0,,0,0,,,,,0,,SAP OnHand only — no ceiling on file for this godown; no dispatch-lag correction applied
2024-10-10,BH-FG (overflow / secondary),263449,,0,263449,,,,,263449,,SAP OnHand only — no ceiling on file for this godown; no dispatch-lag correction applied
2024-10-10,BH-SC (overflow / secondary),501,,0,501,,,,,501,,SAP OnHand only — no ceiling on file for this godown; no dispatch-lag correction applied
2024-10-11,BH-PF,99029,0,0,99029,377000,277971,26.3,0,99029,0,SAP OnHand ONLY — no physical dispatch record exists this far back
2024-10-11,OIL-FG-TOTAL (BH-BT+BH-PF),99029,0,0,99029,377000,277971,26.3,0,99029,0,SAP OnHand ONLY — no physical dispatch record exists this far back
2024-10-11,GP-FG (overflow / secondary),0,,0,0,,,,,0,,SAP OnHand only — no ceiling on file for this godown; no dispatch-lag correction applied
2024-10-11,BH-FG (overflow / secondary),321972,,0,321972,,,,,321972,,SAP OnHand only — no ceiling on file for this godown; no dispatch-lag correction applied
2024-10-11,BH-SC (overflow / secondary),501,,0,501,,,,,501,,SAP OnHand only — no ceiling on file for this godown; no dispatch-lag correction applied
2024-10-12,BH-PF,130749,0,0,130749,377000,246251,34.7,0,130749,0,SAP OnHand ONLY — no physical dispatch record exists this far back
2024-10-12,OIL-FG-TOTAL (BH-BT+BH-PF),130749,0,0,130749,377000,246251,34.7,0,130749,0,SAP OnHand ONLY — no physical dispatch record exists this far back
2024-10-12,GP-FG (overflow / secondary),0,,0,0,,,,,0,,SAP OnHand only — no ceiling on file for this godown; no dispatch-lag correction applied
2024-10-12,BH-FG (overflow / secondary),321950,,0,321950,,,,,321950,,SAP OnHand only — no ceiling on file for this godown; no dispatch-lag correction applied
2024-10-12,BH-SC (overflow / secondary),501,,0,501,,,,,501,,SAP OnHand only — no ceiling on file for this godown; no dispatch-lag correction applied
2024-10-13,BH-PF,130749,0,0,130749,377000,246251,34.7,0,130749,0,SAP OnHand ONLY — no physical dispatch record exists this far back
2024-10-13,OIL-FG-TOTAL (BH-BT+BH-PF),130749,0,0,130749,377000,246251,34.7,0,130749,0,SAP OnHand ONLY — no physical dispatch record exists this far back
2024-10-13,GP-FG (overflow / secondary),0,,0,0,,,,,0,,SAP OnHand only — no ceiling on file for this godown; no dispatch-lag correction applied
2024-10-13,BH-FG (overflow / secondary),321950,,0,321950,,,,,321950,,SAP OnHand only — no ceiling on file for this godown; no dispatch-lag correction applied
2024-10-13,BH-SC (overflow / secondary),501,,0,501,,,,,501,,SAP OnHand only — no ceiling on file for this godown; no dispatch-lag correction applied
2024-10-14,BH-PF,172840,0,0,172840,377000,204160,45.8,0,172840,0,SAP OnHand ONLY — no physical dispatch record exists this far back
2024-10-14,OIL-FG-TOTAL (BH-BT+BH-PF),172840,0,0,172840,377000,204160,45.8,0,172840,0,SAP OnHand ONLY — no physical dispatch record exists this far back
2024-10-14,GP-FG (overflow / secondary),0,,0,0,,,,,0,,SAP OnHand only — no ceiling on file for this godown; no dispatch-lag correction applied
2024-10-14,BH-FG (overflow / secondary),338759,,0,338759,,,,,338759,,SAP OnHand only — no ceiling on file for this godown; no dispatch-lag correction applied
2024-10-14,BH-SC (overflow / secondary),501,,0,501,,,,,501,,SAP OnHand only — no ceiling on file for this godown; no dispatch-lag correction applied
2024-10-15,BH-PF,175380,0,0,175380,377000,201620,46.5,0,175380,0,SAP OnHand ONLY — no physical dispatch record exists this far back
2024-10-15,OIL-FG-TOTAL (BH-BT+BH-PF),175380,0,0,175380,377000,201620,46.5,0,175380,0,SAP OnHand ONLY — no physical dispatch record exists this far back
2024-10-15,GP-FG (overflow / secondary),0,,0,0,,,,,0,,SAP OnHand only — no ceiling on file for this godown; no dispatch-lag correction applied
2024-10-15,BH-FG (overflow / secondary),389718,,0,389718,,,,,389718,,SAP OnHand only — no ceiling on file for this godown; no dispatch-lag correction applied
2024-10-15,BH-SC (overflow / secondary),501,,0,501,,,,,501,,SAP OnHand only — no ceiling on file for this godown; no dispatch-lag correction applied
2024-10-16,BH-PF,145746,0,0,145746,377000,231254,38.7,0,145746,0,SAP OnHand ONLY — no physical dispatch record exists this far back
2024-10-16,OIL-FG-TOTAL (BH-BT+BH-PF),145746,0,0,145746,377000,231254,38.7,0,145746,0,SAP OnHand ONLY — no physical dispatch record exists this far back
2024-10-16,GP-FG (overflow / secondary),0,,0,0,,,,,0,,SAP OnHand only — no ceiling on file for this godown; no dispatch-lag correction applied
2024-10-16,BH-FG (overflow / secondary),353935,,0,353935,,,,,353935,,SAP OnHand only — no ceiling on file for this godown; no dispatch-lag correction applied
2024-10-16,BH-SC (overflow / secondary),501,,0,501,,,,,501,,SAP OnHand only — no ceiling on file for this godown; no dispatch-lag correction applied
2024-10-17,BH-PF,142309,0,0,142309,377000,234691,37.7,0,142309,0,SAP OnHand ONLY — no physical dispatch record exists this far back
2024-10-17,OIL-FG-TOTAL (BH-BT+BH-PF),142309,0,0,142309,377000,234691,37.7,0,142309,0,SAP OnHand ONLY — no physical dispatch record exists this far back
2024-10-17,GP-FG (overflow / secondary),0,,0,0,,,,,0,,SAP OnHand only — no ceiling on file for this godown; no dispatch-lag correction applied
2024-10-17,BH-FG (overflow / secondary),335617,,0,335617,,,,,335617,,SAP OnHand only — no ceiling on file for this godown; no dispatch-lag correction applied
2024-10-17,BH-SC (overflow / secondary),501,,0,501,,,,,501,,SAP OnHand only — no ceiling on file for this godown; no dispatch-lag correction applied
2024-10-18,BH-PF,179829,0,0,179829,377000,197171,47.7,0,179829,0,SAP OnHand ONLY — no physical dispatch record exists this far back
2024-10-18,OIL-FG-TOTAL (BH-BT+BH-PF),179829,0,0,179829,377000,197171,47.7,0,179829,0,SAP OnHand ONLY — no physical dispatch record exists this far back
2024-10-18,GP-FG (overflow / secondary),0,,0,0,,,,,0,,SAP OnHand only — no ceiling on file for this godown; no dispatch-lag correction applied
2024-10-18,BH-FG (overflow / secondary),333176,,0,333176,,,,,333176,,SAP OnHand only — no ceiling on file for this godown; no dispatch-lag correction applied
2024-10-18,BH-SC (overflow / secondary),501,,0,501,,,,,501,,SAP OnHand only — no ceiling on file for this godown; no dispatch-lag correction applied
2024-10-19,BH-PF,106100,0,0,106100,377000,270900,28.1,0,106100,0,SAP OnHand ONLY — no physical dispatch record exists this far back
2024-10-19,OIL-FG-TOTAL (BH-BT+BH-PF),106100,0,0,106100,377000,270900,28.1,0,106100,0,SAP OnHand ONLY — no physical dispatch record exists this far back
2024-10-19,GP-FG (overflow / secondary),0,,0,0,,,,,0,,SAP OnHand only — no ceiling on file for this godown; no dispatch-lag correction applied
2024-10-19,BH-FG (overflow / secondary),319368,,0,319368,,,,,319368,,SAP OnHand only — no ceiling on file for this godown; no dispatch-lag correction applied
2024-10-19,BH-SC (overflow / secondary),501,,0,501,,,,,501,,SAP OnHand only — no ceiling on file for this godown; no dispatch-lag correction applied
2024-10-20,BH-PF,132036,0,0,132036,377000,244964,35.0,0,132036,0,SAP OnHand ONLY — no physical dispatch record exists this far back
2024-10-20,OIL-FG-TOTAL (BH-BT+BH-PF),132036,0,0,132036,377000,244964,35.0,0,132036,0,SAP OnHand ONLY — no physical dispatch record exists this far back
2024-10-20,GP-FG (overflow / secondary),0,,0,0,,,,,0,,SAP OnHand only — no ceiling on file for this godown; no dispatch-lag correction applied
2024-10-20,BH-FG (overflow / secondary),319368,,0,319368,,,,,319368,,SAP OnHand only — no ceiling on file for this godown; no dispatch-lag correction applied
2024-10-20,BH-SC (overflow / secondary),501,,0,501,,,,,501,,SAP OnHand only — no ceiling on file for this godown; no dispatch-lag correction applied
2024-10-21,BH-PF,143105,0,0,143105,377000,233895,38.0,0,143105,0,SAP OnHand ONLY — no physical dispatch record exists this far back
2024-10-21,OIL-FG-TOTAL (BH-BT+BH-PF),143105,0,0,143105,377000,233895,38.0,0,143105,0,SAP OnHand ONLY — no physical dispatch record exists this far back
2024-10-21,GP-FG (overflow / secondary),0,,0,0,,,,,0,,SAP OnHand only — no ceiling on file for this godown; no dispatch-lag correction applied
2024-10-21,BH-FG (overflow / secondary),289635,,0,289635,,,,,289635,,SAP OnHand only — no ceiling on file for this godown; no dispatch-lag correction applied
2024-10-21,BH-SC (overflow / secondary),501,,0,501,,,,,501,,SAP OnHand only — no ceiling on file for this godown; no dispatch-lag correction applied
2024-10-22,BH-PF,122075,0,0,122075,377000,254925,32.4,0,122075,0,SAP OnHand ONLY — no physical dispatch record exists this far back
2024-10-22,OIL-FG-TOTAL (BH-BT+BH-PF),122075,0,0,122075,377000,254925,32.4,0,122075,0,SAP OnHand ONLY — no physical dispatch record exists this far back
2024-10-22,GP-FG (overflow / secondary),0,,0,0,,,,,0,,SAP OnHand only — no ceiling on file for this godown; no dispatch-lag correction applied
2024-10-22,BH-FG (overflow / secondary),303954,,0,303954,,,,,303954,,SAP OnHand only — no ceiling on file for this godown; no dispatch-lag correction applied
2024-10-22,BH-SC (overflow / secondary),501,,0,501,,,,,501,,SAP OnHand only — no ceiling on file for this godown; no dispatch-lag correction applied
2024-10-23,BH-PF,99813,0,0,99813,377000,277187,26.5,0,99813,0,SAP OnHand ONLY — no physical dispatch record exists this far back
2024-10-23,OIL-FG-TOTAL (BH-BT+BH-PF),99813,0,0,99813,377000,277187,26.5,0,99813,0,SAP OnHand ONLY — no physical dispatch record exists this far back
2024-10-23,GP-FG (overflow / secondary),0,,0,0,,,,,0,,SAP OnHand only — no ceiling on file for this godown; no dispatch-lag correction applied
2024-10-23,BH-FG (overflow / secondary),275845,,0,275845,,,,,275845,,SAP OnHand only — no ceiling on file for this godown; no dispatch-lag correction applied
2024-10-23,BH-SC (overflow / secondary),501,,0,501,,,,,501,,SAP OnHand only — no ceiling on file for this godown; no dispatch-lag correction applied
2024-10-24,BH-PF,97914,0,0,97914,377000,279086,26.0,0,97914,0,SAP OnHand ONLY — no physical dispatch record exists this far back
2024-10-24,OIL-FG-TOTAL (BH-BT+BH-PF),97914,0,0,97914,377000,279086,26.0,0,97914,0,SAP OnHand ONLY — no physical dispatch record exists this far back
2024-10-24,GP-FG (overflow / secondary),0,,0,0,,,,,0,,SAP OnHand only — no ceiling on file for this godown; no dispatch-lag correction applied
2024-10-24,BH-FG (overflow / secondary),323174,,0,323174,,,,,323174,,SAP OnHand only — no ceiling on file for this godown; no dispatch-lag correction applied
2024-10-24,BH-SC (overflow / secondary),501,,0,501,,,,,501,,SAP OnHand only — no ceiling on file for this godown; no dispatch-lag correction applied
2024-10-25,BH-PF,149064,0,0,149064,377000,227936,39.5,0,149064,0,SAP OnHand ONLY — no physical dispatch record exists this far back
2024-10-25,OIL-FG-TOTAL (BH-BT+BH-PF),149064,0,0,149064,377000,227936,39.5,0,149064,0,SAP OnHand ONLY — no physical dispatch record exists this far back
2024-10-25,GP-FG (overflow / secondary),0,,0,0,,,,,0,,SAP OnHand only — no ceiling on file for this godown; no dispatch-lag correction applied
2024-10-25,BH-FG (overflow / secondary),296609,,0,296609,,,,,296609,,SAP OnHand only — no ceiling on file for this godown; no dispatch-lag correction applied
2024-10-25,BH-SC (overflow / secondary),501,,0,501,,,,,501,,SAP OnHand only — no ceiling on file for this godown; no dispatch-lag correction applied
2024-10-26,BH-PF,83231,0,0,83231,377000,293769,22.1,0,83231,0,SAP OnHand ONLY — no physical dispatch record exists this far back
2024-10-26,OIL-FG-TOTAL (BH-BT+BH-PF),83231,0,0,83231,377000,293769,22.1,0,83231,0,SAP OnHand ONLY — no physical dispatch record exists this far back
2024-10-26,GP-FG (overflow / secondary),0,,0,0,,,,,0,,SAP OnHand only — no ceiling on file for this godown; no dispatch-lag correction applied
2024-10-26,BH-FG (overflow / secondary),280456,,0,280456,,,,,280456,,SAP OnHand only — no ceiling on file for this godown; no dispatch-lag correction applied
2024-10-26,BH-SC (overflow / secondary),501,,0,501,,,,,501,,SAP OnHand only — no ceiling on file for this godown; no dispatch-lag correction applied
2024-10-27,BH-PF,83231,0,0,83231,377000,293769,22.1,0,83231,0,SAP OnHand ONLY — no physical dispatch record exists this far back
2024-10-27,OIL-FG-TOTAL (BH-BT+BH-PF),83231,0,0,83231,377000,293769,22.1,0,83231,0,SAP OnHand ONLY — no physical dispatch record exists this far back
2024-10-27,GP-FG (overflow / secondary),0,,0,0,,,,,0,,SAP OnHand only — no ceiling on file for this godown; no dispatch-lag correction applied
2024-10-27,BH-FG (overflow / secondary),280456,,0,280456,,,,,280456,,SAP OnHand only — no ceiling on file for this godown; no dispatch-lag correction applied
2024-10-27,BH-SC (overflow / secondary),501,,0,501,,,,,501,,SAP OnHand only — no ceiling on file for this godown; no dispatch-lag correction applied
2024-10-28,BH-PF,114646,0,0,114646,377000,262354,30.4,0,114646,0,SAP OnHand ONLY — no physical dispatch record exists this far back
2024-10-28,OIL-FG-TOTAL (BH-BT+BH-PF),114646,0,0,114646,377000,262354,30.4,0,114646,0,SAP OnHand ONLY — no physical dispatch record exists this far back
2024-10-28,GP-FG (overflow / secondary),0,,0,0,,,,,0,,SAP OnHand only — no ceiling on file for this godown; no dispatch-lag correction applied
2024-10-28,BH-FG (overflow / secondary),261461,,0,261461,,,,,261461,,SAP OnHand only — no ceiling on file for this godown; no dispatch-lag correction applied
2024-10-28,BH-SC (overflow / secondary),501,,0,501,,,,,501,,SAP OnHand only — no ceiling on file for this godown; no dispatch-lag correction applied
2024-10-29,BH-PF,92246,0,0,92246,377000,284754,24.5,0,92246,0,SAP OnHand ONLY — no physical dispatch record exists this far back
2024-10-29,OIL-FG-TOTAL (BH-BT+BH-PF),92246,0,0,92246,377000,284754,24.5,0,92246,0,SAP OnHand ONLY — no physical dispatch record exists this far back
2024-10-29,GP-FG (overflow / secondary),0,,0,0,,,,,0,,SAP OnHand only — no ceiling on file for this godown; no dispatch-lag correction applied
2024-10-29,BH-FG (overflow / secondary),289212,,0,289212,,,,,289212,,SAP OnHand only — no ceiling on file for this godown; no dispatch-lag correction applied
2024-10-29,BH-SC (overflow / secondary),501,,0,501,,,,,501,,SAP OnHand only — no ceiling on file for this godown; no dispatch-lag correction applied
2024-10-30,BH-PF,50586,0,0,50586,377000,326414,13.4,0,50586,0,SAP OnHand ONLY — no physical dispatch record exists this far back
2024-10-30,OIL-FG-TOTAL (BH-BT+BH-PF),50586,0,0,50586,377000,326414,13.4,0,50586,0,SAP OnHand ONLY — no physical dispatch record exists this far back
2024-10-30,GP-FG (overflow / secondary),0,,0,0,,,,,0,,SAP OnHand only — no ceiling on file for this godown; no dispatch-lag correction applied
2024-10-30,BH-FG (overflow / secondary),461891,,0,461891,,,,,461891,,SAP OnHand only — no ceiling on file for this godown; no dispatch-lag correction applied
2024-10-30,BH-SC (overflow / secondary),501,,0,501,,,,,501,,SAP OnHand only — no ceiling on file for this godown; no dispatch-lag correction applied
2024-10-31,BH-PF,43955,0,0,43955,377000,333045,11.7,0,43955,0,SAP OnHand ONLY — no physical dispatch record exists this far back
2024-10-31,OIL-FG-TOTAL (BH-BT+BH-PF),43955,0,0,43955,377000,333045,11.7,0,43955,0,SAP OnHand ONLY — no physical dispatch record exists this far back
2024-10-31,GP-FG (overflow / secondary),0,,0,0,,,,,0,,SAP OnHand only — no ceiling on file for this godown; no dispatch-lag correction applied
2024-10-31,BH-FG (overflow / secondary),447481,,0,447481,,,,,447481,,SAP OnHand only — no ceiling on file for this godown; no dispatch-lag correction applied
2024-10-31,BH-SC (overflow / secondary),501,,0,501,,,,,501,,SAP OnHand only — no ceiling on file for this godown; no dispatch-lag correction applied
2024-11-01,BH-PF,43955,0,0,43955,377000,333045,11.7,0,43955,0,SAP OnHand ONLY — no physical dispatch record exists this far back
2024-11-01,OIL-FG-TOTAL (BH-BT+BH-PF),43955,0,0,43955,377000,333045,11.7,0,43955,0,SAP OnHand ONLY — no physical dispatch record exists this far back
2024-11-01,GP-FG (overflow / secondary),0,,0,0,,,,,0,,SAP OnHand only — no ceiling on file for this godown; no dispatch-lag correction applied
2024-11-01,BH-FG (overflow / secondary),447481,,0,447481,,,,,447481,,SAP OnHand only — no ceiling on file for this godown; no dispatch-lag correction applied
2024-11-01,BH-SC (overflow / secondary),501,,0,501,,,,,501,,SAP OnHand only — no ceiling on file for this godown; no dispatch-lag correction applied
2024-11-02,BH-PF,43955,0,0,43955,377000,333045,11.7,0,43955,0,SAP OnHand ONLY — no physical dispatch record exists this far back
2024-11-02,OIL-FG-TOTAL (BH-BT+BH-PF),43955,0,0,43955,377000,333045,11.7,0,43955,0,SAP OnHand ONLY — no physical dispatch record exists this far back
2024-11-02,GP-FG (overflow / secondary),0,,0,0,,,,,0,,SAP OnHand only — no ceiling on file for this godown; no dispatch-lag correction applied
2024-11-02,BH-FG (overflow / secondary),445260,,0,445260,,,,,445260,,SAP OnHand only — no ceiling on file for this godown; no dispatch-lag correction applied
2024-11-02,BH-SC (overflow / secondary),501,,0,501,,,,,501,,SAP OnHand only — no ceiling on file for this godown; no dispatch-lag correction applied
2024-11-03,BH-PF,43955,0,0,43955,377000,333045,11.7,0,43955,0,SAP OnHand ONLY — no physical dispatch record exists this far back
2024-11-03,OIL-FG-TOTAL (BH-BT+BH-PF),43955,0,0,43955,377000,333045,11.7,0,43955,0,SAP OnHand ONLY — no physical dispatch record exists this far back
2024-11-03,GP-FG (overflow / secondary),0,,0,0,,,,,0,,SAP OnHand only — no ceiling on file for this godown; no dispatch-lag correction applied
2024-11-03,BH-FG (overflow / secondary),445260,,0,445260,,,,,445260,,SAP OnHand only — no ceiling on file for this godown; no dispatch-lag correction applied
2024-11-03,BH-SC (overflow / secondary),501,,0,501,,,,,501,,SAP OnHand only — no ceiling on file for this godown; no dispatch-lag correction applied
2024-11-04,BH-PF,43955,0,0,43955,377000,333045,11.7,0,43955,0,SAP OnHand ONLY — no physical dispatch record exists this far back
2024-11-04,OIL-FG-TOTAL (BH-BT+BH-PF),43955,0,0,43955,377000,333045,11.7,0,43955,0,SAP OnHand ONLY — no physical dispatch record exists this far back
2024-11-04,GP-FG (overflow / secondary),0,,0,0,,,,,0,,SAP OnHand only — no ceiling on file for this godown; no dispatch-lag correction applied
2024-11-04,BH-FG (overflow / secondary),440563,,0,440563,,,,,440563,,SAP OnHand only — no ceiling on file for this godown; no dispatch-lag correction applied
2024-11-04,BH-SC (overflow / secondary),501,,0,501,,,,,501,,SAP OnHand only — no ceiling on file for this godown; no dispatch-lag correction applied
2024-11-05,BH-PF,43955,0,0,43955,377000,333045,11.7,0,43955,0,SAP OnHand ONLY — no physical dispatch record exists this far back
2024-11-05,OIL-FG-TOTAL (BH-BT+BH-PF),43955,0,0,43955,377000,333045,11.7,0,43955,0,SAP OnHand ONLY — no physical dispatch record exists this far back
2024-11-05,GP-FG (overflow / secondary),0,,0,0,,,,,0,,SAP OnHand only — no ceiling on file for this godown; no dispatch-lag correction applied
2024-11-05,BH-FG (overflow / secondary),443359,,0,443359,,,,,443359,,SAP OnHand only — no ceiling on file for this godown; no dispatch-lag correction applied
2024-11-05,BH-SC (overflow / secondary),501,,0,501,,,,,501,,SAP OnHand only — no ceiling on file for this godown; no dispatch-lag correction applied
2024-11-06,BH-PF,43955,0,0,43955,377000,333045,11.7,0,43955,0,SAP OnHand ONLY — no physical dispatch record exists this far back
2024-11-06,OIL-FG-TOTAL (BH-BT+BH-PF),43955,0,0,43955,377000,333045,11.7,0,43955,0,SAP OnHand ONLY — no physical dispatch record exists this far back
2024-11-06,GP-FG (overflow / secondary),0,,0,0,,,,,0,,SAP OnHand only — no ceiling on file for this godown; no dispatch-lag correction applied
2024-11-06,BH-FG (overflow / secondary),435248,,0,435248,,,,,435248,,SAP OnHand only — no ceiling on file for this godown; no dispatch-lag correction applied
2024-11-06,BH-SC (overflow / secondary),501,,0,501,,,,,501,,SAP OnHand only — no ceiling on file for this godown; no dispatch-lag correction applied
2024-11-07,BH-PF,64111,0,0,64111,377000,312889,17.0,0,64111,0,SAP OnHand ONLY — no physical dispatch record exists this far back
2024-11-07,OIL-FG-TOTAL (BH-BT+BH-PF),64111,0,0,64111,377000,312889,17.0,0,64111,0,SAP OnHand ONLY — no physical dispatch record exists this far back
2024-11-07,GP-FG (overflow / secondary),0,,0,0,,,,,0,,SAP OnHand only — no ceiling on file for this godown; no dispatch-lag correction applied
2024-11-07,BH-FG (overflow / secondary),418304,,0,418304,,,,,418304,,SAP OnHand only — no ceiling on file for this godown; no dispatch-lag correction applied
2024-11-07,BH-SC (overflow / secondary),501,,0,501,,,,,501,,SAP OnHand only — no ceiling on file for this godown; no dispatch-lag correction applied
2024-11-08,BH-PF,56968,0,0,56968,377000,320032,15.1,0,56968,0,SAP OnHand ONLY — no physical dispatch record exists this far back
2024-11-08,OIL-FG-TOTAL (BH-BT+BH-PF),56968,0,0,56968,377000,320032,15.1,0,56968,0,SAP OnHand ONLY — no physical dispatch record exists this far back
2024-11-08,GP-FG (overflow / secondary),0,,0,0,,,,,0,,SAP OnHand only — no ceiling on file for this godown; no dispatch-lag correction applied
2024-11-08,BH-FG (overflow / secondary),416979,,0,416979,,,,,416979,,SAP OnHand only — no ceiling on file for this godown; no dispatch-lag correction applied
2024-11-08,BH-SC (overflow / secondary),501,,0,501,,,,,501,,SAP OnHand only — no ceiling on file for this godown; no dispatch-lag correction applied
2024-11-09,BH-PF,56966,0,0,56966,377000,320034,15.1,0,56966,0,SAP OnHand ONLY — no physical dispatch record exists this far back
2024-11-09,OIL-FG-TOTAL (BH-BT+BH-PF),56966,0,0,56966,377000,320034,15.1,0,56966,0,SAP OnHand ONLY — no physical dispatch record exists this far back
2024-11-09,GP-FG (overflow / secondary),0,,0,0,,,,,0,,SAP OnHand only — no ceiling on file for this godown; no dispatch-lag correction applied
2024-11-09,BH-FG (overflow / secondary),409218,,0,409218,,,,,409218,,SAP OnHand only — no ceiling on file for this godown; no dispatch-lag correction applied
2024-11-09,BH-SC (overflow / secondary),501,,0,501,,,,,501,,SAP OnHand only — no ceiling on file for this godown; no dispatch-lag correction applied
2024-11-10,BH-PF,56966,0,0,56966,377000,320034,15.1,0,56966,0,SAP OnHand ONLY — no physical dispatch record exists this far back
2024-11-10,OIL-FG-TOTAL (BH-BT+BH-PF),56966,0,0,56966,377000,320034,15.1,0,56966,0,SAP OnHand ONLY — no physical dispatch record exists this far back
2024-11-10,GP-FG (overflow / secondary),0,,0,0,,,,,0,,SAP OnHand only — no ceiling on file for this godown; no dispatch-lag correction applied
2024-11-10,BH-FG (overflow / secondary),409218,,0,409218,,,,,409218,,SAP OnHand only — no ceiling on file for this godown; no dispatch-lag correction applied
2024-11-10,BH-SC (overflow / secondary),501,,0,501,,,,,501,,SAP OnHand only — no ceiling on file for this godown; no dispatch-lag correction applied
2024-11-11,BH-PF,45538,0,0,45538,377000,331462,12.1,0,45538,0,SAP OnHand ONLY — no physical dispatch record exists this far back
2024-11-11,OIL-FG-TOTAL (BH-BT+BH-PF),45538,0,0,45538,377000,331462,12.1,0,45538,0,SAP OnHand ONLY — no physical dispatch record exists this far back
2024-11-11,GP-FG (overflow / secondary),0,,0,0,,,,,0,,SAP OnHand only — no ceiling on file for this godown; no dispatch-lag correction applied
2024-11-11,BH-FG (overflow / secondary),407468,,0,407468,,,,,407468,,SAP OnHand only — no ceiling on file for this godown; no dispatch-lag correction applied
2024-11-11,BH-SC (overflow / secondary),501,,0,501,,,,,501,,SAP OnHand only — no ceiling on file for this godown; no dispatch-lag correction applied
2024-11-12,BH-PF,45538,0,0,45538,377000,331462,12.1,0,45538,0,SAP OnHand ONLY — no physical dispatch record exists this far back
2024-11-12,OIL-FG-TOTAL (BH-BT+BH-PF),45538,0,0,45538,377000,331462,12.1,0,45538,0,SAP OnHand ONLY — no physical dispatch record exists this far back
2024-11-12,GP-FG (overflow / secondary),0,,0,0,,,,,0,,SAP OnHand only — no ceiling on file for this godown; no dispatch-lag correction applied
2024-11-12,BH-FG (overflow / secondary),409196,,0,409196,,,,,409196,,SAP OnHand only — no ceiling on file for this godown; no dispatch-lag correction applied
2024-11-12,BH-SC (overflow / secondary),501,,0,501,,,,,501,,SAP OnHand only — no ceiling on file for this godown; no dispatch-lag correction applied
2024-11-13,BH-PF,50068,0,0,50068,377000,326932,13.3,0,50068,0,SAP OnHand ONLY — no physical dispatch record exists this far back
2024-11-13,OIL-FG-TOTAL (BH-BT+BH-PF),50068,0,0,50068,377000,326932,13.3,0,50068,0,SAP OnHand ONLY — no physical dispatch record exists this far back
2024-11-13,GP-FG (overflow / secondary),0,,0,0,,,,,0,,SAP OnHand only — no ceiling on file for this godown; no dispatch-lag correction applied
2024-11-13,BH-FG (overflow / secondary),377951,,0,377951,,,,,377951,,SAP OnHand only — no ceiling on file for this godown; no dispatch-lag correction applied
2024-11-13,BH-SC (overflow / secondary),501,,0,501,,,,,501,,SAP OnHand only — no ceiling on file for this godown; no dispatch-lag correction applied
2024-11-14,BH-PF,109624,0,0,109624,377000,267376,29.1,0,109624,0,SAP OnHand ONLY — no physical dispatch record exists this far back
2024-11-14,OIL-FG-TOTAL (BH-BT+BH-PF),109624,0,0,109624,377000,267376,29.1,0,109624,0,SAP OnHand ONLY — no physical dispatch record exists this far back
2024-11-14,GP-FG (overflow / secondary),0,,0,0,,,,,0,,SAP OnHand only — no ceiling on file for this godown; no dispatch-lag correction applied
2024-11-14,BH-FG (overflow / secondary),344835,,0,344835,,,,,344835,,SAP OnHand only — no ceiling on file for this godown; no dispatch-lag correction applied
2024-11-14,BH-SC (overflow / secondary),501,,0,501,,,,,501,,SAP OnHand only — no ceiling on file for this godown; no dispatch-lag correction applied
2024-11-15,BH-PF,126217,0,0,126217,377000,250783,33.5,0,126217,0,SAP OnHand ONLY — no physical dispatch record exists this far back
2024-11-15,OIL-FG-TOTAL (BH-BT+BH-PF),126217,0,0,126217,377000,250783,33.5,0,126217,0,SAP OnHand ONLY — no physical dispatch record exists this far back
2024-11-15,GP-FG (overflow / secondary),0,,0,0,,,,,0,,SAP OnHand only — no ceiling on file for this godown; no dispatch-lag correction applied
2024-11-15,BH-FG (overflow / secondary),329735,,0,329735,,,,,329735,,SAP OnHand only — no ceiling on file for this godown; no dispatch-lag correction applied
2024-11-15,BH-SC (overflow / secondary),501,,0,501,,,,,501,,SAP OnHand only — no ceiling on file for this godown; no dispatch-lag correction applied
2024-11-16,BH-PF,132201,0,0,132201,377000,244799,35.1,0,132201,0,SAP OnHand ONLY — no physical dispatch record exists this far back
2024-11-16,OIL-FG-TOTAL (BH-BT+BH-PF),132201,0,0,132201,377000,244799,35.1,0,132201,0,SAP OnHand ONLY — no physical dispatch record exists this far back
2024-11-16,GP-FG (overflow / secondary),0,,0,0,,,,,0,,SAP OnHand only — no ceiling on file for this godown; no dispatch-lag correction applied
2024-11-16,BH-FG (overflow / secondary),333049,,0,333049,,,,,333049,,SAP OnHand only — no ceiling on file for this godown; no dispatch-lag correction applied
2024-11-16,BH-SC (overflow / secondary),501,,0,501,,,,,501,,SAP OnHand only — no ceiling on file for this godown; no dispatch-lag correction applied
2024-11-17,BH-PF,132201,0,0,132201,377000,244799,35.1,0,132201,0,SAP OnHand ONLY — no physical dispatch record exists this far back
2024-11-17,OIL-FG-TOTAL (BH-BT+BH-PF),132201,0,0,132201,377000,244799,35.1,0,132201,0,SAP OnHand ONLY — no physical dispatch record exists this far back
2024-11-17,GP-FG (overflow / secondary),0,,0,0,,,,,0,,SAP OnHand only — no ceiling on file for this godown; no dispatch-lag correction applied
2024-11-17,BH-FG (overflow / secondary),333049,,0,333049,,,,,333049,,SAP OnHand only — no ceiling on file for this godown; no dispatch-lag correction applied
2024-11-17,BH-SC (overflow / secondary),501,,0,501,,,,,501,,SAP OnHand only — no ceiling on file for this godown; no dispatch-lag correction applied
2024-11-18,BH-PF,101677,0,0,101677,377000,275323,27.0,0,101677,0,SAP OnHand ONLY — no physical dispatch record exists this far back
2024-11-18,OIL-FG-TOTAL (BH-BT+BH-PF),101677,0,0,101677,377000,275323,27.0,0,101677,0,SAP OnHand ONLY — no physical dispatch record exists this far back
2024-11-18,GP-FG (overflow / secondary),0,,0,0,,,,,0,,SAP OnHand only — no ceiling on file for this godown; no dispatch-lag correction applied
2024-11-18,BH-FG (overflow / secondary),425071,,0,425071,,,,,425071,,SAP OnHand only — no ceiling on file for this godown; no dispatch-lag correction applied
2024-11-18,BH-SC (overflow / secondary),501,,0,501,,,,,501,,SAP OnHand only — no ceiling on file for this godown; no dispatch-lag correction applied
2024-11-19,BH-PF,134073,0,0,134073,377000,242927,35.6,0,134073,0,SAP OnHand ONLY — no physical dispatch record exists this far back
2024-11-19,OIL-FG-TOTAL (BH-BT+BH-PF),134073,0,0,134073,377000,242927,35.6,0,134073,0,SAP OnHand ONLY — no physical dispatch record exists this far back
2024-11-19,GP-FG (overflow / secondary),0,,0,0,,,,,0,,SAP OnHand only — no ceiling on file for this godown; no dispatch-lag correction applied
2024-11-19,BH-FG (overflow / secondary),408152,,0,408152,,,,,408152,,SAP OnHand only — no ceiling on file for this godown; no dispatch-lag correction applied
2024-11-19,BH-SC (overflow / secondary),501,,0,501,,,,,501,,SAP OnHand only — no ceiling on file for this godown; no dispatch-lag correction applied
2024-11-20,BH-PF,90649,0,0,90649,377000,286351,24.0,0,90649,0,SAP OnHand ONLY — no physical dispatch record exists this far back
2024-11-20,OIL-FG-TOTAL (BH-BT+BH-PF),90649,0,0,90649,377000,286351,24.0,0,90649,0,SAP OnHand ONLY — no physical dispatch record exists this far back
2024-11-20,GP-FG (overflow / secondary),0,,0,0,,,,,0,,SAP OnHand only — no ceiling on file for this godown; no dispatch-lag correction applied
2024-11-20,BH-FG (overflow / secondary),401021,,0,401021,,,,,401021,,SAP OnHand only — no ceiling on file for this godown; no dispatch-lag correction applied
2024-11-20,BH-SC (overflow / secondary),501,,0,501,,,,,501,,SAP OnHand only — no ceiling on file for this godown; no dispatch-lag correction applied
2024-11-21,BH-PF,72649,0,0,72649,377000,304351,19.3,0,72649,0,SAP OnHand ONLY — no physical dispatch record exists this far back
2024-11-21,OIL-FG-TOTAL (BH-BT+BH-PF),72649,0,0,72649,377000,304351,19.3,0,72649,0,SAP OnHand ONLY — no physical dispatch record exists this far back
2024-11-21,GP-FG (overflow / secondary),0,,0,0,,,,,0,,SAP OnHand only — no ceiling on file for this godown; no dispatch-lag correction applied
2024-11-21,BH-FG (overflow / secondary),383801,,0,383801,,,,,383801,,SAP OnHand only — no ceiling on file for this godown; no dispatch-lag correction applied
2024-11-21,BH-SC (overflow / secondary),501,,0,501,,,,,501,,SAP OnHand only — no ceiling on file for this godown; no dispatch-lag correction applied
2024-11-22,BH-PF,71849,0,0,71849,377000,305151,19.1,0,71849,0,SAP OnHand ONLY — no physical dispatch record exists this far back
2024-11-22,OIL-FG-TOTAL (BH-BT+BH-PF),71849,0,0,71849,377000,305151,19.1,0,71849,0,SAP OnHand ONLY — no physical dispatch record exists this far back
2024-11-22,GP-FG (overflow / secondary),0,,0,0,,,,,0,,SAP OnHand only — no ceiling on file for this godown; no dispatch-lag correction applied
2024-11-22,BH-FG (overflow / secondary),332914,,0,332914,,,,,332914,,SAP OnHand only — no ceiling on file for this godown; no dispatch-lag correction applied
2024-11-22,BH-SC (overflow / secondary),501,,0,501,,,,,501,,SAP OnHand only — no ceiling on file for this godown; no dispatch-lag correction applied
2024-11-23,BH-PF,56313,0,0,56313,377000,320687,14.9,0,56313,0,SAP OnHand ONLY — no physical dispatch record exists this far back
2024-11-23,OIL-FG-TOTAL (BH-BT+BH-PF),56313,0,0,56313,377000,320687,14.9,0,56313,0,SAP OnHand ONLY — no physical dispatch record exists this far back
2024-11-23,GP-FG (overflow / secondary),0,,0,0,,,,,0,,SAP OnHand only — no ceiling on file for this godown; no dispatch-lag correction applied
2024-11-23,BH-FG (overflow / secondary),328295,,0,328295,,,,,328295,,SAP OnHand only — no ceiling on file for this godown; no dispatch-lag correction applied
2024-11-23,BH-SC (overflow / secondary),501,,0,501,,,,,501,,SAP OnHand only — no ceiling on file for this godown; no dispatch-lag correction applied
2024-11-24,BH-PF,56313,0,0,56313,377000,320687,14.9,0,56313,0,SAP OnHand ONLY — no physical dispatch record exists this far back
2024-11-24,OIL-FG-TOTAL (BH-BT+BH-PF),56313,0,0,56313,377000,320687,14.9,0,56313,0,SAP OnHand ONLY — no physical dispatch record exists this far back
2024-11-24,GP-FG (overflow / secondary),0,,0,0,,,,,0,,SAP OnHand only — no ceiling on file for this godown; no dispatch-lag correction applied
2024-11-24,BH-FG (overflow / secondary),328293,,0,328293,,,,,328293,,SAP OnHand only — no ceiling on file for this godown; no dispatch-lag correction applied
2024-11-24,BH-SC (overflow / secondary),501,,0,501,,,,,501,,SAP OnHand only — no ceiling on file for this godown; no dispatch-lag correction applied
2024-11-25,BH-PF,168429,0,0,168429,377000,208571,44.7,0,168429,0,SAP OnHand ONLY — no physical dispatch record exists this far back
2024-11-25,OIL-FG-TOTAL (BH-BT+BH-PF),168429,0,0,168429,377000,208571,44.7,0,168429,0,SAP OnHand ONLY — no physical dispatch record exists this far back
2024-11-25,GP-FG (overflow / secondary),0,,0,0,,,,,0,,SAP OnHand only — no ceiling on file for this godown; no dispatch-lag correction applied
2024-11-25,BH-FG (overflow / secondary),325173,,0,325173,,,,,325173,,SAP OnHand only — no ceiling on file for this godown; no dispatch-lag correction applied
2024-11-25,BH-SC (overflow / secondary),501,,0,501,,,,,501,,SAP OnHand only — no ceiling on file for this godown; no dispatch-lag correction applied
2024-11-26,BH-PF,199959,0,0,199959,377000,177041,53.0,0,199959,0,SAP OnHand ONLY — no physical dispatch record exists this far back
2024-11-26,OIL-FG-TOTAL (BH-BT+BH-PF),199959,0,0,199959,377000,177041,53.0,0,199959,0,SAP OnHand ONLY — no physical dispatch record exists this far back
2024-11-26,GP-FG (overflow / secondary),0,,0,0,,,,,0,,SAP OnHand only — no ceiling on file for this godown; no dispatch-lag correction applied
2024-11-26,BH-FG (overflow / secondary),316142,,0,316142,,,,,316142,,SAP OnHand only — no ceiling on file for this godown; no dispatch-lag correction applied
2024-11-26,BH-SC (overflow / secondary),501,,0,501,,,,,501,,SAP OnHand only — no ceiling on file for this godown; no dispatch-lag correction applied
2024-11-27,BH-PF,118819,0,0,118819,377000,258181,31.5,0,118819,0,SAP OnHand ONLY — no physical dispatch record exists this far back
2024-11-27,OIL-FG-TOTAL (BH-BT+BH-PF),118819,0,0,118819,377000,258181,31.5,0,118819,0,SAP OnHand ONLY — no physical dispatch record exists this far back
2024-11-27,GP-FG (overflow / secondary),0,,0,0,,,,,0,,SAP OnHand only — no ceiling on file for this godown; no dispatch-lag correction applied
2024-11-27,BH-FG (overflow / secondary),404589,,0,404589,,,,,404589,,SAP OnHand only — no ceiling on file for this godown; no dispatch-lag correction applied
2024-11-27,BH-SC (overflow / secondary),501,,0,501,,,,,501,,SAP OnHand only — no ceiling on file for this godown; no dispatch-lag correction applied
2024-11-28,BH-PF,133045,0,0,133045,377000,243955,35.3,0,133045,0,SAP OnHand ONLY — no physical dispatch record exists this far back
2024-11-28,OIL-FG-TOTAL (BH-BT+BH-PF),133045,0,0,133045,377000,243955,35.3,0,133045,0,SAP OnHand ONLY — no physical dispatch record exists this far back
2024-11-28,GP-FG (overflow / secondary),0,,0,0,,,,,0,,SAP OnHand only — no ceiling on file for this godown; no dispatch-lag correction applied
2024-11-28,BH-FG (overflow / secondary),342544,,0,342544,,,,,342544,,SAP OnHand only — no ceiling on file for this godown; no dispatch-lag correction applied
2024-11-28,BH-SC (overflow / secondary),501,,0,501,,,,,501,,SAP OnHand only — no ceiling on file for this godown; no dispatch-lag correction applied
2024-11-29,BH-PF,84014,0,0,84014,377000,292986,22.3,0,84014,0,SAP OnHand ONLY — no physical dispatch record exists this far back
2024-11-29,OIL-FG-TOTAL (BH-BT+BH-PF),84014,0,0,84014,377000,292986,22.3,0,84014,0,SAP OnHand ONLY — no physical dispatch record exists this far back
2024-11-29,GP-FG (overflow / secondary),0,,0,0,,,,,0,,SAP OnHand only — no ceiling on file for this godown; no dispatch-lag correction applied
2024-11-29,BH-FG (overflow / secondary),321967,,0,321967,,,,,321967,,SAP OnHand only — no ceiling on file for this godown; no dispatch-lag correction applied
2024-11-29,BH-SC (overflow / secondary),501,,0,501,,,,,501,,SAP OnHand only — no ceiling on file for this godown; no dispatch-lag correction applied
2024-11-30,BH-PF,42487,0,0,42487,377000,334513,11.3,0,42487,0,SAP OnHand ONLY — no physical dispatch record exists this far back
2024-11-30,OIL-FG-TOTAL (BH-BT+BH-PF),42487,0,0,42487,377000,334513,11.3,0,42487,0,SAP OnHand ONLY — no physical dispatch record exists this far back
2024-11-30,GP-FG (overflow / secondary),0,,0,0,,,,,0,,SAP OnHand only — no ceiling on file for this godown; no dispatch-lag correction applied
2024-11-30,BH-FG (overflow / secondary),371833,,0,371833,,,,,371833,,SAP OnHand only — no ceiling on file for this godown; no dispatch-lag correction applied
2024-11-30,BH-SC (overflow / secondary),501,,0,501,,,,,501,,SAP OnHand only — no ceiling on file for this godown; no dispatch-lag correction applied
2024-12-01,BH-PF,42487,0,0,42487,377000,334513,11.3,0,42487,0,SAP OnHand ONLY — no physical dispatch record exists this far back
2024-12-01,OIL-FG-TOTAL (BH-BT+BH-PF),42487,0,0,42487,377000,334513,11.3,0,42487,0,SAP OnHand ONLY — no physical dispatch record exists this far back
2024-12-01,GP-FG (overflow / secondary),0,,0,0,,,,,0,,SAP OnHand only — no ceiling on file for this godown; no dispatch-lag correction applied
2024-12-01,BH-FG (overflow / secondary),371833,,0,371833,,,,,371833,,SAP OnHand only — no ceiling on file for this godown; no dispatch-lag correction applied
2024-12-01,BH-SC (overflow / secondary),501,,0,501,,,,,501,,SAP OnHand only — no ceiling on file for this godown; no dispatch-lag correction applied
2024-12-02,BH-PF,50103,0,0,50103,377000,326897,13.3,0,50103,0,SAP OnHand ONLY — no physical dispatch record exists this far back
2024-12-02,OIL-FG-TOTAL (BH-BT+BH-PF),50103,0,0,50103,377000,326897,13.3,0,50103,0,SAP OnHand ONLY — no physical dispatch record exists this far back
2024-12-02,GP-FG (overflow / secondary),0,,0,0,,,,,0,,SAP OnHand only — no ceiling on file for this godown; no dispatch-lag correction applied
2024-12-02,BH-FG (overflow / secondary),367775,,0,367775,,,,,367775,,SAP OnHand only — no ceiling on file for this godown; no dispatch-lag correction applied
2024-12-02,BH-SC (overflow / secondary),501,,0,501,,,,,501,,SAP OnHand only — no ceiling on file for this godown; no dispatch-lag correction applied
2024-12-03,BH-PF,54203,0,0,54203,377000,322797,14.4,0,54203,0,SAP OnHand ONLY — no physical dispatch record exists this far back
2024-12-03,OIL-FG-TOTAL (BH-BT+BH-PF),54203,0,0,54203,377000,322797,14.4,0,54203,0,SAP OnHand ONLY — no physical dispatch record exists this far back
2024-12-03,GP-FG (overflow / secondary),0,,0,0,,,,,0,,SAP OnHand only — no ceiling on file for this godown; no dispatch-lag correction applied
2024-12-03,BH-FG (overflow / secondary),370147,,0,370147,,,,,370147,,SAP OnHand only — no ceiling on file for this godown; no dispatch-lag correction applied
2024-12-03,BH-SC (overflow / secondary),501,,0,501,,,,,501,,SAP OnHand only — no ceiling on file for this godown; no dispatch-lag correction applied
2024-12-04,BH-PF,74972,0,0,74972,377000,302028,19.9,0,74972,0,SAP OnHand ONLY — no physical dispatch record exists this far back
2024-12-04,OIL-FG-TOTAL (BH-BT+BH-PF),74972,0,0,74972,377000,302028,19.9,0,74972,0,SAP OnHand ONLY — no physical dispatch record exists this far back
2024-12-04,GP-FG (overflow / secondary),0,,0,0,,,,,0,,SAP OnHand only — no ceiling on file for this godown; no dispatch-lag correction applied
2024-12-04,BH-FG (overflow / secondary),230998,,0,230998,,,,,230998,,SAP OnHand only — no ceiling on file for this godown; no dispatch-lag correction applied
2024-12-04,BH-SC (overflow / secondary),501,,0,501,,,,,501,,SAP OnHand only — no ceiling on file for this godown; no dispatch-lag correction applied
2024-12-05,BH-PF,77320,0,0,77320,377000,299680,20.5,0,77320,0,SAP OnHand ONLY — no physical dispatch record exists this far back
2024-12-05,OIL-FG-TOTAL (BH-BT+BH-PF),77320,0,0,77320,377000,299680,20.5,0,77320,0,SAP OnHand ONLY — no physical dispatch record exists this far back
2024-12-05,GP-FG (overflow / secondary),0,,0,0,,,,,0,,SAP OnHand only — no ceiling on file for this godown; no dispatch-lag correction applied
2024-12-05,BH-FG (overflow / secondary),334603,,0,334603,,,,,334603,,SAP OnHand only — no ceiling on file for this godown; no dispatch-lag correction applied
2024-12-05,BH-SC (overflow / secondary),501,,0,501,,,,,501,,SAP OnHand only — no ceiling on file for this godown; no dispatch-lag correction applied
2024-12-06,BH-PF,91395,0,0,91395,377000,285605,24.2,0,91395,0,SAP OnHand ONLY — no physical dispatch record exists this far back
2024-12-06,OIL-FG-TOTAL (BH-BT+BH-PF),91395,0,0,91395,377000,285605,24.2,0,91395,0,SAP OnHand ONLY — no physical dispatch record exists this far back
2024-12-06,GP-FG (overflow / secondary),0,,0,0,,,,,0,,SAP OnHand only — no ceiling on file for this godown; no dispatch-lag correction applied
2024-12-06,BH-FG (overflow / secondary),510245,,0,510245,,,,,510245,,SAP OnHand only — no ceiling on file for this godown; no dispatch-lag correction applied
2024-12-06,BH-SC (overflow / secondary),501,,0,501,,,,,501,,SAP OnHand only — no ceiling on file for this godown; no dispatch-lag correction applied
2024-12-07,BH-PF,164851,0,0,164851,377000,212149,43.7,0,164851,0,SAP OnHand ONLY — no physical dispatch record exists this far back
2024-12-07,OIL-FG-TOTAL (BH-BT+BH-PF),164851,0,0,164851,377000,212149,43.7,0,164851,0,SAP OnHand ONLY — no physical dispatch record exists this far back
2024-12-07,GP-FG (overflow / secondary),0,,0,0,,,,,0,,SAP OnHand only — no ceiling on file for this godown; no dispatch-lag correction applied
2024-12-07,BH-FG (overflow / secondary),491999,,0,491999,,,,,491999,,SAP OnHand only — no ceiling on file for this godown; no dispatch-lag correction applied
2024-12-07,BH-SC (overflow / secondary),501,,0,501,,,,,501,,SAP OnHand only — no ceiling on file for this godown; no dispatch-lag correction applied
2024-12-08,BH-PF,233386,0,0,233386,377000,143614,61.9,0,233386,0,SAP OnHand ONLY — no physical dispatch record exists this far back
2024-12-08,OIL-FG-TOTAL (BH-BT+BH-PF),233386,0,0,233386,377000,143614,61.9,0,233386,0,SAP OnHand ONLY — no physical dispatch record exists this far back
2024-12-08,GP-FG (overflow / secondary),0,,0,0,,,,,0,,SAP OnHand only — no ceiling on file for this godown; no dispatch-lag correction applied
2024-12-08,BH-FG (overflow / secondary),491999,,0,491999,,,,,491999,,SAP OnHand only — no ceiling on file for this godown; no dispatch-lag correction applied
2024-12-08,BH-SC (overflow / secondary),501,,0,501,,,,,501,,SAP OnHand only — no ceiling on file for this godown; no dispatch-lag correction applied
2024-12-09,BH-PF,210146,0,0,210146,377000,166854,55.7,0,210146,0,SAP OnHand ONLY — no physical dispatch record exists this far back
2024-12-09,OIL-FG-TOTAL (BH-BT+BH-PF),210146,0,0,210146,377000,166854,55.7,0,210146,0,SAP OnHand ONLY — no physical dispatch record exists this far back
2024-12-09,GP-FG (overflow / secondary),0,,0,0,,,,,0,,SAP OnHand only — no ceiling on file for this godown; no dispatch-lag correction applied
2024-12-09,BH-FG (overflow / secondary),485367,,0,485367,,,,,485367,,SAP OnHand only — no ceiling on file for this godown; no dispatch-lag correction applied
2024-12-09,BH-SC (overflow / secondary),501,,0,501,,,,,501,,SAP OnHand only — no ceiling on file for this godown; no dispatch-lag correction applied
2024-12-10,BH-PF,265144,0,0,265144,377000,111856,70.3,0,265144,0,SAP OnHand ONLY — no physical dispatch record exists this far back
2024-12-10,OIL-FG-TOTAL (BH-BT+BH-PF),265144,0,0,265144,377000,111856,70.3,0,265144,0,SAP OnHand ONLY — no physical dispatch record exists this far back
2024-12-10,GP-FG (overflow / secondary),0,,0,0,,,,,0,,SAP OnHand only — no ceiling on file for this godown; no dispatch-lag correction applied
2024-12-10,BH-FG (overflow / secondary),560775,,0,560775,,,,,560775,,SAP OnHand only — no ceiling on file for this godown; no dispatch-lag correction applied
2024-12-10,BH-SC (overflow / secondary),501,,0,501,,,,,501,,SAP OnHand only — no ceiling on file for this godown; no dispatch-lag correction applied
2024-12-11,BH-PF,132756,0,0,132756,377000,244244,35.2,0,132756,0,SAP OnHand ONLY — no physical dispatch record exists this far back
2024-12-11,OIL-FG-TOTAL (BH-BT+BH-PF),132756,0,0,132756,377000,244244,35.2,0,132756,0,SAP OnHand ONLY — no physical dispatch record exists this far back
2024-12-11,GP-FG (overflow / secondary),0,,0,0,,,,,0,,SAP OnHand only — no ceiling on file for this godown; no dispatch-lag correction applied
2024-12-11,BH-FG (overflow / secondary),658946,,0,658946,,,,,658946,,SAP OnHand only — no ceiling on file for this godown; no dispatch-lag correction applied
2024-12-11,BH-SC (overflow / secondary),501,,0,501,,,,,501,,SAP OnHand only — no ceiling on file for this godown; no dispatch-lag correction applied
2024-12-12,BH-PF,126033,0,0,126033,377000,250967,33.4,0,126033,0,SAP OnHand ONLY — no physical dispatch record exists this far back
2024-12-12,OIL-FG-TOTAL (BH-BT+BH-PF),126033,0,0,126033,377000,250967,33.4,0,126033,0,SAP OnHand ONLY — no physical dispatch record exists this far back
2024-12-12,GP-FG (overflow / secondary),0,,0,0,,,,,0,,SAP OnHand only — no ceiling on file for this godown; no dispatch-lag correction applied
2024-12-12,BH-FG (overflow / secondary),566979,,0,566979,,,,,566979,,SAP OnHand only — no ceiling on file for this godown; no dispatch-lag correction applied
2024-12-12,BH-SC (overflow / secondary),501,,0,501,,,,,501,,SAP OnHand only — no ceiling on file for this godown; no dispatch-lag correction applied
2024-12-13,BH-PF,130786,0,0,130786,377000,246214,34.7,0,130786,0,SAP OnHand ONLY — no physical dispatch record exists this far back
2024-12-13,OIL-FG-TOTAL (BH-BT+BH-PF),130786,0,0,130786,377000,246214,34.7,0,130786,0,SAP OnHand ONLY — no physical dispatch record exists this far back
2024-12-13,GP-FG (overflow / secondary),0,,0,0,,,,,0,,SAP OnHand only — no ceiling on file for this godown; no dispatch-lag correction applied
2024-12-13,BH-FG (overflow / secondary),528862,,0,528862,,,,,528862,,SAP OnHand only — no ceiling on file for this godown; no dispatch-lag correction applied
2024-12-13,BH-SC (overflow / secondary),501,,0,501,,,,,501,,SAP OnHand only — no ceiling on file for this godown; no dispatch-lag correction applied
2024-12-14,BH-PF,135458,0,0,135458,377000,241542,35.9,0,135458,0,SAP OnHand ONLY — no physical dispatch record exists this far back
2024-12-14,OIL-FG-TOTAL (BH-BT+BH-PF),135458,0,0,135458,377000,241542,35.9,0,135458,0,SAP OnHand ONLY — no physical dispatch record exists this far back
2024-12-14,GP-FG (overflow / secondary),0,,0,0,,,,,0,,SAP OnHand only — no ceiling on file for this godown; no dispatch-lag correction applied
2024-12-14,BH-FG (overflow / secondary),529049,,0,529049,,,,,529049,,SAP OnHand only — no ceiling on file for this godown; no dispatch-lag correction applied
2024-12-14,BH-SC (overflow / secondary),501,,0,501,,,,,501,,SAP OnHand only — no ceiling on file for this godown; no dispatch-lag correction applied
2024-12-15,BH-PF,135458,0,0,135458,377000,241542,35.9,0,135458,0,SAP OnHand ONLY — no physical dispatch record exists this far back
2024-12-15,OIL-FG-TOTAL (BH-BT+BH-PF),135458,0,0,135458,377000,241542,35.9,0,135458,0,SAP OnHand ONLY — no physical dispatch record exists this far back
2024-12-15,GP-FG (overflow / secondary),0,,0,0,,,,,0,,SAP OnHand only — no ceiling on file for this godown; no dispatch-lag correction applied
2024-12-15,BH-FG (overflow / secondary),529049,,0,529049,,,,,529049,,SAP OnHand only — no ceiling on file for this godown; no dispatch-lag correction applied
2024-12-15,BH-SC (overflow / secondary),501,,0,501,,,,,501,,SAP OnHand only — no ceiling on file for this godown; no dispatch-lag correction applied
2024-12-16,BH-PF,300745,0,0,300745,377000,76255,79.8,0,300745,0,SAP OnHand ONLY — no physical dispatch record exists this far back
2024-12-16,OIL-FG-TOTAL (BH-BT+BH-PF),300745,0,0,300745,377000,76255,79.8,0,300745,0,SAP OnHand ONLY — no physical dispatch record exists this far back
2024-12-16,GP-FG (overflow / secondary),0,,0,0,,,,,0,,SAP OnHand only — no ceiling on file for this godown; no dispatch-lag correction applied
2024-12-16,BH-FG (overflow / secondary),540119,,0,540119,,,,,540119,,SAP OnHand only — no ceiling on file for this godown; no dispatch-lag correction applied
2024-12-16,BH-SC (overflow / secondary),501,,0,501,,,,,501,,SAP OnHand only — no ceiling on file for this godown; no dispatch-lag correction applied
2024-12-17,BH-PF,261740,0,0,261740,377000,115260,69.4,0,261740,0,SAP OnHand ONLY — no physical dispatch record exists this far back
2024-12-17,OIL-FG-TOTAL (BH-BT+BH-PF),261740,0,0,261740,377000,115260,69.4,0,261740,0,SAP OnHand ONLY — no physical dispatch record exists this far back
2024-12-17,GP-FG (overflow / secondary),0,,0,0,,,,,0,,SAP OnHand only — no ceiling on file for this godown; no dispatch-lag correction applied
2024-12-17,BH-FG (overflow / secondary),558672,,0,558672,,,,,558672,,SAP OnHand only — no ceiling on file for this godown; no dispatch-lag correction applied
2024-12-17,BH-SC (overflow / secondary),501,,0,501,,,,,501,,SAP OnHand only — no ceiling on file for this godown; no dispatch-lag correction applied
2024-12-18,BH-PF,134010,0,0,134010,377000,242990,35.5,0,134010,0,SAP OnHand ONLY — no physical dispatch record exists this far back
2024-12-18,OIL-FG-TOTAL (BH-BT+BH-PF),134010,0,0,134010,377000,242990,35.5,0,134010,0,SAP OnHand ONLY — no physical dispatch record exists this far back
2024-12-18,GP-FG (overflow / secondary),0,,0,0,,,,,0,,SAP OnHand only — no ceiling on file for this godown; no dispatch-lag correction applied
2024-12-18,BH-FG (overflow / secondary),744245,,0,744245,,,,,744245,,SAP OnHand only — no ceiling on file for this godown; no dispatch-lag correction applied
2024-12-18,BH-SC (overflow / secondary),501,,0,501,,,,,501,,SAP OnHand only — no ceiling on file for this godown; no dispatch-lag correction applied
2024-12-19,BH-PF,139587,0,0,139587,377000,237413,37.0,0,139587,0,SAP OnHand ONLY — no physical dispatch record exists this far back
2024-12-19,OIL-FG-TOTAL (BH-BT+BH-PF),139587,0,0,139587,377000,237413,37.0,0,139587,0,SAP OnHand ONLY — no physical dispatch record exists this far back
2024-12-19,GP-FG (overflow / secondary),0,,0,0,,,,,0,,SAP OnHand only — no ceiling on file for this godown; no dispatch-lag correction applied
2024-12-19,BH-FG (overflow / secondary),686179,,0,686179,,,,,686179,,SAP OnHand only — no ceiling on file for this godown; no dispatch-lag correction applied
2024-12-19,BH-SC (overflow / secondary),501,,0,501,,,,,501,,SAP OnHand only — no ceiling on file for this godown; no dispatch-lag correction applied
2024-12-20,BH-PF,123087,0,0,123087,377000,253913,32.6,0,123087,0,SAP OnHand ONLY — no physical dispatch record exists this far back
2024-12-20,OIL-FG-TOTAL (BH-BT+BH-PF),123087,0,0,123087,377000,253913,32.6,0,123087,0,SAP OnHand ONLY — no physical dispatch record exists this far back
2024-12-20,GP-FG (overflow / secondary),0,,0,0,,,,,0,,SAP OnHand only — no ceiling on file for this godown; no dispatch-lag correction applied
2024-12-20,BH-FG (overflow / secondary),632139,,0,632139,,,,,632139,,SAP OnHand only — no ceiling on file for this godown; no dispatch-lag correction applied
2024-12-20,BH-SC (overflow / secondary),501,,0,501,,,,,501,,SAP OnHand only — no ceiling on file for this godown; no dispatch-lag correction applied
2024-12-21,BH-PF,123087,0,0,123087,377000,253913,32.6,0,123087,0,SAP OnHand ONLY — no physical dispatch record exists this far back
2024-12-21,OIL-FG-TOTAL (BH-BT+BH-PF),123087,0,0,123087,377000,253913,32.6,0,123087,0,SAP OnHand ONLY — no physical dispatch record exists this far back
2024-12-21,GP-FG (overflow / secondary),0,,0,0,,,,,0,,SAP OnHand only — no ceiling on file for this godown; no dispatch-lag correction applied
2024-12-21,BH-FG (overflow / secondary),588106,,0,588106,,,,,588106,,SAP OnHand only — no ceiling on file for this godown; no dispatch-lag correction applied
2024-12-21,BH-SC (overflow / secondary),501,,0,501,,,,,501,,SAP OnHand only — no ceiling on file for this godown; no dispatch-lag correction applied
2024-12-22,BH-PF,123087,0,0,123087,377000,253913,32.6,0,123087,0,SAP OnHand ONLY — no physical dispatch record exists this far back
2024-12-22,OIL-FG-TOTAL (BH-BT+BH-PF),123087,0,0,123087,377000,253913,32.6,0,123087,0,SAP OnHand ONLY — no physical dispatch record exists this far back
2024-12-22,GP-FG (overflow / secondary),0,,0,0,,,,,0,,SAP OnHand only — no ceiling on file for this godown; no dispatch-lag correction applied
2024-12-22,BH-FG (overflow / secondary),588106,,0,588106,,,,,588106,,SAP OnHand only — no ceiling on file for this godown; no dispatch-lag correction applied
2024-12-22,BH-SC (overflow / secondary),501,,0,501,,,,,501,,SAP OnHand only — no ceiling on file for this godown; no dispatch-lag correction applied
2024-12-23,BH-PF,120837,0,0,120837,377000,256163,32.1,0,120837,0,SAP OnHand ONLY — no physical dispatch record exists this far back
2024-12-23,OIL-FG-TOTAL (BH-BT+BH-PF),120837,0,0,120837,377000,256163,32.1,0,120837,0,SAP OnHand ONLY — no physical dispatch record exists this far back
2024-12-23,GP-FG (overflow / secondary),0,,0,0,,,,,0,,SAP OnHand only — no ceiling on file for this godown; no dispatch-lag correction applied
2024-12-23,BH-FG (overflow / secondary),535638,,0,535638,,,,,535638,,SAP OnHand only — no ceiling on file for this godown; no dispatch-lag correction applied
2024-12-23,BH-SC (overflow / secondary),501,,0,501,,,,,501,,SAP OnHand only — no ceiling on file for this godown; no dispatch-lag correction applied
2024-12-24,BH-PF,111944,0,0,111944,377000,265056,29.7,0,111944,0,SAP OnHand ONLY — no physical dispatch record exists this far back
2024-12-24,OIL-FG-TOTAL (BH-BT+BH-PF),111944,0,0,111944,377000,265056,29.7,0,111944,0,SAP OnHand ONLY — no physical dispatch record exists this far back
2024-12-24,GP-FG (overflow / secondary),0,,0,0,,,,,0,,SAP OnHand only — no ceiling on file for this godown; no dispatch-lag correction applied
2024-12-24,BH-FG (overflow / secondary),538606,,0,538606,,,,,538606,,SAP OnHand only — no ceiling on file for this godown; no dispatch-lag correction applied
2024-12-24,BH-SC (overflow / secondary),501,,0,501,,,,,501,,SAP OnHand only — no ceiling on file for this godown; no dispatch-lag correction applied
2024-12-25,BH-PF,112730,0,0,112730,377000,264270,29.9,0,112730,0,SAP OnHand ONLY — no physical dispatch record exists this far back
2024-12-25,OIL-FG-TOTAL (BH-BT+BH-PF),112730,0,0,112730,377000,264270,29.9,0,112730,0,SAP OnHand ONLY — no physical dispatch record exists this far back
2024-12-25,GP-FG (overflow / secondary),0,,0,0,,,,,0,,SAP OnHand only — no ceiling on file for this godown; no dispatch-lag correction applied
2024-12-25,BH-FG (overflow / secondary),520269,,0,520269,,,,,520269,,SAP OnHand only — no ceiling on file for this godown; no dispatch-lag correction applied
2024-12-25,BH-SC (overflow / secondary),501,,0,501,,,,,501,,SAP OnHand only — no ceiling on file for this godown; no dispatch-lag correction applied
2024-12-26,BH-PF,118559,0,0,118559,377000,258441,31.4,0,118559,0,SAP OnHand ONLY — no physical dispatch record exists this far back
2024-12-26,OIL-FG-TOTAL (BH-BT+BH-PF),118559,0,0,118559,377000,258441,31.4,0,118559,0,SAP OnHand ONLY — no physical dispatch record exists this far back
2024-12-26,GP-FG (overflow / secondary),0,,0,0,,,,,0,,SAP OnHand only — no ceiling on file for this godown; no dispatch-lag correction applied
2024-12-26,BH-FG (overflow / secondary),507861,,0,507861,,,,,507861,,SAP OnHand only — no ceiling on file for this godown; no dispatch-lag correction applied
2024-12-26,BH-SC (overflow / secondary),501,,0,501,,,,,501,,SAP OnHand only — no ceiling on file for this godown; no dispatch-lag correction applied
2024-12-27,BH-PF,204530,0,0,204530,377000,172470,54.3,0,204530,0,SAP OnHand ONLY — no physical dispatch record exists this far back
2024-12-27,OIL-FG-TOTAL (BH-BT+BH-PF),204530,0,0,204530,377000,172470,54.3,0,204530,0,SAP OnHand ONLY — no physical dispatch record exists this far back
2024-12-27,GP-FG (overflow / secondary),0,,0,0,,,,,0,,SAP OnHand only — no ceiling on file for this godown; no dispatch-lag correction applied
2024-12-27,BH-FG (overflow / secondary),456623,,0,456623,,,,,456623,,SAP OnHand only — no ceiling on file for this godown; no dispatch-lag correction applied
2024-12-27,BH-SC (overflow / secondary),501,,0,501,,,,,501,,SAP OnHand only — no ceiling on file for this godown; no dispatch-lag correction applied
2024-12-28,BH-PF,82804,0,0,82804,377000,294196,22.0,0,82804,0,SAP OnHand ONLY — no physical dispatch record exists this far back
2024-12-28,OIL-FG-TOTAL (BH-BT+BH-PF),82804,0,0,82804,377000,294196,22.0,0,82804,0,SAP OnHand ONLY — no physical dispatch record exists this far back
2024-12-28,GP-FG (overflow / secondary),0,,0,0,,,,,0,,SAP OnHand only — no ceiling on file for this godown; no dispatch-lag correction applied
2024-12-28,BH-FG (overflow / secondary),536238,,0,536238,,,,,536238,,SAP OnHand only — no ceiling on file for this godown; no dispatch-lag correction applied
2024-12-28,BH-SC (overflow / secondary),501,,0,501,,,,,501,,SAP OnHand only — no ceiling on file for this godown; no dispatch-lag correction applied
2024-12-29,BH-PF,82804,0,0,82804,377000,294196,22.0,0,82804,0,SAP OnHand ONLY — no physical dispatch record exists this far back
2024-12-29,OIL-FG-TOTAL (BH-BT+BH-PF),82804,0,0,82804,377000,294196,22.0,0,82804,0,SAP OnHand ONLY — no physical dispatch record exists this far back
2024-12-29,GP-FG (overflow / secondary),0,,0,0,,,,,0,,SAP OnHand only — no ceiling on file for this godown; no dispatch-lag correction applied
2024-12-29,BH-FG (overflow / secondary),536237,,0,536237,,,,,536237,,SAP OnHand only — no ceiling on file for this godown; no dispatch-lag correction applied
2024-12-29,BH-SC (overflow / secondary),501,,0,501,,,,,501,,SAP OnHand only — no ceiling on file for this godown; no dispatch-lag correction applied
2024-12-30,BH-PF,105400,0,0,105400,377000,271600,28.0,0,105400,0,SAP OnHand ONLY — no physical dispatch record exists this far back
2024-12-30,OIL-FG-TOTAL (BH-BT+BH-PF),105400,0,0,105400,377000,271600,28.0,0,105400,0,SAP OnHand ONLY — no physical dispatch record exists this far back
2024-12-30,GP-FG (overflow / secondary),0,,0,0,,,,,0,,SAP OnHand only — no ceiling on file for this godown; no dispatch-lag correction applied
2024-12-30,BH-FG (overflow / secondary),494471,,0,494471,,,,,494471,,SAP OnHand only — no ceiling on file for this godown; no dispatch-lag correction applied
2024-12-30,BH-SC (overflow / secondary),501,,0,501,,,,,501,,SAP OnHand only — no ceiling on file for this godown; no dispatch-lag correction applied
2024-12-31,BH-PF,71804,0,0,71804,377000,305196,19.0,0,71804,0,SAP OnHand ONLY — no physical dispatch record exists this far back
2024-12-31,OIL-FG-TOTAL (BH-BT+BH-PF),71804,0,0,71804,377000,305196,19.0,0,71804,0,SAP OnHand ONLY — no physical dispatch record exists this far back
2024-12-31,GP-FG (overflow / secondary),0,,0,0,,,,,0,,SAP OnHand only — no ceiling on file for this godown; no dispatch-lag correction applied
2024-12-31,BH-FG (overflow / secondary),382325,,0,382325,,,,,382325,,SAP OnHand only — no ceiling on file for this godown; no dispatch-lag correction applied
2024-12-31,BH-SC (overflow / secondary),501,,0,501,,,,,501,,SAP OnHand only — no ceiling on file for this godown; no dispatch-lag correction applied
2025-01-01,BH-PF,59100,0,0,59100,377000,317900,15.7,0,59100,0,SAP OnHand ONLY — no physical dispatch record exists this far back
2025-01-01,OIL-FG-TOTAL (BH-BT+BH-PF),59100,0,0,59100,377000,317900,15.7,0,59100,0,SAP OnHand ONLY — no physical dispatch record exists this far back
2025-01-01,GP-FG (overflow / secondary),0,,0,0,,,,,0,,SAP OnHand only — no ceiling on file for this godown; no dispatch-lag correction applied
2025-01-01,BH-FG (overflow / secondary),374467,,0,374467,,,,,374467,,SAP OnHand only — no ceiling on file for this godown; no dispatch-lag correction applied
2025-01-01,BH-SC (overflow / secondary),501,,0,501,,,,,501,,SAP OnHand only — no ceiling on file for this godown; no dispatch-lag correction applied
2025-01-02,BH-PF,59100,0,0,59100,377000,317900,15.7,0,59100,0,SAP OnHand ONLY — no physical dispatch record exists this far back
2025-01-02,OIL-FG-TOTAL (BH-BT+BH-PF),59100,0,0,59100,377000,317900,15.7,0,59100,0,SAP OnHand ONLY — no physical dispatch record exists this far back
2025-01-02,GP-FG (overflow / secondary),0,,0,0,,,,,0,,SAP OnHand only — no ceiling on file for this godown; no dispatch-lag correction applied
2025-01-02,BH-FG (overflow / secondary),351136,,0,351136,,,,,351136,,SAP OnHand only — no ceiling on file for this godown; no dispatch-lag correction applied
2025-01-02,BH-SC (overflow / secondary),501,,0,501,,,,,501,,SAP OnHand only — no ceiling on file for this godown; no dispatch-lag correction applied
2025-01-03,BH-PF,58500,0,0,58500,377000,318500,15.5,0,58500,0,SAP OnHand ONLY — no physical dispatch record exists this far back
2025-01-03,OIL-FG-TOTAL (BH-BT+BH-PF),58500,0,0,58500,377000,318500,15.5,0,58500,0,SAP OnHand ONLY — no physical dispatch record exists this far back
2025-01-03,GP-FG (overflow / secondary),0,,0,0,,,,,0,,SAP OnHand only — no ceiling on file for this godown; no dispatch-lag correction applied
2025-01-03,BH-FG (overflow / secondary),346128,,0,346128,,,,,346128,,SAP OnHand only — no ceiling on file for this godown; no dispatch-lag correction applied
2025-01-03,BH-SC (overflow / secondary),501,,0,501,,,,,501,,SAP OnHand only — no ceiling on file for this godown; no dispatch-lag correction applied
2025-01-04,BH-PF,201127,0,0,201127,377000,175873,53.3,0,201127,0,SAP OnHand ONLY — no physical dispatch record exists this far back
2025-01-04,OIL-FG-TOTAL (BH-BT+BH-PF),201127,0,0,201127,377000,175873,53.3,0,201127,0,SAP OnHand ONLY — no physical dispatch record exists this far back
2025-01-04,GP-FG (overflow / secondary),0,,0,0,,,,,0,,SAP OnHand only — no ceiling on file for this godown; no dispatch-lag correction applied
2025-01-04,BH-FG (overflow / secondary),339578,,0,339578,,,,,339578,,SAP OnHand only — no ceiling on file for this godown; no dispatch-lag correction applied
2025-01-04,BH-SC (overflow / secondary),501,,0,501,,,,,501,,SAP OnHand only — no ceiling on file for this godown; no dispatch-lag correction applied
2025-01-05,BH-PF,165859,0,0,165859,377000,211141,44.0,0,165859,0,SAP OnHand ONLY — no physical dispatch record exists this far back
2025-01-05,OIL-FG-TOTAL (BH-BT+BH-PF),165859,0,0,165859,377000,211141,44.0,0,165859,0,SAP OnHand ONLY — no physical dispatch record exists this far back
2025-01-05,GP-FG (overflow / secondary),0,,0,0,,,,,0,,SAP OnHand only — no ceiling on file for this godown; no dispatch-lag correction applied
2025-01-05,BH-FG (overflow / secondary),374846,,0,374846,,,,,374846,,SAP OnHand only — no ceiling on file for this godown; no dispatch-lag correction applied
2025-01-05,BH-SC (overflow / secondary),501,,0,501,,,,,501,,SAP OnHand only — no ceiling on file for this godown; no dispatch-lag correction applied
2025-01-06,BH-PF,162109,0,0,162109,377000,214891,43.0,0,162109,0,SAP OnHand ONLY — no physical dispatch record exists this far back
2025-01-06,OIL-FG-TOTAL (BH-BT+BH-PF),162109,0,0,162109,377000,214891,43.0,0,162109,0,SAP OnHand ONLY — no physical dispatch record exists this far back
2025-01-06,GP-FG (overflow / secondary),0,,0,0,,,,,0,,SAP OnHand only — no ceiling on file for this godown; no dispatch-lag correction applied
2025-01-06,BH-FG (overflow / secondary),360220,,0,360220,,,,,360220,,SAP OnHand only — no ceiling on file for this godown; no dispatch-lag correction applied
2025-01-06,BH-SC (overflow / secondary),501,,0,501,,,,,501,,SAP OnHand only — no ceiling on file for this godown; no dispatch-lag correction applied
2025-01-07,BH-PF,192077,0,0,192077,377000,184923,50.9,0,192077,0,SAP OnHand ONLY — no physical dispatch record exists this far back
2025-01-07,OIL-FG-TOTAL (BH-BT+BH-PF),192077,0,0,192077,377000,184923,50.9,0,192077,0,SAP OnHand ONLY — no physical dispatch record exists this far back
2025-01-07,GP-FG (overflow / secondary),0,,0,0,,,,,0,,SAP OnHand only — no ceiling on file for this godown; no dispatch-lag correction applied
2025-01-07,BH-FG (overflow / secondary),369835,,0,369835,,,,,369835,,SAP OnHand only — no ceiling on file for this godown; no dispatch-lag correction applied
2025-01-07,BH-SC (overflow / secondary),501,,0,501,,,,,501,,SAP OnHand only — no ceiling on file for this godown; no dispatch-lag correction applied
2025-01-08,BH-PF,3283,0,0,3283,377000,373717,0.9,0,3283,0,SAP OnHand ONLY — no physical dispatch record exists this far back
2025-01-08,OIL-FG-TOTAL (BH-BT+BH-PF),3283,0,0,3283,377000,373717,0.9,0,3283,0,SAP OnHand ONLY — no physical dispatch record exists this far back
2025-01-08,GP-FG (overflow / secondary),0,,0,0,,,,,0,,SAP OnHand only — no ceiling on file for this godown; no dispatch-lag correction applied
2025-01-08,BH-FG (overflow / secondary),409208,,0,409208,,,,,409208,,SAP OnHand only — no ceiling on file for this godown; no dispatch-lag correction applied
2025-01-08,BH-SC (overflow / secondary),501,,0,501,,,,,501,,SAP OnHand only — no ceiling on file for this godown; no dispatch-lag correction applied
2025-01-09,BH-PF,46586,0,0,46586,377000,330414,12.4,0,46586,0,SAP OnHand ONLY — no physical dispatch record exists this far back
2025-01-09,OIL-FG-TOTAL (BH-BT+BH-PF),46586,0,0,46586,377000,330414,12.4,0,46586,0,SAP OnHand ONLY — no physical dispatch record exists this far back
2025-01-09,GP-FG (overflow / secondary),0,,0,0,,,,,0,,SAP OnHand only — no ceiling on file for this godown; no dispatch-lag correction applied
2025-01-09,BH-FG (overflow / secondary),407223,,0,407223,,,,,407223,,SAP OnHand only — no ceiling on file for this godown; no dispatch-lag correction applied
2025-01-09,BH-SC (overflow / secondary),501,,0,501,,,,,501,,SAP OnHand only — no ceiling on file for this godown; no dispatch-lag correction applied
2025-01-10,BH-PF,46586,0,0,46586,377000,330414,12.4,0,46586,0,SAP OnHand ONLY — no physical dispatch record exists this far back
2025-01-10,OIL-FG-TOTAL (BH-BT+BH-PF),46586,0,0,46586,377000,330414,12.4,0,46586,0,SAP OnHand ONLY — no physical dispatch record exists this far back
2025-01-10,GP-FG (overflow / secondary),0,,0,0,,,,,0,,SAP OnHand only — no ceiling on file for this godown; no dispatch-lag correction applied
2025-01-10,BH-FG (overflow / secondary),484718,,0,484718,,,,,484718,,SAP OnHand only — no ceiling on file for this godown; no dispatch-lag correction applied
2025-01-10,BH-SC (overflow / secondary),501,,0,501,,,,,501,,SAP OnHand only — no ceiling on file for this godown; no dispatch-lag correction applied
2025-01-11,BH-PF,46586,0,0,46586,377000,330414,12.4,0,46586,0,SAP OnHand ONLY — no physical dispatch record exists this far back
2025-01-11,OIL-FG-TOTAL (BH-BT+BH-PF),46586,0,0,46586,377000,330414,12.4,0,46586,0,SAP OnHand ONLY — no physical dispatch record exists this far back
2025-01-11,GP-FG (overflow / secondary),0,,0,0,,,,,0,,SAP OnHand only — no ceiling on file for this godown; no dispatch-lag correction applied
2025-01-11,BH-FG (overflow / secondary),465178,,0,465178,,,,,465178,,SAP OnHand only — no ceiling on file for this godown; no dispatch-lag correction applied
2025-01-11,BH-SC (overflow / secondary),501,,0,501,,,,,501,,SAP OnHand only — no ceiling on file for this godown; no dispatch-lag correction applied
2025-01-12,BH-PF,87402,0,0,87402,377000,289598,23.2,0,87402,0,SAP OnHand ONLY — no physical dispatch record exists this far back
2025-01-12,OIL-FG-TOTAL (BH-BT+BH-PF),87402,0,0,87402,377000,289598,23.2,0,87402,0,SAP OnHand ONLY — no physical dispatch record exists this far back
2025-01-12,GP-FG (overflow / secondary),0,,0,0,,,,,0,,SAP OnHand only — no ceiling on file for this godown; no dispatch-lag correction applied
2025-01-12,BH-FG (overflow / secondary),465176,,0,465176,,,,,465176,,SAP OnHand only — no ceiling on file for this godown; no dispatch-lag correction applied
2025-01-12,BH-SC (overflow / secondary),501,,0,501,,,,,501,,SAP OnHand only — no ceiling on file for this godown; no dispatch-lag correction applied
2025-01-13,BH-PF,46628,0,0,46628,377000,330372,12.4,0,46628,0,SAP OnHand ONLY — no physical dispatch record exists this far back
2025-01-13,OIL-FG-TOTAL (BH-BT+BH-PF),46628,0,0,46628,377000,330372,12.4,0,46628,0,SAP OnHand ONLY — no physical dispatch record exists this far back
2025-01-13,GP-FG (overflow / secondary),0,,0,0,,,,,0,,SAP OnHand only — no ceiling on file for this godown; no dispatch-lag correction applied
2025-01-13,BH-FG (overflow / secondary),429051,,0,429051,,,,,429051,,SAP OnHand only — no ceiling on file for this godown; no dispatch-lag correction applied
2025-01-13,BH-SC (overflow / secondary),501,,0,501,,,,,501,,SAP OnHand only — no ceiling on file for this godown; no dispatch-lag correction applied
2025-01-14,BH-PF,86579,0,0,86579,377000,290421,23.0,0,86579,0,SAP OnHand ONLY — no physical dispatch record exists this far back
2025-01-14,OIL-FG-TOTAL (BH-BT+BH-PF),86579,0,0,86579,377000,290421,23.0,0,86579,0,SAP OnHand ONLY — no physical dispatch record exists this far back
2025-01-14,GP-FG (overflow / secondary),0,,0,0,,,,,0,,SAP OnHand only — no ceiling on file for this godown; no dispatch-lag correction applied
2025-01-14,BH-FG (overflow / secondary),426688,,0,426688,,,,,426688,,SAP OnHand only — no ceiling on file for this godown; no dispatch-lag correction applied
2025-01-14,BH-SC (overflow / secondary),501,,0,501,,,,,501,,SAP OnHand only — no ceiling on file for this godown; no dispatch-lag correction applied
2025-01-15,BH-PF,181945,0,0,181945,377000,195055,48.3,0,181945,0,SAP OnHand ONLY — no physical dispatch record exists this far back
2025-01-15,OIL-FG-TOTAL (BH-BT+BH-PF),181945,0,0,181945,377000,195055,48.3,0,181945,0,SAP OnHand ONLY — no physical dispatch record exists this far back
2025-01-15,GP-FG (overflow / secondary),0,,0,0,,,,,0,,SAP OnHand only — no ceiling on file for this godown; no dispatch-lag correction applied
2025-01-15,BH-FG (overflow / secondary),392360,,0,392360,,,,,392360,,SAP OnHand only — no ceiling on file for this godown; no dispatch-lag correction applied
2025-01-15,BH-SC (overflow / secondary),501,,0,501,,,,,501,,SAP OnHand only — no ceiling on file for this godown; no dispatch-lag correction applied
2025-01-16,BH-PF,140655,0,0,140655,377000,236345,37.3,0,140655,0,SAP OnHand ONLY — no physical dispatch record exists this far back
2025-01-16,OIL-FG-TOTAL (BH-BT+BH-PF),140655,0,0,140655,377000,236345,37.3,0,140655,0,SAP OnHand ONLY — no physical dispatch record exists this far back
2025-01-16,GP-FG (overflow / secondary),0,,0,0,,,,,0,,SAP OnHand only — no ceiling on file for this godown; no dispatch-lag correction applied
2025-01-16,BH-FG (overflow / secondary),421239,,0,421239,,,,,421239,,SAP OnHand only — no ceiling on file for this godown; no dispatch-lag correction applied
2025-01-16,BH-SC (overflow / secondary),501,,0,501,,,,,501,,SAP OnHand only — no ceiling on file for this godown; no dispatch-lag correction applied
2025-01-17,BH-PF,20015,0,0,20015,377000,356985,5.3,0,20015,0,SAP OnHand ONLY — no physical dispatch record exists this far back
2025-01-17,OIL-FG-TOTAL (BH-BT+BH-PF),20015,0,0,20015,377000,356985,5.3,0,20015,0,SAP OnHand ONLY — no physical dispatch record exists this far back
2025-01-17,GP-FG (overflow / secondary),0,,0,0,,,,,0,,SAP OnHand only — no ceiling on file for this godown; no dispatch-lag correction applied
2025-01-17,BH-FG (overflow / secondary),473513,,0,473513,,,,,473513,,SAP OnHand only — no ceiling on file for this godown; no dispatch-lag correction applied
2025-01-17,BH-SC (overflow / secondary),501,,0,501,,,,,501,,SAP OnHand only — no ceiling on file for this godown; no dispatch-lag correction applied
2025-01-18,BH-PF,18215,0,0,18215,377000,358785,4.8,0,18215,0,SAP OnHand ONLY — no physical dispatch record exists this far back
2025-01-18,OIL-FG-TOTAL (BH-BT+BH-PF),18215,0,0,18215,377000,358785,4.8,0,18215,0,SAP OnHand ONLY — no physical dispatch record exists this far back
2025-01-18,GP-FG (overflow / secondary),0,,0,0,,,,,0,,SAP OnHand only — no ceiling on file for this godown; no dispatch-lag correction applied
2025-01-18,BH-FG (overflow / secondary),456890,,0,456890,,,,,456890,,SAP OnHand only — no ceiling on file for this godown; no dispatch-lag correction applied
2025-01-18,BH-SC (overflow / secondary),501,,0,501,,,,,501,,SAP OnHand only — no ceiling on file for this godown; no dispatch-lag correction applied
2025-01-19,BH-PF,7331,0,0,7331,377000,369669,1.9,0,7331,0,SAP OnHand ONLY — no physical dispatch record exists this far back
2025-01-19,OIL-FG-TOTAL (BH-BT+BH-PF),7331,0,0,7331,377000,369669,1.9,0,7331,0,SAP OnHand ONLY — no physical dispatch record exists this far back
2025-01-19,GP-FG (overflow / secondary),0,,0,0,,,,,0,,SAP OnHand only — no ceiling on file for this godown; no dispatch-lag correction applied
2025-01-19,BH-FG (overflow / secondary),418920,,0,418920,,,,,418920,,SAP OnHand only — no ceiling on file for this godown; no dispatch-lag correction applied
2025-01-19,BH-SC (overflow / secondary),501,,0,501,,,,,501,,SAP OnHand only — no ceiling on file for this godown; no dispatch-lag correction applied
2025-01-20,BH-PF,17359,0,0,17359,377000,359641,4.6,0,17359,0,SAP OnHand ONLY — no physical dispatch record exists this far back
2025-01-20,OIL-FG-TOTAL (BH-BT+BH-PF),17359,0,0,17359,377000,359641,4.6,0,17359,0,SAP OnHand ONLY — no physical dispatch record exists this far back
2025-01-20,GP-FG (overflow / secondary),0,,0,0,,,,,0,,SAP OnHand only — no ceiling on file for this godown; no dispatch-lag correction applied
2025-01-20,BH-FG (overflow / secondary),435312,,0,435312,,,,,435312,,SAP OnHand only — no ceiling on file for this godown; no dispatch-lag correction applied
2025-01-20,BH-SC (overflow / secondary),501,,0,501,,,,,501,,SAP OnHand only — no ceiling on file for this godown; no dispatch-lag correction applied
2025-01-21,BH-PF,82550,0,0,82550,377000,294450,21.9,0,82550,0,SAP OnHand ONLY — no physical dispatch record exists this far back
2025-01-21,OIL-FG-TOTAL (BH-BT+BH-PF),82550,0,0,82550,377000,294450,21.9,0,82550,0,SAP OnHand ONLY — no physical dispatch record exists this far back
2025-01-21,GP-FG (overflow / secondary),0,,0,0,,,,,0,,SAP OnHand only — no ceiling on file for this godown; no dispatch-lag correction applied
2025-01-21,BH-FG (overflow / secondary),499597,,0,499597,,,,,499597,,SAP OnHand only — no ceiling on file for this godown; no dispatch-lag correction applied
2025-01-21,BH-SC (overflow / secondary),501,,0,501,,,,,501,,SAP OnHand only — no ceiling on file for this godown; no dispatch-lag correction applied
2025-01-22,BH-PF,36401,0,0,36401,377000,340599,9.7,0,36401,0,SAP OnHand ONLY — no physical dispatch record exists this far back
2025-01-22,OIL-FG-TOTAL (BH-BT+BH-PF),36401,0,0,36401,377000,340599,9.7,0,36401,0,SAP OnHand ONLY — no physical dispatch record exists this far back
2025-01-22,GP-FG (overflow / secondary),0,,0,0,,,,,0,,SAP OnHand only — no ceiling on file for this godown; no dispatch-lag correction applied
2025-01-22,BH-FG (overflow / secondary),461080,,0,461080,,,,,461080,,SAP OnHand only — no ceiling on file for this godown; no dispatch-lag correction applied
2025-01-22,BH-SC (overflow / secondary),501,,0,501,,,,,501,,SAP OnHand only — no ceiling on file for this godown; no dispatch-lag correction applied
2025-01-23,BH-PF,29428,0,0,29428,377000,347572,7.8,0,29428,0,SAP OnHand ONLY — no physical dispatch record exists this far back
2025-01-23,OIL-FG-TOTAL (BH-BT+BH-PF),29428,0,0,29428,377000,347572,7.8,0,29428,0,SAP OnHand ONLY — no physical dispatch record exists this far back
2025-01-23,GP-FG (overflow / secondary),0,,0,0,,,,,0,,SAP OnHand only — no ceiling on file for this godown; no dispatch-lag correction applied
2025-01-23,BH-FG (overflow / secondary),452139,,0,452139,,,,,452139,,SAP OnHand only — no ceiling on file for this godown; no dispatch-lag correction applied
2025-01-23,BH-SC (overflow / secondary),501,,0,501,,,,,501,,SAP OnHand only — no ceiling on file for this godown; no dispatch-lag correction applied
2025-01-24,BH-PF,38062,0,0,38062,377000,338938,10.1,0,38062,0,SAP OnHand ONLY — no physical dispatch record exists this far back
2025-01-24,OIL-FG-TOTAL (BH-BT+BH-PF),38062,0,0,38062,377000,338938,10.1,0,38062,0,SAP OnHand ONLY — no physical dispatch record exists this far back
2025-01-24,GP-FG (overflow / secondary),0,,0,0,,,,,0,,SAP OnHand only — no ceiling on file for this godown; no dispatch-lag correction applied
2025-01-24,BH-FG (overflow / secondary),473131,,0,473131,,,,,473131,,SAP OnHand only — no ceiling on file for this godown; no dispatch-lag correction applied
2025-01-24,BH-SC (overflow / secondary),501,,0,501,,,,,501,,SAP OnHand only — no ceiling on file for this godown; no dispatch-lag correction applied
2025-01-25,BH-PF,45214,0,0,45214,377000,331786,12.0,0,45214,0,SAP OnHand ONLY — no physical dispatch record exists this far back
2025-01-25,OIL-FG-TOTAL (BH-BT+BH-PF),45214,0,0,45214,377000,331786,12.0,0,45214,0,SAP OnHand ONLY — no physical dispatch record exists this far back
2025-01-25,GP-FG (overflow / secondary),0,,0,0,,,,,0,,SAP OnHand only — no ceiling on file for this godown; no dispatch-lag correction applied
2025-01-25,BH-FG (overflow / secondary),460622,,0,460622,,,,,460622,,SAP OnHand only — no ceiling on file for this godown; no dispatch-lag correction applied
2025-01-25,BH-SC (overflow / secondary),501,,0,501,,,,,501,,SAP OnHand only — no ceiling on file for this godown; no dispatch-lag correction applied
2025-01-26,BH-PF,45214,0,0,45214,377000,331786,12.0,0,45214,0,SAP OnHand ONLY — no physical dispatch record exists this far back
2025-01-26,OIL-FG-TOTAL (BH-BT+BH-PF),45214,0,0,45214,377000,331786,12.0,0,45214,0,SAP OnHand ONLY — no physical dispatch record exists this far back
2025-01-26,GP-FG (overflow / secondary),0,,0,0,,,,,0,,SAP OnHand only — no ceiling on file for this godown; no dispatch-lag correction applied
2025-01-26,BH-FG (overflow / secondary),460622,,0,460622,,,,,460622,,SAP OnHand only — no ceiling on file for this godown; no dispatch-lag correction applied
2025-01-26,BH-SC (overflow / secondary),501,,0,501,,,,,501,,SAP OnHand only — no ceiling on file for this godown; no dispatch-lag correction applied
2025-01-27,BH-PF,43487,0,0,43487,377000,333513,11.5,0,43487,0,SAP OnHand ONLY — no physical dispatch record exists this far back
2025-01-27,OIL-FG-TOTAL (BH-BT+BH-PF),43487,0,0,43487,377000,333513,11.5,0,43487,0,SAP OnHand ONLY — no physical dispatch record exists this far back
2025-01-27,GP-FG (overflow / secondary),0,,0,0,,,,,0,,SAP OnHand only — no ceiling on file for this godown; no dispatch-lag correction applied
2025-01-27,BH-FG (overflow / secondary),423575,,0,423575,,,,,423575,,SAP OnHand only — no ceiling on file for this godown; no dispatch-lag correction applied
2025-01-27,BH-SC (overflow / secondary),501,,0,501,,,,,501,,SAP OnHand only — no ceiling on file for this godown; no dispatch-lag correction applied
2025-01-28,BH-PF,54607,0,0,54607,377000,322393,14.5,0,54607,0,SAP OnHand ONLY — no physical dispatch record exists this far back
2025-01-28,OIL-FG-TOTAL (BH-BT+BH-PF),54607,0,0,54607,377000,322393,14.5,0,54607,0,SAP OnHand ONLY — no physical dispatch record exists this far back
2025-01-28,GP-FG (overflow / secondary),0,,0,0,,,,,0,,SAP OnHand only — no ceiling on file for this godown; no dispatch-lag correction applied
2025-01-28,BH-FG (overflow / secondary),442652,,0,442652,,,,,442652,,SAP OnHand only — no ceiling on file for this godown; no dispatch-lag correction applied
2025-01-28,BH-SC (overflow / secondary),501,,0,501,,,,,501,,SAP OnHand only — no ceiling on file for this godown; no dispatch-lag correction applied
2025-01-29,BH-PF,55332,0,0,55332,377000,321668,14.7,0,55332,0,SAP OnHand ONLY — no physical dispatch record exists this far back
2025-01-29,OIL-FG-TOTAL (BH-BT+BH-PF),55332,0,0,55332,377000,321668,14.7,0,55332,0,SAP OnHand ONLY — no physical dispatch record exists this far back
2025-01-29,GP-FG (overflow / secondary),0,,0,0,,,,,0,,SAP OnHand only — no ceiling on file for this godown; no dispatch-lag correction applied
2025-01-29,BH-FG (overflow / secondary),437357,,0,437357,,,,,437357,,SAP OnHand only — no ceiling on file for this godown; no dispatch-lag correction applied
2025-01-29,BH-SC (overflow / secondary),501,,0,501,,,,,501,,SAP OnHand only — no ceiling on file for this godown; no dispatch-lag correction applied
2025-01-30,BH-PF,56497,0,0,56497,377000,320503,15.0,0,56497,0,SAP OnHand ONLY — no physical dispatch record exists this far back
2025-01-30,OIL-FG-TOTAL (BH-BT+BH-PF),56497,0,0,56497,377000,320503,15.0,0,56497,0,SAP OnHand ONLY — no physical dispatch record exists this far back
2025-01-30,GP-FG (overflow / secondary),0,,0,0,,,,,0,,SAP OnHand only — no ceiling on file for this godown; no dispatch-lag correction applied
2025-01-30,BH-FG (overflow / secondary),463685,,0,463685,,,,,463685,,SAP OnHand only — no ceiling on file for this godown; no dispatch-lag correction applied
2025-01-30,BH-SC (overflow / secondary),501,,0,501,,,,,501,,SAP OnHand only — no ceiling on file for this godown; no dispatch-lag correction applied
2025-01-31,BH-PF,41377,0,0,41377,377000,335623,11.0,0,41377,0,SAP OnHand ONLY — no physical dispatch record exists this far back
2025-01-31,OIL-FG-TOTAL (BH-BT+BH-PF),41377,0,0,41377,377000,335623,11.0,0,41377,0,SAP OnHand ONLY — no physical dispatch record exists this far back
2025-01-31,GP-FG (overflow / secondary),0,,0,0,,,,,0,,SAP OnHand only — no ceiling on file for this godown; no dispatch-lag correction applied
2025-01-31,BH-FG (overflow / secondary),323365,,0,323365,,,,,323365,,SAP OnHand only — no ceiling on file for this godown; no dispatch-lag correction applied
2025-01-31,BH-SC (overflow / secondary),501,,0,501,,,,,501,,SAP OnHand only — no ceiling on file for this godown; no dispatch-lag correction applied
2025-02-01,BH-PF,745,0,0,745,377000,376255,0.2,0,745,0,SAP OnHand ONLY — no physical dispatch record exists this far back
2025-02-01,OIL-FG-TOTAL (BH-BT+BH-PF),745,0,0,745,377000,376255,0.2,0,745,0,SAP OnHand ONLY — no physical dispatch record exists this far back
2025-02-01,GP-FG (overflow / secondary),0,,0,0,,,,,0,,SAP OnHand only — no ceiling on file for this godown; no dispatch-lag correction applied
2025-02-01,BH-FG (overflow / secondary),0,,0,0,,,,,0,,SAP OnHand only — no ceiling on file for this godown; no dispatch-lag correction applied
2025-02-01,BH-SC (overflow / secondary),0,,0,0,,,,,0,,SAP OnHand only — no ceiling on file for this godown; no dispatch-lag correction applied
2025-02-02,BH-PF,745,0,0,745,377000,376255,0.2,0,745,0,SAP OnHand ONLY — no physical dispatch record exists this far back
2025-02-02,OIL-FG-TOTAL (BH-BT+BH-PF),745,0,0,745,377000,376255,0.2,0,745,0,SAP OnHand ONLY — no physical dispatch record exists this far back
2025-02-02,GP-FG (overflow / secondary),0,,0,0,,,,,0,,SAP OnHand only — no ceiling on file for this godown; no dispatch-lag correction applied
2025-02-02,BH-FG (overflow / secondary),0,,0,0,,,,,0,,SAP OnHand only — no ceiling on file for this godown; no dispatch-lag correction applied
2025-02-02,BH-SC (overflow / secondary),0,,0,0,,,,,0,,SAP OnHand only — no ceiling on file for this godown; no dispatch-lag correction applied
2025-02-03,BH-PF,41377,0,0,41377,377000,335623,11.0,0,41377,0,SAP OnHand ONLY — no physical dispatch record exists this far back
2025-02-03,OIL-FG-TOTAL (BH-BT+BH-PF),41377,0,0,41377,377000,335623,11.0,0,41377,0,SAP OnHand ONLY — no physical dispatch record exists this far back
2025-02-03,GP-FG (overflow / secondary),0,,0,0,,,,,0,,SAP OnHand only — no ceiling on file for this godown; no dispatch-lag correction applied
2025-02-03,BH-FG (overflow / secondary),321253,,0,321253,,,,,321253,,SAP OnHand only — no ceiling on file for this godown; no dispatch-lag correction applied
2025-02-03,BH-SC (overflow / secondary),494,,0,494,,,,,494,,SAP OnHand only — no ceiling on file for this godown; no dispatch-lag correction applied
2025-02-04,BH-PF,39792,0,0,39792,377000,337208,10.6,0,39792,0,SAP OnHand ONLY — no physical dispatch record exists this far back
2025-02-04,OIL-FG-TOTAL (BH-BT+BH-PF),39792,0,0,39792,377000,337208,10.6,0,39792,0,SAP OnHand ONLY — no physical dispatch record exists this far back
2025-02-04,GP-FG (overflow / secondary),0,,0,0,,,,,0,,SAP OnHand only — no ceiling on file for this godown; no dispatch-lag correction applied
2025-02-04,BH-FG (overflow / secondary),322829,,0,322829,,,,,322829,,SAP OnHand only — no ceiling on file for this godown; no dispatch-lag correction applied
2025-02-04,BH-SC (overflow / secondary),494,,0,494,,,,,494,,SAP OnHand only — no ceiling on file for this godown; no dispatch-lag correction applied
2025-02-05,BH-PF,54629,0,0,54629,377000,322371,14.5,0,54629,0,SAP OnHand ONLY — no physical dispatch record exists this far back
2025-02-05,OIL-FG-TOTAL (BH-BT+BH-PF),54629,0,0,54629,377000,322371,14.5,0,54629,0,SAP OnHand ONLY — no physical dispatch record exists this far back
2025-02-05,GP-FG (overflow / secondary),0,,0,0,,,,,0,,SAP OnHand only — no ceiling on file for this godown; no dispatch-lag correction applied
2025-02-05,BH-FG (overflow / secondary),316127,,0,316127,,,,,316127,,SAP OnHand only — no ceiling on file for this godown; no dispatch-lag correction applied
2025-02-05,BH-SC (overflow / secondary),494,,0,494,,,,,494,,SAP OnHand only — no ceiling on file for this godown; no dispatch-lag correction applied
2025-02-06,BH-PF,61857,0,0,61857,377000,315143,16.4,0,61857,0,SAP OnHand ONLY — no physical dispatch record exists this far back
2025-02-06,OIL-FG-TOTAL (BH-BT+BH-PF),61857,0,0,61857,377000,315143,16.4,0,61857,0,SAP OnHand ONLY — no physical dispatch record exists this far back
2025-02-06,GP-FG (overflow / secondary),0,,0,0,,,,,0,,SAP OnHand only — no ceiling on file for this godown; no dispatch-lag correction applied
2025-02-06,BH-FG (overflow / secondary),307691,,0,307691,,,,,307691,,SAP OnHand only — no ceiling on file for this godown; no dispatch-lag correction applied
2025-02-06,BH-SC (overflow / secondary),494,,0,494,,,,,494,,SAP OnHand only — no ceiling on file for this godown; no dispatch-lag correction applied
2025-02-07,BH-PF,50969,0,0,50969,377000,326031,13.5,0,50969,0,SAP OnHand ONLY — no physical dispatch record exists this far back
2025-02-07,OIL-FG-TOTAL (BH-BT+BH-PF),50969,0,0,50969,377000,326031,13.5,0,50969,0,SAP OnHand ONLY — no physical dispatch record exists this far back
2025-02-07,GP-FG (overflow / secondary),0,,0,0,,,,,0,,SAP OnHand only — no ceiling on file for this godown; no dispatch-lag correction applied
2025-02-07,BH-FG (overflow / secondary),375776,,0,375776,,,,,375776,,SAP OnHand only — no ceiling on file for this godown; no dispatch-lag correction applied
2025-02-07,BH-SC (overflow / secondary),494,,0,494,,,,,494,,SAP OnHand only — no ceiling on file for this godown; no dispatch-lag correction applied
2025-02-08,BH-PF,68639,0,0,68639,377000,308361,18.2,0,68639,0,SAP OnHand ONLY — no physical dispatch record exists this far back
2025-02-08,OIL-FG-TOTAL (BH-BT+BH-PF),68639,0,0,68639,377000,308361,18.2,0,68639,0,SAP OnHand ONLY — no physical dispatch record exists this far back
2025-02-08,GP-FG (overflow / secondary),0,,0,0,,,,,0,,SAP OnHand only — no ceiling on file for this godown; no dispatch-lag correction applied
2025-02-08,BH-FG (overflow / secondary),389233,,0,389233,,,,,389233,,SAP OnHand only — no ceiling on file for this godown; no dispatch-lag correction applied
2025-02-08,BH-SC (overflow / secondary),494,,0,494,,,,,494,,SAP OnHand only — no ceiling on file for this godown; no dispatch-lag correction applied
2025-02-09,BH-PF,68639,0,0,68639,377000,308361,18.2,0,68639,0,SAP OnHand ONLY — no physical dispatch record exists this far back
2025-02-09,OIL-FG-TOTAL (BH-BT+BH-PF),68639,0,0,68639,377000,308361,18.2,0,68639,0,SAP OnHand ONLY — no physical dispatch record exists this far back
2025-02-09,GP-FG (overflow / secondary),0,,0,0,,,,,0,,SAP OnHand only — no ceiling on file for this godown; no dispatch-lag correction applied
2025-02-09,BH-FG (overflow / secondary),389233,,0,389233,,,,,389233,,SAP OnHand only — no ceiling on file for this godown; no dispatch-lag correction applied
2025-02-09,BH-SC (overflow / secondary),494,,0,494,,,,,494,,SAP OnHand only — no ceiling on file for this godown; no dispatch-lag correction applied
2025-02-10,BH-PF,80879,0,0,80879,377000,296121,21.5,0,80879,0,SAP OnHand ONLY — no physical dispatch record exists this far back
2025-02-10,OIL-FG-TOTAL (BH-BT+BH-PF),80879,0,0,80879,377000,296121,21.5,0,80879,0,SAP OnHand ONLY — no physical dispatch record exists this far back
2025-02-10,GP-FG (overflow / secondary),0,,0,0,,,,,0,,SAP OnHand only — no ceiling on file for this godown; no dispatch-lag correction applied
2025-02-10,BH-FG (overflow / secondary),399153,,0,399153,,,,,399153,,SAP OnHand only — no ceiling on file for this godown; no dispatch-lag correction applied
2025-02-10,BH-SC (overflow / secondary),494,,0,494,,,,,494,,SAP OnHand only — no ceiling on file for this godown; no dispatch-lag correction applied
2025-02-11,BH-PF,64315,0,0,64315,377000,312685,17.1,0,64315,0,SAP OnHand ONLY — no physical dispatch record exists this far back
2025-02-11,OIL-FG-TOTAL (BH-BT+BH-PF),64315,0,0,64315,377000,312685,17.1,0,64315,0,SAP OnHand ONLY — no physical dispatch record exists this far back
2025-02-11,GP-FG (overflow / secondary),0,,0,0,,,,,0,,SAP OnHand only — no ceiling on file for this godown; no dispatch-lag correction applied
2025-02-11,BH-FG (overflow / secondary),396394,,0,396394,,,,,396394,,SAP OnHand only — no ceiling on file for this godown; no dispatch-lag correction applied
2025-02-11,BH-SC (overflow / secondary),501,,0,501,,,,,501,,SAP OnHand only — no ceiling on file for this godown; no dispatch-lag correction applied
2025-02-12,BH-PF,75397,0,0,75397,377000,301603,20.0,0,75397,0,SAP OnHand ONLY — no physical dispatch record exists this far back
2025-02-12,OIL-FG-TOTAL (BH-BT+BH-PF),75397,0,0,75397,377000,301603,20.0,0,75397,0,SAP OnHand ONLY — no physical dispatch record exists this far back
2025-02-12,GP-FG (overflow / secondary),0,,0,0,,,,,0,,SAP OnHand only — no ceiling on file for this godown; no dispatch-lag correction applied
2025-02-12,BH-FG (overflow / secondary),380705,,0,380705,,,,,380705,,SAP OnHand only — no ceiling on file for this godown; no dispatch-lag correction applied
2025-02-12,BH-SC (overflow / secondary),501,,0,501,,,,,501,,SAP OnHand only — no ceiling on file for this godown; no dispatch-lag correction applied
2025-02-13,BH-PF,63267,0,0,63267,377000,313733,16.8,0,63267,0,SAP OnHand ONLY — no physical dispatch record exists this far back
2025-02-13,OIL-FG-TOTAL (BH-BT+BH-PF),63267,0,0,63267,377000,313733,16.8,0,63267,0,SAP OnHand ONLY — no physical dispatch record exists this far back
2025-02-13,GP-FG (overflow / secondary),0,,0,0,,,,,0,,SAP OnHand only — no ceiling on file for this godown; no dispatch-lag correction applied
2025-02-13,BH-FG (overflow / secondary),436369,,0,436369,,,,,436369,,SAP OnHand only — no ceiling on file for this godown; no dispatch-lag correction applied
2025-02-13,BH-SC (overflow / secondary),501,,0,501,,,,,501,,SAP OnHand only — no ceiling on file for this godown; no dispatch-lag correction applied
2025-02-14,BH-PF,63267,0,0,63267,377000,313733,16.8,0,63267,0,SAP OnHand ONLY — no physical dispatch record exists this far back
2025-02-14,OIL-FG-TOTAL (BH-BT+BH-PF),63267,0,0,63267,377000,313733,16.8,0,63267,0,SAP OnHand ONLY — no physical dispatch record exists this far back
2025-02-14,GP-FG (overflow / secondary),0,,0,0,,,,,0,,SAP OnHand only — no ceiling on file for this godown; no dispatch-lag correction applied
2025-02-14,BH-FG (overflow / secondary),425913,,0,425913,,,,,425913,,SAP OnHand only — no ceiling on file for this godown; no dispatch-lag correction applied
2025-02-14,BH-SC (overflow / secondary),501,,0,501,,,,,501,,SAP OnHand only — no ceiling on file for this godown; no dispatch-lag correction applied
2025-02-15,BH-PF,63267,0,0,63267,377000,313733,16.8,0,63267,0,SAP OnHand ONLY — no physical dispatch record exists this far back
2025-02-15,OIL-FG-TOTAL (BH-BT+BH-PF),63267,0,0,63267,377000,313733,16.8,0,63267,0,SAP OnHand ONLY — no physical dispatch record exists this far back
2025-02-15,GP-FG (overflow / secondary),0,,0,0,,,,,0,,SAP OnHand only — no ceiling on file for this godown; no dispatch-lag correction applied
2025-02-15,BH-FG (overflow / secondary),396024,,0,396024,,,,,396024,,SAP OnHand only — no ceiling on file for this godown; no dispatch-lag correction applied
2025-02-15,BH-SC (overflow / secondary),501,,0,501,,,,,501,,SAP OnHand only — no ceiling on file for this godown; no dispatch-lag correction applied
2025-02-16,BH-PF,63267,0,0,63267,377000,313733,16.8,0,63267,0,SAP OnHand ONLY — no physical dispatch record exists this far back
2025-02-16,OIL-FG-TOTAL (BH-BT+BH-PF),63267,0,0,63267,377000,313733,16.8,0,63267,0,SAP OnHand ONLY — no physical dispatch record exists this far back
2025-02-16,GP-FG (overflow / secondary),0,,0,0,,,,,0,,SAP OnHand only — no ceiling on file for this godown; no dispatch-lag correction applied
2025-02-16,BH-FG (overflow / secondary),396024,,0,396024,,,,,396024,,SAP OnHand only — no ceiling on file for this godown; no dispatch-lag correction applied
2025-02-16,BH-SC (overflow / secondary),501,,0,501,,,,,501,,SAP OnHand only — no ceiling on file for this godown; no dispatch-lag correction applied
2025-02-17,BH-PF,57834,0,0,57834,377000,319166,15.3,0,57834,0,SAP OnHand ONLY — no physical dispatch record exists this far back
2025-02-17,OIL-FG-TOTAL (BH-BT+BH-PF),57834,0,0,57834,377000,319166,15.3,0,57834,0,SAP OnHand ONLY — no physical dispatch record exists this far back
2025-02-17,GP-FG (overflow / secondary),0,,0,0,,,,,0,,SAP OnHand only — no ceiling on file for this godown; no dispatch-lag correction applied
2025-02-17,BH-FG (overflow / secondary),425502,,0,425502,,,,,425502,,SAP OnHand only — no ceiling on file for this godown; no dispatch-lag correction applied
2025-02-17,BH-SC (overflow / secondary),501,,0,501,,,,,501,,SAP OnHand only — no ceiling on file for this godown; no dispatch-lag correction applied
2025-02-18,BH-PF,61107,0,0,61107,377000,315893,16.2,0,61107,0,SAP OnHand ONLY — no physical dispatch record exists this far back
2025-02-18,OIL-FG-TOTAL (BH-BT+BH-PF),61107,0,0,61107,377000,315893,16.2,0,61107,0,SAP OnHand ONLY — no physical dispatch record exists this far back
2025-02-18,GP-FG (overflow / secondary),0,,0,0,,,,,0,,SAP OnHand only — no ceiling on file for this godown; no dispatch-lag correction applied
2025-02-18,BH-FG (overflow / secondary),423844,,0,423844,,,,,423844,,SAP OnHand only — no ceiling on file for this godown; no dispatch-lag correction applied
2025-02-18,BH-SC (overflow / secondary),501,,0,501,,,,,501,,SAP OnHand only — no ceiling on file for this godown; no dispatch-lag correction applied
2025-02-19,BH-PF,61107,0,0,61107,377000,315893,16.2,0,61107,0,SAP OnHand ONLY — no physical dispatch record exists this far back
2025-02-19,OIL-FG-TOTAL (BH-BT+BH-PF),61107,0,0,61107,377000,315893,16.2,0,61107,0,SAP OnHand ONLY — no physical dispatch record exists this far back
2025-02-19,GP-FG (overflow / secondary),0,,0,0,,,,,0,,SAP OnHand only — no ceiling on file for this godown; no dispatch-lag correction applied
2025-02-19,BH-FG (overflow / secondary),471872,,0,471872,,,,,471872,,SAP OnHand only — no ceiling on file for this godown; no dispatch-lag correction applied
2025-02-19,BH-SC (overflow / secondary),501,,0,501,,,,,501,,SAP OnHand only — no ceiling on file for this godown; no dispatch-lag correction applied
2025-02-20,BH-PF,153359,0,0,153359,377000,223641,40.7,0,153359,0,SAP OnHand ONLY — no physical dispatch record exists this far back
2025-02-20,OIL-FG-TOTAL (BH-BT+BH-PF),153359,0,0,153359,377000,223641,40.7,0,153359,0,SAP OnHand ONLY — no physical dispatch record exists this far back
2025-02-20,GP-FG (overflow / secondary),0,,0,0,,,,,0,,SAP OnHand only — no ceiling on file for this godown; no dispatch-lag correction applied
2025-02-20,BH-FG (overflow / secondary),435632,,0,435632,,,,,435632,,SAP OnHand only — no ceiling on file for this godown; no dispatch-lag correction applied
2025-02-20,BH-SC (overflow / secondary),501,,0,501,,,,,501,,SAP OnHand only — no ceiling on file for this godown; no dispatch-lag correction applied
2025-02-21,BH-PF,152799,0,0,152799,377000,224201,40.5,0,152799,0,SAP OnHand ONLY — no physical dispatch record exists this far back
2025-02-21,OIL-FG-TOTAL (BH-BT+BH-PF),152799,0,0,152799,377000,224201,40.5,0,152799,0,SAP OnHand ONLY — no physical dispatch record exists this far back
2025-02-21,GP-FG (overflow / secondary),0,,0,0,,,,,0,,SAP OnHand only — no ceiling on file for this godown; no dispatch-lag correction applied
2025-02-21,BH-FG (overflow / secondary),529856,,0,529856,,,,,529856,,SAP OnHand only — no ceiling on file for this godown; no dispatch-lag correction applied
2025-02-21,BH-SC (overflow / secondary),501,,0,501,,,,,501,,SAP OnHand only — no ceiling on file for this godown; no dispatch-lag correction applied
2025-02-22,BH-PF,157131,0,0,157131,377000,219869,41.7,0,157131,0,SAP OnHand ONLY — no physical dispatch record exists this far back
2025-02-22,OIL-FG-TOTAL (BH-BT+BH-PF),157131,0,0,157131,377000,219869,41.7,0,157131,0,SAP OnHand ONLY — no physical dispatch record exists this far back
2025-02-22,GP-FG (overflow / secondary),0,,0,0,,,,,0,,SAP OnHand only — no ceiling on file for this godown; no dispatch-lag correction applied
2025-02-22,BH-FG (overflow / secondary),570079,,0,570079,,,,,570079,,SAP OnHand only — no ceiling on file for this godown; no dispatch-lag correction applied
2025-02-22,BH-SC (overflow / secondary),501,,0,501,,,,,501,,SAP OnHand only — no ceiling on file for this godown; no dispatch-lag correction applied
2025-02-23,BH-PF,158071,0,0,158071,377000,218929,41.9,0,158071,0,SAP OnHand ONLY — no physical dispatch record exists this far back
2025-02-23,OIL-FG-TOTAL (BH-BT+BH-PF),158071,0,0,158071,377000,218929,41.9,0,158071,0,SAP OnHand ONLY — no physical dispatch record exists this far back
2025-02-23,GP-FG (overflow / secondary),0,,0,0,,,,,0,,SAP OnHand only — no ceiling on file for this godown; no dispatch-lag correction applied
2025-02-23,BH-FG (overflow / secondary),588599,,0,588599,,,,,588599,,SAP OnHand only — no ceiling on file for this godown; no dispatch-lag correction applied
2025-02-23,BH-SC (overflow / secondary),501,,0,501,,,,,501,,SAP OnHand only — no ceiling on file for this godown; no dispatch-lag correction applied
2025-02-24,BH-PF,110175,0,0,110175,377000,266825,29.2,0,110175,0,SAP OnHand ONLY — no physical dispatch record exists this far back
2025-02-24,OIL-FG-TOTAL (BH-BT+BH-PF),110175,0,0,110175,377000,266825,29.2,0,110175,0,SAP OnHand ONLY — no physical dispatch record exists this far back
2025-02-24,GP-FG (overflow / secondary),0,,0,0,,,,,0,,SAP OnHand only — no ceiling on file for this godown; no dispatch-lag correction applied
2025-02-24,BH-FG (overflow / secondary),589573,,0,589573,,,,,589573,,SAP OnHand only — no ceiling on file for this godown; no dispatch-lag correction applied
2025-02-24,BH-SC (overflow / secondary),501,,0,501,,,,,501,,SAP OnHand only — no ceiling on file for this godown; no dispatch-lag correction applied
2025-02-25,BH-PF,123999,0,0,123999,377000,253001,32.9,0,123999,0,SAP OnHand ONLY — no physical dispatch record exists this far back
2025-02-25,OIL-FG-TOTAL (BH-BT+BH-PF),123999,0,0,123999,377000,253001,32.9,0,123999,0,SAP OnHand ONLY — no physical dispatch record exists this far back
2025-02-25,GP-FG (overflow / secondary),0,,0,0,,,,,0,,SAP OnHand only — no ceiling on file for this godown; no dispatch-lag correction applied
2025-02-25,BH-FG (overflow / secondary),591039,,0,591039,,,,,591039,,SAP OnHand only — no ceiling on file for this godown; no dispatch-lag correction applied
2025-02-25,BH-SC (overflow / secondary),501,,0,501,,,,,501,,SAP OnHand only — no ceiling on file for this godown; no dispatch-lag correction applied
2025-02-26,BH-PF,156543,0,0,156543,377000,220457,41.5,0,156543,0,SAP OnHand ONLY — no physical dispatch record exists this far back
2025-02-26,OIL-FG-TOTAL (BH-BT+BH-PF),156543,0,0,156543,377000,220457,41.5,0,156543,0,SAP OnHand ONLY — no physical dispatch record exists this far back
2025-02-26,GP-FG (overflow / secondary),0,,0,0,,,,,0,,SAP OnHand only — no ceiling on file for this godown; no dispatch-lag correction applied
2025-02-26,BH-FG (overflow / secondary),489061,,0,489061,,,,,489061,,SAP OnHand only — no ceiling on file for this godown; no dispatch-lag correction applied
2025-02-26,BH-SC (overflow / secondary),501,,0,501,,,,,501,,SAP OnHand only — no ceiling on file for this godown; no dispatch-lag correction applied
2025-02-27,BH-PF,94543,0,0,94543,377000,282457,25.1,0,94543,0,SAP OnHand ONLY — no physical dispatch record exists this far back
2025-02-27,OIL-FG-TOTAL (BH-BT+BH-PF),94543,0,0,94543,377000,282457,25.1,0,94543,0,SAP OnHand ONLY — no physical dispatch record exists this far back
2025-02-27,GP-FG (overflow / secondary),0,,0,0,,,,,0,,SAP OnHand only — no ceiling on file for this godown; no dispatch-lag correction applied
2025-02-27,BH-FG (overflow / secondary),530666,,0,530666,,,,,530666,,SAP OnHand only — no ceiling on file for this godown; no dispatch-lag correction applied
2025-02-27,BH-SC (overflow / secondary),501,,0,501,,,,,501,,SAP OnHand only — no ceiling on file for this godown; no dispatch-lag correction applied
2025-02-28,BH-PF,24757,0,0,24757,377000,352243,6.6,0,24757,0,SAP OnHand ONLY — no physical dispatch record exists this far back
2025-02-28,OIL-FG-TOTAL (BH-BT+BH-PF),24757,0,0,24757,377000,352243,6.6,0,24757,0,SAP OnHand ONLY — no physical dispatch record exists this far back
2025-02-28,GP-FG (overflow / secondary),0,,0,0,,,,,0,,SAP OnHand only — no ceiling on file for this godown; no dispatch-lag correction applied
2025-02-28,BH-FG (overflow / secondary),507647,,0,507647,,,,,507647,,SAP OnHand only — no ceiling on file for this godown; no dispatch-lag correction applied
2025-02-28,BH-SC (overflow / secondary),530,,0,530,,,,,530,,SAP OnHand only — no ceiling on file for this godown; no dispatch-lag correction applied
2025-03-01,BH-PF,24757,0,0,24757,377000,352243,6.6,0,24757,0,SAP OnHand ONLY — no physical dispatch record exists this far back
2025-03-01,OIL-FG-TOTAL (BH-BT+BH-PF),24757,0,0,24757,377000,352243,6.6,0,24757,0,SAP OnHand ONLY — no physical dispatch record exists this far back
2025-03-01,GP-FG (overflow / secondary),0,,0,0,,,,,0,,SAP OnHand only — no ceiling on file for this godown; no dispatch-lag correction applied
2025-03-01,BH-FG (overflow / secondary),490913,,0,490913,,,,,490913,,SAP OnHand only — no ceiling on file for this godown; no dispatch-lag correction applied
2025-03-01,BH-SC (overflow / secondary),530,,0,530,,,,,530,,SAP OnHand only — no ceiling on file for this godown; no dispatch-lag correction applied
2025-03-02,BH-PF,24757,0,0,24757,377000,352243,6.6,0,24757,0,SAP OnHand ONLY — no physical dispatch record exists this far back
2025-03-02,OIL-FG-TOTAL (BH-BT+BH-PF),24757,0,0,24757,377000,352243,6.6,0,24757,0,SAP OnHand ONLY — no physical dispatch record exists this far back
2025-03-02,GP-FG (overflow / secondary),0,,0,0,,,,,0,,SAP OnHand only — no ceiling on file for this godown; no dispatch-lag correction applied
2025-03-02,BH-FG (overflow / secondary),490913,,0,490913,,,,,490913,,SAP OnHand only — no ceiling on file for this godown; no dispatch-lag correction applied
2025-03-02,BH-SC (overflow / secondary),530,,0,530,,,,,530,,SAP OnHand only — no ceiling on file for this godown; no dispatch-lag correction applied
2025-03-03,BH-PF,25585,0,0,25585,377000,351415,6.8,0,25585,0,SAP OnHand ONLY — no physical dispatch record exists this far back
2025-03-03,OIL-FG-TOTAL (BH-BT+BH-PF),25585,0,0,25585,377000,351415,6.8,0,25585,0,SAP OnHand ONLY — no physical dispatch record exists this far back
2025-03-03,GP-FG (overflow / secondary),0,,0,0,,,,,0,,SAP OnHand only — no ceiling on file for this godown; no dispatch-lag correction applied
2025-03-03,BH-FG (overflow / secondary),489621,,0,489621,,,,,489621,,SAP OnHand only — no ceiling on file for this godown; no dispatch-lag correction applied
2025-03-03,BH-SC (overflow / secondary),530,,0,530,,,,,530,,SAP OnHand only — no ceiling on file for this godown; no dispatch-lag correction applied
2025-03-04,BH-PF,25585,0,0,25585,377000,351415,6.8,0,25585,0,SAP OnHand ONLY — no physical dispatch record exists this far back
2025-03-04,OIL-FG-TOTAL (BH-BT+BH-PF),25585,0,0,25585,377000,351415,6.8,0,25585,0,SAP OnHand ONLY — no physical dispatch record exists this far back
2025-03-04,GP-FG (overflow / secondary),0,,0,0,,,,,0,,SAP OnHand only — no ceiling on file for this godown; no dispatch-lag correction applied
2025-03-04,BH-FG (overflow / secondary),471474,,0,471474,,,,,471474,,SAP OnHand only — no ceiling on file for this godown; no dispatch-lag correction applied
2025-03-04,BH-SC (overflow / secondary),530,,0,530,,,,,530,,SAP OnHand only — no ceiling on file for this godown; no dispatch-lag correction applied
2025-03-05,BH-PF,25585,0,0,25585,377000,351415,6.8,0,25585,0,SAP OnHand ONLY — no physical dispatch record exists this far back
2025-03-05,OIL-FG-TOTAL (BH-BT+BH-PF),25585,0,0,25585,377000,351415,6.8,0,25585,0,SAP OnHand ONLY — no physical dispatch record exists this far back
2025-03-05,GP-FG (overflow / secondary),0,,0,0,,,,,0,,SAP OnHand only — no ceiling on file for this godown; no dispatch-lag correction applied
2025-03-05,BH-FG (overflow / secondary),442264,,0,442264,,,,,442264,,SAP OnHand only — no ceiling on file for this godown; no dispatch-lag correction applied
2025-03-05,BH-SC (overflow / secondary),530,,0,530,,,,,530,,SAP OnHand only — no ceiling on file for this godown; no dispatch-lag correction applied
2025-03-06,BH-PF,86761,0,0,86761,377000,290239,23.0,0,86761,0,SAP OnHand ONLY — no physical dispatch record exists this far back
2025-03-06,OIL-FG-TOTAL (BH-BT+BH-PF),86761,0,0,86761,377000,290239,23.0,0,86761,0,SAP OnHand ONLY — no physical dispatch record exists this far back
2025-03-06,GP-FG (overflow / secondary),0,,0,0,,,,,0,,SAP OnHand only — no ceiling on file for this godown; no dispatch-lag correction applied
2025-03-06,BH-FG (overflow / secondary),474014,,0,474014,,,,,474014,,SAP OnHand only — no ceiling on file for this godown; no dispatch-lag correction applied
2025-03-06,BH-SC (overflow / secondary),530,,0,530,,,,,530,,SAP OnHand only — no ceiling on file for this godown; no dispatch-lag correction applied
2025-03-07,BH-PF,65253,0,0,65253,377000,311747,17.3,0,65253,0,SAP OnHand ONLY — no physical dispatch record exists this far back
2025-03-07,OIL-FG-TOTAL (BH-BT+BH-PF),65253,0,0,65253,377000,311747,17.3,0,65253,0,SAP OnHand ONLY — no physical dispatch record exists this far back
2025-03-07,GP-FG (overflow / secondary),0,,0,0,,,,,0,,SAP OnHand only — no ceiling on file for this godown; no dispatch-lag correction applied
2025-03-07,BH-FG (overflow / secondary),522305,,0,522305,,,,,522305,,SAP OnHand only — no ceiling on file for this godown; no dispatch-lag correction applied
2025-03-07,BH-SC (overflow / secondary),530,,0,530,,,,,530,,SAP OnHand only — no ceiling on file for this godown; no dispatch-lag correction applied
2025-03-08,BH-PF,67811,0,0,67811,377000,309189,18.0,0,67811,0,SAP OnHand ONLY — no physical dispatch record exists this far back
2025-03-08,OIL-FG-TOTAL (BH-BT+BH-PF),67811,0,0,67811,377000,309189,18.0,0,67811,0,SAP OnHand ONLY — no physical dispatch record exists this far back
2025-03-08,GP-FG (overflow / secondary),0,,0,0,,,,,0,,SAP OnHand only — no ceiling on file for this godown; no dispatch-lag correction applied
2025-03-08,BH-FG (overflow / secondary),511177,,0,511177,,,,,511177,,SAP OnHand only — no ceiling on file for this godown; no dispatch-lag correction applied
2025-03-08,BH-SC (overflow / secondary),530,,0,530,,,,,530,,SAP OnHand only — no ceiling on file for this godown; no dispatch-lag correction applied
2025-03-09,BH-PF,71527,0,0,71527,377000,305473,19.0,0,71527,0,SAP OnHand ONLY — no physical dispatch record exists this far back
2025-03-09,OIL-FG-TOTAL (BH-BT+BH-PF),71527,0,0,71527,377000,305473,19.0,0,71527,0,SAP OnHand ONLY — no physical dispatch record exists this far back
2025-03-09,GP-FG (overflow / secondary),0,,0,0,,,,,0,,SAP OnHand only — no ceiling on file for this godown; no dispatch-lag correction applied
2025-03-09,BH-FG (overflow / secondary),566397,,0,566397,,,,,566397,,SAP OnHand only — no ceiling on file for this godown; no dispatch-lag correction applied
2025-03-09,BH-SC (overflow / secondary),530,,0,530,,,,,530,,SAP OnHand only — no ceiling on file for this godown; no dispatch-lag correction applied
2025-03-10,BH-PF,52753,0,0,52753,377000,324247,14.0,0,52753,0,SAP OnHand ONLY — no physical dispatch record exists this far back
2025-03-10,OIL-FG-TOTAL (BH-BT+BH-PF),52753,0,0,52753,377000,324247,14.0,0,52753,0,SAP OnHand ONLY — no physical dispatch record exists this far back
2025-03-10,GP-FG (overflow / secondary),0,,0,0,,,,,0,,SAP OnHand only — no ceiling on file for this godown; no dispatch-lag correction applied
2025-03-10,BH-FG (overflow / secondary),552661,,0,552661,,,,,552661,,SAP OnHand only — no ceiling on file for this godown; no dispatch-lag correction applied
2025-03-10,BH-SC (overflow / secondary),530,,0,530,,,,,530,,SAP OnHand only — no ceiling on file for this godown; no dispatch-lag correction applied
2025-03-11,BH-PF,85072,0,0,85072,377000,291928,22.6,0,85072,0,SAP OnHand ONLY — no physical dispatch record exists this far back
2025-03-11,OIL-FG-TOTAL (BH-BT+BH-PF),85072,0,0,85072,377000,291928,22.6,0,85072,0,SAP OnHand ONLY — no physical dispatch record exists this far back
2025-03-11,GP-FG (overflow / secondary),0,,0,0,,,,,0,,SAP OnHand only — no ceiling on file for this godown; no dispatch-lag correction applied
2025-03-11,BH-FG (overflow / secondary),561944,,0,561944,,,,,561944,,SAP OnHand only — no ceiling on file for this godown; no dispatch-lag correction applied
2025-03-11,BH-SC (overflow / secondary),530,,0,530,,,,,530,,SAP OnHand only — no ceiling on file for this godown; no dispatch-lag correction applied
2025-03-12,BH-PF,85072,0,0,85072,377000,291928,22.6,0,85072,0,SAP OnHand ONLY — no physical dispatch record exists this far back
2025-03-12,OIL-FG-TOTAL (BH-BT+BH-PF),85072,0,0,85072,377000,291928,22.6,0,85072,0,SAP OnHand ONLY — no physical dispatch record exists this far back
2025-03-12,GP-FG (overflow / secondary),0,,0,0,,,,,0,,SAP OnHand only — no ceiling on file for this godown; no dispatch-lag correction applied
2025-03-12,BH-FG (overflow / secondary),514027,,0,514027,,,,,514027,,SAP OnHand only — no ceiling on file for this godown; no dispatch-lag correction applied
2025-03-12,BH-SC (overflow / secondary),530,,0,530,,,,,530,,SAP OnHand only — no ceiling on file for this godown; no dispatch-lag correction applied
2025-03-13,BH-PF,64718,0,0,64718,377000,312282,17.2,0,64718,0,SAP OnHand ONLY — no physical dispatch record exists this far back
2025-03-13,OIL-FG-TOTAL (BH-BT+BH-PF),64718,0,0,64718,377000,312282,17.2,0,64718,0,SAP OnHand ONLY — no physical dispatch record exists this far back
2025-03-13,GP-FG (overflow / secondary),0,,0,0,,,,,0,,SAP OnHand only — no ceiling on file for this godown; no dispatch-lag correction applied
2025-03-13,BH-FG (overflow / secondary),548021,,0,548021,,,,,548021,,SAP OnHand only — no ceiling on file for this godown; no dispatch-lag correction applied
2025-03-13,BH-SC (overflow / secondary),530,,0,530,,,,,530,,SAP OnHand only — no ceiling on file for this godown; no dispatch-lag correction applied
2025-03-14,BH-PF,64718,0,0,64718,377000,312282,17.2,0,64718,0,SAP OnHand ONLY — no physical dispatch record exists this far back
2025-03-14,OIL-FG-TOTAL (BH-BT+BH-PF),64718,0,0,64718,377000,312282,17.2,0,64718,0,SAP OnHand ONLY — no physical dispatch record exists this far back
2025-03-14,GP-FG (overflow / secondary),0,,0,0,,,,,0,,SAP OnHand only — no ceiling on file for this godown; no dispatch-lag correction applied
2025-03-14,BH-FG (overflow / secondary),548021,,0,548021,,,,,548021,,SAP OnHand only — no ceiling on file for this godown; no dispatch-lag correction applied
2025-03-14,BH-SC (overflow / secondary),530,,0,530,,,,,530,,SAP OnHand only — no ceiling on file for this godown; no dispatch-lag correction applied
2025-03-15,BH-PF,90147,0,0,90147,377000,286853,23.9,0,90147,0,SAP OnHand ONLY — no physical dispatch record exists this far back
2025-03-15,OIL-FG-TOTAL (BH-BT+BH-PF),90147,0,0,90147,377000,286853,23.9,0,90147,0,SAP OnHand ONLY — no physical dispatch record exists this far back
2025-03-15,GP-FG (overflow / secondary),0,,0,0,,,,,0,,SAP OnHand only — no ceiling on file for this godown; no dispatch-lag correction applied
2025-03-15,BH-FG (overflow / secondary),550188,,0,550188,,,,,550188,,SAP OnHand only — no ceiling on file for this godown; no dispatch-lag correction applied
2025-03-15,BH-SC (overflow / secondary),530,,0,530,,,,,530,,SAP OnHand only — no ceiling on file for this godown; no dispatch-lag correction applied
2025-03-16,BH-PF,90147,0,0,90147,377000,286853,23.9,0,90147,0,SAP OnHand ONLY — no physical dispatch record exists this far back
2025-03-16,OIL-FG-TOTAL (BH-BT+BH-PF),90147,0,0,90147,377000,286853,23.9,0,90147,0,SAP OnHand ONLY — no physical dispatch record exists this far back
2025-03-16,GP-FG (overflow / secondary),0,,0,0,,,,,0,,SAP OnHand only — no ceiling on file for this godown; no dispatch-lag correction applied
2025-03-16,BH-FG (overflow / secondary),550188,,0,550188,,,,,550188,,SAP OnHand only — no ceiling on file for this godown; no dispatch-lag correction applied
2025-03-16,BH-SC (overflow / secondary),530,,0,530,,,,,530,,SAP OnHand only — no ceiling on file for this godown; no dispatch-lag correction applied
2025-03-17,BH-PF,114270,0,0,114270,377000,262730,30.3,0,114270,0,SAP OnHand ONLY — no physical dispatch record exists this far back
2025-03-17,OIL-FG-TOTAL (BH-BT+BH-PF),114270,0,0,114270,377000,262730,30.3,0,114270,0,SAP OnHand ONLY — no physical dispatch record exists this far back
2025-03-17,GP-FG (overflow / secondary),0,,0,0,,,,,0,,SAP OnHand only — no ceiling on file for this godown; no dispatch-lag correction applied
2025-03-17,BH-FG (overflow / secondary),574187,,0,574187,,,,,574187,,SAP OnHand only — no ceiling on file for this godown; no dispatch-lag correction applied
2025-03-17,BH-SC (overflow / secondary),530,,0,530,,,,,530,,SAP OnHand only — no ceiling on file for this godown; no dispatch-lag correction applied
2025-03-18,BH-PF,128128,0,0,128128,377000,248872,34.0,0,128128,0,SAP OnHand ONLY — no physical dispatch record exists this far back
2025-03-18,OIL-FG-TOTAL (BH-BT+BH-PF),128128,0,0,128128,377000,248872,34.0,0,128128,0,SAP OnHand ONLY — no physical dispatch record exists this far back
2025-03-18,GP-FG (overflow / secondary),0,,0,0,,,,,0,,SAP OnHand only — no ceiling on file for this godown; no dispatch-lag correction applied
2025-03-18,BH-FG (overflow / secondary),556055,,0,556055,,,,,556055,,SAP OnHand only — no ceiling on file for this godown; no dispatch-lag correction applied
2025-03-18,BH-SC (overflow / secondary),530,,0,530,,,,,530,,SAP OnHand only — no ceiling on file for this godown; no dispatch-lag correction applied
2025-03-19,BH-PF,172891,0,0,172891,377000,204109,45.9,0,172891,0,SAP OnHand ONLY — no physical dispatch record exists this far back
2025-03-19,OIL-FG-TOTAL (BH-BT+BH-PF),172891,0,0,172891,377000,204109,45.9,0,172891,0,SAP OnHand ONLY — no physical dispatch record exists this far back
2025-03-19,GP-FG (overflow / secondary),0,,0,0,,,,,0,,SAP OnHand only — no ceiling on file for this godown; no dispatch-lag correction applied
2025-03-19,BH-FG (overflow / secondary),517614,,0,517614,,,,,517614,,SAP OnHand only — no ceiling on file for this godown; no dispatch-lag correction applied
2025-03-19,BH-SC (overflow / secondary),530,,0,530,,,,,530,,SAP OnHand only — no ceiling on file for this godown; no dispatch-lag correction applied
2025-03-20,BH-PF,241068,0,0,241068,377000,135932,63.9,0,241068,0,SAP OnHand ONLY — no physical dispatch record exists this far back
2025-03-20,OIL-FG-TOTAL (BH-BT+BH-PF),241068,0,0,241068,377000,135932,63.9,0,241068,0,SAP OnHand ONLY — no physical dispatch record exists this far back
2025-03-20,GP-FG (overflow / secondary),0,,0,0,,,,,0,,SAP OnHand only — no ceiling on file for this godown; no dispatch-lag correction applied
2025-03-20,BH-FG (overflow / secondary),498657,,0,498657,,,,,498657,,SAP OnHand only — no ceiling on file for this godown; no dispatch-lag correction applied
2025-03-20,BH-SC (overflow / secondary),530,,0,530,,,,,530,,SAP OnHand only — no ceiling on file for this godown; no dispatch-lag correction applied
2025-03-21,BH-PF,171193,0,0,171193,377000,205807,45.4,0,171193,0,SAP OnHand ONLY — no physical dispatch record exists this far back
2025-03-21,OIL-FG-TOTAL (BH-BT+BH-PF),171193,0,0,171193,377000,205807,45.4,0,171193,0,SAP OnHand ONLY — no physical dispatch record exists this far back
2025-03-21,GP-FG (overflow / secondary),0,,0,0,,,,,0,,SAP OnHand only — no ceiling on file for this godown; no dispatch-lag correction applied
2025-03-21,BH-FG (overflow / secondary),547107,,0,547107,,,,,547107,,SAP OnHand only — no ceiling on file for this godown; no dispatch-lag correction applied
2025-03-21,BH-SC (overflow / secondary),530,,0,530,,,,,530,,SAP OnHand only — no ceiling on file for this godown; no dispatch-lag correction applied
2025-03-22,BH-PF,158469,0,0,158469,377000,218531,42.0,0,158469,0,SAP OnHand ONLY — no physical dispatch record exists this far back
2025-03-22,OIL-FG-TOTAL (BH-BT+BH-PF),158469,0,0,158469,377000,218531,42.0,0,158469,0,SAP OnHand ONLY — no physical dispatch record exists this far back
2025-03-22,GP-FG (overflow / secondary),0,,0,0,,,,,0,,SAP OnHand only — no ceiling on file for this godown; no dispatch-lag correction applied
2025-03-22,BH-FG (overflow / secondary),658455,,0,658455,,,,,658455,,SAP OnHand only — no ceiling on file for this godown; no dispatch-lag correction applied
2025-03-22,BH-SC (overflow / secondary),530,,0,530,,,,,530,,SAP OnHand only — no ceiling on file for this godown; no dispatch-lag correction applied
2025-03-23,BH-PF,158469,0,0,158469,377000,218531,42.0,0,158469,0,SAP OnHand ONLY — no physical dispatch record exists this far back
2025-03-23,OIL-FG-TOTAL (BH-BT+BH-PF),158469,0,0,158469,377000,218531,42.0,0,158469,0,SAP OnHand ONLY — no physical dispatch record exists this far back
2025-03-23,GP-FG (overflow / secondary),0,,0,0,,,,,0,,SAP OnHand only — no ceiling on file for this godown; no dispatch-lag correction applied
2025-03-23,BH-FG (overflow / secondary),658455,,0,658455,,,,,658455,,SAP OnHand only — no ceiling on file for this godown; no dispatch-lag correction applied
2025-03-23,BH-SC (overflow / secondary),530,,0,530,,,,,530,,SAP OnHand only — no ceiling on file for this godown; no dispatch-lag correction applied
2025-03-24,BH-PF,136188,0,0,136188,377000,240812,36.1,0,136188,0,SAP OnHand ONLY — no physical dispatch record exists this far back
2025-03-24,OIL-FG-TOTAL (BH-BT+BH-PF),136188,0,0,136188,377000,240812,36.1,0,136188,0,SAP OnHand ONLY — no physical dispatch record exists this far back
2025-03-24,GP-FG (overflow / secondary),0,,0,0,,,,,0,,SAP OnHand only — no ceiling on file for this godown; no dispatch-lag correction applied
2025-03-24,BH-FG (overflow / secondary),572478,,0,572478,,,,,572478,,SAP OnHand only — no ceiling on file for this godown; no dispatch-lag correction applied
2025-03-24,BH-SC (overflow / secondary),530,,0,530,,,,,530,,SAP OnHand only — no ceiling on file for this godown; no dispatch-lag correction applied
2025-03-25,BH-PF,133432,0,0,133432,377000,243568,35.4,0,133432,0,SAP OnHand ONLY — no physical dispatch record exists this far back
2025-03-25,OIL-FG-TOTAL (BH-BT+BH-PF),133432,0,0,133432,377000,243568,35.4,0,133432,0,SAP OnHand ONLY — no physical dispatch record exists this far back
2025-03-25,GP-FG (overflow / secondary),0,,0,0,,,,,0,,SAP OnHand only — no ceiling on file for this godown; no dispatch-lag correction applied
2025-03-25,BH-FG (overflow / secondary),548379,,0,548379,,,,,548379,,SAP OnHand only — no ceiling on file for this godown; no dispatch-lag correction applied
2025-03-25,BH-SC (overflow / secondary),530,,0,530,,,,,530,,SAP OnHand only — no ceiling on file for this godown; no dispatch-lag correction applied
2025-03-26,BH-PF,147252,0,0,147252,377000,229748,39.1,0,147252,0,SAP OnHand ONLY — no physical dispatch record exists this far back
2025-03-26,OIL-FG-TOTAL (BH-BT+BH-PF),147252,0,0,147252,377000,229748,39.1,0,147252,0,SAP OnHand ONLY — no physical dispatch record exists this far back
2025-03-26,GP-FG (overflow / secondary),0,,0,0,,,,,0,,SAP OnHand only — no ceiling on file for this godown; no dispatch-lag correction applied
2025-03-26,BH-FG (overflow / secondary),627586,,0,627586,,,,,627586,,SAP OnHand only — no ceiling on file for this godown; no dispatch-lag correction applied
2025-03-26,BH-SC (overflow / secondary),539,,0,539,,,,,539,,SAP OnHand only — no ceiling on file for this godown; no dispatch-lag correction applied
2025-03-27,BH-PF,171986,0,0,171986,377000,205014,45.6,0,171986,0,SAP OnHand ONLY — no physical dispatch record exists this far back
2025-03-27,OIL-FG-TOTAL (BH-BT+BH-PF),171986,0,0,171986,377000,205014,45.6,0,171986,0,SAP OnHand ONLY — no physical dispatch record exists this far back
2025-03-27,GP-FG (overflow / secondary),0,,0,0,,,,,0,,SAP OnHand only — no ceiling on file for this godown; no dispatch-lag correction applied
2025-03-27,BH-FG (overflow / secondary),646050,,0,646050,,,,,646050,,SAP OnHand only — no ceiling on file for this godown; no dispatch-lag correction applied
2025-03-27,BH-SC (overflow / secondary),539,,0,539,,,,,539,,SAP OnHand only — no ceiling on file for this godown; no dispatch-lag correction applied
2025-03-28,BH-PF,245392,0,0,245392,377000,131608,65.1,0,245392,0,SAP OnHand ONLY — no physical dispatch record exists this far back
2025-03-28,OIL-FG-TOTAL (BH-BT+BH-PF),245392,0,0,245392,377000,131608,65.1,0,245392,0,SAP OnHand ONLY — no physical dispatch record exists this far back
2025-03-28,GP-FG (overflow / secondary),0,,0,0,,,,,0,,SAP OnHand only — no ceiling on file for this godown; no dispatch-lag correction applied
2025-03-28,BH-FG (overflow / secondary),670930,,0,670930,,,,,670930,,SAP OnHand only — no ceiling on file for this godown; no dispatch-lag correction applied
2025-03-28,BH-SC (overflow / secondary),539,,0,539,,,,,539,,SAP OnHand only — no ceiling on file for this godown; no dispatch-lag correction applied
2025-03-29,BH-PF,148315,0,0,148315,377000,228685,39.3,0,148315,0,SAP OnHand ONLY — no physical dispatch record exists this far back
2025-03-29,OIL-FG-TOTAL (BH-BT+BH-PF),148315,0,0,148315,377000,228685,39.3,0,148315,0,SAP OnHand ONLY — no physical dispatch record exists this far back
2025-03-29,GP-FG (overflow / secondary),0,,0,0,,,,,0,,SAP OnHand only — no ceiling on file for this godown; no dispatch-lag correction applied
2025-03-29,BH-FG (overflow / secondary),599063,,0,599063,,,,,599063,,SAP OnHand only — no ceiling on file for this godown; no dispatch-lag correction applied
2025-03-29,BH-SC (overflow / secondary),539,,0,539,,,,,539,,SAP OnHand only — no ceiling on file for this godown; no dispatch-lag correction applied
2025-03-30,BH-PF,148315,0,0,148315,377000,228685,39.3,0,148315,0,SAP OnHand ONLY — no physical dispatch record exists this far back
2025-03-30,OIL-FG-TOTAL (BH-BT+BH-PF),148315,0,0,148315,377000,228685,39.3,0,148315,0,SAP OnHand ONLY — no physical dispatch record exists this far back
2025-03-30,GP-FG (overflow / secondary),0,,0,0,,,,,0,,SAP OnHand only — no ceiling on file for this godown; no dispatch-lag correction applied
2025-03-30,BH-FG (overflow / secondary),599063,,0,599063,,,,,599063,,SAP OnHand only — no ceiling on file for this godown; no dispatch-lag correction applied
2025-03-30,BH-SC (overflow / secondary),539,,0,539,,,,,539,,SAP OnHand only — no ceiling on file for this godown; no dispatch-lag correction applied
2025-03-31,BH-PF,124319,0,0,124319,377000,252681,33.0,0,124319,0,SAP OnHand ONLY — no physical dispatch record exists this far back
2025-03-31,OIL-FG-TOTAL (BH-BT+BH-PF),124319,0,0,124319,377000,252681,33.0,0,124319,0,SAP OnHand ONLY — no physical dispatch record exists this far back
2025-03-31,GP-FG (overflow / secondary),0,,0,0,,,,,0,,SAP OnHand only — no ceiling on file for this godown; no dispatch-lag correction applied
2025-03-31,BH-FG (overflow / secondary),415697,,0,415697,,,,,415697,,SAP OnHand only — no ceiling on file for this godown; no dispatch-lag correction applied
2025-03-31,BH-SC (overflow / secondary),539,,0,539,,,,,539,,SAP OnHand only — no ceiling on file for this godown; no dispatch-lag correction applied
2025-04-01,BH-PF,125714,0,0,125714,377000,251286,33.3,0,125714,0,SAP OnHand ONLY — no physical dispatch record exists this far back
2025-04-01,OIL-FG-TOTAL (BH-BT+BH-PF),125714,0,0,125714,377000,251286,33.3,0,125714,0,SAP OnHand ONLY — no physical dispatch record exists this far back
2025-04-01,GP-FG (overflow / secondary),0,,0,0,,,,,0,,SAP OnHand only — no ceiling on file for this godown; no dispatch-lag correction applied
2025-04-01,BH-FG (overflow / secondary),394539,,0,394539,,,,,394539,,SAP OnHand only — no ceiling on file for this godown; no dispatch-lag correction applied
2025-04-01,BH-SC (overflow / secondary),539,,0,539,,,,,539,,SAP OnHand only — no ceiling on file for this godown; no dispatch-lag correction applied
2025-04-02,BH-PF,128234,0,0,128234,377000,248766,34.0,0,128234,0,SAP OnHand ONLY — no physical dispatch record exists this far back
2025-04-02,OIL-FG-TOTAL (BH-BT+BH-PF),128234,0,0,128234,377000,248766,34.0,0,128234,0,SAP OnHand ONLY — no physical dispatch record exists this far back
2025-04-02,GP-FG (overflow / secondary),0,,0,0,,,,,0,,SAP OnHand only — no ceiling on file for this godown; no dispatch-lag correction applied
2025-04-02,BH-FG (overflow / secondary),394301,,0,394301,,,,,394301,,SAP OnHand only — no ceiling on file for this godown; no dispatch-lag correction applied
2025-04-02,BH-SC (overflow / secondary),539,,0,539,,,,,539,,SAP OnHand only — no ceiling on file for this godown; no dispatch-lag correction applied
2025-04-03,BH-PF,138079,0,0,138079,377000,238921,36.6,0,138079,0,SAP OnHand ONLY — no physical dispatch record exists this far back
2025-04-03,OIL-FG-TOTAL (BH-BT+BH-PF),138079,0,0,138079,377000,238921,36.6,0,138079,0,SAP OnHand ONLY — no physical dispatch record exists this far back
2025-04-03,GP-FG (overflow / secondary),0,,0,0,,,,,0,,SAP OnHand only — no ceiling on file for this godown; no dispatch-lag correction applied
2025-04-03,BH-FG (overflow / secondary),390644,,0,390644,,,,,390644,,SAP OnHand only — no ceiling on file for this godown; no dispatch-lag correction applied
2025-04-03,BH-SC (overflow / secondary),539,,0,539,,,,,539,,SAP OnHand only — no ceiling on file for this godown; no dispatch-lag correction applied
2025-04-04,BH-PF,152397,0,0,152397,377000,224603,40.4,0,152397,0,SAP OnHand ONLY — no physical dispatch record exists this far back
2025-04-04,OIL-FG-TOTAL (BH-BT+BH-PF),152397,0,0,152397,377000,224603,40.4,0,152397,0,SAP OnHand ONLY — no physical dispatch record exists this far back
2025-04-04,GP-FG (overflow / secondary),0,,0,0,,,,,0,,SAP OnHand only — no ceiling on file for this godown; no dispatch-lag correction applied
2025-04-04,BH-FG (overflow / secondary),422319,,0,422319,,,,,422319,,SAP OnHand only — no ceiling on file for this godown; no dispatch-lag correction applied
2025-04-04,BH-SC (overflow / secondary),539,,0,539,,,,,539,,SAP OnHand only — no ceiling on file for this godown; no dispatch-lag correction applied
2025-04-05,BH-PF,141169,0,0,141169,377000,235831,37.4,0,141169,0,SAP OnHand ONLY — no physical dispatch record exists this far back
2025-04-05,OIL-FG-TOTAL (BH-BT+BH-PF),141169,0,0,141169,377000,235831,37.4,0,141169,0,SAP OnHand ONLY — no physical dispatch record exists this far back
2025-04-05,GP-FG (overflow / secondary),0,,0,0,,,,,0,,SAP OnHand only — no ceiling on file for this godown; no dispatch-lag correction applied
2025-04-05,BH-FG (overflow / secondary),480961,,0,480961,,,,,480961,,SAP OnHand only — no ceiling on file for this godown; no dispatch-lag correction applied
2025-04-05,BH-SC (overflow / secondary),539,,0,539,,,,,539,,SAP OnHand only — no ceiling on file for this godown; no dispatch-lag correction applied
2025-04-06,BH-PF,141195,0,0,141195,377000,235805,37.5,0,141195,0,SAP OnHand ONLY — no physical dispatch record exists this far back
2025-04-06,OIL-FG-TOTAL (BH-BT+BH-PF),141195,0,0,141195,377000,235805,37.5,0,141195,0,SAP OnHand ONLY — no physical dispatch record exists this far back
2025-04-06,GP-FG (overflow / secondary),0,,0,0,,,,,0,,SAP OnHand only — no ceiling on file for this godown; no dispatch-lag correction applied
2025-04-06,BH-FG (overflow / secondary),480961,,0,480961,,,,,480961,,SAP OnHand only — no ceiling on file for this godown; no dispatch-lag correction applied
2025-04-06,BH-SC (overflow / secondary),539,,0,539,,,,,539,,SAP OnHand only — no ceiling on file for this godown; no dispatch-lag correction applied
2025-04-07,BH-PF,134489,0,0,134489,377000,242511,35.7,0,134489,0,SAP OnHand ONLY — no physical dispatch record exists this far back
2025-04-07,OIL-FG-TOTAL (BH-BT+BH-PF),134489,0,0,134489,377000,242511,35.7,0,134489,0,SAP OnHand ONLY — no physical dispatch record exists this far back
2025-04-07,GP-FG (overflow / secondary),0,,0,0,,,,,0,,SAP OnHand only — no ceiling on file for this godown; no dispatch-lag correction applied
2025-04-07,BH-FG (overflow / secondary),469220,,0,469220,,,,,469220,,SAP OnHand only — no ceiling on file for this godown; no dispatch-lag correction applied
2025-04-07,BH-SC (overflow / secondary),539,,0,539,,,,,539,,SAP OnHand only — no ceiling on file for this godown; no dispatch-lag correction applied
2025-04-08,BH-PF,142295,0,0,142295,377000,234705,37.7,0,142295,0,SAP OnHand ONLY — no physical dispatch record exists this far back
2025-04-08,OIL-FG-TOTAL (BH-BT+BH-PF),142295,0,0,142295,377000,234705,37.7,0,142295,0,SAP OnHand ONLY — no physical dispatch record exists this far back
2025-04-08,GP-FG (overflow / secondary),0,,0,0,,,,,0,,SAP OnHand only — no ceiling on file for this godown; no dispatch-lag correction applied
2025-04-08,BH-FG (overflow / secondary),480757,,0,480757,,,,,480757,,SAP OnHand only — no ceiling on file for this godown; no dispatch-lag correction applied
2025-04-08,BH-SC (overflow / secondary),539,,0,539,,,,,539,,SAP OnHand only — no ceiling on file for this godown; no dispatch-lag correction applied
2025-04-09,BH-PF,134407,0,0,134407,377000,242593,35.7,0,134407,0,SAP OnHand ONLY — no physical dispatch record exists this far back
2025-04-09,OIL-FG-TOTAL (BH-BT+BH-PF),134407,0,0,134407,377000,242593,35.7,0,134407,0,SAP OnHand ONLY — no physical dispatch record exists this far back
2025-04-09,GP-FG (overflow / secondary),0,,0,0,,,,,0,,SAP OnHand only — no ceiling on file for this godown; no dispatch-lag correction applied
2025-04-09,BH-FG (overflow / secondary),528181,,0,528181,,,,,528181,,SAP OnHand only — no ceiling on file for this godown; no dispatch-lag correction applied
2025-04-09,BH-SC (overflow / secondary),539,,0,539,,,,,539,,SAP OnHand only — no ceiling on file for this godown; no dispatch-lag correction applied
2025-04-10,BH-PF,132520,0,0,132520,377000,244480,35.2,0,132520,0,SAP OnHand ONLY — no physical dispatch record exists this far back
2025-04-10,OIL-FG-TOTAL (BH-BT+BH-PF),132520,0,0,132520,377000,244480,35.2,0,132520,0,SAP OnHand ONLY — no physical dispatch record exists this far back
2025-04-10,GP-FG (overflow / secondary),0,,0,0,,,,,0,,SAP OnHand only — no ceiling on file for this godown; no dispatch-lag correction applied
2025-04-10,BH-FG (overflow / secondary),554997,,0,554997,,,,,554997,,SAP OnHand only — no ceiling on file for this godown; no dispatch-lag correction applied
2025-04-10,BH-SC (overflow / secondary),539,,0,539,,,,,539,,SAP OnHand only — no ceiling on file for this godown; no dispatch-lag correction applied
2025-04-11,BH-PF,97087,0,0,97087,377000,279913,25.8,0,97087,0,SAP OnHand ONLY — no physical dispatch record exists this far back
2025-04-11,OIL-FG-TOTAL (BH-BT+BH-PF),97087,0,0,97087,377000,279913,25.8,0,97087,0,SAP OnHand ONLY — no physical dispatch record exists this far back
2025-04-11,GP-FG (overflow / secondary),0,,0,0,,,,,0,,SAP OnHand only — no ceiling on file for this godown; no dispatch-lag correction applied
2025-04-11,BH-FG (overflow / secondary),593984,,0,593984,,,,,593984,,SAP OnHand only — no ceiling on file for this godown; no dispatch-lag correction applied
2025-04-11,BH-SC (overflow / secondary),539,,0,539,,,,,539,,SAP OnHand only — no ceiling on file for this godown; no dispatch-lag correction applied
2025-04-12,BH-PF,134655,0,0,134655,377000,242345,35.7,0,134655,0,SAP OnHand ONLY — no physical dispatch record exists this far back
2025-04-12,OIL-FG-TOTAL (BH-BT+BH-PF),134655,0,0,134655,377000,242345,35.7,0,134655,0,SAP OnHand ONLY — no physical dispatch record exists this far back
2025-04-12,GP-FG (overflow / secondary),0,,0,0,,,,,0,,SAP OnHand only — no ceiling on file for this godown; no dispatch-lag correction applied
2025-04-12,BH-FG (overflow / secondary),620175,,0,620175,,,,,620175,,SAP OnHand only — no ceiling on file for this godown; no dispatch-lag correction applied
2025-04-12,BH-SC (overflow / secondary),539,,0,539,,,,,539,,SAP OnHand only — no ceiling on file for this godown; no dispatch-lag correction applied
2025-04-13,BH-PF,134655,0,0,134655,377000,242345,35.7,0,134655,0,SAP OnHand ONLY — no physical dispatch record exists this far back
2025-04-13,OIL-FG-TOTAL (BH-BT+BH-PF),134655,0,0,134655,377000,242345,35.7,0,134655,0,SAP OnHand ONLY — no physical dispatch record exists this far back
2025-04-13,GP-FG (overflow / secondary),0,,0,0,,,,,0,,SAP OnHand only — no ceiling on file for this godown; no dispatch-lag correction applied
2025-04-13,BH-FG (overflow / secondary),620175,,0,620175,,,,,620175,,SAP OnHand only — no ceiling on file for this godown; no dispatch-lag correction applied
2025-04-13,BH-SC (overflow / secondary),539,,0,539,,,,,539,,SAP OnHand only — no ceiling on file for this godown; no dispatch-lag correction applied
2025-04-14,BH-PF,106309,0,0,106309,377000,270691,28.2,0,106309,0,SAP OnHand ONLY — no physical dispatch record exists this far back
2025-04-14,OIL-FG-TOTAL (BH-BT+BH-PF),106309,0,0,106309,377000,270691,28.2,0,106309,0,SAP OnHand ONLY — no physical dispatch record exists this far back
2025-04-14,GP-FG (overflow / secondary),0,,0,0,,,,,0,,SAP OnHand only — no ceiling on file for this godown; no dispatch-lag correction applied
2025-04-14,BH-FG (overflow / secondary),631072,,0,631072,,,,,631072,,SAP OnHand only — no ceiling on file for this godown; no dispatch-lag correction applied
2025-04-14,BH-SC (overflow / secondary),539,,0,539,,,,,539,,SAP OnHand only — no ceiling on file for this godown; no dispatch-lag correction applied
2025-04-15,BH-PF,123330,0,0,123330,377000,253670,32.7,0,123330,0,SAP OnHand ONLY — no physical dispatch record exists this far back
2025-04-15,OIL-FG-TOTAL (BH-BT+BH-PF),123330,0,0,123330,377000,253670,32.7,0,123330,0,SAP OnHand ONLY — no physical dispatch record exists this far back
2025-04-15,GP-FG (overflow / secondary),0,,0,0,,,,,0,,SAP OnHand only — no ceiling on file for this godown; no dispatch-lag correction applied
2025-04-15,BH-FG (overflow / secondary),648572,,0,648572,,,,,648572,,SAP OnHand only — no ceiling on file for this godown; no dispatch-lag correction applied
2025-04-15,BH-SC (overflow / secondary),539,,0,539,,,,,539,,SAP OnHand only — no ceiling on file for this godown; no dispatch-lag correction applied
2025-04-16,BH-PF,167838,0,0,167838,377000,209162,44.5,0,167838,0,SAP OnHand ONLY — no physical dispatch record exists this far back
2025-04-16,OIL-FG-TOTAL (BH-BT+BH-PF),167838,0,0,167838,377000,209162,44.5,0,167838,0,SAP OnHand ONLY — no physical dispatch record exists this far back
2025-04-16,GP-FG (overflow / secondary),0,,0,0,,,,,0,,SAP OnHand only — no ceiling on file for this godown; no dispatch-lag correction applied
2025-04-16,BH-FG (overflow / secondary),627607,,0,627607,,,,,627607,,SAP OnHand only — no ceiling on file for this godown; no dispatch-lag correction applied
2025-04-16,BH-SC (overflow / secondary),539,,0,539,,,,,539,,SAP OnHand only — no ceiling on file for this godown; no dispatch-lag correction applied
2025-04-17,BH-PF,138373,0,0,138373,377000,238627,36.7,0,138373,0,SAP OnHand ONLY — no physical dispatch record exists this far back
2025-04-17,OIL-FG-TOTAL (BH-BT+BH-PF),138373,0,0,138373,377000,238627,36.7,0,138373,0,SAP OnHand ONLY — no physical dispatch record exists this far back
2025-04-17,GP-FG (overflow / secondary),0,,0,0,,,,,0,,SAP OnHand only — no ceiling on file for this godown; no dispatch-lag correction applied
2025-04-17,BH-FG (overflow / secondary),681943,,0,681943,,,,,681943,,SAP OnHand only — no ceiling on file for this godown; no dispatch-lag correction applied
2025-04-17,BH-SC (overflow / secondary),539,,0,539,,,,,539,,SAP OnHand only — no ceiling on file for this godown; no dispatch-lag correction applied
2025-04-18,BH-PF,111123,0,0,111123,377000,265877,29.5,0,111123,0,SAP OnHand ONLY — no physical dispatch record exists this far back
2025-04-18,OIL-FG-TOTAL (BH-BT+BH-PF),111123,0,0,111123,377000,265877,29.5,0,111123,0,SAP OnHand ONLY — no physical dispatch record exists this far back
2025-04-18,GP-FG (overflow / secondary),0,,0,0,,,,,0,,SAP OnHand only — no ceiling on file for this godown; no dispatch-lag correction applied
2025-04-18,BH-FG (overflow / secondary),663020,,0,663020,,,,,663020,,SAP OnHand only — no ceiling on file for this godown; no dispatch-lag correction applied
2025-04-18,BH-SC (overflow / secondary),539,,0,539,,,,,539,,SAP OnHand only — no ceiling on file for this godown; no dispatch-lag correction applied
2025-04-19,BH-PF,167417,0,0,167417,377000,209583,44.4,0,167417,0,SAP OnHand ONLY — no physical dispatch record exists this far back
2025-04-19,OIL-FG-TOTAL (BH-BT+BH-PF),167417,0,0,167417,377000,209583,44.4,0,167417,0,SAP OnHand ONLY — no physical dispatch record exists this far back
2025-04-19,GP-FG (overflow / secondary),0,,0,0,,,,,0,,SAP OnHand only — no ceiling on file for this godown; no dispatch-lag correction applied
2025-04-19,BH-FG (overflow / secondary),632469,,0,632469,,,,,632469,,SAP OnHand only — no ceiling on file for this godown; no dispatch-lag correction applied
2025-04-19,BH-SC (overflow / secondary),539,,0,539,,,,,539,,SAP OnHand only — no ceiling on file for this godown; no dispatch-lag correction applied
2025-04-20,BH-PF,167417,0,0,167417,377000,209583,44.4,0,167417,0,SAP OnHand ONLY — no physical dispatch record exists this far back
2025-04-20,OIL-FG-TOTAL (BH-BT+BH-PF),167417,0,0,167417,377000,209583,44.4,0,167417,0,SAP OnHand ONLY — no physical dispatch record exists this far back
2025-04-20,GP-FG (overflow / secondary),0,,0,0,,,,,0,,SAP OnHand only — no ceiling on file for this godown; no dispatch-lag correction applied
2025-04-20,BH-FG (overflow / secondary),632469,,0,632469,,,,,632469,,SAP OnHand only — no ceiling on file for this godown; no dispatch-lag correction applied
2025-04-20,BH-SC (overflow / secondary),539,,0,539,,,,,539,,SAP OnHand only — no ceiling on file for this godown; no dispatch-lag correction applied
2025-04-21,BH-PF,133625,0,0,133625,377000,243375,35.4,0,133625,0,SAP OnHand ONLY — no physical dispatch record exists this far back
2025-04-21,OIL-FG-TOTAL (BH-BT+BH-PF),133625,0,0,133625,377000,243375,35.4,0,133625,0,SAP OnHand ONLY — no physical dispatch record exists this far back
2025-04-21,GP-FG (overflow / secondary),0,,0,0,,,,,0,,SAP OnHand only — no ceiling on file for this godown; no dispatch-lag correction applied
2025-04-21,BH-FG (overflow / secondary),619125,,0,619125,,,,,619125,,SAP OnHand only — no ceiling on file for this godown; no dispatch-lag correction applied
2025-04-21,BH-SC (overflow / secondary),539,,0,539,,,,,539,,SAP OnHand only — no ceiling on file for this godown; no dispatch-lag correction applied
2025-04-22,BH-PF,264071,0,0,264071,377000,112929,70.0,0,264071,0,SAP OnHand ONLY — no physical dispatch record exists this far back
2025-04-22,OIL-FG-TOTAL (BH-BT+BH-PF),264071,0,0,264071,377000,112929,70.0,0,264071,0,SAP OnHand ONLY — no physical dispatch record exists this far back
2025-04-22,GP-FG (overflow / secondary),0,,0,0,,,,,0,,SAP OnHand only — no ceiling on file for this godown; no dispatch-lag correction applied
2025-04-22,BH-FG (overflow / secondary),612814,,0,612814,,,,,612814,,SAP OnHand only — no ceiling on file for this godown; no dispatch-lag correction applied
2025-04-22,BH-SC (overflow / secondary),539,,0,539,,,,,539,,SAP OnHand only — no ceiling on file for this godown; no dispatch-lag correction applied
2025-04-23,BH-PF,231643,0,0,231643,377000,145357,61.4,0,231643,0,SAP OnHand ONLY — no physical dispatch record exists this far back
2025-04-23,OIL-FG-TOTAL (BH-BT+BH-PF),231643,0,0,231643,377000,145357,61.4,0,231643,0,SAP OnHand ONLY — no physical dispatch record exists this far back
2025-04-23,GP-FG (overflow / secondary),0,,0,0,,,,,0,,SAP OnHand only — no ceiling on file for this godown; no dispatch-lag correction applied
2025-04-23,BH-FG (overflow / secondary),625788,,0,625788,,,,,625788,,SAP OnHand only — no ceiling on file for this godown; no dispatch-lag correction applied
2025-04-23,BH-SC (overflow / secondary),539,,0,539,,,,,539,,SAP OnHand only — no ceiling on file for this godown; no dispatch-lag correction applied
2025-04-24,BH-PF,225195,0,0,225195,377000,151805,59.7,0,225195,0,SAP OnHand ONLY — no physical dispatch record exists this far back
2025-04-24,OIL-FG-TOTAL (BH-BT+BH-PF),225195,0,0,225195,377000,151805,59.7,0,225195,0,SAP OnHand ONLY — no physical dispatch record exists this far back
2025-04-24,GP-FG (overflow / secondary),0,,0,0,,,,,0,,SAP OnHand only — no ceiling on file for this godown; no dispatch-lag correction applied
2025-04-24,BH-FG (overflow / secondary),702310,,0,702310,,,,,702310,,SAP OnHand only — no ceiling on file for this godown; no dispatch-lag correction applied
2025-04-24,BH-SC (overflow / secondary),539,,0,539,,,,,539,,SAP OnHand only — no ceiling on file for this godown; no dispatch-lag correction applied
2025-04-25,BH-PF,212455,0,0,212455,377000,164545,56.4,0,212455,0,SAP OnHand ONLY — no physical dispatch record exists this far back
2025-04-25,OIL-FG-TOTAL (BH-BT+BH-PF),212455,0,0,212455,377000,164545,56.4,0,212455,0,SAP OnHand ONLY — no physical dispatch record exists this far back
2025-04-25,GP-FG (overflow / secondary),0,,0,0,,,,,0,,SAP OnHand only — no ceiling on file for this godown; no dispatch-lag correction applied
2025-04-25,BH-FG (overflow / secondary),669562,,0,669562,,,,,669562,,SAP OnHand only — no ceiling on file for this godown; no dispatch-lag correction applied
2025-04-25,BH-SC (overflow / secondary),539,,0,539,,,,,539,,SAP OnHand only — no ceiling on file for this godown; no dispatch-lag correction applied
2025-04-26,BH-PF,219915,0,0,219915,377000,157085,58.3,0,219915,0,SAP OnHand ONLY — no physical dispatch record exists this far back
2025-04-26,OIL-FG-TOTAL (BH-BT+BH-PF),219915,0,0,219915,377000,157085,58.3,0,219915,0,SAP OnHand ONLY — no physical dispatch record exists this far back
2025-04-26,GP-FG (overflow / secondary),0,,0,0,,,,,0,,SAP OnHand only — no ceiling on file for this godown; no dispatch-lag correction applied
2025-04-26,BH-FG (overflow / secondary),651115,,0,651115,,,,,651115,,SAP OnHand only — no ceiling on file for this godown; no dispatch-lag correction applied
2025-04-26,BH-SC (overflow / secondary),539,,0,539,,,,,539,,SAP OnHand only — no ceiling on file for this godown; no dispatch-lag correction applied
2025-04-27,BH-PF,219915,0,0,219915,377000,157085,58.3,0,219915,0,SAP OnHand ONLY — no physical dispatch record exists this far back
2025-04-27,OIL-FG-TOTAL (BH-BT+BH-PF),219915,0,0,219915,377000,157085,58.3,0,219915,0,SAP OnHand ONLY — no physical dispatch record exists this far back
2025-04-27,GP-FG (overflow / secondary),0,,0,0,,,,,0,,SAP OnHand only — no ceiling on file for this godown; no dispatch-lag correction applied
2025-04-27,BH-FG (overflow / secondary),651115,,0,651115,,,,,651115,,SAP OnHand only — no ceiling on file for this godown; no dispatch-lag correction applied
2025-04-27,BH-SC (overflow / secondary),539,,0,539,,,,,539,,SAP OnHand only — no ceiling on file for this godown; no dispatch-lag correction applied
2025-04-28,BH-PF,258703,0,0,258703,377000,118297,68.6,0,258703,0,SAP OnHand ONLY — no physical dispatch record exists this far back
2025-04-28,OIL-FG-TOTAL (BH-BT+BH-PF),258703,0,0,258703,377000,118297,68.6,0,258703,0,SAP OnHand ONLY — no physical dispatch record exists this far back
2025-04-28,GP-FG (overflow / secondary),0,,0,0,,,,,0,,SAP OnHand only — no ceiling on file for this godown; no dispatch-lag correction applied
2025-04-28,BH-FG (overflow / secondary),690293,,0,690293,,,,,690293,,SAP OnHand only — no ceiling on file for this godown; no dispatch-lag correction applied
2025-04-28,BH-SC (overflow / secondary),539,,0,539,,,,,539,,SAP OnHand only — no ceiling on file for this godown; no dispatch-lag correction applied
2025-04-29,BH-PF,234935,0,0,234935,377000,142065,62.3,0,234935,0,SAP OnHand ONLY — no physical dispatch record exists this far back
2025-04-29,OIL-FG-TOTAL (BH-BT+BH-PF),234935,0,0,234935,377000,142065,62.3,0,234935,0,SAP OnHand ONLY — no physical dispatch record exists this far back
2025-04-29,GP-FG (overflow / secondary),0,,0,0,,,,,0,,SAP OnHand only — no ceiling on file for this godown; no dispatch-lag correction applied
2025-04-29,BH-FG (overflow / secondary),641554,,0,641554,,,,,641554,,SAP OnHand only — no ceiling on file for this godown; no dispatch-lag correction applied
2025-04-29,BH-SC (overflow / secondary),539,,0,539,,,,,539,,SAP OnHand only — no ceiling on file for this godown; no dispatch-lag correction applied
2025-04-30,BH-PF,21782,0,0,21782,377000,355218,5.8,0,21782,0,SAP OnHand ONLY — no physical dispatch record exists this far back
2025-04-30,OIL-FG-TOTAL (BH-BT+BH-PF),21782,0,0,21782,377000,355218,5.8,0,21782,0,SAP OnHand ONLY — no physical dispatch record exists this far back
2025-04-30,GP-FG (overflow / secondary),0,,0,0,,,,,0,,SAP OnHand only — no ceiling on file for this godown; no dispatch-lag correction applied
2025-04-30,BH-FG (overflow / secondary),569739,,0,569739,,,,,569739,,SAP OnHand only — no ceiling on file for this godown; no dispatch-lag correction applied
2025-04-30,BH-SC (overflow / secondary),539,,0,539,,,,,539,,SAP OnHand only — no ceiling on file for this godown; no dispatch-lag correction applied
2025-05-01,BH-PF,21782,0,0,21782,377000,355218,5.8,0,21782,0,SAP OnHand ONLY — no physical dispatch record exists this far back
2025-05-01,OIL-FG-TOTAL (BH-BT+BH-PF),21782,0,0,21782,377000,355218,5.8,0,21782,0,SAP OnHand ONLY — no physical dispatch record exists this far back
2025-05-01,GP-FG (overflow / secondary),0,,0,0,,,,,0,,SAP OnHand only — no ceiling on file for this godown; no dispatch-lag correction applied
2025-05-01,BH-FG (overflow / secondary),569739,,0,569739,,,,,569739,,SAP OnHand only — no ceiling on file for this godown; no dispatch-lag correction applied
2025-05-01,BH-SC (overflow / secondary),539,,0,539,,,,,539,,SAP OnHand only — no ceiling on file for this godown; no dispatch-lag correction applied
2025-05-02,BH-PF,31182,0,0,31182,377000,345818,8.3,0,31182,0,SAP OnHand ONLY — no physical dispatch record exists this far back
2025-05-02,OIL-FG-TOTAL (BH-BT+BH-PF),31182,0,0,31182,377000,345818,8.3,0,31182,0,SAP OnHand ONLY — no physical dispatch record exists this far back
2025-05-02,GP-FG (overflow / secondary),0,,0,0,,,,,0,,SAP OnHand only — no ceiling on file for this godown; no dispatch-lag correction applied
2025-05-02,BH-FG (overflow / secondary),563491,,0,563491,,,,,563491,,SAP OnHand only — no ceiling on file for this godown; no dispatch-lag correction applied
2025-05-02,BH-SC (overflow / secondary),539,,0,539,,,,,539,,SAP OnHand only — no ceiling on file for this godown; no dispatch-lag correction applied
2025-05-03,BH-PF,31822,0,0,31822,377000,345178,8.4,0,31822,0,SAP OnHand ONLY — no physical dispatch record exists this far back
2025-05-03,OIL-FG-TOTAL (BH-BT+BH-PF),31822,0,0,31822,377000,345178,8.4,0,31822,0,SAP OnHand ONLY — no physical dispatch record exists this far back
2025-05-03,GP-FG (overflow / secondary),0,,0,0,,,,,0,,SAP OnHand only — no ceiling on file for this godown; no dispatch-lag correction applied
2025-05-03,BH-FG (overflow / secondary),573629,,0,573629,,,,,573629,,SAP OnHand only — no ceiling on file for this godown; no dispatch-lag correction applied
2025-05-03,BH-SC (overflow / secondary),539,,0,539,,,,,539,,SAP OnHand only — no ceiling on file for this godown; no dispatch-lag correction applied
2025-05-04,BH-PF,31822,0,0,31822,377000,345178,8.4,0,31822,0,SAP OnHand ONLY — no physical dispatch record exists this far back
2025-05-04,OIL-FG-TOTAL (BH-BT+BH-PF),31822,0,0,31822,377000,345178,8.4,0,31822,0,SAP OnHand ONLY — no physical dispatch record exists this far back
2025-05-04,GP-FG (overflow / secondary),0,,0,0,,,,,0,,SAP OnHand only — no ceiling on file for this godown; no dispatch-lag correction applied
2025-05-04,BH-FG (overflow / secondary),573629,,0,573629,,,,,573629,,SAP OnHand only — no ceiling on file for this godown; no dispatch-lag correction applied
2025-05-04,BH-SC (overflow / secondary),539,,0,539,,,,,539,,SAP OnHand only — no ceiling on file for this godown; no dispatch-lag correction applied
2025-05-05,BH-PF,52344,0,0,52344,377000,324656,13.9,0,52344,0,SAP OnHand ONLY — no physical dispatch record exists this far back
2025-05-05,OIL-FG-TOTAL (BH-BT+BH-PF),52344,0,0,52344,377000,324656,13.9,0,52344,0,SAP OnHand ONLY — no physical dispatch record exists this far back
2025-05-05,GP-FG (overflow / secondary),0,,0,0,,,,,0,,SAP OnHand only — no ceiling on file for this godown; no dispatch-lag correction applied
2025-05-05,BH-FG (overflow / secondary),545109,,0,545109,,,,,545109,,SAP OnHand only — no ceiling on file for this godown; no dispatch-lag correction applied
2025-05-05,BH-SC (overflow / secondary),539,,0,539,,,,,539,,SAP OnHand only — no ceiling on file for this godown; no dispatch-lag correction applied
2025-05-06,BH-PF,57364,0,0,57364,377000,319636,15.2,0,57364,0,SAP OnHand ONLY — no physical dispatch record exists this far back
2025-05-06,OIL-FG-TOTAL (BH-BT+BH-PF),57364,0,0,57364,377000,319636,15.2,0,57364,0,SAP OnHand ONLY — no physical dispatch record exists this far back
2025-05-06,GP-FG (overflow / secondary),0,,0,0,,,,,0,,SAP OnHand only — no ceiling on file for this godown; no dispatch-lag correction applied
2025-05-06,BH-FG (overflow / secondary),550553,,0,550553,,,,,550553,,SAP OnHand only — no ceiling on file for this godown; no dispatch-lag correction applied
2025-05-06,BH-SC (overflow / secondary),539,,0,539,,,,,539,,SAP OnHand only — no ceiling on file for this godown; no dispatch-lag correction applied
2025-05-07,BH-PF,49636,0,0,49636,377000,327364,13.2,0,49636,0,SAP OnHand ONLY — no physical dispatch record exists this far back
2025-05-07,OIL-FG-TOTAL (BH-BT+BH-PF),49636,0,0,49636,377000,327364,13.2,0,49636,0,SAP OnHand ONLY — no physical dispatch record exists this far back
2025-05-07,GP-FG (overflow / secondary),0,,0,0,,,,,0,,SAP OnHand only — no ceiling on file for this godown; no dispatch-lag correction applied
2025-05-07,BH-FG (overflow / secondary),565496,,0,565496,,,,,565496,,SAP OnHand only — no ceiling on file for this godown; no dispatch-lag correction applied
2025-05-07,BH-SC (overflow / secondary),539,,0,539,,,,,539,,SAP OnHand only — no ceiling on file for this godown; no dispatch-lag correction applied
2025-05-08,BH-PF,42536,0,0,42536,377000,334464,11.3,0,42536,0,SAP OnHand ONLY — no physical dispatch record exists this far back
2025-05-08,OIL-FG-TOTAL (BH-BT+BH-PF),42536,0,0,42536,377000,334464,11.3,0,42536,0,SAP OnHand ONLY — no physical dispatch record exists this far back
2025-05-08,GP-FG (overflow / secondary),0,,0,0,,,,,0,,SAP OnHand only — no ceiling on file for this godown; no dispatch-lag correction applied
2025-05-08,BH-FG (overflow / secondary),584034,,0,584034,,,,,584034,,SAP OnHand only — no ceiling on file for this godown; no dispatch-lag correction applied
2025-05-08,BH-SC (overflow / secondary),539,,0,539,,,,,539,,SAP OnHand only — no ceiling on file for this godown; no dispatch-lag correction applied
2025-05-09,BH-PF,37459,0,0,37459,377000,339541,9.9,0,37459,0,SAP OnHand ONLY — no physical dispatch record exists this far back
2025-05-09,OIL-FG-TOTAL (BH-BT+BH-PF),37459,0,0,37459,377000,339541,9.9,0,37459,0,SAP OnHand ONLY — no physical dispatch record exists this far back
2025-05-09,GP-FG (overflow / secondary),0,,0,0,,,,,0,,SAP OnHand only — no ceiling on file for this godown; no dispatch-lag correction applied
2025-05-09,BH-FG (overflow / secondary),619156,,0,619156,,,,,619156,,SAP OnHand only — no ceiling on file for this godown; no dispatch-lag correction applied
2025-05-09,BH-SC (overflow / secondary),539,,0,539,,,,,539,,SAP OnHand only — no ceiling on file for this godown; no dispatch-lag correction applied
2025-05-10,BH-PF,45722,0,0,45722,377000,331278,12.1,0,45722,0,SAP OnHand ONLY — no physical dispatch record exists this far back
2025-05-10,OIL-FG-TOTAL (BH-BT+BH-PF),45722,0,0,45722,377000,331278,12.1,0,45722,0,SAP OnHand ONLY — no physical dispatch record exists this far back
2025-05-10,GP-FG (overflow / secondary),0,,0,0,,,,,0,,SAP OnHand only — no ceiling on file for this godown; no dispatch-lag correction applied
2025-05-10,BH-FG (overflow / secondary),577743,,0,577743,,,,,577743,,SAP OnHand only — no ceiling on file for this godown; no dispatch-lag correction applied
2025-05-10,BH-SC (overflow / secondary),539,,0,539,,,,,539,,SAP OnHand only — no ceiling on file for this godown; no dispatch-lag correction applied
2025-05-11,BH-PF,51296,0,0,51296,377000,325704,13.6,0,51296,0,SAP OnHand ONLY — no physical dispatch record exists this far back
2025-05-11,OIL-FG-TOTAL (BH-BT+BH-PF),51296,0,0,51296,377000,325704,13.6,0,51296,0,SAP OnHand ONLY — no physical dispatch record exists this far back
2025-05-11,GP-FG (overflow / secondary),0,,0,0,,,,,0,,SAP OnHand only — no ceiling on file for this godown; no dispatch-lag correction applied
2025-05-11,BH-FG (overflow / secondary),577743,,0,577743,,,,,577743,,SAP OnHand only — no ceiling on file for this godown; no dispatch-lag correction applied
2025-05-11,BH-SC (overflow / secondary),539,,0,539,,,,,539,,SAP OnHand only — no ceiling on file for this godown; no dispatch-lag correction applied
2025-05-12,BH-PF,48553,0,0,48553,377000,328447,12.9,0,48553,0,SAP OnHand ONLY — no physical dispatch record exists this far back
2025-05-12,OIL-FG-TOTAL (BH-BT+BH-PF),48553,0,0,48553,377000,328447,12.9,0,48553,0,SAP OnHand ONLY — no physical dispatch record exists this far back
2025-05-12,GP-FG (overflow / secondary),0,,0,0,,,,,0,,SAP OnHand only — no ceiling on file for this godown; no dispatch-lag correction applied
2025-05-12,BH-FG (overflow / secondary),565910,,0,565910,,,,,565910,,SAP OnHand only — no ceiling on file for this godown; no dispatch-lag correction applied
2025-05-12,BH-SC (overflow / secondary),539,,0,539,,,,,539,,SAP OnHand only — no ceiling on file for this godown; no dispatch-lag correction applied
2025-05-13,BH-PF,35994,0,0,35994,377000,341006,9.5,0,35994,0,SAP OnHand ONLY — no physical dispatch record exists this far back
2025-05-13,OIL-FG-TOTAL (BH-BT+BH-PF),35994,0,0,35994,377000,341006,9.5,0,35994,0,SAP OnHand ONLY — no physical dispatch record exists this far back
2025-05-13,GP-FG (overflow / secondary),0,,0,0,,,,,0,,SAP OnHand only — no ceiling on file for this godown; no dispatch-lag correction applied
2025-05-13,BH-FG (overflow / secondary),579431,,0,579431,,,,,579431,,SAP OnHand only — no ceiling on file for this godown; no dispatch-lag correction applied
2025-05-13,BH-SC (overflow / secondary),539,,0,539,,,,,539,,SAP OnHand only — no ceiling on file for this godown; no dispatch-lag correction applied
2025-05-14,BH-PF,53706,0,0,53706,377000,323294,14.2,0,53706,0,SAP OnHand ONLY — no physical dispatch record exists this far back
2025-05-14,OIL-FG-TOTAL (BH-BT+BH-PF),53706,0,0,53706,377000,323294,14.2,0,53706,0,SAP OnHand ONLY — no physical dispatch record exists this far back
2025-05-14,GP-FG (overflow / secondary),0,,0,0,,,,,0,,SAP OnHand only — no ceiling on file for this godown; no dispatch-lag correction applied
2025-05-14,BH-FG (overflow / secondary),560345,,0,560345,,,,,560345,,SAP OnHand only — no ceiling on file for this godown; no dispatch-lag correction applied
2025-05-14,BH-SC (overflow / secondary),539,,0,539,,,,,539,,SAP OnHand only — no ceiling on file for this godown; no dispatch-lag correction applied
2025-05-15,BH-PF,46696,0,0,46696,377000,330304,12.4,0,46696,0,SAP OnHand ONLY — no physical dispatch record exists this far back
2025-05-15,OIL-FG-TOTAL (BH-BT+BH-PF),46696,0,0,46696,377000,330304,12.4,0,46696,0,SAP OnHand ONLY — no physical dispatch record exists this far back
2025-05-15,GP-FG (overflow / secondary),0,,0,0,,,,,0,,SAP OnHand only — no ceiling on file for this godown; no dispatch-lag correction applied
2025-05-15,BH-FG (overflow / secondary),532828,,0,532828,,,,,532828,,SAP OnHand only — no ceiling on file for this godown; no dispatch-lag correction applied
2025-05-15,BH-SC (overflow / secondary),58,,0,58,,,,,58,,SAP OnHand only — no ceiling on file for this godown; no dispatch-lag correction applied
2025-05-16,BH-PF,51731,0,0,51731,377000,325269,13.7,0,51731,0,SAP OnHand ONLY — no physical dispatch record exists this far back
2025-05-16,OIL-FG-TOTAL (BH-BT+BH-PF),51731,0,0,51731,377000,325269,13.7,0,51731,0,SAP OnHand ONLY — no physical dispatch record exists this far back
2025-05-16,GP-FG (overflow / secondary),0,,0,0,,,,,0,,SAP OnHand only — no ceiling on file for this godown; no dispatch-lag correction applied
2025-05-16,BH-FG (overflow / secondary),511247,,0,511247,,,,,511247,,SAP OnHand only — no ceiling on file for this godown; no dispatch-lag correction applied
2025-05-16,BH-SC (overflow / secondary),58,,0,58,,,,,58,,SAP OnHand only — no ceiling on file for this godown; no dispatch-lag correction applied
2025-05-17,BH-PF,65975,0,0,65975,377000,311025,17.5,0,65975,0,SAP OnHand ONLY — no physical dispatch record exists this far back
2025-05-17,OIL-FG-TOTAL (BH-BT+BH-PF),65975,0,0,65975,377000,311025,17.5,0,65975,0,SAP OnHand ONLY — no physical dispatch record exists this far back
2025-05-17,GP-FG (overflow / secondary),0,,0,0,,,,,0,,SAP OnHand only — no ceiling on file for this godown; no dispatch-lag correction applied
2025-05-17,BH-FG (overflow / secondary),481672,,0,481672,,,,,481672,,SAP OnHand only — no ceiling on file for this godown; no dispatch-lag correction applied
2025-05-17,BH-SC (overflow / secondary),58,,0,58,,,,,58,,SAP OnHand only — no ceiling on file for this godown; no dispatch-lag correction applied
2025-05-18,BH-PF,125554,0,0,125554,377000,251446,33.3,0,125554,0,SAP OnHand ONLY — no physical dispatch record exists this far back
2025-05-18,OIL-FG-TOTAL (BH-BT+BH-PF),125554,0,0,125554,377000,251446,33.3,0,125554,0,SAP OnHand ONLY — no physical dispatch record exists this far back
2025-05-18,GP-FG (overflow / secondary),0,,0,0,,,,,0,,SAP OnHand only — no ceiling on file for this godown; no dispatch-lag correction applied
2025-05-18,BH-FG (overflow / secondary),481672,,0,481672,,,,,481672,,SAP OnHand only — no ceiling on file for this godown; no dispatch-lag correction applied
2025-05-18,BH-SC (overflow / secondary),58,,0,58,,,,,58,,SAP OnHand only — no ceiling on file for this godown; no dispatch-lag correction applied
2025-05-19,BH-PF,97544,0,0,97544,377000,279456,25.9,0,97544,0,SAP OnHand ONLY — no physical dispatch record exists this far back
2025-05-19,OIL-FG-TOTAL (BH-BT+BH-PF),97544,0,0,97544,377000,279456,25.9,0,97544,0,SAP OnHand ONLY — no physical dispatch record exists this far back
2025-05-19,GP-FG (overflow / secondary),0,,0,0,,,,,0,,SAP OnHand only — no ceiling on file for this godown; no dispatch-lag correction applied
2025-05-19,BH-FG (overflow / secondary),457197,,0,457197,,,,,457197,,SAP OnHand only — no ceiling on file for this godown; no dispatch-lag correction applied
2025-05-19,BH-SC (overflow / secondary),58,,0,58,,,,,58,,SAP OnHand only — no ceiling on file for this godown; no dispatch-lag correction applied
2025-05-20,BH-PF,85609,0,0,85609,377000,291391,22.7,0,85609,0,SAP OnHand ONLY — no physical dispatch record exists this far back
2025-05-20,OIL-FG-TOTAL (BH-BT+BH-PF),85609,0,0,85609,377000,291391,22.7,0,85609,0,SAP OnHand ONLY — no physical dispatch record exists this far back
2025-05-20,GP-FG (overflow / secondary),0,,0,0,,,,,0,,SAP OnHand only — no ceiling on file for this godown; no dispatch-lag correction applied
2025-05-20,BH-FG (overflow / secondary),451214,,0,451214,,,,,451214,,SAP OnHand only — no ceiling on file for this godown; no dispatch-lag correction applied
2025-05-20,BH-SC (overflow / secondary),58,,0,58,,,,,58,,SAP OnHand only — no ceiling on file for this godown; no dispatch-lag correction applied
2025-05-21,BH-PF,107170,0,0,107170,377000,269830,28.4,0,107170,0,SAP OnHand ONLY — no physical dispatch record exists this far back
2025-05-21,OIL-FG-TOTAL (BH-BT+BH-PF),107170,0,0,107170,377000,269830,28.4,0,107170,0,SAP OnHand ONLY — no physical dispatch record exists this far back
2025-05-21,GP-FG (overflow / secondary),0,,0,0,,,,,0,,SAP OnHand only — no ceiling on file for this godown; no dispatch-lag correction applied
2025-05-21,BH-FG (overflow / secondary),420575,,0,420575,,,,,420575,,SAP OnHand only — no ceiling on file for this godown; no dispatch-lag correction applied
2025-05-21,BH-SC (overflow / secondary),58,,0,58,,,,,58,,SAP OnHand only — no ceiling on file for this godown; no dispatch-lag correction applied
2025-05-22,BH-PF,81126,0,0,81126,377000,295874,21.5,0,81126,0,SAP OnHand ONLY — no physical dispatch record exists this far back
2025-05-22,OIL-FG-TOTAL (BH-BT+BH-PF),81126,0,0,81126,377000,295874,21.5,0,81126,0,SAP OnHand ONLY — no physical dispatch record exists this far back
2025-05-22,GP-FG (overflow / secondary),0,,0,0,,,,,0,,SAP OnHand only — no ceiling on file for this godown; no dispatch-lag correction applied
2025-05-22,BH-FG (overflow / secondary),468065,,0,468065,,,,,468065,,SAP OnHand only — no ceiling on file for this godown; no dispatch-lag correction applied
2025-05-22,BH-SC (overflow / secondary),58,,0,58,,,,,58,,SAP OnHand only — no ceiling on file for this godown; no dispatch-lag correction applied
2025-05-23,BH-PF,74403,0,0,74403,377000,302597,19.7,0,74403,0,SAP OnHand ONLY — no physical dispatch record exists this far back
2025-05-23,OIL-FG-TOTAL (BH-BT+BH-PF),74403,0,0,74403,377000,302597,19.7,0,74403,0,SAP OnHand ONLY — no physical dispatch record exists this far back
2025-05-23,GP-FG (overflow / secondary),0,,0,0,,,,,0,,SAP OnHand only — no ceiling on file for this godown; no dispatch-lag correction applied
2025-05-23,BH-FG (overflow / secondary),475479,,0,475479,,,,,475479,,SAP OnHand only — no ceiling on file for this godown; no dispatch-lag correction applied
2025-05-23,BH-SC (overflow / secondary),58,,0,58,,,,,58,,SAP OnHand only — no ceiling on file for this godown; no dispatch-lag correction applied
2025-05-24,BH-PF,78200,0,0,78200,377000,298800,20.7,0,78200,0,SAP OnHand ONLY — no physical dispatch record exists this far back
2025-05-24,OIL-FG-TOTAL (BH-BT+BH-PF),78200,0,0,78200,377000,298800,20.7,0,78200,0,SAP OnHand ONLY — no physical dispatch record exists this far back
2025-05-24,GP-FG (overflow / secondary),0,,0,0,,,,,0,,SAP OnHand only — no ceiling on file for this godown; no dispatch-lag correction applied
2025-05-24,BH-FG (overflow / secondary),496948,,0,496948,,,,,496948,,SAP OnHand only — no ceiling on file for this godown; no dispatch-lag correction applied
2025-05-24,BH-SC (overflow / secondary),58,,0,58,,,,,58,,SAP OnHand only — no ceiling on file for this godown; no dispatch-lag correction applied
2025-05-25,BH-PF,78200,0,0,78200,377000,298800,20.7,0,78200,0,SAP OnHand ONLY — no physical dispatch record exists this far back
2025-05-25,OIL-FG-TOTAL (BH-BT+BH-PF),78200,0,0,78200,377000,298800,20.7,0,78200,0,SAP OnHand ONLY — no physical dispatch record exists this far back
2025-05-25,GP-FG (overflow / secondary),0,,0,0,,,,,0,,SAP OnHand only — no ceiling on file for this godown; no dispatch-lag correction applied
2025-05-25,BH-FG (overflow / secondary),496948,,0,496948,,,,,496948,,SAP OnHand only — no ceiling on file for this godown; no dispatch-lag correction applied
2025-05-25,BH-SC (overflow / secondary),58,,0,58,,,,,58,,SAP OnHand only — no ceiling on file for this godown; no dispatch-lag correction applied
2025-05-26,BH-PF,74514,0,0,74514,377000,302486,19.8,0,74514,0,SAP OnHand ONLY — no physical dispatch record exists this far back
2025-05-26,OIL-FG-TOTAL (BH-BT+BH-PF),74514,0,0,74514,377000,302486,19.8,0,74514,0,SAP OnHand ONLY — no physical dispatch record exists this far back
2025-05-26,GP-FG (overflow / secondary),0,,0,0,,,,,0,,SAP OnHand only — no ceiling on file for this godown; no dispatch-lag correction applied
2025-05-26,BH-FG (overflow / secondary),464215,,0,464215,,,,,464215,,SAP OnHand only — no ceiling on file for this godown; no dispatch-lag correction applied
2025-05-26,BH-SC (overflow / secondary),58,,0,58,,,,,58,,SAP OnHand only — no ceiling on file for this godown; no dispatch-lag correction applied
2025-05-27,BH-PF,77879,0,0,77879,377000,299121,20.7,0,77879,0,SAP OnHand ONLY — no physical dispatch record exists this far back
2025-05-27,OIL-FG-TOTAL (BH-BT+BH-PF),77879,0,0,77879,377000,299121,20.7,0,77879,0,SAP OnHand ONLY — no physical dispatch record exists this far back
2025-05-27,GP-FG (overflow / secondary),0,,0,0,,,,,0,,SAP OnHand only — no ceiling on file for this godown; no dispatch-lag correction applied
2025-05-27,BH-FG (overflow / secondary),452357,,0,452357,,,,,452357,,SAP OnHand only — no ceiling on file for this godown; no dispatch-lag correction applied
2025-05-27,BH-SC (overflow / secondary),58,,0,58,,,,,58,,SAP OnHand only — no ceiling on file for this godown; no dispatch-lag correction applied
2025-05-28,BH-PF,98244,0,0,98244,377000,278756,26.1,0,98244,0,SAP OnHand ONLY — no physical dispatch record exists this far back
2025-05-28,OIL-FG-TOTAL (BH-BT+BH-PF),98244,0,0,98244,377000,278756,26.1,0,98244,0,SAP OnHand ONLY — no physical dispatch record exists this far back
2025-05-28,GP-FG (overflow / secondary),0,,0,0,,,,,0,,SAP OnHand only — no ceiling on file for this godown; no dispatch-lag correction applied
2025-05-28,BH-FG (overflow / secondary),434539,,0,434539,,,,,434539,,SAP OnHand only — no ceiling on file for this godown; no dispatch-lag correction applied
2025-05-28,BH-SC (overflow / secondary),58,,0,58,,,,,58,,SAP OnHand only — no ceiling on file for this godown; no dispatch-lag correction applied
2025-05-29,BH-PF,77511,0,0,77511,377000,299489,20.6,0,77511,0,SAP OnHand ONLY — no physical dispatch record exists this far back
2025-05-29,OIL-FG-TOTAL (BH-BT+BH-PF),77511,0,0,77511,377000,299489,20.6,0,77511,0,SAP OnHand ONLY — no physical dispatch record exists this far back
2025-05-29,GP-FG (overflow / secondary),0,,0,0,,,,,0,,SAP OnHand only — no ceiling on file for this godown; no dispatch-lag correction applied
2025-05-29,BH-FG (overflow / secondary),435686,,0,435686,,,,,435686,,SAP OnHand only — no ceiling on file for this godown; no dispatch-lag correction applied
2025-05-29,BH-SC (overflow / secondary),58,,0,58,,,,,58,,SAP OnHand only — no ceiling on file for this godown; no dispatch-lag correction applied
2025-05-30,BH-PF,85438,0,0,85438,377000,291562,22.7,0,85438,0,SAP OnHand ONLY — no physical dispatch record exists this far back
2025-05-30,OIL-FG-TOTAL (BH-BT+BH-PF),85438,0,0,85438,377000,291562,22.7,0,85438,0,SAP OnHand ONLY — no physical dispatch record exists this far back
2025-05-30,GP-FG (overflow / secondary),0,,0,0,,,,,0,,SAP OnHand only — no ceiling on file for this godown; no dispatch-lag correction applied
2025-05-30,BH-FG (overflow / secondary),501010,,0,501010,,,,,501010,,SAP OnHand only — no ceiling on file for this godown; no dispatch-lag correction applied
2025-05-30,BH-SC (overflow / secondary),58,,0,58,,,,,58,,SAP OnHand only — no ceiling on file for this godown; no dispatch-lag correction applied
2025-05-31,BH-PF,54705,0,0,54705,377000,322295,14.5,0,54705,0,SAP OnHand ONLY — no physical dispatch record exists this far back
2025-05-31,OIL-FG-TOTAL (BH-BT+BH-PF),54705,0,0,54705,377000,322295,14.5,0,54705,0,SAP OnHand ONLY — no physical dispatch record exists this far back
2025-05-31,GP-FG (overflow / secondary),0,,0,0,,,,,0,,SAP OnHand only — no ceiling on file for this godown; no dispatch-lag correction applied
2025-05-31,BH-FG (overflow / secondary),391681,,0,391681,,,,,391681,,SAP OnHand only — no ceiling on file for this godown; no dispatch-lag correction applied
2025-05-31,BH-SC (overflow / secondary),58,,0,58,,,,,58,,SAP OnHand only — no ceiling on file for this godown; no dispatch-lag correction applied
2025-06-01,BH-PF,54705,0,0,54705,377000,322295,14.5,0,54705,0,SAP OnHand ONLY — no physical dispatch record exists this far back
2025-06-01,OIL-FG-TOTAL (BH-BT+BH-PF),54705,0,0,54705,377000,322295,14.5,0,54705,0,SAP OnHand ONLY — no physical dispatch record exists this far back
2025-06-01,GP-FG (overflow / secondary),0,,0,0,,,,,0,,SAP OnHand only — no ceiling on file for this godown; no dispatch-lag correction applied
2025-06-01,BH-FG (overflow / secondary),391680,,0,391680,,,,,391680,,SAP OnHand only — no ceiling on file for this godown; no dispatch-lag correction applied
2025-06-01,BH-SC (overflow / secondary),58,,0,58,,,,,58,,SAP OnHand only — no ceiling on file for this godown; no dispatch-lag correction applied
2025-06-02,BH-PF,54705,0,0,54705,377000,322295,14.5,0,54705,0,SAP OnHand ONLY — no physical dispatch record exists this far back
2025-06-02,OIL-FG-TOTAL (BH-BT+BH-PF),54705,0,0,54705,377000,322295,14.5,0,54705,0,SAP OnHand ONLY — no physical dispatch record exists this far back
2025-06-02,GP-FG (overflow / secondary),0,,0,0,,,,,0,,SAP OnHand only — no ceiling on file for this godown; no dispatch-lag correction applied
2025-06-02,BH-FG (overflow / secondary),389837,,0,389837,,,,,389837,,SAP OnHand only — no ceiling on file for this godown; no dispatch-lag correction applied
2025-06-02,BH-SC (overflow / secondary),58,,0,58,,,,,58,,SAP OnHand only — no ceiling on file for this godown; no dispatch-lag correction applied
2025-06-03,BH-PF,55855,0,0,55855,377000,321145,14.8,0,55855,0,SAP OnHand ONLY — no physical dispatch record exists this far back
2025-06-03,OIL-FG-TOTAL (BH-BT+BH-PF),55855,0,0,55855,377000,321145,14.8,0,55855,0,SAP OnHand ONLY — no physical dispatch record exists this far back
2025-06-03,GP-FG (overflow / secondary),0,,0,0,,,,,0,,SAP OnHand only — no ceiling on file for this godown; no dispatch-lag correction applied
2025-06-03,BH-FG (overflow / secondary),412048,,0,412048,,,,,412048,,SAP OnHand only — no ceiling on file for this godown; no dispatch-lag correction applied
2025-06-03,BH-SC (overflow / secondary),58,,0,58,,,,,58,,SAP OnHand only — no ceiling on file for this godown; no dispatch-lag correction applied
2025-06-04,BH-PF,79223,0,0,79223,377000,297777,21.0,0,79223,0,SAP OnHand ONLY — no physical dispatch record exists this far back
2025-06-04,OIL-FG-TOTAL (BH-BT+BH-PF),79223,0,0,79223,377000,297777,21.0,0,79223,0,SAP OnHand ONLY — no physical dispatch record exists this far back
2025-06-04,GP-FG (overflow / secondary),0,,0,0,,,,,0,,SAP OnHand only — no ceiling on file for this godown; no dispatch-lag correction applied
2025-06-04,BH-FG (overflow / secondary),411702,,0,411702,,,,,411702,,SAP OnHand only — no ceiling on file for this godown; no dispatch-lag correction applied
2025-06-04,BH-SC (overflow / secondary),58,,0,58,,,,,58,,SAP OnHand only — no ceiling on file for this godown; no dispatch-lag correction applied
2025-06-05,BH-PF,80591,0,0,80591,377000,296409,21.4,0,80591,0,SAP OnHand ONLY — no physical dispatch record exists this far back
2025-06-05,OIL-FG-TOTAL (BH-BT+BH-PF),80591,0,0,80591,377000,296409,21.4,0,80591,0,SAP OnHand ONLY — no physical dispatch record exists this far back
2025-06-05,GP-FG (overflow / secondary),0,,0,0,,,,,0,,SAP OnHand only — no ceiling on file for this godown; no dispatch-lag correction applied
2025-06-05,BH-FG (overflow / secondary),418529,,0,418529,,,,,418529,,SAP OnHand only — no ceiling on file for this godown; no dispatch-lag correction applied
2025-06-05,BH-SC (overflow / secondary),58,,0,58,,,,,58,,SAP OnHand only — no ceiling on file for this godown; no dispatch-lag correction applied
2025-06-06,BH-PF,105893,0,0,105893,377000,271107,28.1,0,105893,0,SAP OnHand ONLY — no physical dispatch record exists this far back
2025-06-06,OIL-FG-TOTAL (BH-BT+BH-PF),105893,0,0,105893,377000,271107,28.1,0,105893,0,SAP OnHand ONLY — no physical dispatch record exists this far back
2025-06-06,GP-FG (overflow / secondary),0,,0,0,,,,,0,,SAP OnHand only — no ceiling on file for this godown; no dispatch-lag correction applied
2025-06-06,BH-FG (overflow / secondary),454530,,0,454530,,,,,454530,,SAP OnHand only — no ceiling on file for this godown; no dispatch-lag correction applied
2025-06-06,BH-SC (overflow / secondary),58,,0,58,,,,,58,,SAP OnHand only — no ceiling on file for this godown; no dispatch-lag correction applied
2025-06-07,BH-PF,65749,0,0,65749,377000,311251,17.4,0,65749,0,SAP OnHand ONLY — no physical dispatch record exists this far back
2025-06-07,OIL-FG-TOTAL (BH-BT+BH-PF),65749,0,0,65749,377000,311251,17.4,0,65749,0,SAP OnHand ONLY — no physical dispatch record exists this far back
2025-06-07,GP-FG (overflow / secondary),2413,,0,2413,,,,,2413,,SAP OnHand only — no ceiling on file for this godown; no dispatch-lag correction applied
2025-06-07,BH-FG (overflow / secondary),486441,,0,486441,,,,,486441,,SAP OnHand only — no ceiling on file for this godown; no dispatch-lag correction applied
2025-06-07,BH-SC (overflow / secondary),58,,0,58,,,,,58,,SAP OnHand only — no ceiling on file for this godown; no dispatch-lag correction applied
2025-06-08,BH-PF,65749,0,0,65749,377000,311251,17.4,0,65749,0,SAP OnHand ONLY — no physical dispatch record exists this far back
2025-06-08,OIL-FG-TOTAL (BH-BT+BH-PF),65749,0,0,65749,377000,311251,17.4,0,65749,0,SAP OnHand ONLY — no physical dispatch record exists this far back
2025-06-08,GP-FG (overflow / secondary),6570,,0,6570,,,,,6570,,SAP OnHand only — no ceiling on file for this godown; no dispatch-lag correction applied
2025-06-08,BH-FG (overflow / secondary),482284,,0,482284,,,,,482284,,SAP OnHand only — no ceiling on file for this godown; no dispatch-lag correction applied
2025-06-08,BH-SC (overflow / secondary),58,,0,58,,,,,58,,SAP OnHand only — no ceiling on file for this godown; no dispatch-lag correction applied
2025-06-09,BH-PF,70811,0,0,70811,377000,306189,18.8,0,70811,0,SAP OnHand ONLY — no physical dispatch record exists this far back
2025-06-09,OIL-FG-TOTAL (BH-BT+BH-PF),70811,0,0,70811,377000,306189,18.8,0,70811,0,SAP OnHand ONLY — no physical dispatch record exists this far back
2025-06-09,GP-FG (overflow / secondary),18441,,0,18441,,,,,18441,,SAP OnHand only — no ceiling on file for this godown; no dispatch-lag correction applied
2025-06-09,BH-FG (overflow / secondary),432169,,0,432169,,,,,432169,,SAP OnHand only — no ceiling on file for this godown; no dispatch-lag correction applied
2025-06-09,BH-SC (overflow / secondary),58,,0,58,,,,,58,,SAP OnHand only — no ceiling on file for this godown; no dispatch-lag correction applied
2025-06-10,BH-PF,70811,0,0,70811,377000,306189,18.8,0,70811,0,SAP OnHand ONLY — no physical dispatch record exists this far back
2025-06-10,OIL-FG-TOTAL (BH-BT+BH-PF),70811,0,0,70811,377000,306189,18.8,0,70811,0,SAP OnHand ONLY — no physical dispatch record exists this far back
2025-06-10,GP-FG (overflow / secondary),32735,,0,32735,,,,,32735,,SAP OnHand only — no ceiling on file for this godown; no dispatch-lag correction applied
2025-06-10,BH-FG (overflow / secondary),425157,,0,425157,,,,,425157,,SAP OnHand only — no ceiling on file for this godown; no dispatch-lag correction applied
2025-06-10,BH-SC (overflow / secondary),58,,0,58,,,,,58,,SAP OnHand only — no ceiling on file for this godown; no dispatch-lag correction applied
2025-06-11,BH-PF,100949,0,0,100949,377000,276051,26.8,0,100949,0,SAP OnHand ONLY — no physical dispatch record exists this far back
2025-06-11,OIL-FG-TOTAL (BH-BT+BH-PF),100949,0,0,100949,377000,276051,26.8,0,100949,0,SAP OnHand ONLY — no physical dispatch record exists this far back
2025-06-11,GP-FG (overflow / secondary),73426,,0,73426,,,,,73426,,SAP OnHand only — no ceiling on file for this godown; no dispatch-lag correction applied
2025-06-11,BH-FG (overflow / secondary),359484,,0,359484,,,,,359484,,SAP OnHand only — no ceiling on file for this godown; no dispatch-lag correction applied
2025-06-11,BH-SC (overflow / secondary),58,,0,58,,,,,58,,SAP OnHand only — no ceiling on file for this godown; no dispatch-lag correction applied
2025-06-12,BH-PF,100242,0,0,100242,377000,276758,26.6,0,100242,0,SAP OnHand ONLY — no physical dispatch record exists this far back
2025-06-12,OIL-FG-TOTAL (BH-BT+BH-PF),100242,0,0,100242,377000,276758,26.6,0,100242,0,SAP OnHand ONLY — no physical dispatch record exists this far back
2025-06-12,GP-FG (overflow / secondary),73426,,0,73426,,,,,73426,,SAP OnHand only — no ceiling on file for this godown; no dispatch-lag correction applied
2025-06-12,BH-FG (overflow / secondary),342876,,0,342876,,,,,342876,,SAP OnHand only — no ceiling on file for this godown; no dispatch-lag correction applied
2025-06-12,BH-SC (overflow / secondary),58,,0,58,,,,,58,,SAP OnHand only — no ceiling on file for this godown; no dispatch-lag correction applied
2025-06-13,BH-PF,74691,0,0,74691,377000,302309,19.8,0,74691,0,SAP OnHand ONLY — no physical dispatch record exists this far back
2025-06-13,OIL-FG-TOTAL (BH-BT+BH-PF),74691,0,0,74691,377000,302309,19.8,0,74691,0,SAP OnHand ONLY — no physical dispatch record exists this far back
2025-06-13,GP-FG (overflow / secondary),73426,,0,73426,,,,,73426,,SAP OnHand only — no ceiling on file for this godown; no dispatch-lag correction applied
2025-06-13,BH-FG (overflow / secondary),407100,,0,407100,,,,,407100,,SAP OnHand only — no ceiling on file for this godown; no dispatch-lag correction applied
2025-06-13,BH-SC (overflow / secondary),58,,0,58,,,,,58,,SAP OnHand only — no ceiling on file for this godown; no dispatch-lag correction applied
2025-06-14,BH-PF,80263,0,0,80263,377000,296737,21.3,0,80263,0,SAP OnHand ONLY — no physical dispatch record exists this far back
2025-06-14,OIL-FG-TOTAL (BH-BT+BH-PF),80263,0,0,80263,377000,296737,21.3,0,80263,0,SAP OnHand ONLY — no physical dispatch record exists this far back
2025-06-14,GP-FG (overflow / secondary),126317,,0,126317,,,,,126317,,SAP OnHand only — no ceiling on file for this godown; no dispatch-lag correction applied
2025-06-14,BH-FG (overflow / secondary),389168,,0,389168,,,,,389168,,SAP OnHand only — no ceiling on file for this godown; no dispatch-lag correction applied
2025-06-14,BH-SC (overflow / secondary),58,,0,58,,,,,58,,SAP OnHand only — no ceiling on file for this godown; no dispatch-lag correction applied
2025-06-15,BH-PF,78855,0,0,78855,377000,298145,20.9,0,78855,0,SAP OnHand ONLY — no physical dispatch record exists this far back
2025-06-15,OIL-FG-TOTAL (BH-BT+BH-PF),78855,0,0,78855,377000,298145,20.9,0,78855,0,SAP OnHand ONLY — no physical dispatch record exists this far back
2025-06-15,GP-FG (overflow / secondary),199666,,0,199666,,,,,199666,,SAP OnHand only — no ceiling on file for this godown; no dispatch-lag correction applied
2025-06-15,BH-FG (overflow / secondary),382688,,0,382688,,,,,382688,,SAP OnHand only — no ceiling on file for this godown; no dispatch-lag correction applied
2025-06-15,BH-SC (overflow / secondary),58,,0,58,,,,,58,,SAP OnHand only — no ceiling on file for this godown; no dispatch-lag correction applied
2025-06-16,BH-PF,65362,0,0,65362,377000,311638,17.3,0,65362,0,SAP OnHand ONLY — no physical dispatch record exists this far back
2025-06-16,OIL-FG-TOTAL (BH-BT+BH-PF),65362,0,0,65362,377000,311638,17.3,0,65362,0,SAP OnHand ONLY — no physical dispatch record exists this far back
2025-06-16,GP-FG (overflow / secondary),188206,,0,188206,,,,,188206,,SAP OnHand only — no ceiling on file for this godown; no dispatch-lag correction applied
2025-06-16,BH-FG (overflow / secondary),410785,,0,410785,,,,,410785,,SAP OnHand only — no ceiling on file for this godown; no dispatch-lag correction applied
2025-06-16,BH-SC (overflow / secondary),58,,0,58,,,,,58,,SAP OnHand only — no ceiling on file for this godown; no dispatch-lag correction applied
2025-06-17,BH-PF,94337,0,0,94337,377000,282663,25.0,0,94337,0,SAP OnHand ONLY — no physical dispatch record exists this far back
2025-06-17,OIL-FG-TOTAL (BH-BT+BH-PF),94337,0,0,94337,377000,282663,25.0,0,94337,0,SAP OnHand ONLY — no physical dispatch record exists this far back
2025-06-17,GP-FG (overflow / secondary),174396,,0,174396,,,,,174396,,SAP OnHand only — no ceiling on file for this godown; no dispatch-lag correction applied
2025-06-17,BH-FG (overflow / secondary),362932,,0,362932,,,,,362932,,SAP OnHand only — no ceiling on file for this godown; no dispatch-lag correction applied
2025-06-17,BH-SC (overflow / secondary),58,,0,58,,,,,58,,SAP OnHand only — no ceiling on file for this godown; no dispatch-lag correction applied
2025-06-18,BH-PF,80681,0,0,80681,377000,296319,21.4,0,80681,0,SAP OnHand ONLY — no physical dispatch record exists this far back
2025-06-18,OIL-FG-TOTAL (BH-BT+BH-PF),80681,0,0,80681,377000,296319,21.4,0,80681,0,SAP OnHand ONLY — no physical dispatch record exists this far back
2025-06-18,GP-FG (overflow / secondary),182310,,0,182310,,,,,182310,,SAP OnHand only — no ceiling on file for this godown; no dispatch-lag correction applied
2025-06-18,BH-FG (overflow / secondary),419238,,0,419238,,,,,419238,,SAP OnHand only — no ceiling on file for this godown; no dispatch-lag correction applied
2025-06-18,BH-SC (overflow / secondary),58,,0,58,,,,,58,,SAP OnHand only — no ceiling on file for this godown; no dispatch-lag correction applied
2025-06-19,BH-PF,73402,0,0,73402,377000,303598,19.5,0,73402,0,SAP OnHand ONLY — no physical dispatch record exists this far back
2025-06-19,OIL-FG-TOTAL (BH-BT+BH-PF),73402,0,0,73402,377000,303598,19.5,0,73402,0,SAP OnHand ONLY — no physical dispatch record exists this far back
2025-06-19,GP-FG (overflow / secondary),215565,,0,215565,,,,,215565,,SAP OnHand only — no ceiling on file for this godown; no dispatch-lag correction applied
2025-06-19,BH-FG (overflow / secondary),409434,,0,409434,,,,,409434,,SAP OnHand only — no ceiling on file for this godown; no dispatch-lag correction applied
2025-06-19,BH-SC (overflow / secondary),58,,0,58,,,,,58,,SAP OnHand only — no ceiling on file for this godown; no dispatch-lag correction applied
2025-06-20,BH-PF,99617,0,0,99617,377000,277383,26.4,0,99617,0,SAP OnHand ONLY — no physical dispatch record exists this far back
2025-06-20,OIL-FG-TOTAL (BH-BT+BH-PF),99617,0,0,99617,377000,277383,26.4,0,99617,0,SAP OnHand ONLY — no physical dispatch record exists this far back
2025-06-20,GP-FG (overflow / secondary),407564,,0,407564,,,,,407564,,SAP OnHand only — no ceiling on file for this godown; no dispatch-lag correction applied
2025-06-20,BH-FG (overflow / secondary),242010,,0,242010,,,,,242010,,SAP OnHand only — no ceiling on file for this godown; no dispatch-lag correction applied
2025-06-20,BH-SC (overflow / secondary),58,,0,58,,,,,58,,SAP OnHand only — no ceiling on file for this godown; no dispatch-lag correction applied
2025-06-21,BH-PF,101568,0,0,101568,377000,275432,26.9,0,101568,0,SAP OnHand ONLY — no physical dispatch record exists this far back
2025-06-21,OIL-FG-TOTAL (BH-BT+BH-PF),101568,0,0,101568,377000,275432,26.9,0,101568,0,SAP OnHand ONLY — no physical dispatch record exists this far back
2025-06-21,GP-FG (overflow / secondary),384377,,0,384377,,,,,384377,,SAP OnHand only — no ceiling on file for this godown; no dispatch-lag correction applied
2025-06-21,BH-FG (overflow / secondary),240997,,0,240997,,,,,240997,,SAP OnHand only — no ceiling on file for this godown; no dispatch-lag correction applied
2025-06-21,BH-SC (overflow / secondary),58,,0,58,,,,,58,,SAP OnHand only — no ceiling on file for this godown; no dispatch-lag correction applied
2025-06-22,BH-PF,107294,0,0,107294,377000,269706,28.5,0,107294,0,SAP OnHand ONLY — no physical dispatch record exists this far back
2025-06-22,OIL-FG-TOTAL (BH-BT+BH-PF),107294,0,0,107294,377000,269706,28.5,0,107294,0,SAP OnHand ONLY — no physical dispatch record exists this far back
2025-06-22,GP-FG (overflow / secondary),414777,,0,414777,,,,,414777,,SAP OnHand only — no ceiling on file for this godown; no dispatch-lag correction applied
2025-06-22,BH-FG (overflow / secondary),255473,,0,255473,,,,,255473,,SAP OnHand only — no ceiling on file for this godown; no dispatch-lag correction applied
2025-06-22,BH-SC (overflow / secondary),58,,0,58,,,,,58,,SAP OnHand only — no ceiling on file for this godown; no dispatch-lag correction applied
2025-06-23,BH-PF,57312,0,0,57312,377000,319688,15.2,0,57312,0,SAP OnHand ONLY — no physical dispatch record exists this far back
2025-06-23,OIL-FG-TOTAL (BH-BT+BH-PF),57312,0,0,57312,377000,319688,15.2,0,57312,0,SAP OnHand ONLY — no physical dispatch record exists this far back
2025-06-23,GP-FG (overflow / secondary),414485,,0,414485,,,,,414485,,SAP OnHand only — no ceiling on file for this godown; no dispatch-lag correction applied
2025-06-23,BH-FG (overflow / secondary),198776,,0,198776,,,,,198776,,SAP OnHand only — no ceiling on file for this godown; no dispatch-lag correction applied
2025-06-23,BH-SC (overflow / secondary),58,,0,58,,,,,58,,SAP OnHand only — no ceiling on file for this godown; no dispatch-lag correction applied
2025-06-24,BH-PF,78524,0,0,78524,377000,298476,20.8,0,78524,0,SAP OnHand ONLY — no physical dispatch record exists this far back
2025-06-24,OIL-FG-TOTAL (BH-BT+BH-PF),78524,0,0,78524,377000,298476,20.8,0,78524,0,SAP OnHand ONLY — no physical dispatch record exists this far back
2025-06-24,GP-FG (overflow / secondary),424411,,0,424411,,,,,424411,,SAP OnHand only — no ceiling on file for this godown; no dispatch-lag correction applied
2025-06-24,BH-FG (overflow / secondary),190508,,0,190508,,,,,190508,,SAP OnHand only — no ceiling on file for this godown; no dispatch-lag correction applied
2025-06-24,BH-SC (overflow / secondary),58,,0,58,,,,,58,,SAP OnHand only — no ceiling on file for this godown; no dispatch-lag correction applied
2025-06-25,BH-PF,77586,0,0,77586,377000,299414,20.6,0,77586,0,SAP OnHand ONLY — no physical dispatch record exists this far back
2025-06-25,OIL-FG-TOTAL (BH-BT+BH-PF),77586,0,0,77586,377000,299414,20.6,0,77586,0,SAP OnHand ONLY — no physical dispatch record exists this far back
2025-06-25,GP-FG (overflow / secondary),388842,,0,388842,,,,,388842,,SAP OnHand only — no ceiling on file for this godown; no dispatch-lag correction applied
2025-06-25,BH-FG (overflow / secondary),169424,,0,169424,,,,,169424,,SAP OnHand only — no ceiling on file for this godown; no dispatch-lag correction applied
2025-06-25,BH-SC (overflow / secondary),58,,0,58,,,,,58,,SAP OnHand only — no ceiling on file for this godown; no dispatch-lag correction applied
2025-06-26,BH-PF,116173,0,0,116173,377000,260827,30.8,0,116173,0,SAP OnHand ONLY — no physical dispatch record exists this far back
2025-06-26,OIL-FG-TOTAL (BH-BT+BH-PF),116173,0,0,116173,377000,260827,30.8,0,116173,0,SAP OnHand ONLY — no physical dispatch record exists this far back
2025-06-26,GP-FG (overflow / secondary),371341,,0,371341,,,,,371341,,SAP OnHand only — no ceiling on file for this godown; no dispatch-lag correction applied
2025-06-26,BH-FG (overflow / secondary),182886,,0,182886,,,,,182886,,SAP OnHand only — no ceiling on file for this godown; no dispatch-lag correction applied
2025-06-26,BH-SC (overflow / secondary),58,,0,58,,,,,58,,SAP OnHand only — no ceiling on file for this godown; no dispatch-lag correction applied
2025-06-27,BH-PF,103734,0,0,103734,377000,273266,27.5,0,103734,0,SAP OnHand ONLY — no physical dispatch record exists this far back
2025-06-27,OIL-FG-TOTAL (BH-BT+BH-PF),103734,0,0,103734,377000,273266,27.5,0,103734,0,SAP OnHand ONLY — no physical dispatch record exists this far back
2025-06-27,GP-FG (overflow / secondary),350760,,0,350760,,,,,350760,,SAP OnHand only — no ceiling on file for this godown; no dispatch-lag correction applied
2025-06-27,BH-FG (overflow / secondary),259484,,0,259484,,,,,259484,,SAP OnHand only — no ceiling on file for this godown; no dispatch-lag correction applied
2025-06-27,BH-SC (overflow / secondary),58,,0,58,,,,,58,,SAP OnHand only — no ceiling on file for this godown; no dispatch-lag correction applied
2025-06-28,BH-PF,98476,0,0,98476,377000,278524,26.1,0,98476,0,SAP OnHand ONLY — no physical dispatch record exists this far back
2025-06-28,OIL-FG-TOTAL (BH-BT+BH-PF),98476,0,0,98476,377000,278524,26.1,0,98476,0,SAP OnHand ONLY — no physical dispatch record exists this far back
2025-06-28,GP-FG (overflow / secondary),338230,,0,338230,,,,,338230,,SAP OnHand only — no ceiling on file for this godown; no dispatch-lag correction applied
2025-06-28,BH-FG (overflow / secondary),279714,,0,279714,,,,,279714,,SAP OnHand only — no ceiling on file for this godown; no dispatch-lag correction applied
2025-06-28,BH-SC (overflow / secondary),58,,0,58,,,,,58,,SAP OnHand only — no ceiling on file for this godown; no dispatch-lag correction applied
2025-06-29,BH-PF,102076,0,0,102076,377000,274924,27.1,0,102076,0,SAP OnHand ONLY — no physical dispatch record exists this far back
2025-06-29,OIL-FG-TOTAL (BH-BT+BH-PF),102076,0,0,102076,377000,274924,27.1,0,102076,0,SAP OnHand ONLY — no physical dispatch record exists this far back
2025-06-29,GP-FG (overflow / secondary),361492,,0,361492,,,,,361492,,SAP OnHand only — no ceiling on file for this godown; no dispatch-lag correction applied
2025-06-29,BH-FG (overflow / secondary),279704,,0,279704,,,,,279704,,SAP OnHand only — no ceiling on file for this godown; no dispatch-lag correction applied
2025-06-29,BH-SC (overflow / secondary),58,,0,58,,,,,58,,SAP OnHand only — no ceiling on file for this godown; no dispatch-lag correction applied
2025-06-30,BH-PF,71478,0,0,71478,377000,305522,19.0,0,71478,0,SAP OnHand ONLY — no physical dispatch record exists this far back
2025-06-30,OIL-FG-TOTAL (BH-BT+BH-PF),71478,0,0,71478,377000,305522,19.0,0,71478,0,SAP OnHand ONLY — no physical dispatch record exists this far back
2025-06-30,GP-FG (overflow / secondary),315477,,0,315477,,,,,315477,,SAP OnHand only — no ceiling on file for this godown; no dispatch-lag correction applied
2025-06-30,BH-FG (overflow / secondary),370440,,0,370440,,,,,370440,,SAP OnHand only — no ceiling on file for this godown; no dispatch-lag correction applied
2025-06-30,BH-SC (overflow / secondary),58,,0,58,,,,,58,,SAP OnHand only — no ceiling on file for this godown; no dispatch-lag correction applied
2025-07-01,BH-PF,52758,0,0,52758,377000,324242,14.0,0,52758,0,SAP OnHand ONLY — no physical dispatch record exists this far back
2025-07-01,OIL-FG-TOTAL (BH-BT+BH-PF),52758,0,0,52758,377000,324242,14.0,0,52758,0,SAP OnHand ONLY — no physical dispatch record exists this far back
2025-07-01,GP-FG (overflow / secondary),324462,,0,324462,,,,,324462,,SAP OnHand only — no ceiling on file for this godown; no dispatch-lag correction applied
2025-07-01,BH-FG (overflow / secondary),197013,,0,197013,,,,,197013,,SAP OnHand only — no ceiling on file for this godown; no dispatch-lag correction applied
2025-07-01,BH-SC (overflow / secondary),58,,0,58,,,,,58,,SAP OnHand only — no ceiling on file for this godown; no dispatch-lag correction applied
2025-07-02,BH-PF,50903,0,0,50903,377000,326097,13.5,0,50903,0,SAP OnHand ONLY — no physical dispatch record exists this far back
2025-07-02,OIL-FG-TOTAL (BH-BT+BH-PF),50903,0,0,50903,377000,326097,13.5,0,50903,0,SAP OnHand ONLY — no physical dispatch record exists this far back
2025-07-02,GP-FG (overflow / secondary),376347,,0,376347,,,,,376347,,SAP OnHand only — no ceiling on file for this godown; no dispatch-lag correction applied
2025-07-02,BH-FG (overflow / secondary),144182,,0,144182,,,,,144182,,SAP OnHand only — no ceiling on file for this godown; no dispatch-lag correction applied
2025-07-02,BH-SC (overflow / secondary),58,,0,58,,,,,58,,SAP OnHand only — no ceiling on file for this godown; no dispatch-lag correction applied
2025-07-03,BH-PF,47143,0,0,47143,377000,329857,12.5,0,47143,0,SAP OnHand ONLY — no physical dispatch record exists this far back
2025-07-03,OIL-FG-TOTAL (BH-BT+BH-PF),47143,0,0,47143,377000,329857,12.5,0,47143,0,SAP OnHand ONLY — no physical dispatch record exists this far back
2025-07-03,GP-FG (overflow / secondary),376595,,0,376595,,,,,376595,,SAP OnHand only — no ceiling on file for this godown; no dispatch-lag correction applied
2025-07-03,BH-FG (overflow / secondary),136673,,0,136673,,,,,136673,,SAP OnHand only — no ceiling on file for this godown; no dispatch-lag correction applied
2025-07-03,BH-SC (overflow / secondary),58,,0,58,,,,,58,,SAP OnHand only — no ceiling on file for this godown; no dispatch-lag correction applied
2025-07-04,BH-PF,32684,0,0,32684,377000,344316,8.7,0,32684,0,SAP OnHand ONLY — no physical dispatch record exists this far back
2025-07-04,OIL-FG-TOTAL (BH-BT+BH-PF),32684,0,0,32684,377000,344316,8.7,0,32684,0,SAP OnHand ONLY — no physical dispatch record exists this far back
2025-07-04,GP-FG (overflow / secondary),380215,,0,380215,,,,,380215,,SAP OnHand only — no ceiling on file for this godown; no dispatch-lag correction applied
2025-07-04,BH-FG (overflow / secondary),137624,,0,137624,,,,,137624,,SAP OnHand only — no ceiling on file for this godown; no dispatch-lag correction applied
2025-07-04,BH-SC (overflow / secondary),58,,0,58,,,,,58,,SAP OnHand only — no ceiling on file for this godown; no dispatch-lag correction applied
2025-07-05,BH-PF,101391,0,0,101391,377000,275609,26.9,0,101391,0,SAP OnHand ONLY — no physical dispatch record exists this far back
2025-07-05,OIL-FG-TOTAL (BH-BT+BH-PF),101391,0,0,101391,377000,275609,26.9,0,101391,0,SAP OnHand ONLY — no physical dispatch record exists this far back
2025-07-05,GP-FG (overflow / secondary),374545,,0,374545,,,,,374545,,SAP OnHand only — no ceiling on file for this godown; no dispatch-lag correction applied
2025-07-05,BH-FG (overflow / secondary),126218,,0,126218,,,,,126218,,SAP OnHand only — no ceiling on file for this godown; no dispatch-lag correction applied
2025-07-05,BH-SC (overflow / secondary),58,,0,58,,,,,58,,SAP OnHand only — no ceiling on file for this godown; no dispatch-lag correction applied
2025-07-06,BH-PF,101391,0,0,101391,377000,275609,26.9,0,101391,0,SAP OnHand ONLY — no physical dispatch record exists this far back
2025-07-06,OIL-FG-TOTAL (BH-BT+BH-PF),101391,0,0,101391,377000,275609,26.9,0,101391,0,SAP OnHand ONLY — no physical dispatch record exists this far back
2025-07-06,GP-FG (overflow / secondary),392513,,0,392513,,,,,392513,,SAP OnHand only — no ceiling on file for this godown; no dispatch-lag correction applied
2025-07-06,BH-FG (overflow / secondary),108250,,0,108250,,,,,108250,,SAP OnHand only — no ceiling on file for this godown; no dispatch-lag correction applied
2025-07-06,BH-SC (overflow / secondary),58,,0,58,,,,,58,,SAP OnHand only — no ceiling on file for this godown; no dispatch-lag correction applied
2025-07-07,BH-PF,96876,0,0,96876,377000,280124,25.7,0,96876,0,SAP OnHand ONLY — no physical dispatch record exists this far back
2025-07-07,OIL-FG-TOTAL (BH-BT+BH-PF),96876,0,0,96876,377000,280124,25.7,0,96876,0,SAP OnHand ONLY — no physical dispatch record exists this far back
2025-07-07,GP-FG (overflow / secondary),379522,,0,379522,,,,,379522,,SAP OnHand only — no ceiling on file for this godown; no dispatch-lag correction applied
2025-07-07,BH-FG (overflow / secondary),136025,,0,136025,,,,,136025,,SAP OnHand only — no ceiling on file for this godown; no dispatch-lag correction applied
2025-07-07,BH-SC (overflow / secondary),58,,0,58,,,,,58,,SAP OnHand only — no ceiling on file for this godown; no dispatch-lag correction applied
2025-07-08,BH-PF,123199,0,0,123199,377000,253801,32.7,0,123199,0,SAP OnHand ONLY — no physical dispatch record exists this far back
2025-07-08,OIL-FG-TOTAL (BH-BT+BH-PF),123199,0,0,123199,377000,253801,32.7,0,123199,0,SAP OnHand ONLY — no physical dispatch record exists this far back
2025-07-08,GP-FG (overflow / secondary),406574,,0,406574,,,,,406574,,SAP OnHand only — no ceiling on file for this godown; no dispatch-lag correction applied
2025-07-08,BH-FG (overflow / secondary),127019,,0,127019,,,,,127019,,SAP OnHand only — no ceiling on file for this godown; no dispatch-lag correction applied
2025-07-08,BH-SC (overflow / secondary),58,,0,58,,,,,58,,SAP OnHand only — no ceiling on file for this godown; no dispatch-lag correction applied
2025-07-09,BH-PF,105038,0,0,105038,377000,271962,27.9,0,105038,0,SAP OnHand ONLY — no physical dispatch record exists this far back
2025-07-09,OIL-FG-TOTAL (BH-BT+BH-PF),105038,0,0,105038,377000,271962,27.9,0,105038,0,SAP OnHand ONLY — no physical dispatch record exists this far back
2025-07-09,GP-FG (overflow / secondary),397224,,0,397224,,,,,397224,,SAP OnHand only — no ceiling on file for this godown; no dispatch-lag correction applied
2025-07-09,BH-FG (overflow / secondary),124234,,0,124234,,,,,124234,,SAP OnHand only — no ceiling on file for this godown; no dispatch-lag correction applied
2025-07-09,BH-SC (overflow / secondary),58,,0,58,,,,,58,,SAP OnHand only — no ceiling on file for this godown; no dispatch-lag correction applied
2025-07-10,BH-PF,131199,0,0,131199,377000,245801,34.8,0,131199,0,SAP OnHand ONLY — no physical dispatch record exists this far back
2025-07-10,OIL-FG-TOTAL (BH-BT+BH-PF),131199,0,0,131199,377000,245801,34.8,0,131199,0,SAP OnHand ONLY — no physical dispatch record exists this far back
2025-07-10,GP-FG (overflow / secondary),489643,,0,489643,,,,,489643,,SAP OnHand only — no ceiling on file for this godown; no dispatch-lag correction applied
2025-07-10,BH-FG (overflow / secondary),129334,,0,129334,,,,,129334,,SAP OnHand only — no ceiling on file for this godown; no dispatch-lag correction applied
2025-07-10,BH-SC (overflow / secondary),58,,0,58,,,,,58,,SAP OnHand only — no ceiling on file for this godown; no dispatch-lag correction applied
2025-07-11,BH-PF,117997,0,0,117997,377000,259003,31.3,0,117997,0,SAP OnHand ONLY — no physical dispatch record exists this far back
2025-07-11,OIL-FG-TOTAL (BH-BT+BH-PF),117997,0,0,117997,377000,259003,31.3,0,117997,0,SAP OnHand ONLY — no physical dispatch record exists this far back
2025-07-11,GP-FG (overflow / secondary),539295,,0,539295,,,,,539295,,SAP OnHand only — no ceiling on file for this godown; no dispatch-lag correction applied
2025-07-11,BH-FG (overflow / secondary),109870,,0,109870,,,,,109870,,SAP OnHand only — no ceiling on file for this godown; no dispatch-lag correction applied
2025-07-11,BH-SC (overflow / secondary),58,,0,58,,,,,58,,SAP OnHand only — no ceiling on file for this godown; no dispatch-lag correction applied
2025-07-12,BH-PF,117540,0,0,117540,377000,259460,31.2,0,117540,0,SAP OnHand ONLY — no physical dispatch record exists this far back
2025-07-12,OIL-FG-TOTAL (BH-BT+BH-PF),117540,0,0,117540,377000,259460,31.2,0,117540,0,SAP OnHand ONLY — no physical dispatch record exists this far back
2025-07-12,GP-FG (overflow / secondary),528200,,0,528200,,,,,528200,,SAP OnHand only — no ceiling on file for this godown; no dispatch-lag correction applied
2025-07-12,BH-FG (overflow / secondary),142011,,0,142011,,,,,142011,,SAP OnHand only — no ceiling on file for this godown; no dispatch-lag correction applied
2025-07-12,BH-SC (overflow / secondary),58,,0,58,,,,,58,,SAP OnHand only — no ceiling on file for this godown; no dispatch-lag correction applied
2025-07-13,BH-PF,116575,0,0,116575,377000,260425,30.9,0,116575,0,SAP OnHand ONLY — no physical dispatch record exists this far back
2025-07-13,OIL-FG-TOTAL (BH-BT+BH-PF),116575,0,0,116575,377000,260425,30.9,0,116575,0,SAP OnHand ONLY — no physical dispatch record exists this far back
2025-07-13,GP-FG (overflow / secondary),604520,,0,604520,,,,,604520,,SAP OnHand only — no ceiling on file for this godown; no dispatch-lag correction applied
2025-07-13,BH-FG (overflow / secondary),142011,,0,142011,,,,,142011,,SAP OnHand only — no ceiling on file for this godown; no dispatch-lag correction applied
2025-07-13,BH-SC (overflow / secondary),58,,0,58,,,,,58,,SAP OnHand only — no ceiling on file for this godown; no dispatch-lag correction applied
2025-07-14,BH-PF,69525,0,0,69525,377000,307475,18.4,0,69525,0,SAP OnHand ONLY — no physical dispatch record exists this far back
2025-07-14,OIL-FG-TOTAL (BH-BT+BH-PF),69525,0,0,69525,377000,307475,18.4,0,69525,0,SAP OnHand ONLY — no physical dispatch record exists this far back
2025-07-14,GP-FG (overflow / secondary),569579,,0,569579,,,,,569579,,SAP OnHand only — no ceiling on file for this godown; no dispatch-lag correction applied
2025-07-14,BH-FG (overflow / secondary),146037,,0,146037,,,,,146037,,SAP OnHand only — no ceiling on file for this godown; no dispatch-lag correction applied
2025-07-14,BH-SC (overflow / secondary),58,,0,58,,,,,58,,SAP OnHand only — no ceiling on file for this godown; no dispatch-lag correction applied
2025-07-15,BH-PF,122950,0,0,122950,377000,254050,32.6,0,122950,0,SAP OnHand ONLY — no physical dispatch record exists this far back
2025-07-15,OIL-FG-TOTAL (BH-BT+BH-PF),122950,0,0,122950,377000,254050,32.6,0,122950,0,SAP OnHand ONLY — no physical dispatch record exists this far back
2025-07-15,GP-FG (overflow / secondary),529798,,0,529798,,,,,529798,,SAP OnHand only — no ceiling on file for this godown; no dispatch-lag correction applied
2025-07-15,BH-FG (overflow / secondary),143039,,0,143039,,,,,143039,,SAP OnHand only — no ceiling on file for this godown; no dispatch-lag correction applied
2025-07-15,BH-SC (overflow / secondary),58,,0,58,,,,,58,,SAP OnHand only — no ceiling on file for this godown; no dispatch-lag correction applied
2025-07-16,BH-PF,184283,0,0,184283,377000,192717,48.9,0,184283,0,SAP OnHand ONLY — no physical dispatch record exists this far back
2025-07-16,OIL-FG-TOTAL (BH-BT+BH-PF),184283,0,0,184283,377000,192717,48.9,0,184283,0,SAP OnHand ONLY — no physical dispatch record exists this far back
2025-07-16,GP-FG (overflow / secondary),487021,,0,487021,,,,,487021,,SAP OnHand only — no ceiling on file for this godown; no dispatch-lag correction applied
2025-07-16,BH-FG (overflow / secondary),137323,,0,137323,,,,,137323,,SAP OnHand only — no ceiling on file for this godown; no dispatch-lag correction applied
2025-07-16,BH-SC (overflow / secondary),58,,0,58,,,,,58,,SAP OnHand only — no ceiling on file for this godown; no dispatch-lag correction applied
2025-07-17,BH-PF,148235,0,0,148235,377000,228765,39.3,0,148235,0,SAP OnHand ONLY — no physical dispatch record exists this far back
2025-07-17,OIL-FG-TOTAL (BH-BT+BH-PF),148235,0,0,148235,377000,228765,39.3,0,148235,0,SAP OnHand ONLY — no physical dispatch record exists this far back
2025-07-17,GP-FG (overflow / secondary),510368,,0,510368,,,,,510368,,SAP OnHand only — no ceiling on file for this godown; no dispatch-lag correction applied
2025-07-17,BH-FG (overflow / secondary),137323,,0,137323,,,,,137323,,SAP OnHand only — no ceiling on file for this godown; no dispatch-lag correction applied
2025-07-17,BH-SC (overflow / secondary),58,,0,58,,,,,58,,SAP OnHand only — no ceiling on file for this godown; no dispatch-lag correction applied
2025-07-18,BH-PF,105058,0,0,105058,377000,271942,27.9,0,105058,0,SAP OnHand ONLY — no physical dispatch record exists this far back
2025-07-18,OIL-FG-TOTAL (BH-BT+BH-PF),105058,0,0,105058,377000,271942,27.9,0,105058,0,SAP OnHand ONLY — no physical dispatch record exists this far back
2025-07-18,GP-FG (overflow / secondary),528006,,0,528006,,,,,528006,,SAP OnHand only — no ceiling on file for this godown; no dispatch-lag correction applied
2025-07-18,BH-FG (overflow / secondary),137323,,0,137323,,,,,137323,,SAP OnHand only — no ceiling on file for this godown; no dispatch-lag correction applied
2025-07-18,BH-SC (overflow / secondary),58,,0,58,,,,,58,,SAP OnHand only — no ceiling on file for this godown; no dispatch-lag correction applied
2025-07-19,BH-PF,117573,0,0,117573,377000,259427,31.2,0,117573,0,SAP OnHand ONLY — no physical dispatch record exists this far back
2025-07-19,OIL-FG-TOTAL (BH-BT+BH-PF),117573,0,0,117573,377000,259427,31.2,0,117573,0,SAP OnHand ONLY — no physical dispatch record exists this far back
2025-07-19,GP-FG (overflow / secondary),504494,,0,504494,,,,,504494,,SAP OnHand only — no ceiling on file for this godown; no dispatch-lag correction applied
2025-07-19,BH-FG (overflow / secondary),137322,,0,137322,,,,,137322,,SAP OnHand only — no ceiling on file for this godown; no dispatch-lag correction applied
2025-07-19,BH-SC (overflow / secondary),58,,0,58,,,,,58,,SAP OnHand only — no ceiling on file for this godown; no dispatch-lag correction applied
2025-07-20,BH-PF,106373,0,0,106373,377000,270627,28.2,0,106373,0,SAP OnHand ONLY — no physical dispatch record exists this far back
2025-07-20,OIL-FG-TOTAL (BH-BT+BH-PF),106373,0,0,106373,377000,270627,28.2,0,106373,0,SAP OnHand ONLY — no physical dispatch record exists this far back
2025-07-20,GP-FG (overflow / secondary),515694,,0,515694,,,,,515694,,SAP OnHand only — no ceiling on file for this godown; no dispatch-lag correction applied
2025-07-20,BH-FG (overflow / secondary),137322,,0,137322,,,,,137322,,SAP OnHand only — no ceiling on file for this godown; no dispatch-lag correction applied
2025-07-20,BH-SC (overflow / secondary),58,,0,58,,,,,58,,SAP OnHand only — no ceiling on file for this godown; no dispatch-lag correction applied
2025-07-21,BH-PF,95567,0,0,95567,377000,281433,25.3,0,95567,0,SAP OnHand ONLY — no physical dispatch record exists this far back
2025-07-21,OIL-FG-TOTAL (BH-BT+BH-PF),95567,0,0,95567,377000,281433,25.3,0,95567,0,SAP OnHand ONLY — no physical dispatch record exists this far back
2025-07-21,GP-FG (overflow / secondary),456368,,0,456368,,,,,456368,,SAP OnHand only — no ceiling on file for this godown; no dispatch-lag correction applied
2025-07-21,BH-FG (overflow / secondary),137308,,0,137308,,,,,137308,,SAP OnHand only — no ceiling on file for this godown; no dispatch-lag correction applied
2025-07-21,BH-SC (overflow / secondary),58,,0,58,,,,,58,,SAP OnHand only — no ceiling on file for this godown; no dispatch-lag correction applied
2025-07-22,BH-PF,127199,0,0,127199,377000,249801,33.7,0,127199,0,SAP OnHand ONLY — no physical dispatch record exists this far back
2025-07-22,OIL-FG-TOTAL (BH-BT+BH-PF),127199,0,0,127199,377000,249801,33.7,0,127199,0,SAP OnHand ONLY — no physical dispatch record exists this far back
2025-07-22,GP-FG (overflow / secondary),481581,,0,481581,,,,,481581,,SAP OnHand only — no ceiling on file for this godown; no dispatch-lag correction applied
2025-07-22,BH-FG (overflow / secondary),137308,,0,137308,,,,,137308,,SAP OnHand only — no ceiling on file for this godown; no dispatch-lag correction applied
2025-07-22,BH-SC (overflow / secondary),58,,0,58,,,,,58,,SAP OnHand only — no ceiling on file for this godown; no dispatch-lag correction applied
2025-07-23,BH-PF,116184,0,0,116184,377000,260816,30.8,0,116184,0,SAP OnHand ONLY — no physical dispatch record exists this far back
2025-07-23,OIL-FG-TOTAL (BH-BT+BH-PF),116184,0,0,116184,377000,260816,30.8,0,116184,0,SAP OnHand ONLY — no physical dispatch record exists this far back
2025-07-23,GP-FG (overflow / secondary),432422,,0,432422,,,,,432422,,SAP OnHand only — no ceiling on file for this godown; no dispatch-lag correction applied
2025-07-23,BH-FG (overflow / secondary),137241,,0,137241,,,,,137241,,SAP OnHand only — no ceiling on file for this godown; no dispatch-lag correction applied
2025-07-23,BH-SC (overflow / secondary),58,,0,58,,,,,58,,SAP OnHand only — no ceiling on file for this godown; no dispatch-lag correction applied
2025-07-24,BH-PF,162731,0,0,162731,377000,214269,43.2,0,162731,0,SAP OnHand ONLY — no physical dispatch record exists this far back
2025-07-24,OIL-FG-TOTAL (BH-BT+BH-PF),162731,0,0,162731,377000,214269,43.2,0,162731,0,SAP OnHand ONLY — no physical dispatch record exists this far back
2025-07-24,GP-FG (overflow / secondary),418914,,0,418914,,,,,418914,,SAP OnHand only — no ceiling on file for this godown; no dispatch-lag correction applied
2025-07-24,BH-FG (overflow / secondary),123561,,0,123561,,,,,123561,,SAP OnHand only — no ceiling on file for this godown; no dispatch-lag correction applied
2025-07-24,BH-SC (overflow / secondary),58,,0,58,,,,,58,,SAP OnHand only — no ceiling on file for this godown; no dispatch-lag correction applied
2025-07-25,BH-PF,177755,0,0,177755,377000,199245,47.1,0,177755,0,SAP OnHand ONLY — no physical dispatch record exists this far back
2025-07-25,OIL-FG-TOTAL (BH-BT+BH-PF),177755,0,0,177755,377000,199245,47.1,0,177755,0,SAP OnHand ONLY — no physical dispatch record exists this far back
2025-07-25,GP-FG (overflow / secondary),403179,,0,403179,,,,,403179,,SAP OnHand only — no ceiling on file for this godown; no dispatch-lag correction applied
2025-07-25,BH-FG (overflow / secondary),120781,,0,120781,,,,,120781,,SAP OnHand only — no ceiling on file for this godown; no dispatch-lag correction applied
2025-07-25,BH-SC (overflow / secondary),58,,0,58,,,,,58,,SAP OnHand only — no ceiling on file for this godown; no dispatch-lag correction applied
2025-07-26,BH-PF,172599,0,0,172599,377000,204401,45.8,0,172599,0,SAP OnHand ONLY — no physical dispatch record exists this far back
2025-07-26,OIL-FG-TOTAL (BH-BT+BH-PF),172599,0,0,172599,377000,204401,45.8,0,172599,0,SAP OnHand ONLY — no physical dispatch record exists this far back
2025-07-26,GP-FG (overflow / secondary),470434,,0,470434,,,,,470434,,SAP OnHand only — no ceiling on file for this godown; no dispatch-lag correction applied
2025-07-26,BH-FG (overflow / secondary),119475,,0,119475,,,,,119475,,SAP OnHand only — no ceiling on file for this godown; no dispatch-lag correction applied
2025-07-26,BH-SC (overflow / secondary),58,,0,58,,,,,58,,SAP OnHand only — no ceiling on file for this godown; no dispatch-lag correction applied
2025-07-27,BH-PF,172599,0,0,172599,377000,204401,45.8,0,172599,0,SAP OnHand ONLY — no physical dispatch record exists this far back
2025-07-27,OIL-FG-TOTAL (BH-BT+BH-PF),172599,0,0,172599,377000,204401,45.8,0,172599,0,SAP OnHand ONLY — no physical dispatch record exists this far back
2025-07-27,GP-FG (overflow / secondary),470434,,0,470434,,,,,470434,,SAP OnHand only — no ceiling on file for this godown; no dispatch-lag correction applied
2025-07-27,BH-FG (overflow / secondary),119475,,0,119475,,,,,119475,,SAP OnHand only — no ceiling on file for this godown; no dispatch-lag correction applied
2025-07-27,BH-SC (overflow / secondary),58,,0,58,,,,,58,,SAP OnHand only — no ceiling on file for this godown; no dispatch-lag correction applied
2025-07-28,BH-PF,249626,0,0,249626,377000,127374,66.2,0,249626,0,SAP OnHand ONLY — no physical dispatch record exists this far back
2025-07-28,OIL-FG-TOTAL (BH-BT+BH-PF),249626,0,0,249626,377000,127374,66.2,0,249626,0,SAP OnHand ONLY — no physical dispatch record exists this far back
2025-07-28,GP-FG (overflow / secondary),475312,,0,475312,,,,,475312,,SAP OnHand only — no ceiling on file for this godown; no dispatch-lag correction applied
2025-07-28,BH-FG (overflow / secondary),119475,,0,119475,,,,,119475,,SAP OnHand only — no ceiling on file for this godown; no dispatch-lag correction applied
2025-07-28,BH-SC (overflow / secondary),58,,0,58,,,,,58,,SAP OnHand only — no ceiling on file for this godown; no dispatch-lag correction applied
2025-07-29,BH-PF,200456,0,0,200456,377000,176544,53.2,0,200456,0,SAP OnHand ONLY — no physical dispatch record exists this far back
2025-07-29,OIL-FG-TOTAL (BH-BT+BH-PF),200456,0,0,200456,377000,176544,53.2,0,200456,0,SAP OnHand ONLY — no physical dispatch record exists this far back
2025-07-29,GP-FG (overflow / secondary),486197,,0,486197,,,,,486197,,SAP OnHand only — no ceiling on file for this godown; no dispatch-lag correction applied
2025-07-29,BH-FG (overflow / secondary),114413,,0,114413,,,,,114413,,SAP OnHand only — no ceiling on file for this godown; no dispatch-lag correction applied
2025-07-29,BH-SC (overflow / secondary),58,,0,58,,,,,58,,SAP OnHand only — no ceiling on file for this godown; no dispatch-lag correction applied
2025-07-30,BH-PF,213420,0,0,213420,377000,163580,56.6,0,213420,0,SAP OnHand ONLY — no physical dispatch record exists this far back
2025-07-30,OIL-FG-TOTAL (BH-BT+BH-PF),213420,0,0,213420,377000,163580,56.6,0,213420,0,SAP OnHand ONLY — no physical dispatch record exists this far back
2025-07-30,GP-FG (overflow / secondary),510204,,0,510204,,,,,510204,,SAP OnHand only — no ceiling on file for this godown; no dispatch-lag correction applied
2025-07-30,BH-FG (overflow / secondary),160421,,0,160421,,,,,160421,,SAP OnHand only — no ceiling on file for this godown; no dispatch-lag correction applied
2025-07-30,BH-SC (overflow / secondary),58,,0,58,,,,,58,,SAP OnHand only — no ceiling on file for this godown; no dispatch-lag correction applied
2025-07-31,BH-PF,147042,0,0,147042,377000,229958,39.0,0,147042,0,SAP OnHand ONLY — no physical dispatch record exists this far back
2025-07-31,OIL-FG-TOTAL (BH-BT+BH-PF),147042,0,0,147042,377000,229958,39.0,0,147042,0,SAP OnHand ONLY — no physical dispatch record exists this far back
2025-07-31,GP-FG (overflow / secondary),310919,,0,310919,,,,,310919,,SAP OnHand only — no ceiling on file for this godown; no dispatch-lag correction applied
2025-07-31,BH-FG (overflow / secondary),140153,,0,140153,,,,,140153,,SAP OnHand only — no ceiling on file for this godown; no dispatch-lag correction applied
2025-07-31,BH-SC (overflow / secondary),58,,0,58,,,,,58,,SAP OnHand only — no ceiling on file for this godown; no dispatch-lag correction applied
2025-08-01,BH-PF,144130,0,0,144130,377000,232870,38.2,0,144130,0,SAP OnHand ONLY — no physical dispatch record exists this far back
2025-08-01,OIL-FG-TOTAL (BH-BT+BH-PF),144130,0,0,144130,377000,232870,38.2,0,144130,0,SAP OnHand ONLY — no physical dispatch record exists this far back
2025-08-01,GP-FG (overflow / secondary),326678,,0,326678,,,,,326678,,SAP OnHand only — no ceiling on file for this godown; no dispatch-lag correction applied
2025-08-01,BH-FG (overflow / secondary),129733,,0,129733,,,,,129733,,SAP OnHand only — no ceiling on file for this godown; no dispatch-lag correction applied
2025-08-01,BH-SC (overflow / secondary),58,,0,58,,,,,58,,SAP OnHand only — no ceiling on file for this godown; no dispatch-lag correction applied
2025-08-02,BH-PF,143175,0,0,143175,377000,233825,38.0,0,143175,0,SAP OnHand ONLY — no physical dispatch record exists this far back
2025-08-02,OIL-FG-TOTAL (BH-BT+BH-PF),143175,0,0,143175,377000,233825,38.0,0,143175,0,SAP OnHand ONLY — no physical dispatch record exists this far back
2025-08-02,GP-FG (overflow / secondary),337390,,0,337390,,,,,337390,,SAP OnHand only — no ceiling on file for this godown; no dispatch-lag correction applied
2025-08-02,BH-FG (overflow / secondary),130169,,0,130169,,,,,130169,,SAP OnHand only — no ceiling on file for this godown; no dispatch-lag correction applied
2025-08-02,BH-SC (overflow / secondary),58,,0,58,,,,,58,,SAP OnHand only — no ceiling on file for this godown; no dispatch-lag correction applied
2025-08-03,BH-PF,147109,0,0,147109,377000,229891,39.0,0,147109,0,SAP OnHand ONLY — no physical dispatch record exists this far back
2025-08-03,OIL-FG-TOTAL (BH-BT+BH-PF),147109,0,0,147109,377000,229891,39.0,0,147109,0,SAP OnHand ONLY — no physical dispatch record exists this far back
2025-08-03,GP-FG (overflow / secondary),358017,,0,358017,,,,,358017,,SAP OnHand only — no ceiling on file for this godown; no dispatch-lag correction applied
2025-08-03,BH-FG (overflow / secondary),130169,,0,130169,,,,,130169,,SAP OnHand only — no ceiling on file for this godown; no dispatch-lag correction applied
2025-08-03,BH-SC (overflow / secondary),58,,0,58,,,,,58,,SAP OnHand only — no ceiling on file for this godown; no dispatch-lag correction applied
2025-08-04,BH-PF,132203,0,0,132203,377000,244797,35.1,0,132203,0,SAP OnHand ONLY — no physical dispatch record exists this far back
2025-08-04,OIL-FG-TOTAL (BH-BT+BH-PF),132203,0,0,132203,377000,244797,35.1,0,132203,0,SAP OnHand ONLY — no physical dispatch record exists this far back
2025-08-04,GP-FG (overflow / secondary),340412,,0,340412,,,,,340412,,SAP OnHand only — no ceiling on file for this godown; no dispatch-lag correction applied
2025-08-04,BH-FG (overflow / secondary),120531,,0,120531,,,,,120531,,SAP OnHand only — no ceiling on file for this godown; no dispatch-lag correction applied
2025-08-04,BH-SC (overflow / secondary),58,,0,58,,,,,58,,SAP OnHand only — no ceiling on file for this godown; no dispatch-lag correction applied
2025-08-05,BH-PF,124676,0,0,124676,377000,252324,33.1,0,124676,0,SAP OnHand ONLY — no physical dispatch record exists this far back
2025-08-05,OIL-FG-TOTAL (BH-BT+BH-PF),124676,0,0,124676,377000,252324,33.1,0,124676,0,SAP OnHand ONLY — no physical dispatch record exists this far back
2025-08-05,GP-FG (overflow / secondary),286769,,0,286769,,,,,286769,,SAP OnHand only — no ceiling on file for this godown; no dispatch-lag correction applied
2025-08-05,BH-FG (overflow / secondary),123786,,0,123786,,,,,123786,,SAP OnHand only — no ceiling on file for this godown; no dispatch-lag correction applied
2025-08-05,BH-SC (overflow / secondary),58,,0,58,,,,,58,,SAP OnHand only — no ceiling on file for this godown; no dispatch-lag correction applied
2025-08-06,BH-PF,163926,0,0,163926,377000,213074,43.5,0,163926,0,SAP OnHand ONLY — no physical dispatch record exists this far back
2025-08-06,OIL-FG-TOTAL (BH-BT+BH-PF),163926,0,0,163926,377000,213074,43.5,0,163926,0,SAP OnHand ONLY — no physical dispatch record exists this far back
2025-08-06,GP-FG (overflow / secondary),301862,,0,301862,,,,,301862,,SAP OnHand only — no ceiling on file for this godown; no dispatch-lag correction applied
2025-08-06,BH-FG (overflow / secondary),170672,,0,170672,,,,,170672,,SAP OnHand only — no ceiling on file for this godown; no dispatch-lag correction applied
2025-08-06,BH-SC (overflow / secondary),58,,0,58,,,,,58,,SAP OnHand only — no ceiling on file for this godown; no dispatch-lag correction applied
2025-08-07,BH-PF,158812,0,0,158812,377000,218188,42.1,0,158812,0,SAP OnHand ONLY — no physical dispatch record exists this far back
2025-08-07,OIL-FG-TOTAL (BH-BT+BH-PF),158812,0,0,158812,377000,218188,42.1,0,158812,0,SAP OnHand ONLY — no physical dispatch record exists this far back
2025-08-07,GP-FG (overflow / secondary),296373,,0,296373,,,,,296373,,SAP OnHand only — no ceiling on file for this godown; no dispatch-lag correction applied
2025-08-07,BH-FG (overflow / secondary),162887,,0,162887,,,,,162887,,SAP OnHand only — no ceiling on file for this godown; no dispatch-lag correction applied
2025-08-07,BH-SC (overflow / secondary),58,,0,58,,,,,58,,SAP OnHand only — no ceiling on file for this godown; no dispatch-lag correction applied
2025-08-08,BH-PF,166516,0,0,166516,377000,210484,44.2,0,166516,0,SAP OnHand ONLY — no physical dispatch record exists this far back
2025-08-08,OIL-FG-TOTAL (BH-BT+BH-PF),166516,0,0,166516,377000,210484,44.2,0,166516,0,SAP OnHand ONLY — no physical dispatch record exists this far back
2025-08-08,GP-FG (overflow / secondary),286178,,0,286178,,,,,286178,,SAP OnHand only — no ceiling on file for this godown; no dispatch-lag correction applied
2025-08-08,BH-FG (overflow / secondary),164648,,0,164648,,,,,164648,,SAP OnHand only — no ceiling on file for this godown; no dispatch-lag correction applied
2025-08-08,BH-SC (overflow / secondary),58,,0,58,,,,,58,,SAP OnHand only — no ceiling on file for this godown; no dispatch-lag correction applied
2025-08-09,BH-PF,166516,0,0,166516,377000,210484,44.2,0,166516,0,SAP OnHand ONLY — no physical dispatch record exists this far back
2025-08-09,OIL-FG-TOTAL (BH-BT+BH-PF),166516,0,0,166516,377000,210484,44.2,0,166516,0,SAP OnHand ONLY — no physical dispatch record exists this far back
2025-08-09,GP-FG (overflow / secondary),286178,,0,286178,,,,,286178,,SAP OnHand only — no ceiling on file for this godown; no dispatch-lag correction applied
2025-08-09,BH-FG (overflow / secondary),164648,,0,164648,,,,,164648,,SAP OnHand only — no ceiling on file for this godown; no dispatch-lag correction applied
2025-08-09,BH-SC (overflow / secondary),58,,0,58,,,,,58,,SAP OnHand only — no ceiling on file for this godown; no dispatch-lag correction applied
2025-08-10,BH-PF,166516,0,0,166516,377000,210484,44.2,0,166516,0,SAP OnHand ONLY — no physical dispatch record exists this far back
2025-08-10,OIL-FG-TOTAL (BH-BT+BH-PF),166516,0,0,166516,377000,210484,44.2,0,166516,0,SAP OnHand ONLY — no physical dispatch record exists this far back
2025-08-10,GP-FG (overflow / secondary),286178,,0,286178,,,,,286178,,SAP OnHand only — no ceiling on file for this godown; no dispatch-lag correction applied
2025-08-10,BH-FG (overflow / secondary),164648,,0,164648,,,,,164648,,SAP OnHand only — no ceiling on file for this godown; no dispatch-lag correction applied
2025-08-10,BH-SC (overflow / secondary),58,,0,58,,,,,58,,SAP OnHand only — no ceiling on file for this godown; no dispatch-lag correction applied
2025-08-11,BH-PF,159826,0,0,159826,377000,217174,42.4,0,159826,0,SAP OnHand ONLY — no physical dispatch record exists this far back
2025-08-11,OIL-FG-TOTAL (BH-BT+BH-PF),159826,0,0,159826,377000,217174,42.4,0,159826,0,SAP OnHand ONLY — no physical dispatch record exists this far back
2025-08-11,GP-FG (overflow / secondary),281758,,0,281758,,,,,281758,,SAP OnHand only — no ceiling on file for this godown; no dispatch-lag correction applied
2025-08-11,BH-FG (overflow / secondary),145868,,0,145868,,,,,145868,,SAP OnHand only — no ceiling on file for this godown; no dispatch-lag correction applied
2025-08-11,BH-SC (overflow / secondary),58,,0,58,,,,,58,,SAP OnHand only — no ceiling on file for this godown; no dispatch-lag correction applied
2025-08-12,BH-PF,204455,0,0,204455,377000,172545,54.2,0,204455,0,SAP OnHand ONLY — no physical dispatch record exists this far back
2025-08-12,OIL-FG-TOTAL (BH-BT+BH-PF),204455,0,0,204455,377000,172545,54.2,0,204455,0,SAP OnHand ONLY — no physical dispatch record exists this far back
2025-08-12,GP-FG (overflow / secondary),256052,,0,256052,,,,,256052,,SAP OnHand only — no ceiling on file for this godown; no dispatch-lag correction applied
2025-08-12,BH-FG (overflow / secondary),145868,,0,145868,,,,,145868,,SAP OnHand only — no ceiling on file for this godown; no dispatch-lag correction applied
2025-08-12,BH-SC (overflow / secondary),58,,0,58,,,,,58,,SAP OnHand only — no ceiling on file for this godown; no dispatch-lag correction applied
2025-08-13,BH-PF,120881,0,0,120881,377000,256119,32.1,0,120881,0,SAP OnHand ONLY — no physical dispatch record exists this far back
2025-08-13,OIL-FG-TOTAL (BH-BT+BH-PF),120881,0,0,120881,377000,256119,32.1,0,120881,0,SAP OnHand ONLY — no physical dispatch record exists this far back
2025-08-13,GP-FG (overflow / secondary),391236,,0,391236,,,,,391236,,SAP OnHand only — no ceiling on file for this godown; no dispatch-lag correction applied
2025-08-13,BH-FG (overflow / secondary),108464,,0,108464,,,,,108464,,SAP OnHand only — no ceiling on file for this godown; no dispatch-lag correction applied
2025-08-13,BH-SC (overflow / secondary),58,,0,58,,,,,58,,SAP OnHand only — no ceiling on file for this godown; no dispatch-lag correction applied
2025-08-14,BH-PF,123788,0,0,123788,377000,253212,32.8,0,123788,0,SAP OnHand ONLY — no physical dispatch record exists this far back
2025-08-14,OIL-FG-TOTAL (BH-BT+BH-PF),123788,0,0,123788,377000,253212,32.8,0,123788,0,SAP OnHand ONLY — no physical dispatch record exists this far back
2025-08-14,GP-FG (overflow / secondary),408813,,0,408813,,,,,408813,,SAP OnHand only — no ceiling on file for this godown; no dispatch-lag correction applied
2025-08-14,BH-FG (overflow / secondary),122121,,0,122121,,,,,122121,,SAP OnHand only — no ceiling on file for this godown; no dispatch-lag correction applied
2025-08-14,BH-SC (overflow / secondary),58,,0,58,,,,,58,,SAP OnHand only — no ceiling on file for this godown; no dispatch-lag correction applied
2025-08-15,BH-PF,132059,0,0,132059,377000,244941,35.0,0,132059,0,SAP OnHand ONLY — no physical dispatch record exists this far back
2025-08-15,OIL-FG-TOTAL (BH-BT+BH-PF),132059,0,0,132059,377000,244941,35.0,0,132059,0,SAP OnHand ONLY — no physical dispatch record exists this far back
2025-08-15,GP-FG (overflow / secondary),558082,,0,558082,,,,,558082,,SAP OnHand only — no ceiling on file for this godown; no dispatch-lag correction applied
2025-08-15,BH-FG (overflow / secondary),111102,,0,111102,,,,,111102,,SAP OnHand only — no ceiling on file for this godown; no dispatch-lag correction applied
2025-08-15,BH-SC (overflow / secondary),58,,0,58,,,,,58,,SAP OnHand only — no ceiling on file for this godown; no dispatch-lag correction applied
2025-08-16,BH-PF,106595,0,0,106595,377000,270405,28.3,0,106595,0,SAP OnHand ONLY — no physical dispatch record exists this far back
2025-08-16,OIL-FG-TOTAL (BH-BT+BH-PF),106595,0,0,106595,377000,270405,28.3,0,106595,0,SAP OnHand ONLY — no physical dispatch record exists this far back
2025-08-16,GP-FG (overflow / secondary),627450,,0,627450,,,,,627450,,SAP OnHand only — no ceiling on file for this godown; no dispatch-lag correction applied
2025-08-16,BH-FG (overflow / secondary),111702,,0,111702,,,,,111702,,SAP OnHand only — no ceiling on file for this godown; no dispatch-lag correction applied
2025-08-16,BH-SC (overflow / secondary),58,,0,58,,,,,58,,SAP OnHand only — no ceiling on file for this godown; no dispatch-lag correction applied
2025-08-17,BH-PF,125902,0,0,125902,377000,251098,33.4,0,125902,0,SAP OnHand ONLY — no physical dispatch record exists this far back
2025-08-17,OIL-FG-TOTAL (BH-BT+BH-PF),125902,0,0,125902,377000,251098,33.4,0,125902,0,SAP OnHand ONLY — no physical dispatch record exists this far back
2025-08-17,GP-FG (overflow / secondary),601057,,0,601057,,,,,601057,,SAP OnHand only — no ceiling on file for this godown; no dispatch-lag correction applied
2025-08-17,BH-FG (overflow / secondary),167423,,0,167423,,,,,167423,,SAP OnHand only — no ceiling on file for this godown; no dispatch-lag correction applied
2025-08-17,BH-SC (overflow / secondary),58,,0,58,,,,,58,,SAP OnHand only — no ceiling on file for this godown; no dispatch-lag correction applied
2025-08-18,BH-PF,78281,0,0,78281,377000,298719,20.8,0,78281,0,SAP OnHand ONLY — no physical dispatch record exists this far back
2025-08-18,OIL-FG-TOTAL (BH-BT+BH-PF),78281,0,0,78281,377000,298719,20.8,0,78281,0,SAP OnHand ONLY — no physical dispatch record exists this far back
2025-08-18,GP-FG (overflow / secondary),591171,,0,591171,,,,,591171,,SAP OnHand only — no ceiling on file for this godown; no dispatch-lag correction applied
2025-08-18,BH-FG (overflow / secondary),167423,,0,167423,,,,,167423,,SAP OnHand only — no ceiling on file for this godown; no dispatch-lag correction applied
2025-08-18,BH-SC (overflow / secondary),58,,0,58,,,,,58,,SAP OnHand only — no ceiling on file for this godown; no dispatch-lag correction applied
2025-08-19,BH-PF,125902,0,0,125902,377000,251098,33.4,0,125902,0,SAP OnHand ONLY — no physical dispatch record exists this far back
2025-08-19,OIL-FG-TOTAL (BH-BT+BH-PF),125902,0,0,125902,377000,251098,33.4,0,125902,0,SAP OnHand ONLY — no physical dispatch record exists this far back
2025-08-19,GP-FG (overflow / secondary),462127,,0,462127,,,,,462127,,SAP OnHand only — no ceiling on file for this godown; no dispatch-lag correction applied
2025-08-19,BH-FG (overflow / secondary),167418,,0,167418,,,,,167418,,SAP OnHand only — no ceiling on file for this godown; no dispatch-lag correction applied
2025-08-19,BH-SC (overflow / secondary),58,,0,58,,,,,58,,SAP OnHand only — no ceiling on file for this godown; no dispatch-lag correction applied
2025-08-20,BH-PF,84539,0,0,84539,377000,292461,22.4,0,84539,0,SAP OnHand ONLY — no physical dispatch record exists this far back
2025-08-20,OIL-FG-TOTAL (BH-BT+BH-PF),84539,0,0,84539,377000,292461,22.4,0,84539,0,SAP OnHand ONLY — no physical dispatch record exists this far back
2025-08-20,GP-FG (overflow / secondary),423154,,0,423154,,,,,423154,,SAP OnHand only — no ceiling on file for this godown; no dispatch-lag correction applied
2025-08-20,BH-FG (overflow / secondary),171138,,0,171138,,,,,171138,,SAP OnHand only — no ceiling on file for this godown; no dispatch-lag correction applied
2025-08-20,BH-SC (overflow / secondary),58,,0,58,,,,,58,,SAP OnHand only — no ceiling on file for this godown; no dispatch-lag correction applied
2025-08-21,BH-PF,98248,0,0,98248,377000,278752,26.1,0,98248,0,SAP OnHand ONLY — no physical dispatch record exists this far back
2025-08-21,OIL-FG-TOTAL (BH-BT+BH-PF),98248,0,0,98248,377000,278752,26.1,0,98248,0,SAP OnHand ONLY — no physical dispatch record exists this far back
2025-08-21,GP-FG (overflow / secondary),401594,,0,401594,,,,,401594,,SAP OnHand only — no ceiling on file for this godown; no dispatch-lag correction applied
2025-08-21,BH-FG (overflow / secondary),158801,,0,158801,,,,,158801,,SAP OnHand only — no ceiling on file for this godown; no dispatch-lag correction applied
2025-08-21,BH-SC (overflow / secondary),58,,0,58,,,,,58,,SAP OnHand only — no ceiling on file for this godown; no dispatch-lag correction applied
2025-08-22,BH-PF,94696,0,0,94696,377000,282304,25.1,0,94696,0,SAP OnHand ONLY — no physical dispatch record exists this far back
2025-08-22,OIL-FG-TOTAL (BH-BT+BH-PF),94696,0,0,94696,377000,282304,25.1,0,94696,0,SAP OnHand ONLY — no physical dispatch record exists this far back
2025-08-22,GP-FG (overflow / secondary),438206,,0,438206,,,,,438206,,SAP OnHand only — no ceiling on file for this godown; no dispatch-lag correction applied
2025-08-22,BH-FG (overflow / secondary),155805,,0,155805,,,,,155805,,SAP OnHand only — no ceiling on file for this godown; no dispatch-lag correction applied
2025-08-22,BH-SC (overflow / secondary),58,,0,58,,,,,58,,SAP OnHand only — no ceiling on file for this godown; no dispatch-lag correction applied
2025-08-23,BH-PF,135505,0,0,135505,377000,241495,35.9,0,135505,0,SAP OnHand ONLY — no physical dispatch record exists this far back
2025-08-23,OIL-FG-TOTAL (BH-BT+BH-PF),135505,0,0,135505,377000,241495,35.9,0,135505,0,SAP OnHand ONLY — no physical dispatch record exists this far back
2025-08-23,GP-FG (overflow / secondary),439710,,0,439710,,,,,439710,,SAP OnHand only — no ceiling on file for this godown; no dispatch-lag correction applied
2025-08-23,BH-FG (overflow / secondary),155165,,0,155165,,,,,155165,,SAP OnHand only — no ceiling on file for this godown; no dispatch-lag correction applied
2025-08-23,BH-SC (overflow / secondary),58,,0,58,,,,,58,,SAP OnHand only — no ceiling on file for this godown; no dispatch-lag correction applied
2025-08-24,BH-PF,147165,0,0,147165,377000,229835,39.0,0,147165,0,SAP OnHand ONLY — no physical dispatch record exists this far back
2025-08-24,OIL-FG-TOTAL (BH-BT+BH-PF),147165,0,0,147165,377000,229835,39.0,0,147165,0,SAP OnHand ONLY — no physical dispatch record exists this far back
2025-08-24,GP-FG (overflow / secondary),439710,,0,439710,,,,,439710,,SAP OnHand only — no ceiling on file for this godown; no dispatch-lag correction applied
2025-08-24,BH-FG (overflow / secondary),155165,,0,155165,,,,,155165,,SAP OnHand only — no ceiling on file for this godown; no dispatch-lag correction applied
2025-08-24,BH-SC (overflow / secondary),58,,0,58,,,,,58,,SAP OnHand only — no ceiling on file for this godown; no dispatch-lag correction applied
2025-08-25,BH-PF,129772,0,0,129772,377000,247228,34.4,0,129772,0,SAP OnHand ONLY — no physical dispatch record exists this far back
2025-08-25,OIL-FG-TOTAL (BH-BT+BH-PF),129772,0,0,129772,377000,247228,34.4,0,129772,0,SAP OnHand ONLY — no physical dispatch record exists this far back
2025-08-25,GP-FG (overflow / secondary),484489,,0,484489,,,,,484489,,SAP OnHand only — no ceiling on file for this godown; no dispatch-lag correction applied
2025-08-25,BH-FG (overflow / secondary),203642,,0,203642,,,,,203642,,SAP OnHand only — no ceiling on file for this godown; no dispatch-lag correction applied
2025-08-25,BH-SC (overflow / secondary),58,,0,58,,,,,58,,SAP OnHand only — no ceiling on file for this godown; no dispatch-lag correction applied
2025-08-26,BH-PF,134916,0,0,134916,377000,242084,35.8,0,134916,0,SAP OnHand ONLY — no physical dispatch record exists this far back
2025-08-26,OIL-FG-TOTAL (BH-BT+BH-PF),134916,0,0,134916,377000,242084,35.8,0,134916,0,SAP OnHand ONLY — no physical dispatch record exists this far back
2025-08-26,GP-FG (overflow / secondary),472127,,0,472127,,,,,472127,,SAP OnHand only — no ceiling on file for this godown; no dispatch-lag correction applied
2025-08-26,BH-FG (overflow / secondary),231530,,0,231530,,,,,231530,,SAP OnHand only — no ceiling on file for this godown; no dispatch-lag correction applied
2025-08-26,BH-SC (overflow / secondary),58,,0,58,,,,,58,,SAP OnHand only — no ceiling on file for this godown; no dispatch-lag correction applied
2025-08-27,BH-PF,148584,0,0,148584,377000,228416,39.4,0,148584,0,SAP OnHand ONLY — no physical dispatch record exists this far back
2025-08-27,OIL-FG-TOTAL (BH-BT+BH-PF),148584,0,0,148584,377000,228416,39.4,0,148584,0,SAP OnHand ONLY — no physical dispatch record exists this far back
2025-08-27,GP-FG (overflow / secondary),493971,,0,493971,,,,,493971,,SAP OnHand only — no ceiling on file for this godown; no dispatch-lag correction applied
2025-08-27,BH-FG (overflow / secondary),227986,,0,227986,,,,,227986,,SAP OnHand only — no ceiling on file for this godown; no dispatch-lag correction applied
2025-08-27,BH-SC (overflow / secondary),58,,0,58,,,,,58,,SAP OnHand only — no ceiling on file for this godown; no dispatch-lag correction applied
2025-08-28,BH-PF,128436,0,0,128436,377000,248564,34.1,0,128436,0,SAP OnHand ONLY — no physical dispatch record exists this far back
2025-08-28,OIL-FG-TOTAL (BH-BT+BH-PF),128436,0,0,128436,377000,248564,34.1,0,128436,0,SAP OnHand ONLY — no physical dispatch record exists this far back
2025-08-28,GP-FG (overflow / secondary),472728,,0,472728,,,,,472728,,SAP OnHand only — no ceiling on file for this godown; no dispatch-lag correction applied
2025-08-28,BH-FG (overflow / secondary),252482,,0,252482,,,,,252482,,SAP OnHand only — no ceiling on file for this godown; no dispatch-lag correction applied
2025-08-28,BH-SC (overflow / secondary),58,,0,58,,,,,58,,SAP OnHand only — no ceiling on file for this godown; no dispatch-lag correction applied
2025-08-29,BH-PF,167913,0,0,167913,377000,209087,44.5,0,167913,0,SAP OnHand ONLY — no physical dispatch record exists this far back
2025-08-29,OIL-FG-TOTAL (BH-BT+BH-PF),167913,0,0,167913,377000,209087,44.5,0,167913,0,SAP OnHand ONLY — no physical dispatch record exists this far back
2025-08-29,GP-FG (overflow / secondary),486900,,0,486900,,,,,486900,,SAP OnHand only — no ceiling on file for this godown; no dispatch-lag correction applied
2025-08-29,BH-FG (overflow / secondary),288015,,0,288015,,,,,288015,,SAP OnHand only — no ceiling on file for this godown; no dispatch-lag correction applied
2025-08-29,BH-SC (overflow / secondary),58,,0,58,,,,,58,,SAP OnHand only — no ceiling on file for this godown; no dispatch-lag correction applied
2025-08-30,BH-PF,168370,0,0,168370,377000,208630,44.7,0,168370,0,SAP OnHand ONLY — no physical dispatch record exists this far back
2025-08-30,OIL-FG-TOTAL (BH-BT+BH-PF),168370,0,0,168370,377000,208630,44.7,0,168370,0,SAP OnHand ONLY — no physical dispatch record exists this far back
2025-08-30,GP-FG (overflow / secondary),409593,,0,409593,,,,,409593,,SAP OnHand only — no ceiling on file for this godown; no dispatch-lag correction applied
2025-08-30,BH-FG (overflow / secondary),314727,,0,314727,,,,,314727,,SAP OnHand only — no ceiling on file for this godown; no dispatch-lag correction applied
2025-08-30,BH-SC (overflow / secondary),58,,0,58,,,,,58,,SAP OnHand only — no ceiling on file for this godown; no dispatch-lag correction applied
2025-08-31,BH-PF,84693,0,0,84693,377000,292307,22.5,0,84693,0,SAP OnHand ONLY — no physical dispatch record exists this far back
2025-08-31,OIL-FG-TOTAL (BH-BT+BH-PF),84693,0,0,84693,377000,292307,22.5,0,84693,0,SAP OnHand ONLY — no physical dispatch record exists this far back
2025-08-31,GP-FG (overflow / secondary),337401,,0,337401,,,,,337401,,SAP OnHand only — no ceiling on file for this godown; no dispatch-lag correction applied
2025-08-31,BH-FG (overflow / secondary),218981,,0,218981,,,,,218981,,SAP OnHand only — no ceiling on file for this godown; no dispatch-lag correction applied
2025-08-31,BH-SC (overflow / secondary),58,,0,58,,,,,58,,SAP OnHand only — no ceiling on file for this godown; no dispatch-lag correction applied
2025-09-01,BH-PF,110693,0,0,110693,377000,266307,29.4,0,110693,0,SAP OnHand ONLY — no physical dispatch record exists this far back
2025-09-01,OIL-FG-TOTAL (BH-BT+BH-PF),110693,0,0,110693,377000,266307,29.4,0,110693,0,SAP OnHand ONLY — no physical dispatch record exists this far back
2025-09-01,GP-FG (overflow / secondary),318969,,0,318969,,,,,318969,,SAP OnHand only — no ceiling on file for this godown; no dispatch-lag correction applied
2025-09-01,BH-FG (overflow / secondary),218981,,0,218981,,,,,218981,,SAP OnHand only — no ceiling on file for this godown; no dispatch-lag correction applied
2025-09-01,BH-SC (overflow / secondary),58,,0,58,,,,,58,,SAP OnHand only — no ceiling on file for this godown; no dispatch-lag correction applied
2025-09-02,BH-PF,117939,0,0,117939,377000,259061,31.3,0,117939,0,SAP OnHand ONLY — no physical dispatch record exists this far back
2025-09-02,OIL-FG-TOTAL (BH-BT+BH-PF),117939,0,0,117939,377000,259061,31.3,0,117939,0,SAP OnHand ONLY — no physical dispatch record exists this far back
2025-09-02,GP-FG (overflow / secondary),323895,,0,323895,,,,,323895,,SAP OnHand only — no ceiling on file for this godown; no dispatch-lag correction applied
2025-09-02,BH-FG (overflow / secondary),227745,,0,227745,,,,,227745,,SAP OnHand only — no ceiling on file for this godown; no dispatch-lag correction applied
2025-09-02,BH-SC (overflow / secondary),58,,0,58,,,,,58,,SAP OnHand only — no ceiling on file for this godown; no dispatch-lag correction applied
2025-09-03,BH-PF,111399,0,0,111399,377000,265601,29.5,0,111399,0,SAP OnHand ONLY — no physical dispatch record exists this far back
2025-09-03,OIL-FG-TOTAL (BH-BT+BH-PF),111399,0,0,111399,377000,265601,29.5,0,111399,0,SAP OnHand ONLY — no physical dispatch record exists this far back
2025-09-03,GP-FG (overflow / secondary),328997,,0,328997,,,,,328997,,SAP OnHand only — no ceiling on file for this godown; no dispatch-lag correction applied
2025-09-03,BH-FG (overflow / secondary),222121,,0,222121,,,,,222121,,SAP OnHand only — no ceiling on file for this godown; no dispatch-lag correction applied
2025-09-03,BH-SC (overflow / secondary),58,,0,58,,,,,58,,SAP OnHand only — no ceiling on file for this godown; no dispatch-lag correction applied
2025-09-04,BH-PF,138891,0,0,138891,377000,238109,36.8,0,138891,0,SAP OnHand ONLY — no physical dispatch record exists this far back
2025-09-04,OIL-FG-TOTAL (BH-BT+BH-PF),138891,0,0,138891,377000,238109,36.8,0,138891,0,SAP OnHand ONLY — no physical dispatch record exists this far back
2025-09-04,GP-FG (overflow / secondary),330012,,0,330012,,,,,330012,,SAP OnHand only — no ceiling on file for this godown; no dispatch-lag correction applied
2025-09-04,BH-FG (overflow / secondary),207438,,0,207438,,,,,207438,,SAP OnHand only — no ceiling on file for this godown; no dispatch-lag correction applied
2025-09-04,BH-SC (overflow / secondary),58,,0,58,,,,,58,,SAP OnHand only — no ceiling on file for this godown; no dispatch-lag correction applied
2025-09-05,BH-PF,172395,0,0,172395,377000,204605,45.7,0,172395,0,SAP OnHand ONLY — no physical dispatch record exists this far back
2025-09-05,OIL-FG-TOTAL (BH-BT+BH-PF),172395,0,0,172395,377000,204605,45.7,0,172395,0,SAP OnHand ONLY — no physical dispatch record exists this far back
2025-09-05,GP-FG (overflow / secondary),314201,,0,314201,,,,,314201,,SAP OnHand only — no ceiling on file for this godown; no dispatch-lag correction applied
2025-09-05,BH-FG (overflow / secondary),204345,,0,204345,,,,,204345,,SAP OnHand only — no ceiling on file for this godown; no dispatch-lag correction applied
2025-09-05,BH-SC (overflow / secondary),58,,0,58,,,,,58,,SAP OnHand only — no ceiling on file for this godown; no dispatch-lag correction applied
2025-09-06,BH-PF,143151,0,0,143151,377000,233849,38.0,0,143151,0,SAP OnHand ONLY — no physical dispatch record exists this far back
2025-09-06,OIL-FG-TOTAL (BH-BT+BH-PF),143151,0,0,143151,377000,233849,38.0,0,143151,0,SAP OnHand ONLY — no physical dispatch record exists this far back
2025-09-06,GP-FG (overflow / secondary),311362,,0,311362,,,,,311362,,SAP OnHand only — no ceiling on file for this godown; no dispatch-lag correction applied
2025-09-06,BH-FG (overflow / secondary),292365,,0,292365,,,,,292365,,SAP OnHand only — no ceiling on file for this godown; no dispatch-lag correction applied
2025-09-06,BH-SC (overflow / secondary),58,,0,58,,,,,58,,SAP OnHand only — no ceiling on file for this godown; no dispatch-lag correction applied
2025-09-07,BH-PF,143151,0,0,143151,377000,233849,38.0,0,143151,0,SAP OnHand ONLY — no physical dispatch record exists this far back
2025-09-07,OIL-FG-TOTAL (BH-BT+BH-PF),143151,0,0,143151,377000,233849,38.0,0,143151,0,SAP OnHand ONLY — no physical dispatch record exists this far back
2025-09-07,GP-FG (overflow / secondary),311362,,0,311362,,,,,311362,,SAP OnHand only — no ceiling on file for this godown; no dispatch-lag correction applied
2025-09-07,BH-FG (overflow / secondary),292360,,0,292360,,,,,292360,,SAP OnHand only — no ceiling on file for this godown; no dispatch-lag correction applied
2025-09-07,BH-SC (overflow / secondary),58,,0,58,,,,,58,,SAP OnHand only — no ceiling on file for this godown; no dispatch-lag correction applied
2025-09-08,BH-PF,143297,0,0,143297,377000,233703,38.0,0,143297,0,SAP OnHand ONLY — no physical dispatch record exists this far back
2025-09-08,OIL-FG-TOTAL (BH-BT+BH-PF),143297,0,0,143297,377000,233703,38.0,0,143297,0,SAP OnHand ONLY — no physical dispatch record exists this far back
2025-09-08,GP-FG (overflow / secondary),298513,,0,298513,,,,,298513,,SAP OnHand only — no ceiling on file for this godown; no dispatch-lag correction applied
2025-09-08,BH-FG (overflow / secondary),267994,,0,267994,,,,,267994,,SAP OnHand only — no ceiling on file for this godown; no dispatch-lag correction applied
2025-09-08,BH-SC (overflow / secondary),58,,0,58,,,,,58,,SAP OnHand only — no ceiling on file for this godown; no dispatch-lag correction applied
2025-09-09,BH-PF,102060,0,0,102060,377000,274940,27.1,0,102060,0,SAP OnHand ONLY — no physical dispatch record exists this far back
2025-09-09,OIL-FG-TOTAL (BH-BT+BH-PF),102060,0,0,102060,377000,274940,27.1,0,102060,0,SAP OnHand ONLY — no physical dispatch record exists this far back
2025-09-09,GP-FG (overflow / secondary),298182,,0,298182,,,,,298182,,SAP OnHand only — no ceiling on file for this godown; no dispatch-lag correction applied
2025-09-09,BH-FG (overflow / secondary),370797,,0,370797,,,,,370797,,SAP OnHand only — no ceiling on file for this godown; no dispatch-lag correction applied
2025-09-09,BH-SC (overflow / secondary),58,,0,58,,,,,58,,SAP OnHand only — no ceiling on file for this godown; no dispatch-lag correction applied
2025-09-10,BH-PF,84433,0,0,84433,377000,292567,22.4,0,84433,0,SAP OnHand ONLY — no physical dispatch record exists this far back
2025-09-10,OIL-FG-TOTAL (BH-BT+BH-PF),84433,0,0,84433,377000,292567,22.4,0,84433,0,SAP OnHand ONLY — no physical dispatch record exists this far back
2025-09-10,GP-FG (overflow / secondary),290424,,0,290424,,,,,290424,,SAP OnHand only — no ceiling on file for this godown; no dispatch-lag correction applied
2025-09-10,BH-FG (overflow / secondary),398174,,0,398174,,,,,398174,,SAP OnHand only — no ceiling on file for this godown; no dispatch-lag correction applied
2025-09-10,BH-SC (overflow / secondary),58,,0,58,,,,,58,,SAP OnHand only — no ceiling on file for this godown; no dispatch-lag correction applied
2025-09-11,BH-PF,150491,0,0,150491,377000,226509,39.9,0,150491,0,SAP OnHand ONLY — no physical dispatch record exists this far back
2025-09-11,OIL-FG-TOTAL (BH-BT+BH-PF),150491,0,0,150491,377000,226509,39.9,0,150491,0,SAP OnHand ONLY — no physical dispatch record exists this far back
2025-09-11,GP-FG (overflow / secondary),286000,,0,286000,,,,,286000,,SAP OnHand only — no ceiling on file for this godown; no dispatch-lag correction applied
2025-09-11,BH-FG (overflow / secondary),360286,,0,360286,,,,,360286,,SAP OnHand only — no ceiling on file for this godown; no dispatch-lag correction applied
2025-09-11,BH-SC (overflow / secondary),58,,0,58,,,,,58,,SAP OnHand only — no ceiling on file for this godown; no dispatch-lag correction applied
2025-09-12,BH-PF,138982,0,0,138982,377000,238018,36.9,0,138982,0,SAP OnHand ONLY — no physical dispatch record exists this far back
2025-09-12,OIL-FG-TOTAL (BH-BT+BH-PF),138982,0,0,138982,377000,238018,36.9,0,138982,0,SAP OnHand ONLY — no physical dispatch record exists this far back
2025-09-12,GP-FG (overflow / secondary),294633,,0,294633,,,,,294633,,SAP OnHand only — no ceiling on file for this godown; no dispatch-lag correction applied
2025-09-12,BH-FG (overflow / secondary),344276,,0,344276,,,,,344276,,SAP OnHand only — no ceiling on file for this godown; no dispatch-lag correction applied
2025-09-12,BH-SC (overflow / secondary),58,,0,58,,,,,58,,SAP OnHand only — no ceiling on file for this godown; no dispatch-lag correction applied
2025-09-13,BH-PF,228926,0,0,228926,377000,148074,60.7,0,228926,0,SAP OnHand ONLY — no physical dispatch record exists this far back
2025-09-13,OIL-FG-TOTAL (BH-BT+BH-PF),228926,0,0,228926,377000,148074,60.7,0,228926,0,SAP OnHand ONLY — no physical dispatch record exists this far back
2025-09-13,GP-FG (overflow / secondary),285970,,0,285970,,,,,285970,,SAP OnHand only — no ceiling on file for this godown; no dispatch-lag correction applied
2025-09-13,BH-FG (overflow / secondary),323638,,0,323638,,,,,323638,,SAP OnHand only — no ceiling on file for this godown; no dispatch-lag correction applied
2025-09-13,BH-SC (overflow / secondary),58,,0,58,,,,,58,,SAP OnHand only — no ceiling on file for this godown; no dispatch-lag correction applied
2025-09-14,BH-PF,228926,0,0,228926,377000,148074,60.7,0,228926,0,SAP OnHand ONLY — no physical dispatch record exists this far back
2025-09-14,OIL-FG-TOTAL (BH-BT+BH-PF),228926,0,0,228926,377000,148074,60.7,0,228926,0,SAP OnHand ONLY — no physical dispatch record exists this far back
2025-09-14,GP-FG (overflow / secondary),285970,,0,285970,,,,,285970,,SAP OnHand only — no ceiling on file for this godown; no dispatch-lag correction applied
2025-09-14,BH-FG (overflow / secondary),323638,,0,323638,,,,,323638,,SAP OnHand only — no ceiling on file for this godown; no dispatch-lag correction applied
2025-09-14,BH-SC (overflow / secondary),58,,0,58,,,,,58,,SAP OnHand only — no ceiling on file for this godown; no dispatch-lag correction applied
2025-09-15,BH-PF,190422,0,0,190422,377000,186578,50.5,0,190422,0,SAP OnHand ONLY — no physical dispatch record exists this far back
2025-09-15,OIL-FG-TOTAL (BH-BT+BH-PF),190422,0,0,190422,377000,186578,50.5,0,190422,0,SAP OnHand ONLY — no physical dispatch record exists this far back
2025-09-15,GP-FG (overflow / secondary),269025,,0,269025,,,,,269025,,SAP OnHand only — no ceiling on file for this godown; no dispatch-lag correction applied
2025-09-15,BH-FG (overflow / secondary),384367,,0,384367,,,,,384367,,SAP OnHand only — no ceiling on file for this godown; no dispatch-lag correction applied
2025-09-15,BH-SC (overflow / secondary),58,,0,58,,,,,58,,SAP OnHand only — no ceiling on file for this godown; no dispatch-lag correction applied
2025-09-16,BH-PF,149034,0,0,149034,377000,227966,39.5,0,149034,0,SAP OnHand ONLY — no physical dispatch record exists this far back
2025-09-16,OIL-FG-TOTAL (BH-BT+BH-PF),149034,0,0,149034,377000,227966,39.5,0,149034,0,SAP OnHand ONLY — no physical dispatch record exists this far back
2025-09-16,GP-FG (overflow / secondary),256479,,0,256479,,,,,256479,,SAP OnHand only — no ceiling on file for this godown; no dispatch-lag correction applied
2025-09-16,BH-FG (overflow / secondary),465486,,0,465486,,,,,465486,,SAP OnHand only — no ceiling on file for this godown; no dispatch-lag correction applied
2025-09-16,BH-SC (overflow / secondary),58,,0,58,,,,,58,,SAP OnHand only — no ceiling on file for this godown; no dispatch-lag correction applied
2025-09-17,BH-PF,176855,0,0,176855,377000,200145,46.9,0,176855,0,SAP OnHand ONLY — no physical dispatch record exists this far back
2025-09-17,OIL-FG-TOTAL (BH-BT+BH-PF),176855,0,0,176855,377000,200145,46.9,0,176855,0,SAP OnHand ONLY — no physical dispatch record exists this far back
2025-09-17,GP-FG (overflow / secondary),255174,,0,255174,,,,,255174,,SAP OnHand only — no ceiling on file for this godown; no dispatch-lag correction applied
2025-09-17,BH-FG (overflow / secondary),389588,,0,389588,,,,,389588,,SAP OnHand only — no ceiling on file for this godown; no dispatch-lag correction applied
2025-09-17,BH-SC (overflow / secondary),58,,0,58,,,,,58,,SAP OnHand only — no ceiling on file for this godown; no dispatch-lag correction applied
2025-09-18,BH-PF,191329,0,0,191329,377000,185671,50.8,0,191329,0,SAP OnHand ONLY — no physical dispatch record exists this far back
2025-09-18,OIL-FG-TOTAL (BH-BT+BH-PF),191329,0,0,191329,377000,185671,50.8,0,191329,0,SAP OnHand ONLY — no physical dispatch record exists this far back
2025-09-18,GP-FG (overflow / secondary),269682,,0,269682,,,,,269682,,SAP OnHand only — no ceiling on file for this godown; no dispatch-lag correction applied
2025-09-18,BH-FG (overflow / secondary),449104,,0,449104,,,,,449104,,SAP OnHand only — no ceiling on file for this godown; no dispatch-lag correction applied
2025-09-18,BH-SC (overflow / secondary),50,,0,50,,,,,50,,SAP OnHand only — no ceiling on file for this godown; no dispatch-lag correction applied
2025-09-19,BH-PF,188626,0,0,188626,377000,188374,50.0,0,188626,0,SAP OnHand ONLY — no physical dispatch record exists this far back
2025-09-19,OIL-FG-TOTAL (BH-BT+BH-PF),188626,0,0,188626,377000,188374,50.0,0,188626,0,SAP OnHand ONLY — no physical dispatch record exists this far back
2025-09-19,GP-FG (overflow / secondary),254921,,0,254921,,,,,254921,,SAP OnHand only — no ceiling on file for this godown; no dispatch-lag correction applied
2025-09-19,BH-FG (overflow / secondary),467876,,0,467876,,,,,467876,,SAP OnHand only — no ceiling on file for this godown; no dispatch-lag correction applied
2025-09-19,BH-SC (overflow / secondary),50,,0,50,,,,,50,,SAP OnHand only — no ceiling on file for this godown; no dispatch-lag correction applied
2025-09-20,BH-PF,205419,0,0,205419,377000,171581,54.5,0,205419,0,SAP OnHand ONLY — no physical dispatch record exists this far back
2025-09-20,OIL-FG-TOTAL (BH-BT+BH-PF),205419,0,0,205419,377000,171581,54.5,0,205419,0,SAP OnHand ONLY — no physical dispatch record exists this far back
2025-09-20,GP-FG (overflow / secondary),244307,,0,244307,,,,,244307,,SAP OnHand only — no ceiling on file for this godown; no dispatch-lag correction applied
2025-09-20,BH-FG (overflow / secondary),457352,,0,457352,,,,,457352,,SAP OnHand only — no ceiling on file for this godown; no dispatch-lag correction applied
2025-09-20,BH-SC (overflow / secondary),50,,0,50,,,,,50,,SAP OnHand only — no ceiling on file for this godown; no dispatch-lag correction applied
2025-09-21,BH-PF,260167,0,0,260167,377000,116833,69.0,0,260167,0,SAP OnHand ONLY — no physical dispatch record exists this far back
2025-09-21,OIL-FG-TOTAL (BH-BT+BH-PF),260167,0,0,260167,377000,116833,69.0,0,260167,0,SAP OnHand ONLY — no physical dispatch record exists this far back
2025-09-21,GP-FG (overflow / secondary),244307,,0,244307,,,,,244307,,SAP OnHand only — no ceiling on file for this godown; no dispatch-lag correction applied
2025-09-21,BH-FG (overflow / secondary),457352,,0,457352,,,,,457352,,SAP OnHand only — no ceiling on file for this godown; no dispatch-lag correction applied
2025-09-21,BH-SC (overflow / secondary),50,,0,50,,,,,50,,SAP OnHand only — no ceiling on file for this godown; no dispatch-lag correction applied
2025-09-22,BH-PF,235822,0,0,235822,377000,141178,62.6,0,235822,0,SAP OnHand ONLY — no physical dispatch record exists this far back
2025-09-22,OIL-FG-TOTAL (BH-BT+BH-PF),235822,0,0,235822,377000,141178,62.6,0,235822,0,SAP OnHand ONLY — no physical dispatch record exists this far back
2025-09-22,GP-FG (overflow / secondary),236445,,0,236445,,,,,236445,,SAP OnHand only — no ceiling on file for this godown; no dispatch-lag correction applied
2025-09-22,BH-FG (overflow / secondary),441172,,0,441172,,,,,441172,,SAP OnHand only — no ceiling on file for this godown; no dispatch-lag correction applied
2025-09-22,BH-SC (overflow / secondary),50,,0,50,,,,,50,,SAP OnHand only — no ceiling on file for this godown; no dispatch-lag correction applied
2025-09-23,BH-PF,230264,0,0,230264,377000,146736,61.1,0,230264,0,SAP OnHand ONLY — no physical dispatch record exists this far back
2025-09-23,OIL-FG-TOTAL (BH-BT+BH-PF),230264,0,0,230264,377000,146736,61.1,0,230264,0,SAP OnHand ONLY — no physical dispatch record exists this far back
2025-09-23,GP-FG (overflow / secondary),228003,,0,228003,,,,,228003,,SAP OnHand only — no ceiling on file for this godown; no dispatch-lag correction applied
2025-09-23,BH-FG (overflow / secondary),424646,,0,424646,,,,,424646,,SAP OnHand only — no ceiling on file for this godown; no dispatch-lag correction applied
2025-09-23,BH-SC (overflow / secondary),50,,0,50,,,,,50,,SAP OnHand only — no ceiling on file for this godown; no dispatch-lag correction applied
2025-09-24,BH-PF,230036,0,0,230036,377000,146964,61.0,0,230036,0,SAP OnHand ONLY — no physical dispatch record exists this far back
2025-09-24,OIL-FG-TOTAL (BH-BT+BH-PF),230036,0,0,230036,377000,146964,61.0,0,230036,0,SAP OnHand ONLY — no physical dispatch record exists this far back
2025-09-24,GP-FG (overflow / secondary),227676,,0,227676,,,,,227676,,SAP OnHand only — no ceiling on file for this godown; no dispatch-lag correction applied
2025-09-24,BH-FG (overflow / secondary),480377,,0,480377,,,,,480377,,SAP OnHand only — no ceiling on file for this godown; no dispatch-lag correction applied
2025-09-24,BH-SC (overflow / secondary),50,,0,50,,,,,50,,SAP OnHand only — no ceiling on file for this godown; no dispatch-lag correction applied
2025-09-25,BH-PF,145628,0,0,145628,377000,231372,38.6,0,145628,0,SAP OnHand ONLY — no physical dispatch record exists this far back
2025-09-25,OIL-FG-TOTAL (BH-BT+BH-PF),145628,0,0,145628,377000,231372,38.6,0,145628,0,SAP OnHand ONLY — no physical dispatch record exists this far back
2025-09-25,GP-FG (overflow / secondary),216496,,0,216496,,,,,216496,,SAP OnHand only — no ceiling on file for this godown; no dispatch-lag correction applied
2025-09-25,BH-FG (overflow / secondary),530107,,0,530107,,,,,530107,,SAP OnHand only — no ceiling on file for this godown; no dispatch-lag correction applied
2025-09-25,BH-SC (overflow / secondary),50,,0,50,,,,,50,,SAP OnHand only — no ceiling on file for this godown; no dispatch-lag correction applied
2025-09-26,BH-PF,178620,0,0,178620,377000,198380,47.4,0,178620,0,SAP OnHand ONLY — no physical dispatch record exists this far back
2025-09-26,OIL-FG-TOTAL (BH-BT+BH-PF),178620,0,0,178620,377000,198380,47.4,0,178620,0,SAP OnHand ONLY — no physical dispatch record exists this far back
2025-09-26,GP-FG (overflow / secondary),174028,,0,174028,,,,,174028,,SAP OnHand only — no ceiling on file for this godown; no dispatch-lag correction applied
2025-09-26,BH-FG (overflow / secondary),447146,,0,447146,,,,,447146,,SAP OnHand only — no ceiling on file for this godown; no dispatch-lag correction applied
2025-09-26,BH-SC (overflow / secondary),50,,0,50,,,,,50,,SAP OnHand only — no ceiling on file for this godown; no dispatch-lag correction applied
2025-09-27,BH-PF,186806,0,0,186806,377000,190194,49.6,0,186806,0,SAP OnHand ONLY — no physical dispatch record exists this far back
2025-09-27,OIL-FG-TOTAL (BH-BT+BH-PF),186806,0,0,186806,377000,190194,49.6,0,186806,0,SAP OnHand ONLY — no physical dispatch record exists this far back
2025-09-27,GP-FG (overflow / secondary),244029,,0,244029,,,,,244029,,SAP OnHand only — no ceiling on file for this godown; no dispatch-lag correction applied
2025-09-27,BH-FG (overflow / secondary),439535,,0,439535,,,,,439535,,SAP OnHand only — no ceiling on file for this godown; no dispatch-lag correction applied
2025-09-27,BH-SC (overflow / secondary),50,,0,50,,,,,50,,SAP OnHand only — no ceiling on file for this godown; no dispatch-lag correction applied
2025-09-28,BH-PF,186806,0,0,186806,377000,190194,49.6,0,186806,0,SAP OnHand ONLY — no physical dispatch record exists this far back
2025-09-28,OIL-FG-TOTAL (BH-BT+BH-PF),186806,0,0,186806,377000,190194,49.6,0,186806,0,SAP OnHand ONLY — no physical dispatch record exists this far back
2025-09-28,GP-FG (overflow / secondary),244029,,0,244029,,,,,244029,,SAP OnHand only — no ceiling on file for this godown; no dispatch-lag correction applied
2025-09-28,BH-FG (overflow / secondary),439535,,0,439535,,,,,439535,,SAP OnHand only — no ceiling on file for this godown; no dispatch-lag correction applied
2025-09-28,BH-SC (overflow / secondary),50,,0,50,,,,,50,,SAP OnHand only — no ceiling on file for this godown; no dispatch-lag correction applied
2025-09-29,BH-PF,151910,0,0,151910,377000,225090,40.3,0,151910,0,SAP OnHand ONLY — no physical dispatch record exists this far back
2025-09-29,OIL-FG-TOTAL (BH-BT+BH-PF),151910,0,0,151910,377000,225090,40.3,0,151910,0,SAP OnHand ONLY — no physical dispatch record exists this far back
2025-09-29,GP-FG (overflow / secondary),293794,,0,293794,,,,,293794,,SAP OnHand only — no ceiling on file for this godown; no dispatch-lag correction applied
2025-09-29,BH-FG (overflow / secondary),477773,,0,477773,,,,,477773,,SAP OnHand only — no ceiling on file for this godown; no dispatch-lag correction applied
2025-09-29,BH-SC (overflow / secondary),50,,0,50,,,,,50,,SAP OnHand only — no ceiling on file for this godown; no dispatch-lag correction applied
2025-09-30,BH-PF,193306,0,0,193306,377000,183694,51.3,0,193306,0,SAP OnHand ONLY — no physical dispatch record exists this far back
2025-09-30,OIL-FG-TOTAL (BH-BT+BH-PF),193306,0,0,193306,377000,183694,51.3,0,193306,0,SAP OnHand ONLY — no physical dispatch record exists this far back
2025-09-30,GP-FG (overflow / secondary),271625,,0,271625,,,,,271625,,SAP OnHand only — no ceiling on file for this godown; no dispatch-lag correction applied
2025-09-30,BH-FG (overflow / secondary),332420,,0,332420,,,,,332420,,SAP OnHand only — no ceiling on file for this godown; no dispatch-lag correction applied
2025-09-30,BH-SC (overflow / secondary),50,,0,50,,,,,50,,SAP OnHand only — no ceiling on file for this godown; no dispatch-lag correction applied
2025-10-01,BH-PF,200009,0,0,200009,377000,176991,53.1,0,200009,0,SAP OnHand ONLY — no physical dispatch record exists this far back
2025-10-01,OIL-FG-TOTAL (BH-BT+BH-PF),200009,0,0,200009,377000,176991,53.1,0,200009,0,SAP OnHand ONLY — no physical dispatch record exists this far back
2025-10-01,GP-FG (overflow / secondary),286098,,0,286098,,,,,286098,,SAP OnHand only — no ceiling on file for this godown; no dispatch-lag correction applied
2025-10-01,BH-FG (overflow / secondary),332361,,0,332361,,,,,332361,,SAP OnHand only — no ceiling on file for this godown; no dispatch-lag correction applied
2025-10-01,BH-SC (overflow / secondary),50,,0,50,,,,,50,,SAP OnHand only — no ceiling on file for this godown; no dispatch-lag correction applied
2025-10-02,BH-PF,172493,0,0,172493,377000,204507,45.8,0,172493,0,SAP OnHand ONLY — no physical dispatch record exists this far back
2025-10-02,OIL-FG-TOTAL (BH-BT+BH-PF),172493,0,0,172493,377000,204507,45.8,0,172493,0,SAP OnHand ONLY — no physical dispatch record exists this far back
2025-10-02,GP-FG (overflow / secondary),317307,,0,317307,,,,,317307,,SAP OnHand only — no ceiling on file for this godown; no dispatch-lag correction applied
2025-10-02,BH-FG (overflow / secondary),333081,,0,333081,,,,,333081,,SAP OnHand only — no ceiling on file for this godown; no dispatch-lag correction applied
2025-10-02,BH-SC (overflow / secondary),50,,0,50,,,,,50,,SAP OnHand only — no ceiling on file for this godown; no dispatch-lag correction applied
2025-10-03,BH-PF,161742,0,0,161742,377000,215258,42.9,0,161742,0,SAP OnHand ONLY — no physical dispatch record exists this far back
2025-10-03,OIL-FG-TOTAL (BH-BT+BH-PF),161742,0,0,161742,377000,215258,42.9,0,161742,0,SAP OnHand ONLY — no physical dispatch record exists this far back
2025-10-03,GP-FG (overflow / secondary),308765,,0,308765,,,,,308765,,SAP OnHand only — no ceiling on file for this godown; no dispatch-lag correction applied
2025-10-03,BH-FG (overflow / secondary),336986,,0,336986,,,,,336986,,SAP OnHand only — no ceiling on file for this godown; no dispatch-lag correction applied
2025-10-03,BH-SC (overflow / secondary),50,,0,50,,,,,50,,SAP OnHand only — no ceiling on file for this godown; no dispatch-lag correction applied
2025-10-04,BH-PF,166718,0,0,166718,377000,210282,44.2,0,166718,0,SAP OnHand ONLY — no physical dispatch record exists this far back
2025-10-04,OIL-FG-TOTAL (BH-BT+BH-PF),166718,0,0,166718,377000,210282,44.2,0,166718,0,SAP OnHand ONLY — no physical dispatch record exists this far back
2025-10-04,GP-FG (overflow / secondary),341046,,0,341046,,,,,341046,,SAP OnHand only — no ceiling on file for this godown; no dispatch-lag correction applied
2025-10-04,BH-FG (overflow / secondary),363124,,0,363124,,,,,363124,,SAP OnHand only — no ceiling on file for this godown; no dispatch-lag correction applied
2025-10-04,BH-SC (overflow / secondary),50,,0,50,,,,,50,,SAP OnHand only — no ceiling on file for this godown; no dispatch-lag correction applied
2025-10-05,BH-PF,166718,0,0,166718,377000,210282,44.2,0,166718,0,SAP OnHand ONLY — no physical dispatch record exists this far back
2025-10-05,OIL-FG-TOTAL (BH-BT+BH-PF),166718,0,0,166718,377000,210282,44.2,0,166718,0,SAP OnHand ONLY — no physical dispatch record exists this far back
2025-10-05,GP-FG (overflow / secondary),341046,,0,341046,,,,,341046,,SAP OnHand only — no ceiling on file for this godown; no dispatch-lag correction applied
2025-10-05,BH-FG (overflow / secondary),363124,,0,363124,,,,,363124,,SAP OnHand only — no ceiling on file for this godown; no dispatch-lag correction applied
2025-10-05,BH-SC (overflow / secondary),50,,0,50,,,,,50,,SAP OnHand only — no ceiling on file for this godown; no dispatch-lag correction applied
2025-10-06,BH-PF,202137,0,0,202137,377000,174863,53.6,0,202137,0,SAP OnHand ONLY — no physical dispatch record exists this far back
2025-10-06,OIL-FG-TOTAL (BH-BT+BH-PF),202137,0,0,202137,377000,174863,53.6,0,202137,0,SAP OnHand ONLY — no physical dispatch record exists this far back
2025-10-06,GP-FG (overflow / secondary),347570,,0,347570,,,,,347570,,SAP OnHand only — no ceiling on file for this godown; no dispatch-lag correction applied
2025-10-06,BH-FG (overflow / secondary),361146,,0,361146,,,,,361146,,SAP OnHand only — no ceiling on file for this godown; no dispatch-lag correction applied
2025-10-06,BH-SC (overflow / secondary),50,,0,50,,,,,50,,SAP OnHand only — no ceiling on file for this godown; no dispatch-lag correction applied
2025-10-07,BH-PF,190137,0,0,190137,377000,186863,50.4,0,190137,0,SAP OnHand ONLY — no physical dispatch record exists this far back
2025-10-07,OIL-FG-TOTAL (BH-BT+BH-PF),190137,0,0,190137,377000,186863,50.4,0,190137,0,SAP OnHand ONLY — no physical dispatch record exists this far back
2025-10-07,GP-FG (overflow / secondary),372943,,0,372943,,,,,372943,,SAP OnHand only — no ceiling on file for this godown; no dispatch-lag correction applied
2025-10-07,BH-FG (overflow / secondary),341345,,0,341345,,,,,341345,,SAP OnHand only — no ceiling on file for this godown; no dispatch-lag correction applied
2025-10-07,BH-SC (overflow / secondary),50,,0,50,,,,,50,,SAP OnHand only — no ceiling on file for this godown; no dispatch-lag correction applied
2025-10-08,BH-PF,233909,0,0,233909,377000,143091,62.0,0,233909,0,SAP OnHand ONLY — no physical dispatch record exists this far back
2025-10-08,OIL-FG-TOTAL (BH-BT+BH-PF),233909,0,0,233909,377000,143091,62.0,0,233909,0,SAP OnHand ONLY — no physical dispatch record exists this far back
2025-10-08,GP-FG (overflow / secondary),426912,,0,426912,,,,,426912,,SAP OnHand only — no ceiling on file for this godown; no dispatch-lag correction applied
2025-10-08,BH-FG (overflow / secondary),324732,,0,324732,,,,,324732,,SAP OnHand only — no ceiling on file for this godown; no dispatch-lag correction applied
2025-10-08,BH-SC (overflow / secondary),50,,0,50,,,,,50,,SAP OnHand only — no ceiling on file for this godown; no dispatch-lag correction applied
2025-10-09,BH-PF,165465,0,0,165465,377000,211535,43.9,0,165465,0,SAP OnHand ONLY — no physical dispatch record exists this far back
2025-10-09,OIL-FG-TOTAL (BH-BT+BH-PF),165465,0,0,165465,377000,211535,43.9,0,165465,0,SAP OnHand ONLY — no physical dispatch record exists this far back
2025-10-09,GP-FG (overflow / secondary),449951,,0,449951,,,,,449951,,SAP OnHand only — no ceiling on file for this godown; no dispatch-lag correction applied
2025-10-09,BH-FG (overflow / secondary),395804,,0,395804,,,,,395804,,SAP OnHand only — no ceiling on file for this godown; no dispatch-lag correction applied
2025-10-09,BH-SC (overflow / secondary),50,,0,50,,,,,50,,SAP OnHand only — no ceiling on file for this godown; no dispatch-lag correction applied
2025-10-10,BH-PF,166680,0,0,166680,377000,210320,44.2,0,166680,0,SAP OnHand ONLY — no physical dispatch record exists this far back
2025-10-10,OIL-FG-TOTAL (BH-BT+BH-PF),166680,0,0,166680,377000,210320,44.2,0,166680,0,SAP OnHand ONLY — no physical dispatch record exists this far back
2025-10-10,GP-FG (overflow / secondary),443098,,0,443098,,,,,443098,,SAP OnHand only — no ceiling on file for this godown; no dispatch-lag correction applied
2025-10-10,BH-FG (overflow / secondary),384919,,0,384919,,,,,384919,,SAP OnHand only — no ceiling on file for this godown; no dispatch-lag correction applied
2025-10-10,BH-SC (overflow / secondary),50,,0,50,,,,,50,,SAP OnHand only — no ceiling on file for this godown; no dispatch-lag correction applied
2025-10-11,BH-PF,179292,0,0,179292,377000,197708,47.6,0,179292,0,SAP OnHand ONLY — no physical dispatch record exists this far back
2025-10-11,OIL-FG-TOTAL (BH-BT+BH-PF),179292,0,0,179292,377000,197708,47.6,0,179292,0,SAP OnHand ONLY — no physical dispatch record exists this far back
2025-10-11,GP-FG (overflow / secondary),443046,,0,443046,,,,,443046,,SAP OnHand only — no ceiling on file for this godown; no dispatch-lag correction applied
2025-10-11,BH-FG (overflow / secondary),363808,,0,363808,,,,,363808,,SAP OnHand only — no ceiling on file for this godown; no dispatch-lag correction applied
2025-10-11,BH-SC (overflow / secondary),50,,0,50,,,,,50,,SAP OnHand only — no ceiling on file for this godown; no dispatch-lag correction applied
2025-10-12,BH-PF,145132,0,0,145132,377000,231868,38.5,0,145132,0,SAP OnHand ONLY — no physical dispatch record exists this far back
2025-10-12,OIL-FG-TOTAL (BH-BT+BH-PF),145132,0,0,145132,377000,231868,38.5,0,145132,0,SAP OnHand ONLY — no physical dispatch record exists this far back
2025-10-12,GP-FG (overflow / secondary),520981,,0,520981,,,,,520981,,SAP OnHand only — no ceiling on file for this godown; no dispatch-lag correction applied
2025-10-12,BH-FG (overflow / secondary),364408,,0,364408,,,,,364408,,SAP OnHand only — no ceiling on file for this godown; no dispatch-lag correction applied
2025-10-12,BH-SC (overflow / secondary),50,,0,50,,,,,50,,SAP OnHand only — no ceiling on file for this godown; no dispatch-lag correction applied
2025-10-13,BH-PF,120123,0,0,120123,377000,256877,31.9,0,120123,0,SAP OnHand ONLY — no physical dispatch record exists this far back
2025-10-13,OIL-FG-TOTAL (BH-BT+BH-PF),120123,0,0,120123,377000,256877,31.9,0,120123,0,SAP OnHand ONLY — no physical dispatch record exists this far back
2025-10-13,GP-FG (overflow / secondary),500983,,0,500983,,,,,500983,,SAP OnHand only — no ceiling on file for this godown; no dispatch-lag correction applied
2025-10-13,BH-FG (overflow / secondary),323115,,0,323115,,,,,323115,,SAP OnHand only — no ceiling on file for this godown; no dispatch-lag correction applied
2025-10-13,BH-SC (overflow / secondary),50,,0,50,,,,,50,,SAP OnHand only — no ceiling on file for this godown; no dispatch-lag correction applied
2025-10-14,BH-PF,116260,0,0,116260,377000,260740,30.8,0,116260,0,SAP OnHand ONLY — no physical dispatch record exists this far back
2025-10-14,OIL-FG-TOTAL (BH-BT+BH-PF),116260,0,0,116260,377000,260740,30.8,0,116260,0,SAP OnHand ONLY — no physical dispatch record exists this far back
2025-10-14,GP-FG (overflow / secondary),497726,,0,497726,,,,,497726,,SAP OnHand only — no ceiling on file for this godown; no dispatch-lag correction applied
2025-10-14,BH-FG (overflow / secondary),333743,,0,333743,,,,,333743,,SAP OnHand only — no ceiling on file for this godown; no dispatch-lag correction applied
2025-10-14,BH-SC (overflow / secondary),50,,0,50,,,,,50,,SAP OnHand only — no ceiling on file for this godown; no dispatch-lag correction applied
2025-10-15,BH-PF,103570,0,0,103570,377000,273430,27.5,0,103570,0,SAP OnHand ONLY — no physical dispatch record exists this far back
2025-10-15,OIL-FG-TOTAL (BH-BT+BH-PF),103570,0,0,103570,377000,273430,27.5,0,103570,0,SAP OnHand ONLY — no physical dispatch record exists this far back
2025-10-15,GP-FG (overflow / secondary),479864,,0,479864,,,,,479864,,SAP OnHand only — no ceiling on file for this godown; no dispatch-lag correction applied
2025-10-15,BH-FG (overflow / secondary),316832,,0,316832,,,,,316832,,SAP OnHand only — no ceiling on file for this godown; no dispatch-lag correction applied
2025-10-15,BH-SC (overflow / secondary),50,,0,50,,,,,50,,SAP OnHand only — no ceiling on file for this godown; no dispatch-lag correction applied
2025-10-16,BH-PF,77989,0,0,77989,377000,299011,20.7,0,77989,0,SAP OnHand ONLY — no physical dispatch record exists this far back
2025-10-16,OIL-FG-TOTAL (BH-BT+BH-PF),77989,0,0,77989,377000,299011,20.7,0,77989,0,SAP OnHand ONLY — no physical dispatch record exists this far back
2025-10-16,GP-FG (overflow / secondary),485151,,0,485151,,,,,485151,,SAP OnHand only — no ceiling on file for this godown; no dispatch-lag correction applied
2025-10-16,BH-FG (overflow / secondary),309895,,0,309895,,,,,309895,,SAP OnHand only — no ceiling on file for this godown; no dispatch-lag correction applied
2025-10-16,BH-SC (overflow / secondary),50,,0,50,,,,,50,,SAP OnHand only — no ceiling on file for this godown; no dispatch-lag correction applied
2025-10-17,BH-PF,86282,0,0,86282,377000,290718,22.9,0,86282,0,SAP OnHand ONLY — no physical dispatch record exists this far back
2025-10-17,OIL-FG-TOTAL (BH-BT+BH-PF),86282,0,0,86282,377000,290718,22.9,0,86282,0,SAP OnHand ONLY — no physical dispatch record exists this far back
2025-10-17,GP-FG (overflow / secondary),470482,,0,470482,,,,,470482,,SAP OnHand only — no ceiling on file for this godown; no dispatch-lag correction applied
2025-10-17,BH-FG (overflow / secondary),303175,,0,303175,,,,,303175,,SAP OnHand only — no ceiling on file for this godown; no dispatch-lag correction applied
2025-10-17,BH-SC (overflow / secondary),50,,0,50,,,,,50,,SAP OnHand only — no ceiling on file for this godown; no dispatch-lag correction applied
2025-10-18,BH-PF,67860,0,0,67860,377000,309140,18.0,0,67860,0,SAP OnHand ONLY — no physical dispatch record exists this far back
2025-10-18,OIL-FG-TOTAL (BH-BT+BH-PF),67860,0,0,67860,377000,309140,18.0,0,67860,0,SAP OnHand ONLY — no physical dispatch record exists this far back
2025-10-18,GP-FG (overflow / secondary),493840,,0,493840,,,,,493840,,SAP OnHand only — no ceiling on file for this godown; no dispatch-lag correction applied
2025-10-18,BH-FG (overflow / secondary),317881,,0,317881,,,,,317881,,SAP OnHand only — no ceiling on file for this godown; no dispatch-lag correction applied
2025-10-18,BH-SC (overflow / secondary),50,,0,50,,,,,50,,SAP OnHand only — no ceiling on file for this godown; no dispatch-lag correction applied
2025-10-19,BH-PF,62623,0,0,62623,377000,314377,16.6,0,62623,0,SAP OnHand ONLY — no physical dispatch record exists this far back
2025-10-19,OIL-FG-TOTAL (BH-BT+BH-PF),62623,0,0,62623,377000,314377,16.6,0,62623,0,SAP OnHand ONLY — no physical dispatch record exists this far back
2025-10-19,GP-FG (overflow / secondary),500817,,0,500817,,,,,500817,,SAP OnHand only — no ceiling on file for this godown; no dispatch-lag correction applied
2025-10-19,BH-FG (overflow / secondary),337217,,0,337217,,,,,337217,,SAP OnHand only — no ceiling on file for this godown; no dispatch-lag correction applied
2025-10-19,BH-SC (overflow / secondary),50,,0,50,,,,,50,,SAP OnHand only — no ceiling on file for this godown; no dispatch-lag correction applied
2025-10-20,BH-PF,62623,0,0,62623,377000,314377,16.6,0,62623,0,SAP OnHand ONLY — no physical dispatch record exists this far back
2025-10-20,OIL-FG-TOTAL (BH-BT+BH-PF),62623,0,0,62623,377000,314377,16.6,0,62623,0,SAP OnHand ONLY — no physical dispatch record exists this far back
2025-10-20,GP-FG (overflow / secondary),500817,,0,500817,,,,,500817,,SAP OnHand only — no ceiling on file for this godown; no dispatch-lag correction applied
2025-10-20,BH-FG (overflow / secondary),337217,,0,337217,,,,,337217,,SAP OnHand only — no ceiling on file for this godown; no dispatch-lag correction applied
2025-10-20,BH-SC (overflow / secondary),50,,0,50,,,,,50,,SAP OnHand only — no ceiling on file for this godown; no dispatch-lag correction applied
2025-10-21,BH-PF,62623,0,0,62623,377000,314377,16.6,0,62623,0,SAP OnHand ONLY — no physical dispatch record exists this far back
2025-10-21,OIL-FG-TOTAL (BH-BT+BH-PF),62623,0,0,62623,377000,314377,16.6,0,62623,0,SAP OnHand ONLY — no physical dispatch record exists this far back
2025-10-21,GP-FG (overflow / secondary),500817,,0,500817,,,,,500817,,SAP OnHand only — no ceiling on file for this godown; no dispatch-lag correction applied
2025-10-21,BH-FG (overflow / secondary),337217,,0,337217,,,,,337217,,SAP OnHand only — no ceiling on file for this godown; no dispatch-lag correction applied
2025-10-21,BH-SC (overflow / secondary),50,,0,50,,,,,50,,SAP OnHand only — no ceiling on file for this godown; no dispatch-lag correction applied
2025-10-22,BH-PF,112642,0,0,112642,377000,264358,29.9,0,112642,0,SAP OnHand ONLY — no physical dispatch record exists this far back
2025-10-22,OIL-FG-TOTAL (BH-BT+BH-PF),112642,0,0,112642,377000,264358,29.9,0,112642,0,SAP OnHand ONLY — no physical dispatch record exists this far back
2025-10-22,GP-FG (overflow / secondary),446580,,0,446580,,,,,446580,,SAP OnHand only — no ceiling on file for this godown; no dispatch-lag correction applied
2025-10-22,BH-FG (overflow / secondary),295145,,0,295145,,,,,295145,,SAP OnHand only — no ceiling on file for this godown; no dispatch-lag correction applied
2025-10-22,BH-SC (overflow / secondary),50,,0,50,,,,,50,,SAP OnHand only — no ceiling on file for this godown; no dispatch-lag correction applied
2025-10-23,BH-PF,81157,0,0,81157,377000,295843,21.5,0,81157,0,SAP OnHand ONLY — no physical dispatch record exists this far back
2025-10-23,OIL-FG-TOTAL (BH-BT+BH-PF),81157,0,0,81157,377000,295843,21.5,0,81157,0,SAP OnHand ONLY — no physical dispatch record exists this far back
2025-10-23,GP-FG (overflow / secondary),455319,,0,455319,,,,,455319,,SAP OnHand only — no ceiling on file for this godown; no dispatch-lag correction applied
2025-10-23,BH-FG (overflow / secondary),275289,,0,275289,,,,,275289,,SAP OnHand only — no ceiling on file for this godown; no dispatch-lag correction applied
2025-10-23,BH-SC (overflow / secondary),50,,0,50,,,,,50,,SAP OnHand only — no ceiling on file for this godown; no dispatch-lag correction applied
2025-10-24,BH-PF,59001,0,0,59001,377000,317999,15.7,0,59001,0,SAP OnHand ONLY — no physical dispatch record exists this far back
2025-10-24,OIL-FG-TOTAL (BH-BT+BH-PF),59001,0,0,59001,377000,317999,15.7,0,59001,0,SAP OnHand ONLY — no physical dispatch record exists this far back
2025-10-24,GP-FG (overflow / secondary),429918,,0,429918,,,,,429918,,SAP OnHand only — no ceiling on file for this godown; no dispatch-lag correction applied
2025-10-24,BH-FG (overflow / secondary),250224,,0,250224,,,,,250224,,SAP OnHand only — no ceiling on file for this godown; no dispatch-lag correction applied
2025-10-24,BH-SC (overflow / secondary),50,,0,50,,,,,50,,SAP OnHand only — no ceiling on file for this godown; no dispatch-lag correction applied
2025-10-25,BH-PF,74247,0,0,74247,377000,302753,19.7,0,74247,0,SAP OnHand ONLY — no physical dispatch record exists this far back
2025-10-25,OIL-FG-TOTAL (BH-BT+BH-PF),74247,0,0,74247,377000,302753,19.7,0,74247,0,SAP OnHand ONLY — no physical dispatch record exists this far back
2025-10-25,GP-FG (overflow / secondary),409915,,0,409915,,,,,409915,,SAP OnHand only — no ceiling on file for this godown; no dispatch-lag correction applied
2025-10-25,BH-FG (overflow / secondary),226463,,0,226463,,,,,226463,,SAP OnHand only — no ceiling on file for this godown; no dispatch-lag correction applied
2025-10-25,BH-SC (overflow / secondary),50,,0,50,,,,,50,,SAP OnHand only — no ceiling on file for this godown; no dispatch-lag correction applied
2025-10-26,BH-PF,85001,0,0,85001,377000,291999,22.5,0,85001,0,SAP OnHand ONLY — no physical dispatch record exists this far back
2025-10-26,OIL-FG-TOTAL (BH-BT+BH-PF),85001,0,0,85001,377000,291999,22.5,0,85001,0,SAP OnHand ONLY — no physical dispatch record exists this far back
2025-10-26,GP-FG (overflow / secondary),447091,,0,447091,,,,,447091,,SAP OnHand only — no ceiling on file for this godown; no dispatch-lag correction applied
2025-10-26,BH-FG (overflow / secondary),226463,,0,226463,,,,,226463,,SAP OnHand only — no ceiling on file for this godown; no dispatch-lag correction applied
2025-10-26,BH-SC (overflow / secondary),50,,0,50,,,,,50,,SAP OnHand only — no ceiling on file for this godown; no dispatch-lag correction applied
2025-10-27,BH-PF,78922,0,0,78922,377000,298078,20.9,0,78922,0,SAP OnHand ONLY — no physical dispatch record exists this far back
2025-10-27,OIL-FG-TOTAL (BH-BT+BH-PF),78922,0,0,78922,377000,298078,20.9,0,78922,0,SAP OnHand ONLY — no physical dispatch record exists this far back
2025-10-27,GP-FG (overflow / secondary),427773,,0,427773,,,,,427773,,SAP OnHand only — no ceiling on file for this godown; no dispatch-lag correction applied
2025-10-27,BH-FG (overflow / secondary),211111,,0,211111,,,,,211111,,SAP OnHand only — no ceiling on file for this godown; no dispatch-lag correction applied
2025-10-27,BH-SC (overflow / secondary),50,,0,50,,,,,50,,SAP OnHand only — no ceiling on file for this godown; no dispatch-lag correction applied
2025-10-28,BH-PF,103457,0,0,103457,377000,273543,27.4,0,103457,0,SAP OnHand ONLY — no physical dispatch record exists this far back
2025-10-28,OIL-FG-TOTAL (BH-BT+BH-PF),103457,0,0,103457,377000,273543,27.4,0,103457,0,SAP OnHand ONLY — no physical dispatch record exists this far back
2025-10-28,GP-FG (overflow / secondary),392356,,0,392356,,,,,392356,,SAP OnHand only — no ceiling on file for this godown; no dispatch-lag correction applied
2025-10-28,BH-FG (overflow / secondary),182711,,0,182711,,,,,182711,,SAP OnHand only — no ceiling on file for this godown; no dispatch-lag correction applied
2025-10-28,BH-SC (overflow / secondary),50,,0,50,,,,,50,,SAP OnHand only — no ceiling on file for this godown; no dispatch-lag correction applied
2025-10-29,BH-PF,82198,0,0,82198,377000,294802,21.8,0,82198,0,SAP OnHand ONLY — no physical dispatch record exists this far back
2025-10-29,OIL-FG-TOTAL (BH-BT+BH-PF),82198,0,0,82198,377000,294802,21.8,0,82198,0,SAP OnHand ONLY — no physical dispatch record exists this far back
2025-10-29,GP-FG (overflow / secondary),360675,,0,360675,,,,,360675,,SAP OnHand only — no ceiling on file for this godown; no dispatch-lag correction applied
2025-10-29,BH-FG (overflow / secondary),156676,,0,156676,,,,,156676,,SAP OnHand only — no ceiling on file for this godown; no dispatch-lag correction applied
2025-10-29,BH-SC (overflow / secondary),50,,0,50,,,,,50,,SAP OnHand only — no ceiling on file for this godown; no dispatch-lag correction applied
2025-10-30,BH-PF,82630,0,0,82630,377000,294370,21.9,0,82630,0,SAP OnHand ONLY — no physical dispatch record exists this far back
2025-10-30,OIL-FG-TOTAL (BH-BT+BH-PF),82630,0,0,82630,377000,294370,21.9,0,82630,0,SAP OnHand ONLY — no physical dispatch record exists this far back
2025-10-30,GP-FG (overflow / secondary),307755,,0,307755,,,,,307755,,SAP OnHand only — no ceiling on file for this godown; no dispatch-lag correction applied
2025-10-30,BH-FG (overflow / secondary),144408,,0,144408,,,,,144408,,SAP OnHand only — no ceiling on file for this godown; no dispatch-lag correction applied
2025-10-30,BH-SC (overflow / secondary),50,,0,50,,,,,50,,SAP OnHand only — no ceiling on file for this godown; no dispatch-lag correction applied
2025-10-31,BH-PF,37290,0,0,37290,377000,339710,9.9,0,37290,0,SAP OnHand ONLY — no physical dispatch record exists this far back
2025-10-31,OIL-FG-TOTAL (BH-BT+BH-PF),37290,0,0,37290,377000,339710,9.9,0,37290,0,SAP OnHand ONLY — no physical dispatch record exists this far back
2025-10-31,GP-FG (overflow / secondary),245448,,0,245448,,,,,245448,,SAP OnHand only — no ceiling on file for this godown; no dispatch-lag correction applied
2025-10-31,BH-FG (overflow / secondary),244034,,0,244034,,,,,244034,,SAP OnHand only — no ceiling on file for this godown; no dispatch-lag correction applied
2025-10-31,BH-SC (overflow / secondary),50,,0,50,,,,,50,,SAP OnHand only — no ceiling on file for this godown; no dispatch-lag correction applied
2025-11-01,BH-PF,61284,0,0,61284,377000,315716,16.3,0,61284,0,SAP OnHand ONLY — no physical dispatch record exists this far back
2025-11-01,OIL-FG-TOTAL (BH-BT+BH-PF),61284,0,0,61284,377000,315716,16.3,0,61284,0,SAP OnHand ONLY — no physical dispatch record exists this far back
2025-11-01,GP-FG (overflow / secondary),257162,,0,257162,,,,,257162,,SAP OnHand only — no ceiling on file for this godown; no dispatch-lag correction applied
2025-11-01,BH-FG (overflow / secondary),237551,,0,237551,,,,,237551,,SAP OnHand only — no ceiling on file for this godown; no dispatch-lag correction applied
2025-11-01,BH-SC (overflow / secondary),50,,0,50,,,,,50,,SAP OnHand only — no ceiling on file for this godown; no dispatch-lag correction applied
2025-11-02,BH-PF,51008,0,0,51008,377000,325992,13.5,0,51008,0,SAP OnHand ONLY — no physical dispatch record exists this far back
2025-11-02,OIL-FG-TOTAL (BH-BT+BH-PF),51008,0,0,51008,377000,325992,13.5,0,51008,0,SAP OnHand ONLY — no physical dispatch record exists this far back
2025-11-02,GP-FG (overflow / secondary),273633,,0,273633,,,,,273633,,SAP OnHand only — no ceiling on file for this godown; no dispatch-lag correction applied
2025-11-02,BH-FG (overflow / secondary),237551,,0,237551,,,,,237551,,SAP OnHand only — no ceiling on file for this godown; no dispatch-lag correction applied
2025-11-02,BH-SC (overflow / secondary),50,,0,50,,,,,50,,SAP OnHand only — no ceiling on file for this godown; no dispatch-lag correction applied
2025-11-03,BH-PF,45656,0,0,45656,377000,331344,12.1,0,45656,0,SAP OnHand ONLY — no physical dispatch record exists this far back
2025-11-03,OIL-FG-TOTAL (BH-BT+BH-PF),45656,0,0,45656,377000,331344,12.1,0,45656,0,SAP OnHand ONLY — no physical dispatch record exists this far back
2025-11-03,GP-FG (overflow / secondary),283663,,0,283663,,,,,283663,,SAP OnHand only — no ceiling on file for this godown; no dispatch-lag correction applied
2025-11-03,BH-FG (overflow / secondary),238044,,0,238044,,,,,238044,,SAP OnHand only — no ceiling on file for this godown; no dispatch-lag correction applied
2025-11-03,BH-SC (overflow / secondary),50,,0,50,,,,,50,,SAP OnHand only — no ceiling on file for this godown; no dispatch-lag correction applied
2025-11-04,BH-PF,45396,0,0,45396,377000,331604,12.0,0,45396,0,SAP OnHand ONLY — no physical dispatch record exists this far back
2025-11-04,OIL-FG-TOTAL (BH-BT+BH-PF),45396,0,0,45396,377000,331604,12.0,0,45396,0,SAP OnHand ONLY — no physical dispatch record exists this far back
2025-11-04,GP-FG (overflow / secondary),284325,,0,284325,,,,,284325,,SAP OnHand only — no ceiling on file for this godown; no dispatch-lag correction applied
2025-11-04,BH-FG (overflow / secondary),235578,,0,235578,,,,,235578,,SAP OnHand only — no ceiling on file for this godown; no dispatch-lag correction applied
2025-11-04,BH-SC (overflow / secondary),50,,0,50,,,,,50,,SAP OnHand only — no ceiling on file for this godown; no dispatch-lag correction applied
2025-11-05,BH-PF,38287,0,0,38287,377000,338713,10.2,0,38287,0,SAP OnHand ONLY — no physical dispatch record exists this far back
2025-11-05,OIL-FG-TOTAL (BH-BT+BH-PF),38287,0,0,38287,377000,338713,10.2,0,38287,0,SAP OnHand ONLY — no physical dispatch record exists this far back
2025-11-05,GP-FG (overflow / secondary),289569,,0,289569,,,,,289569,,SAP OnHand only — no ceiling on file for this godown; no dispatch-lag correction applied
2025-11-05,BH-FG (overflow / secondary),242492,,0,242492,,,,,242492,,SAP OnHand only — no ceiling on file for this godown; no dispatch-lag correction applied
2025-11-05,BH-SC (overflow / secondary),50,,0,50,,,,,50,,SAP OnHand only — no ceiling on file for this godown; no dispatch-lag correction applied
2025-11-06,BH-PF,90288,0,0,90288,377000,286712,23.9,0,90288,0,SAP OnHand ONLY — no physical dispatch record exists this far back
2025-11-06,OIL-FG-TOTAL (BH-BT+BH-PF),90288,0,0,90288,377000,286712,23.9,0,90288,0,SAP OnHand ONLY — no physical dispatch record exists this far back
2025-11-06,GP-FG (overflow / secondary),294551,,0,294551,,,,,294551,,SAP OnHand only — no ceiling on file for this godown; no dispatch-lag correction applied
2025-11-06,BH-FG (overflow / secondary),196998,,0,196998,,,,,196998,,SAP OnHand only — no ceiling on file for this godown; no dispatch-lag correction applied
2025-11-06,BH-SC (overflow / secondary),50,,0,50,,,,,50,,SAP OnHand only — no ceiling on file for this godown; no dispatch-lag correction applied
2025-11-07,BH-PF,84990,0,0,84990,377000,292010,22.5,0,84990,0,SAP OnHand ONLY — no physical dispatch record exists this far back
2025-11-07,OIL-FG-TOTAL (BH-BT+BH-PF),84990,0,0,84990,377000,292010,22.5,0,84990,0,SAP OnHand ONLY — no physical dispatch record exists this far back
2025-11-07,GP-FG (overflow / secondary),349927,,0,349927,,,,,349927,,SAP OnHand only — no ceiling on file for this godown; no dispatch-lag correction applied
2025-11-07,BH-FG (overflow / secondary),211285,,0,211285,,,,,211285,,SAP OnHand only — no ceiling on file for this godown; no dispatch-lag correction applied
2025-11-07,BH-SC (overflow / secondary),50,,0,50,,,,,50,,SAP OnHand only — no ceiling on file for this godown; no dispatch-lag correction applied
2025-11-08,BH-PF,152487,0,0,152487,377000,224513,40.4,0,152487,0,SAP OnHand ONLY — no physical dispatch record exists this far back
2025-11-08,OIL-FG-TOTAL (BH-BT+BH-PF),152487,0,0,152487,377000,224513,40.4,0,152487,0,SAP OnHand ONLY — no physical dispatch record exists this far back
2025-11-08,GP-FG (overflow / secondary),369525,,0,369525,,,,,369525,,SAP OnHand only — no ceiling on file for this godown; no dispatch-lag correction applied
2025-11-08,BH-FG (overflow / secondary),206239,,0,206239,,,,,206239,,SAP OnHand only — no ceiling on file for this godown; no dispatch-lag correction applied
2025-11-08,BH-SC (overflow / secondary),50,,0,50,,,,,50,,SAP OnHand only — no ceiling on file for this godown; no dispatch-lag correction applied
2025-11-09,BH-PF,84879,0,0,84879,377000,292121,22.5,0,84879,0,SAP OnHand ONLY — no physical dispatch record exists this far back
2025-11-09,OIL-FG-TOTAL (BH-BT+BH-PF),84879,0,0,84879,377000,292121,22.5,0,84879,0,SAP OnHand ONLY — no physical dispatch record exists this far back
2025-11-09,GP-FG (overflow / secondary),486614,,0,486614,,,,,486614,,SAP OnHand only — no ceiling on file for this godown; no dispatch-lag correction applied
2025-11-09,BH-FG (overflow / secondary),206239,,0,206239,,,,,206239,,SAP OnHand only — no ceiling on file for this godown; no dispatch-lag correction applied
2025-11-09,BH-SC (overflow / secondary),50,,0,50,,,,,50,,SAP OnHand only — no ceiling on file for this godown; no dispatch-lag correction applied
2025-11-10,BH-PF,51560,0,0,51560,377000,325440,13.7,0,51560,0,SAP OnHand ONLY — no physical dispatch record exists this far back
2025-11-10,OIL-FG-TOTAL (BH-BT+BH-PF),51560,0,0,51560,377000,325440,13.7,0,51560,0,SAP OnHand ONLY — no physical dispatch record exists this far back
2025-11-10,GP-FG (overflow / secondary),509933,,0,509933,,,,,509933,,SAP OnHand only — no ceiling on file for this godown; no dispatch-lag correction applied
2025-11-10,BH-FG (overflow / secondary),202823,,0,202823,,,,,202823,,SAP OnHand only — no ceiling on file for this godown; no dispatch-lag correction applied
2025-11-10,BH-SC (overflow / secondary),50,,0,50,,,,,50,,SAP OnHand only — no ceiling on file for this godown; no dispatch-lag correction applied
2025-11-11,BH-PF,70284,0,0,70284,377000,306716,18.6,0,70284,0,SAP OnHand ONLY — no physical dispatch record exists this far back
2025-11-11,OIL-FG-TOTAL (BH-BT+BH-PF),70284,0,0,70284,377000,306716,18.6,0,70284,0,SAP OnHand ONLY — no physical dispatch record exists this far back
2025-11-11,GP-FG (overflow / secondary),455751,,0,455751,,,,,455751,,SAP OnHand only — no ceiling on file for this godown; no dispatch-lag correction applied
2025-11-11,BH-FG (overflow / secondary),180041,,0,180041,,,,,180041,,SAP OnHand only — no ceiling on file for this godown; no dispatch-lag correction applied
2025-11-11,BH-SC (overflow / secondary),50,,0,50,,,,,50,,SAP OnHand only — no ceiling on file for this godown; no dispatch-lag correction applied
2025-11-12,BH-PF,54820,0,0,54820,377000,322180,14.5,0,54820,0,SAP OnHand ONLY — no physical dispatch record exists this far back
2025-11-12,OIL-FG-TOTAL (BH-BT+BH-PF),54820,0,0,54820,377000,322180,14.5,0,54820,0,SAP OnHand ONLY — no physical dispatch record exists this far back
2025-11-12,GP-FG (overflow / secondary),479647,,0,479647,,,,,479647,,SAP OnHand only — no ceiling on file for this godown; no dispatch-lag correction applied
2025-11-12,BH-FG (overflow / secondary),183865,,0,183865,,,,,183865,,SAP OnHand only — no ceiling on file for this godown; no dispatch-lag correction applied
2025-11-12,BH-SC (overflow / secondary),50,,0,50,,,,,50,,SAP OnHand only — no ceiling on file for this godown; no dispatch-lag correction applied
2025-11-13,BH-PF,40467,0,0,40467,377000,336533,10.7,0,40467,0,SAP OnHand ONLY — no physical dispatch record exists this far back
2025-11-13,OIL-FG-TOTAL (BH-BT+BH-PF),40467,0,0,40467,377000,336533,10.7,0,40467,0,SAP OnHand ONLY — no physical dispatch record exists this far back
2025-11-13,GP-FG (overflow / secondary),495550,,0,495550,,,,,495550,,SAP OnHand only — no ceiling on file for this godown; no dispatch-lag correction applied
2025-11-13,BH-FG (overflow / secondary),177217,,0,177217,,,,,177217,,SAP OnHand only — no ceiling on file for this godown; no dispatch-lag correction applied
2025-11-13,BH-SC (overflow / secondary),50,,0,50,,,,,50,,SAP OnHand only — no ceiling on file for this godown; no dispatch-lag correction applied
2025-11-14,BH-PF,45823,0,0,45823,377000,331177,12.2,0,45823,0,SAP OnHand ONLY — no physical dispatch record exists this far back
2025-11-14,OIL-FG-TOTAL (BH-BT+BH-PF),45823,0,0,45823,377000,331177,12.2,0,45823,0,SAP OnHand ONLY — no physical dispatch record exists this far back
2025-11-14,GP-FG (overflow / secondary),554125,,0,554125,,,,,554125,,SAP OnHand only — no ceiling on file for this godown; no dispatch-lag correction applied
2025-11-14,BH-FG (overflow / secondary),177284,,0,177284,,,,,177284,,SAP OnHand only — no ceiling on file for this godown; no dispatch-lag correction applied
2025-11-14,BH-SC (overflow / secondary),50,,0,50,,,,,50,,SAP OnHand only — no ceiling on file for this godown; no dispatch-lag correction applied
2025-11-15,BH-PF,44332,0,0,44332,377000,332668,11.8,0,44332,0,SAP OnHand ONLY — no physical dispatch record exists this far back
2025-11-15,OIL-FG-TOTAL (BH-BT+BH-PF),44332,0,0,44332,377000,332668,11.8,0,44332,0,SAP OnHand ONLY — no physical dispatch record exists this far back
2025-11-15,GP-FG (overflow / secondary),584667,,0,584667,,,,,584667,,SAP OnHand only — no ceiling on file for this godown; no dispatch-lag correction applied
2025-11-15,BH-FG (overflow / secondary),177330,,0,177330,,,,,177330,,SAP OnHand only — no ceiling on file for this godown; no dispatch-lag correction applied
2025-11-15,BH-SC (overflow / secondary),50,,0,50,,,,,50,,SAP OnHand only — no ceiling on file for this godown; no dispatch-lag correction applied
2025-11-16,BH-PF,44332,0,0,44332,377000,332668,11.8,0,44332,0,SAP OnHand ONLY — no physical dispatch record exists this far back
2025-11-16,OIL-FG-TOTAL (BH-BT+BH-PF),44332,0,0,44332,377000,332668,11.8,0,44332,0,SAP OnHand ONLY — no physical dispatch record exists this far back
2025-11-16,GP-FG (overflow / secondary),584667,,0,584667,,,,,584667,,SAP OnHand only — no ceiling on file for this godown; no dispatch-lag correction applied
2025-11-16,BH-FG (overflow / secondary),177330,,0,177330,,,,,177330,,SAP OnHand only — no ceiling on file for this godown; no dispatch-lag correction applied
2025-11-16,BH-SC (overflow / secondary),50,,0,50,,,,,50,,SAP OnHand only — no ceiling on file for this godown; no dispatch-lag correction applied
2025-11-17,BH-PF,89321,0,0,89321,377000,287679,23.7,0,89321,0,SAP OnHand ONLY — no physical dispatch record exists this far back
2025-11-17,OIL-FG-TOTAL (BH-BT+BH-PF),89321,0,0,89321,377000,287679,23.7,0,89321,0,SAP OnHand ONLY — no physical dispatch record exists this far back
2025-11-17,GP-FG (overflow / secondary),540898,,0,540898,,,,,540898,,SAP OnHand only — no ceiling on file for this godown; no dispatch-lag correction applied
2025-11-17,BH-FG (overflow / secondary),167090,,0,167090,,,,,167090,,SAP OnHand only — no ceiling on file for this godown; no dispatch-lag correction applied
2025-11-17,BH-SC (overflow / secondary),50,,0,50,,,,,50,,SAP OnHand only — no ceiling on file for this godown; no dispatch-lag correction applied
2025-11-18,BH-PF,40477,0,0,40477,377000,336523,10.7,0,40477,0,SAP OnHand ONLY — no physical dispatch record exists this far back
2025-11-18,OIL-FG-TOTAL (BH-BT+BH-PF),40477,0,0,40477,377000,336523,10.7,0,40477,0,SAP OnHand ONLY — no physical dispatch record exists this far back
2025-11-18,GP-FG (overflow / secondary),588297,,0,588297,,,,,588297,,SAP OnHand only — no ceiling on file for this godown; no dispatch-lag correction applied
2025-11-18,BH-FG (overflow / secondary),160350,,0,160350,,,,,160350,,SAP OnHand only — no ceiling on file for this godown; no dispatch-lag correction applied
2025-11-18,BH-SC (overflow / secondary),50,,0,50,,,,,50,,SAP OnHand only — no ceiling on file for this godown; no dispatch-lag correction applied
2025-11-19,BH-PF,75544,0,0,75544,377000,301456,20.0,0,75544,0,SAP OnHand ONLY — no physical dispatch record exists this far back
2025-11-19,OIL-FG-TOTAL (BH-BT+BH-PF),75544,0,0,75544,377000,301456,20.0,0,75544,0,SAP OnHand ONLY — no physical dispatch record exists this far back
2025-11-19,GP-FG (overflow / secondary),625084,,0,625084,,,,,625084,,SAP OnHand only — no ceiling on file for this godown; no dispatch-lag correction applied
2025-11-19,BH-FG (overflow / secondary),159191,,0,159191,,,,,159191,,SAP OnHand only — no ceiling on file for this godown; no dispatch-lag correction applied
2025-11-19,BH-SC (overflow / secondary),50,,0,50,,,,,50,,SAP OnHand only — no ceiling on file for this godown; no dispatch-lag correction applied
2025-11-20,BH-PF,108891,0,0,108891,377000,268109,28.9,0,108891,0,SAP OnHand ONLY — no physical dispatch record exists this far back
2025-11-20,OIL-FG-TOTAL (BH-BT+BH-PF),108891,0,0,108891,377000,268109,28.9,0,108891,0,SAP OnHand ONLY — no physical dispatch record exists this far back
2025-11-20,GP-FG (overflow / secondary),622044,,0,622044,,,,,622044,,SAP OnHand only — no ceiling on file for this godown; no dispatch-lag correction applied
2025-11-20,BH-FG (overflow / secondary),151851,,0,151851,,,,,151851,,SAP OnHand only — no ceiling on file for this godown; no dispatch-lag correction applied
2025-11-20,BH-SC (overflow / secondary),50,,0,50,,,,,50,,SAP OnHand only — no ceiling on file for this godown; no dispatch-lag correction applied
2025-11-21,BH-PF,123401,0,0,123401,377000,253599,32.7,0,123401,0,SAP OnHand ONLY — no physical dispatch record exists this far back
2025-11-21,OIL-FG-TOTAL (BH-BT+BH-PF),123401,0,0,123401,377000,253599,32.7,0,123401,0,SAP OnHand ONLY — no physical dispatch record exists this far back
2025-11-21,GP-FG (overflow / secondary),670502,,0,670502,,,,,670502,,SAP OnHand only — no ceiling on file for this godown; no dispatch-lag correction applied
2025-11-21,BH-FG (overflow / secondary),142274,,0,142274,,,,,142274,,SAP OnHand only — no ceiling on file for this godown; no dispatch-lag correction applied
2025-11-21,BH-SC (overflow / secondary),50,,0,50,,,,,50,,SAP OnHand only — no ceiling on file for this godown; no dispatch-lag correction applied
2025-11-22,BH-PF,119495,0,0,119495,377000,257505,31.7,0,119495,0,SAP OnHand ONLY — no physical dispatch record exists this far back
2025-11-22,OIL-FG-TOTAL (BH-BT+BH-PF),119495,0,0,119495,377000,257505,31.7,0,119495,0,SAP OnHand ONLY — no physical dispatch record exists this far back
2025-11-22,GP-FG (overflow / secondary),706325,,0,706325,,,,,706325,,SAP OnHand only — no ceiling on file for this godown; no dispatch-lag correction applied
2025-11-22,BH-FG (overflow / secondary),138989,,0,138989,,,,,138989,,SAP OnHand only — no ceiling on file for this godown; no dispatch-lag correction applied
2025-11-22,BH-SC (overflow / secondary),50,,0,50,,,,,50,,SAP OnHand only — no ceiling on file for this godown; no dispatch-lag correction applied
2025-11-23,BH-PF,119495,0,0,119495,377000,257505,31.7,0,119495,0,SAP OnHand ONLY — no physical dispatch record exists this far back
2025-11-23,OIL-FG-TOTAL (BH-BT+BH-PF),119495,0,0,119495,377000,257505,31.7,0,119495,0,SAP OnHand ONLY — no physical dispatch record exists this far back
2025-11-23,GP-FG (overflow / secondary),706325,,0,706325,,,,,706325,,SAP OnHand only — no ceiling on file for this godown; no dispatch-lag correction applied
2025-11-23,BH-FG (overflow / secondary),138989,,0,138989,,,,,138989,,SAP OnHand only — no ceiling on file for this godown; no dispatch-lag correction applied
2025-11-23,BH-SC (overflow / secondary),50,,0,50,,,,,50,,SAP OnHand only — no ceiling on file for this godown; no dispatch-lag correction applied
2025-11-24,BH-PF,96303,0,0,96303,377000,280697,25.5,0,96303,0,SAP OnHand ONLY — no physical dispatch record exists this far back
2025-11-24,OIL-FG-TOTAL (BH-BT+BH-PF),96303,0,0,96303,377000,280697,25.5,0,96303,0,SAP OnHand ONLY — no physical dispatch record exists this far back
2025-11-24,GP-FG (overflow / secondary),690310,,0,690310,,,,,690310,,SAP OnHand only — no ceiling on file for this godown; no dispatch-lag correction applied
2025-11-24,BH-FG (overflow / secondary),133304,,0,133304,,,,,133304,,SAP OnHand only — no ceiling on file for this godown; no dispatch-lag correction applied
2025-11-24,BH-SC (overflow / secondary),50,,0,50,,,,,50,,SAP OnHand only — no ceiling on file for this godown; no dispatch-lag correction applied
2025-11-25,BH-PF,61588,0,0,61588,377000,315412,16.3,0,61588,0,SAP OnHand ONLY — no physical dispatch record exists this far back
2025-11-25,OIL-FG-TOTAL (BH-BT+BH-PF),61588,0,0,61588,377000,315412,16.3,0,61588,0,SAP OnHand ONLY — no physical dispatch record exists this far back
2025-11-25,GP-FG (overflow / secondary),715641,,0,715641,,,,,715641,,SAP OnHand only — no ceiling on file for this godown; no dispatch-lag correction applied
2025-11-25,BH-FG (overflow / secondary),132792,,0,132792,,,,,132792,,SAP OnHand only — no ceiling on file for this godown; no dispatch-lag correction applied
2025-11-25,BH-SC (overflow / secondary),50,,0,50,,,,,50,,SAP OnHand only — no ceiling on file for this godown; no dispatch-lag correction applied
2025-11-26,BH-PF,66732,0,0,66732,377000,310268,17.7,0,66732,0,SAP OnHand ONLY — no physical dispatch record exists this far back
2025-11-26,OIL-FG-TOTAL (BH-BT+BH-PF),66732,0,0,66732,377000,310268,17.7,0,66732,0,SAP OnHand ONLY — no physical dispatch record exists this far back
2025-11-26,GP-FG (overflow / secondary),714915,,0,714915,,,,,714915,,SAP OnHand only — no ceiling on file for this godown; no dispatch-lag correction applied
2025-11-26,BH-FG (overflow / secondary),121341,,0,121341,,,,,121341,,SAP OnHand only — no ceiling on file for this godown; no dispatch-lag correction applied
2025-11-26,BH-SC (overflow / secondary),50,,0,50,,,,,50,,SAP OnHand only — no ceiling on file for this godown; no dispatch-lag correction applied
2025-11-27,BH-PF,72199,0,0,72199,377000,304801,19.2,0,72199,0,SAP OnHand ONLY — no physical dispatch record exists this far back
2025-11-27,OIL-FG-TOTAL (BH-BT+BH-PF),72199,0,0,72199,377000,304801,19.2,0,72199,0,SAP OnHand ONLY — no physical dispatch record exists this far back
2025-11-27,GP-FG (overflow / secondary),703821,,0,703821,,,,,703821,,SAP OnHand only — no ceiling on file for this godown; no dispatch-lag correction applied
2025-11-27,BH-FG (overflow / secondary),108222,,0,108222,,,,,108222,,SAP OnHand only — no ceiling on file for this godown; no dispatch-lag correction applied
2025-11-27,BH-SC (overflow / secondary),50,,0,50,,,,,50,,SAP OnHand only — no ceiling on file for this godown; no dispatch-lag correction applied
2025-11-28,BH-PF,81366,0,0,81366,377000,295634,21.6,0,81366,0,SAP OnHand ONLY — no physical dispatch record exists this far back
2025-11-28,OIL-FG-TOTAL (BH-BT+BH-PF),81366,0,0,81366,377000,295634,21.6,0,81366,0,SAP OnHand ONLY — no physical dispatch record exists this far back
2025-11-28,GP-FG (overflow / secondary),691158,,0,691158,,,,,691158,,SAP OnHand only — no ceiling on file for this godown; no dispatch-lag correction applied
2025-11-28,BH-FG (overflow / secondary),118889,,0,118889,,,,,118889,,SAP OnHand only — no ceiling on file for this godown; no dispatch-lag correction applied
2025-11-28,BH-SC (overflow / secondary),50,,0,50,,,,,50,,SAP OnHand only — no ceiling on file for this godown; no dispatch-lag correction applied
2025-11-29,BH-PF,95920,0,0,95920,377000,281080,25.4,0,95920,0,SAP OnHand ONLY — no physical dispatch record exists this far back
2025-11-29,OIL-FG-TOTAL (BH-BT+BH-PF),95920,0,0,95920,377000,281080,25.4,0,95920,0,SAP OnHand ONLY — no physical dispatch record exists this far back
2025-11-29,GP-FG (overflow / secondary),652495,,0,652495,,,,,652495,,SAP OnHand only — no ceiling on file for this godown; no dispatch-lag correction applied
2025-11-29,BH-FG (overflow / secondary),103045,,0,103045,,,,,103045,,SAP OnHand only — no ceiling on file for this godown; no dispatch-lag correction applied
2025-11-29,BH-SC (overflow / secondary),50,,0,50,,,,,50,,SAP OnHand only — no ceiling on file for this godown; no dispatch-lag correction applied
2025-11-30,BH-PF,121645,0,0,121645,377000,255355,32.3,0,121645,0,SAP OnHand ONLY — no physical dispatch record exists this far back
2025-11-30,OIL-FG-TOTAL (BH-BT+BH-PF),121645,0,0,121645,377000,255355,32.3,0,121645,0,SAP OnHand ONLY — no physical dispatch record exists this far back
2025-11-30,GP-FG (overflow / secondary),450390,,0,450390,,,,,450390,,SAP OnHand only — no ceiling on file for this godown; no dispatch-lag correction applied
2025-11-30,BH-FG (overflow / secondary),100585,,0,100585,,,,,100585,,SAP OnHand only — no ceiling on file for this godown; no dispatch-lag correction applied
2025-11-30,BH-SC (overflow / secondary),50,,0,50,,,,,50,,SAP OnHand only — no ceiling on file for this godown; no dispatch-lag correction applied
2025-12-01,BH-PF,113685,0,0,113685,377000,263315,30.2,0,113685,0,SAP OnHand ONLY — no physical dispatch record exists this far back
2025-12-01,OIL-FG-TOTAL (BH-BT+BH-PF),113685,0,0,113685,377000,263315,30.2,0,113685,0,SAP OnHand ONLY — no physical dispatch record exists this far back
2025-12-01,GP-FG (overflow / secondary),464875,,0,464875,,,,,464875,,SAP OnHand only — no ceiling on file for this godown; no dispatch-lag correction applied
2025-12-01,BH-FG (overflow / secondary),110151,,0,110151,,,,,110151,,SAP OnHand only — no ceiling on file for this godown; no dispatch-lag correction applied
2025-12-01,BH-SC (overflow / secondary),50,,0,50,,,,,50,,SAP OnHand only — no ceiling on file for this godown; no dispatch-lag correction applied
2025-12-02,BH-PF,80148,0,0,80148,377000,296852,21.3,0,80148,0,SAP OnHand ONLY — no physical dispatch record exists this far back
2025-12-02,OIL-FG-TOTAL (BH-BT+BH-PF),80148,0,0,80148,377000,296852,21.3,0,80148,0,SAP OnHand ONLY — no physical dispatch record exists this far back
2025-12-02,GP-FG (overflow / secondary),491978,,0,491978,,,,,491978,,SAP OnHand only — no ceiling on file for this godown; no dispatch-lag correction applied
2025-12-02,BH-FG (overflow / secondary),109933,,0,109933,,,,,109933,,SAP OnHand only — no ceiling on file for this godown; no dispatch-lag correction applied
2025-12-02,BH-SC (overflow / secondary),50,,0,50,,,,,50,,SAP OnHand only — no ceiling on file for this godown; no dispatch-lag correction applied
2025-12-03,BH-PF,70485,0,0,70485,377000,306515,18.7,0,70485,0,SAP OnHand ONLY — no physical dispatch record exists this far back
2025-12-03,OIL-FG-TOTAL (BH-BT+BH-PF),70485,0,0,70485,377000,306515,18.7,0,70485,0,SAP OnHand ONLY — no physical dispatch record exists this far back
2025-12-03,GP-FG (overflow / secondary),500925,,0,500925,,,,,500925,,SAP OnHand only — no ceiling on file for this godown; no dispatch-lag correction applied
2025-12-03,BH-FG (overflow / secondary),113787,,0,113787,,,,,113787,,SAP OnHand only — no ceiling on file for this godown; no dispatch-lag correction applied
2025-12-03,BH-SC (overflow / secondary),50,,0,50,,,,,50,,SAP OnHand only — no ceiling on file for this godown; no dispatch-lag correction applied
2025-12-04,BH-PF,98152,0,0,98152,377000,278848,26.0,0,98152,0,SAP OnHand ONLY — no physical dispatch record exists this far back
2025-12-04,OIL-FG-TOTAL (BH-BT+BH-PF),98152,0,0,98152,377000,278848,26.0,0,98152,0,SAP OnHand ONLY — no physical dispatch record exists this far back
2025-12-04,GP-FG (overflow / secondary),511112,,0,511112,,,,,511112,,SAP OnHand only — no ceiling on file for this godown; no dispatch-lag correction applied
2025-12-04,BH-FG (overflow / secondary),113786,,0,113786,,,,,113786,,SAP OnHand only — no ceiling on file for this godown; no dispatch-lag correction applied
2025-12-04,BH-SC (overflow / secondary),50,,0,50,,,,,50,,SAP OnHand only — no ceiling on file for this godown; no dispatch-lag correction applied
2025-12-05,BH-PF,79208,0,0,79208,377000,297792,21.0,0,79208,0,SAP OnHand ONLY — no physical dispatch record exists this far back
2025-12-05,OIL-FG-TOTAL (BH-BT+BH-PF),79208,0,0,79208,377000,297792,21.0,0,79208,0,SAP OnHand ONLY — no physical dispatch record exists this far back
2025-12-05,GP-FG (overflow / secondary),535119,,0,535119,,,,,535119,,SAP OnHand only — no ceiling on file for this godown; no dispatch-lag correction applied
2025-12-05,BH-FG (overflow / secondary),113359,,0,113359,,,,,113359,,SAP OnHand only — no ceiling on file for this godown; no dispatch-lag correction applied
2025-12-05,BH-SC (overflow / secondary),50,,0,50,,,,,50,,SAP OnHand only — no ceiling on file for this godown; no dispatch-lag correction applied
2025-12-06,BH-PF,70368,0,0,70368,377000,306632,18.7,0,70368,0,SAP OnHand ONLY — no physical dispatch record exists this far back
2025-12-06,OIL-FG-TOTAL (BH-BT+BH-PF),70368,0,0,70368,377000,306632,18.7,0,70368,0,SAP OnHand ONLY — no physical dispatch record exists this far back
2025-12-06,GP-FG (overflow / secondary),575438,,0,575438,,,,,575438,,SAP OnHand only — no ceiling on file for this godown; no dispatch-lag correction applied
2025-12-06,BH-FG (overflow / secondary),91098,,0,91098,,,,,91098,,SAP OnHand only — no ceiling on file for this godown; no dispatch-lag correction applied
2025-12-06,BH-SC (overflow / secondary),50,,0,50,,,,,50,,SAP OnHand only — no ceiling on file for this godown; no dispatch-lag correction applied
2025-12-07,BH-PF,147289,0,0,147289,377000,229711,39.1,0,147289,0,SAP OnHand ONLY — no physical dispatch record exists this far back
2025-12-07,OIL-FG-TOTAL (BH-BT+BH-PF),147289,0,0,147289,377000,229711,39.1,0,147289,0,SAP OnHand ONLY — no physical dispatch record exists this far back
2025-12-07,GP-FG (overflow / secondary),575438,,0,575438,,,,,575438,,SAP OnHand only — no ceiling on file for this godown; no dispatch-lag correction applied
2025-12-07,BH-FG (overflow / secondary),91098,,0,91098,,,,,91098,,SAP OnHand only — no ceiling on file for this godown; no dispatch-lag correction applied
2025-12-07,BH-SC (overflow / secondary),50,,0,50,,,,,50,,SAP OnHand only — no ceiling on file for this godown; no dispatch-lag correction applied
2025-12-08,BH-PF,98459,0,0,98459,377000,278541,26.1,0,98459,0,SAP OnHand ONLY — no physical dispatch record exists this far back
2025-12-08,OIL-FG-TOTAL (BH-BT+BH-PF),98459,0,0,98459,377000,278541,26.1,0,98459,0,SAP OnHand ONLY — no physical dispatch record exists this far back
2025-12-08,GP-FG (overflow / secondary),640960,,0,640960,,,,,640960,,SAP OnHand only — no ceiling on file for this godown; no dispatch-lag correction applied
2025-12-08,BH-FG (overflow / secondary),58553,,0,58553,,,,,58553,,SAP OnHand only — no ceiling on file for this godown; no dispatch-lag correction applied
2025-12-08,BH-SC (overflow / secondary),50,,0,50,,,,,50,,SAP OnHand only — no ceiling on file for this godown; no dispatch-lag correction applied
2025-12-09,BH-PF,115623,0,0,115623,377000,261377,30.7,0,115623,0,SAP OnHand ONLY — no physical dispatch record exists this far back
2025-12-09,OIL-FG-TOTAL (BH-BT+BH-PF),115623,0,0,115623,377000,261377,30.7,0,115623,0,SAP OnHand ONLY — no physical dispatch record exists this far back
2025-12-09,GP-FG (overflow / secondary),644970,,0,644970,,,,,644970,,SAP OnHand only — no ceiling on file for this godown; no dispatch-lag correction applied
2025-12-09,BH-FG (overflow / secondary),47883,,0,47883,,,,,47883,,SAP OnHand only — no ceiling on file for this godown; no dispatch-lag correction applied
2025-12-09,BH-SC (overflow / secondary),50,,0,50,,,,,50,,SAP OnHand only — no ceiling on file for this godown; no dispatch-lag correction applied
2025-12-10,BH-PF,74194,0,0,74194,377000,302806,19.7,0,74194,0,SAP OnHand ONLY — no physical dispatch record exists this far back
2025-12-10,OIL-FG-TOTAL (BH-BT+BH-PF),74194,0,0,74194,377000,302806,19.7,0,74194,0,SAP OnHand ONLY — no physical dispatch record exists this far back
2025-12-10,GP-FG (overflow / secondary),685897,,0,685897,,,,,685897,,SAP OnHand only — no ceiling on file for this godown; no dispatch-lag correction applied
2025-12-10,BH-FG (overflow / secondary),48073,,0,48073,,,,,48073,,SAP OnHand only — no ceiling on file for this godown; no dispatch-lag correction applied
2025-12-10,BH-SC (overflow / secondary),50,,0,50,,,,,50,,SAP OnHand only — no ceiling on file for this godown; no dispatch-lag correction applied
2025-12-11,BH-PF,70262,0,0,70262,377000,306738,18.6,0,70262,0,SAP OnHand ONLY — no physical dispatch record exists this far back
2025-12-11,OIL-FG-TOTAL (BH-BT+BH-PF),70262,0,0,70262,377000,306738,18.6,0,70262,0,SAP OnHand ONLY — no physical dispatch record exists this far back
2025-12-11,GP-FG (overflow / secondary),678181,,0,678181,,,,,678181,,SAP OnHand only — no ceiling on file for this godown; no dispatch-lag correction applied
2025-12-11,BH-FG (overflow / secondary),47421,,0,47421,,,,,47421,,SAP OnHand only — no ceiling on file for this godown; no dispatch-lag correction applied
2025-12-11,BH-SC (overflow / secondary),50,,0,50,,,,,50,,SAP OnHand only — no ceiling on file for this godown; no dispatch-lag correction applied
2025-12-12,BH-PF,66986,0,0,66986,377000,310014,17.8,0,66986,0,SAP OnHand ONLY — no physical dispatch record exists this far back
2025-12-12,OIL-FG-TOTAL (BH-BT+BH-PF),66986,0,0,66986,377000,310014,17.8,0,66986,0,SAP OnHand ONLY — no physical dispatch record exists this far back
2025-12-12,GP-FG (overflow / secondary),637945,,0,637945,,,,,637945,,SAP OnHand only — no ceiling on file for this godown; no dispatch-lag correction applied
2025-12-12,BH-FG (overflow / secondary),44562,,0,44562,,,,,44562,,SAP OnHand only — no ceiling on file for this godown; no dispatch-lag correction applied
2025-12-12,BH-SC (overflow / secondary),50,,0,50,,,,,50,,SAP OnHand only — no ceiling on file for this godown; no dispatch-lag correction applied
2025-12-13,BH-PF,75064,0,0,75064,377000,301936,19.9,0,75064,0,SAP OnHand ONLY — no physical dispatch record exists this far back
2025-12-13,OIL-FG-TOTAL (BH-BT+BH-PF),75064,0,0,75064,377000,301936,19.9,0,75064,0,SAP OnHand ONLY — no physical dispatch record exists this far back
2025-12-13,GP-FG (overflow / secondary),637930,,0,637930,,,,,637930,,SAP OnHand only — no ceiling on file for this godown; no dispatch-lag correction applied
2025-12-13,BH-FG (overflow / secondary),51142,,0,51142,,,,,51142,,SAP OnHand only — no ceiling on file for this godown; no dispatch-lag correction applied
2025-12-13,BH-SC (overflow / secondary),50,,0,50,,,,,50,,SAP OnHand only — no ceiling on file for this godown; no dispatch-lag correction applied
2025-12-14,BH-PF,130975,0,0,130975,377000,246025,34.7,0,130975,0,SAP OnHand ONLY — no physical dispatch record exists this far back
2025-12-14,OIL-FG-TOTAL (BH-BT+BH-PF),130975,0,0,130975,377000,246025,34.7,0,130975,0,SAP OnHand ONLY — no physical dispatch record exists this far back
2025-12-14,GP-FG (overflow / secondary),637930,,0,637930,,,,,637930,,SAP OnHand only — no ceiling on file for this godown; no dispatch-lag correction applied
2025-12-14,BH-FG (overflow / secondary),51142,,0,51142,,,,,51142,,SAP OnHand only — no ceiling on file for this godown; no dispatch-lag correction applied
2025-12-14,BH-SC (overflow / secondary),50,,0,50,,,,,50,,SAP OnHand only — no ceiling on file for this godown; no dispatch-lag correction applied
2025-12-15,BH-PF,111175,0,0,111175,377000,265825,29.5,0,111175,0,SAP OnHand ONLY — no physical dispatch record exists this far back
2025-12-15,OIL-FG-TOTAL (BH-BT+BH-PF),111175,0,0,111175,377000,265825,29.5,0,111175,0,SAP OnHand ONLY — no physical dispatch record exists this far back
2025-12-15,GP-FG (overflow / secondary),649395,,0,649395,,,,,649395,,SAP OnHand only — no ceiling on file for this godown; no dispatch-lag correction applied
2025-12-15,BH-FG (overflow / secondary),51142,,0,51142,,,,,51142,,SAP OnHand only — no ceiling on file for this godown; no dispatch-lag correction applied
2025-12-15,BH-SC (overflow / secondary),50,,0,50,,,,,50,,SAP OnHand only — no ceiling on file for this godown; no dispatch-lag correction applied
2025-12-16,BH-PF,100975,0,0,100975,377000,276025,26.8,0,100975,0,SAP OnHand ONLY — no physical dispatch record exists this far back
2025-12-16,OIL-FG-TOTAL (BH-BT+BH-PF),100975,0,0,100975,377000,276025,26.8,0,100975,0,SAP OnHand ONLY — no physical dispatch record exists this far back
2025-12-16,GP-FG (overflow / secondary),633601,,0,633601,,,,,633601,,SAP OnHand only — no ceiling on file for this godown; no dispatch-lag correction applied
2025-12-16,BH-FG (overflow / secondary),51142,,0,51142,,,,,51142,,SAP OnHand only — no ceiling on file for this godown; no dispatch-lag correction applied
2025-12-16,BH-SC (overflow / secondary),50,,0,50,,,,,50,,SAP OnHand only — no ceiling on file for this godown; no dispatch-lag correction applied
2025-12-17,BH-PF,122762,0,0,122762,377000,254238,32.6,0,122762,0,SAP OnHand ONLY — no physical dispatch record exists this far back
2025-12-17,OIL-FG-TOTAL (BH-BT+BH-PF),122762,0,0,122762,377000,254238,32.6,0,122762,0,SAP OnHand ONLY — no physical dispatch record exists this far back
2025-12-17,GP-FG (overflow / secondary),561779,,0,561779,,,,,561779,,SAP OnHand only — no ceiling on file for this godown; no dispatch-lag correction applied
2025-12-17,BH-FG (overflow / secondary),51104,,0,51104,,,,,51104,,SAP OnHand only — no ceiling on file for this godown; no dispatch-lag correction applied
2025-12-17,BH-SC (overflow / secondary),50,,0,50,,,,,50,,SAP OnHand only — no ceiling on file for this godown; no dispatch-lag correction applied
2025-12-18,BH-PF,105896,0,0,105896,377000,271104,28.1,0,105896,0,SAP OnHand ONLY — no physical dispatch record exists this far back
2025-12-18,OIL-FG-TOTAL (BH-BT+BH-PF),105896,0,0,105896,377000,271104,28.1,0,105896,0,SAP OnHand ONLY — no physical dispatch record exists this far back
2025-12-18,GP-FG (overflow / secondary),622846,,0,622846,,,,,622846,,SAP OnHand only — no ceiling on file for this godown; no dispatch-lag correction applied
2025-12-18,BH-FG (overflow / secondary),50323,,0,50323,,,,,50323,,SAP OnHand only — no ceiling on file for this godown; no dispatch-lag correction applied
2025-12-18,BH-SC (overflow / secondary),50,,0,50,,,,,50,,SAP OnHand only — no ceiling on file for this godown; no dispatch-lag correction applied
2025-12-19,BH-PF,72452,0,0,72452,377000,304548,19.2,0,72452,0,SAP OnHand ONLY — no physical dispatch record exists this far back
2025-12-19,OIL-FG-TOTAL (BH-BT+BH-PF),72452,0,0,72452,377000,304548,19.2,0,72452,0,SAP OnHand ONLY — no physical dispatch record exists this far back
2025-12-19,GP-FG (overflow / secondary),617416,,0,617416,,,,,617416,,SAP OnHand only — no ceiling on file for this godown; no dispatch-lag correction applied
2025-12-19,BH-FG (overflow / secondary),50213,,0,50213,,,,,50213,,SAP OnHand only — no ceiling on file for this godown; no dispatch-lag correction applied
2025-12-19,BH-SC (overflow / secondary),50,,0,50,,,,,50,,SAP OnHand only — no ceiling on file for this godown; no dispatch-lag correction applied
2025-12-20,BH-PF,81898,0,0,81898,377000,295102,21.7,0,81898,0,SAP OnHand ONLY — no physical dispatch record exists this far back
2025-12-20,OIL-FG-TOTAL (BH-BT+BH-PF),81898,0,0,81898,377000,295102,21.7,0,81898,0,SAP OnHand ONLY — no physical dispatch record exists this far back
2025-12-20,GP-FG (overflow / secondary),637206,,0,637206,,,,,637206,,SAP OnHand only — no ceiling on file for this godown; no dispatch-lag correction applied
2025-12-20,BH-FG (overflow / secondary),50183,,0,50183,,,,,50183,,SAP OnHand only — no ceiling on file for this godown; no dispatch-lag correction applied
2025-12-20,BH-SC (overflow / secondary),50,,0,50,,,,,50,,SAP OnHand only — no ceiling on file for this godown; no dispatch-lag correction applied
2025-12-21,BH-PF,81898,0,0,81898,377000,295102,21.7,0,81898,0,SAP OnHand ONLY — no physical dispatch record exists this far back
2025-12-21,OIL-FG-TOTAL (BH-BT+BH-PF),81898,0,0,81898,377000,295102,21.7,0,81898,0,SAP OnHand ONLY — no physical dispatch record exists this far back
2025-12-21,GP-FG (overflow / secondary),637206,,0,637206,,,,,637206,,SAP OnHand only — no ceiling on file for this godown; no dispatch-lag correction applied
2025-12-21,BH-FG (overflow / secondary),50183,,0,50183,,,,,50183,,SAP OnHand only — no ceiling on file for this godown; no dispatch-lag correction applied
2025-12-21,BH-SC (overflow / secondary),50,,0,50,,,,,50,,SAP OnHand only — no ceiling on file for this godown; no dispatch-lag correction applied
2025-12-22,BH-PF,76744,0,0,76744,377000,300256,20.4,0,76744,0,SAP OnHand ONLY — no physical dispatch record exists this far back
2025-12-22,OIL-FG-TOTAL (BH-BT+BH-PF),76744,0,0,76744,377000,300256,20.4,0,76744,0,SAP OnHand ONLY — no physical dispatch record exists this far back
2025-12-22,GP-FG (overflow / secondary),662133,,0,662133,,,,,662133,,SAP OnHand only — no ceiling on file for this godown; no dispatch-lag correction applied
2025-12-22,BH-FG (overflow / secondary),50122,,0,50122,,,,,50122,,SAP OnHand only — no ceiling on file for this godown; no dispatch-lag correction applied
2025-12-22,BH-SC (overflow / secondary),50,,0,50,,,,,50,,SAP OnHand only — no ceiling on file for this godown; no dispatch-lag correction applied
2025-12-23,BH-PF,83398,0,0,83398,377000,293602,22.1,0,83398,0,SAP OnHand ONLY — no physical dispatch record exists this far back
2025-12-23,OIL-FG-TOTAL (BH-BT+BH-PF),83398,0,0,83398,377000,293602,22.1,0,83398,0,SAP OnHand ONLY — no physical dispatch record exists this far back
2025-12-23,GP-FG (overflow / secondary),623464,,0,623464,,,,,623464,,SAP OnHand only — no ceiling on file for this godown; no dispatch-lag correction applied
2025-12-23,BH-FG (overflow / secondary),47758,,0,47758,,,,,47758,,SAP OnHand only — no ceiling on file for this godown; no dispatch-lag correction applied
2025-12-23,BH-SC (overflow / secondary),50,,0,50,,,,,50,,SAP OnHand only — no ceiling on file for this godown; no dispatch-lag correction applied
2025-12-24,BH-PF,84017,0,0,84017,377000,292983,22.3,0,84017,0,SAP OnHand ONLY — no physical dispatch record exists this far back
2025-12-24,OIL-FG-TOTAL (BH-BT+BH-PF),84017,0,0,84017,377000,292983,22.3,0,84017,0,SAP OnHand ONLY — no physical dispatch record exists this far back
2025-12-24,GP-FG (overflow / secondary),670085,,0,670085,,,,,670085,,SAP OnHand only — no ceiling on file for this godown; no dispatch-lag correction applied
2025-12-24,BH-FG (overflow / secondary),47768,,0,47768,,,,,47768,,SAP OnHand only — no ceiling on file for this godown; no dispatch-lag correction applied
2025-12-24,BH-SC (overflow / secondary),50,,0,50,,,,,50,,SAP OnHand only — no ceiling on file for this godown; no dispatch-lag correction applied
2025-12-25,BH-PF,79069,0,0,79069,377000,297931,21.0,0,79069,0,SAP OnHand ONLY — no physical dispatch record exists this far back
2025-12-25,OIL-FG-TOTAL (BH-BT+BH-PF),79069,0,0,79069,377000,297931,21.0,0,79069,0,SAP OnHand ONLY — no physical dispatch record exists this far back
2025-12-25,GP-FG (overflow / secondary),633765,,0,633765,,,,,633765,,SAP OnHand only — no ceiling on file for this godown; no dispatch-lag correction applied
2025-12-25,BH-FG (overflow / secondary),47740,,0,47740,,,,,47740,,SAP OnHand only — no ceiling on file for this godown; no dispatch-lag correction applied
2025-12-25,BH-SC (overflow / secondary),50,,0,50,,,,,50,,SAP OnHand only — no ceiling on file for this godown; no dispatch-lag correction applied
2025-12-26,BH-PF,86406,0,0,86406,377000,290594,22.9,0,86406,0,SAP OnHand ONLY — no physical dispatch record exists this far back
2025-12-26,OIL-FG-TOTAL (BH-BT+BH-PF),86406,0,0,86406,377000,290594,22.9,0,86406,0,SAP OnHand ONLY — no physical dispatch record exists this far back
2025-12-26,GP-FG (overflow / secondary),625099,,0,625099,,,,,625099,,SAP OnHand only — no ceiling on file for this godown; no dispatch-lag correction applied
2025-12-26,BH-FG (overflow / secondary),51045,,0,51045,,,,,51045,,SAP OnHand only — no ceiling on file for this godown; no dispatch-lag correction applied
2025-12-26,BH-SC (overflow / secondary),50,,0,50,,,,,50,,SAP OnHand only — no ceiling on file for this godown; no dispatch-lag correction applied
2025-12-27,BH-PF,113749,0,0,113749,377000,263251,30.2,0,113749,0,SAP OnHand ONLY — no physical dispatch record exists this far back
2025-12-27,OIL-FG-TOTAL (BH-BT+BH-PF),113749,0,0,113749,377000,263251,30.2,0,113749,0,SAP OnHand ONLY — no physical dispatch record exists this far back
2025-12-27,GP-FG (overflow / secondary),621975,,0,621975,,,,,621975,,SAP OnHand only — no ceiling on file for this godown; no dispatch-lag correction applied
2025-12-27,BH-FG (overflow / secondary),50961,,0,50961,,,,,50961,,SAP OnHand only — no ceiling on file for this godown; no dispatch-lag correction applied
2025-12-27,BH-SC (overflow / secondary),50,,0,50,,,,,50,,SAP OnHand only — no ceiling on file for this godown; no dispatch-lag correction applied
2025-12-28,BH-PF,115069,0,0,115069,377000,261931,30.5,0,115069,0,SAP OnHand ONLY — no physical dispatch record exists this far back
2025-12-28,OIL-FG-TOTAL (BH-BT+BH-PF),115069,0,0,115069,377000,261931,30.5,0,115069,0,SAP OnHand ONLY — no physical dispatch record exists this far back
2025-12-28,GP-FG (overflow / secondary),621975,,0,621975,,,,,621975,,SAP OnHand only — no ceiling on file for this godown; no dispatch-lag correction applied
2025-12-28,BH-FG (overflow / secondary),50961,,0,50961,,,,,50961,,SAP OnHand only — no ceiling on file for this godown; no dispatch-lag correction applied
2025-12-28,BH-SC (overflow / secondary),50,,0,50,,,,,50,,SAP OnHand only — no ceiling on file for this godown; no dispatch-lag correction applied
2025-12-29,BH-PF,127730,0,0,127730,377000,249270,33.9,0,127730,0,SAP OnHand ONLY — no physical dispatch record exists this far back
2025-12-29,OIL-FG-TOTAL (BH-BT+BH-PF),127730,0,0,127730,377000,249270,33.9,0,127730,0,SAP OnHand ONLY — no physical dispatch record exists this far back
2025-12-29,GP-FG (overflow / secondary),625552,,0,625552,,,,,625552,,SAP OnHand only — no ceiling on file for this godown; no dispatch-lag correction applied
2025-12-29,BH-FG (overflow / secondary),50705,,0,50705,,,,,50705,,SAP OnHand only — no ceiling on file for this godown; no dispatch-lag correction applied
2025-12-29,BH-SC (overflow / secondary),50,,0,50,,,,,50,,SAP OnHand only — no ceiling on file for this godown; no dispatch-lag correction applied
2025-12-30,BH-PF,142440,0,0,142440,377000,234560,37.8,0,142440,0,SAP OnHand ONLY — no physical dispatch record exists this far back
2025-12-30,OIL-FG-TOTAL (BH-BT+BH-PF),142440,0,0,142440,377000,234560,37.8,0,142440,0,SAP OnHand ONLY — no physical dispatch record exists this far back
2025-12-30,GP-FG (overflow / secondary),629483,,0,629483,,,,,629483,,SAP OnHand only — no ceiling on file for this godown; no dispatch-lag correction applied
2025-12-30,BH-FG (overflow / secondary),50305,,0,50305,,,,,50305,,SAP OnHand only — no ceiling on file for this godown; no dispatch-lag correction applied
2025-12-30,BH-SC (overflow / secondary),50,,0,50,,,,,50,,SAP OnHand only — no ceiling on file for this godown; no dispatch-lag correction applied
2025-12-31,BH-PF,92487,0,0,92487,377000,284513,24.5,0,92487,0,SAP OnHand ONLY — no physical dispatch record exists this far back
2025-12-31,OIL-FG-TOTAL (BH-BT+BH-PF),92487,0,0,92487,377000,284513,24.5,0,92487,0,SAP OnHand ONLY — no physical dispatch record exists this far back
2025-12-31,GP-FG (overflow / secondary),360047,,0,360047,,,,,360047,,SAP OnHand only — no ceiling on file for this godown; no dispatch-lag correction applied
2025-12-31,BH-FG (overflow / secondary),60829,,0,60829,,,,,60829,,SAP OnHand only — no ceiling on file for this godown; no dispatch-lag correction applied
2025-12-31,BH-SC (overflow / secondary),50,,0,50,,,,,50,,SAP OnHand only — no ceiling on file for this godown; no dispatch-lag correction applied
2026-01-01,BH-PF,81410,0,0,81410,377000,295590,21.6,0,81410,0,SAP OnHand ONLY — no physical dispatch record exists this far back
2026-01-01,OIL-FG-TOTAL (BH-BT+BH-PF),81410,0,0,81410,377000,295590,21.6,0,81410,0,SAP OnHand ONLY — no physical dispatch record exists this far back
2026-01-01,GP-FG (overflow / secondary),356177,,0,356177,,,,,356177,,SAP OnHand only — no ceiling on file for this godown; no dispatch-lag correction applied
2026-01-01,BH-FG (overflow / secondary),60689,,0,60689,,,,,60689,,SAP OnHand only — no ceiling on file for this godown; no dispatch-lag correction applied
2026-01-01,BH-SC (overflow / secondary),50,,0,50,,,,,50,,SAP OnHand only — no ceiling on file for this godown; no dispatch-lag correction applied
2026-01-02,BH-PF,123856,0,0,123856,377000,253144,32.9,0,123856,0,SAP OnHand ONLY — no physical dispatch record exists this far back
2026-01-02,OIL-FG-TOTAL (BH-BT+BH-PF),123856,0,0,123856,377000,253144,32.9,0,123856,0,SAP OnHand ONLY — no physical dispatch record exists this far back
2026-01-02,GP-FG (overflow / secondary),387686,,0,387686,,,,,387686,,SAP OnHand only — no ceiling on file for this godown; no dispatch-lag correction applied
2026-01-02,BH-FG (overflow / secondary),60689,,0,60689,,,,,60689,,SAP OnHand only — no ceiling on file for this godown; no dispatch-lag correction applied
2026-01-02,BH-SC (overflow / secondary),50,,0,50,,,,,50,,SAP OnHand only — no ceiling on file for this godown; no dispatch-lag correction applied
2026-01-03,BH-PF,70797,0,0,70797,377000,306203,18.8,0,70797,0,SAP OnHand ONLY — no physical dispatch record exists this far back
2026-01-03,OIL-FG-TOTAL (BH-BT+BH-PF),70797,0,0,70797,377000,306203,18.8,0,70797,0,SAP OnHand ONLY — no physical dispatch record exists this far back
2026-01-03,GP-FG (overflow / secondary),431799,,0,431799,,,,,431799,,SAP OnHand only — no ceiling on file for this godown; no dispatch-lag correction applied
2026-01-03,BH-FG (overflow / secondary),59356,,0,59356,,,,,59356,,SAP OnHand only — no ceiling on file for this godown; no dispatch-lag correction applied
2026-01-03,BH-SC (overflow / secondary),50,,0,50,,,,,50,,SAP OnHand only — no ceiling on file for this godown; no dispatch-lag correction applied
2026-01-04,BH-PF,70797,0,0,70797,377000,306203,18.8,0,70797,0,SAP OnHand ONLY — no physical dispatch record exists this far back
2026-01-04,OIL-FG-TOTAL (BH-BT+BH-PF),70797,0,0,70797,377000,306203,18.8,0,70797,0,SAP OnHand ONLY — no physical dispatch record exists this far back
2026-01-04,GP-FG (overflow / secondary),431799,,0,431799,,,,,431799,,SAP OnHand only — no ceiling on file for this godown; no dispatch-lag correction applied
2026-01-04,BH-FG (overflow / secondary),59356,,0,59356,,,,,59356,,SAP OnHand only — no ceiling on file for this godown; no dispatch-lag correction applied
2026-01-04,BH-SC (overflow / secondary),50,,0,50,,,,,50,,SAP OnHand only — no ceiling on file for this godown; no dispatch-lag correction applied
2026-01-05,BH-PF,72127,0,0,72127,377000,304873,19.1,0,72127,0,SAP OnHand ONLY — no physical dispatch record exists this far back
2026-01-05,OIL-FG-TOTAL (BH-BT+BH-PF),72127,0,0,72127,377000,304873,19.1,0,72127,0,SAP OnHand ONLY — no physical dispatch record exists this far back
2026-01-05,GP-FG (overflow / secondary),446508,,0,446508,,,,,446508,,SAP OnHand only — no ceiling on file for this godown; no dispatch-lag correction applied
2026-01-05,BH-FG (overflow / secondary),59999,,0,59999,,,,,59999,,SAP OnHand only — no ceiling on file for this godown; no dispatch-lag correction applied
2026-01-05,BH-SC (overflow / secondary),50,,0,50,,,,,50,,SAP OnHand only — no ceiling on file for this godown; no dispatch-lag correction applied
2026-01-06,BH-PF,75992,0,0,75992,377000,301008,20.2,0,75992,0,SAP OnHand ONLY — no physical dispatch record exists this far back
2026-01-06,OIL-FG-TOTAL (BH-BT+BH-PF),75992,0,0,75992,377000,301008,20.2,0,75992,0,SAP OnHand ONLY — no physical dispatch record exists this far back
2026-01-06,GP-FG (overflow / secondary),447188,,0,447188,,,,,447188,,SAP OnHand only — no ceiling on file for this godown; no dispatch-lag correction applied
2026-01-06,BH-FG (overflow / secondary),60507,,0,60507,,,,,60507,,SAP OnHand only — no ceiling on file for this godown; no dispatch-lag correction applied
2026-01-06,BH-SC (overflow / secondary),50,,0,50,,,,,50,,SAP OnHand only — no ceiling on file for this godown; no dispatch-lag correction applied
2026-01-07,BH-PF,74288,0,0,74288,377000,302712,19.7,0,74288,0,SAP OnHand ONLY — no physical dispatch record exists this far back
2026-01-07,OIL-FG-TOTAL (BH-BT+BH-PF),74288,0,0,74288,377000,302712,19.7,0,74288,0,SAP OnHand ONLY — no physical dispatch record exists this far back
2026-01-07,GP-FG (overflow / secondary),445976,,0,445976,,,,,445976,,SAP OnHand only — no ceiling on file for this godown; no dispatch-lag correction applied
2026-01-07,BH-FG (overflow / secondary),62555,,0,62555,,,,,62555,,SAP OnHand only — no ceiling on file for this godown; no dispatch-lag correction applied
2026-01-07,BH-SC (overflow / secondary),50,,0,50,,,,,50,,SAP OnHand only — no ceiling on file for this godown; no dispatch-lag correction applied
2026-01-08,BH-PF,104510,0,0,104510,377000,272490,27.7,0,104510,0,SAP OnHand ONLY — no physical dispatch record exists this far back
2026-01-08,OIL-FG-TOTAL (BH-BT+BH-PF),104510,0,0,104510,377000,272490,27.7,0,104510,0,SAP OnHand ONLY — no physical dispatch record exists this far back
2026-01-08,GP-FG (overflow / secondary),454488,,0,454488,,,,,454488,,SAP OnHand only — no ceiling on file for this godown; no dispatch-lag correction applied
2026-01-08,BH-FG (overflow / secondary),62335,,0,62335,,,,,62335,,SAP OnHand only — no ceiling on file for this godown; no dispatch-lag correction applied
2026-01-08,BH-SC (overflow / secondary),50,,0,50,,,,,50,,SAP OnHand only — no ceiling on file for this godown; no dispatch-lag correction applied
2026-01-09,BH-PF,41496,0,0,41496,377000,335504,11.0,0,41496,0,SAP OnHand ONLY — no physical dispatch record exists this far back
2026-01-09,OIL-FG-TOTAL (BH-BT+BH-PF),41496,0,0,41496,377000,335504,11.0,0,41496,0,SAP OnHand ONLY — no physical dispatch record exists this far back
2026-01-09,GP-FG (overflow / secondary),463744,,0,463744,,,,,463744,,SAP OnHand only — no ceiling on file for this godown; no dispatch-lag correction applied
2026-01-09,BH-FG (overflow / secondary),49621,,0,49621,,,,,49621,,SAP OnHand only — no ceiling on file for this godown; no dispatch-lag correction applied
2026-01-09,BH-SC (overflow / secondary),50,,0,50,,,,,50,,SAP OnHand only — no ceiling on file for this godown; no dispatch-lag correction applied
2026-01-10,BH-PF,25842,0,0,25842,377000,351158,6.9,0,25842,0,SAP OnHand ONLY — no physical dispatch record exists this far back
2026-01-10,OIL-FG-TOTAL (BH-BT+BH-PF),25842,0,0,25842,377000,351158,6.9,0,25842,0,SAP OnHand ONLY — no physical dispatch record exists this far back
2026-01-10,GP-FG (overflow / secondary),495616,,0,495616,,,,,495616,,SAP OnHand only — no ceiling on file for this godown; no dispatch-lag correction applied
2026-01-10,BH-FG (overflow / secondary),47618,,0,47618,,,,,47618,,SAP OnHand only — no ceiling on file for this godown; no dispatch-lag correction applied
2026-01-10,BH-SC (overflow / secondary),50,,0,50,,,,,50,,SAP OnHand only — no ceiling on file for this godown; no dispatch-lag correction applied
2026-01-11,BH-PF,35632,0,0,35632,377000,341368,9.5,0,35632,0,SAP OnHand ONLY — no physical dispatch record exists this far back
2026-01-11,OIL-FG-TOTAL (BH-BT+BH-PF),35632,0,0,35632,377000,341368,9.5,0,35632,0,SAP OnHand ONLY — no physical dispatch record exists this far back
2026-01-11,GP-FG (overflow / secondary),495616,,0,495616,,,,,495616,,SAP OnHand only — no ceiling on file for this godown; no dispatch-lag correction applied
2026-01-11,BH-FG (overflow / secondary),47618,,0,47618,,,,,47618,,SAP OnHand only — no ceiling on file for this godown; no dispatch-lag correction applied
2026-01-11,BH-SC (overflow / secondary),50,,0,50,,,,,50,,SAP OnHand only — no ceiling on file for this godown; no dispatch-lag correction applied
2026-01-12,BH-PF,28780,0,0,28780,377000,348220,7.6,0,28780,0,SAP OnHand ONLY — no physical dispatch record exists this far back
2026-01-12,OIL-FG-TOTAL (BH-BT+BH-PF),28780,0,0,28780,377000,348220,7.6,0,28780,0,SAP OnHand ONLY — no physical dispatch record exists this far back
2026-01-12,GP-FG (overflow / secondary),501262,,0,501262,,,,,501262,,SAP OnHand only — no ceiling on file for this godown; no dispatch-lag correction applied
2026-01-12,BH-FG (overflow / secondary),62673,,0,62673,,,,,62673,,SAP OnHand only — no ceiling on file for this godown; no dispatch-lag correction applied
2026-01-12,BH-SC (overflow / secondary),50,,0,50,,,,,50,,SAP OnHand only — no ceiling on file for this godown; no dispatch-lag correction applied
2026-01-13,BH-PF,52271,0,0,52271,377000,324729,13.9,0,52271,0,SAP OnHand ONLY — no physical dispatch record exists this far back
2026-01-13,OIL-FG-TOTAL (BH-BT+BH-PF),52271,0,0,52271,377000,324729,13.9,0,52271,0,SAP OnHand ONLY — no physical dispatch record exists this far back
2026-01-13,GP-FG (overflow / secondary),455246,,0,455246,,,,,455246,,SAP OnHand only — no ceiling on file for this godown; no dispatch-lag correction applied
2026-01-13,BH-FG (overflow / secondary),49073,,0,49073,,,,,49073,,SAP OnHand only — no ceiling on file for this godown; no dispatch-lag correction applied
2026-01-13,BH-SC (overflow / secondary),50,,0,50,,,,,50,,SAP OnHand only — no ceiling on file for this godown; no dispatch-lag correction applied
2026-01-14,BH-PF,101499,0,0,101499,377000,275501,26.9,0,101499,0,SAP OnHand ONLY — no physical dispatch record exists this far back
2026-01-14,OIL-FG-TOTAL (BH-BT+BH-PF),101499,0,0,101499,377000,275501,26.9,0,101499,0,SAP OnHand ONLY — no physical dispatch record exists this far back
2026-01-14,GP-FG (overflow / secondary),457742,,0,457742,,,,,457742,,SAP OnHand only — no ceiling on file for this godown; no dispatch-lag correction applied
2026-01-14,BH-FG (overflow / secondary),52084,,0,52084,,,,,52084,,SAP OnHand only — no ceiling on file for this godown; no dispatch-lag correction applied
2026-01-14,BH-SC (overflow / secondary),50,,0,50,,,,,50,,SAP OnHand only — no ceiling on file for this godown; no dispatch-lag correction applied
2026-01-15,BH-PF,108353,0,0,108353,377000,268647,28.7,0,108353,0,SAP OnHand ONLY — no physical dispatch record exists this far back
2026-01-15,OIL-FG-TOTAL (BH-BT+BH-PF),108353,0,0,108353,377000,268647,28.7,0,108353,0,SAP OnHand ONLY — no physical dispatch record exists this far back
2026-01-15,GP-FG (overflow / secondary),468440,,0,468440,,,,,468440,,SAP OnHand only — no ceiling on file for this godown; no dispatch-lag correction applied
2026-01-15,BH-FG (overflow / secondary),46663,,0,46663,,,,,46663,,SAP OnHand only — no ceiling on file for this godown; no dispatch-lag correction applied
2026-01-15,BH-SC (overflow / secondary),50,,0,50,,,,,50,,SAP OnHand only — no ceiling on file for this godown; no dispatch-lag correction applied
2026-01-16,BH-PF,46617,0,0,46617,377000,330383,12.4,0,46617,0,SAP OnHand ONLY — no physical dispatch record exists this far back
2026-01-16,OIL-FG-TOTAL (BH-BT+BH-PF),46617,0,0,46617,377000,330383,12.4,0,46617,0,SAP OnHand ONLY — no physical dispatch record exists this far back
2026-01-16,GP-FG (overflow / secondary),461318,,0,461318,,,,,461318,,SAP OnHand only — no ceiling on file for this godown; no dispatch-lag correction applied
2026-01-16,BH-FG (overflow / secondary),46418,,0,46418,,,,,46418,,SAP OnHand only — no ceiling on file for this godown; no dispatch-lag correction applied
2026-01-16,BH-SC (overflow / secondary),50,,0,50,,,,,50,,SAP OnHand only — no ceiling on file for this godown; no dispatch-lag correction applied
2026-01-17,BH-PF,44658,0,0,44658,377000,332342,11.8,0,44658,0,SAP OnHand ONLY — no physical dispatch record exists this far back
2026-01-17,OIL-FG-TOTAL (BH-BT+BH-PF),44658,0,0,44658,377000,332342,11.8,0,44658,0,SAP OnHand ONLY — no physical dispatch record exists this far back
2026-01-17,GP-FG (overflow / secondary),467612,,0,467612,,,,,467612,,SAP OnHand only — no ceiling on file for this godown; no dispatch-lag correction applied
2026-01-17,BH-FG (overflow / secondary),45808,,0,45808,,,,,45808,,SAP OnHand only — no ceiling on file for this godown; no dispatch-lag correction applied
2026-01-17,BH-SC (overflow / secondary),50,,0,50,,,,,50,,SAP OnHand only — no ceiling on file for this godown; no dispatch-lag correction applied
2026-01-18,BH-PF,44658,0,0,44658,377000,332342,11.8,0,44658,0,SAP OnHand ONLY — no physical dispatch record exists this far back
2026-01-18,OIL-FG-TOTAL (BH-BT+BH-PF),44658,0,0,44658,377000,332342,11.8,0,44658,0,SAP OnHand ONLY — no physical dispatch record exists this far back
2026-01-18,GP-FG (overflow / secondary),467612,,0,467612,,,,,467612,,SAP OnHand only — no ceiling on file for this godown; no dispatch-lag correction applied
2026-01-18,BH-FG (overflow / secondary),45808,,0,45808,,,,,45808,,SAP OnHand only — no ceiling on file for this godown; no dispatch-lag correction applied
2026-01-18,BH-SC (overflow / secondary),50,,0,50,,,,,50,,SAP OnHand only — no ceiling on file for this godown; no dispatch-lag correction applied
2026-01-19,BH-PF,36026,0,0,36026,377000,340974,9.6,0,36026,0,SAP OnHand ONLY — no physical dispatch record exists this far back
2026-01-19,OIL-FG-TOTAL (BH-BT+BH-PF),36026,0,0,36026,377000,340974,9.6,0,36026,0,SAP OnHand ONLY — no physical dispatch record exists this far back
2026-01-19,GP-FG (overflow / secondary),508414,,0,508414,,,,,508414,,SAP OnHand only — no ceiling on file for this godown; no dispatch-lag correction applied
2026-01-19,BH-FG (overflow / secondary),45770,,0,45770,,,,,45770,,SAP OnHand only — no ceiling on file for this godown; no dispatch-lag correction applied
2026-01-19,BH-SC (overflow / secondary),50,,0,50,,,,,50,,SAP OnHand only — no ceiling on file for this godown; no dispatch-lag correction applied
2026-01-20,BH-PF,38512,0,0,38512,377000,338488,10.2,0,38512,0,SAP OnHand ONLY — no physical dispatch record exists this far back
2026-01-20,OIL-FG-TOTAL (BH-BT+BH-PF),38512,0,0,38512,377000,338488,10.2,0,38512,0,SAP OnHand ONLY — no physical dispatch record exists this far back
2026-01-20,GP-FG (overflow / secondary),573732,,0,573732,,,,,573732,,SAP OnHand only — no ceiling on file for this godown; no dispatch-lag correction applied
2026-01-20,BH-FG (overflow / secondary),45710,,0,45710,,,,,45710,,SAP OnHand only — no ceiling on file for this godown; no dispatch-lag correction applied
2026-01-20,BH-SC (overflow / secondary),50,,0,50,,,,,50,,SAP OnHand only — no ceiling on file for this godown; no dispatch-lag correction applied
2026-01-21,BH-PF,32968,0,0,32968,377000,344032,8.7,0,32968,0,SAP OnHand ONLY — no physical dispatch record exists this far back
2026-01-21,OIL-FG-TOTAL (BH-BT+BH-PF),32968,0,0,32968,377000,344032,8.7,0,32968,0,SAP OnHand ONLY — no physical dispatch record exists this far back
2026-01-21,GP-FG (overflow / secondary),616699,,0,616699,,,,,616699,,SAP OnHand only — no ceiling on file for this godown; no dispatch-lag correction applied
2026-01-21,BH-FG (overflow / secondary),39710,,0,39710,,,,,39710,,SAP OnHand only — no ceiling on file for this godown; no dispatch-lag correction applied
2026-01-21,BH-SC (overflow / secondary),50,,0,50,,,,,50,,SAP OnHand only — no ceiling on file for this godown; no dispatch-lag correction applied
2026-01-22,BH-PF,19737,0,0,19737,377000,357263,5.2,0,19737,0,SAP OnHand ONLY — no physical dispatch record exists this far back
2026-01-22,OIL-FG-TOTAL (BH-BT+BH-PF),19737,0,0,19737,377000,357263,5.2,0,19737,0,SAP OnHand ONLY — no physical dispatch record exists this far back
2026-01-22,GP-FG (overflow / secondary),625667,,0,625667,,,,,625667,,SAP OnHand only — no ceiling on file for this godown; no dispatch-lag correction applied
2026-01-22,BH-FG (overflow / secondary),40107,,0,40107,,,,,40107,,SAP OnHand only — no ceiling on file for this godown; no dispatch-lag correction applied
2026-01-22,BH-SC (overflow / secondary),50,,0,50,,,,,50,,SAP OnHand only — no ceiling on file for this godown; no dispatch-lag correction applied
2026-01-23,BH-PF,17177,0,0,17177,377000,359823,4.6,0,17177,0,SAP OnHand ONLY — no physical dispatch record exists this far back
2026-01-23,OIL-FG-TOTAL (BH-BT+BH-PF),17177,0,0,17177,377000,359823,4.6,0,17177,0,SAP OnHand ONLY — no physical dispatch record exists this far back
2026-01-23,GP-FG (overflow / secondary),667284,,0,667284,,,,,667284,,SAP OnHand only — no ceiling on file for this godown; no dispatch-lag correction applied
2026-01-23,BH-FG (overflow / secondary),39753,,0,39753,,,,,39753,,SAP OnHand only — no ceiling on file for this godown; no dispatch-lag correction applied
2026-01-23,BH-SC (overflow / secondary),50,,0,50,,,,,50,,SAP OnHand only — no ceiling on file for this godown; no dispatch-lag correction applied
2026-01-24,BH-PF,31217,0,0,31217,377000,345783,8.3,0,31217,0,SAP OnHand ONLY — no physical dispatch record exists this far back
2026-01-24,OIL-FG-TOTAL (BH-BT+BH-PF),31217,0,0,31217,377000,345783,8.3,0,31217,0,SAP OnHand ONLY — no physical dispatch record exists this far back
2026-01-24,GP-FG (overflow / secondary),673997,,0,673997,,,,,673997,,SAP OnHand only — no ceiling on file for this godown; no dispatch-lag correction applied
2026-01-24,BH-FG (overflow / secondary),37181,,0,37181,,,,,37181,,SAP OnHand only — no ceiling on file for this godown; no dispatch-lag correction applied
2026-01-24,BH-SC (overflow / secondary),50,,0,50,,,,,50,,SAP OnHand only — no ceiling on file for this godown; no dispatch-lag correction applied
2026-01-25,BH-PF,26997,0,0,26997,377000,350003,7.2,0,26997,0,SAP OnHand ONLY — no physical dispatch record exists this far back
2026-01-25,OIL-FG-TOTAL (BH-BT+BH-PF),26997,0,0,26997,377000,350003,7.2,0,26997,0,SAP OnHand ONLY — no physical dispatch record exists this far back
2026-01-25,GP-FG (overflow / secondary),709267,,0,709267,,,,,709267,,SAP OnHand only — no ceiling on file for this godown; no dispatch-lag correction applied
2026-01-25,BH-FG (overflow / secondary),37181,,0,37181,,,,,37181,,SAP OnHand only — no ceiling on file for this godown; no dispatch-lag correction applied
2026-01-25,BH-SC (overflow / secondary),50,,0,50,,,,,50,,SAP OnHand only — no ceiling on file for this godown; no dispatch-lag correction applied
2026-01-26,BH-PF,26997,0,0,26997,377000,350003,7.2,0,26997,0,SAP OnHand ONLY — no physical dispatch record exists this far back
2026-01-26,OIL-FG-TOTAL (BH-BT+BH-PF),26997,0,0,26997,377000,350003,7.2,0,26997,0,SAP OnHand ONLY — no physical dispatch record exists this far back
2026-01-26,GP-FG (overflow / secondary),709267,,0,709267,,,,,709267,,SAP OnHand only — no ceiling on file for this godown; no dispatch-lag correction applied
2026-01-26,BH-FG (overflow / secondary),37181,,0,37181,,,,,37181,,SAP OnHand only — no ceiling on file for this godown; no dispatch-lag correction applied
2026-01-26,BH-SC (overflow / secondary),50,,0,50,,,,,50,,SAP OnHand only — no ceiling on file for this godown; no dispatch-lag correction applied
2026-01-27,BH-PF,16942,0,0,16942,377000,360058,4.5,0,16942,0,SAP OnHand ONLY — no physical dispatch record exists this far back
2026-01-27,OIL-FG-TOTAL (BH-BT+BH-PF),16942,0,0,16942,377000,360058,4.5,0,16942,0,SAP OnHand ONLY — no physical dispatch record exists this far back
2026-01-27,GP-FG (overflow / secondary),681589,,0,681589,,,,,681589,,SAP OnHand only — no ceiling on file for this godown; no dispatch-lag correction applied
2026-01-27,BH-FG (overflow / secondary),24092,,0,24092,,,,,24092,,SAP OnHand only — no ceiling on file for this godown; no dispatch-lag correction applied
2026-01-27,BH-SC (overflow / secondary),45,,0,45,,,,,45,,SAP OnHand only — no ceiling on file for this godown; no dispatch-lag correction applied
2026-01-28,BH-PF,25355,0,0,25355,377000,351645,6.7,0,25355,0,SAP OnHand ONLY — no physical dispatch record exists this far back
2026-01-28,OIL-FG-TOTAL (BH-BT+BH-PF),25355,0,0,25355,377000,351645,6.7,0,25355,0,SAP OnHand ONLY — no physical dispatch record exists this far back
2026-01-28,GP-FG (overflow / secondary),689573,,0,689573,,,,,689573,,SAP OnHand only — no ceiling on file for this godown; no dispatch-lag correction applied
2026-01-28,BH-FG (overflow / secondary),24272,,0,24272,,,,,24272,,SAP OnHand only — no ceiling on file for this godown; no dispatch-lag correction applied
2026-01-28,BH-SC (overflow / secondary),45,,0,45,,,,,45,,SAP OnHand only — no ceiling on file for this godown; no dispatch-lag correction applied
2026-01-29,BH-PF,40653,0,0,40653,377000,336347,10.8,0,40653,0,SAP OnHand ONLY — no physical dispatch record exists this far back
2026-01-29,OIL-FG-TOTAL (BH-BT+BH-PF),40653,0,0,40653,377000,336347,10.8,0,40653,0,SAP OnHand ONLY — no physical dispatch record exists this far back
2026-01-29,GP-FG (overflow / secondary),644409,,0,644409,,,,,644409,,SAP OnHand only — no ceiling on file for this godown; no dispatch-lag correction applied
2026-01-29,BH-FG (overflow / secondary),24262,,0,24262,,,,,24262,,SAP OnHand only — no ceiling on file for this godown; no dispatch-lag correction applied
2026-01-29,BH-SC (overflow / secondary),45,,0,45,,,,,45,,SAP OnHand only — no ceiling on file for this godown; no dispatch-lag correction applied
2026-01-30,BH-PF,46250,0,0,46250,377000,330750,12.3,0,46250,0,SAP OnHand ONLY — no physical dispatch record exists this far back
2026-01-30,OIL-FG-TOTAL (BH-BT+BH-PF),46250,0,0,46250,377000,330750,12.3,0,46250,0,SAP OnHand ONLY — no physical dispatch record exists this far back
2026-01-30,GP-FG (overflow / secondary),681313,,0,681313,,,,,681313,,SAP OnHand only — no ceiling on file for this godown; no dispatch-lag correction applied
2026-01-30,BH-FG (overflow / secondary),24261,,0,24261,,,,,24261,,SAP OnHand only — no ceiling on file for this godown; no dispatch-lag correction applied
2026-01-30,BH-SC (overflow / secondary),45,,0,45,,,,,45,,SAP OnHand only — no ceiling on file for this godown; no dispatch-lag correction applied
2026-01-31,BH-PF,71500,0,0,71500,377000,305500,19.0,0,71500,0,SAP OnHand ONLY — no physical dispatch record exists this far back
2026-01-31,OIL-FG-TOTAL (BH-BT+BH-PF),71500,0,0,71500,377000,305500,19.0,0,71500,0,SAP OnHand ONLY — no physical dispatch record exists this far back
2026-01-31,GP-FG (overflow / secondary),474338,,0,474338,,,,,474338,,SAP OnHand only — no ceiling on file for this godown; no dispatch-lag correction applied
2026-01-31,BH-FG (overflow / secondary),23703,,0,23703,,,,,23703,,SAP OnHand only — no ceiling on file for this godown; no dispatch-lag correction applied
2026-01-31,BH-SC (overflow / secondary),45,,0,45,,,,,45,,SAP OnHand only — no ceiling on file for this godown; no dispatch-lag correction applied
2026-02-01,BH-PF,113202,0,0,113202,377000,263798,30.0,0,113202,0,SAP OnHand ONLY — no physical dispatch record exists this far back
2026-02-01,OIL-FG-TOTAL (BH-BT+BH-PF),113202,0,0,113202,377000,263798,30.0,0,113202,0,SAP OnHand ONLY — no physical dispatch record exists this far back
2026-02-01,GP-FG (overflow / secondary),474338,,0,474338,,,,,474338,,SAP OnHand only — no ceiling on file for this godown; no dispatch-lag correction applied
2026-02-01,BH-FG (overflow / secondary),23703,,0,23703,,,,,23703,,SAP OnHand only — no ceiling on file for this godown; no dispatch-lag correction applied
2026-02-01,BH-SC (overflow / secondary),45,,0,45,,,,,45,,SAP OnHand only — no ceiling on file for this godown; no dispatch-lag correction applied
2026-02-02,BH-PF,103862,0,0,103862,377000,273138,27.5,0,103862,0,SAP OnHand ONLY — no physical dispatch record exists this far back
2026-02-02,OIL-FG-TOTAL (BH-BT+BH-PF),103862,0,0,103862,377000,273138,27.5,0,103862,0,SAP OnHand ONLY — no physical dispatch record exists this far back
2026-02-02,GP-FG (overflow / secondary),481610,,0,481610,,,,,481610,,SAP OnHand only — no ceiling on file for this godown; no dispatch-lag correction applied
2026-02-02,BH-FG (overflow / secondary),4083,,0,4083,,,,,4083,,SAP OnHand only — no ceiling on file for this godown; no dispatch-lag correction applied
2026-02-02,BH-SC (overflow / secondary),45,,0,45,,,,,45,,SAP OnHand only — no ceiling on file for this godown; no dispatch-lag correction applied
2026-02-03,BH-PF,80667,0,0,80667,377000,296333,21.4,0,80667,0,SAP OnHand ONLY — no physical dispatch record exists this far back
2026-02-03,OIL-FG-TOTAL (BH-BT+BH-PF),80667,0,0,80667,377000,296333,21.4,0,80667,0,SAP OnHand ONLY — no physical dispatch record exists this far back
2026-02-03,GP-FG (overflow / secondary),476087,,0,476087,,,,,476087,,SAP OnHand only — no ceiling on file for this godown; no dispatch-lag correction applied
2026-02-03,BH-FG (overflow / secondary),4077,,0,4077,,,,,4077,,SAP OnHand only — no ceiling on file for this godown; no dispatch-lag correction applied
2026-02-03,BH-SC (overflow / secondary),45,,0,45,,,,,45,,SAP OnHand only — no ceiling on file for this godown; no dispatch-lag correction applied
2026-02-04,BH-PF,32773,0,0,32773,377000,344227,8.7,0,32773,0,SAP OnHand ONLY — no physical dispatch record exists this far back
2026-02-04,OIL-FG-TOTAL (BH-BT+BH-PF),32773,0,0,32773,377000,344227,8.7,0,32773,0,SAP OnHand ONLY — no physical dispatch record exists this far back
2026-02-04,GP-FG (overflow / secondary),498421,,0,498421,,,,,498421,,SAP OnHand only — no ceiling on file for this godown; no dispatch-lag correction applied
2026-02-04,BH-FG (overflow / secondary),4077,,0,4077,,,,,4077,,SAP OnHand only — no ceiling on file for this godown; no dispatch-lag correction applied
2026-02-04,BH-SC (overflow / secondary),45,,0,45,,,,,45,,SAP OnHand only — no ceiling on file for this godown; no dispatch-lag correction applied
2026-02-05,BH-PF,45238,0,0,45238,377000,331762,12.0,0,45238,0,SAP OnHand ONLY — no physical dispatch record exists this far back
2026-02-05,OIL-FG-TOTAL (BH-BT+BH-PF),45238,0,0,45238,377000,331762,12.0,0,45238,0,SAP OnHand ONLY — no physical dispatch record exists this far back
2026-02-05,GP-FG (overflow / secondary),589217,,0,589217,,,,,589217,,SAP OnHand only — no ceiling on file for this godown; no dispatch-lag correction applied
2026-02-05,BH-FG (overflow / secondary),4077,,0,4077,,,,,4077,,SAP OnHand only — no ceiling on file for this godown; no dispatch-lag correction applied
2026-02-05,BH-SC (overflow / secondary),45,,0,45,,,,,45,,SAP OnHand only — no ceiling on file for this godown; no dispatch-lag correction applied
2026-02-06,BH-PF,37386,0,0,37386,377000,339614,9.9,0,37386,0,SAP OnHand ONLY — no physical dispatch record exists this far back
2026-02-06,OIL-FG-TOTAL (BH-BT+BH-PF),37386,0,0,37386,377000,339614,9.9,0,37386,0,SAP OnHand ONLY — no physical dispatch record exists this far back
2026-02-06,GP-FG (overflow / secondary),582067,,0,582067,,,,,582067,,SAP OnHand only — no ceiling on file for this godown; no dispatch-lag correction applied
2026-02-06,BH-FG (overflow / secondary),4077,,0,4077,,,,,4077,,SAP OnHand only — no ceiling on file for this godown; no dispatch-lag correction applied
2026-02-06,BH-SC (overflow / secondary),45,,0,45,,,,,45,,SAP OnHand only — no ceiling on file for this godown; no dispatch-lag correction applied
2026-02-07,BH-PF,61023,0,0,61023,377000,315977,16.2,0,61023,0,SAP OnHand ONLY — no physical dispatch record exists this far back
2026-02-07,OIL-FG-TOTAL (BH-BT+BH-PF),61023,0,0,61023,377000,315977,16.2,0,61023,0,SAP OnHand ONLY — no physical dispatch record exists this far back
2026-02-07,GP-FG (overflow / secondary),565900,,0,565900,,,,,565900,,SAP OnHand only — no ceiling on file for this godown; no dispatch-lag correction applied
2026-02-07,BH-FG (overflow / secondary),4077,,0,4077,,,,,4077,,SAP OnHand only — no ceiling on file for this godown; no dispatch-lag correction applied
2026-02-07,BH-SC (overflow / secondary),45,,0,45,,,,,45,,SAP OnHand only — no ceiling on file for this godown; no dispatch-lag correction applied
2026-02-08,BH-PF,61023,0,0,61023,377000,315977,16.2,0,61023,0,SAP OnHand ONLY — no physical dispatch record exists this far back
2026-02-08,OIL-FG-TOTAL (BH-BT+BH-PF),61023,0,0,61023,377000,315977,16.2,0,61023,0,SAP OnHand ONLY — no physical dispatch record exists this far back
2026-02-08,GP-FG (overflow / secondary),565900,,0,565900,,,,,565900,,SAP OnHand only — no ceiling on file for this godown; no dispatch-lag correction applied
2026-02-08,BH-FG (overflow / secondary),4077,,0,4077,,,,,4077,,SAP OnHand only — no ceiling on file for this godown; no dispatch-lag correction applied
2026-02-08,BH-SC (overflow / secondary),45,,0,45,,,,,45,,SAP OnHand only — no ceiling on file for this godown; no dispatch-lag correction applied
2026-02-09,BH-PF,73140,0,0,73140,377000,303860,19.4,0,73140,0,SAP OnHand ONLY — no physical dispatch record exists this far back
2026-02-09,OIL-FG-TOTAL (BH-BT+BH-PF),73140,0,0,73140,377000,303860,19.4,0,73140,0,SAP OnHand ONLY — no physical dispatch record exists this far back
2026-02-09,GP-FG (overflow / secondary),545999,,0,545999,,,,,545999,,SAP OnHand only — no ceiling on file for this godown; no dispatch-lag correction applied
2026-02-09,BH-FG (overflow / secondary),4056,,0,4056,,,,,4056,,SAP OnHand only — no ceiling on file for this godown; no dispatch-lag correction applied
2026-02-09,BH-SC (overflow / secondary),45,,0,45,,,,,45,,SAP OnHand only — no ceiling on file for this godown; no dispatch-lag correction applied
2026-02-10,BH-PF,36748,0,0,36748,377000,340252,9.7,0,36748,0,SAP OnHand ONLY — no physical dispatch record exists this far back
2026-02-10,OIL-FG-TOTAL (BH-BT+BH-PF),36748,0,0,36748,377000,340252,9.7,0,36748,0,SAP OnHand ONLY — no physical dispatch record exists this far back
2026-02-10,GP-FG (overflow / secondary),609334,,0,609334,,,,,609334,,SAP OnHand only — no ceiling on file for this godown; no dispatch-lag correction applied
2026-02-10,BH-FG (overflow / secondary),4043,,0,4043,,,,,4043,,SAP OnHand only — no ceiling on file for this godown; no dispatch-lag correction applied
2026-02-10,BH-SC (overflow / secondary),45,,0,45,,,,,45,,SAP OnHand only — no ceiling on file for this godown; no dispatch-lag correction applied
2026-02-11,BH-PF,31210,0,0,31210,377000,345790,8.3,0,31210,0,SAP OnHand ONLY — no physical dispatch record exists this far back
2026-02-11,OIL-FG-TOTAL (BH-BT+BH-PF),31210,0,0,31210,377000,345790,8.3,0,31210,0,SAP OnHand ONLY — no physical dispatch record exists this far back
2026-02-11,GP-FG (overflow / secondary),578989,,0,578989,,,,,578989,,SAP OnHand only — no ceiling on file for this godown; no dispatch-lag correction applied
2026-02-11,BH-FG (overflow / secondary),3842,,0,3842,,,,,3842,,SAP OnHand only — no ceiling on file for this godown; no dispatch-lag correction applied
2026-02-11,BH-SC (overflow / secondary),45,,0,45,,,,,45,,SAP OnHand only — no ceiling on file for this godown; no dispatch-lag correction applied
2026-02-12,BH-PF,37957,0,0,37957,377000,339043,10.1,0,37957,0,SAP OnHand ONLY — no physical dispatch record exists this far back
2026-02-12,OIL-FG-TOTAL (BH-BT+BH-PF),37957,0,0,37957,377000,339043,10.1,0,37957,0,SAP OnHand ONLY — no physical dispatch record exists this far back
2026-02-12,GP-FG (overflow / secondary),594031,,0,594031,,,,,594031,,SAP OnHand only — no ceiling on file for this godown; no dispatch-lag correction applied
2026-02-12,BH-FG (overflow / secondary),2763,,0,2763,,,,,2763,,SAP OnHand only — no ceiling on file for this godown; no dispatch-lag correction applied
2026-02-12,BH-SC (overflow / secondary),45,,0,45,,,,,45,,SAP OnHand only — no ceiling on file for this godown; no dispatch-lag correction applied
2026-02-13,BH-PF,32260,0,0,32260,377000,344740,8.6,0,32260,0,SAP OnHand ONLY — no physical dispatch record exists this far back
2026-02-13,OIL-FG-TOTAL (BH-BT+BH-PF),32260,0,0,32260,377000,344740,8.6,0,32260,0,SAP OnHand ONLY — no physical dispatch record exists this far back
2026-02-13,GP-FG (overflow / secondary),592832,,0,592832,,,,,592832,,SAP OnHand only — no ceiling on file for this godown; no dispatch-lag correction applied
2026-02-13,BH-FG (overflow / secondary),1399,,0,1399,,,,,1399,,SAP OnHand only — no ceiling on file for this godown; no dispatch-lag correction applied
2026-02-13,BH-SC (overflow / secondary),45,,0,45,,,,,45,,SAP OnHand only — no ceiling on file for this godown; no dispatch-lag correction applied
2026-02-14,BH-PF,33020,0,0,33020,377000,343980,8.8,0,33020,0,SAP OnHand ONLY — no physical dispatch record exists this far back
2026-02-14,OIL-FG-TOTAL (BH-BT+BH-PF),33020,0,0,33020,377000,343980,8.8,0,33020,0,SAP OnHand ONLY — no physical dispatch record exists this far back
2026-02-14,GP-FG (overflow / secondary),591665,,0,591665,,,,,591665,,SAP OnHand only — no ceiling on file for this godown; no dispatch-lag correction applied
2026-02-14,BH-FG (overflow / secondary),1344,,0,1344,,,,,1344,,SAP OnHand only — no ceiling on file for this godown; no dispatch-lag correction applied
2026-02-14,BH-SC (overflow / secondary),45,,0,45,,,,,45,,SAP OnHand only — no ceiling on file for this godown; no dispatch-lag correction applied
2026-02-15,BH-PF,33020,0,0,33020,377000,343980,8.8,0,33020,0,SAP OnHand ONLY — no physical dispatch record exists this far back
2026-02-15,OIL-FG-TOTAL (BH-BT+BH-PF),33020,0,0,33020,377000,343980,8.8,0,33020,0,SAP OnHand ONLY — no physical dispatch record exists this far back
2026-02-15,GP-FG (overflow / secondary),591665,,0,591665,,,,,591665,,SAP OnHand only — no ceiling on file for this godown; no dispatch-lag correction applied
2026-02-15,BH-FG (overflow / secondary),1344,,0,1344,,,,,1344,,SAP OnHand only — no ceiling on file for this godown; no dispatch-lag correction applied
2026-02-15,BH-SC (overflow / secondary),45,,0,45,,,,,45,,SAP OnHand only — no ceiling on file for this godown; no dispatch-lag correction applied
2026-02-16,BH-PF,39160,0,0,39160,377000,337840,10.4,0,39160,0,SAP OnHand ONLY — no physical dispatch record exists this far back
2026-02-16,OIL-FG-TOTAL (BH-BT+BH-PF),39160,0,0,39160,377000,337840,10.4,0,39160,0,SAP OnHand ONLY — no physical dispatch record exists this far back
2026-02-16,GP-FG (overflow / secondary),611165,,0,611165,,,,,611165,,SAP OnHand only — no ceiling on file for this godown; no dispatch-lag correction applied
2026-02-16,BH-FG (overflow / secondary),1344,,0,1344,,,,,1344,,SAP OnHand only — no ceiling on file for this godown; no dispatch-lag correction applied
2026-02-16,BH-SC (overflow / secondary),45,,0,45,,,,,45,,SAP OnHand only — no ceiling on file for this godown; no dispatch-lag correction applied
2026-02-17,BH-PF,33854,0,0,33854,377000,343146,9.0,0,33854,0,SAP OnHand ONLY — no physical dispatch record exists this far back
2026-02-17,OIL-FG-TOTAL (BH-BT+BH-PF),33854,0,0,33854,377000,343146,9.0,0,33854,0,SAP OnHand ONLY — no physical dispatch record exists this far back
2026-02-17,GP-FG (overflow / secondary),658413,,0,658413,,,,,658413,,SAP OnHand only — no ceiling on file for this godown; no dispatch-lag correction applied
2026-02-17,BH-FG (overflow / secondary),1344,,0,1344,,,,,1344,,SAP OnHand only — no ceiling on file for this godown; no dispatch-lag correction applied
2026-02-17,BH-SC (overflow / secondary),45,,0,45,,,,,45,,SAP OnHand only — no ceiling on file for this godown; no dispatch-lag correction applied
2026-02-18,BH-PF,19501,0,0,19501,377000,357499,5.2,0,19501,0,SAP OnHand ONLY — no physical dispatch record exists this far back
2026-02-18,OIL-FG-TOTAL (BH-BT+BH-PF),19501,0,0,19501,377000,357499,5.2,0,19501,0,SAP OnHand ONLY — no physical dispatch record exists this far back
2026-02-18,GP-FG (overflow / secondary),658105,,0,658105,,,,,658105,,SAP OnHand only — no ceiling on file for this godown; no dispatch-lag correction applied
2026-02-18,BH-FG (overflow / secondary),1130,,0,1130,,,,,1130,,SAP OnHand only — no ceiling on file for this godown; no dispatch-lag correction applied
2026-02-18,BH-SC (overflow / secondary),45,,0,45,,,,,45,,SAP OnHand only — no ceiling on file for this godown; no dispatch-lag correction applied
2026-02-19,BH-PF,27426,0,0,27426,377000,349574,7.3,0,27426,0,SAP OnHand ONLY — no physical dispatch record exists this far back
2026-02-19,OIL-FG-TOTAL (BH-BT+BH-PF),27426,0,0,27426,377000,349574,7.3,0,27426,0,SAP OnHand ONLY — no physical dispatch record exists this far back
2026-02-19,GP-FG (overflow / secondary),664227,,0,664227,,,,,664227,,SAP OnHand only — no ceiling on file for this godown; no dispatch-lag correction applied
2026-02-19,BH-FG (overflow / secondary),1128,,0,1128,,,,,1128,,SAP OnHand only — no ceiling on file for this godown; no dispatch-lag correction applied
2026-02-19,BH-SC (overflow / secondary),45,,0,45,,,,,45,,SAP OnHand only — no ceiling on file for this godown; no dispatch-lag correction applied
2026-02-20,BH-PF,37597,0,0,37597,377000,339403,10.0,0,37597,0,SAP OnHand ONLY — no physical dispatch record exists this far back
2026-02-20,OIL-FG-TOTAL (BH-BT+BH-PF),37597,0,0,37597,377000,339403,10.0,0,37597,0,SAP OnHand ONLY — no physical dispatch record exists this far back
2026-02-20,GP-FG (overflow / secondary),658713,,0,658713,,,,,658713,,SAP OnHand only — no ceiling on file for this godown; no dispatch-lag correction applied
2026-02-20,BH-FG (overflow / secondary),1128,,0,1128,,,,,1128,,SAP OnHand only — no ceiling on file for this godown; no dispatch-lag correction applied
2026-02-20,BH-SC (overflow / secondary),45,,0,45,,,,,45,,SAP OnHand only — no ceiling on file for this godown; no dispatch-lag correction applied
2026-02-21,BH-PF,58586,0,0,58586,377000,318414,15.5,0,58586,0,SAP OnHand ONLY — no physical dispatch record exists this far back
2026-02-21,OIL-FG-TOTAL (BH-BT+BH-PF),58586,0,0,58586,377000,318414,15.5,0,58586,0,SAP OnHand ONLY — no physical dispatch record exists this far back
2026-02-21,GP-FG (overflow / secondary),665655,,0,665655,,,,,665655,,SAP OnHand only — no ceiling on file for this godown; no dispatch-lag correction applied
2026-02-21,BH-FG (overflow / secondary),1128,,0,1128,,,,,1128,,SAP OnHand only — no ceiling on file for this godown; no dispatch-lag correction applied
2026-02-21,BH-SC (overflow / secondary),45,,0,45,,,,,45,,SAP OnHand only — no ceiling on file for this godown; no dispatch-lag correction applied
2026-02-22,BH-PF,58586,0,0,58586,377000,318414,15.5,0,58586,0,SAP OnHand ONLY — no physical dispatch record exists this far back
2026-02-22,OIL-FG-TOTAL (BH-BT+BH-PF),58586,0,0,58586,377000,318414,15.5,0,58586,0,SAP OnHand ONLY — no physical dispatch record exists this far back
2026-02-22,GP-FG (overflow / secondary),665655,,0,665655,,,,,665655,,SAP OnHand only — no ceiling on file for this godown; no dispatch-lag correction applied
2026-02-22,BH-FG (overflow / secondary),1128,,0,1128,,,,,1128,,SAP OnHand only — no ceiling on file for this godown; no dispatch-lag correction applied
2026-02-22,BH-SC (overflow / secondary),45,,0,45,,,,,45,,SAP OnHand only — no ceiling on file for this godown; no dispatch-lag correction applied
2026-02-23,BH-PF,72833,0,0,72833,377000,304167,19.3,0,72833,0,SAP OnHand ONLY — no physical dispatch record exists this far back
2026-02-23,OIL-FG-TOTAL (BH-BT+BH-PF),72833,0,0,72833,377000,304167,19.3,0,72833,0,SAP OnHand ONLY — no physical dispatch record exists this far back
2026-02-23,GP-FG (overflow / secondary),633557,,0,633557,,,,,633557,,SAP OnHand only — no ceiling on file for this godown; no dispatch-lag correction applied
2026-02-23,BH-FG (overflow / secondary),1774,,0,1774,,,,,1774,,SAP OnHand only — no ceiling on file for this godown; no dispatch-lag correction applied
2026-02-23,BH-SC (overflow / secondary),45,,0,45,,,,,45,,SAP OnHand only — no ceiling on file for this godown; no dispatch-lag correction applied
2026-02-24,BH-PF,36345,0,0,36345,377000,340655,9.6,0,36345,0,SAP OnHand ONLY — no physical dispatch record exists this far back
2026-02-24,OIL-FG-TOTAL (BH-BT+BH-PF),36345,0,0,36345,377000,340655,9.6,0,36345,0,SAP OnHand ONLY — no physical dispatch record exists this far back
2026-02-24,GP-FG (overflow / secondary),662867,,0,662867,,,,,662867,,SAP OnHand only — no ceiling on file for this godown; no dispatch-lag correction applied
2026-02-24,BH-FG (overflow / secondary),1774,,0,1774,,,,,1774,,SAP OnHand only — no ceiling on file for this godown; no dispatch-lag correction applied
2026-02-24,BH-SC (overflow / secondary),45,,0,45,,,,,45,,SAP OnHand only — no ceiling on file for this godown; no dispatch-lag correction applied
2026-02-25,BH-PF,37873,0,0,37873,377000,339127,10.0,0,37873,0,SAP OnHand ONLY — no physical dispatch record exists this far back
2026-02-25,OIL-FG-TOTAL (BH-BT+BH-PF),37873,0,0,37873,377000,339127,10.0,0,37873,0,SAP OnHand ONLY — no physical dispatch record exists this far back
2026-02-25,GP-FG (overflow / secondary),630867,,0,630867,,,,,630867,,SAP OnHand only — no ceiling on file for this godown; no dispatch-lag correction applied
2026-02-25,BH-FG (overflow / secondary),2602,,0,2602,,,,,2602,,SAP OnHand only — no ceiling on file for this godown; no dispatch-lag correction applied
2026-02-25,BH-SC (overflow / secondary),45,,0,45,,,,,45,,SAP OnHand only — no ceiling on file for this godown; no dispatch-lag correction applied
2026-02-26,BH-PF,39235,0,0,39235,377000,337765,10.4,0,39235,0,SAP OnHand ONLY — no physical dispatch record exists this far back
2026-02-26,OIL-FG-TOTAL (BH-BT+BH-PF),39235,0,0,39235,377000,337765,10.4,0,39235,0,SAP OnHand ONLY — no physical dispatch record exists this far back
2026-02-26,GP-FG (overflow / secondary),618216,,0,618216,,,,,618216,,SAP OnHand only — no ceiling on file for this godown; no dispatch-lag correction applied
2026-02-26,BH-FG (overflow / secondary),2598,,0,2598,,,,,2598,,SAP OnHand only — no ceiling on file for this godown; no dispatch-lag correction applied
2026-02-26,BH-SC (overflow / secondary),45,,0,45,,,,,45,,SAP OnHand only — no ceiling on file for this godown; no dispatch-lag correction applied
2026-02-27,BH-PF,32100,0,0,32100,377000,344900,8.5,0,32100,0,SAP OnHand ONLY — no physical dispatch record exists this far back
2026-02-27,OIL-FG-TOTAL (BH-BT+BH-PF),32100,0,0,32100,377000,344900,8.5,0,32100,0,SAP OnHand ONLY — no physical dispatch record exists this far back
2026-02-27,GP-FG (overflow / secondary),613138,,0,613138,,,,,613138,,SAP OnHand only — no ceiling on file for this godown; no dispatch-lag correction applied
2026-02-27,BH-FG (overflow / secondary),7556,,0,7556,,,,,7556,,SAP OnHand only — no ceiling on file for this godown; no dispatch-lag correction applied
2026-02-27,BH-SC (overflow / secondary),45,,0,45,,,,,45,,SAP OnHand only — no ceiling on file for this godown; no dispatch-lag correction applied
2026-02-28,BH-PF,37309,0,0,37309,377000,339691,9.9,0,37309,0,SAP OnHand ONLY — no physical dispatch record exists this far back
2026-02-28,OIL-FG-TOTAL (BH-BT+BH-PF),37309,0,0,37309,377000,339691,9.9,0,37309,0,SAP OnHand ONLY — no physical dispatch record exists this far back
2026-02-28,GP-FG (overflow / secondary),354829,,0,354829,,,,,354829,,SAP OnHand only — no ceiling on file for this godown; no dispatch-lag correction applied
2026-02-28,BH-FG (overflow / secondary),7556,,0,7556,,,,,7556,,SAP OnHand only — no ceiling on file for this godown; no dispatch-lag correction applied
2026-02-28,BH-SC (overflow / secondary),45,,0,45,,,,,45,,SAP OnHand only — no ceiling on file for this godown; no dispatch-lag correction applied
2026-03-01,BH-PF,32339,0,0,32339,377000,344661,8.6,0,32339,0,SAP OnHand ONLY — no physical dispatch record exists this far back
2026-03-01,OIL-FG-TOTAL (BH-BT+BH-PF),32339,0,0,32339,377000,344661,8.6,0,32339,0,SAP OnHand ONLY — no physical dispatch record exists this far back
2026-03-01,GP-FG (overflow / secondary),354829,,0,354829,,,,,354829,,SAP OnHand only — no ceiling on file for this godown; no dispatch-lag correction applied
2026-03-01,BH-FG (overflow / secondary),12526,,0,12526,,,,,12526,,SAP OnHand only — no ceiling on file for this godown; no dispatch-lag correction applied
2026-03-01,BH-SC (overflow / secondary),45,,0,45,,,,,45,,SAP OnHand only — no ceiling on file for this godown; no dispatch-lag correction applied
2026-03-02,BH-PF,31529,0,0,31529,377000,345471,8.4,0,31529,0,SAP OnHand ONLY — no physical dispatch record exists this far back
2026-03-02,OIL-FG-TOTAL (BH-BT+BH-PF),31529,0,0,31529,377000,345471,8.4,0,31529,0,SAP OnHand ONLY — no physical dispatch record exists this far back
2026-03-02,GP-FG (overflow / secondary),351405,,0,351405,,,,,351405,,SAP OnHand only — no ceiling on file for this godown; no dispatch-lag correction applied
2026-03-02,BH-FG (overflow / secondary),12526,,0,12526,,,,,12526,,SAP OnHand only — no ceiling on file for this godown; no dispatch-lag correction applied
2026-03-02,BH-SC (overflow / secondary),45,,0,45,,,,,45,,SAP OnHand only — no ceiling on file for this godown; no dispatch-lag correction applied
2026-03-03,BH-PF,45145,0,0,45145,377000,331855,12.0,0,45145,0,SAP OnHand ONLY — no physical dispatch record exists this far back
2026-03-03,OIL-FG-TOTAL (BH-BT+BH-PF),45145,0,0,45145,377000,331855,12.0,0,45145,0,SAP OnHand ONLY — no physical dispatch record exists this far back
2026-03-03,GP-FG (overflow / secondary),394040,,0,394040,,,,,394040,,SAP OnHand only — no ceiling on file for this godown; no dispatch-lag correction applied
2026-03-03,BH-FG (overflow / secondary),12526,,0,12526,,,,,12526,,SAP OnHand only — no ceiling on file for this godown; no dispatch-lag correction applied
2026-03-03,BH-SC (overflow / secondary),45,,0,45,,,,,45,,SAP OnHand only — no ceiling on file for this godown; no dispatch-lag correction applied
2026-03-04,BH-PF,45145,0,0,45145,377000,331855,12.0,0,45145,0,SAP OnHand ONLY — no physical dispatch record exists this far back
2026-03-04,OIL-FG-TOTAL (BH-BT+BH-PF),45145,0,0,45145,377000,331855,12.0,0,45145,0,SAP OnHand ONLY — no physical dispatch record exists this far back
2026-03-04,GP-FG (overflow / secondary),394040,,0,394040,,,,,394040,,SAP OnHand only — no ceiling on file for this godown; no dispatch-lag correction applied
2026-03-04,BH-FG (overflow / secondary),12526,,0,12526,,,,,12526,,SAP OnHand only — no ceiling on file for this godown; no dispatch-lag correction applied
2026-03-04,BH-SC (overflow / secondary),45,,0,45,,,,,45,,SAP OnHand only — no ceiling on file for this godown; no dispatch-lag correction applied
2026-03-05,BH-PF,65011,0,0,65011,377000,311989,17.2,0,65011,0,SAP OnHand ONLY — no physical dispatch record exists this far back
2026-03-05,OIL-FG-TOTAL (BH-BT+BH-PF),65011,0,0,65011,377000,311989,17.2,0,65011,0,SAP OnHand ONLY — no physical dispatch record exists this far back
2026-03-05,GP-FG (overflow / secondary),403354,,0,403354,,,,,403354,,SAP OnHand only — no ceiling on file for this godown; no dispatch-lag correction applied
2026-03-05,BH-FG (overflow / secondary),12526,,0,12526,,,,,12526,,SAP OnHand only — no ceiling on file for this godown; no dispatch-lag correction applied
2026-03-05,BH-SC (overflow / secondary),45,,0,45,,,,,45,,SAP OnHand only — no ceiling on file for this godown; no dispatch-lag correction applied
2026-03-06,BH-PF,43557,0,0,43557,377000,333443,11.6,0,43557,0,SAP OnHand ONLY — no physical dispatch record exists this far back
2026-03-06,OIL-FG-TOTAL (BH-BT+BH-PF),43557,0,0,43557,377000,333443,11.6,0,43557,0,SAP OnHand ONLY — no physical dispatch record exists this far back
2026-03-06,GP-FG (overflow / secondary),425204,,0,425204,,,,,425204,,SAP OnHand only — no ceiling on file for this godown; no dispatch-lag correction applied
2026-03-06,BH-FG (overflow / secondary),24153,,0,24153,,,,,24153,,SAP OnHand only — no ceiling on file for this godown; no dispatch-lag correction applied
2026-03-06,BH-SC (overflow / secondary),45,,0,45,,,,,45,,SAP OnHand only — no ceiling on file for this godown; no dispatch-lag correction applied
2026-03-07,BH-PF,51599,0,0,51599,377000,325401,13.7,0,51599,0,SAP OnHand ONLY — no physical dispatch record exists this far back
2026-03-07,OIL-FG-TOTAL (BH-BT+BH-PF),51599,0,0,51599,377000,325401,13.7,0,51599,0,SAP OnHand ONLY — no physical dispatch record exists this far back
2026-03-07,GP-FG (overflow / secondary),447563,,0,447563,,,,,447563,,SAP OnHand only — no ceiling on file for this godown; no dispatch-lag correction applied
2026-03-07,BH-FG (overflow / secondary),23806,,0,23806,,,,,23806,,SAP OnHand only — no ceiling on file for this godown; no dispatch-lag correction applied
2026-03-07,BH-SC (overflow / secondary),7,,0,7,,,,,7,,SAP OnHand only — no ceiling on file for this godown; no dispatch-lag correction applied
2026-03-08,BH-PF,51599,0,0,51599,377000,325401,13.7,0,51599,0,SAP OnHand ONLY — no physical dispatch record exists this far back
2026-03-08,OIL-FG-TOTAL (BH-BT+BH-PF),51599,0,0,51599,377000,325401,13.7,0,51599,0,SAP OnHand ONLY — no physical dispatch record exists this far back
2026-03-08,GP-FG (overflow / secondary),447563,,0,447563,,,,,447563,,SAP OnHand only — no ceiling on file for this godown; no dispatch-lag correction applied
2026-03-08,BH-FG (overflow / secondary),23806,,0,23806,,,,,23806,,SAP OnHand only — no ceiling on file for this godown; no dispatch-lag correction applied
2026-03-08,BH-SC (overflow / secondary),7,,0,7,,,,,7,,SAP OnHand only — no ceiling on file for this godown; no dispatch-lag correction applied
2026-03-09,BH-PF,38150,0,0,38150,377000,338850,10.1,0,38150,0,SAP OnHand ONLY — no physical dispatch record exists this far back
2026-03-09,OIL-FG-TOTAL (BH-BT+BH-PF),38150,0,0,38150,377000,338850,10.1,0,38150,0,SAP OnHand ONLY — no physical dispatch record exists this far back
2026-03-09,GP-FG (overflow / secondary),441195,,0,441195,,,,,441195,,SAP OnHand only — no ceiling on file for this godown; no dispatch-lag correction applied
2026-03-09,BH-FG (overflow / secondary),23805,,0,23805,,,,,23805,,SAP OnHand only — no ceiling on file for this godown; no dispatch-lag correction applied
2026-03-09,BH-SC (overflow / secondary),7,,0,7,,,,,7,,SAP OnHand only — no ceiling on file for this godown; no dispatch-lag correction applied
2026-03-10,BH-PF,33448,0,0,33448,377000,343552,8.9,0,33448,0,SAP OnHand ONLY — no physical dispatch record exists this far back
2026-03-10,OIL-FG-TOTAL (BH-BT+BH-PF),33448,0,0,33448,377000,343552,8.9,0,33448,0,SAP OnHand ONLY — no physical dispatch record exists this far back
2026-03-10,GP-FG (overflow / secondary),441071,,0,441071,,,,,441071,,SAP OnHand only — no ceiling on file for this godown; no dispatch-lag correction applied
2026-03-10,BH-FG (overflow / secondary),21821,,0,21821,,,,,21821,,SAP OnHand only — no ceiling on file for this godown; no dispatch-lag correction applied
2026-03-10,BH-SC (overflow / secondary),7,,0,7,,,,,7,,SAP OnHand only — no ceiling on file for this godown; no dispatch-lag correction applied
2026-03-11,BH-PF,41094,0,0,41094,377000,335906,10.9,0,41094,0,SAP OnHand ONLY — no physical dispatch record exists this far back
2026-03-11,OIL-FG-TOTAL (BH-BT+BH-PF),41094,0,0,41094,377000,335906,10.9,0,41094,0,SAP OnHand ONLY — no physical dispatch record exists this far back
2026-03-11,GP-FG (overflow / secondary),449655,,0,449655,,,,,449655,,SAP OnHand only — no ceiling on file for this godown; no dispatch-lag correction applied
2026-03-11,BH-FG (overflow / secondary),21655,,0,21655,,,,,21655,,SAP OnHand only — no ceiling on file for this godown; no dispatch-lag correction applied
2026-03-11,BH-SC (overflow / secondary),7,,0,7,,,,,7,,SAP OnHand only — no ceiling on file for this godown; no dispatch-lag correction applied
2026-03-12,BH-PF,55781,0,0,55781,377000,321219,14.8,0,55781,0,SAP OnHand ONLY — no physical dispatch record exists this far back
2026-03-12,OIL-FG-TOTAL (BH-BT+BH-PF),55781,0,0,55781,377000,321219,14.8,0,55781,0,SAP OnHand ONLY — no physical dispatch record exists this far back
2026-03-12,GP-FG (overflow / secondary),453104,,0,453104,,,,,453104,,SAP OnHand only — no ceiling on file for this godown; no dispatch-lag correction applied
2026-03-12,BH-FG (overflow / secondary),21620,,0,21620,,,,,21620,,SAP OnHand only — no ceiling on file for this godown; no dispatch-lag correction applied
2026-03-12,BH-SC (overflow / secondary),7,,0,7,,,,,7,,SAP OnHand only — no ceiling on file for this godown; no dispatch-lag correction applied
2026-03-13,BH-PF,45836,0,0,45836,377000,331164,12.2,0,45836,0,SAP OnHand ONLY — no physical dispatch record exists this far back
2026-03-13,OIL-FG-TOTAL (BH-BT+BH-PF),45836,0,0,45836,377000,331164,12.2,0,45836,0,SAP OnHand ONLY — no physical dispatch record exists this far back
2026-03-13,GP-FG (overflow / secondary),453104,,0,453104,,,,,453104,,SAP OnHand only — no ceiling on file for this godown; no dispatch-lag correction applied
2026-03-13,BH-FG (overflow / secondary),21318,,0,21318,,,,,21318,,SAP OnHand only — no ceiling on file for this godown; no dispatch-lag correction applied
2026-03-13,BH-SC (overflow / secondary),7,,0,7,,,,,7,,SAP OnHand only — no ceiling on file for this godown; no dispatch-lag correction applied
2026-03-14,BH-PF,46201,0,0,46201,377000,330799,12.3,0,46201,0,SAP OnHand ONLY — no physical dispatch record exists this far back
2026-03-14,OIL-FG-TOTAL (BH-BT+BH-PF),46201,0,0,46201,377000,330799,12.3,0,46201,0,SAP OnHand ONLY — no physical dispatch record exists this far back
2026-03-14,GP-FG (overflow / secondary),462282,,0,462282,,,,,462282,,SAP OnHand only — no ceiling on file for this godown; no dispatch-lag correction applied
2026-03-14,BH-FG (overflow / secondary),21285,,0,21285,,,,,21285,,SAP OnHand only — no ceiling on file for this godown; no dispatch-lag correction applied
2026-03-14,BH-SC (overflow / secondary),7,,0,7,,,,,7,,SAP OnHand only — no ceiling on file for this godown; no dispatch-lag correction applied
2026-03-15,BH-PF,46201,0,0,46201,377000,330799,12.3,0,46201,0,SAP OnHand ONLY — no physical dispatch record exists this far back
2026-03-15,OIL-FG-TOTAL (BH-BT+BH-PF),46201,0,0,46201,377000,330799,12.3,0,46201,0,SAP OnHand ONLY — no physical dispatch record exists this far back
2026-03-15,GP-FG (overflow / secondary),462282,,0,462282,,,,,462282,,SAP OnHand only — no ceiling on file for this godown; no dispatch-lag correction applied
2026-03-15,BH-FG (overflow / secondary),21285,,0,21285,,,,,21285,,SAP OnHand only — no ceiling on file for this godown; no dispatch-lag correction applied
2026-03-15,BH-SC (overflow / secondary),7,,0,7,,,,,7,,SAP OnHand only — no ceiling on file for this godown; no dispatch-lag correction applied
2026-03-16,BH-PF,46701,0,0,46701,377000,330299,12.4,0,46701,0,SAP OnHand ONLY — no physical dispatch record exists this far back
2026-03-16,OIL-FG-TOTAL (BH-BT+BH-PF),46701,0,0,46701,377000,330299,12.4,0,46701,0,SAP OnHand ONLY — no physical dispatch record exists this far back
2026-03-16,GP-FG (overflow / secondary),474943,,0,474943,,,,,474943,,SAP OnHand only — no ceiling on file for this godown; no dispatch-lag correction applied
2026-03-16,BH-FG (overflow / secondary),21351,,0,21351,,,,,21351,,SAP OnHand only — no ceiling on file for this godown; no dispatch-lag correction applied
2026-03-16,BH-SC (overflow / secondary),7,,0,7,,,,,7,,SAP OnHand only — no ceiling on file for this godown; no dispatch-lag correction applied
2026-03-17,BH-PF,64735,0,0,64735,377000,312265,17.2,0,64735,0,SAP OnHand ONLY — no physical dispatch record exists this far back
2026-03-17,OIL-FG-TOTAL (BH-BT+BH-PF),64735,0,0,64735,377000,312265,17.2,0,64735,0,SAP OnHand ONLY — no physical dispatch record exists this far back
2026-03-17,GP-FG (overflow / secondary),424898,,0,424898,,,,,424898,,SAP OnHand only — no ceiling on file for this godown; no dispatch-lag correction applied
2026-03-17,BH-FG (overflow / secondary),30107,,0,30107,,,,,30107,,SAP OnHand only — no ceiling on file for this godown; no dispatch-lag correction applied
2026-03-17,BH-SC (overflow / secondary),7,,0,7,,,,,7,,SAP OnHand only — no ceiling on file for this godown; no dispatch-lag correction applied
2026-03-18,BH-PF,59209,0,0,59209,377000,317791,15.7,0,59209,0,SAP OnHand ONLY — no physical dispatch record exists this far back
2026-03-18,OIL-FG-TOTAL (BH-BT+BH-PF),59209,0,0,59209,377000,317791,15.7,0,59209,0,SAP OnHand ONLY — no physical dispatch record exists this far back
2026-03-18,GP-FG (overflow / secondary),386637,,0,386637,,,,,386637,,SAP OnHand only — no ceiling on file for this godown; no dispatch-lag correction applied
2026-03-18,BH-FG (overflow / secondary),30107,,0,30107,,,,,30107,,SAP OnHand only — no ceiling on file for this godown; no dispatch-lag correction applied
2026-03-18,BH-SC (overflow / secondary),7,,0,7,,,,,7,,SAP OnHand only — no ceiling on file for this godown; no dispatch-lag correction applied
2026-03-19,BH-PF,38400,0,0,38400,377000,338600,10.2,0,38400,0,SAP OnHand ONLY — no physical dispatch record exists this far back
2026-03-19,OIL-FG-TOTAL (BH-BT+BH-PF),38400,0,0,38400,377000,338600,10.2,0,38400,0,SAP OnHand ONLY — no physical dispatch record exists this far back
2026-03-19,GP-FG (overflow / secondary),420895,,0,420895,,,,,420895,,SAP OnHand only — no ceiling on file for this godown; no dispatch-lag correction applied
2026-03-19,BH-FG (overflow / secondary),30129,,0,30129,,,,,30129,,SAP OnHand only — no ceiling on file for this godown; no dispatch-lag correction applied
2026-03-19,BH-SC (overflow / secondary),7,,0,7,,,,,7,,SAP OnHand only — no ceiling on file for this godown; no dispatch-lag correction applied
2026-03-20,BH-PF,38858,0,0,38858,377000,338142,10.3,0,38858,0,SAP OnHand ONLY — no physical dispatch record exists this far back
2026-03-20,OIL-FG-TOTAL (BH-BT+BH-PF),38858,0,0,38858,377000,338142,10.3,0,38858,0,SAP OnHand ONLY — no physical dispatch record exists this far back
2026-03-20,GP-FG (overflow / secondary),414657,,0,414657,,,,,414657,,SAP OnHand only — no ceiling on file for this godown; no dispatch-lag correction applied
2026-03-20,BH-FG (overflow / secondary),28986,,0,28986,,,,,28986,,SAP OnHand only — no ceiling on file for this godown; no dispatch-lag correction applied
2026-03-20,BH-SC (overflow / secondary),7,,0,7,,,,,7,,SAP OnHand only — no ceiling on file for this godown; no dispatch-lag correction applied
2026-03-21,BH-PF,54046,0,0,54046,377000,322954,14.3,0,54046,0,SAP OnHand ONLY — no physical dispatch record exists this far back
2026-03-21,OIL-FG-TOTAL (BH-BT+BH-PF),54046,0,0,54046,377000,322954,14.3,0,54046,0,SAP OnHand ONLY — no physical dispatch record exists this far back
2026-03-21,GP-FG (overflow / secondary),427530,,0,427530,,,,,427530,,SAP OnHand only — no ceiling on file for this godown; no dispatch-lag correction applied
2026-03-21,BH-FG (overflow / secondary),28986,,0,28986,,,,,28986,,SAP OnHand only — no ceiling on file for this godown; no dispatch-lag correction applied
2026-03-21,BH-SC (overflow / secondary),7,,0,7,,,,,7,,SAP OnHand only — no ceiling on file for this godown; no dispatch-lag correction applied
2026-03-22,BH-PF,54046,0,0,54046,377000,322954,14.3,0,54046,0,SAP OnHand ONLY — no physical dispatch record exists this far back
2026-03-22,OIL-FG-TOTAL (BH-BT+BH-PF),54046,0,0,54046,377000,322954,14.3,0,54046,0,SAP OnHand ONLY — no physical dispatch record exists this far back
2026-03-22,GP-FG (overflow / secondary),427530,,0,427530,,,,,427530,,SAP OnHand only — no ceiling on file for this godown; no dispatch-lag correction applied
2026-03-22,BH-FG (overflow / secondary),28986,,0,28986,,,,,28986,,SAP OnHand only — no ceiling on file for this godown; no dispatch-lag correction applied
2026-03-22,BH-SC (overflow / secondary),7,,0,7,,,,,7,,SAP OnHand only — no ceiling on file for this godown; no dispatch-lag correction applied
2026-03-23,BH-PF,46202,0,0,46202,377000,330798,12.3,0,46202,0,SAP OnHand ONLY — no physical dispatch record exists this far back
2026-03-23,OIL-FG-TOTAL (BH-BT+BH-PF),46202,0,0,46202,377000,330798,12.3,0,46202,0,SAP OnHand ONLY — no physical dispatch record exists this far back
2026-03-23,GP-FG (overflow / secondary),412175,,0,412175,,,,,412175,,SAP OnHand only — no ceiling on file for this godown; no dispatch-lag correction applied
2026-03-23,BH-FG (overflow / secondary),40516,,0,40516,,,,,40516,,SAP OnHand only — no ceiling on file for this godown; no dispatch-lag correction applied
2026-03-23,BH-SC (overflow / secondary),7,,0,7,,,,,7,,SAP OnHand only — no ceiling on file for this godown; no dispatch-lag correction applied
2026-03-24,BH-PF,50324,0,0,50324,377000,326676,13.3,0,50324,0,SAP OnHand ONLY — no physical dispatch record exists this far back
2026-03-24,OIL-FG-TOTAL (BH-BT+BH-PF),50324,0,0,50324,377000,326676,13.3,0,50324,0,SAP OnHand ONLY — no physical dispatch record exists this far back
2026-03-24,GP-FG (overflow / secondary),406563,,0,406563,,,,,406563,,SAP OnHand only — no ceiling on file for this godown; no dispatch-lag correction applied
2026-03-24,BH-FG (overflow / secondary),31446,,0,31446,,,,,31446,,SAP OnHand only — no ceiling on file for this godown; no dispatch-lag correction applied
2026-03-24,BH-SC (overflow / secondary),7,,0,7,,,,,7,,SAP OnHand only — no ceiling on file for this godown; no dispatch-lag correction applied
2026-03-25,BH-PF,31926,0,0,31926,377000,345074,8.5,0,31926,0,SAP OnHand ONLY — no physical dispatch record exists this far back
2026-03-25,OIL-FG-TOTAL (BH-BT+BH-PF),31926,0,0,31926,377000,345074,8.5,0,31926,0,SAP OnHand ONLY — no physical dispatch record exists this far back
2026-03-25,GP-FG (overflow / secondary),430173,,0,430173,,,,,430173,,SAP OnHand only — no ceiling on file for this godown; no dispatch-lag correction applied
2026-03-25,BH-FG (overflow / secondary),42645,,0,42645,,,,,42645,,SAP OnHand only — no ceiling on file for this godown; no dispatch-lag correction applied
2026-03-25,BH-SC (overflow / secondary),0,,0,0,,,,,0,,SAP OnHand only — no ceiling on file for this godown; no dispatch-lag correction applied
2026-03-26,BH-PF,13260,0,0,13260,377000,363740,3.5,0,13260,0,SAP OnHand ONLY — no physical dispatch record exists this far back
2026-03-26,OIL-FG-TOTAL (BH-BT+BH-PF),13260,0,0,13260,377000,363740,3.5,0,13260,0,SAP OnHand ONLY — no physical dispatch record exists this far back
2026-03-26,GP-FG (overflow / secondary),470721,,0,470721,,,,,470721,,SAP OnHand only — no ceiling on file for this godown; no dispatch-lag correction applied
2026-03-26,BH-FG (overflow / secondary),42833,,0,42833,,,,,42833,,SAP OnHand only — no ceiling on file for this godown; no dispatch-lag correction applied
2026-03-26,BH-SC (overflow / secondary),0,,0,0,,,,,0,,SAP OnHand only — no ceiling on file for this godown; no dispatch-lag correction applied
2026-03-27,BH-PF,12784,0,0,12784,377000,364216,3.4,0,12784,0,SAP OnHand ONLY — no physical dispatch record exists this far back
2026-03-27,OIL-FG-TOTAL (BH-BT+BH-PF),12784,0,0,12784,377000,364216,3.4,0,12784,0,SAP OnHand ONLY — no physical dispatch record exists this far back
2026-03-27,GP-FG (overflow / secondary),501767,,0,501767,,,,,501767,,SAP OnHand only — no ceiling on file for this godown; no dispatch-lag correction applied
2026-03-27,BH-FG (overflow / secondary),42833,,0,42833,,,,,42833,,SAP OnHand only — no ceiling on file for this godown; no dispatch-lag correction applied
2026-03-27,BH-SC (overflow / secondary),0,,0,0,,,,,0,,SAP OnHand only — no ceiling on file for this godown; no dispatch-lag correction applied
2026-03-28,BH-PF,27592,0,0,27592,377000,349408,7.3,0,27592,0,SAP OnHand ONLY — no physical dispatch record exists this far back
2026-03-28,OIL-FG-TOTAL (BH-BT+BH-PF),27592,0,0,27592,377000,349408,7.3,0,27592,0,SAP OnHand ONLY — no physical dispatch record exists this far back
2026-03-28,GP-FG (overflow / secondary),486054,,0,486054,,,,,486054,,SAP OnHand only — no ceiling on file for this godown; no dispatch-lag correction applied
2026-03-28,BH-FG (overflow / secondary),42833,,0,42833,,,,,42833,,SAP OnHand only — no ceiling on file for this godown; no dispatch-lag correction applied
2026-03-28,BH-SC (overflow / secondary),0,,0,0,,,,,0,,SAP OnHand only — no ceiling on file for this godown; no dispatch-lag correction applied
2026-03-29,BH-PF,40695,0,0,40695,377000,336305,10.8,0,40695,0,SAP OnHand ONLY — no physical dispatch record exists this far back
2026-03-29,OIL-FG-TOTAL (BH-BT+BH-PF),40695,0,0,40695,377000,336305,10.8,0,40695,0,SAP OnHand ONLY — no physical dispatch record exists this far back
2026-03-29,GP-FG (overflow / secondary),486054,,0,486054,,,,,486054,,SAP OnHand only — no ceiling on file for this godown; no dispatch-lag correction applied
2026-03-29,BH-FG (overflow / secondary),42833,,0,42833,,,,,42833,,SAP OnHand only — no ceiling on file for this godown; no dispatch-lag correction applied
2026-03-29,BH-SC (overflow / secondary),0,,0,0,,,,,0,,SAP OnHand only — no ceiling on file for this godown; no dispatch-lag correction applied
2026-03-30,BH-PF,22774,0,0,22774,377000,354226,6.0,0,22774,0,SAP OnHand ONLY — no physical dispatch record exists this far back
2026-03-30,OIL-FG-TOTAL (BH-BT+BH-PF),22774,0,0,22774,377000,354226,6.0,0,22774,0,SAP OnHand ONLY — no physical dispatch record exists this far back
2026-03-30,GP-FG (overflow / secondary),502934,,0,502934,,,,,502934,,SAP OnHand only — no ceiling on file for this godown; no dispatch-lag correction applied
2026-03-30,BH-FG (overflow / secondary),42912,,0,42912,,,,,42912,,SAP OnHand only — no ceiling on file for this godown; no dispatch-lag correction applied
2026-03-30,BH-SC (overflow / secondary),0,,0,0,,,,,0,,SAP OnHand only — no ceiling on file for this godown; no dispatch-lag correction applied
2026-03-31,BH-PF,53277,0,0,53277,377000,323723,14.1,0,53277,0,SAP OnHand ONLY — no physical dispatch record exists this far back
2026-03-31,OIL-FG-TOTAL (BH-BT+BH-PF),53277,0,0,53277,377000,323723,14.1,0,53277,0,SAP OnHand ONLY — no physical dispatch record exists this far back
2026-03-31,GP-FG (overflow / secondary),289209,,0,289209,,,,,289209,,SAP OnHand only — no ceiling on file for this godown; no dispatch-lag correction applied
2026-03-31,BH-FG (overflow / secondary),55094,,0,55094,,,,,55094,,SAP OnHand only — no ceiling on file for this godown; no dispatch-lag correction applied
2026-03-31,BH-SC (overflow / secondary),0,,0,0,,,,,0,,SAP OnHand only — no ceiling on file for this godown; no dispatch-lag correction applied
2026-04-01,BH-PF,50770,0,0,50770,377000,326230,13.5,0,50770,0,SAP OnHand ONLY — no physical dispatch record exists this far back
2026-04-01,OIL-FG-TOTAL (BH-BT+BH-PF),50770,0,0,50770,377000,326230,13.5,0,50770,0,SAP OnHand ONLY — no physical dispatch record exists this far back
2026-04-01,GP-FG (overflow / secondary),289124,,0,289124,,,,,289124,,SAP OnHand only — no ceiling on file for this godown; no dispatch-lag correction applied
2026-04-01,BH-FG (overflow / secondary),57580,,0,57580,,,,,57580,,SAP OnHand only — no ceiling on file for this godown; no dispatch-lag correction applied
2026-04-01,BH-SC (overflow / secondary),0,,0,0,,,,,0,,SAP OnHand only — no ceiling on file for this godown; no dispatch-lag correction applied
2026-04-02,BH-PF,43147,0,0,43147,377000,333853,11.4,0,43147,0,SAP OnHand ONLY — no physical dispatch record exists this far back
2026-04-02,OIL-FG-TOTAL (BH-BT+BH-PF),43147,0,0,43147,377000,333853,11.4,0,43147,0,SAP OnHand ONLY — no physical dispatch record exists this far back
2026-04-02,GP-FG (overflow / secondary),314512,,0,314512,,,,,314512,,SAP OnHand only — no ceiling on file for this godown; no dispatch-lag correction applied
2026-04-02,BH-FG (overflow / secondary),57890,,0,57890,,,,,57890,,SAP OnHand only — no ceiling on file for this godown; no dispatch-lag correction applied
2026-04-02,BH-SC (overflow / secondary),0,,0,0,,,,,0,,SAP OnHand only — no ceiling on file for this godown; no dispatch-lag correction applied
2026-04-03,BH-PF,30574,0,0,30574,377000,346426,8.1,0,30574,0,SAP OnHand ONLY — no physical dispatch record exists this far back
2026-04-03,OIL-FG-TOTAL (BH-BT+BH-PF),30574,0,0,30574,377000,346426,8.1,0,30574,0,SAP OnHand ONLY — no physical dispatch record exists this far back
2026-04-03,GP-FG (overflow / secondary),361079,,0,361079,,,,,361079,,SAP OnHand only — no ceiling on file for this godown; no dispatch-lag correction applied
2026-04-03,BH-FG (overflow / secondary),75459,,0,75459,,,,,75459,,SAP OnHand only — no ceiling on file for this godown; no dispatch-lag correction applied
2026-04-03,BH-SC (overflow / secondary),0,,0,0,,,,,0,,SAP OnHand only — no ceiling on file for this godown; no dispatch-lag correction applied
2026-04-04,BH-PF,21812,0,0,21812,377000,355188,5.8,0,21812,0,SAP OnHand ONLY — no physical dispatch record exists this far back
2026-04-04,OIL-FG-TOTAL (BH-BT+BH-PF),21812,0,0,21812,377000,355188,5.8,0,21812,0,SAP OnHand ONLY — no physical dispatch record exists this far back
2026-04-04,GP-FG (overflow / secondary),415602,,0,415602,,,,,415602,,SAP OnHand only — no ceiling on file for this godown; no dispatch-lag correction applied
2026-04-04,BH-FG (overflow / secondary),70459,,0,70459,,,,,70459,,SAP OnHand only — no ceiling on file for this godown; no dispatch-lag correction applied
2026-04-04,BH-SC (overflow / secondary),0,,0,0,,,,,0,,SAP OnHand only — no ceiling on file for this godown; no dispatch-lag correction applied
2026-04-05,BH-PF,20420,0,0,20420,377000,356580,5.4,0,20420,0,SAP OnHand ONLY — no physical dispatch record exists this far back
2026-04-05,OIL-FG-TOTAL (BH-BT+BH-PF),20420,0,0,20420,377000,356580,5.4,0,20420,0,SAP OnHand ONLY — no physical dispatch record exists this far back
2026-04-05,GP-FG (overflow / secondary),415602,,0,415602,,,,,415602,,SAP OnHand only — no ceiling on file for this godown; no dispatch-lag correction applied
2026-04-05,BH-FG (overflow / secondary),71851,,0,71851,,,,,71851,,SAP OnHand only — no ceiling on file for this godown; no dispatch-lag correction applied
2026-04-05,BH-SC (overflow / secondary),0,,0,0,,,,,0,,SAP OnHand only — no ceiling on file for this godown; no dispatch-lag correction applied
2026-04-06,BH-PF,21668,0,0,21668,377000,355332,5.7,0,21668,0,SAP OnHand ONLY — no physical dispatch record exists this far back
2026-04-06,OIL-FG-TOTAL (BH-BT+BH-PF),21668,0,0,21668,377000,355332,5.7,0,21668,0,SAP OnHand ONLY — no physical dispatch record exists this far back
2026-04-06,GP-FG (overflow / secondary),421822,,0,421822,,,,,421822,,SAP OnHand only — no ceiling on file for this godown; no dispatch-lag correction applied
2026-04-06,BH-FG (overflow / secondary),71851,,0,71851,,,,,71851,,SAP OnHand only — no ceiling on file for this godown; no dispatch-lag correction applied
2026-04-06,BH-SC (overflow / secondary),0,,0,0,,,,,0,,SAP OnHand only — no ceiling on file for this godown; no dispatch-lag correction applied
2026-04-07,BH-PF,12236,0,0,12236,377000,364764,3.2,0,12236,0,SAP OnHand ONLY — no physical dispatch record exists this far back
2026-04-07,OIL-FG-TOTAL (BH-BT+BH-PF),12236,0,0,12236,377000,364764,3.2,0,12236,0,SAP OnHand ONLY — no physical dispatch record exists this far back
2026-04-07,GP-FG (overflow / secondary),433163,,0,433163,,,,,433163,,SAP OnHand only — no ceiling on file for this godown; no dispatch-lag correction applied
2026-04-07,BH-FG (overflow / secondary),72932,,0,72932,,,,,72932,,SAP OnHand only — no ceiling on file for this godown; no dispatch-lag correction applied
2026-04-07,BH-SC (overflow / secondary),0,,0,0,,,,,0,,SAP OnHand only — no ceiling on file for this godown; no dispatch-lag correction applied
2026-04-08,BH-PF,39181,0,0,39181,377000,337819,10.4,0,39181,0,SAP OnHand ONLY — no physical dispatch record exists this far back
2026-04-08,OIL-FG-TOTAL (BH-BT+BH-PF),39181,0,0,39181,377000,337819,10.4,0,39181,0,SAP OnHand ONLY — no physical dispatch record exists this far back
2026-04-08,GP-FG (overflow / secondary),455227,,0,455227,,,,,455227,,SAP OnHand only — no ceiling on file for this godown; no dispatch-lag correction applied
2026-04-08,BH-FG (overflow / secondary),61877,,0,61877,,,,,61877,,SAP OnHand only — no ceiling on file for this godown; no dispatch-lag correction applied
2026-04-08,BH-SC (overflow / secondary),0,,0,0,,,,,0,,SAP OnHand only — no ceiling on file for this godown; no dispatch-lag correction applied
2026-04-09,BH-PF,21393,0,0,21393,377000,355607,5.7,0,21393,0,SAP OnHand ONLY — no physical dispatch record exists this far back
2026-04-09,OIL-FG-TOTAL (BH-BT+BH-PF),21393,0,0,21393,377000,355607,5.7,0,21393,0,SAP OnHand ONLY — no physical dispatch record exists this far back
2026-04-09,GP-FG (overflow / secondary),461256,,0,461256,,,,,461256,,SAP OnHand only — no ceiling on file for this godown; no dispatch-lag correction applied
2026-04-09,BH-FG (overflow / secondary),62312,,0,62312,,,,,62312,,SAP OnHand only — no ceiling on file for this godown; no dispatch-lag correction applied
2026-04-09,BH-SC (overflow / secondary),0,,0,0,,,,,0,,SAP OnHand only — no ceiling on file for this godown; no dispatch-lag correction applied
2026-04-10,BH-PF,20928,0,0,20928,377000,356072,5.6,0,20928,0,SAP OnHand ONLY — no physical dispatch record exists this far back
2026-04-10,OIL-FG-TOTAL (BH-BT+BH-PF),20928,0,0,20928,377000,356072,5.6,0,20928,0,SAP OnHand ONLY — no physical dispatch record exists this far back
2026-04-10,GP-FG (overflow / secondary),471349,,0,471349,,,,,471349,,SAP OnHand only — no ceiling on file for this godown; no dispatch-lag correction applied
2026-04-10,BH-FG (overflow / secondary),62312,,0,62312,,,,,62312,,SAP OnHand only — no ceiling on file for this godown; no dispatch-lag correction applied
2026-04-10,BH-SC (overflow / secondary),0,,0,0,,,,,0,,SAP OnHand only — no ceiling on file for this godown; no dispatch-lag correction applied
2026-04-11,BH-PF,25661,0,0,25661,377000,351339,6.8,0,25661,0,SAP OnHand ONLY — no physical dispatch record exists this far back
2026-04-11,OIL-FG-TOTAL (BH-BT+BH-PF),25661,0,0,25661,377000,351339,6.8,0,25661,0,SAP OnHand ONLY — no physical dispatch record exists this far back
2026-04-11,GP-FG (overflow / secondary),489843,,0,489843,,,,,489843,,SAP OnHand only — no ceiling on file for this godown; no dispatch-lag correction applied
2026-04-11,BH-FG (overflow / secondary),60785,,0,60785,,,,,60785,,SAP OnHand only — no ceiling on file for this godown; no dispatch-lag correction applied
2026-04-11,BH-SC (overflow / secondary),0,,0,0,,,,,0,,SAP OnHand only — no ceiling on file for this godown; no dispatch-lag correction applied
2026-04-12,BH-PF,22161,0,0,22161,377000,354839,5.9,0,22161,0,SAP OnHand ONLY — no physical dispatch record exists this far back
2026-04-12,OIL-FG-TOTAL (BH-BT+BH-PF),22161,0,0,22161,377000,354839,5.9,0,22161,0,SAP OnHand ONLY — no physical dispatch record exists this far back
2026-04-12,GP-FG (overflow / secondary),503043,,0,503043,,,,,503043,,SAP OnHand only — no ceiling on file for this godown; no dispatch-lag correction applied
2026-04-12,BH-FG (overflow / secondary),60785,,0,60785,,,,,60785,,SAP OnHand only — no ceiling on file for this godown; no dispatch-lag correction applied
2026-04-12,BH-SC (overflow / secondary),0,,0,0,,,,,0,,SAP OnHand only — no ceiling on file for this godown; no dispatch-lag correction applied
2026-04-13,BH-PF,34860,0,0,34860,377000,342140,9.2,0,34860,0,SAP OnHand ONLY — no physical dispatch record exists this far back
2026-04-13,OIL-FG-TOTAL (BH-BT+BH-PF),34860,0,0,34860,377000,342140,9.2,0,34860,0,SAP OnHand ONLY — no physical dispatch record exists this far back
2026-04-13,GP-FG (overflow / secondary),540629,,0,540629,,,,,540629,,SAP OnHand only — no ceiling on file for this godown; no dispatch-lag correction applied
2026-04-13,BH-FG (overflow / secondary),60785,,0,60785,,,,,60785,,SAP OnHand only — no ceiling on file for this godown; no dispatch-lag correction applied
2026-04-13,BH-SC (overflow / secondary),0,,0,0,,,,,0,,SAP OnHand only — no ceiling on file for this godown; no dispatch-lag correction applied
2026-04-14,BH-PF,5586,0,0,5586,377000,371414,1.5,0,5586,0,SAP OnHand ONLY — no physical dispatch record exists this far back
2026-04-14,OIL-FG-TOTAL (BH-BT+BH-PF),5586,0,0,5586,377000,371414,1.5,0,5586,0,SAP OnHand ONLY — no physical dispatch record exists this far back
2026-04-14,GP-FG (overflow / secondary),595482,,0,595482,,,,,595482,,SAP OnHand only — no ceiling on file for this godown; no dispatch-lag correction applied
2026-04-14,BH-FG (overflow / secondary),60785,,0,60785,,,,,60785,,SAP OnHand only — no ceiling on file for this godown; no dispatch-lag correction applied
2026-04-14,BH-SC (overflow / secondary),0,,0,0,,,,,0,,SAP OnHand only — no ceiling on file for this godown; no dispatch-lag correction applied
2026-04-15,BH-PF,25347,0,0,25347,377000,351653,6.7,0,25347,0,SAP OnHand ONLY — no physical dispatch record exists this far back
2026-04-15,OIL-FG-TOTAL (BH-BT+BH-PF),25347,0,0,25347,377000,351653,6.7,0,25347,0,SAP OnHand ONLY — no physical dispatch record exists this far back
2026-04-15,GP-FG (overflow / secondary),596766,,0,596766,,,,,596766,,SAP OnHand only — no ceiling on file for this godown; no dispatch-lag correction applied
2026-04-15,BH-FG (overflow / secondary),51521,,0,51521,,,,,51521,,SAP OnHand only — no ceiling on file for this godown; no dispatch-lag correction applied
2026-04-15,BH-SC (overflow / secondary),0,,0,0,,,,,0,,SAP OnHand only — no ceiling on file for this godown; no dispatch-lag correction applied
2026-04-16,BH-PF,65988,0,0,65988,377000,311012,17.5,0,65988,0,SAP OnHand ONLY — no physical dispatch record exists this far back
2026-04-16,OIL-FG-TOTAL (BH-BT+BH-PF),65988,0,0,65988,377000,311012,17.5,0,65988,0,SAP OnHand ONLY — no physical dispatch record exists this far back
2026-04-16,GP-FG (overflow / secondary),612225,,0,612225,,,,,612225,,SAP OnHand only — no ceiling on file for this godown; no dispatch-lag correction applied
2026-04-16,BH-FG (overflow / secondary),33905,,0,33905,,,,,33905,,SAP OnHand only — no ceiling on file for this godown; no dispatch-lag correction applied
2026-04-16,BH-SC (overflow / secondary),0,,0,0,,,,,0,,SAP OnHand only — no ceiling on file for this godown; no dispatch-lag correction applied
2026-04-17,BH-PF,58412,0,0,58412,377000,318588,15.5,0,58412,0,SAP OnHand ONLY — no physical dispatch record exists this far back
2026-04-17,OIL-FG-TOTAL (BH-BT+BH-PF),58412,0,0,58412,377000,318588,15.5,0,58412,0,SAP OnHand ONLY — no physical dispatch record exists this far back
2026-04-17,GP-FG (overflow / secondary),647499,,0,647499,,,,,647499,,SAP OnHand only — no ceiling on file for this godown; no dispatch-lag correction applied
2026-04-17,BH-FG (overflow / secondary),33865,,0,33865,,,,,33865,,SAP OnHand only — no ceiling on file for this godown; no dispatch-lag correction applied
2026-04-17,BH-SC (overflow / secondary),0,,0,0,,,,,0,,SAP OnHand only — no ceiling on file for this godown; no dispatch-lag correction applied
2026-04-18,BH-PF,138274,0,0,138274,377000,238726,36.7,0,138274,0,SAP OnHand ONLY — no physical dispatch record exists this far back
2026-04-18,OIL-FG-TOTAL (BH-BT+BH-PF),138274,0,0,138274,377000,238726,36.7,0,138274,0,SAP OnHand ONLY — no physical dispatch record exists this far back
2026-04-18,GP-FG (overflow / secondary),647499,,0,647499,,,,,647499,,SAP OnHand only — no ceiling on file for this godown; no dispatch-lag correction applied
2026-04-18,BH-FG (overflow / secondary),33865,,0,33865,,,,,33865,,SAP OnHand only — no ceiling on file for this godown; no dispatch-lag correction applied
2026-04-18,BH-SC (overflow / secondary),0,,0,0,,,,,0,,SAP OnHand only — no ceiling on file for this godown; no dispatch-lag correction applied
2026-04-19,BH-PF,138274,0,0,138274,377000,238726,36.7,0,138274,0,SAP OnHand ONLY — no physical dispatch record exists this far back
2026-04-19,OIL-FG-TOTAL (BH-BT+BH-PF),138274,0,0,138274,377000,238726,36.7,0,138274,0,SAP OnHand ONLY — no physical dispatch record exists this far back
2026-04-19,GP-FG (overflow / secondary),647499,,0,647499,,,,,647499,,SAP OnHand only — no ceiling on file for this godown; no dispatch-lag correction applied
2026-04-19,BH-FG (overflow / secondary),33865,,0,33865,,,,,33865,,SAP OnHand only — no ceiling on file for this godown; no dispatch-lag correction applied
2026-04-19,BH-SC (overflow / secondary),0,,0,0,,,,,0,,SAP OnHand only — no ceiling on file for this godown; no dispatch-lag correction applied
2026-04-20,BH-PF,64511,0,0,64511,377000,312489,17.1,0,64511,0,SAP OnHand ONLY — no physical dispatch record exists this far back
2026-04-20,OIL-FG-TOTAL (BH-BT+BH-PF),64511,0,0,64511,377000,312489,17.1,0,64511,0,SAP OnHand ONLY — no physical dispatch record exists this far back
2026-04-20,GP-FG (overflow / secondary),641695,,0,641695,,,,,641695,,SAP OnHand only — no ceiling on file for this godown; no dispatch-lag correction applied
2026-04-20,BH-FG (overflow / secondary),33865,,0,33865,,,,,33865,,SAP OnHand only — no ceiling on file for this godown; no dispatch-lag correction applied
2026-04-20,BH-SC (overflow / secondary),0,,0,0,,,,,0,,SAP OnHand only — no ceiling on file for this godown; no dispatch-lag correction applied
2026-04-21,BH-PF,45111,0,0,45111,377000,331889,12.0,0,45111,0,SAP OnHand ONLY — no physical dispatch record exists this far back
2026-04-21,OIL-FG-TOTAL (BH-BT+BH-PF),45111,0,0,45111,377000,331889,12.0,0,45111,0,SAP OnHand ONLY — no physical dispatch record exists this far back
2026-04-21,GP-FG (overflow / secondary),646903,,0,646903,,,,,646903,,SAP OnHand only — no ceiling on file for this godown; no dispatch-lag correction applied
2026-04-21,BH-FG (overflow / secondary),33865,,0,33865,,,,,33865,,SAP OnHand only — no ceiling on file for this godown; no dispatch-lag correction applied
2026-04-21,BH-SC (overflow / secondary),0,,0,0,,,,,0,,SAP OnHand only — no ceiling on file for this godown; no dispatch-lag correction applied
2026-04-22,BH-PF,37989,0,0,37989,377000,339011,10.1,0,37989,0,SAP OnHand ONLY — no physical dispatch record exists this far back
2026-04-22,OIL-FG-TOTAL (BH-BT+BH-PF),37989,0,0,37989,377000,339011,10.1,0,37989,0,SAP OnHand ONLY — no physical dispatch record exists this far back
2026-04-22,GP-FG (overflow / secondary),669957,,0,669957,,,,,669957,,SAP OnHand only — no ceiling on file for this godown; no dispatch-lag correction applied
2026-04-22,BH-FG (overflow / secondary),33865,,0,33865,,,,,33865,,SAP OnHand only — no ceiling on file for this godown; no dispatch-lag correction applied
2026-04-22,BH-SC (overflow / secondary),0,,0,0,,,,,0,,SAP OnHand only — no ceiling on file for this godown; no dispatch-lag correction applied
2026-04-23,BH-PF,42868,0,0,42868,377000,334132,11.4,0,42868,0,SAP OnHand ONLY — no physical dispatch record exists this far back
2026-04-23,OIL-FG-TOTAL (BH-BT+BH-PF),42868,0,0,42868,377000,334132,11.4,0,42868,0,SAP OnHand ONLY — no physical dispatch record exists this far back
2026-04-23,GP-FG (overflow / secondary),681646,,0,681646,,,,,681646,,SAP OnHand only — no ceiling on file for this godown; no dispatch-lag correction applied
2026-04-23,BH-FG (overflow / secondary),33865,,0,33865,,,,,33865,,SAP OnHand only — no ceiling on file for this godown; no dispatch-lag correction applied
2026-04-23,BH-SC (overflow / secondary),0,,0,0,,,,,0,,SAP OnHand only — no ceiling on file for this godown; no dispatch-lag correction applied
2026-04-24,BH-PF,28515,0,0,28515,377000,348484,7.6,0,28515,0,SAP OnHand ONLY — no physical dispatch record exists this far back
2026-04-24,OIL-FG-TOTAL (BH-BT+BH-PF),28515,0,0,28515,377000,348484,7.6,0,28515,0,SAP OnHand ONLY — no physical dispatch record exists this far back
2026-04-24,GP-FG (overflow / secondary),672586,,0,672586,,,,,672586,,SAP OnHand only — no ceiling on file for this godown; no dispatch-lag correction applied
2026-04-24,BH-FG (overflow / secondary),33865,,0,33865,,,,,33865,,SAP OnHand only — no ceiling on file for this godown; no dispatch-lag correction applied
2026-04-24,BH-SC (overflow / secondary),0,,0,0,,,,,0,,SAP OnHand only — no ceiling on file for this godown; no dispatch-lag correction applied
2026-04-25,BH-PF,51296,0,0,51296,377000,325704,13.6,0,51296,0,SAP OnHand ONLY — no physical dispatch record exists this far back
2026-04-25,OIL-FG-TOTAL (BH-BT+BH-PF),51296,0,0,51296,377000,325704,13.6,0,51296,0,SAP OnHand ONLY — no physical dispatch record exists this far back
2026-04-25,GP-FG (overflow / secondary),703346,,0,703346,,,,,703346,,SAP OnHand only — no ceiling on file for this godown; no dispatch-lag correction applied
2026-04-25,BH-FG (overflow / secondary),32784,,0,32784,,,,,32784,,SAP OnHand only — no ceiling on file for this godown; no dispatch-lag correction applied
2026-04-25,BH-SC (overflow / secondary),23405,,0,23405,,,,,23405,,SAP OnHand only — no ceiling on file for this godown; no dispatch-lag correction applied
2026-04-26,BH-PF,51296,0,0,51296,377000,325704,13.6,0,51296,0,SAP OnHand ONLY — no physical dispatch record exists this far back
2026-04-26,OIL-FG-TOTAL (BH-BT+BH-PF),51296,0,0,51296,377000,325704,13.6,0,51296,0,SAP OnHand ONLY — no physical dispatch record exists this far back
2026-04-26,GP-FG (overflow / secondary),703346,,0,703346,,,,,703346,,SAP OnHand only — no ceiling on file for this godown; no dispatch-lag correction applied
2026-04-26,BH-FG (overflow / secondary),32784,,0,32784,,,,,32784,,SAP OnHand only — no ceiling on file for this godown; no dispatch-lag correction applied
2026-04-26,BH-SC (overflow / secondary),23405,,0,23405,,,,,23405,,SAP OnHand only — no ceiling on file for this godown; no dispatch-lag correction applied
2026-04-27,BH-PF,45116,0,0,45116,377000,331884,12.0,0,45116,0,SAP OnHand ONLY — no physical dispatch record exists this far back
2026-04-27,OIL-FG-TOTAL (BH-BT+BH-PF),45116,0,0,45116,377000,331884,12.0,0,45116,0,SAP OnHand ONLY — no physical dispatch record exists this far back
2026-04-27,GP-FG (overflow / secondary),685111,,0,685111,,,,,685111,,SAP OnHand only — no ceiling on file for this godown; no dispatch-lag correction applied
2026-04-27,BH-FG (overflow / secondary),32784,,0,32784,,,,,32784,,SAP OnHand only — no ceiling on file for this godown; no dispatch-lag correction applied
2026-04-27,BH-SC (overflow / secondary),16899,,0,16899,,,,,16899,,SAP OnHand only — no ceiling on file for this godown; no dispatch-lag correction applied
2026-04-28,BH-PF,33310,0,0,33310,377000,343690,8.8,0,33310,0,SAP OnHand ONLY — no physical dispatch record exists this far back
2026-04-28,OIL-FG-TOTAL (BH-BT+BH-PF),33310,0,0,33310,377000,343690,8.8,0,33310,0,SAP OnHand ONLY — no physical dispatch record exists this far back
2026-04-28,GP-FG (overflow / secondary),705698,,0,705698,,,,,705698,,SAP OnHand only — no ceiling on file for this godown; no dispatch-lag correction applied
2026-04-28,BH-FG (overflow / secondary),32784,,0,32784,,,,,32784,,SAP OnHand only — no ceiling on file for this godown; no dispatch-lag correction applied
2026-04-28,BH-SC (overflow / secondary),16899,,0,16899,,,,,16899,,SAP OnHand only — no ceiling on file for this godown; no dispatch-lag correction applied
2026-04-29,BH-PF,48350,0,0,48350,377000,328650,12.8,0,48350,0,SAP OnHand ONLY — no physical dispatch record exists this far back
2026-04-29,OIL-FG-TOTAL (BH-BT+BH-PF),48350,0,0,48350,377000,328650,12.8,0,48350,0,SAP OnHand ONLY — no physical dispatch record exists this far back
2026-04-29,GP-FG (overflow / secondary),701187,,0,701187,,,,,701187,,SAP OnHand only — no ceiling on file for this godown; no dispatch-lag correction applied
2026-04-29,BH-FG (overflow / secondary),32811,,0,32811,,,,,32811,,SAP OnHand only — no ceiling on file for this godown; no dispatch-lag correction applied
2026-04-29,BH-SC (overflow / secondary),17778,,0,17778,,,,,17778,,SAP OnHand only — no ceiling on file for this godown; no dispatch-lag correction applied
2026-04-30,BH-PF,58910,0,0,58910,377000,318090,15.6,0,58910,0,SAP OnHand ONLY — no physical dispatch record exists this far back
2026-04-30,OIL-FG-TOTAL (BH-BT+BH-PF),58910,0,0,58910,377000,318090,15.6,0,58910,0,SAP OnHand ONLY — no physical dispatch record exists this far back
2026-04-30,GP-FG (overflow / secondary),436230,,0,436230,,,,,436230,,SAP OnHand only — no ceiling on file for this godown; no dispatch-lag correction applied
2026-04-30,BH-FG (overflow / secondary),32784,,0,32784,,,,,32784,,SAP OnHand only — no ceiling on file for this godown; no dispatch-lag correction applied
2026-04-30,BH-SC (overflow / secondary),17778,,0,17778,,,,,17778,,SAP OnHand only — no ceiling on file for this godown; no dispatch-lag correction applied
2026-05-01,BH-PF,58910,0,0,58910,377000,318090,15.6,0,58910,0,SAP OnHand ONLY — no physical dispatch record exists this far back
2026-05-01,OIL-FG-TOTAL (BH-BT+BH-PF),58910,0,0,58910,377000,318090,15.6,0,58910,0,SAP OnHand ONLY — no physical dispatch record exists this far back
2026-05-01,GP-FG (overflow / secondary),432230,,0,432230,,,,,432230,,SAP OnHand only — no ceiling on file for this godown; no dispatch-lag correction applied
2026-05-01,BH-FG (overflow / secondary),32784,,0,32784,,,,,32784,,SAP OnHand only — no ceiling on file for this godown; no dispatch-lag correction applied
2026-05-01,BH-SC (overflow / secondary),17778,,0,17778,,,,,17778,,SAP OnHand only — no ceiling on file for this godown; no dispatch-lag correction applied
2026-05-02,BH-PF,51629,0,0,51629,377000,325371,13.7,0,51629,0,SAP OnHand ONLY — no physical dispatch record exists this far back
2026-05-02,OIL-FG-TOTAL (BH-BT+BH-PF),51629,0,0,51629,377000,325371,13.7,0,51629,0,SAP OnHand ONLY — no physical dispatch record exists this far back
2026-05-02,GP-FG (overflow / secondary),438645,,0,438645,,,,,438645,,SAP OnHand only — no ceiling on file for this godown; no dispatch-lag correction applied
2026-05-02,BH-FG (overflow / secondary),32784,,0,32784,,,,,32784,,SAP OnHand only — no ceiling on file for this godown; no dispatch-lag correction applied
2026-05-02,BH-SC (overflow / secondary),17778,,0,17778,,,,,17778,,SAP OnHand only — no ceiling on file for this godown; no dispatch-lag correction applied
2026-05-03,BH-PF,51629,0,0,51629,377000,325371,13.7,0,51629,0,SAP OnHand ONLY — no physical dispatch record exists this far back
2026-05-03,OIL-FG-TOTAL (BH-BT+BH-PF),51629,0,0,51629,377000,325371,13.7,0,51629,0,SAP OnHand ONLY — no physical dispatch record exists this far back
2026-05-03,GP-FG (overflow / secondary),438645,,0,438645,,,,,438645,,SAP OnHand only — no ceiling on file for this godown; no dispatch-lag correction applied
2026-05-03,BH-FG (overflow / secondary),32784,,0,32784,,,,,32784,,SAP OnHand only — no ceiling on file for this godown; no dispatch-lag correction applied
2026-05-03,BH-SC (overflow / secondary),17778,,0,17778,,,,,17778,,SAP OnHand only — no ceiling on file for this godown; no dispatch-lag correction applied
2026-05-04,BH-PF,27196,0,0,27196,377000,349804,7.2,0,27196,0,SAP OnHand ONLY — no physical dispatch record exists this far back
2026-05-04,OIL-FG-TOTAL (BH-BT+BH-PF),27196,0,0,27196,377000,349804,7.2,0,27196,0,SAP OnHand ONLY — no physical dispatch record exists this far back
2026-05-04,GP-FG (overflow / secondary),441115,,0,441115,,,,,441115,,SAP OnHand only — no ceiling on file for this godown; no dispatch-lag correction applied
2026-05-04,BH-FG (overflow / secondary),32784,,0,32784,,,,,32784,,SAP OnHand only — no ceiling on file for this godown; no dispatch-lag correction applied
2026-05-04,BH-SC (overflow / secondary),17778,,0,17778,,,,,17778,,SAP OnHand only — no ceiling on file for this godown; no dispatch-lag correction applied
2026-05-05,BH-PF,29839,0,0,29839,377000,347161,7.9,0,29839,0,SAP OnHand ONLY — no physical dispatch record exists this far back
2026-05-05,OIL-FG-TOTAL (BH-BT+BH-PF),29839,0,0,29839,377000,347161,7.9,0,29839,0,SAP OnHand ONLY — no physical dispatch record exists this far back
2026-05-05,GP-FG (overflow / secondary),441688,,0,441688,,,,,441688,,SAP OnHand only — no ceiling on file for this godown; no dispatch-lag correction applied
2026-05-05,BH-FG (overflow / secondary),32784,,0,32784,,,,,32784,,SAP OnHand only — no ceiling on file for this godown; no dispatch-lag correction applied
2026-05-05,BH-SC (overflow / secondary),17778,,0,17778,,,,,17778,,SAP OnHand only — no ceiling on file for this godown; no dispatch-lag correction applied
2026-05-06,BH-PF,4272,0,0,4272,377000,372728,1.1,0,4272,0,SAP OnHand ONLY — no physical dispatch record exists this far back
2026-05-06,OIL-FG-TOTAL (BH-BT+BH-PF),4272,0,0,4272,377000,372728,1.1,0,4272,0,SAP OnHand ONLY — no physical dispatch record exists this far back
2026-05-06,GP-FG (overflow / secondary),463680,,0,463680,,,,,463680,,SAP OnHand only — no ceiling on file for this godown; no dispatch-lag correction applied
2026-05-06,BH-FG (overflow / secondary),32784,,0,32784,,,,,32784,,SAP OnHand only — no ceiling on file for this godown; no dispatch-lag correction applied
2026-05-06,BH-SC (overflow / secondary),17355,,0,17355,,,,,17355,,SAP OnHand only — no ceiling on file for this godown; no dispatch-lag correction applied
2026-05-07,BH-PF,7113,0,0,7113,377000,369887,1.9,0,7113,0,SAP OnHand ONLY — no physical dispatch record exists this far back
2026-05-07,OIL-FG-TOTAL (BH-BT+BH-PF),7113,0,0,7113,377000,369887,1.9,0,7113,0,SAP OnHand ONLY — no physical dispatch record exists this far back
2026-05-07,GP-FG (overflow / secondary),465414,,0,465414,,,,,465414,,SAP OnHand only — no ceiling on file for this godown; no dispatch-lag correction applied
2026-05-07,BH-FG (overflow / secondary),32784,,0,32784,,,,,32784,,SAP OnHand only — no ceiling on file for this godown; no dispatch-lag correction applied
2026-05-07,BH-SC (overflow / secondary),17355,,0,17355,,,,,17355,,SAP OnHand only — no ceiling on file for this godown; no dispatch-lag correction applied
2026-05-08,BH-PF,9531,0,0,9531,377000,367469,2.5,0,9531,0,SAP OnHand ONLY — no physical dispatch record exists this far back
2026-05-08,OIL-FG-TOTAL (BH-BT+BH-PF),9531,0,0,9531,377000,367469,2.5,0,9531,0,SAP OnHand ONLY — no physical dispatch record exists this far back
2026-05-08,GP-FG (overflow / secondary),462251,,0,462251,,,,,462251,,SAP OnHand only — no ceiling on file for this godown; no dispatch-lag correction applied
2026-05-08,BH-FG (overflow / secondary),32784,,0,32784,,,,,32784,,SAP OnHand only — no ceiling on file for this godown; no dispatch-lag correction applied
2026-05-08,BH-SC (overflow / secondary),17355,,0,17355,,,,,17355,,SAP OnHand only — no ceiling on file for this godown; no dispatch-lag correction applied
2026-05-09,BH-PF,8270,0,0,8270,377000,368730,2.2,0,8270,0,SAP OnHand ONLY — no physical dispatch record exists this far back
2026-05-09,OIL-FG-TOTAL (BH-BT+BH-PF),8270,0,0,8270,377000,368730,2.2,0,8270,0,SAP OnHand ONLY — no physical dispatch record exists this far back
2026-05-09,GP-FG (overflow / secondary),447356,,0,447356,,,,,447356,,SAP OnHand only — no ceiling on file for this godown; no dispatch-lag correction applied
2026-05-09,BH-FG (overflow / secondary),32784,,0,32784,,,,,32784,,SAP OnHand only — no ceiling on file for this godown; no dispatch-lag correction applied
2026-05-09,BH-SC (overflow / secondary),17355,,0,17355,,,,,17355,,SAP OnHand only — no ceiling on file for this godown; no dispatch-lag correction applied
2026-05-10,BH-PF,8270,0,0,8270,377000,368730,2.2,0,8270,0,SAP OnHand ONLY — no physical dispatch record exists this far back
2026-05-10,OIL-FG-TOTAL (BH-BT+BH-PF),8270,0,0,8270,377000,368730,2.2,0,8270,0,SAP OnHand ONLY — no physical dispatch record exists this far back
2026-05-10,GP-FG (overflow / secondary),447356,,0,447356,,,,,447356,,SAP OnHand only — no ceiling on file for this godown; no dispatch-lag correction applied
2026-05-10,BH-FG (overflow / secondary),32784,,0,32784,,,,,32784,,SAP OnHand only — no ceiling on file for this godown; no dispatch-lag correction applied
2026-05-10,BH-SC (overflow / secondary),17355,,0,17355,,,,,17355,,SAP OnHand only — no ceiling on file for this godown; no dispatch-lag correction applied
2026-05-11,BH-PF,14838,0,0,14838,377000,362162,3.9,0,14838,0,SAP OnHand ONLY — no physical dispatch record exists this far back
2026-05-11,OIL-FG-TOTAL (BH-BT+BH-PF),14838,0,0,14838,377000,362162,3.9,0,14838,0,SAP OnHand ONLY — no physical dispatch record exists this far back
2026-05-11,GP-FG (overflow / secondary),445639,,0,445639,,,,,445639,,SAP OnHand only — no ceiling on file for this godown; no dispatch-lag correction applied
2026-05-11,BH-FG (overflow / secondary),32784,,0,32784,,,,,32784,,SAP OnHand only — no ceiling on file for this godown; no dispatch-lag correction applied
2026-05-11,BH-SC (overflow / secondary),17355,,0,17355,,,,,17355,,SAP OnHand only — no ceiling on file for this godown; no dispatch-lag correction applied
2026-05-12,BH-PF,16750,0,0,16750,377000,360250,4.4,0,16750,0,SAP OnHand ONLY — no physical dispatch record exists this far back
2026-05-12,OIL-FG-TOTAL (BH-BT+BH-PF),16750,0,0,16750,377000,360250,4.4,0,16750,0,SAP OnHand ONLY — no physical dispatch record exists this far back
2026-05-12,GP-FG (overflow / secondary),430976,,0,430976,,,,,430976,,SAP OnHand only — no ceiling on file for this godown; no dispatch-lag correction applied
2026-05-12,BH-FG (overflow / secondary),31684,,0,31684,,,,,31684,,SAP OnHand only — no ceiling on file for this godown; no dispatch-lag correction applied
2026-05-12,BH-SC (overflow / secondary),17355,,0,17355,,,,,17355,,SAP OnHand only — no ceiling on file for this godown; no dispatch-lag correction applied
2026-05-13,BH-PF,15251,0,0,15251,377000,361749,4.0,0,15251,0,SAP OnHand ONLY — no physical dispatch record exists this far back
2026-05-13,OIL-FG-TOTAL (BH-BT+BH-PF),15251,0,0,15251,377000,361749,4.0,0,15251,0,SAP OnHand ONLY — no physical dispatch record exists this far back
2026-05-13,GP-FG (overflow / secondary),446502,,0,446502,,,,,446502,,SAP OnHand only — no ceiling on file for this godown; no dispatch-lag correction applied
2026-05-13,BH-FG (overflow / secondary),30934,,0,30934,,,,,30934,,SAP OnHand only — no ceiling on file for this godown; no dispatch-lag correction applied
2026-05-13,BH-SC (overflow / secondary),17355,,0,17355,,,,,17355,,SAP OnHand only — no ceiling on file for this godown; no dispatch-lag correction applied
2026-05-14,BH-PF,22856,0,0,22856,377000,354144,6.1,0,22856,0,SAP OnHand ONLY — no physical dispatch record exists this far back
2026-05-14,OIL-FG-TOTAL (BH-BT+BH-PF),22856,0,0,22856,377000,354144,6.1,0,22856,0,SAP OnHand ONLY — no physical dispatch record exists this far back
2026-05-14,GP-FG (overflow / secondary),436193,,0,436193,,,,,436193,,SAP OnHand only — no ceiling on file for this godown; no dispatch-lag correction applied
2026-05-14,BH-FG (overflow / secondary),30934,,0,30934,,,,,30934,,SAP OnHand only — no ceiling on file for this godown; no dispatch-lag correction applied
2026-05-14,BH-SC (overflow / secondary),17350,,0,17350,,,,,17350,,SAP OnHand only — no ceiling on file for this godown; no dispatch-lag correction applied
2026-05-15,BH-PF,32418,0,0,32418,377000,344582,8.6,0,32418,0,SAP OnHand ONLY — no physical dispatch record exists this far back
2026-05-15,OIL-FG-TOTAL (BH-BT+BH-PF),32418,0,0,32418,377000,344582,8.6,0,32418,0,SAP OnHand ONLY — no physical dispatch record exists this far back
2026-05-15,GP-FG (overflow / secondary),446463,,0,446463,,,,,446463,,SAP OnHand only — no ceiling on file for this godown; no dispatch-lag correction applied
2026-05-15,BH-FG (overflow / secondary),32784,,0,32784,,,,,32784,,SAP OnHand only — no ceiling on file for this godown; no dispatch-lag correction applied
2026-05-15,BH-SC (overflow / secondary),17350,,0,17350,,,,,17350,,SAP OnHand only — no ceiling on file for this godown; no dispatch-lag correction applied
2026-05-16,BH-PF,18552,0,0,18552,377000,358448,4.9,0,18552,0,SAP OnHand ONLY — no physical dispatch record exists this far back
2026-05-16,OIL-FG-TOTAL (BH-BT+BH-PF),18552,0,0,18552,377000,358448,4.9,0,18552,0,SAP OnHand ONLY — no physical dispatch record exists this far back
2026-05-16,GP-FG (overflow / secondary),440058,,0,440058,,,,,440058,,SAP OnHand only — no ceiling on file for this godown; no dispatch-lag correction applied
2026-05-16,BH-FG (overflow / secondary),32784,,0,32784,,,,,32784,,SAP OnHand only — no ceiling on file for this godown; no dispatch-lag correction applied
2026-05-16,BH-SC (overflow / secondary),17350,,0,17350,,,,,17350,,SAP OnHand only — no ceiling on file for this godown; no dispatch-lag correction applied
2026-05-17,BH-PF,18552,0,0,18552,377000,358448,4.9,0,18552,0,SAP OnHand ONLY — no physical dispatch record exists this far back
2026-05-17,OIL-FG-TOTAL (BH-BT+BH-PF),18552,0,0,18552,377000,358448,4.9,0,18552,0,SAP OnHand ONLY — no physical dispatch record exists this far back
2026-05-17,GP-FG (overflow / secondary),440058,,0,440058,,,,,440058,,SAP OnHand only — no ceiling on file for this godown; no dispatch-lag correction applied
2026-05-17,BH-FG (overflow / secondary),32784,,0,32784,,,,,32784,,SAP OnHand only — no ceiling on file for this godown; no dispatch-lag correction applied
2026-05-17,BH-SC (overflow / secondary),17350,,0,17350,,,,,17350,,SAP OnHand only — no ceiling on file for this godown; no dispatch-lag correction applied
2026-05-18,BH-PF,64099,0,0,64099,377000,312901,17.0,0,64099,0,SAP OnHand ONLY — no physical dispatch record exists this far back
2026-05-18,OIL-FG-TOTAL (BH-BT+BH-PF),64099,0,0,64099,377000,312901,17.0,0,64099,0,SAP OnHand ONLY — no physical dispatch record exists this far back
2026-05-18,GP-FG (overflow / secondary),465523,,0,465523,,,,,465523,,SAP OnHand only — no ceiling on file for this godown; no dispatch-lag correction applied
2026-05-18,BH-FG (overflow / secondary),32784,,0,32784,,,,,32784,,SAP OnHand only — no ceiling on file for this godown; no dispatch-lag correction applied
2026-05-18,BH-SC (overflow / secondary),17350,,0,17350,,,,,17350,,SAP OnHand only — no ceiling on file for this godown; no dispatch-lag correction applied
2026-05-19,BH-PF,41245,0,0,41245,377000,335755,10.9,0,41245,0,SAP OnHand ONLY — no physical dispatch record exists this far back
2026-05-19,OIL-FG-TOTAL (BH-BT+BH-PF),41245,0,0,41245,377000,335755,10.9,0,41245,0,SAP OnHand ONLY — no physical dispatch record exists this far back
2026-05-19,GP-FG (overflow / secondary),475693,,0,475693,,,,,475693,,SAP OnHand only — no ceiling on file for this godown; no dispatch-lag correction applied
2026-05-19,BH-FG (overflow / secondary),32784,,0,32784,,,,,32784,,SAP OnHand only — no ceiling on file for this godown; no dispatch-lag correction applied
2026-05-19,BH-SC (overflow / secondary),17350,,0,17350,,,,,17350,,SAP OnHand only — no ceiling on file for this godown; no dispatch-lag correction applied
2026-05-20,BH-PF,34536,0,0,34536,377000,342464,9.2,0,34536,0,SAP OnHand ONLY — no physical dispatch record exists this far back
2026-05-20,OIL-FG-TOTAL (BH-BT+BH-PF),34536,0,0,34536,377000,342464,9.2,0,34536,0,SAP OnHand ONLY — no physical dispatch record exists this far back
2026-05-20,GP-FG (overflow / secondary),478331,,0,478331,,,,,478331,,SAP OnHand only — no ceiling on file for this godown; no dispatch-lag correction applied
2026-05-20,BH-FG (overflow / secondary),32784,,0,32784,,,,,32784,,SAP OnHand only — no ceiling on file for this godown; no dispatch-lag correction applied
2026-05-20,BH-SC (overflow / secondary),17350,,0,17350,,,,,17350,,SAP OnHand only — no ceiling on file for this godown; no dispatch-lag correction applied
2026-05-21,BH-PF,38505,0,0,38505,377000,338495,10.2,0,38505,0,SAP OnHand ONLY — no physical dispatch record exists this far back
2026-05-21,OIL-FG-TOTAL (BH-BT+BH-PF),38505,0,0,38505,377000,338495,10.2,0,38505,0,SAP OnHand ONLY — no physical dispatch record exists this far back
2026-05-21,GP-FG (overflow / secondary),467061,,0,467061,,,,,467061,,SAP OnHand only — no ceiling on file for this godown; no dispatch-lag correction applied
2026-05-21,BH-FG (overflow / secondary),32784,,0,32784,,,,,32784,,SAP OnHand only — no ceiling on file for this godown; no dispatch-lag correction applied
2026-05-21,BH-SC (overflow / secondary),17350,,0,17350,,,,,17350,,SAP OnHand only — no ceiling on file for this godown; no dispatch-lag correction applied
2026-05-22,BH-PF,54142,0,0,54142,377000,322858,14.4,0,54142,0,SAP OnHand ONLY — no physical dispatch record exists this far back
2026-05-22,OIL-FG-TOTAL (BH-BT+BH-PF),54142,0,0,54142,377000,322858,14.4,0,54142,0,SAP OnHand ONLY — no physical dispatch record exists this far back
2026-05-22,GP-FG (overflow / secondary),472058,,0,472058,,,,,472058,,SAP OnHand only — no ceiling on file for this godown; no dispatch-lag correction applied
2026-05-22,BH-FG (overflow / secondary),32784,,0,32784,,,,,32784,,SAP OnHand only — no ceiling on file for this godown; no dispatch-lag correction applied
2026-05-22,BH-SC (overflow / secondary),17411,,0,17411,,,,,17411,,SAP OnHand only — no ceiling on file for this godown; no dispatch-lag correction applied
2026-05-23,BH-PF,50544,0,0,50544,377000,326456,13.4,0,50544,0,SAP OnHand ONLY — no physical dispatch record exists this far back
2026-05-23,OIL-FG-TOTAL (BH-BT+BH-PF),50544,0,0,50544,377000,326456,13.4,0,50544,0,SAP OnHand ONLY — no physical dispatch record exists this far back
2026-05-23,GP-FG (overflow / secondary),487600,,0,487600,,,,,487600,,SAP OnHand only — no ceiling on file for this godown; no dispatch-lag correction applied
2026-05-23,BH-FG (overflow / secondary),32784,,0,32784,,,,,32784,,SAP OnHand only — no ceiling on file for this godown; no dispatch-lag correction applied
2026-05-23,BH-SC (overflow / secondary),17411,,0,17411,,,,,17411,,SAP OnHand only — no ceiling on file for this godown; no dispatch-lag correction applied
2026-05-24,BH-PF,50544,0,0,50544,377000,326456,13.4,0,50544,0,SAP OnHand ONLY — no physical dispatch record exists this far back
2026-05-24,OIL-FG-TOTAL (BH-BT+BH-PF),50544,0,0,50544,377000,326456,13.4,0,50544,0,SAP OnHand ONLY — no physical dispatch record exists this far back
2026-05-24,GP-FG (overflow / secondary),487598,,0,487598,,,,,487598,,SAP OnHand only — no ceiling on file for this godown; no dispatch-lag correction applied
2026-05-24,BH-FG (overflow / secondary),32784,,0,32784,,,,,32784,,SAP OnHand only — no ceiling on file for this godown; no dispatch-lag correction applied
2026-05-24,BH-SC (overflow / secondary),17411,,0,17411,,,,,17411,,SAP OnHand only — no ceiling on file for this godown; no dispatch-lag correction applied
2026-05-25,BH-PF,80658,0,0,80658,377000,296342,21.4,0,80658,0,SAP OnHand ONLY — no physical dispatch record exists this far back
2026-05-25,OIL-FG-TOTAL (BH-BT+BH-PF),80658,0,0,80658,377000,296342,21.4,0,80658,0,SAP OnHand ONLY — no physical dispatch record exists this far back
2026-05-25,GP-FG (overflow / secondary),511707,,0,511707,,,,,511707,,SAP OnHand only — no ceiling on file for this godown; no dispatch-lag correction applied
2026-05-25,BH-FG (overflow / secondary),32604,,0,32604,,,,,32604,,SAP OnHand only — no ceiling on file for this godown; no dispatch-lag correction applied
2026-05-25,BH-SC (overflow / secondary),17411,,0,17411,,,,,17411,,SAP OnHand only — no ceiling on file for this godown; no dispatch-lag correction applied
2026-05-26,BH-PF,40756,0,0,40756,377000,336244,10.8,0,40756,0,SAP OnHand ONLY — no physical dispatch record exists this far back
2026-05-26,OIL-FG-TOTAL (BH-BT+BH-PF),40756,0,0,40756,377000,336244,10.8,0,40756,0,SAP OnHand ONLY — no physical dispatch record exists this far back
2026-05-26,GP-FG (overflow / secondary),515732,,0,515732,,,,,515732,,SAP OnHand only — no ceiling on file for this godown; no dispatch-lag correction applied
2026-05-26,BH-FG (overflow / secondary),32604,,0,32604,,,,,32604,,SAP OnHand only — no ceiling on file for this godown; no dispatch-lag correction applied
2026-05-26,BH-SC (overflow / secondary),17379,,0,17379,,,,,17379,,SAP OnHand only — no ceiling on file for this godown; no dispatch-lag correction applied
2026-05-27,BH-PF,42903,0,0,42903,377000,334097,11.4,0,42903,0,SAP OnHand ONLY — no physical dispatch record exists this far back
2026-05-27,OIL-FG-TOTAL (BH-BT+BH-PF),42903,0,0,42903,377000,334097,11.4,0,42903,0,SAP OnHand ONLY — no physical dispatch record exists this far back
2026-05-27,GP-FG (overflow / secondary),543457,,0,543457,,,,,543457,,SAP OnHand only — no ceiling on file for this godown; no dispatch-lag correction applied
2026-05-27,BH-FG (overflow / secondary),32604,,0,32604,,,,,32604,,SAP OnHand only — no ceiling on file for this godown; no dispatch-lag correction applied
2026-05-27,BH-SC (overflow / secondary),17379,,0,17379,,,,,17379,,SAP OnHand only — no ceiling on file for this godown; no dispatch-lag correction applied
2026-05-28,BH-PF,75099,0,0,75099,377000,301901,19.9,0,75099,0,SAP OnHand ONLY — no physical dispatch record exists this far back
2026-05-28,OIL-FG-TOTAL (BH-BT+BH-PF),75099,0,0,75099,377000,301901,19.9,0,75099,0,SAP OnHand ONLY — no physical dispatch record exists this far back
2026-05-28,GP-FG (overflow / secondary),601331,,0,601331,,,,,601331,,SAP OnHand only — no ceiling on file for this godown; no dispatch-lag correction applied
2026-05-28,BH-FG (overflow / secondary),32604,,0,32604,,,,,32604,,SAP OnHand only — no ceiling on file for this godown; no dispatch-lag correction applied
2026-05-28,BH-SC (overflow / secondary),17379,,0,17379,,,,,17379,,SAP OnHand only — no ceiling on file for this godown; no dispatch-lag correction applied
2026-05-29,BH-PF,45539,0,0,45539,377000,331461,12.1,0,45539,0,SAP OnHand ONLY — no physical dispatch record exists this far back
2026-05-29,OIL-FG-TOTAL (BH-BT+BH-PF),45539,0,0,45539,377000,331461,12.1,0,45539,0,SAP OnHand ONLY — no physical dispatch record exists this far back
2026-05-29,GP-FG (overflow / secondary),627865,,0,627865,,,,,627865,,SAP OnHand only — no ceiling on file for this godown; no dispatch-lag correction applied
2026-05-29,BH-FG (overflow / secondary),32604,,0,32604,,,,,32604,,SAP OnHand only — no ceiling on file for this godown; no dispatch-lag correction applied
2026-05-29,BH-SC (overflow / secondary),17379,,0,17379,,,,,17379,,SAP OnHand only — no ceiling on file for this godown; no dispatch-lag correction applied
2026-05-30,BH-PF,80549,0,0,80549,377000,296451,21.4,0,80549,0,SAP OnHand ONLY — no physical dispatch record exists this far back
2026-05-30,OIL-FG-TOTAL (BH-BT+BH-PF),80549,0,0,80549,377000,296451,21.4,0,80549,0,SAP OnHand ONLY — no physical dispatch record exists this far back
2026-05-30,GP-FG (overflow / secondary),606435,,0,606435,,,,,606435,,SAP OnHand only — no ceiling on file for this godown; no dispatch-lag correction applied
2026-05-30,BH-FG (overflow / secondary),32604,,0,32604,,,,,32604,,SAP OnHand only — no ceiling on file for this godown; no dispatch-lag correction applied
2026-05-30,BH-SC (overflow / secondary),17371,,0,17371,,,,,17371,,SAP OnHand only — no ceiling on file for this godown; no dispatch-lag correction applied
2026-05-31,BH-PF,43701,0,0,43701,377000,333299,11.6,0,43701,0,SAP OnHand ONLY — no physical dispatch record exists this far back
2026-05-31,OIL-FG-TOTAL (BH-BT+BH-PF),43701,0,0,43701,377000,333299,11.6,0,43701,0,SAP OnHand ONLY — no physical dispatch record exists this far back
2026-05-31,GP-FG (overflow / secondary),422888,,0,422888,,,,,422888,,SAP OnHand only — no ceiling on file for this godown; no dispatch-lag correction applied
2026-05-31,BH-FG (overflow / secondary),32604,,0,32604,,,,,32604,,SAP OnHand only — no ceiling on file for this godown; no dispatch-lag correction applied
2026-05-31,BH-SC (overflow / secondary),17371,,0,17371,,,,,17371,,SAP OnHand only — no ceiling on file for this godown; no dispatch-lag correction applied
2026-06-01,BH-PF,47674,0,0,47674,377000,329326,12.6,0,47674,0,SAP OnHand ONLY — no physical dispatch record exists this far back
2026-06-01,OIL-FG-TOTAL (BH-BT+BH-PF),47674,0,0,47674,377000,329326,12.6,0,47674,0,SAP OnHand ONLY — no physical dispatch record exists this far back
2026-06-01,GP-FG (overflow / secondary),423115,,0,423115,,,,,423115,,SAP OnHand only — no ceiling on file for this godown; no dispatch-lag correction applied
2026-06-01,BH-FG (overflow / secondary),32604,,0,32604,,,,,32604,,SAP OnHand only — no ceiling on file for this godown; no dispatch-lag correction applied
2026-06-01,BH-SC (overflow / secondary),17368,,0,17368,,,,,17368,,SAP OnHand only — no ceiling on file for this godown; no dispatch-lag correction applied
2026-06-02,BH-PF,19003,0,0,19003,377000,357997,5.0,0,19003,0,SAP OnHand ONLY — no physical dispatch record exists this far back
2026-06-02,OIL-FG-TOTAL (BH-BT+BH-PF),19003,0,0,19003,377000,357997,5.0,0,19003,0,SAP OnHand ONLY — no physical dispatch record exists this far back
2026-06-02,GP-FG (overflow / secondary),459969,,0,459969,,,,,459969,,SAP OnHand only — no ceiling on file for this godown; no dispatch-lag correction applied
2026-06-02,BH-FG (overflow / secondary),32604,,0,32604,,,,,32604,,SAP OnHand only — no ceiling on file for this godown; no dispatch-lag correction applied
2026-06-02,BH-SC (overflow / secondary),17368,,0,17368,,,,,17368,,SAP OnHand only — no ceiling on file for this godown; no dispatch-lag correction applied
2026-06-03,BH-PF,27048,0,0,27048,377000,349952,7.2,0,27048,0,SAP OnHand ONLY — no physical dispatch record exists this far back
2026-06-03,OIL-FG-TOTAL (BH-BT+BH-PF),27048,0,0,27048,377000,349952,7.2,0,27048,0,SAP OnHand ONLY — no physical dispatch record exists this far back
2026-06-03,GP-FG (overflow / secondary),475447,,0,475447,,,,,475447,,SAP OnHand only — no ceiling on file for this godown; no dispatch-lag correction applied
2026-06-03,BH-FG (overflow / secondary),32604,,0,32604,,,,,32604,,SAP OnHand only — no ceiling on file for this godown; no dispatch-lag correction applied
2026-06-03,BH-SC (overflow / secondary),17368,,0,17368,,,,,17368,,SAP OnHand only — no ceiling on file for this godown; no dispatch-lag correction applied
2026-06-04,BH-PF,40108,0,0,40108,377000,336892,10.6,0,40108,0,SAP OnHand ONLY — no physical dispatch record exists this far back
2026-06-04,OIL-FG-TOTAL (BH-BT+BH-PF),40108,0,0,40108,377000,336892,10.6,0,40108,0,SAP OnHand ONLY — no physical dispatch record exists this far back
2026-06-04,GP-FG (overflow / secondary),501398,,0,501398,,,,,501398,,SAP OnHand only — no ceiling on file for this godown; no dispatch-lag correction applied
2026-06-04,BH-FG (overflow / secondary),32604,,0,32604,,,,,32604,,SAP OnHand only — no ceiling on file for this godown; no dispatch-lag correction applied
2026-06-04,BH-SC (overflow / secondary),17368,,0,17368,,,,,17368,,SAP OnHand only — no ceiling on file for this godown; no dispatch-lag correction applied
2026-06-05,BH-PF,13786,0,0,13786,377000,363214,3.7,0,13786,0,SAP OnHand ONLY — no physical dispatch record exists this far back
2026-06-05,OIL-FG-TOTAL (BH-BT+BH-PF),13786,0,0,13786,377000,363214,3.7,0,13786,0,SAP OnHand ONLY — no physical dispatch record exists this far back
2026-06-05,GP-FG (overflow / secondary),503047,,0,503047,,,,,503047,,SAP OnHand only — no ceiling on file for this godown; no dispatch-lag correction applied
2026-06-05,BH-FG (overflow / secondary),32604,,0,32604,,,,,32604,,SAP OnHand only — no ceiling on file for this godown; no dispatch-lag correction applied
2026-06-05,BH-SC (overflow / secondary),17350,,0,17350,,,,,17350,,SAP OnHand only — no ceiling on file for this godown; no dispatch-lag correction applied
2026-06-06,BH-PF,20258,0,0,20258,377000,356742,5.4,0,20258,0,SAP OnHand ONLY — no physical dispatch record exists this far back
2026-06-06,OIL-FG-TOTAL (BH-BT+BH-PF),20258,0,0,20258,377000,356742,5.4,0,20258,0,SAP OnHand ONLY — no physical dispatch record exists this far back
2026-06-06,GP-FG (overflow / secondary),516656,,0,516656,,,,,516656,,SAP OnHand only — no ceiling on file for this godown; no dispatch-lag correction applied
2026-06-06,BH-FG (overflow / secondary),32604,,0,32604,,,,,32604,,SAP OnHand only — no ceiling on file for this godown; no dispatch-lag correction applied
2026-06-06,BH-SC (overflow / secondary),17350,,0,17350,,,,,17350,,SAP OnHand only — no ceiling on file for this godown; no dispatch-lag correction applied
2026-06-07,BH-PF,20258,0,0,20258,377000,356742,5.4,0,20258,0,SAP OnHand ONLY — no physical dispatch record exists this far back
2026-06-07,OIL-FG-TOTAL (BH-BT+BH-PF),20258,0,0,20258,377000,356742,5.4,0,20258,0,SAP OnHand ONLY — no physical dispatch record exists this far back
2026-06-07,GP-FG (overflow / secondary),516656,,0,516656,,,,,516656,,SAP OnHand only — no ceiling on file for this godown; no dispatch-lag correction applied
2026-06-07,BH-FG (overflow / secondary),32604,,0,32604,,,,,32604,,SAP OnHand only — no ceiling on file for this godown; no dispatch-lag correction applied
2026-06-07,BH-SC (overflow / secondary),17350,,0,17350,,,,,17350,,SAP OnHand only — no ceiling on file for this godown; no dispatch-lag correction applied
2026-06-08,BH-PF,13650,0,0,13650,377000,363350,3.6,0,13650,0,SAP OnHand ONLY — no physical dispatch record exists this far back
2026-06-08,OIL-FG-TOTAL (BH-BT+BH-PF),13650,0,0,13650,377000,363350,3.6,0,13650,0,SAP OnHand ONLY — no physical dispatch record exists this far back
2026-06-08,GP-FG (overflow / secondary),525967,,0,525967,,,,,525967,,SAP OnHand only — no ceiling on file for this godown; no dispatch-lag correction applied
2026-06-08,BH-FG (overflow / secondary),32604,,0,32604,,,,,32604,,SAP OnHand only — no ceiling on file for this godown; no dispatch-lag correction applied
2026-06-08,BH-SC (overflow / secondary),17350,,0,17350,,,,,17350,,SAP OnHand only — no ceiling on file for this godown; no dispatch-lag correction applied
2026-06-09,BH-PF,13667,0,0,13667,377000,363333,3.6,0,13667,0,SAP OnHand ONLY — no physical dispatch record exists this far back
2026-06-09,OIL-FG-TOTAL (BH-BT+BH-PF),13667,0,0,13667,377000,363333,3.6,0,13667,0,SAP OnHand ONLY — no physical dispatch record exists this far back
2026-06-09,GP-FG (overflow / secondary),505007,,0,505007,,,,,505007,,SAP OnHand only — no ceiling on file for this godown; no dispatch-lag correction applied
2026-06-09,BH-FG (overflow / secondary),32604,,0,32604,,,,,32604,,SAP OnHand only — no ceiling on file for this godown; no dispatch-lag correction applied
2026-06-09,BH-SC (overflow / secondary),17350,,0,17350,,,,,17350,,SAP OnHand only — no ceiling on file for this godown; no dispatch-lag correction applied
2026-06-10,BH-PF,31550,0,0,31550,377000,345450,8.4,0,31550,0,SAP OnHand ONLY — no physical dispatch record exists this far back
2026-06-10,OIL-FG-TOTAL (BH-BT+BH-PF),31550,0,0,31550,377000,345450,8.4,0,31550,0,SAP OnHand ONLY — no physical dispatch record exists this far back
2026-06-10,GP-FG (overflow / secondary),561569,,0,561569,,,,,561569,,SAP OnHand only — no ceiling on file for this godown; no dispatch-lag correction applied
2026-06-10,BH-FG (overflow / secondary),32604,,0,32604,,,,,32604,,SAP OnHand only — no ceiling on file for this godown; no dispatch-lag correction applied
2026-06-10,BH-SC (overflow / secondary),17350,,0,17350,,,,,17350,,SAP OnHand only — no ceiling on file for this godown; no dispatch-lag correction applied
2026-06-11,BH-PF,39627,0,0,39627,377000,337373,10.5,0,39627,0,SAP OnHand ONLY — no physical dispatch record exists this far back
2026-06-11,OIL-FG-TOTAL (BH-BT+BH-PF),39627,0,0,39627,377000,337373,10.5,0,39627,0,SAP OnHand ONLY — no physical dispatch record exists this far back
2026-06-11,GP-FG (overflow / secondary),579657,,0,579657,,,,,579657,,SAP OnHand only — no ceiling on file for this godown; no dispatch-lag correction applied
2026-06-11,BH-FG (overflow / secondary),32604,,0,32604,,,,,32604,,SAP OnHand only — no ceiling on file for this godown; no dispatch-lag correction applied
2026-06-11,BH-SC (overflow / secondary),17350,,0,17350,,,,,17350,,SAP OnHand only — no ceiling on file for this godown; no dispatch-lag correction applied
2026-06-12,BH-PF,65757,0,0,65757,377000,311243,17.4,0,65757,0,SAP OnHand ONLY — no physical dispatch record exists this far back
2026-06-12,OIL-FG-TOTAL (BH-BT+BH-PF),65757,0,0,65757,377000,311243,17.4,0,65757,0,SAP OnHand ONLY — no physical dispatch record exists this far back
2026-06-12,GP-FG (overflow / secondary),627982,,0,627982,,,,,627982,,SAP OnHand only — no ceiling on file for this godown; no dispatch-lag correction applied
2026-06-12,BH-FG (overflow / secondary),32604,,0,32604,,,,,32604,,SAP OnHand only — no ceiling on file for this godown; no dispatch-lag correction applied
2026-06-12,BH-SC (overflow / secondary),17350,,0,17350,,,,,17350,,SAP OnHand only — no ceiling on file for this godown; no dispatch-lag correction applied
2026-06-13,BH-PF,74037,0,0,74037,377000,302963,19.6,0,74037,0,SAP OnHand ONLY — no physical dispatch record exists this far back
2026-06-13,OIL-FG-TOTAL (BH-BT+BH-PF),74037,0,0,74037,377000,302963,19.6,0,74037,0,SAP OnHand ONLY — no physical dispatch record exists this far back
2026-06-13,GP-FG (overflow / secondary),676335,,0,676335,,,,,676335,,SAP OnHand only — no ceiling on file for this godown; no dispatch-lag correction applied
2026-06-13,BH-FG (overflow / secondary),32604,,0,32604,,,,,32604,,SAP OnHand only — no ceiling on file for this godown; no dispatch-lag correction applied
2026-06-13,BH-SC (overflow / secondary),17350,,0,17350,,,,,17350,,SAP OnHand only — no ceiling on file for this godown; no dispatch-lag correction applied
2026-06-14,BH-PF,74037,0,0,74037,377000,302963,19.6,0,74037,0,SAP OnHand ONLY — no physical dispatch record exists this far back
2026-06-14,OIL-FG-TOTAL (BH-BT+BH-PF),74037,0,0,74037,377000,302963,19.6,0,74037,0,SAP OnHand ONLY — no physical dispatch record exists this far back
2026-06-14,GP-FG (overflow / secondary),676335,,0,676335,,,,,676335,,SAP OnHand only — no ceiling on file for this godown; no dispatch-lag correction applied
2026-06-14,BH-FG (overflow / secondary),32604,,0,32604,,,,,32604,,SAP OnHand only — no ceiling on file for this godown; no dispatch-lag correction applied
2026-06-14,BH-SC (overflow / secondary),17350,,0,17350,,,,,17350,,SAP OnHand only — no ceiling on file for this godown; no dispatch-lag correction applied
2026-06-15,BH-PF,70895,0,0,70895,377000,306105,18.8,0,70895,0,SAP OnHand ONLY — no physical dispatch record exists this far back
2026-06-15,OIL-FG-TOTAL (BH-BT+BH-PF),70895,0,0,70895,377000,306105,18.8,0,70895,0,SAP OnHand ONLY — no physical dispatch record exists this far back
2026-06-15,GP-FG (overflow / secondary),700787,,0,700787,,,,,700787,,SAP OnHand only — no ceiling on file for this godown; no dispatch-lag correction applied
2026-06-15,BH-FG (overflow / secondary),32604,,0,32604,,,,,32604,,SAP OnHand only — no ceiling on file for this godown; no dispatch-lag correction applied
2026-06-15,BH-SC (overflow / secondary),17350,,0,17350,,,,,17350,,SAP OnHand only — no ceiling on file for this godown; no dispatch-lag correction applied
2026-06-16,BH-PF,46449,0,0,46449,377000,330551,12.3,0,46449,0,SAP OnHand ONLY — no physical dispatch record exists this far back
2026-06-16,OIL-FG-TOTAL (BH-BT+BH-PF),46449,0,0,46449,377000,330551,12.3,0,46449,0,SAP OnHand ONLY — no physical dispatch record exists this far back
2026-06-16,GP-FG (overflow / secondary),696370,,0,696370,,,,,696370,,SAP OnHand only — no ceiling on file for this godown; no dispatch-lag correction applied
2026-06-16,BH-FG (overflow / secondary),32604,,0,32604,,,,,32604,,SAP OnHand only — no ceiling on file for this godown; no dispatch-lag correction applied
2026-06-16,BH-SC (overflow / secondary),17350,,0,17350,,,,,17350,,SAP OnHand only — no ceiling on file for this godown; no dispatch-lag correction applied
2026-06-17,BH-PF,72075,0,0,72075,377000,304925,19.1,0,72075,0,SAP OnHand ONLY — no physical dispatch record exists this far back
2026-06-17,OIL-FG-TOTAL (BH-BT+BH-PF),72075,0,0,72075,377000,304925,19.1,0,72075,0,SAP OnHand ONLY — no physical dispatch record exists this far back
2026-06-17,GP-FG (overflow / secondary),718476,,0,718476,,,,,718476,,SAP OnHand only — no ceiling on file for this godown; no dispatch-lag correction applied
2026-06-17,BH-FG (overflow / secondary),32604,,0,32604,,,,,32604,,SAP OnHand only — no ceiling on file for this godown; no dispatch-lag correction applied
2026-06-17,BH-SC (overflow / secondary),17349,,0,17349,,,,,17349,,SAP OnHand only — no ceiling on file for this godown; no dispatch-lag correction applied
2026-06-18,BH-PF,87231,0,0,87231,377000,289769,23.1,0,87231,0,SAP OnHand ONLY — no physical dispatch record exists this far back
2026-06-18,OIL-FG-TOTAL (BH-BT+BH-PF),87231,0,0,87231,377000,289769,23.1,0,87231,0,SAP OnHand ONLY — no physical dispatch record exists this far back
2026-06-18,GP-FG (overflow / secondary),722885,,0,722885,,,,,722885,,SAP OnHand only — no ceiling on file for this godown; no dispatch-lag correction applied
2026-06-18,BH-FG (overflow / secondary),32604,,0,32604,,,,,32604,,SAP OnHand only — no ceiling on file for this godown; no dispatch-lag correction applied
2026-06-18,BH-SC (overflow / secondary),17349,,0,17349,,,,,17349,,SAP OnHand only — no ceiling on file for this godown; no dispatch-lag correction applied
2026-06-19,BH-PF,77324,0,0,77324,377000,299676,20.5,0,77324,0,SAP OnHand ONLY — no physical dispatch record exists this far back
2026-06-19,OIL-FG-TOTAL (BH-BT+BH-PF),77324,0,0,77324,377000,299676,20.5,0,77324,0,SAP OnHand ONLY — no physical dispatch record exists this far back
2026-06-19,GP-FG (overflow / secondary),766507,,0,766507,,,,,766507,,SAP OnHand only — no ceiling on file for this godown; no dispatch-lag correction applied
2026-06-19,BH-FG (overflow / secondary),32604,,0,32604,,,,,32604,,SAP OnHand only — no ceiling on file for this godown; no dispatch-lag correction applied
2026-06-19,BH-SC (overflow / secondary),17380,,0,17380,,,,,17380,,SAP OnHand only — no ceiling on file for this godown; no dispatch-lag correction applied
2026-06-20,BH-PF,102413,0,0,102413,377000,274587,27.2,0,102413,0,SAP OnHand ONLY — no physical dispatch record exists this far back
2026-06-20,OIL-FG-TOTAL (BH-BT+BH-PF),102413,0,0,102413,377000,274587,27.2,0,102413,0,SAP OnHand ONLY — no physical dispatch record exists this far back
2026-06-20,GP-FG (overflow / secondary),845617,,0,845617,,,,,845617,,SAP OnHand only — no ceiling on file for this godown; no dispatch-lag correction applied
2026-06-20,BH-FG (overflow / secondary),32604,,0,32604,,,,,32604,,SAP OnHand only — no ceiling on file for this godown; no dispatch-lag correction applied
2026-06-20,BH-SC (overflow / secondary),17380,,0,17380,,,,,17380,,SAP OnHand only — no ceiling on file for this godown; no dispatch-lag correction applied
2026-06-21,BH-PF,102413,0,0,102413,377000,274587,27.2,0,102413,0,SAP OnHand ONLY — no physical dispatch record exists this far back
2026-06-21,OIL-FG-TOTAL (BH-BT+BH-PF),102413,0,0,102413,377000,274587,27.2,0,102413,0,SAP OnHand ONLY — no physical dispatch record exists this far back
2026-06-21,GP-FG (overflow / secondary),845617,,0,845617,,,,,845617,,SAP OnHand only — no ceiling on file for this godown; no dispatch-lag correction applied
2026-06-21,BH-FG (overflow / secondary),32604,,0,32604,,,,,32604,,SAP OnHand only — no ceiling on file for this godown; no dispatch-lag correction applied
2026-06-21,BH-SC (overflow / secondary),17380,,0,17380,,,,,17380,,SAP OnHand only — no ceiling on file for this godown; no dispatch-lag correction applied
2026-06-22,BH-PF,116083,0,0,116083,377000,260917,30.8,0,116083,0,SAP OnHand ONLY — no physical dispatch record exists this far back
2026-06-22,OIL-FG-TOTAL (BH-BT+BH-PF),116083,0,0,116083,377000,260917,30.8,0,116083,0,SAP OnHand ONLY — no physical dispatch record exists this far back
2026-06-22,GP-FG (overflow / secondary),880468,,0,880468,,,,,880468,,SAP OnHand only — no ceiling on file for this godown; no dispatch-lag correction applied
2026-06-22,BH-FG (overflow / secondary),32604,,0,32604,,,,,32604,,SAP OnHand only — no ceiling on file for this godown; no dispatch-lag correction applied
2026-06-22,BH-SC (overflow / secondary),17380,,0,17380,,,,,17380,,SAP OnHand only — no ceiling on file for this godown; no dispatch-lag correction applied
2026-06-23,BH-PF,125940,32820,0,158760,377000,218240,42.1,0,158760,57577,"PARTIAL — dispatch board live 2026-06-02, gate tracking 2026-06-23"
2026-06-23,OIL-FG-TOTAL (BH-BT+BH-PF),125940,32820,0,158760,377000,218240,42.1,0,158760,57577,"PARTIAL — dispatch board live 2026-06-02, gate tracking 2026-06-23"
2026-06-23,GP-FG (overflow / secondary),906880,,0,906880,,,,,906880,,SAP OnHand only — no ceiling on file for this godown; no dispatch-lag correction applied
2026-06-23,BH-FG (overflow / secondary),32604,,0,32604,,,,,32604,,SAP OnHand only — no ceiling on file for this godown; no dispatch-lag correction applied
2026-06-23,BH-SC (overflow / secondary),17380,,0,17380,,,,,17380,,SAP OnHand only — no ceiling on file for this godown; no dispatch-lag correction applied
2026-06-24,BH-PF,137930,30023,0,167953,377000,209047,44.5,0,167953,57577,"PARTIAL — dispatch board live 2026-06-02, gate tracking 2026-06-23"
2026-06-24,OIL-FG-TOTAL (BH-BT+BH-PF),137930,30023,0,167953,377000,209047,44.5,0,167953,57577,"PARTIAL — dispatch board live 2026-06-02, gate tracking 2026-06-23"
2026-06-24,GP-FG (overflow / secondary),860329,,0,860329,,,,,860329,,SAP OnHand only — no ceiling on file for this godown; no dispatch-lag correction applied
2026-06-24,BH-FG (overflow / secondary),32604,,0,32604,,,,,32604,,SAP OnHand only — no ceiling on file for this godown; no dispatch-lag correction applied
2026-06-24,BH-SC (overflow / secondary),17380,,0,17380,,,,,17380,,SAP OnHand only — no ceiling on file for this godown; no dispatch-lag correction applied
2026-06-25,BH-PF,141204,22454,0,163657,377000,213343,43.4,0,163657,57577,"PARTIAL — dispatch board live 2026-06-02, gate tracking 2026-06-23"
2026-06-25,OIL-FG-TOTAL (BH-BT+BH-PF),141204,22454,0,163657,377000,213343,43.4,0,163657,57577,"PARTIAL — dispatch board live 2026-06-02, gate tracking 2026-06-23"
2026-06-25,GP-FG (overflow / secondary),843575,,0,843575,,,,,843575,,SAP OnHand only — no ceiling on file for this godown; no dispatch-lag correction applied
2026-06-25,BH-FG (overflow / secondary),32604,,0,32604,,,,,32604,,SAP OnHand only — no ceiling on file for this godown; no dispatch-lag correction applied
2026-06-25,BH-SC (overflow / secondary),17369,,0,17369,,,,,17369,,SAP OnHand only — no ceiling on file for this godown; no dispatch-lag correction applied
2026-06-26,BH-PF,181845,24176,0,206021,377000,170979,54.6,0,206021,57577,"PARTIAL — dispatch board live 2026-06-02, gate tracking 2026-06-23"
2026-06-26,OIL-FG-TOTAL (BH-BT+BH-PF),181845,24176,0,206021,377000,170979,54.6,0,206021,57577,"PARTIAL — dispatch board live 2026-06-02, gate tracking 2026-06-23"
2026-06-26,GP-FG (overflow / secondary),842932,,0,842932,,,,,842932,,SAP OnHand only — no ceiling on file for this godown; no dispatch-lag correction applied
2026-06-26,BH-FG (overflow / secondary),32604,,0,32604,,,,,32604,,SAP OnHand only — no ceiling on file for this godown; no dispatch-lag correction applied
2026-06-26,BH-SC (overflow / secondary),17369,,0,17369,,,,,17369,,SAP OnHand only — no ceiling on file for this godown; no dispatch-lag correction applied
2026-06-27,BH-PF,192992,24176,0,217168,377000,159832,57.6,0,217168,57577,"PARTIAL — dispatch board live 2026-06-02, gate tracking 2026-06-23"
2026-06-27,OIL-FG-TOTAL (BH-BT+BH-PF),192992,24176,0,217168,377000,159832,57.6,0,217168,57577,"PARTIAL — dispatch board live 2026-06-02, gate tracking 2026-06-23"
2026-06-27,GP-FG (overflow / secondary),869706,,0,869706,,,,,869706,,SAP OnHand only — no ceiling on file for this godown; no dispatch-lag correction applied
2026-06-27,BH-FG (overflow / secondary),32604,,0,32604,,,,,32604,,SAP OnHand only — no ceiling on file for this godown; no dispatch-lag correction applied
2026-06-27,BH-SC (overflow / secondary),17364,,0,17364,,,,,17364,,SAP OnHand only — no ceiling on file for this godown; no dispatch-lag correction applied
2026-06-28,BH-PF,192992,24176,0,217168,377000,159832,57.6,0,217168,57577,"PARTIAL — dispatch board live 2026-06-02, gate tracking 2026-06-23"
2026-06-28,OIL-FG-TOTAL (BH-BT+BH-PF),192992,24176,0,217168,377000,159832,57.6,0,217168,57577,"PARTIAL — dispatch board live 2026-06-02, gate tracking 2026-06-23"
2026-06-28,GP-FG (overflow / secondary),869706,,0,869706,,,,,869706,,SAP OnHand only — no ceiling on file for this godown; no dispatch-lag correction applied
2026-06-28,BH-FG (overflow / secondary),32604,,0,32604,,,,,32604,,SAP OnHand only — no ceiling on file for this godown; no dispatch-lag correction applied
2026-06-28,BH-SC (overflow / secondary),17364,,0,17364,,,,,17364,,SAP OnHand only — no ceiling on file for this godown; no dispatch-lag correction applied
2026-06-29,BH-PF,159539,26659,0,186199,377000,190801,49.4,0,186199,57577,"PARTIAL — dispatch board live 2026-06-02, gate tracking 2026-06-23"
2026-06-29,OIL-FG-TOTAL (BH-BT+BH-PF),159539,26659,0,186199,377000,190801,49.4,0,186199,57577,"PARTIAL — dispatch board live 2026-06-02, gate tracking 2026-06-23"
2026-06-29,GP-FG (overflow / secondary),887670,,0,887670,,,,,887670,,SAP OnHand only — no ceiling on file for this godown; no dispatch-lag correction applied
2026-06-29,BH-FG (overflow / secondary),32604,,0,32604,,,,,32604,,SAP OnHand only — no ceiling on file for this godown; no dispatch-lag correction applied
2026-06-29,BH-SC (overflow / secondary),17318,,0,17318,,,,,17318,,SAP OnHand only — no ceiling on file for this godown; no dispatch-lag correction applied
2026-06-30,BH-PF,165833,54803,0,220636,377000,156364,58.5,0,220636,57577,"PARTIAL — dispatch board live 2026-06-02, gate tracking 2026-06-23"
2026-06-30,OIL-FG-TOTAL (BH-BT+BH-PF),165833,54803,0,220636,377000,156364,58.5,0,220636,57577,"PARTIAL — dispatch board live 2026-06-02, gate tracking 2026-06-23"
2026-06-30,GP-FG (overflow / secondary),689912,,0,689912,,,,,689912,,SAP OnHand only — no ceiling on file for this godown; no dispatch-lag correction applied
2026-06-30,BH-FG (overflow / secondary),32604,,0,32604,,,,,32604,,SAP OnHand only — no ceiling on file for this godown; no dispatch-lag correction applied
2026-06-30,BH-SC (overflow / secondary),17318,,0,17318,,,,,17318,,SAP OnHand only — no ceiling on file for this godown; no dispatch-lag correction applied
2026-07-01,BH-PF,142028,77667,0,219696,377000,157304,58.3,0,219696,57577,VERIFIED — invoice-to-gate-out matched per document
2026-07-01,OIL-FG-TOTAL (BH-BT+BH-PF),142028,77667,0,219696,377000,157304,58.3,0,219696,57577,VERIFIED — invoice-to-gate-out matched per document
2026-07-01,GP-FG (overflow / secondary),567194,,0,567194,,,,,567194,,SAP OnHand only — no ceiling on file for this godown; no dispatch-lag correction applied
2026-07-01,BH-FG (overflow / secondary),32604,,0,32604,,,,,32604,,SAP OnHand only — no ceiling on file for this godown; no dispatch-lag correction applied
2026-07-01,BH-SC (overflow / secondary),17318,,0,17318,,,,,17318,,SAP OnHand only — no ceiling on file for this godown; no dispatch-lag correction applied
2026-07-02,BH-PF,179319,75880,0,255199,377000,121801,67.7,0,255199,57577,VERIFIED — invoice-to-gate-out matched per document
2026-07-02,OIL-FG-TOTAL (BH-BT+BH-PF),179319,75880,0,255199,377000,121801,67.7,0,255199,57577,VERIFIED — invoice-to-gate-out matched per document
2026-07-02,GP-FG (overflow / secondary),567371,,0,567371,,,,,567371,,SAP OnHand only — no ceiling on file for this godown; no dispatch-lag correction applied
2026-07-02,BH-FG (overflow / secondary),32604,,0,32604,,,,,32604,,SAP OnHand only — no ceiling on file for this godown; no dispatch-lag correction applied
2026-07-02,BH-SC (overflow / secondary),17318,,0,17318,,,,,17318,,SAP OnHand only — no ceiling on file for this godown; no dispatch-lag correction applied
2026-07-03,BH-PF,182028,68330,0,250357,377000,126643,66.4,0,250357,57577,VERIFIED — invoice-to-gate-out matched per document
2026-07-03,OIL-FG-TOTAL (BH-BT+BH-PF),182028,68330,0,250357,377000,126643,66.4,0,250357,57577,VERIFIED — invoice-to-gate-out matched per document
2026-07-03,GP-FG (overflow / secondary),577883,,0,577883,,,,,577883,,SAP OnHand only — no ceiling on file for this godown; no dispatch-lag correction applied
2026-07-03,BH-FG (overflow / secondary),32604,,0,32604,,,,,32604,,SAP OnHand only — no ceiling on file for this godown; no dispatch-lag correction applied
2026-07-03,BH-SC (overflow / secondary),17318,,0,17318,,,,,17318,,SAP OnHand only — no ceiling on file for this godown; no dispatch-lag correction applied
2026-07-04,BH-PF,187069,58952,0,246020,377000,130980,65.3,0,246020,57577,VERIFIED — invoice-to-gate-out matched per document
2026-07-04,OIL-FG-TOTAL (BH-BT+BH-PF),187069,58952,0,246020,377000,130980,65.3,0,246020,57577,VERIFIED — invoice-to-gate-out matched per document
2026-07-04,GP-FG (overflow / secondary),585598,,0,585598,,,,,585598,,SAP OnHand only — no ceiling on file for this godown; no dispatch-lag correction applied
2026-07-04,BH-FG (overflow / secondary),32604,,0,32604,,,,,32604,,SAP OnHand only — no ceiling on file for this godown; no dispatch-lag correction applied
2026-07-04,BH-SC (overflow / secondary),17315,,0,17315,,,,,17315,,SAP OnHand only — no ceiling on file for this godown; no dispatch-lag correction applied
2026-07-05,BH-PF,187069,58952,0,246020,377000,130980,65.3,0,246020,57577,VERIFIED — invoice-to-gate-out matched per document
2026-07-05,OIL-FG-TOTAL (BH-BT+BH-PF),187069,58952,0,246020,377000,130980,65.3,0,246020,57577,VERIFIED — invoice-to-gate-out matched per document
2026-07-05,GP-FG (overflow / secondary),585598,,0,585598,,,,,585598,,SAP OnHand only — no ceiling on file for this godown; no dispatch-lag correction applied
2026-07-05,BH-FG (overflow / secondary),32604,,0,32604,,,,,32604,,SAP OnHand only — no ceiling on file for this godown; no dispatch-lag correction applied
2026-07-05,BH-SC (overflow / secondary),17315,,0,17315,,,,,17315,,SAP OnHand only — no ceiling on file for this godown; no dispatch-lag correction applied
2026-07-06,BH-PF,193553,55149,0,248701,377000,128299,66.0,0,248701,57577,VERIFIED — invoice-to-gate-out matched per document
2026-07-06,OIL-FG-TOTAL (BH-BT+BH-PF),193553,55149,0,248701,377000,128299,66.0,0,248701,57577,VERIFIED — invoice-to-gate-out matched per document
2026-07-06,GP-FG (overflow / secondary),608838,,0,608838,,,,,608838,,SAP OnHand only — no ceiling on file for this godown; no dispatch-lag correction applied
2026-07-06,BH-FG (overflow / secondary),32604,,0,32604,,,,,32604,,SAP OnHand only — no ceiling on file for this godown; no dispatch-lag correction applied
2026-07-06,BH-SC (overflow / secondary),17315,,0,17315,,,,,17315,,SAP OnHand only — no ceiling on file for this godown; no dispatch-lag correction applied
2026-07-07,BH-PF,190111,34085,0,224196,377000,152804,59.5,15920,240116,57577,VERIFIED — invoice-to-gate-out matched per document
2026-07-07,OIL-FG-TOTAL (BH-BT+BH-PF),190111,34085,0,224196,377000,152804,59.5,15920,240116,57577,VERIFIED — invoice-to-gate-out matched per document
2026-07-07,GP-FG (overflow / secondary),650282,,0,650282,,,,,650282,,SAP OnHand only — no ceiling on file for this godown; no dispatch-lag correction applied
2026-07-07,BH-FG (overflow / secondary),32604,,0,32604,,,,,32604,,SAP OnHand only — no ceiling on file for this godown; no dispatch-lag correction applied
2026-07-07,BH-SC (overflow / secondary),17315,,0,17315,,,,,17315,,SAP OnHand only — no ceiling on file for this godown; no dispatch-lag correction applied
2026-07-08,BH-PF,170837,26992,0,197829,377000,179171,52.5,23024,220853,57577,VERIFIED — invoice-to-gate-out matched per document
2026-07-08,OIL-FG-TOTAL (BH-BT+BH-PF),170837,26992,0,197829,377000,179171,52.5,23024,220853,57577,VERIFIED — invoice-to-gate-out matched per document
2026-07-08,GP-FG (overflow / secondary),678328,,0,678328,,,,,678328,,SAP OnHand only — no ceiling on file for this godown; no dispatch-lag correction applied
2026-07-08,BH-FG (overflow / secondary),32604,,0,32604,,,,,32604,,SAP OnHand only — no ceiling on file for this godown; no dispatch-lag correction applied
2026-07-08,BH-SC (overflow / secondary),17315,,0,17315,,,,,17315,,SAP OnHand only — no ceiling on file for this godown; no dispatch-lag correction applied
2026-07-09,BH-PF,232020,23099,0,255119,377000,121881,67.7,43298,298417,57577,VERIFIED — invoice-to-gate-out matched per document
2026-07-09,OIL-FG-TOTAL (BH-BT+BH-PF),232020,23099,0,255119,377000,121881,67.7,43298,298417,57577,VERIFIED — invoice-to-gate-out matched per document
2026-07-09,GP-FG (overflow / secondary),683181,,0,683181,,,,,683181,,SAP OnHand only — no ceiling on file for this godown; no dispatch-lag correction applied
2026-07-09,BH-FG (overflow / secondary),32604,,0,32604,,,,,32604,,SAP OnHand only — no ceiling on file for this godown; no dispatch-lag correction applied
2026-07-09,BH-SC (overflow / secondary),17315,,0,17315,,,,,17315,,SAP OnHand only — no ceiling on file for this godown; no dispatch-lag correction applied
2026-07-10,BH-PF,193666,50906,0,244572,377000,132428,64.9,67700,312272,57577,VERIFIED — invoice-to-gate-out matched per document
2026-07-10,OIL-FG-TOTAL (BH-BT+BH-PF),193666,50906,0,244572,377000,132428,64.9,67700,312272,57577,VERIFIED — invoice-to-gate-out matched per document
2026-07-10,GP-FG (overflow / secondary),700854,,0,700854,,,,,700854,,SAP OnHand only — no ceiling on file for this godown; no dispatch-lag correction applied
2026-07-10,BH-FG (overflow / secondary),32604,,0,32604,,,,,32604,,SAP OnHand only — no ceiling on file for this godown; no dispatch-lag correction applied
2026-07-10,BH-SC (overflow / secondary),17315,,0,17315,,,,,17315,,SAP OnHand only — no ceiling on file for this godown; no dispatch-lag correction applied
2026-07-11,BH-PF,223332,36987,0,260319,377000,116681,69.1,24940,285259,57577,VERIFIED — invoice-to-gate-out matched per document
2026-07-11,OIL-FG-TOTAL (BH-BT+BH-PF),223332,36987,0,260319,377000,116681,69.1,24940,285259,57577,VERIFIED — invoice-to-gate-out matched per document
2026-07-11,GP-FG (overflow / secondary),714264,,0,714264,,,,,714264,,SAP OnHand only — no ceiling on file for this godown; no dispatch-lag correction applied
2026-07-11,BH-FG (overflow / secondary),32604,,0,32604,,,,,32604,,SAP OnHand only — no ceiling on file for this godown; no dispatch-lag correction applied
2026-07-11,BH-SC (overflow / secondary),17315,,0,17315,,,,,17315,,SAP OnHand only — no ceiling on file for this godown; no dispatch-lag correction applied
2026-07-12,BH-PF,223332,25626,0,248958,377000,128042,66.0,0,248958,57577,VERIFIED — invoice-to-gate-out matched per document
2026-07-12,OIL-FG-TOTAL (BH-BT+BH-PF),223332,25626,0,248958,377000,128042,66.0,0,248958,57577,VERIFIED — invoice-to-gate-out matched per document
2026-07-12,GP-FG (overflow / secondary),714264,,0,714264,,,,,714264,,SAP OnHand only — no ceiling on file for this godown; no dispatch-lag correction applied
2026-07-12,BH-FG (overflow / secondary),32604,,0,32604,,,,,32604,,SAP OnHand only — no ceiling on file for this godown; no dispatch-lag correction applied
2026-07-12,BH-SC (overflow / secondary),17315,,0,17315,,,,,17315,,SAP OnHand only — no ceiling on file for this godown; no dispatch-lag correction applied
2026-07-13,BH-PF,218747,49475,0,268222,377000,108778,71.1,0,268222,57577,VERIFIED — invoice-to-gate-out matched per document
2026-07-13,OIL-FG-TOTAL (BH-BT+BH-PF),218747,49475,0,268222,377000,108778,71.1,0,268222,57577,VERIFIED — invoice-to-gate-out matched per document
2026-07-13,GP-FG (overflow / secondary),718175,,0,718175,,,,,718175,,SAP OnHand only — no ceiling on file for this godown; no dispatch-lag correction applied
2026-07-13,BH-FG (overflow / secondary),32604,,0,32604,,,,,32604,,SAP OnHand only — no ceiling on file for this godown; no dispatch-lag correction applied
2026-07-13,BH-SC (overflow / secondary),17315,,0,17315,,,,,17315,,SAP OnHand only — no ceiling on file for this godown; no dispatch-lag correction applied
2026-07-14,BH-PF,185380,48107,0,233487,377000,143513,61.9,37291,270778,57586,VERIFIED — invoice-to-gate-out matched per document
2026-07-14,OIL-FG-TOTAL (BH-BT+BH-PF),185380,48107,0,233487,377000,143513,61.9,37291,270778,57586,VERIFIED — invoice-to-gate-out matched per document
2026-07-14,GP-FG (overflow / secondary),711849,,0,711849,,,,,711849,,SAP OnHand only — no ceiling on file for this godown; no dispatch-lag correction applied
2026-07-14,BH-FG (overflow / secondary),32604,,0,32604,,,,,32604,,SAP OnHand only — no ceiling on file for this godown; no dispatch-lag correction applied
2026-07-14,BH-SC (overflow / secondary),17315,,0,17315,,,,,17315,,SAP OnHand only — no ceiling on file for this godown; no dispatch-lag correction applied
2026-07-15,BH-PF,201005,35380,0,236385,377000,140615,62.7,35436,271821,57586,VERIFIED — invoice-to-gate-out matched per document
2026-07-15,OIL-FG-TOTAL (BH-BT+BH-PF),201005,35380,0,236385,377000,140615,62.7,35436,271821,57586,VERIFIED — invoice-to-gate-out matched per document
2026-07-15,GP-FG (overflow / secondary),717815,,0,717815,,,,,717815,,SAP OnHand only — no ceiling on file for this godown; no dispatch-lag correction applied
2026-07-15,BH-FG (overflow / secondary),32604,,0,32604,,,,,32604,,SAP OnHand only — no ceiling on file for this godown; no dispatch-lag correction applied
2026-07-15,BH-SC (overflow / secondary),17315,,0,17315,,,,,17315,,SAP OnHand only — no ceiling on file for this godown; no dispatch-lag correction applied
2026-07-16,BH-PF,185388,17837,0,203225,377000,173775,53.9,26400,229625,57586,VERIFIED — invoice-to-gate-out matched per document
2026-07-16,OIL-FG-TOTAL (BH-BT+BH-PF),185388,17837,0,203225,377000,173775,53.9,26400,229625,57586,VERIFIED — invoice-to-gate-out matched per document
2026-07-16,GP-FG (overflow / secondary),695323,,0,695323,,,,,695323,,SAP OnHand only — no ceiling on file for this godown; no dispatch-lag correction applied
2026-07-16,BH-FG (overflow / secondary),32604,,0,32604,,,,,32604,,SAP OnHand only — no ceiling on file for this godown; no dispatch-lag correction applied
2026-07-16,BH-SC (overflow / secondary),17315,,0,17315,,,,,17315,,SAP OnHand only — no ceiling on file for this godown; no dispatch-lag correction applied
2026-07-17,BH-PF,194879,10113,0,204992,377000,172008,54.4,31740,236732,57586,VERIFIED — invoice-to-gate-out matched per document
2026-07-17,OIL-FG-TOTAL (BH-BT+BH-PF),194879,10113,0,204992,377000,172008,54.4,31740,236732,57586,VERIFIED — invoice-to-gate-out matched per document
2026-07-17,GP-FG (overflow / secondary),725925,,0,725925,,,,,725925,,SAP OnHand only — no ceiling on file for this godown; no dispatch-lag correction applied
2026-07-17,BH-FG (overflow / secondary),32604,,0,32604,,,,,32604,,SAP OnHand only — no ceiling on file for this godown; no dispatch-lag correction applied
2026-07-17,BH-SC (overflow / secondary),17315,,0,17315,,,,,17315,,SAP OnHand only — no ceiling on file for this godown; no dispatch-lag correction applied
2026-07-18,BH-PF,249257,575,0,249832,377000,127168,66.3,20800,270632,57586,VERIFIED — invoice-to-gate-out matched per document
2026-07-18,OIL-FG-TOTAL (BH-BT+BH-PF),249257,575,0,249832,377000,127168,66.3,20800,270632,57586,VERIFIED — invoice-to-gate-out matched per document
2026-07-18,GP-FG (overflow / secondary),769991,,0,769991,,,,,769991,,SAP OnHand only — no ceiling on file for this godown; no dispatch-lag correction applied
2026-07-18,BH-FG (overflow / secondary),32604,,0,32604,,,,,32604,,SAP OnHand only — no ceiling on file for this godown; no dispatch-lag correction applied
2026-07-18,BH-SC (overflow / secondary),17912,,0,17912,,,,,17912,,SAP OnHand only — no ceiling on file for this godown; no dispatch-lag correction applied
2026-07-19,BH-PF,249257,575,0,249832,377000,127168,66.3,0,249832,57586,VERIFIED — invoice-to-gate-out matched per document
2026-07-19,OIL-FG-TOTAL (BH-BT+BH-PF),249257,575,0,249832,377000,127168,66.3,0,249832,57586,VERIFIED — invoice-to-gate-out matched per document
2026-07-19,GP-FG (overflow / secondary),769991,,0,769991,,,,,769991,,SAP OnHand only — no ceiling on file for this godown; no dispatch-lag correction applied
2026-07-19,BH-FG (overflow / secondary),32604,,0,32604,,,,,32604,,SAP OnHand only — no ceiling on file for this godown; no dispatch-lag correction applied
2026-07-19,BH-SC (overflow / secondary),17912,,0,17912,,,,,17912,,SAP OnHand only — no ceiling on file for this godown; no dispatch-lag correction applied
2026-07-20,BH-PF,253533,15014,0,268548,377000,108452,71.2,0,268548,57586,VERIFIED — invoice-to-gate-out matched per document
2026-07-20,OIL-FG-TOTAL (BH-BT+BH-PF),253533,15014,0,268548,377000,108452,71.2,0,268548,57586,VERIFIED — invoice-to-gate-out matched per document
2026-07-20,GP-FG (overflow / secondary),816868,,0,816868,,,,,816868,,SAP OnHand only — no ceiling on file for this godown; no dispatch-lag correction applied
2026-07-20,BH-FG (overflow / secondary),32604,,0,32604,,,,,32604,,SAP OnHand only — no ceiling on file for this godown; no dispatch-lag correction applied
2026-07-20,BH-SC (overflow / secondary),17912,,0,17912,,,,,17912,,SAP OnHand only — no ceiling on file for this godown; no dispatch-lag correction applied
2026-07-21,BH-PF,261755,9263,0,271018,377000,105982,71.9,0,271018,57586,VERIFIED — invoice-to-gate-out matched per document
2026-07-21,OIL-FG-TOTAL (BH-BT+BH-PF),261755,9263,0,271018,377000,105982,71.9,0,271018,57586,VERIFIED — invoice-to-gate-out matched per document
2026-07-21,GP-FG (overflow / secondary),909205,,0,909205,,,,,909205,,SAP OnHand only — no ceiling on file for this godown; no dispatch-lag correction applied
2026-07-21,BH-FG (overflow / secondary),32604,,0,32604,,,,,32604,,SAP OnHand only — no ceiling on file for this godown; no dispatch-lag correction applied
2026-07-21,BH-SC (overflow / secondary),25391,,0,25391,,,,,25391,,SAP OnHand only — no ceiling on file for this godown; no dispatch-lag correction applied
2026-07-22,BH-BT,110778,0,0,110778,450000,339222,24.6,0,110778,0,VERIFIED — invoice-to-gate-out matched per document
2026-07-22,BH-PF,266184,20882,0,287066,377000,89934,76.1,0,287066,57586,VERIFIED — invoice-to-gate-out matched per document
2026-07-22,OIL-FG-TOTAL (BH-BT+BH-PF),376962,20882,0,397844,827000,429156,48.1,0,397844,57586,VERIFIED — invoice-to-gate-out matched per document
2026-07-22,GP-FG (overflow / secondary),445221,,0,445221,,,,,445221,,SAP OnHand only — no ceiling on file for this godown; no dispatch-lag correction applied
2026-07-22,BH-FG (overflow / secondary),32604,,0,32604,,,,,32604,,SAP OnHand only — no ceiling on file for this godown; no dispatch-lag correction applied
2026-07-22,BH-SC (overflow / secondary),25632,,0,25632,,,,,25632,,SAP OnHand only — no ceiling on file for this godown; no dispatch-lag correction applied
2026-07-23,BH-BT,456063,23957,0,480020,450000,-30020,106.7,0,480020,0,VERIFIED — invoice-to-gate-out matched per document
2026-07-23,BH-PF,262000,68231,0,330231,377000,46769,87.6,31200,361431,57586,VERIFIED — invoice-to-gate-out matched per document
2026-07-23,OIL-FG-TOTAL (BH-BT+BH-PF),718063,92188,0,810251,827000,16749,98.0,31200,841451,57586,VERIFIED — invoice-to-gate-out matched per document
2026-07-23,GP-FG (overflow / secondary),450871,,0,450871,,,,,450871,,SAP OnHand only — no ceiling on file for this godown; no dispatch-lag correction applied
2026-07-23,BH-FG (overflow / secondary),32604,,0,32604,,,,,32604,,SAP OnHand only — no ceiling on file for this godown; no dispatch-lag correction applied
2026-07-23,BH-SC (overflow / secondary),17911,,0,17911,,,,,17911,,SAP OnHand only — no ceiling on file for this godown; no dispatch-lag correction applied
2026-07-24,BH-BT,470506,22944,0,493450,450000,-43450,109.7,0,493450,0,VERIFIED — invoice-to-gate-out matched per document
2026-07-24,BH-PF,272893,51576,0,324469,377000,52531,86.1,35200,359669,57586,VERIFIED — invoice-to-gate-out matched per document
2026-07-24,OIL-FG-TOTAL (BH-BT+BH-PF),743399,74520,0,817919,827000,9081,98.9,35200,853119,57586,VERIFIED — invoice-to-gate-out matched per document
2026-07-24,GP-FG (overflow / secondary),377748,,0,377748,,,,,377748,,SAP OnHand only — no ceiling on file for this godown; no dispatch-lag correction applied
2026-07-24,BH-FG (overflow / secondary),32604,,0,32604,,,,,32604,,SAP OnHand only — no ceiling on file for this godown; no dispatch-lag correction applied
2026-07-24,BH-SC (overflow / secondary),17911,,0,17911,,,,,17911,,SAP OnHand only — no ceiling on file for this godown; no dispatch-lag correction applied
2026-07-25,BH-BT,460667,39292,0,499959,450000,-49959,111.1,0,499959,0,VERIFIED — invoice-to-gate-out matched per document
2026-07-25,BH-PF,252857,10640,0,263496,377000,113504,69.9,38280,301776,57586,VERIFIED — invoice-to-gate-out matched per document
2026-07-25,OIL-FG-TOTAL (BH-BT+BH-PF),713524,49932,0,763456,827000,63544,92.3,38280,801736,57586,VERIFIED — invoice-to-gate-out matched per document
2026-07-25,GP-FG (overflow / secondary),358116,,0,358116,,,,,358116,,SAP OnHand only — no ceiling on file for this godown; no dispatch-lag correction applied
2026-07-25,BH-FG (overflow / secondary),32604,,0,32604,,,,,32604,,SAP OnHand only — no ceiling on file for this godown; no dispatch-lag correction applied
2026-07-25,BH-SC (overflow / secondary),17911,,0,17911,,,,,17911,,SAP OnHand only — no ceiling on file for this godown; no dispatch-lag correction applied
2026-07-26,BH-BT,460667,39292,0,499959,450000,-49959,111.1,0,499959,0,VERIFIED — invoice-to-gate-out matched per document
2026-07-26,BH-PF,252857,10640,0,263496,377000,113504,69.9,0,263496,57586,VERIFIED — invoice-to-gate-out matched per document
2026-07-26,OIL-FG-TOTAL (BH-BT+BH-PF),713524,49932,0,763456,827000,63544,92.3,0,763456,57586,VERIFIED — invoice-to-gate-out matched per document
2026-07-26,GP-FG (overflow / secondary),358116,,0,358116,,,,,358116,,SAP OnHand only — no ceiling on file for this godown; no dispatch-lag correction applied
2026-07-26,BH-FG (overflow / secondary),32604,,0,32604,,,,,32604,,SAP OnHand only — no ceiling on file for this godown; no dispatch-lag correction applied
2026-07-26,BH-SC (overflow / secondary),17911,,0,17911,,,,,17911,,SAP OnHand only — no ceiling on file for this godown; no dispatch-lag correction applied
2026-07-27,BH-BT,458507,21648,0,480155,450000,-30155,106.7,12000,492155,0,VERIFIED — invoice-to-gate-out matched per document
2026-07-27,BH-PF,303409,31279,0,334688,377000,42312,88.8,27040,361728,57586,VERIFIED — invoice-to-gate-out matched per document
2026-07-27,OIL-FG-TOTAL (BH-BT+BH-PF),761917,52927,0,814844,827000,12156,98.5,39040,853884,57586,VERIFIED — invoice-to-gate-out matched per document
2026-07-27,GP-FG (overflow / secondary),353516,,0,353516,,,,,353516,,SAP OnHand only — no ceiling on file for this godown; no dispatch-lag correction applied
2026-07-27,BH-FG (overflow / secondary),32604,,0,32604,,,,,32604,,SAP OnHand only — no ceiling on file for this godown; no dispatch-lag correction applied
2026-07-27,BH-SC (overflow / secondary),17910,,0,17910,,,,,17910,,SAP OnHand only — no ceiling on file for this godown; no dispatch-lag correction applied
2026-07-28,BH-BT,442189,59451,0,501640,450000,-51640,111.5,0,501640,0,VERIFIED — invoice-to-gate-out matched per document
2026-07-28,BH-PF,325575,28694,0,354269,377000,22731,94.0,55440,409709,57586,VERIFIED — invoice-to-gate-out matched per document
2026-07-28,OIL-FG-TOTAL (BH-BT+BH-PF),767764,88145,0,855908,827000,-28908,103.5,55440,911348,57586,VERIFIED — invoice-to-gate-out matched per document
2026-07-28,GP-FG (overflow / secondary),333262,,0,333262,,,,,333262,,SAP OnHand only — no ceiling on file for this godown; no dispatch-lag correction applied
2026-07-28,BH-FG (overflow / secondary),32604,,0,32604,,,,,32604,,SAP OnHand only — no ceiling on file for this godown; no dispatch-lag correction applied
2026-07-28,BH-SC (overflow / secondary),19669,,0,19669,,,,,19669,,SAP OnHand only — no ceiling on file for this godown; no dispatch-lag correction applied
2026-07-29,BH-BT,482944,40273,0,523217,450000,-73217,116.3,0,523217,0,VERIFIED — invoice-to-gate-out matched per document
2026-07-29,BH-PF,274646,43825,0,318471,377000,58529,84.5,61600,380071,57586,VERIFIED — invoice-to-gate-out matched per document
2026-07-29,OIL-FG-TOTAL (BH-BT+BH-PF),757590,84098,0,841688,827000,-14688,101.8,61600,903288,57586,VERIFIED — invoice-to-gate-out matched per document
2026-07-29,GP-FG (overflow / secondary),330651,,0,330651,,,,,330651,,SAP OnHand only — no ceiling on file for this godown; no dispatch-lag correction applied
2026-07-29,BH-FG (overflow / secondary),32604,,0,32604,,,,,32604,,SAP OnHand only — no ceiling on file for this godown; no dispatch-lag correction applied
2026-07-29,BH-SC (overflow / secondary),19669,,0,19669,,,,,19669,,SAP OnHand only — no ceiling on file for this godown; no dispatch-lag correction applied
2026-07-30,BH-BT,450109,59750,0,509859,450000,-59859,113.3,9122,518981,0,VERIFIED — invoice-to-gate-out matched per document
2026-07-30,BH-PF,272889,28874,0,301763,377000,75237,80.0,72400,374163,57586,VERIFIED — invoice-to-gate-out matched per document
2026-07-30,OIL-FG-TOTAL (BH-BT+BH-PF),722998,88624,0,811622,827000,15378,98.1,81522,893144,57586,VERIFIED — invoice-to-gate-out matched per document
2026-07-30,GP-FG (overflow / secondary),328412,,0,328412,,,,,328412,,SAP OnHand only — no ceiling on file for this godown; no dispatch-lag correction applied
2026-07-30,BH-FG (overflow / secondary),32604,,0,32604,,,,,32604,,SAP OnHand only — no ceiling on file for this godown; no dispatch-lag correction applied
2026-07-30,BH-SC (overflow / secondary),19669,,0,19669,,,,,19669,,SAP OnHand only — no ceiling on file for this godown; no dispatch-lag correction applied
2026-07-31,BH-BT,238794,245195,0,483989,450000,-33989,107.6,29978,513967,0,VERIFIED — invoice-to-gate-out matched per document
2026-07-31,BH-PF,222431,87806,0,310237,377000,66763,82.3,93616,403853,57586,VERIFIED — invoice-to-gate-out matched per document
2026-07-31,OIL-FG-TOTAL (BH-BT+BH-PF),461225,333001,0,794226,827000,32774,96.0,123594,917820,57586,VERIFIED — invoice-to-gate-out matched per document
2026-07-31,GP-FG (overflow / secondary),310876,,0,310876,,,,,310876,,SAP OnHand only — no ceiling on file for this godown; no dispatch-lag correction applied
2026-07-31,BH-FG (overflow / secondary),32604,,0,32604,,,,,32604,,SAP OnHand only — no ceiling on file for this godown; no dispatch-lag correction applied
2026-07-31,BH-SC (overflow / secondary),19647,,0,19647,,,,,19647,,SAP OnHand only — no ceiling on file for this godown; no dispatch-lag correction applied
2026-08-01,BH-BT,255093,225300,0,480393,450000,-30393,106.8,0,480393,0,VERIFIED — invoice-to-gate-out matched per document
2026-08-01,BH-PF,213867,82806,0,296673,377000,80327,78.7,0,296673,57586,VERIFIED — invoice-to-gate-out matched per document
2026-08-01,OIL-FG-TOTAL (BH-BT+BH-PF),468960,308106,0,777066,827000,49934,94.0,0,777066,57586,VERIFIED — invoice-to-gate-out matched per document
2026-08-01,GP-FG (overflow / secondary),310586,,0,310586,,,,,310586,,SAP OnHand only — no ceiling on file for this godown; no dispatch-lag correction applied
2026-08-01,BH-FG (overflow / secondary),32604,,0,32604,,,,,32604,,SAP OnHand only — no ceiling on file for this godown; no dispatch-lag correction applied
2026-08-01,BH-SC (overflow / secondary),19647,,0,19647,,,,,19647,,SAP OnHand only — no ceiling on file for this godown; no dispatch-lag correction applied
2026-08-02,BH-BT,255093,225300,0,480393,450000,-30393,106.8,0,480393,0,VERIFIED — invoice-to-gate-out matched per document
2026-08-02,BH-PF,213867,82806,0,296673,377000,80327,78.7,0,296673,57586,VERIFIED — invoice-to-gate-out matched per document
2026-08-02,OIL-FG-TOTAL (BH-BT+BH-PF),468960,308106,0,777066,827000,49934,94.0,0,777066,57586,VERIFIED — invoice-to-gate-out matched per document
2026-08-02,GP-FG (overflow / secondary),310586,,0,310586,,,,,310586,,SAP OnHand only — no ceiling on file for this godown; no dispatch-lag correction applied
2026-08-02,BH-FG (overflow / secondary),32604,,0,32604,,,,,32604,,SAP OnHand only — no ceiling on file for this godown; no dispatch-lag correction applied
2026-08-02,BH-SC (overflow / secondary),19647,,0,19647,,,,,19647,,SAP OnHand only — no ceiling on file for this godown; no dispatch-lag correction applied
2026-08-03,BH-BT,221742,223231,0,444973,450000,5027,98.9,27000,471973,0,VERIFIED — invoice-to-gate-out matched per document
2026-08-03,BH-PF,204385,78472,0,282858,377000,94142,75.0,25920,308778,57586,VERIFIED — invoice-to-gate-out matched per document
2026-08-03,OIL-FG-TOTAL (BH-BT+BH-PF),426127,301703,0,727830,827000,99170,88.0,52920,780750,57586,VERIFIED — invoice-to-gate-out matched per document
2026-08-03,GP-FG (overflow / secondary),309884,,0,309884,,,,,309884,,SAP OnHand only — no ceiling on file for this godown; no dispatch-lag correction applied
2026-08-03,BH-FG (overflow / secondary),32604,,0,32604,,,,,32604,,SAP OnHand only — no ceiling on file for this godown; no dispatch-lag correction applied
2026-08-03,BH-SC (overflow / secondary),19690,,0,19690,,,,,19690,,SAP OnHand only — no ceiling on file for this godown; no dispatch-lag correction applied
2026-08-04,BH-BT,227043,184480,0,411523,450000,38477,91.4,0,411523,0,VERIFIED — invoice-to-gate-out matched per document
2026-08-04,BH-PF,232688,82861,0,315549,377000,61451,83.7,21600,337149,57586,VERIFIED — invoice-to-gate-out matched per document
2026-08-04,OIL-FG-TOTAL (BH-BT+BH-PF),459731,267341,0,727072,827000,99928,87.9,21600,748672,57586,VERIFIED — invoice-to-gate-out matched per document
2026-08-04,GP-FG (overflow / secondary),291049,,0,291049,,,,,291049,,SAP OnHand only — no ceiling on file for this godown; no dispatch-lag correction applied
2026-08-04,BH-FG (overflow / secondary),32604,,0,32604,,,,,32604,,SAP OnHand only — no ceiling on file for this godown; no dispatch-lag correction applied
2026-08-04,BH-SC (overflow / secondary),19690,,0,19690,,,,,19690,,SAP OnHand only — no ceiling on file for this godown; no dispatch-lag correction applied
2026-08-05,BH-BT,228653,171916,0,400569,450000,49431,89.0,0,400569,0,VERIFIED — invoice-to-gate-out matched per document
2026-08-05,BH-PF,249362,64912,0,314274,377000,62726,83.4,24200,338474,57586,VERIFIED — invoice-to-gate-out matched per document
2026-08-05,OIL-FG-TOTAL (BH-BT+BH-PF),478015,236828,0,714843,827000,112157,86.4,24200,739043,57586,VERIFIED — invoice-to-gate-out matched per document
2026-08-05,GP-FG (overflow / secondary),286308,,0,286308,,,,,286308,,SAP OnHand only — no ceiling on file for this godown; no dispatch-lag correction applied
2026-08-05,BH-FG (overflow / secondary),32604,,0,32604,,,,,32604,,SAP OnHand only — no ceiling on file for this godown; no dispatch-lag correction applied
2026-08-05,BH-SC (overflow / secondary),18433,,0,18433,,,,,18433,,SAP OnHand only — no ceiling on file for this godown; no dispatch-lag correction applied
2026-08-06,BH-BT,269943,156713,0,426656,450000,23344,94.8,0,426656,0,VERIFIED — invoice-to-gate-out matched per document
2026-08-06,BH-PF,263784,52945,0,316729,377000,60271,84.0,47400,364129,57586,VERIFIED — invoice-to-gate-out matched per document
2026-08-06,OIL-FG-TOTAL (BH-BT+BH-PF),533727,209658,0,743385,827000,83615,89.9,47400,790785,57586,VERIFIED — invoice-to-gate-out matched per document
2026-08-06,GP-FG (overflow / secondary),277066,,0,277066,,,,,277066,,SAP OnHand only — no ceiling on file for this godown; no dispatch-lag correction applied
2026-08-06,BH-FG (overflow / secondary),32604,,0,32604,,,,,32604,,SAP OnHand only — no ceiling on file for this godown; no dispatch-lag correction applied
2026-08-06,BH-SC (overflow / secondary),18419,,0,18419,,,,,18419,,SAP OnHand only — no ceiling on file for this godown; no dispatch-lag correction applied
2026-08-07,BH-BT,269119,123399,0,392518,450000,57482,87.2,0,392518,0,VERIFIED — invoice-to-gate-out matched per document
2026-08-07,BH-PF,269999,55943,0,325943,377000,51057,86.5,36896,362839,57586,VERIFIED — invoice-to-gate-out matched per document
2026-08-07,OIL-FG-TOTAL (BH-BT+BH-PF),539118,179342,0,718461,827000,108539,86.9,36896,755357,57586,VERIFIED — invoice-to-gate-out matched per document
2026-08-07,GP-FG (overflow / secondary),276366,,0,276366,,,,,276366,,SAP OnHand only — no ceiling on file for this godown; no dispatch-lag correction applied
2026-08-07,BH-FG (overflow / secondary),32604,,0,32604,,,,,32604,,SAP OnHand only — no ceiling on file for this godown; no dispatch-lag correction applied
2026-08-07,BH-SC (overflow / secondary),18419,,0,18419,,,,,18419,,SAP OnHand only — no ceiling on file for this godown; no dispatch-lag correction applied
2026-08-08,BH-BT,300217,92802,0,393019,450000,56981,87.3,0,393019,0,VERIFIED — invoice-to-gate-out matched per document
2026-08-08,BH-PF,274220,50056,0,324276,377000,52724,86.0,52000,376276,57586,VERIFIED — invoice-to-gate-out matched per document
2026-08-08,OIL-FG-TOTAL (BH-BT+BH-PF),574437,142858,0,717295,827000,109705,86.7,52000,769295,57586,VERIFIED — invoice-to-gate-out matched per document
2026-08-08,GP-FG (overflow / secondary),276366,,0,276366,,,,,276366,,SAP OnHand only — no ceiling on file for this godown; no dispatch-lag correction applied
2026-08-08,BH-FG (overflow / secondary),32604,,0,32604,,,,,32604,,SAP OnHand only — no ceiling on file for this godown; no dispatch-lag correction applied
2026-08-08,BH-SC (overflow / secondary),18394,,0,18394,,,,,18394,,SAP OnHand only — no ceiling on file for this godown; no dispatch-lag correction applied
2026-08-09,BH-BT,300217,82332,0,382549,450000,67451,85.0,0,382549,0,VERIFIED — invoice-to-gate-out matched per document
2026-08-09,BH-PF,293892,49342,0,343234,377000,33766,91.0,0,343234,57586,VERIFIED — invoice-to-gate-out matched per document
2026-08-09,OIL-FG-TOTAL (BH-BT+BH-PF),594109,131673,0,725783,827000,101217,87.8,0,725783,57586,VERIFIED — invoice-to-gate-out matched per document
2026-08-09,GP-FG (overflow / secondary),276366,,0,276366,,,,,276366,,SAP OnHand only — no ceiling on file for this godown; no dispatch-lag correction applied
2026-08-09,BH-FG (overflow / secondary),32604,,0,32604,,,,,32604,,SAP OnHand only — no ceiling on file for this godown; no dispatch-lag correction applied
2026-08-09,BH-SC (overflow / secondary),18394,,0,18394,,,,,18394,,SAP OnHand only — no ceiling on file for this godown; no dispatch-lag correction applied
2026-08-10,BH-BT,343648,67604,0,411252,450000,38748,91.4,0,411252,0,VERIFIED — invoice-to-gate-out matched per document
2026-08-10,BH-PF,243866,54259,0,298124,377000,78876,79.1,31740,329864,57586,VERIFIED — invoice-to-gate-out matched per document
2026-08-10,OIL-FG-TOTAL (BH-BT+BH-PF),587513,121863,0,709376,827000,117624,85.8,31740,741116,57586,VERIFIED — invoice-to-gate-out matched per document
2026-08-10,GP-FG (overflow / secondary),275766,,0,275766,,,,,275766,,SAP OnHand only — no ceiling on file for this godown; no dispatch-lag correction applied
2026-08-10,BH-FG (overflow / secondary),32604,,0,32604,,,,,32604,,SAP OnHand only — no ceiling on file for this godown; no dispatch-lag correction applied
2026-08-10,BH-SC (overflow / secondary),18394,,0,18394,,,,,18394,,SAP OnHand only — no ceiling on file for this godown; no dispatch-lag correction applied
2026-08-11,BH-BT,339272,51994,0,391266,450000,58734,86.9,0,391266,0,VERIFIED — invoice-to-gate-out matched per document
2026-08-11,BH-PF,246594,70148,0,316742,377000,60258,84.0,47500,364242,57586,VERIFIED — invoice-to-gate-out matched per document
2026-08-11,OIL-FG-TOTAL (BH-BT+BH-PF),585866,122142,0,708008,827000,118992,85.6,47500,755508,57586,VERIFIED — invoice-to-gate-out matched per document
2026-08-11,GP-FG (overflow / secondary),266231,,0,266231,,,,,266231,,SAP OnHand only — no ceiling on file for this godown; no dispatch-lag correction applied
2026-08-11,BH-FG (overflow / secondary),32604,,0,32604,,,,,32604,,SAP OnHand only — no ceiling on file for this godown; no dispatch-lag correction applied
2026-08-11,BH-SC (overflow / secondary),18394,,0,18394,,,,,18394,,SAP OnHand only — no ceiling on file for this godown; no dispatch-lag correction applied
2026-08-12,BH-BT,349288,78141,0,427429,450000,22571,95.0,16556,443984,0,VERIFIED — invoice-to-gate-out matched per document
2026-08-12,BH-PF,233740,44645,0,278385,377000,98615,73.8,70600,348985,57586,VERIFIED — invoice-to-gate-out matched per document
2026-08-12,OIL-FG-TOTAL (BH-BT+BH-PF),583028,122786,0,705813,827000,121187,85.3,87156,792969,57586,VERIFIED — invoice-to-gate-out matched per document
2026-08-12,GP-FG (overflow / secondary),251376,,0,251376,,,,,251376,,SAP OnHand only — no ceiling on file for this godown; no dispatch-lag correction applied
2026-08-12,BH-FG (overflow / secondary),32604,,0,32604,,,,,32604,,SAP OnHand only — no ceiling on file for this godown; no dispatch-lag correction applied
2026-08-12,BH-SC (overflow / secondary),18394,,0,18394,,,,,18394,,SAP OnHand only — no ceiling on file for this godown; no dispatch-lag correction applied
2026-08-13,BH-BT,368208,58581,0,426789,450000,23211,94.8,0,426789,0,VERIFIED — invoice-to-gate-out matched per document
2026-08-13,BH-PF,263187,21918,0,285105,377000,91895,75.6,0,285105,57586,VERIFIED — invoice-to-gate-out matched per document
2026-08-13,OIL-FG-TOTAL (BH-BT+BH-PF),631395,80499,0,711894,827000,115106,86.1,0,711894,57586,VERIFIED — invoice-to-gate-out matched per document
2026-08-13,GP-FG (overflow / secondary),251376,,0,251376,,,,,251376,,SAP OnHand only — no ceiling on file for this godown; no dispatch-lag correction applied
2026-08-13,BH-FG (overflow / secondary),32604,,0,32604,,,,,32604,,SAP OnHand only — no ceiling on file for this godown; no dispatch-lag correction applied
2026-08-13,BH-SC (overflow / secondary),18390,,0,18390,,,,,18390,,SAP OnHand only — no ceiling on file for this godown; no dispatch-lag correction applied
2026-08-14,BH-BT,362599,50761,0,413360,450000,36640,91.9,0,413360,0,VERIFIED — invoice-to-gate-out matched per document
2026-08-14,BH-PF,330921,8270,0,339191,377000,37809,90.0,0,339191,57586,VERIFIED — invoice-to-gate-out matched per document
2026-08-14,OIL-FG-TOTAL (BH-BT+BH-PF),693520,59031,0,752551,827000,74449,91.0,0,752551,57586,VERIFIED — invoice-to-gate-out matched per document
2026-08-14,GP-FG (overflow / secondary),251376,,0,251376,,,,,251376,,SAP OnHand only — no ceiling on file for this godown; no dispatch-lag correction applied
2026-08-14,BH-FG (overflow / secondary),32604,,0,32604,,,,,32604,,SAP OnHand only — no ceiling on file for this godown; no dispatch-lag correction applied
2026-08-14,BH-SC (overflow / secondary),18390,,0,18390,,,,,18390,,SAP OnHand only — no ceiling on file for this godown; no dispatch-lag correction applied
2026-08-15,BH-BT,362599,50761,0,413360,450000,36640,91.9,0,413360,0,VERIFIED — invoice-to-gate-out matched per document
2026-08-15,BH-PF,330921,8270,0,339191,377000,37809,90.0,0,339191,57586,VERIFIED — invoice-to-gate-out matched per document
2026-08-15,OIL-FG-TOTAL (BH-BT+BH-PF),693520,59031,0,752551,827000,74449,91.0,0,752551,57586,VERIFIED — invoice-to-gate-out matched per document
2026-08-15,GP-FG (overflow / secondary),251376,,0,251376,,,,,251376,,SAP OnHand only — no ceiling on file for this godown; no dispatch-lag correction applied
2026-08-15,BH-FG (overflow / secondary),32604,,0,32604,,,,,32604,,SAP OnHand only — no ceiling on file for this godown; no dispatch-lag correction applied
2026-08-15,BH-SC (overflow / secondary),18390,,0,18390,,,,,18390,,SAP OnHand only — no ceiling on file for this godown; no dispatch-lag correction applied
2026-08-16,BH-BT,362599,50761,0,413360,450000,36640,91.9,0,413360,0,VERIFIED — invoice-to-gate-out matched per document
2026-08-16,BH-PF,330921,8270,0,339191,377000,37809,90.0,0,339191,57586,VERIFIED — invoice-to-gate-out matched per document
2026-08-16,OIL-FG-TOTAL (BH-BT+BH-PF),693520,59031,0,752551,827000,74449,91.0,0,752551,57586,VERIFIED — invoice-to-gate-out matched per document
2026-08-16,GP-FG (overflow / secondary),251376,,0,251376,,,,,251376,,SAP OnHand only — no ceiling on file for this godown; no dispatch-lag correction applied
2026-08-16,BH-FG (overflow / secondary),32604,,0,32604,,,,,32604,,SAP OnHand only — no ceiling on file for this godown; no dispatch-lag correction applied
2026-08-16,BH-SC (overflow / secondary),18390,,0,18390,,,,,18390,,SAP OnHand only — no ceiling on file for this godown; no dispatch-lag correction applied
2026-08-17,BH-BT,397503,42164,0,439667,450000,10333,97.7,0,439667,0,VERIFIED — invoice-to-gate-out matched per document
2026-08-17,BH-PF,254692,12605,0,267297,377000,109703,70.9,45080,312377,57586,VERIFIED — invoice-to-gate-out matched per document
2026-08-17,OIL-FG-TOTAL (BH-BT+BH-PF),652195,54769,0,706964,827000,120036,85.5,45080,752044,57586,VERIFIED — invoice-to-gate-out matched per document
2026-08-17,GP-FG (overflow / secondary),251376,,0,251376,,,,,251376,,SAP OnHand only — no ceiling on file for this godown; no dispatch-lag correction applied
2026-08-17,BH-FG (overflow / secondary),32604,,0,32604,,,,,32604,,SAP OnHand only — no ceiling on file for this godown; no dispatch-lag correction applied
2026-08-17,BH-SC (overflow / secondary),18368,,0,18368,,,,,18368,,SAP OnHand only — no ceiling on file for this godown; no dispatch-lag correction applied
2026-08-18,BH-BT,481624,47026,0,528650,450000,-78650,117.5,0,528650,0,VERIFIED — invoice-to-gate-out matched per document
2026-08-18,BH-PF,202276,20005,0,222281,377000,154719,59.0,74000,296281,57586,VERIFIED — invoice-to-gate-out matched per document
2026-08-18,OIL-FG-TOTAL (BH-BT+BH-PF),683900,67031,0,750931,827000,76069,90.8,74000,824931,57586,VERIFIED — invoice-to-gate-out matched per document
2026-08-18,GP-FG (overflow / secondary),251376,,0,251376,,,,,251376,,SAP OnHand only — no ceiling on file for this godown; no dispatch-lag correction applied
2026-08-18,BH-FG (overflow / secondary),32604,,0,32604,,,,,32604,,SAP OnHand only — no ceiling on file for this godown; no dispatch-lag correction applied
2026-08-18,BH-SC (overflow / secondary),18368,,0,18368,,,,,18368,,SAP OnHand only — no ceiling on file for this godown; no dispatch-lag correction applied
2026-08-19,BH-BT,461415,61573,0,522988,450000,-72988,116.2,0,522988,0,VERIFIED — invoice-to-gate-out matched per document
2026-08-19,BH-PF,203546,7410,0,210956,377000,166044,56.0,84532,295488,57586,VERIFIED — invoice-to-gate-out matched per document
2026-08-19,OIL-FG-TOTAL (BH-BT+BH-PF),664961,68983,0,733944,827000,93056,88.7,84532,818476,57586,VERIFIED — invoice-to-gate-out matched per document
2026-08-19,GP-FG (overflow / secondary),251376,,0,251376,,,,,251376,,SAP OnHand only — no ceiling on file for this godown; no dispatch-lag correction applied
2026-08-19,BH-FG (overflow / secondary),32604,,0,32604,,,,,32604,,SAP OnHand only — no ceiling on file for this godown; no dispatch-lag correction applied
2026-08-19,BH-SC (overflow / secondary),18368,,0,18368,,,,,18368,,SAP OnHand only — no ceiling on file for this godown; no dispatch-lag correction applied
2026-08-20,BH-BT,456335,16103,0,472437,450000,-22437,105.0,0,472437,0,VERIFIED — invoice-to-gate-out matched per document
2026-08-20,BH-PF,225456,20913,0,246369,377000,130631,65.3,50059,296428,57586,VERIFIED — invoice-to-gate-out matched per document
2026-08-20,OIL-FG-TOTAL (BH-BT+BH-PF),681790,37016,0,718806,827000,108194,86.9,50059,768865,57586,VERIFIED — invoice-to-gate-out matched per document
2026-08-20,GP-FG (overflow / secondary),251376,,0,251376,,,,,251376,,SAP OnHand only — no ceiling on file for this godown; no dispatch-lag correction applied
2026-08-20,BH-FG (overflow / secondary),32604,,0,32604,,,,,32604,,SAP OnHand only — no ceiling on file for this godown; no dispatch-lag correction applied
2026-08-20,BH-SC (overflow / secondary),18368,,0,18368,,,,,18368,,SAP OnHand only — no ceiling on file for this godown; no dispatch-lag correction applied
2026-08-21,BH-BT,469506,19431,0,488936,450000,-38936,108.7,0,488936,0,VERIFIED — invoice-to-gate-out matched per document
2026-08-21,BH-PF,206991,20223,0,227214,377000,149786,60.3,87060,314274,57586,VERIFIED — invoice-to-gate-out matched per document
2026-08-21,OIL-FG-TOTAL (BH-BT+BH-PF),676497,39653,0,716150,827000,110850,86.6,87060,803210,57586,VERIFIED — invoice-to-gate-out matched per document
2026-08-21,GP-FG (overflow / secondary),251376,,0,251376,,,,,251376,,SAP OnHand only — no ceiling on file for this godown; no dispatch-lag correction applied
2026-08-21,BH-FG (overflow / secondary),32604,,0,32604,,,,,32604,,SAP OnHand only — no ceiling on file for this godown; no dispatch-lag correction applied
2026-08-21,BH-SC (overflow / secondary),18368,,0,18368,,,,,18368,,SAP OnHand only — no ceiling on file for this godown; no dispatch-lag correction applied
2026-08-22,BH-BT,438843,24971,0,463813,450000,-13813,103.1,24000,487813,0,VERIFIED — invoice-to-gate-out matched per document
2026-08-22,BH-PF,372404,10741,0,383145,377000,-6145,101.6,69970,453115,57586,VERIFIED — invoice-to-gate-out matched per document
2026-08-22,OIL-FG-TOTAL (BH-BT+BH-PF),811247,35711,0,846958,827000,-19958,102.4,93970,940928,57586,VERIFIED — invoice-to-gate-out matched per document
2026-08-22,GP-FG (overflow / secondary),251376,,0,251376,,,,,251376,,SAP OnHand only — no ceiling on file for this godown; no dispatch-lag correction applied
2026-08-22,BH-FG (overflow / secondary),32604,,0,32604,,,,,32604,,SAP OnHand only — no ceiling on file for this godown; no dispatch-lag correction applied
2026-08-22,BH-SC (overflow / secondary),18368,,0,18368,,,,,18368,,SAP OnHand only — no ceiling on file for this godown; no dispatch-lag correction applied
2026-08-23,BH-BT,438843,24971,0,463813,450000,-13813,103.1,0,463813,0,VERIFIED — invoice-to-gate-out matched per document
2026-08-23,BH-PF,372404,10741,0,383145,377000,-6145,101.6,0,383145,57586,VERIFIED — invoice-to-gate-out matched per document
2026-08-23,OIL-FG-TOTAL (BH-BT+BH-PF),811247,35711,0,846958,827000,-19958,102.4,0,846958,57586,VERIFIED — invoice-to-gate-out matched per document
2026-08-23,GP-FG (overflow / secondary),251376,,0,251376,,,,,251376,,SAP OnHand only — no ceiling on file for this godown; no dispatch-lag correction applied
2026-08-23,BH-FG (overflow / secondary),32604,,0,32604,,,,,32604,,SAP OnHand only — no ceiling on file for this godown; no dispatch-lag correction applied
2026-08-23,BH-SC (overflow / secondary),18368,,0,18368,,,,,18368,,SAP OnHand only — no ceiling on file for this godown; no dispatch-lag correction applied
2026-08-24,BH-BT,432945,51869,0,484813,450000,-34813,107.7,11200,496013,0,VERIFIED — invoice-to-gate-out matched per document
2026-08-24,BH-PF,293242,11631,0,304872,377000,72128,80.9,89560,394432,57586,VERIFIED — invoice-to-gate-out matched per document
2026-08-24,OIL-FG-TOTAL (BH-BT+BH-PF),726186,63499,0,789686,827000,37314,95.5,100760,890446,57586,VERIFIED — invoice-to-gate-out matched per document
2026-08-24,GP-FG (overflow / secondary),248079,,0,248079,,,,,248079,,SAP OnHand only — no ceiling on file for this godown; no dispatch-lag correction applied
2026-08-24,BH-FG (overflow / secondary),32604,,0,32604,,,,,32604,,SAP OnHand only — no ceiling on file for this godown; no dispatch-lag correction applied
2026-08-24,BH-SC (overflow / secondary),18364,,0,18364,,,,,18364,,SAP OnHand only — no ceiling on file for this godown; no dispatch-lag correction applied
2026-08-25,BH-BT,378771,87880,0,466652,450000,-16652,103.7,0,466652,0,VERIFIED — invoice-to-gate-out matched per document
2026-08-25,BH-PF,317885,19761,0,337646,377000,39354,89.6,51440,389086,57586,VERIFIED — invoice-to-gate-out matched per document
2026-08-25,OIL-FG-TOTAL (BH-BT+BH-PF),696656,107642,0,804298,827000,22702,97.3,51440,855738,57586,VERIFIED — invoice-to-gate-out matched per document
2026-08-25,GP-FG (overflow / secondary),248079,,0,248079,,,,,248079,,SAP OnHand only — no ceiling on file for this godown; no dispatch-lag correction applied
2026-08-25,BH-FG (overflow / secondary),32604,,0,32604,,,,,32604,,SAP OnHand only — no ceiling on file for this godown; no dispatch-lag correction applied
2026-08-25,BH-SC (overflow / secondary),18364,,0,18364,,,,,18364,,SAP OnHand only — no ceiling on file for this godown; no dispatch-lag correction applied
2026-08-26,BH-BT,372229,87272,0,459501,450000,-9501,102.1,32000,491501,0,VERIFIED — invoice-to-gate-out matched per document
2026-08-26,BH-PF,269636,40668,0,310305,377000,66695,82.3,62276,372581,57586,VERIFIED — invoice-to-gate-out matched per document
2026-08-26,OIL-FG-TOTAL (BH-BT+BH-PF),641865,127941,0,769806,827000,57194,93.1,94276,864082,57586,VERIFIED — invoice-to-gate-out matched per document
2026-08-26,GP-FG (overflow / secondary),231596,,0,231596,,,,,231596,,SAP OnHand only — no ceiling on file for this godown; no dispatch-lag correction applied
2026-08-26,BH-FG (overflow / secondary),32604,,0,32604,,,,,32604,,SAP OnHand only — no ceiling on file for this godown; no dispatch-lag correction applied
2026-08-26,BH-SC (overflow / secondary),18364,,0,18364,,,,,18364,,SAP OnHand only — no ceiling on file for this godown; no dispatch-lag correction applied
2026-08-27,BH-BT,367217,74498,0,441715,450000,8285,98.2,0,441715,0,VERIFIED — invoice-to-gate-out matched per document
2026-08-27,BH-PF,283936,52771,0,336707,377000,40293,89.3,55600,392307,57586,VERIFIED — invoice-to-gate-out matched per document
2026-08-27,OIL-FG-TOTAL (BH-BT+BH-PF),651153,127270,0,778423,827000,48577,94.1,55600,834023,57586,VERIFIED — invoice-to-gate-out matched per document
2026-08-27,GP-FG (overflow / secondary),231431,,0,231431,,,,,231431,,SAP OnHand only — no ceiling on file for this godown; no dispatch-lag correction applied
2026-08-27,BH-FG (overflow / secondary),32604,,0,32604,,,,,32604,,SAP OnHand only — no ceiling on file for this godown; no dispatch-lag correction applied
2026-08-27,BH-SC (overflow / secondary),18364,,0,18364,,,,,18364,,SAP OnHand only — no ceiling on file for this godown; no dispatch-lag correction applied
2026-08-28,BH-BT,367217,74498,0,441715,450000,8285,98.2,0,441715,0,VERIFIED — invoice-to-gate-out matched per document
2026-08-28,BH-PF,291716,52771,0,344487,377000,32513,91.4,0,344487,57586,VERIFIED — invoice-to-gate-out matched per document
2026-08-28,OIL-FG-TOTAL (BH-BT+BH-PF),658933,127270,0,786203,827000,40797,95.1,0,786203,57586,VERIFIED — invoice-to-gate-out matched per document
2026-08-28,GP-FG (overflow / secondary),231431,,0,231431,,,,,231431,,SAP OnHand only — no ceiling on file for this godown; no dispatch-lag correction applied
2026-08-28,BH-FG (overflow / secondary),32604,,0,32604,,,,,32604,,SAP OnHand only — no ceiling on file for this godown; no dispatch-lag correction applied
2026-08-28,BH-SC (overflow / secondary),18364,,0,18364,,,,,18364,,SAP OnHand only — no ceiling on file for this godown; no dispatch-lag correction applied
2026-08-29,BH-BT,381500,66448,0,447949,450000,2051,99.5,0,447949,0,VERIFIED — invoice-to-gate-out matched per document
2026-08-29,BH-PF,287146,23747,0,310893,377000,66107,82.5,116502,427395,57586,VERIFIED — invoice-to-gate-out matched per document
2026-08-29,OIL-FG-TOTAL (BH-BT+BH-PF),668646,90196,0,758842,827000,68158,91.8,116502,875344,57586,VERIFIED — invoice-to-gate-out matched per document
2026-08-29,GP-FG (overflow / secondary),226320,,0,226320,,,,,226320,,SAP OnHand only — no ceiling on file for this godown; no dispatch-lag correction applied
2026-08-29,BH-FG (overflow / secondary),32604,,0,32604,,,,,32604,,SAP OnHand only — no ceiling on file for this godown; no dispatch-lag correction applied
2026-08-29,BH-SC (overflow / secondary),18364,,0,18364,,,,,18364,,SAP OnHand only — no ceiling on file for this godown; no dispatch-lag correction applied
2026-08-30,BH-BT,414078,66448,0,480527,450000,-30527,106.8,0,480527,0,VERIFIED — invoice-to-gate-out matched per document
2026-08-30,BH-PF,254566,21747,0,276313,377000,100687,73.3,0,276313,57586,VERIFIED — invoice-to-gate-out matched per document
2026-08-30,OIL-FG-TOTAL (BH-BT+BH-PF),668644,88196,0,756840,827000,70160,91.5,0,756840,57586,VERIFIED — invoice-to-gate-out matched per document
2026-08-30,GP-FG (overflow / secondary),226320,,0,226320,,,,,226320,,SAP OnHand only — no ceiling on file for this godown; no dispatch-lag correction applied
2026-08-30,BH-FG (overflow / secondary),32604,,0,32604,,,,,32604,,SAP OnHand only — no ceiling on file for this godown; no dispatch-lag correction applied
2026-08-30,BH-SC (overflow / secondary),18364,,0,18364,,,,,18364,,SAP OnHand only — no ceiling on file for this godown; no dispatch-lag correction applied
2026-08-30,SITE-GATE inbound (NOT an FG godown),0,0,80396,80396,,,,0,80396,0,"VERIFIED: 18 Oil gate lines physically received with no SAP GRPO. 80,396 L loose oil (-> BH-LO tanks) + 584,341 pcs packaging (-> BH-PM/BH-BS). Rs 5,956,626. Adds to SITE occupancy, NOT to BH-BT/BH-PF."
