StorageType,FacilityName,City,SkuCode,SkuDescription,L1,L2,ShelfLifeDays,BusinessCategory,DaysOnHand,PotentialGmvLoss,OpenPos,OpenPoQuantity,WarehouseQtyAvailable
Ambient,CHE AMB IM2,CHENNAI,141307,Jivo Healthy Wheatgrass Juice (Mojito) - Sugar Free 200.0 ml,Cold Drinks and Juices,Juices and Fruit Drinks,365,Packaged Food,20,17.5,[],0,1
Ambient,BLR IM4,BANGALORE,141307,Jivo Healthy Wheatgrass Juice (Mojito) - Sugar Free 200.0 ml,Cold Drinks and Juices,Juices and Fruit Drinks,365,Packaged Food,200,7,[],0,4
Ambient,BLR IM1,BANGALORE,141307,Jivo Healthy Wheatgrass Juice (Mojito) - Sugar Free 200.0 ml,Cold Drinks and Juices,Juices and Fruit Drinks,365,Packaged Food,20,17.5,[],0,1
Ambient,BLR ECOM2,BANGALORE,141307,Jivo Healthy Wheatgrass Juice (Mojito) - Sugar Free 200.0 ml,Cold Drinks and Juices,Juices and Fruit Drinks,365,Packaged Food,0,24.5,[],0,0
Ambient,AHM DELHIVERY,AHMEDABAD,149270,JIVO NATURAL MINERALS WATER 1.0 ltr,Cold Drinks and Juices,Water and Ice Cubes,365,Packaged Food,0,1226.4,"[CADPO216091"",""CADPO215919]",144,1
Ambient,MUM IM3,MUMBAI,149270,JIVO NATURAL MINERALS WATER 1.0 ltr,Cold Drinks and Juices,Water and Ice Cubes,365,Packaged Food,15,39.9,[CI3PO79698],36,3
Ambient,MUM IM1,MUMBAI,149270,JIVO NATURAL MINERALS WATER 1.0 ltr,Cold Drinks and Juices,Water and Ice Cubes,365,Packaged Food,1233,6.3,[],0,37
Ambient,MUM FC22,MUMBAI,149270,JIVO NATURAL MINERALS WATER 1.0 ltr,Cold Drinks and Juices,Water and Ice Cubes,365,Packaged Food,6,491.4,[CMFPO343308],12,15
Ambient,PUN DELHIVERY,PUNE,149270,JIVO NATURAL MINERALS WATER 1.0 ltr,Cold Drinks and Juices,Water and Ice Cubes,365,Packaged Food,8,812.7,"[CPDPO292176"",""CPDPO291607"",""CPDPO291100"",""CPDPO293635]",96,32
Ambient,AMD IM3,AHMEDABAD,149270,JIVO NATURAL MINERALS WATER 1.0 ltr,Cold Drinks and Juices,Water and Ice Cubes,365,Packaged Food,365,0,[],0,0
Ambient,GOA IM1,CENTRAL GOA,149270,JIVO NATURAL MINERALS WATER 1.0 ltr,Cold Drinks and Juices,Water and Ice Cubes,365,Packaged Food,0,907.2,"[GCAPO68785"",""GCAPO68334]",84,0
Ambient,KOL IM2,KOLKATA,149270,JIVO NATURAL MINERALS WATER 1.0 ltr,Cold Drinks and Juices,Water and Ice Cubes,365,Packaged Food,365,0,"[KWBPO105186"",""KWBPO104955"",""KWBPO103976"",""KWBPO103189"",""KWBPO104389"",""KWBPO103040"",""KWBPO100588]",156,0
Ambient,AHM DELHIVERY,AHMEDABAD,15685,Jivo Canola Cold Press Edible Oil 1.0 ltr,Edible Oils and Ghee,Edible Oils,730,Cooking Essentials,17,7927.5,"[CADPO216929"",""CADPO216308]",40,52
Ambient,HYD IM2,HYDERABAD,15685,Jivo Canola Cold Press Edible Oil 1.0 ltr,Edible Oils and Ghee,Edible Oils,730,Cooking Essentials,23,6222.51,"[CHCPO368342"",""CHCPO367595]",60,58
Ambient,HYD IM1,HYDERABAD,15685,Jivo Canola Cold Press Edible Oil 1.0 ltr,Edible Oils and Ghee,Edible Oils,730,Cooking Essentials,0,9271.29,"[CHMPO318593"",""CHMPO318845]",80,0
Ambient,MUM IM3,MUMBAI,15685,Jivo Canola Cold Press Edible Oil 1.0 ltr,Edible Oils and Ghee,Edible Oils,730,Cooking Essentials,21,14910,[CI3PO79698],60,120
Ambient,MUM IM1,MUMBAI,15685,Jivo Canola Cold Press Edible Oil 1.0 ltr,Edible Oils and Ghee,Edible Oils,730,Cooking Essentials,7,16143.75,[CIMPO118002],80,45
Ambient,MUM FC22,MUMBAI,15685,Jivo Canola Cold Press Edible Oil 1.0 ltr,Edible Oils and Ghee,Edible Oils,730,Cooking Essentials,20,13072.5,[CMFPO343688],40,104
Ambient,HYD IM4,HYDERABAD,15685,Jivo Canola Cold Press Edible Oil 1.0 ltr,Edible Oils and Ghee,Edible Oils,730,Cooking Essentials,0,21816.27,"[CMMPO13711"",""CMMPO12416"",""CMMPO12551"",""CMMPO12486"",""CMMPO12554"",""CMMPO13568]",220,0
Ambient,HYD IM5,HYDERABAD,15685,Jivo Canola Cold Press Edible Oil 1.0 ltr,Edible Oils and Ghee,Edible Oils,730,Cooking Essentials,365,0,[],0,0
Ambient,PUNE IM2 TEMP,PUNE,15685,Jivo Canola Cold Press Edible Oil 1.0 ltr,Edible Oils and Ghee,Edible Oils,730,Cooking Essentials,365,0,[],0,1
Ambient,PUN DELHIVERY,PUNE,15685,Jivo Canola Cold Press Edible Oil 1.0 ltr,Edible Oils and Ghee,Edible Oils,730,Cooking Essentials,1,19871.25,"[CPDPO292176"",""CPDPO293635"",""CPDPO289790"",""CPDPO291100]",200,9
Ambient,NOI IM1,NOIDA,15685,Jivo Canola Cold Press Edible Oil 1.0 ltr,Edible Oils and Ghee,Edible Oils,730,Cooking Essentials,14,26853.75,[ETPPO81893],60,151
Ambient,DLHY GGNFC5,GURGAON,15685,Jivo Canola Cold Press Edible Oil 1.0 ltr,Edible Oils and Ghee,Edible Oils,730,Cooking Essentials,14,25226.25,[FC5PO421224],100,141
Ambient,GOA IM1,CENTRAL GOA,15685,Jivo Canola Cold Press Edible Oil 1.0 ltr,Edible Oils and Ghee,Edible Oils,730,Cooking Essentials,23,4672.5,[GCAPO68785],20,41
Ambient,DLHY GGNFC9,DELHI,15685,Jivo Canola Cold Press Edible Oil 1.0 ltr,Edible Oils and Ghee,Edible Oils,730,Cooking Essentials,13,43391.25,[GGNPO381138],100,216
Ambient,CBE ECOM,COIMBATORE,15685,Jivo Canola Cold Press Edible Oil 1.0 ltr,Edible Oils and Ghee,Edible Oils,730,Cooking Essentials,10,7638.75,"[JCEPO185884"",""JCEPO187225]",40,31
Ambient,CHN ECOM,CHENNAI,15685,Jivo Canola Cold Press Edible Oil 1.0 ltr,Edible Oils and Ghee,Edible Oils,730,Cooking Essentials,62,2546.25,[],0,61
Ambient,CBE IM1 TEMP,COIMBATORE,15685,Jivo Canola Cold Press Edible Oil 1.0 ltr,Edible Oils and Ghee,Edible Oils,730,Cooking Essentials,365,0,[],0,1
Ambient,CHE AMB IM2,CHENNAI,15685,Jivo Canola Cold Press Edible Oil 1.0 ltr,Edible Oils and Ghee,Edible Oils,730,Cooking Essentials,32,5328.75,[JN2PO110763],20,65
Ambient,JAI IM1,JAIPUR,15685,Jivo Canola Cold Press Edible Oil 1.0 ltr,Edible Oils and Ghee,Edible Oils,730,Cooking Essentials,45,2730,[],0,47
Ambient,KOC IM1,KOCHI,15685,Jivo Canola Cold Press Edible Oil 1.0 ltr,Edible Oils and Ghee,Edible Oils,730,Cooking Essentials,0,13781.25,"[KOCPO130946"",""KOCPO123813"",""KOCPO131970"",""KOCPO124987"",""KOCPO124764]",100,0
Ambient,KOLKATA ECOM,KOLKATA,15685,Jivo Canola Cold Press Edible Oil 1.0 ltr,Edible Oils and Ghee,Edible Oils,730,Cooking Essentials,0,32025,[],0,0
Ambient,KOL IM2,KOLKATA,15685,Jivo Canola Cold Press Edible Oil 1.0 ltr,Edible Oils and Ghee,Edible Oils,730,Cooking Essentials,365,0,"[KWBPO100588"",""KWBPO105186]",160,288
Ambient,LKO IM1,LUCKNOW,15685,Jivo Canola Cold Press Edible Oil 1.0 ltr,Edible Oils and Ghee,Edible Oils,730,Cooking Essentials,21,6982.5,[],0,57
Ambient,BLR IM3,BANGALORE,15685,Jivo Canola Cold Press Edible Oil 1.0 ltr,Edible Oils and Ghee,Edible Oils,730,Cooking Essentials,365,0,"[MBDPO24638"",""MBDPO23859"",""MBDPO23284]",120,54
Ambient,BLR IM4,BANGALORE,15685,Jivo Canola Cold Press Edible Oil 1.0 ltr,Edible Oils and Ghee,Edible Oils,730,Cooking Essentials,11,12101.25,"[MBEPO40132"",""MBEPO37999]",80,52
Ambient,BLR IM1,BANGALORE,15685,Jivo Canola Cold Press Edible Oil 1.0 ltr,Edible Oils and Ghee,Edible Oils,730,Cooking Essentials,0,15960,[],0,1
,BLR DHL,BANGALORE_2,15685,Jivo Canola Cold Press Edible Oil 1.0 ltr,Edible Oils and Ghee,Edible Oils,730,Non Food,22,9712.5,[MBJPO86769],20,84
Ambient,BLR ECOM2,BANGALORE,15685,Jivo Canola Cold Press Edible Oil 1.0 ltr,Edible Oils and Ghee,Edible Oils,730,Cooking Essentials,0,13413.75,"[MBLPO415937"",""MBLPO423079"",""MBLPO421420"",""MBLPO420633]",140,0
Ambient,NAG IM1,NAGPUR,15685,Jivo Canola Cold Press Edible Oil 1.0 ltr,Edible Oils and Ghee,Edible Oils,730,Cooking Essentials,34,2336.25,[],0,31
Ambient,CHD ECOM,CHANDIGARH,15685,Jivo Canola Cold Press Edible Oil 1.0 ltr,Edible Oils and Ghee,Edible Oils,730,Cooking Essentials,14,42971.25,[PCHPO218372],120,233
Ambient,VIZ IM1,VIZAG,15685,Jivo Canola Cold Press Edible Oil 1.0 ltr,Edible Oils and Ghee,Edible Oils,730,Cooking Essentials,0,9082.5,"[VIAPO75739"",""VIAPO83303"",""VIAPO77042"",""VIAPO77270]",80,0
Ambient,AHM DELHIVERY,AHMEDABAD,15686,Jivo Canola Cold Press Oil Indian Medical Association Recommended 5.0 ltr,Edible Oils and Ghee,Edible Oils,730,Cooking Essentials,21,6468,"[CADPO216584"",""CADPO216091]",9,12
Ambient,HYD IM2,HYDERABAD,15686,Jivo Canola Cold Press Oil Indian Medical Association Recommended 5.0 ltr,Edible Oils and Ghee,Edible Oils,730,Cooking Essentials,63,2541,"[CHCPO369955"",""CHCPO369711]",6,14
Ambient,HYD IM1,HYDERABAD,15686,Jivo Canola Cold Press Oil Indian Medical Association Recommended 5.0 ltr,Edible Oils and Ghee,Edible Oils,730,Cooking Essentials,13,4389,"[CHMPO318845"",""CHMPO317280]",6,5
Ambient,MUM IM3,MUMBAI,15686,Jivo Canola Cold Press Oil Indian Medical Association Recommended 5.0 ltr,Edible Oils and Ghee,Edible Oils,730,Cooking Essentials,75,462,[CI3PO79996],9,3
Ambient,MUM IM1,MUMBAI,15686,Jivo Canola Cold Press Oil Indian Medical Association Recommended 5.0 ltr,Edible Oils and Ghee,Edible Oils,730,Cooking Essentials,33,346.5,[],0,1
Ambient,MUM FC22,MUMBAI,15686,Jivo Canola Cold Press Oil Indian Medical Association Recommended 5.0 ltr,Edible Oils and Ghee,Edible Oils,730,Cooking Essentials,3,16170,"[CMFPO343308"",""CMFPO342883"",""CMFPO342514]",27,5
Ambient,HYD IM4,HYDERABAD,15686,Jivo Canola Cold Press Oil Indian Medical Association Recommended 5.0 ltr,Edible Oils and Ghee,Edible Oils,730,Cooking Essentials,47,4851,[],0,20
Ambient,PUN DELHIVERY,PUNE,15686,Jivo Canola Cold Press Oil Indian Medical Association Recommended 5.0 ltr,Edible Oils and Ghee,Edible Oils,730,Cooking Essentials,57,7045.5,[],0,35
Ambient,NOI IM1,NOIDA,15686,Jivo Canola Cold Press Oil Indian Medical Association Recommended 5.0 ltr,Edible Oils and Ghee,Edible Oils,730,Cooking Essentials,7,13629,"[ETPPO80309"",""ETPPO81893"",""ETPPO74073]",21,9
Ambient,AMD IM3,AHMEDABAD,15686,Jivo Canola Cold Press Oil Indian Medical Association Recommended 5.0 ltr,Edible Oils and Ghee,Edible Oils,730,Cooking Essentials,365,0,[],0,2
Ambient,DLHY GGNFC5,GURGAON,15686,Jivo Canola Cold Press Oil Indian Medical Association Recommended 5.0 ltr,Edible Oils and Ghee,Edible Oils,730,Cooking Essentials,18,12820.5,[],0,20
Ambient,DLHY GGNFC9,DELHI,15686,Jivo Canola Cold Press Oil Indian Medical Association Recommended 5.0 ltr,Edible Oils and Ghee,Edible Oils,730,Cooking Essentials,205,2079,[GGNPO373394],3,37
Ambient,CBE ECOM,COIMBATORE,15686,Jivo Canola Cold Press Oil Indian Medical Association Recommended 5.0 ltr,Edible Oils and Ghee,Edible Oils,730,Cooking Essentials,365,0,[JCEPO182484],3,9
Ambient,CHN ECOM,CHENNAI,15686,Jivo Canola Cold Press Oil Indian Medical Association Recommended 5.0 ltr,Edible Oils and Ghee,Edible Oils,730,Cooking Essentials,13,2541,[],0,3
Ambient,CBE IM1 TEMP,COIMBATORE,15686,Jivo Canola Cold Press Oil Indian Medical Association Recommended 5.0 ltr,Edible Oils and Ghee,Edible Oils,730,Cooking Essentials,365,0,[],0,1
Ambient,CHE AMB IM2,CHENNAI,15686,Jivo Canola Cold Press Oil Indian Medical Association Recommended 5.0 ltr,Edible Oils and Ghee,Edible Oils,730,Cooking Essentials,7,3234,"[JN2PO109699"",""JN2PO110763]",9,2
Ambient,JAI IM1,JAIPUR,15686,Jivo Canola Cold Press Oil Indian Medical Association Recommended 5.0 ltr,Edible Oils and Ghee,Edible Oils,730,Cooking Essentials,365,0,[],0,30
Ambient,KOC IM1,KOCHI,15686,Jivo Canola Cold Press Oil Indian Medical Association Recommended 5.0 ltr,Edible Oils and Ghee,Edible Oils,730,Cooking Essentials,89,9471,[],0,73
Ambient,LKO IM3,LUCKNOW,15686,Jivo Canola Cold Press Oil Indian Medical Association Recommended 5.0 ltr,Edible Oils and Ghee,Edible Oils,730,Cooking Essentials,365,0,[],0,0
Ambient,BLR IM4,BANGALORE,15686,Jivo Canola Cold Press Oil Indian Medical Association Recommended 5.0 ltr,Edible Oils and Ghee,Edible Oils,730,Cooking Essentials,18,1270.5,"[MBEPO40132"",""MBEPO38778]",6,2
Ambient,BLR IM1,BANGALORE,15686,Jivo Canola Cold Press Oil Indian Medical Association Recommended 5.0 ltr,Edible Oils and Ghee,Edible Oils,730,Cooking Essentials,0,1732.5,[],0,0
,BLR DHL,BANGALORE_2,15686,Jivo Canola Cold Press Oil Indian Medical Association Recommended 5.0 ltr,Edible Oils and Ghee,Edible Oils,730,Non Food,75,0,[],0,3
Ambient,BLR ECOM2,BANGALORE,15686,Jivo Canola Cold Press Oil Indian Medical Association Recommended 5.0 ltr,Edible Oils and Ghee,Edible Oils,730,Cooking Essentials,14,808.5,[MBLPO423546],3,1
Ambient,NAG IM1,NAGPUR,15686,Jivo Canola Cold Press Oil Indian Medical Association Recommended 5.0 ltr,Edible Oils and Ghee,Edible Oils,730,Cooking Essentials,53,1501.5,[],0,7
Ambient,CHD ECOM,CHANDIGARH,15686,Jivo Canola Cold Press Oil Indian Medical Association Recommended 5.0 ltr,Edible Oils and Ghee,Edible Oils,730,Cooking Essentials,12,26680.5,[PCHPO218372],12,30
Ambient,VIZ IM1,VIZAG,15686,Jivo Canola Cold Press Oil Indian Medical Association Recommended 5.0 ltr,Edible Oils and Ghee,Edible Oils,730,Cooking Essentials,23,11896.5,[VIAPO77042],3,24
Ambient,AHM DELHIVERY,AHMEDABAD,15687,Jivo Extra Light Daily Cooking Olive Oil 1.0 ltr,Edible Oils and Ghee,Olive Oil,730,Cooking Essentials,0,49736.82,"[CADPO216929"",""CADPO216308]",64,0
Ambient,HYD IM2,HYDERABAD,15687,Jivo Extra Light Daily Cooking Olive Oil 1.0 ltr,Edible Oils and Ghee,Olive Oil,730,Cooking Essentials,1,27386.73,"[CHCPO367595"",""CHCPO369955"",""CHCPO367976"",""CHCPO369711]",112,5
Ambient,HYD IM1,HYDERABAD,15687,Jivo Extra Light Daily Cooking Olive Oil 1.0 ltr,Edible Oils and Ghee,Olive Oil,730,Cooking Essentials,0,58446.01,"[CHMPO318593"",""CHMPO318845]",96,0
Ambient,MUM IM3,MUMBAI,15687,Jivo Extra Light Daily Cooking Olive Oil 1.0 ltr,Edible Oils and Ghee,Olive Oil,730,Cooking Essentials,2,99473.64,"[CI3PO79698"",""CI3PO79996]",112,23
Ambient,MUM IM1,MUMBAI,15687,Jivo Extra Light Daily Cooking Olive Oil 1.0 ltr,Edible Oils and Ghee,Olive Oil,730,Cooking Essentials,12,131267.44,[],0,152
Ambient,MUM FC22,MUMBAI,15687,Jivo Extra Light Daily Cooking Olive Oil 1.0 ltr,Edible Oils and Ghee,Olive Oil,730,Cooking Essentials,0,88141.2,[CMFPO343308],112,0
Ambient,HYD IM4,HYDERABAD,15687,Jivo Extra Light Daily Cooking Olive Oil 1.0 ltr,Edible Oils and Ghee,Olive Oil,730,Cooking Essentials,0,51625.56,"[CMMPO12551"",""CMMPO12486"",""CMMPO14128"",""CMMPO13841"",""CMMPO12758"",""CMMPO12554]",192,0
Ambient,PUN DELHIVERY,PUNE,15687,Jivo Extra Light Daily Cooking Olive Oil 1.0 ltr,Edible Oils and Ghee,Olive Oil,730,Cooking Essentials,0,37250.15,"[CPDPO293635"",""CPDPO292176]",160,2
Ambient,NOI IM1,NOIDA,15687,Jivo Extra Light Daily Cooking Olive Oil 1.0 ltr,Edible Oils and Ghee,Olive Oil,730,Cooking Essentials,14,79536.94,[ETPPO81893],80,109
Ambient,AMD IM3,AHMEDABAD,15687,Jivo Extra Light Daily Cooking Olive Oil 1.0 ltr,Edible Oils and Ghee,Olive Oil,730,Cooking Essentials,365,0,[ETRPO20224],48,0
Ambient,DLHY GGNFC5,GURGAON,15687,Jivo Extra Light Daily Cooking Olive Oil 1.0 ltr,Edible Oils and Ghee,Olive Oil,730,Cooking Essentials,13,156765.42,[FC5PO421224],128,200
Ambient,GOA IM1,CENTRAL GOA,15687,Jivo Extra Light Daily Cooking Olive Oil 1.0 ltr,Edible Oils and Ghee,Olive Oil,730,Cooking Essentials,22,32528.3,[],0,69
Ambient,DLHY GGNFC9,DELHI,15687,Jivo Extra Light Daily Cooking Olive Oil 1.0 ltr,Edible Oils and Ghee,Olive Oil,730,Cooking Essentials,6,175128.17,"[GGNPO381540"",""GGNPO381138]",224,107
Ambient,GAU IM1,GUWAHATI,15687,Jivo Extra Light Daily Cooking Olive Oil 1.0 ltr,Edible Oils and Ghee,Olive Oil,730,Cooking Essentials,165,4302.13,[],0,68
Ambient,CBE ECOM,COIMBATORE,15687,Jivo Extra Light Daily Cooking Olive Oil 1.0 ltr,Edible Oils and Ghee,Olive Oil,730,Cooking Essentials,22,22350.09,"[JCEPO185884"",""JCEPO187225]",32,47
Ambient,CHN ECOM,CHENNAI,15687,Jivo Extra Light Daily Cooking Olive Oil 1.0 ltr,Edible Oils and Ghee,Olive Oil,730,Cooking Essentials,13,46693.85,"[JCNPO278717"",""JCNPO272504]",80,60
Ambient,CHE AMB IM2,CHENNAI,15687,Jivo Extra Light Daily Cooking Olive Oil 1.0 ltr,Edible Oils and Ghee,Olive Oil,730,Cooking Essentials,20,65581.25,[JN2PO109699],48,127
Ambient,JAI IM1,JAIPUR,15687,Jivo Extra Light Daily Cooking Olive Oil 1.0 ltr,Edible Oils and Ghee,Olive Oil,730,Cooking Essentials,18,16578.94,[],0,30
Ambient,KOC IM1,KOCHI,15687,Jivo Extra Light Daily Cooking Olive Oil 1.0 ltr,Edible Oils and Ghee,Olive Oil,730,Cooking Essentials,1,42496.65,"[KOCPO130946"",""KOCPO125329"",""KOCPO125625"",""KOCPO127028"",""KOCPO125595]",80,7
Ambient,KOLKATA ECOM,KOLKATA,15687,Jivo Extra Light Daily Cooking Olive Oil 1.0 ltr,Edible Oils and Ghee,Olive Oil,730,Cooking Essentials,0,223291.05,[],0,0
Ambient,KOL IM2,KOLKATA,15687,Jivo Extra Light Daily Cooking Olive Oil 1.0 ltr,Edible Oils and Ghee,Olive Oil,730,Cooking Essentials,365,0,"[KWBPO100588"",""KWBPO103736"",""KWBPO104955"",""KWBPO105186]",432,224
Ambient,LKO IM1,LUCKNOW,15687,Jivo Extra Light Daily Cooking Olive Oil 1.0 ltr,Edible Oils and Ghee,Olive Oil,730,Cooking Essentials,66,1259.16,[],0,8
Ambient,BLR IM3,BANGALORE,15687,Jivo Extra Light Daily Cooking Olive Oil 1.0 ltr,Edible Oils and Ghee,Olive Oil,730,Cooking Essentials,365,0,"[MBDPO24402"",""MBDPO24638"",""MBDPO24073"",""MBDPO23161"",""MBDPO24560]",464,0
Ambient,BLR IM4,BANGALORE,15687,Jivo Extra Light Daily Cooking Olive Oil 1.0 ltr,Edible Oils and Ghee,Olive Oil,730,Cooking Essentials,2,92863.05,"[MBEPO40510"",""MBEPO37999]",112,19
Ambient,BLR IM1,BANGALORE,15687,Jivo Extra Light Daily Cooking Olive Oil 1.0 ltr,Edible Oils and Ghee,Olive Oil,730,Cooking Essentials,0,178066.2,[],0,0
,BLR DHL,BANGALORE_2,15687,Jivo Extra Light Daily Cooking Olive Oil 1.0 ltr,Edible Oils and Ghee,Olive Oil,730,Non Food,25,76389.04,[MBJPO86960],48,189
Ambient,BLR ECOM2,BANGALORE,15687,Jivo Extra Light Daily Cooking Olive Oil 1.0 ltr,Edible Oils and Ghee,Olive Oil,730,Cooking Essentials,0,158759.1,"[MBLPO423079"",""MBLPO425961"",""MBLPO421114"",""MBLPO415937]",368,0
Ambient,NAG IM1,NAGPUR,15687,Jivo Extra Light Daily Cooking Olive Oil 1.0 ltr,Edible Oils and Ghee,Olive Oil,730,Cooking Essentials,0,16054.29,[NARPO20473],32,0
Ambient,CHD ECOM,CHANDIGARH,15687,Jivo Extra Light Daily Cooking Olive Oil 1.0 ltr,Edible Oils and Ghee,Olive Oil,730,Cooking Essentials,17,68624.22,[PCHPO218001],64,115
Ambient,CHD_IM2,CHANDIGARH,15687,Jivo Extra Light Daily Cooking Olive Oil 1.0 ltr,Edible Oils and Ghee,Olive Oil,730,Cooking Essentials,365,0,[],0,0
Ambient,VIZ IM1,VIZAG,15687,Jivo Extra Light Daily Cooking Olive Oil 1.0 ltr,Edible Oils and Ghee,Olive Oil,730,Cooking Essentials,52,22979.67,[],0,115
Ambient,AHM DELHIVERY,AHMEDABAD,21709,Jivo Daily Cooking Pomace Olive Oil 1.0 ltr,Edible Oils and Ghee,Edible Oils,730,Cooking Essentials,0,32015.48,[],0,1
Ambient,HYD IM2,HYDERABAD,21709,Jivo Daily Cooking Pomace Olive Oil 1.0 ltr,Edible Oils and Ghee,Edible Oils,730,Cooking Essentials,21,3818.36,[CHCPO367595],16,11
Ambient,HYD IM1,HYDERABAD,21709,Jivo Daily Cooking Pomace Olive Oil 1.0 ltr,Edible Oils and Ghee,Edible Oils,730,Cooking Essentials,3,19752.67,"[CHMPO318845"",""CHMPO318593]",48,10
Ambient,MUM IM3,MUMBAI,21709,Jivo Daily Cooking Pomace Olive Oil 1.0 ltr,Edible Oils and Ghee,Edible Oils,730,Cooking Essentials,0,29959.44,"[CI3PO79698"",""CI3PO79996]",64,0
Ambient,MUM IM1,MUMBAI,21709,Jivo Daily Cooking Pomace Olive Oil 1.0 ltr,Edible Oils and Ghee,Edible Oils,730,Cooking Essentials,7,48977.81,"[CIMPO119026"",""CIMPO118670]",64,47
Ambient,MUM FC22,MUMBAI,21709,Jivo Daily Cooking Pomace Olive Oil 1.0 ltr,Edible Oils and Ghee,Edible Oils,730,Cooking Essentials,11,28050.26,[CMFPO344550],32,43
Ambient,HYD IM4,HYDERABAD,21709,Jivo Daily Cooking Pomace Olive Oil 1.0 ltr,Edible Oils and Ghee,Edible Oils,730,Cooking Essentials,25,13731.41,[CMMPO14306],16,48
Ambient,HYD IM5,HYDERABAD,21709,Jivo Daily Cooking Pomace Olive Oil 1.0 ltr,Edible Oils and Ghee,Edible Oils,730,Cooking Essentials,365,0,[],0,11
Ambient,PUN DELHIVERY,PUNE,21709,Jivo Daily Cooking Pomace Olive Oil 1.0 ltr,Edible Oils and Ghee,Edible Oils,730,Cooking Essentials,11,41120.8,"[CPDPO293635"",""CPDPO289790"",""CPDPO291607"",""CPDPO291100]",208,62
Ambient,NOI IM1,NOIDA,21709,Jivo Daily Cooking Pomace Olive Oil 1.0 ltr,Edible Oils and Ghee,Edible Oils,730,Cooking Essentials,13,47292.84,[ETPPO81893],48,80
Ambient,AMD IM3,AHMEDABAD,21709,Jivo Daily Cooking Pomace Olive Oil 1.0 ltr,Edible Oils and Ghee,Edible Oils,730,Cooking Essentials,365,0,[ETRPO20224],48,20
Ambient,DLHY GGNFC5,GURGAON,21709,Jivo Daily Cooking Pomace Olive Oil 1.0 ltr,Edible Oils and Ghee,Edible Oils,730,Cooking Essentials,18,43397.13,[],0,109
Ambient,GOA IM1,CENTRAL GOA,21709,Jivo Daily Cooking Pomace Olive Oil 1.0 ltr,Edible Oils and Ghee,Edible Oils,730,Cooking Essentials,2,29886.01,"[GCAPO68785"",""GCAPO67923]",64,12
Ambient,DLHY GGNFC9,DELHI,21709,Jivo Daily Cooking Pomace Olive Oil 1.0 ltr,Edible Oils and Ghee,Edible Oils,730,Cooking Essentials,11,72255.12,[GGNPO379853],64,117
Ambient,GAU IM1,GUWAHATI,21709,Jivo Daily Cooking Pomace Olive Oil 1.0 ltr,Edible Oils and Ghee,Edible Oils,730,Cooking Essentials,254,2570.05,[],0,89
Ambient,CBE ECOM,COIMBATORE,21709,Jivo Daily Cooking Pomace Olive Oil 1.0 ltr,Edible Oils and Ghee,Edible Oils,730,Cooking Essentials,11,18871.51,"[JCEPO187358"",""JCEPO187225"",""JCEPO185884"",""JCEPO186437]",64,29
Ambient,CHN ECOM,CHENNAI,21709,Jivo Daily Cooking Pomace Olive Oil 1.0 ltr,Edible Oils and Ghee,Edible Oils,730,Cooking Essentials,13,24452.19,[],0,45
Ambient,CHE AMB IM2,CHENNAI,21709,Jivo Daily Cooking Pomace Olive Oil 1.0 ltr,Edible Oils and Ghee,Edible Oils,730,Cooking Essentials,37,15934.31,[],0,81
Ambient,JAI IM1,JAIPUR,21709,Jivo Daily Cooking Pomace Olive Oil 1.0 ltr,Edible Oils and Ghee,Edible Oils,730,Cooking Essentials,18,12997.11,[],0,32
Ambient,KOC IM1,KOCHI,21709,Jivo Daily Cooking Pomace Olive Oil 1.0 ltr,Edible Oils and Ghee,Edible Oils,730,Cooking Essentials,2,30326.59,"[KOCPO124764"",""KOCPO130946"",""KOCPO124987"",""KOCPO131970]",128,9
Ambient,KOLKATA ECOM,KOLKATA,21709,Jivo Daily Cooking Pomace Olive Oil 1.0 ltr,Edible Oils and Ghee,Edible Oils,730,Cooking Essentials,0,105445.48,[],0,0
Ambient,KOL IM2,KOLKATA,21709,Jivo Daily Cooking Pomace Olive Oil 1.0 ltr,Edible Oils and Ghee,Edible Oils,730,Cooking Essentials,365,0,"[KWBPO103736"",""KWBPO100588]",144,280
Ambient,LKO IM1,LUCKNOW,21709,Jivo Daily Cooking Pomace Olive Oil 1.0 ltr,Edible Oils and Ghee,Edible Oils,730,Cooking Essentials,228,514.01,[],0,16
Ambient,LKO IM3,LUCKNOW,21709,Jivo Daily Cooking Pomace Olive Oil 1.0 ltr,Edible Oils and Ghee,Edible Oils,730,Cooking Essentials,365,0,[],0,0
Ambient,BLR IM3,BANGALORE,21709,Jivo Daily Cooking Pomace Olive Oil 1.0 ltr,Edible Oils and Ghee,Edible Oils,730,Cooking Essentials,365,0,"[MBDPO24186"",""MBDPO23986"",""MBDPO23284]",176,38
Ambient,BLR IM4,BANGALORE,21709,Jivo Daily Cooking Pomace Olive Oil 1.0 ltr,Edible Oils and Ghee,Edible Oils,730,Cooking Essentials,11,33851.23,"[MBEPO40510"",""MBEPO40746"",""MBEPO38439]",96,51
Ambient,BLR IM1,BANGALORE,21709,Jivo Daily Cooking Pomace Olive Oil 1.0 ltr,Edible Oils and Ghee,Edible Oils,730,Cooking Essentials,0,50372.98,[],0,0
,BLR DHL,BANGALORE_2,21709,Jivo Daily Cooking Pomace Olive Oil 1.0 ltr,Edible Oils and Ghee,Edible Oils,730,Non Food,16,27315.96,"[MBJPO86769"",""MBJPO86960]",32,61
Ambient,BLR ECOM2,BANGALORE,21709,Jivo Daily Cooking Pomace Olive Oil 1.0 ltr,Edible Oils and Ghee,Edible Oils,730,Cooking Essentials,0,42956.55,"[MBLPO420633"",""MBLPO421114"",""MBLPO425961"",""MBLPO421420]",144,3
Ambient,NAG IM1,NAGPUR,21709,Jivo Daily Cooking Pomace Olive Oil 1.0 ltr,Edible Oils and Ghee,Edible Oils,730,Cooking Essentials,5,6902.42,[],0,5
Ambient,CHD ECOM,CHANDIGARH,21709,Jivo Daily Cooking Pomace Olive Oil 1.0 ltr,Edible Oils and Ghee,Edible Oils,730,Cooking Essentials,15,36641.57,[PCHPO217588],32,75
Ambient,CHD_IM2,CHANDIGARH,21709,Jivo Daily Cooking Pomace Olive Oil 1.0 ltr,Edible Oils and Ghee,Edible Oils,730,Cooking Essentials,365,0,[],0,0
Ambient,VIZ IM1,VIZAG,21709,Jivo Daily Cooking Pomace Olive Oil 1.0 ltr,Edible Oils and Ghee,Edible Oils,730,Cooking Essentials,0,7783.58,"[VIAPO83502"",""VIAPO83303]",48,0
Ambient,HYD IM2,HYDERABAD,240878,Jivo Extra Virgin Olive Oil 250.0 ml,Edible Oils and Ghee,Olive Oil,730,Non Food,66,94.5,[],0,2
Ambient,HYD IM1,HYDERABAD,240878,Jivo Extra Virgin Olive Oil 250.0 ml,Edible Oils and Ghee,Olive Oil,730,Non Food,11300,94.5,[],0,339
Ambient,NOI IM1,NOIDA,240878,Jivo Extra Virgin Olive Oil 250.0 ml,Edible Oils and Ghee,Olive Oil,730,Cooking Essentials,0,28728,"[ETPPO82814"",""ETPPO81893"",""ETPPO81168"",""ETPPO80309]",160,2
Ambient,DLHY GGNFC5,GURGAON,240878,Jivo Extra Virgin Olive Oil 250.0 ml,Edible Oils and Ghee,Olive Oil,730,Non Food,0,5418,[],0,0
Ambient,DLHY GGNFC9,DELHI,240878,Jivo Extra Virgin Olive Oil 250.0 ml,Edible Oils and Ghee,Olive Oil,730,Cooking Essentials,0,15844.5,"[GGNPO373394"",""GGNPO379853"",""GGNPO371343]",96,2
Ambient,CBE ECOM,COIMBATORE,240878,Jivo Extra Virgin Olive Oil 250.0 ml,Edible Oils and Ghee,Olive Oil,730,Cooking Essentials,0,34114.5,"[JCEPO185048"",""JCEPO185884"",""JCEPO186437]",348,1
Ambient,CHN ECOM,CHENNAI,240878,Jivo Extra Virgin Olive Oil 250.0 ml,Edible Oils and Ghee,Olive Oil,730,Cooking Essentials,0,31405.5,"[JCNPO272504"",""JCNPO278717"",""JCNPO272882]",208,1
Ambient,CHE AMB IM2,CHENNAI,240878,Jivo Extra Virgin Olive Oil 250.0 ml,Edible Oils and Ghee,Olive Oil,730,Cooking Essentials,0,36288,"[JN2PO105571"",""JN2PO105215"",""JN2PO109699]",360,5
Ambient,JAI IM1,JAIPUR,240878,Jivo Extra Virgin Olive Oil 250.0 ml,Edible Oils and Ghee,Olive Oil,730,Cooking Essentials,0,4788,"[JPAPO64500"",""JPAPO63853]",20,0
Ambient,KOC IM1,KOCHI,240878,Jivo Extra Virgin Olive Oil 250.0 ml,Edible Oils and Ghee,Olive Oil,730,Cooking Essentials,0,79096.5,"[KOCPO127028"",""KOCPO130946"",""KOCPO125625"",""KOCPO125595"",""KOCPO129780"",""KOCPO125329]",848,25
Ambient,BLR IM3,BANGALORE,240878,Jivo Extra Virgin Olive Oil 250.0 ml,Edible Oils and Ghee,Olive Oil,730,Cooking Essentials,365,0,"[MBDPO23986"",""MBDPO24560"",""MBDPO22998]",368,0
Ambient,BLR IM4,BANGALORE,240878,Jivo Extra Virgin Olive Oil 250.0 ml,Edible Oils and Ghee,Olive Oil,730,Cooking Essentials,0,49455,"[MBEPO36328"",""MBEPO38778"",""MBEPO37999]",364,1
Ambient,BLR IM1,BANGALORE,240878,Jivo Extra Virgin Olive Oil 250.0 ml,Edible Oils and Ghee,Olive Oil,730,Cooking Essentials,0,77395.5,[],0,1
,BLR DHL,BANGALORE_2,240878,Jivo Extra Virgin Olive Oil 250.0 ml,Edible Oils and Ghee,Olive Oil,730,Non Food,0,53392.5,"[MBJPO84809"",""MBJPO83738"",""MBJPO82877]",396,0
Ambient,BLR ECOM2,BANGALORE,240878,Jivo Extra Virgin Olive Oil 250.0 ml,Edible Oils and Ghee,Olive Oil,730,Cooking Essentials,0,74340,"[MBLPO423079"",""MBLPO426362"",""MBLPO425961"",""MBLPO421114"",""MBLPO421420]",1320,12
Ambient,CHD ECOM,CHANDIGARH,240878,Jivo Extra Virgin Olive Oil 250.0 ml,Edible Oils and Ghee,Olive Oil,730,Cooking Essentials,0,14458.5,[PCHPO218372],88,0
Ambient,AHM DELHIVERY,AHMEDABAD,278756,Jivo  Fizzy Flavoured Soda (Peach) 750.0 ml,Cold Drinks and Juices,Soda and Mixers,120,Packaged Food,365,0,[CADPO215919],132,2
Ambient,HYD IM2,HYDERABAD,278756,Jivo  Fizzy Flavoured Soda (Peach) 750.0 ml,Cold Drinks and Juices,Soda and Mixers,120,Packaged Food,50,7.7,[],0,1
Ambient,HYD IM1,HYDERABAD,278756,Jivo  Fizzy Flavoured Soda (Peach) 750.0 ml,Cold Drinks and Juices,Soda and Mixers,120,Packaged Food,400,3.85,[],0,4
,MUM IM3,MUMBAI,278756,Jivo  Fizzy Flavoured Soda (Peach) 750.0 ml,Cold Drinks and Juices,Soda and Mixers,120,Non Food,365,0,[],0,1
,MUM IM1,MUMBAI,278756,Jivo  Fizzy Flavoured Soda (Peach) 750.0 ml,Cold Drinks and Juices,Soda and Mixers,120,Non Food,365,0,[],0,40
,MUM FC22,MUMBAI,278756,Jivo  Fizzy Flavoured Soda (Peach) 750.0 ml,Cold Drinks and Juices,Soda and Mixers,120,Non Food,365,0,[],0,0
Ambient,PUNE IM2 TEMP,PUNE,278756,Jivo  Fizzy Flavoured Soda (Peach) 750.0 ml,Cold Drinks and Juices,Soda and Mixers,120,Packaged Food,365,0,[],0,0
Ambient,PUN DELHIVERY,PUNE,278756,Jivo  Fizzy Flavoured Soda (Peach) 750.0 ml,Cold Drinks and Juices,Soda and Mixers,120,Packaged Food,100,3.85,[],0,1
Ambient,NOI IM1,NOIDA,278756,Jivo  Fizzy Flavoured Soda (Peach) 750.0 ml,Cold Drinks and Juices,Soda and Mixers,120,Packaged Food,40,19.25,[],0,2
Ambient,AMD IM3,AHMEDABAD,278756,Jivo  Fizzy Flavoured Soda (Peach) 750.0 ml,Cold Drinks and Juices,Soda and Mixers,120,Packaged Food,365,0,[],0,3
Ambient,GOA IM1,CENTRAL GOA,278756,Jivo  Fizzy Flavoured Soda (Peach) 750.0 ml,Cold Drinks and Juices,Soda and Mixers,120,Packaged Food,8,46.2,[GCAPO68785],60,1
Ambient,DLHY GGNFC9,DELHI,278756,Jivo  Fizzy Flavoured Soda (Peach) 750.0 ml,Cold Drinks and Juices,Soda and Mixers,120,Packaged Food,16,46.2,[GGNPO373394],48,2
Ambient,GAU IM1,GUWAHATI,278756,Jivo  Fizzy Flavoured Soda (Peach) 750.0 ml,Cold Drinks and Juices,Soda and Mixers,120,Packaged Food,365,0,[GWAPO40133],24,0
Ambient,JAI IM1,JAIPUR,278756,Jivo  Fizzy Flavoured Soda (Peach) 750.0 ml,Cold Drinks and Juices,Soda and Mixers,120,Packaged Food,0,3.85,[JPAPO63853],12,0
Ambient,KOLKATA ECOM,KOLKATA,278756,Jivo  Fizzy Flavoured Soda (Peach) 750.0 ml,Cold Drinks and Juices,Soda and Mixers,120,Packaged Food,0,42.35,[],0,0
Ambient,KOL IM2,KOLKATA,278756,Jivo  Fizzy Flavoured Soda (Peach) 750.0 ml,Cold Drinks and Juices,Soda and Mixers,120,Packaged Food,365,0,[],0,25
Ambient,BLR IM4,BANGALORE,278756,Jivo  Fizzy Flavoured Soda (Peach) 750.0 ml,Cold Drinks and Juices,Soda and Mixers,120,Packaged Food,0,7.7,[MBEPO40132],36,0
,BLR DHL,BANGALORE_2,278756,Jivo  Fizzy Flavoured Soda (Peach) 750.0 ml,Cold Drinks and Juices,Soda and Mixers,120,Non Food,0,0,[MBJPO86769],36,0
Ambient,BLR ECOM2,BANGALORE,278756,Jivo  Fizzy Flavoured Soda (Peach) 750.0 ml,Cold Drinks and Juices,Soda and Mixers,120,Packaged Food,125,15.4,[MBLPO417710],72,5
Ambient,MUM IM3,MUMBAI,304750,Jivo Punjabi Jeera Wheatgrass Juice 160.0 ml,Cold Drinks and Juices,Juices and Fruit Drinks,180,Packaged Food,0,5.6,[],0,0
Ambient,NOI IM1,NOIDA,304750,Jivo Punjabi Jeera Wheatgrass Juice 160.0 ml,Cold Drinks and Juices,Juices and Fruit Drinks,180,Packaged Food,60,7,[],0,3
Ambient,KOL IM2,KOLKATA,304750,Jivo Punjabi Jeera Wheatgrass Juice 160.0 ml,Cold Drinks and Juices,Juices and Fruit Drinks,180,Packaged Food,365,0,[],0,48
Ambient,HYD IM2,HYDERABAD,333818,Jivo SO OLive Oil 5L 5.0 ltr,Edible Oils and Ghee,Olive Oil,730,Cooking Essentials,566,682.5,[],0,34
Ambient,HYD IM1,HYDERABAD,333818,Jivo SO OLive Oil 5L 5.0 ltr,Edible Oils and Ghee,Olive Oil,730,Cooking Essentials,1566,341.25,[],0,47
Ambient,MUM IM3,MUMBAI,333818,Jivo SO OLive Oil 5L 5.0 ltr,Edible Oils and Ghee,Olive Oil,730,Cooking Essentials,600,455,[],0,24
Ambient,MUM IM1,MUMBAI,333818,Jivo SO OLive Oil 5L 5.0 ltr,Edible Oils and Ghee,Olive Oil,730,Cooking Essentials,833,341.25,[],0,25
Ambient,MUM FC22,MUMBAI,333818,Jivo SO OLive Oil 5L 5.0 ltr,Edible Oils and Ghee,Olive Oil,730,Cooking Essentials,74,3185,[],0,21
Ambient,HYD IM5,HYDERABAD,333818,Jivo SO OLive Oil 5L 5.0 ltr,Edible Oils and Ghee,Olive Oil,730,Cooking Essentials,365,0,[],0,11
Ambient,PUNE IM2 TEMP,PUNE,333818,Jivo SO OLive Oil 5L 5.0 ltr,Edible Oils and Ghee,Olive Oil,730,Cooking Essentials,365,0,[],0,1
Ambient,PUN DELHIVERY,PUNE,333818,Jivo SO OLive Oil 5L 5.0 ltr,Edible Oils and Ghee,Olive Oil,730,Cooking Essentials,275,455,[],0,11
Ambient,NOI IM1,NOIDA,333818,Jivo SO OLive Oil 5L 5.0 ltr,Edible Oils and Ghee,Olive Oil,730,Cooking Essentials,10,1137.5,[],0,1
Ambient,DLHY GGNFC5,GURGAON,333818,Jivo SO OLive Oil 5L 5.0 ltr,Edible Oils and Ghee,Olive Oil,730,Cooking Essentials,0,4322.5,[],0,0
Ambient,GOA IM1,CENTRAL GOA,333818,Jivo SO OLive Oil 5L 5.0 ltr,Edible Oils and Ghee,Olive Oil,730,Cooking Essentials,800,113.75,[],0,8
Ambient,DLHY GGNFC9,DELHI,333818,Jivo SO OLive Oil 5L 5.0 ltr,Edible Oils and Ghee,Olive Oil,730,Cooking Essentials,0,568.75,[],0,0
Ambient,GAU IM1,GUWAHATI,333818,Jivo SO OLive Oil 5L 5.0 ltr,Edible Oils and Ghee,Olive Oil,730,Cooking Essentials,365,0,[],0,3
Ambient,CHN ECOM,CHENNAI,333818,Jivo SO OLive Oil 5L 5.0 ltr,Edible Oils and Ghee,Olive Oil,730,Cooking Essentials,25,455,[],0,1
Ambient,CHE AMB IM2,CHENNAI,333818,Jivo SO OLive Oil 5L 5.0 ltr,Edible Oils and Ghee,Olive Oil,730,Cooking Essentials,140,568.75,[],0,7
Ambient,KOC IM1,KOCHI,333818,Jivo SO OLive Oil 5L 5.0 ltr,Edible Oils and Ghee,Olive Oil,730,Cooking Essentials,365,0,[],0,35
Ambient,KOLKATA ECOM,KOLKATA,333818,Jivo SO OLive Oil 5L 5.0 ltr,Edible Oils and Ghee,Olive Oil,730,Cooking Essentials,21,1592.5,[],0,3
Ambient,KOL IM2,KOLKATA,333818,Jivo SO OLive Oil 5L 5.0 ltr,Edible Oils and Ghee,Olive Oil,730,Cooking Essentials,365,0,[],0,6
Ambient,LKO IM1,LUCKNOW,333818,Jivo SO OLive Oil 5L 5.0 ltr,Edible Oils and Ghee,Olive Oil,730,Cooking Essentials,184,1478.75,[],0,24
Ambient,BLR IM3,BANGALORE,333818,Jivo SO OLive Oil 5L 5.0 ltr,Edible Oils and Ghee,Olive Oil,730,Cooking Essentials,365,0,[],0,0
Ambient,BLR IM4,BANGALORE,333818,Jivo SO OLive Oil 5L 5.0 ltr,Edible Oils and Ghee,Olive Oil,730,Cooking Essentials,0,1365,[],0,0
Ambient,BLR IM1,BANGALORE,333818,Jivo SO OLive Oil 5L 5.0 ltr,Edible Oils and Ghee,Olive Oil,730,Cooking Essentials,5,3981.25,[],0,2
,BLR DHL,BANGALORE_2,333818,Jivo SO OLive Oil 5L 5.0 ltr,Edible Oils and Ghee,Olive Oil,730,Non Food,475,0,[],0,19
Ambient,NAG IM1,NAGPUR,333818,Jivo SO OLive Oil 5L 5.0 ltr,Edible Oils and Ghee,Olive Oil,730,Cooking Essentials,1600,113.75,[],0,16
Ambient,AHM DELHIVERY,AHMEDABAD,390730,Jivo Cold Pressed oil Groundnut Oil 1.0 ltr,Edible Oils and Ghee,Edible Oils,730,Cooking Essentials,12,290276,"[CADPO216929"",""CADPO216584"",""CADPO216091"",""CADPO216308]",720,913
Ambient,HYD IM2,HYDERABAD,390730,Jivo Cold Pressed oil Groundnut Oil 1.0 ltr,Edible Oils and Ghee,Edible Oils,730,Cooking Essentials,10,378084,"[CHCPO369711"",""CHCPO369955"",""CHCPO368652]",1248,992
Ambient,HYD IM1,HYDERABAD,390730,Jivo Cold Pressed oil Groundnut Oil 1.0 ltr,Edible Oils and Ghee,Edible Oils,730,Cooking Essentials,5,454288.8,"[CHMPO318845"",""CHMPO317549]",2336,608
Ambient,MUM IM3,MUMBAI,390730,Jivo Cold Pressed oil Groundnut Oil 1.0 ltr,Edible Oils and Ghee,Edible Oils,730,Cooking Essentials,4,395449.6,"[CI3PO79698"",""CI3PO79996]",1664,474
Ambient,MUM IM1,MUMBAI,390730,Jivo Cold Pressed oil Groundnut Oil 1.0 ltr,Edible Oils and Ghee,Edible Oils,730,Cooking Essentials,6,244020,[CIMPO119026],544,427
Ambient,MUM FC22,MUMBAI,390730,Jivo Cold Pressed oil Groundnut Oil 1.0 ltr,Edible Oils and Ghee,Edible Oils,730,Cooking Essentials,10,324458.4,[CMFPO345366],592,905
Ambient,HYD IM4,HYDERABAD,390730,Jivo Cold Pressed oil Groundnut Oil 1.0 ltr,Edible Oils and Ghee,Edible Oils,730,Cooking Essentials,16,594860,[CMMPO13937],1296,2520
Ambient,HYD IM5,HYDERABAD,390730,Jivo Cold Pressed oil Groundnut Oil 1.0 ltr,Edible Oils and Ghee,Edible Oils,730,Cooking Essentials,365,0,[],0,0
Ambient,PUNE IM2 TEMP,PUNE,390730,Jivo Cold Pressed oil Groundnut Oil 1.0 ltr,Edible Oils and Ghee,Edible Oils,730,Cooking Essentials,365,0,[],0,1
Ambient,PUN DELHIVERY,PUNE,390730,Jivo Cold Pressed oil Groundnut Oil 1.0 ltr,Edible Oils and Ghee,Edible Oils,730,Cooking Essentials,0,380044,"[CPDPO291607"",""CPDPO293635"",""CPDPO292176"",""CPDPO291908"",""CPDPO291100]",3552,35
Ambient,NOI IM1,NOIDA,390730,Jivo Cold Pressed oil Groundnut Oil 1.0 ltr,Edible Oils and Ghee,Edible Oils,730,Cooking Essentials,4,268167.2,"[ETPPO81449"",""ETPPO81893"",""ETPPO80309"",""ETPPO81168]",752,321
Ambient,AMD IM3,AHMEDABAD,390730,Jivo Cold Pressed oil Groundnut Oil 1.0 ltr,Edible Oils and Ghee,Edible Oils,730,Cooking Essentials,365,0,[],0,0
Ambient,DLHY GGNFC5,GURGAON,390730,Jivo Cold Pressed oil Groundnut Oil 1.0 ltr,Edible Oils and Ghee,Edible Oils,730,Cooking Essentials,6,312149.6,"[FC5PO422643"",""FC5PO421573]",816,513
Ambient,GOA IM1,CENTRAL GOA,390730,Jivo Cold Pressed oil Groundnut Oil 1.0 ltr,Edible Oils and Ghee,Edible Oils,730,Cooking Essentials,13,67110.4,"[GCAPO68503"",""GCAPO67699]",192,223
Ambient,DLHY GGNFC9,DELHI,390730,Jivo Cold Pressed oil Groundnut Oil 1.0 ltr,Edible Oils and Ghee,Edible Oils,730,Cooking Essentials,0,631786.4,"[GGNPO379853"",""GGNPO381138"",""GGNPO371343"",""GGNPO379538]",2192,27
Ambient,GAU IM1,GUWAHATI,390730,Jivo Cold Pressed oil Groundnut Oil 1.0 ltr,Edible Oils and Ghee,Edible Oils,730,Cooking Essentials,272,10231.2,[GWAPO40133],560,710
Ambient,CBE ECOM,COIMBATORE,390730,Jivo Cold Pressed oil Groundnut Oil 1.0 ltr,Edible Oils and Ghee,Edible Oils,730,Cooking Essentials,0,224420,"[JCEPO181682"",""JCEPO187358"",""JCEPO187225"",""JCEPO186437"",""JCEPO182248"",""JCEPO182484]",2112,8
Ambient,CHN ECOM,CHENNAI,390730,Jivo Cold Pressed oil Groundnut Oil 1.0 ltr,Edible Oils and Ghee,Edible Oils,730,Cooking Essentials,31,334924.8,[JCNPO273178],16,2672
Ambient,CBE IM1 TEMP,COIMBATORE,390730,Jivo Cold Pressed oil Groundnut Oil 1.0 ltr,Edible Oils and Ghee,Edible Oils,730,Cooking Essentials,365,0,[],0,0
Ambient,CHE AMB IM2,CHENNAI,390730,Jivo Cold Pressed oil Groundnut Oil 1.0 ltr,Edible Oils and Ghee,Edible Oils,730,Cooking Essentials,46,367343.2,[],0,4370
Ambient,JAI IM1,JAIPUR,390730,Jivo Cold Pressed oil Groundnut Oil 1.0 ltr,Edible Oils and Ghee,Edible Oils,730,Cooking Essentials,4,222734.4,"[JPAPO64784"",""JPAPO64500]",800,261
Ambient,KOC IM1,KOCHI,390730,Jivo Cold Pressed oil Groundnut Oil 1.0 ltr,Edible Oils and Ghee,Edible Oils,730,Cooking Essentials,132,55389.6,"[KOCPO126329"",""KOCPO124987"",""KOCPO131970"",""KOCPO124189"",""KOCPO124764"",""KOCPO128775"",""KOCPO127028]",1040,1871
Ambient,KOLKATA ECOM,KOLKATA,390730,Jivo Cold Pressed oil Groundnut Oil 1.0 ltr,Edible Oils and Ghee,Edible Oils,730,Cooking Essentials,0,385963.2,[],0,0
Ambient,KOL IM2,KOLKATA,390730,Jivo Cold Pressed oil Groundnut Oil 1.0 ltr,Edible Oils and Ghee,Edible Oils,730,Cooking Essentials,365,0,"[KWBPO103040"",""KWBPO104955"",""KWBPO103736"",""KWBPO103976"",""KWBPO100588"",""KWBPO104389]",3696,987
Ambient,LKO IM1,LUCKNOW,390730,Jivo Cold Pressed oil Groundnut Oil 1.0 ltr,Edible Oils and Ghee,Edible Oils,730,Cooking Essentials,0,241315.2,"[LKOPO179030"",""LKOPO181586"",""LKOPO181838"",""LKOPO179212"",""LKOPO178283"",""LKOPO180545]",864,45
Ambient,LKO IM3,LUCKNOW,390730,Jivo Cold Pressed oil Groundnut Oil 1.0 ltr,Edible Oils and Ghee,Edible Oils,730,Cooking Essentials,365,0,[],0,0
Ambient,BLR IM3,BANGALORE,390730,Jivo Cold Pressed oil Groundnut Oil 1.0 ltr,Edible Oils and Ghee,Edible Oils,730,Cooking Essentials,365,0,"[MBDPO23161"",""MBDPO23376"",""MBDPO24560"",""MBDPO21542"",""MBDPO24402"",""MBDPO24186"",""MBDPO23284"",""MBDPO24073"",""MBDPO23986]",3056,0
Ambient,BLR IM4,BANGALORE,390730,Jivo Cold Pressed oil Groundnut Oil 1.0 ltr,Edible Oils and Ghee,Edible Oils,730,Cooking Essentials,0,225635.2,"[MBEPO38778"",""MBEPO40132"",""MBEPO36328"",""MBEPO40510]",1632,8
Ambient,BLR IM1,BANGALORE,390730,Jivo Cold Pressed oil Groundnut Oil 1.0 ltr,Edible Oils and Ghee,Edible Oils,730,Cooking Essentials,0,374752,[],0,0
,BLR DHL,BANGALORE_2,390730,Jivo Cold Pressed oil Groundnut Oil 1.0 ltr,Edible Oils and Ghee,Edible Oils,730,Non Food,1,237826.4,"[MBJPO86960"",""MBJPO86769"",""MBJPO85468"",""MBJPO84809"",""MBJPO85132"",""MBJPO83738]",1536,71
Ambient,BLR ECOM2,BANGALORE,390730,Jivo Cold Pressed oil Groundnut Oil 1.0 ltr,Edible Oils and Ghee,Edible Oils,730,Cooking Essentials,0,520105.6,"[MBLPO425961"",""MBLPO421114"",""MBLPO415937"",""MBLPO424404"",""MBLPO423546"",""MBLPO415077"",""MBLPO426362"",""MBLPO420633"",""MBLPO417710"",""MBLPO421420"",""MBLPO426449"",""MBLPO423079]",5008,10
Ambient,NAG IM1,NAGPUR,390730,Jivo Cold Pressed oil Groundnut Oil 1.0 ltr,Edible Oils and Ghee,Edible Oils,730,Cooking Essentials,4,190982.4,[NARPO20473],608,224
Ambient,CHD ECOM,CHANDIGARH,390730,Jivo Cold Pressed oil Groundnut Oil 1.0 ltr,Edible Oils and Ghee,Edible Oils,730,Cooking Essentials,5,293882.4,"[PCHPO217588"",""PCHPO218372]",672,379
Ambient,VIZ IM1,VIZAG,390730,Jivo Cold Pressed oil Groundnut Oil 1.0 ltr,Edible Oils and Ghee,Edible Oils,730,Cooking Essentials,0,228928,"[VIAPO76760"",""VIAPO77042"",""VIAPO76518"",""VIAPO75739"",""VIAPO83502"",""VIAPO76021]",1680,0
Ambient,AHM DELHIVERY,AHMEDABAD,401502,Jivo Cold Pressed oil Groundnut Oil 5.0 ltr,Edible Oils and Ghee,Edible Oils,730,Cooking Essentials,0,146020,"[CADPO216584"",""CADPO216929"",""CADPO216308]",124,0
Ambient,HYD IM2,HYDERABAD,401502,Jivo Cold Pressed oil Groundnut Oil 5.0 ltr,Edible Oils and Ghee,Edible Oils,730,Cooking Essentials,0,184044,"[CHCPO361083"",""CHCPO369711"",""CHCPO369955]",180,0
Ambient,HYD IM1,HYDERABAD,401502,Jivo Cold Pressed oil Groundnut Oil 5.0 ltr,Edible Oils and Ghee,Edible Oils,730,Cooking Essentials,0,162092,"[CHMPO317280"",""CHMPO318845]",192,0
Ambient,MUM IM3,MUMBAI,401502,Jivo Cold Pressed oil Groundnut Oil 5.0 ltr,Edible Oils and Ghee,Edible Oils,730,Cooking Essentials,8,177772,[CI3PO79996],84,73
Ambient,MUM IM1,MUMBAI,401502,Jivo Cold Pressed oil Groundnut Oil 5.0 ltr,Edible Oils and Ghee,Edible Oils,730,Cooking Essentials,2,118384,"[CIMPO118002"",""CIMPO118670]",84,14
Ambient,MUM FC22,MUMBAI,401502,Jivo Cold Pressed oil Groundnut Oil 5.0 ltr,Edible Oils and Ghee,Edible Oils,730,Cooking Essentials,11,88200,[CMFPO342883],68,53
Ambient,HYD IM4,HYDERABAD,401502,Jivo Cold Pressed oil Groundnut Oil 5.0 ltr,Edible Oils and Ghee,Edible Oils,730,Cooking Essentials,9,233828,"[CMMPO13937"",""CMMPO14128"",""CMMPO14021"",""CMMPO13841"",""CMMPO13711]",244,112
Ambient,HYD IM5,HYDERABAD,401502,Jivo Cold Pressed oil Groundnut Oil 5.0 ltr,Edible Oils and Ghee,Edible Oils,730,Cooking Essentials,365,0,[],0,0
Ambient,PUN DELHIVERY,PUNE,401502,Jivo Cold Pressed oil Groundnut Oil 5.0 ltr,Edible Oils and Ghee,Edible Oils,730,Cooking Essentials,0,275772,"[CPDPO292176"",""CPDPO292514"",""CPDPO289790"",""CPDPO293635]",432,1
Ambient,NOI IM1,NOIDA,401502,Jivo Cold Pressed oil Groundnut Oil 5.0 ltr,Edible Oils and Ghee,Edible Oils,730,Cooking Essentials,13,82124,[ETPPO81893],12,55
Ambient,AMD IM3,AHMEDABAD,401502,Jivo Cold Pressed oil Groundnut Oil 5.0 ltr,Edible Oils and Ghee,Edible Oils,730,Cooking Essentials,365,0,[],0,40
Ambient,DLHY GGNFC5,GURGAON,401502,Jivo Cold Pressed oil Groundnut Oil 5.0 ltr,Edible Oils and Ghee,Edible Oils,730,Cooking Essentials,0,84280,"[FC5PO422643"",""FC5PO421573]",84,0
Ambient,GOA IM1,CENTRAL GOA,401502,Jivo Cold Pressed oil Groundnut Oil 5.0 ltr,Edible Oils and Ghee,Edible Oils,730,Cooking Essentials,7,21364,"[GCAPO69045"",""GCAPO68785]",32,8
Ambient,DLHY GGNFC9,DELHI,401502,Jivo Cold Pressed oil Groundnut Oil 5.0 ltr,Edible Oils and Ghee,Edible Oils,730,Cooking Essentials,11,173852,[GGNPO371343],68,105
Ambient,GAU IM1,GUWAHATI,401502,Jivo Cold Pressed oil Groundnut Oil 5.0 ltr,Edible Oils and Ghee,Edible Oils,730,Cooking Essentials,0,12740,[GWAPO40133],32,0
Ambient,CBE ECOM,COIMBATORE,401502,Jivo Cold Pressed oil Groundnut Oil 5.0 ltr,Edible Oils and Ghee,Edible Oils,730,Cooking Essentials,68,23912,"[JCEPO182248"",""JCEPO182484]",40,83
Ambient,CHN ECOM,CHENNAI,401502,Jivo Cold Pressed oil Groundnut Oil 5.0 ltr,Edible Oils and Ghee,Edible Oils,730,Cooking Essentials,65,58408,[],0,194
Ambient,CBE IM1 TEMP,COIMBATORE,401502,Jivo Cold Pressed oil Groundnut Oil 5.0 ltr,Edible Oils and Ghee,Edible Oils,730,Cooking Essentials,365,0,[],0,0
Ambient,CHE AMB IM2,CHENNAI,401502,Jivo Cold Pressed oil Groundnut Oil 5.0 ltr,Edible Oils and Ghee,Edible Oils,730,Cooking Essentials,68,83104,[],0,289
Ambient,JAI IM1,JAIPUR,401502,Jivo Cold Pressed oil Groundnut Oil 5.0 ltr,Edible Oils and Ghee,Edible Oils,730,Cooking Essentials,22,67228,[],0,76
Ambient,KOC IM1,KOCHI,401502,Jivo Cold Pressed oil Groundnut Oil 5.0 ltr,Edible Oils and Ghee,Edible Oils,730,Cooking Essentials,24,18228,"[KOCPO126329"",""KOCPO128775"",""KOCPO127028]",120,23
Ambient,KOL IM2,KOLKATA,401502,Jivo Cold Pressed oil Groundnut Oil 5.0 ltr,Edible Oils and Ghee,Edible Oils,730,Cooking Essentials,365,0,"[KWBPO105186"",""KWBPO100588]",152,3
Ambient,LKO IM1,LUCKNOW,401502,Jivo Cold Pressed oil Groundnut Oil 5.0 ltr,Edible Oils and Ghee,Edible Oils,730,Cooking Essentials,7,171304,[],0,67
Ambient,LKO IM3,LUCKNOW,401502,Jivo Cold Pressed oil Groundnut Oil 5.0 ltr,Edible Oils and Ghee,Edible Oils,730,Cooking Essentials,365,0,[],0,2
Ambient,BLR IM3,BANGALORE,401502,Jivo Cold Pressed oil Groundnut Oil 5.0 ltr,Edible Oils and Ghee,Edible Oils,730,Cooking Essentials,365,0,"[MBDPO24402"",""MBDPO24638"",""MBDPO24560]",132,83
Ambient,BLR IM4,BANGALORE,401502,Jivo Cold Pressed oil Groundnut Oil 5.0 ltr,Edible Oils and Ghee,Edible Oils,730,Cooking Essentials,13,98588,"[MBEPO40132"",""MBEPO40510"",""MBEPO37999]",72,70
Ambient,BLR IM1,BANGALORE,401502,Jivo Cold Pressed oil Groundnut Oil 5.0 ltr,Edible Oils and Ghee,Edible Oils,730,Cooking Essentials,0,157780,[],0,0
,BLR DHL,BANGALORE_2,401502,Jivo Cold Pressed oil Groundnut Oil 5.0 ltr,Edible Oils and Ghee,Edible Oils,730,Non Food,18,88004,[MBJPO86960],32,85
Ambient,BLR ECOM2,BANGALORE,401502,Jivo Cold Pressed oil Groundnut Oil 5.0 ltr,Edible Oils and Ghee,Edible Oils,730,Cooking Essentials,0,120736,"[MBLPO415937"",""MBLPO426362"",""MBLPO426449"",""MBLPO425961]",244,0
Ambient,NAG IM1,NAGPUR,401502,Jivo Cold Pressed oil Groundnut Oil 5.0 ltr,Edible Oils and Ghee,Edible Oils,730,Cooking Essentials,3,135632,"[NARPO21035"",""NARPO20809]",112,27
Ambient,CHD ECOM,CHANDIGARH,401502,Jivo Cold Pressed oil Groundnut Oil 5.0 ltr,Edible Oils and Ghee,Edible Oils,730,Cooking Essentials,25,55076,[],0,71
Ambient,CHD_IM2,CHANDIGARH,401502,Jivo Cold Pressed oil Groundnut Oil 5.0 ltr,Edible Oils and Ghee,Edible Oils,730,Cooking Essentials,365,0,[],0,0
Ambient,VIZ IM1,VIZAG,401502,Jivo Cold Pressed oil Groundnut Oil 5.0 ltr,Edible Oils and Ghee,Edible Oils,730,Cooking Essentials,0,97804,[],0,1
Ambient,MUM IM3,MUMBAI,421361,Jivo  Indian Tonic Water 200.0 ml,Cold Drinks and Juices,Soda and Mixers,365,Packaged Food,700,26.6,[],0,28
Ambient,MUM FC22,MUMBAI,421361,Jivo  Indian Tonic Water 200.0 ml,Cold Drinks and Juices,Soda and Mixers,365,Packaged Food,33,19.95,[],0,1
Ambient,KOL IM2,KOLKATA,421361,Jivo  Indian Tonic Water 200.0 ml,Cold Drinks and Juices,Soda and Mixers,365,Packaged Food,365,0,[],0,38
Ambient,BLR IM4,BANGALORE,421361,Jivo  Indian Tonic Water 200.0 ml,Cold Drinks and Juices,Soda and Mixers,365,Packaged Food,250,13.3,[],0,5
Ambient,BLR IM1,BANGALORE,421361,Jivo  Indian Tonic Water 200.0 ml,Cold Drinks and Juices,Soda and Mixers,365,Packaged Food,12,219.45,[],0,4
Ambient,AHM DELHIVERY,AHMEDABAD,429981,Jivo Gold Refined Oil - Blend of Rice Bran oil & Sunflower oil 1.0 ltr,Edible Oils and Ghee,Edible Oils,730,Cooking Essentials,0,29043,[],0,1
Ambient,HYD IM2,HYDERABAD,429981,Jivo Gold Refined Oil - Blend of Rice Bran oil & Sunflower oil 1.0 ltr,Edible Oils and Ghee,Edible Oils,730,Cooking Essentials,3,17388,"[CHCPO369711"",""CHCPO367595"",""CHCPO368342]",460,36
Ambient,HYD IM1,HYDERABAD,429981,Jivo Gold Refined Oil - Blend of Rice Bran oil & Sunflower oil 1.0 ltr,Edible Oils and Ghee,Edible Oils,730,Cooking Essentials,12,25530.75,"[CHMPO318593"",""CHMPO318845]",240,203
Ambient,MUM IM3,MUMBAI,429981,Jivo Gold Refined Oil - Blend of Rice Bran oil & Sunflower oil 1.0 ltr,Edible Oils and Ghee,Edible Oils,730,Cooking Essentials,0,44761.5,"[CI3PO79698"",""CI3PO79996]",520,15
Ambient,MUM IM1,MUMBAI,429981,Jivo Gold Refined Oil - Blend of Rice Bran oil & Sunflower oil 1.0 ltr,Edible Oils and Ghee,Edible Oils,730,Cooking Essentials,0,30003.75,"[CIMPO118670"",""CIMPO118002]",280,0
Ambient,MUM FC22,MUMBAI,429981,Jivo Gold Refined Oil - Blend of Rice Bran oil & Sunflower oil 1.0 ltr,Edible Oils and Ghee,Edible Oils,730,Cooking Essentials,0,31563,[CMFPO343308],320,4
Ambient,HYD IM4,HYDERABAD,429981,Jivo Gold Refined Oil - Blend of Rice Bran oil & Sunflower oil 1.0 ltr,Edible Oils and Ghee,Edible Oils,730,Cooking Essentials,17,36004.5,"[CMMPO14223"",""CMMPO14128"",""CMMPO13568"",""CMMPO12416"",""CMMPO14021]",240,400
Ambient,HYD IM5,HYDERABAD,429981,Jivo Gold Refined Oil - Blend of Rice Bran oil & Sunflower oil 1.0 ltr,Edible Oils and Ghee,Edible Oils,730,Cooking Essentials,365,0,[],0,38
Ambient,PUNE IM2 TEMP,PUNE,429981,Jivo Gold Refined Oil - Blend of Rice Bran oil & Sunflower oil 1.0 ltr,Edible Oils and Ghee,Edible Oils,730,Cooking Essentials,365,0,[],0,0
Ambient,PUN DELHIVERY,PUNE,429981,Jivo Gold Refined Oil - Blend of Rice Bran oil & Sunflower oil 1.0 ltr,Edible Oils and Ghee,Edible Oils,730,Cooking Essentials,0,58716,"[CPDPO289790"",""CPDPO292514"",""CPDPO293635"",""CPDPO292176"",""CPDPO291100]",1260,11
Ambient,NOI IM1,NOIDA,429981,Jivo Gold Refined Oil - Blend of Rice Bran oil & Sunflower oil 1.0 ltr,Edible Oils and Ghee,Edible Oils,730,Cooking Essentials,0,60338.25,"[ETPPO80309"",""ETPPO81893]",340,6
Ambient,DLHY GGNFC5,GURGAON,429981,Jivo Gold Refined Oil - Blend of Rice Bran oil & Sunflower oil 1.0 ltr,Edible Oils and Ghee,Edible Oils,730,Cooking Essentials,0,54211.5,"[FC5PO421224"",""FC5PO420463]",500,0
Ambient,GOA IM1,CENTRAL GOA,429981,Jivo Gold Refined Oil - Blend of Rice Bran oil & Sunflower oil 1.0 ltr,Edible Oils and Ghee,Edible Oils,730,Cooking Essentials,0,26223.75,"[GCAPO68334"",""GCAPO67699"",""GCAPO68785]",420,1
Ambient,DLHY GGNFC9,DELHI,429981,Jivo Gold Refined Oil - Blend of Rice Bran oil & Sunflower oil 1.0 ltr,Edible Oils and Ghee,Edible Oils,730,Cooking Essentials,0,110848.5,"[GGNPO373394"",""GGNPO374380"",""GGNPO379853"",""GGNPO373112]",1300,3
Ambient,GAU IM1,GUWAHATI,429981,Jivo Gold Refined Oil - Blend of Rice Bran oil & Sunflower oil 1.0 ltr,Edible Oils and Ghee,Edible Oils,730,Cooking Essentials,459,771.75,[GWAPO40133],40,225
Ambient,CBE ECOM,COIMBATORE,429981,Jivo Gold Refined Oil - Blend of Rice Bran oil & Sunflower oil 1.0 ltr,Edible Oils and Ghee,Edible Oils,730,Cooking Essentials,0,26271,"[JCEPO185884"",""JCEPO187225"",""JCEPO185048"",""JCEPO181682]",400,0
Ambient,CHN ECOM,CHENNAI,429981,Jivo Gold Refined Oil - Blend of Rice Bran oil & Sunflower oil 1.0 ltr,Edible Oils and Ghee,Edible Oils,730,Cooking Essentials,8,16301.25,[JCNPO278717],140,93
Ambient,CBE IM1 TEMP,COIMBATORE,429981,Jivo Gold Refined Oil - Blend of Rice Bran oil & Sunflower oil 1.0 ltr,Edible Oils and Ghee,Edible Oils,730,Cooking Essentials,365,0,[],0,10
Ambient,CHE AMB IM2,CHENNAI,429981,Jivo Gold Refined Oil - Blend of Rice Bran oil & Sunflower oil 1.0 ltr,Edible Oils and Ghee,Edible Oils,730,Cooking Essentials,22,20979,[JN2PO109699],60,301
Ambient,JAI IM1,JAIPUR,429981,Jivo Gold Refined Oil - Blend of Rice Bran oil & Sunflower oil 1.0 ltr,Edible Oils and Ghee,Edible Oils,730,Cooking Essentials,0,17750.25,"[JPAPO63853"",""JPAPO63325]",200,0
Ambient,KOC IM1,KOCHI,429981,Jivo Gold Refined Oil - Blend of Rice Bran oil & Sunflower oil 1.0 ltr,Edible Oils and Ghee,Edible Oils,730,Cooking Essentials,0,9229.5,"[KOCPO123813"",""KOCPO129780"",""KOCPO124987"",""KOCPO124764"",""KOCPO125329"",""KOCPO130946]",180,3
Ambient,KOLKATA ECOM,KOLKATA,429981,Jivo Gold Refined Oil - Blend of Rice Bran oil & Sunflower oil 1.0 ltr,Edible Oils and Ghee,Edible Oils,730,Cooking Essentials,0,90420.75,[],0,0
Ambient,KOL IM2,KOLKATA,429981,Jivo Gold Refined Oil - Blend of Rice Bran oil & Sunflower oil 1.0 ltr,Edible Oils and Ghee,Edible Oils,730,Cooking Essentials,365,0,"[KWBPO103189"",""KWBPO100588"",""KWBPO103040]",1140,505
Ambient,BLR IM3,BANGALORE,429981,Jivo Gold Refined Oil - Blend of Rice Bran oil & Sunflower oil 1.0 ltr,Edible Oils and Ghee,Edible Oils,730,Cooking Essentials,365,0,"[MBDPO24186"",""MBDPO23615"",""MBDPO24560"",""MBDPO23284]",500,23
Ambient,BLR IM4,BANGALORE,429981,Jivo Gold Refined Oil - Blend of Rice Bran oil & Sunflower oil 1.0 ltr,Edible Oils and Ghee,Edible Oils,730,Cooking Essentials,8,18191.25,"[MBEPO37999"",""MBEPO38778"",""MBEPO40746"",""MBEPO40132]",260,97
Ambient,BLR IM1,BANGALORE,429981,Jivo Gold Refined Oil - Blend of Rice Bran oil & Sunflower oil 1.0 ltr,Edible Oils and Ghee,Edible Oils,730,Cooking Essentials,0,28035,[],0,0
,BLR DHL,BANGALORE_2,429981,Jivo Gold Refined Oil - Blend of Rice Bran oil & Sunflower oil 1.0 ltr,Edible Oils and Ghee,Edible Oils,730,Non Food,8,17088.75,"[MBJPO86960"",""MBJPO85468"",""MBJPO82877]",200,95
Ambient,BLR ECOM2,BANGALORE,429981,Jivo Gold Refined Oil - Blend of Rice Bran oil & Sunflower oil 1.0 ltr,Edible Oils and Ghee,Edible Oils,730,Cooking Essentials,17,26775,[MBLPO424404],120,299
Ambient,NAG IM1,NAGPUR,429981,Jivo Gold Refined Oil - Blend of Rice Bran oil & Sunflower oil 1.0 ltr,Edible Oils and Ghee,Edible Oils,730,Cooking Essentials,0,28696.5,[NARPO20473],140,0
Ambient,CHD ECOM,CHANDIGARH,429981,Jivo Gold Refined Oil - Blend of Rice Bran oil & Sunflower oil 1.0 ltr,Edible Oils and Ghee,Edible Oils,730,Cooking Essentials,16,113967,[],0,1180
Ambient,CHD_IM2,CHANDIGARH,429981,Jivo Gold Refined Oil - Blend of Rice Bran oil & Sunflower oil 1.0 ltr,Edible Oils and Ghee,Edible Oils,730,Cooking Essentials,365,0,[],0,0
Ambient,VIZ IM1,VIZAG,429981,Jivo Gold Refined Oil - Blend of Rice Bran oil & Sunflower oil 1.0 ltr,Edible Oils and Ghee,Edible Oils,730,Cooking Essentials,0,39690,"[VIAPO83502"",""VIAPO76021"",""VIAPO81459"",""VIAPO83303]",600,5
Ambient,AHM DELHIVERY,AHMEDABAD,449236,Jivo Extra Light Olive Oil 2.0 ltr,Edible Oils and Ghee,Olive Oil,730,Cooking Essentials,10,23315.67,[CADPO216091],10,12
Ambient,HYD IM2,HYDERABAD,449236,Jivo Extra Light Olive Oil 2.0 ltr,Edible Oils and Ghee,Olive Oil,730,Cooking Essentials,33,587.79,[],0,1
Ambient,HYD IM1,HYDERABAD,449236,Jivo Extra Light Olive Oil 2.0 ltr,Edible Oils and Ghee,Olive Oil,730,Cooking Essentials,933,587.79,[],0,28
Ambient,MUM IM3,MUMBAI,449236,Jivo Extra Light Olive Oil 2.0 ltr,Edible Oils and Ghee,Olive Oil,730,Cooking Essentials,14,21748.23,[CI3PO79698],10,16
Ambient,MUM IM1,MUMBAI,449236,Jivo Extra Light Olive Oil 2.0 ltr,Edible Oils and Ghee,Olive Oil,730,Cooking Essentials,700,587.79,[],0,21
Ambient,MUM FC22,MUMBAI,449236,Jivo Extra Light Olive Oil 2.0 ltr,Edible Oils and Ghee,Olive Oil,730,Cooking Essentials,29,33308.1,[],0,50
Ambient,PUNE IM2 TEMP,PUNE,449236,Jivo Extra Light Olive Oil 2.0 ltr,Edible Oils and Ghee,Olive Oil,730,Cooking Essentials,365,0,[],0,0
Ambient,PUN DELHIVERY,PUNE,449236,Jivo Extra Light Olive Oil 2.0 ltr,Edible Oils and Ghee,Olive Oil,730,Cooking Essentials,22,13911.03,"[CPDPO289790"",""CPDPO291908]",20,16
Ambient,NOI IM1,NOIDA,449236,Jivo Extra Light Olive Oil 2.0 ltr,Edible Oils and Ghee,Olive Oil,730,Cooking Essentials,20,19984.86,[ETPPO81893],10,21
Ambient,AMD IM3,AHMEDABAD,449236,Jivo Extra Light Olive Oil 2.0 ltr,Edible Oils and Ghee,Olive Oil,730,Cooking Essentials,365,0,[],0,0
Ambient,DLHY GGNFC5,GURGAON,449236,Jivo Extra Light Olive Oil 2.0 ltr,Edible Oils and Ghee,Olive Oil,730,Cooking Essentials,15,33895.89,[],0,26
Ambient,GOA IM1,CENTRAL GOA,449236,Jivo Extra Light Olive Oil 2.0 ltr,Edible Oils and Ghee,Olive Oil,730,Cooking Essentials,15,28605.78,[GCAPO68785],10,22
Ambient,DLHY GGNFC9,DELHI,449236,Jivo Extra Light Olive Oil 2.0 ltr,Edible Oils and Ghee,Olive Oil,730,Cooking Essentials,20,50354.01,[],0,52
Ambient,CBE ECOM,COIMBATORE,449236,Jivo Extra Light Olive Oil 2.0 ltr,Edible Oils and Ghee,Olive Oil,730,Cooking Essentials,12,18613.35,"[JCEPO187358"",""JCEPO187225]",20,12
Ambient,CHN ECOM,CHENNAI,449236,Jivo Extra Light Olive Oil 2.0 ltr,Edible Oils and Ghee,Olive Oil,730,Cooking Essentials,275,783.72,[],0,11
Ambient,CBE IM1 TEMP,COIMBATORE,449236,Jivo Extra Light Olive Oil 2.0 ltr,Edible Oils and Ghee,Olive Oil,730,Cooking Essentials,365,0,[],0,0
Ambient,CHE AMB IM2,CHENNAI,449236,Jivo Extra Light Olive Oil 2.0 ltr,Edible Oils and Ghee,Olive Oil,730,Cooking Essentials,2,16066.26,[JN2PO109699],20,2
Ambient,JAI IM1,JAIPUR,449236,Jivo Extra Light Olive Oil 2.0 ltr,Edible Oils and Ghee,Olive Oil,730,Cooking Essentials,206,2938.95,[],0,31
Ambient,KOC IM1,KOCHI,449236,Jivo Extra Light Olive Oil 2.0 ltr,Edible Oils and Ghee,Olive Oil,730,Cooking Essentials,108,2351.16,[],0,13
Ambient,KOLKATA ECOM,KOLKATA,449236,Jivo Extra Light Olive Oil 2.0 ltr,Edible Oils and Ghee,Olive Oil,730,Cooking Essentials,3,5290.11,[],0,1
Ambient,LKO IM3,LUCKNOW,449236,Jivo Extra Light Olive Oil 2.0 ltr,Edible Oils and Ghee,Olive Oil,730,Cooking Essentials,365,0,[],0,1
Ambient,BLR IM3,BANGALORE,449236,Jivo Extra Light Olive Oil 2.0 ltr,Edible Oils and Ghee,Olive Oil,730,Cooking Essentials,365,0,"[MBDPO24402"",""MBDPO23986"",""MBDPO23859"",""MBDPO24186"",""MBDPO24073]",50,0
Ambient,BLR IM4,BANGALORE,449236,Jivo Extra Light Olive Oil 2.0 ltr,Edible Oils and Ghee,Olive Oil,730,Cooking Essentials,0,16654.05,"[MBEPO37999"",""MBEPO40746"",""MBEPO40132"",""MBEPO38778]",40,0
Ambient,BLR IM1,BANGALORE,449236,Jivo Extra Light Olive Oil 2.0 ltr,Edible Oils and Ghee,Olive Oil,730,Cooking Essentials,0,39773.79,[],0,0
,BLR DHL,BANGALORE_2,449236,Jivo Extra Light Olive Oil 2.0 ltr,Edible Oils and Ghee,Olive Oil,730,Non Food,94,3526.74,[],0,17
Ambient,BLR ECOM2,BANGALORE,449236,Jivo Extra Light Olive Oil 2.0 ltr,Edible Oils and Ghee,Olive Oil,730,Cooking Essentials,1,10188.36,"[MBLPO421420"",""MBLPO415937"",""MBLPO417710]",30,1
Ambient,NAG IM1,NAGPUR,449236,Jivo Extra Light Olive Oil 2.0 ltr,Edible Oils and Ghee,Olive Oil,730,Cooking Essentials,0,2938.95,[],0,0
Ambient,CHD ECOM,CHANDIGARH,449236,Jivo Extra Light Olive Oil 2.0 ltr,Edible Oils and Ghee,Olive Oil,730,Cooking Essentials,75,7837.2,[],0,30
Ambient,CHD_IM2,CHANDIGARH,449236,Jivo Extra Light Olive Oil 2.0 ltr,Edible Oils and Ghee,Olive Oil,730,Cooking Essentials,365,0,[],0,0
Ambient,VIZ IM1,VIZAG,449236,Jivo Extra Light Olive Oil 2.0 ltr,Edible Oils and Ghee,Olive Oil,730,Cooking Essentials,0,9796.5,[VIAPO76021],10,0
Ambient,DLHY GGNFC5,GURGAON,548047,"Jivo Groundnut Oil | Cold Pressed, Unrefined Peanut Oil for Cooking | Natural & Chemical-Free Rich Aroma & Flavour 2.0 ltr",Edible Oils and Ghee,Edible Oils,729,Non Food,1750,224,"[FC5PO422643"",""FC5PO421224]",60,70
Ambient,LKO IM1,LUCKNOW,548047,"Jivo Groundnut Oil | Cold Pressed, Unrefined Peanut Oil for Cooking | Natural & Chemical-Free Rich Aroma & Flavour 2.0 ltr",Edible Oils and Ghee,Edible Oils,729,Non Food,365,0,[],0,182
Ambient,CHD ECOM,CHANDIGARH,548047,"Jivo Groundnut Oil | Cold Pressed, Unrefined Peanut Oil for Cooking | Natural & Chemical-Free Rich Aroma & Flavour 2.0 ltr",Edible Oils and Ghee,Edible Oils,729,Non Food,599,2195.2,[],0,168
Ambient,CHN ECOM,CHENNAI,570572,Jivo Desi Ghee 1KG 1.0 kg,Edible Oils and Ghee,Ghee,244,Cooking Essentials,25,419.72,[],0,1
Ambient,CHE AMB IM2,CHENNAI,570572,Jivo Desi Ghee 1KG 1.0 kg,Edible Oils and Ghee,Ghee,244,Cooking Essentials,20,524.65,[],0,1
Ambient,KOLKATA ECOM,KOLKATA,570572,Jivo Desi Ghee 1KG 1.0 kg,Edible Oils and Ghee,Ghee,244,Cooking Essentials,0,524.65,[],0,0
Ambient,KOL IM2,KOLKATA,570572,Jivo Desi Ghee 1KG 1.0 kg,Edible Oils and Ghee,Ghee,244,Cooking Essentials,365,0,[],0,1
,BLR DHL,BANGALORE_2,570572,Jivo Desi Ghee 1KG 1.0 kg,Edible Oils and Ghee,Ghee,244,Non Food,0,419.72,[],0,0
Ambient,BLR ECOM2,BANGALORE,570572,Jivo Desi Ghee 1KG 1.0 kg,Edible Oils and Ghee,Ghee,244,Cooking Essentials,114,734.51,[],0,8
Ambient,AHM DELHIVERY,AHMEDABAD,60711,Jivo Cold Press Kachi Ghani Mustard Oil 1.0 ltr,Edible Oils and Ghee,Edible Oils,730,Cooking Essentials,0,89910.45,"[CADPO216584"",""CADPO216929"",""CADPO216308"",""CADPO215919"",""CADPO216091]",1400,11
Ambient,HYD IM2,HYDERABAD,60711,Jivo Cold Press Kachi Ghani Mustard Oil 1.0 ltr,Edible Oils and Ghee,Edible Oils,730,Cooking Essentials,0,41751.15,"[CHCPO367595"",""CHCPO367976"",""CHCPO362126"",""CHCPO361083]",2080,0
Ambient,HYD IM1,HYDERABAD,60711,Jivo Cold Press Kachi Ghani Mustard Oil 1.0 ltr,Edible Oils and Ghee,Edible Oils,730,Cooking Essentials,0,56816.55,"[CHMPO317280"",""CHMPO317549"",""CHMPO318593"",""CHMPO318845]",1620,16
Ambient,MUM IM3,MUMBAI,60711,Jivo Cold Press Kachi Ghani Mustard Oil 1.0 ltr,Edible Oils and Ghee,Edible Oils,730,Cooking Essentials,0,105439.95,"[CI3PO79698"",""CI3PO79996]",1280,3
Ambient,MUM IM1,MUMBAI,60711,Jivo Cold Press Kachi Ghani Mustard Oil 1.0 ltr,Edible Oils and Ghee,Edible Oils,730,Cooking Essentials,0,74737.95,"[CIMPO118670"",""CIMPO119026]",860,28
Ambient,MUM FC22,MUMBAI,60711,Jivo Cold Press Kachi Ghani Mustard Oil 1.0 ltr,Edible Oils and Ghee,Edible Oils,730,Cooking Essentials,2,97211.1,"[CMFPO344863"",""CMFPO342883"",""CMFPO343688"",""CMFPO342514"",""CMFPO344550]",1260,140
Ambient,HYD IM4,HYDERABAD,60711,Jivo Cold Press Kachi Ghani Mustard Oil 1.0 ltr,Edible Oils and Ghee,Edible Oils,730,Cooking Essentials,9,64991.85,"[CMMPO13568"",""CMMPO13841"",""CMMPO12416"",""CMMPO14223"",""CMMPO14306]",1820,353
Ambient,HYD IM5,HYDERABAD,60711,Jivo Cold Press Kachi Ghani Mustard Oil 1.0 ltr,Edible Oils and Ghee,Edible Oils,730,Cooking Essentials,365,0,[],0,0
Ambient,PUNE IM2 TEMP,PUNE,60711,Jivo Cold Press Kachi Ghani Mustard Oil 1.0 ltr,Edible Oils and Ghee,Edible Oils,730,Cooking Essentials,365,0,[],0,2
Ambient,PUN DELHIVERY,PUNE,60711,Jivo Cold Press Kachi Ghani Mustard Oil 1.0 ltr,Edible Oils and Ghee,Edible Oils,730,Cooking Essentials,6,104583.15,"[CPDPO292514"",""CPDPO293635"",""CPDPO291908"",""CPDPO291607"",""CPDPO292176]",2540,359
Ambient,NOI IM1,NOIDA,60711,Jivo Cold Press Kachi Ghani Mustard Oil 1.0 ltr,Edible Oils and Ghee,Edible Oils,730,Cooking Essentials,9,321996.16,"[ETPPO81893"",""ETPPO81449]",700,1794
Ambient,AMD IM3,AHMEDABAD,60711,Jivo Cold Press Kachi Ghani Mustard Oil 1.0 ltr,Edible Oils and Ghee,Edible Oils,730,Cooking Essentials,365,0,[],0,0
Ambient,DLHY GGNFC5,GURGAON,60711,Jivo Cold Press Kachi Ghani Mustard Oil 1.0 ltr,Edible Oils and Ghee,Edible Oils,730,Cooking Essentials,1,403035.16,[FC5PO420043],140,337
Ambient,GOA IM1,CENTRAL GOA,60711,Jivo Cold Press Kachi Ghani Mustard Oil 1.0 ltr,Edible Oils and Ghee,Edible Oils,730,Cooking Essentials,1,17153.85,"[GCAPO68503"",""GCAPO67923"",""GCAPO67699"",""GCAPO69045"",""GCAPO68334]",300,12
Ambient,DLHY GGNFC9,DELHI,60711,Jivo Cold Press Kachi Ghani Mustard Oil 1.0 ltr,Edible Oils and Ghee,Edible Oils,730,Cooking Essentials,0,407337,[GGNPO379853],1420,2
Ambient,GAU IM1,GUWAHATI,60711,Jivo Cold Press Kachi Ghani Mustard Oil 1.0 ltr,Edible Oils and Ghee,Edible Oils,730,Cooking Essentials,89,5158.65,[GWAPO40133],600,260
Ambient,CBE ECOM,COIMBATORE,60711,Jivo Cold Press Kachi Ghani Mustard Oil 1.0 ltr,Edible Oils and Ghee,Edible Oils,730,Cooking Essentials,60,34450.5,"[JCEPO185884"",""JCEPO187225"",""JCEPO186437"",""JCEPO187358]",1720,1176
Ambient,CHN ECOM,CHENNAI,60711,Jivo Cold Press Kachi Ghani Mustard Oil 1.0 ltr,Edible Oils and Ghee,Edible Oils,730,Cooking Essentials,33,57637.65,[JCNPO272882],20,1068
Ambient,CBE IM1 TEMP,COIMBATORE,60711,Jivo Cold Press Kachi Ghani Mustard Oil 1.0 ltr,Edible Oils and Ghee,Edible Oils,730,Cooking Essentials,365,0,[],0,0
Ambient,CHE AMB IM2,CHENNAI,60711,Jivo Cold Press Kachi Ghani Mustard Oil 1.0 ltr,Edible Oils and Ghee,Edible Oils,730,Cooking Essentials,46,66348.45,[JN2PO109699],1140,1717
Ambient,JAI IM1,JAIPUR,60711,Jivo Cold Press Kachi Ghani Mustard Oil 1.0 ltr,Edible Oils and Ghee,Edible Oils,730,Cooking Essentials,10,110491.5,[],0,621
Ambient,KOC IM1,KOCHI,60711,Jivo Cold Press Kachi Ghani Mustard Oil 1.0 ltr,Edible Oils and Ghee,Edible Oils,730,Cooking Essentials,24,40483.8,"[KOCPO123813"",""KOCPO130062"",""KOCPO126329"",""KOCPO128775"",""KOCPO124764"",""KOCPO127028"",""KOCPO129780"",""KOCPO131971"",""KOCPO130946"",""KOCPO124189]",2303,557
Ambient,KOLKATA ECOM,KOLKATA,60711,Jivo Cold Press Kachi Ghani Mustard Oil 1.0 ltr,Edible Oils and Ghee,Edible Oils,730,Cooking Essentials,0,377045.56,[],0,0
Ambient,KOL IM2,KOLKATA,60711,Jivo Cold Press Kachi Ghani Mustard Oil 1.0 ltr,Edible Oils and Ghee,Edible Oils,730,Cooking Essentials,365,0,[KWBPO100588],2540,8541
Ambient,LKO IM1,LUCKNOW,60711,Jivo Cold Press Kachi Ghani Mustard Oil 1.0 ltr,Edible Oils and Ghee,Edible Oils,730,Cooking Essentials,11,59494.05,"[LKOPO181838"",""LKOPO181586]",700,374
Ambient,BLR IM3,BANGALORE,60711,Jivo Cold Press Kachi Ghani Mustard Oil 1.0 ltr,Edible Oils and Ghee,Edible Oils,730,Cooking Essentials,365,0,"[MBDPO24638"",""MBDPO24073"",""MBDPO24560"",""MBDPO23859"",""MBDPO24186]",900,1251
Ambient,BLR IM4,BANGALORE,60711,Jivo Cold Press Kachi Ghani Mustard Oil 1.0 ltr,Edible Oils and Ghee,Edible Oils,730,Cooking Essentials,17,42215.25,"[MBEPO40746"",""MBEPO40510"",""MBEPO38778"",""MBEPO38439"",""MBEPO37999]",1220,412
Ambient,BLR IM1,BANGALORE,60711,Jivo Cold Press Kachi Ghani Mustard Oil 1.0 ltr,Edible Oils and Ghee,Edible Oils,730,Cooking Essentials,0,99353.1,[],0,0
,BLR DHL,BANGALORE_2,60711,Jivo Cold Press Kachi Ghani Mustard Oil 1.0 ltr,Edible Oils and Ghee,Edible Oils,730,Non Food,34,75023.55,"[MBJPO84809"",""MBJPO86769"",""MBJPO86960]",801,1446
Ambient,BLR ECOM2,BANGALORE,60711,Jivo Cold Press Kachi Ghani Mustard Oil 1.0 ltr,Edible Oils and Ghee,Edible Oils,730,Cooking Essentials,0,111294.75,"[MBLPO426362"",""MBLPO424404"",""MBLPO423079"",""MBLPO425961"",""MBLPO421114"",""MBLPO421420"",""MBLPO415937"",""MBLPO423546"",""MBLPO415077"",""MBLPO426449"",""MBLPO417710"",""MBLPO420633]",5600,1
Ambient,NAG IM1,NAGPUR,60711,Jivo Cold Press Kachi Ghani Mustard Oil 1.0 ltr,Edible Oils and Ghee,Edible Oils,730,Cooking Essentials,13,46927.65,[NARPO20473],320,360
Ambient,CHD ECOM,CHANDIGARH,60711,Jivo Cold Press Kachi Ghani Mustard Oil 1.0 ltr,Edible Oils and Ghee,Edible Oils,730,Cooking Essentials,0,875310.44,[PCHPO217588],3960,145
Ambient,CHD_IM2,CHANDIGARH,60711,Jivo Cold Press Kachi Ghani Mustard Oil 1.0 ltr,Edible Oils and Ghee,Edible Oils,730,Cooking Essentials,365,0,[],0,1
Ambient,VIZ IM1,VIZAG,60711,Jivo Cold Press Kachi Ghani Mustard Oil 1.0 ltr,Edible Oils and Ghee,Edible Oils,730,Cooking Essentials,8,28613.55,"[VIAPO81459"",""VIAPO76518"",""VIAPO77042"",""VIAPO76760"",""VIAPO76021"",""VIAPO83303"",""VIAPO83502]",1740,133
Ambient,AHM DELHIVERY,AHMEDABAD,615911,Jivo Gold Refined Oil - Blend of Rice Bran oil & Sunflower oil 5.0 ltr,Edible Oils and Ghee,Edible Oils,730,Cooking Essentials,14,24034.5,"[CADPO216308"",""CADPO216929]",64,46
Ambient,HYD IM2,HYDERABAD,615911,Jivo Gold Refined Oil - Blend of Rice Bran oil & Sunflower oil 5.0 ltr,Edible Oils and Ghee,Edible Oils,730,Cooking Essentials,50,4630.5,[CHCPO367595],20,32
Ambient,HYD IM1,HYDERABAD,615911,Jivo Gold Refined Oil - Blend of Rice Bran oil & Sunflower oil 5.0 ltr,Edible Oils and Ghee,Edible Oils,730,Cooking Essentials,53,5806.5,[],0,42
Ambient,MUM IM3,MUMBAI,615911,Jivo Gold Refined Oil - Blend of Rice Bran oil & Sunflower oil 5.0 ltr,Edible Oils and Ghee,Edible Oils,730,Cooking Essentials,47,1396.5,[CI3PO78151],4,9
Ambient,MUM IM1,MUMBAI,615911,Jivo Gold Refined Oil - Blend of Rice Bran oil & Sunflower oil 5.0 ltr,Edible Oils and Ghee,Edible Oils,730,Cooking Essentials,66,220.5,[],0,2
Ambient,MUM FC22,MUMBAI,615911,Jivo Gold Refined Oil - Blend of Rice Bran oil & Sunflower oil 5.0 ltr,Edible Oils and Ghee,Edible Oils,730,Cooking Essentials,12,13597.5,[],0,24
Ambient,HYD IM4,HYDERABAD,615911,Jivo Gold Refined Oil - Blend of Rice Bran oil & Sunflower oil 5.0 ltr,Edible Oils and Ghee,Edible Oils,730,Cooking Essentials,77,11319,[CMMPO13568],4,119
Ambient,PUN DELHIVERY,PUNE,615911,Jivo Gold Refined Oil - Blend of Rice Bran oil & Sunflower oil 5.0 ltr,Edible Oils and Ghee,Edible Oils,730,Cooking Essentials,15,17860.5,"[CPDPO291607"",""CPDPO291100"",""CPDPO289790]",80,37
Ambient,NOI IM1,NOIDA,615911,Jivo Gold Refined Oil - Blend of Rice Bran oil & Sunflower oil 5.0 ltr,Edible Oils and Ghee,Edible Oils,730,Cooking Essentials,24,12936,[ETPPO81893],16,43
Ambient,AMD IM3,AHMEDABAD,615911,Jivo Gold Refined Oil - Blend of Rice Bran oil & Sunflower oil 5.0 ltr,Edible Oils and Ghee,Edible Oils,730,Cooking Essentials,365,0,[],0,0
Ambient,DLHY GGNFC5,GURGAON,615911,Jivo Gold Refined Oil - Blend of Rice Bran oil & Sunflower oil 5.0 ltr,Edible Oils and Ghee,Edible Oils,730,Cooking Essentials,3,33442.5,"[FC5PO421224"",""FC5PO421573]",20,15
Ambient,GOA IM1,CENTRAL GOA,615911,Jivo Gold Refined Oil - Blend of Rice Bran oil & Sunflower oil 5.0 ltr,Edible Oils and Ghee,Edible Oils,730,Cooking Essentials,1,26680.5,"[GCAPO67923"",""GCAPO68785"",""GCAPO69045]",56,7
Ambient,DLHY GGNFC9,DELHI,615911,Jivo Gold Refined Oil - Blend of Rice Bran oil & Sunflower oil 5.0 ltr,Edible Oils and Ghee,Edible Oils,730,Cooking Essentials,10,52258.5,[],0,78
Ambient,CBE ECOM,COIMBATORE,615911,Jivo Gold Refined Oil - Blend of Rice Bran oil & Sunflower oil 5.0 ltr,Edible Oils and Ghee,Edible Oils,730,Cooking Essentials,42,8379,"[JCEPO182484"",""JCEPO185884]",24,49
Ambient,CHN ECOM,CHENNAI,615911,Jivo Gold Refined Oil - Blend of Rice Bran oil & Sunflower oil 5.0 ltr,Edible Oils and Ghee,Edible Oils,730,Cooking Essentials,20,9702,[JCNPO278717],16,27
Ambient,CBE IM1 TEMP,COIMBATORE,615911,Jivo Gold Refined Oil - Blend of Rice Bran oil & Sunflower oil 5.0 ltr,Edible Oils and Ghee,Edible Oils,730,Cooking Essentials,365,0,[],0,0
Ambient,CHE AMB IM2,CHENNAI,615911,Jivo Gold Refined Oil - Blend of Rice Bran oil & Sunflower oil 5.0 ltr,Edible Oils and Ghee,Edible Oils,730,Cooking Essentials,38,10951.5,[JN2PO110763],12,57
Ambient,JAI IM1,JAIPUR,615911,Jivo Gold Refined Oil - Blend of Rice Bran oil & Sunflower oil 5.0 ltr,Edible Oils and Ghee,Edible Oils,730,Cooking Essentials,12,10951.5,[],0,19
Ambient,KOC IM1,KOCHI,615911,Jivo Gold Refined Oil - Blend of Rice Bran oil & Sunflower oil 5.0 ltr,Edible Oils and Ghee,Edible Oils,730,Cooking Essentials,2,11245.5,"[KOCPO130946"",""KOCPO129780"",""KOCPO124764"",""KOCPO128775"",""KOCPO124987]",64,4
Ambient,KOLKATA ECOM,KOLKATA,615911,Jivo Gold Refined Oil - Blend of Rice Bran oil & Sunflower oil 5.0 ltr,Edible Oils and Ghee,Edible Oils,730,Cooking Essentials,0,25210.5,[],0,1
Ambient,KOL IM2,KOLKATA,615911,Jivo Gold Refined Oil - Blend of Rice Bran oil & Sunflower oil 5.0 ltr,Edible Oils and Ghee,Edible Oils,730,Cooking Essentials,365,0,"[KWBPO103189"",""KWBPO100588]",36,81
Ambient,LKO IM1,LUCKNOW,615911,Jivo Gold Refined Oil - Blend of Rice Bran oil & Sunflower oil 5.0 ltr,Edible Oils and Ghee,Edible Oils,730,Cooking Essentials,365,0,[],0,2
Ambient,BLR IM3,BANGALORE,615911,Jivo Gold Refined Oil - Blend of Rice Bran oil & Sunflower oil 5.0 ltr,Edible Oils and Ghee,Edible Oils,730,Cooking Essentials,365,0,"[MBDPO23986"",""MBDPO23859"",""MBDPO23284"",""MBDPO22998"",""MBDPO24402]",32,0
Ambient,BLR IM4,BANGALORE,615911,Jivo Gold Refined Oil - Blend of Rice Bran oil & Sunflower oil 5.0 ltr,Edible Oils and Ghee,Edible Oils,730,Cooking Essentials,24,3013.5,[MBEPO40746],4,10
Ambient,BLR IM1,BANGALORE,615911,Jivo Gold Refined Oil - Blend of Rice Bran oil & Sunflower oil 5.0 ltr,Edible Oils and Ghee,Edible Oils,730,Cooking Essentials,8,5512.5,[],0,6
,BLR DHL,BANGALORE_2,615911,Jivo Gold Refined Oil - Blend of Rice Bran oil & Sunflower oil 5.0 ltr,Edible Oils and Ghee,Edible Oils,730,Non Food,1666,220.5,[],0,50
Ambient,BLR ECOM2,BANGALORE,615911,Jivo Gold Refined Oil - Blend of Rice Bran oil & Sunflower oil 5.0 ltr,Edible Oils and Ghee,Edible Oils,730,Cooking Essentials,16,2278.5,"[MBLPO417710"",""MBLPO421114]",8,5
Ambient,NAG IM1,NAGPUR,615911,Jivo Gold Refined Oil - Blend of Rice Bran oil & Sunflower oil 5.0 ltr,Edible Oils and Ghee,Edible Oils,730,Cooking Essentials,10,15949.5,[],0,22
Ambient,CHD ECOM,CHANDIGARH,615911,Jivo Gold Refined Oil - Blend of Rice Bran oil & Sunflower oil 5.0 ltr,Edible Oils and Ghee,Edible Oils,730,Cooking Essentials,15,27709.5,[],0,57
Ambient,CHD_IM2,CHANDIGARH,615911,Jivo Gold Refined Oil - Blend of Rice Bran oil & Sunflower oil 5.0 ltr,Edible Oils and Ghee,Edible Oils,730,Cooking Essentials,365,0,[],0,0
Ambient,VIZ IM1,VIZAG,615911,Jivo Gold Refined Oil - Blend of Rice Bran oil & Sunflower oil 5.0 ltr,Edible Oils and Ghee,Edible Oils,730,Cooking Essentials,0,29106,"[VIAPO81459"",""VIAPO77270"",""VIAPO83303"",""VIAPO75489"",""VIAPO76021"",""VIAPO83502]",84,0
Ambient,HYD IM2,HYDERABAD,67229,Jivo Extra Virgin Olive Oil 1.0 ltr,Edible Oils and Ghee,Olive Oil,720,Cooking Essentials,75,10326.26,[],0,62
Ambient,HYD IM1,HYDERABAD,67229,Jivo Extra Virgin Olive Oil 1.0 ltr,Edible Oils and Ghee,Olive Oil,720,Cooking Essentials,22,4533.48,[CHMPO318593],16,8
Ambient,MUM IM3,MUMBAI,67229,Jivo Extra Virgin Olive Oil 1.0 ltr,Edible Oils and Ghee,Olive Oil,720,Cooking Essentials,3,27578.67,[CI3PO79698],32,7
Ambient,MUM IM1,MUMBAI,67229,Jivo Extra Virgin Olive Oil 1.0 ltr,Edible Oils and Ghee,Olive Oil,720,Cooking Essentials,833,377.79,[],0,25
Ambient,MUM FC22,MUMBAI,67229,Jivo Extra Virgin Olive Oil 1.0 ltr,Edible Oils and Ghee,Olive Oil,720,Cooking Essentials,11,37149.35,[CMFPO344863],16,35
Ambient,HYD IM4,HYDERABAD,67229,Jivo Extra Virgin Olive Oil 1.0 ltr,Edible Oils and Ghee,Olive Oil,720,Cooking Essentials,5,4281.62,[CMMPO14306],16,2
Ambient,PUNE IM2 TEMP,PUNE,67229,Jivo Extra Virgin Olive Oil 1.0 ltr,Edible Oils and Ghee,Olive Oil,720,Cooking Essentials,365,0,[],0,2
Ambient,PUN DELHIVERY,PUNE,67229,Jivo Extra Virgin Olive Oil 1.0 ltr,Edible Oils and Ghee,Olive Oil,720,Cooking Essentials,175,4155.69,[],0,58
Ambient,NOI IM1,NOIDA,67229,Jivo Extra Virgin Olive Oil 1.0 ltr,Edible Oils and Ghee,Olive Oil,720,Cooking Essentials,27,11459.63,[ETPPO81893],16,25
Ambient,DLHY GGNFC5,GURGAON,67229,Jivo Extra Virgin Olive Oil 1.0 ltr,Edible Oils and Ghee,Olive Oil,720,Cooking Essentials,0,32238.08,"[FC5PO420463"",""FC5PO422643"",""FC5PO421573]",48,0
Ambient,DLHY GGNFC9,DELHI,67229,Jivo Extra Virgin Olive Oil 1.0 ltr,Edible Oils and Ghee,Olive Oil,720,Cooking Essentials,2,11711.49,"[GGNPO381138"",""GGNPO373394]",32,2
Ambient,CHN ECOM,CHENNAI,67229,Jivo Extra Virgin Olive Oil 1.0 ltr,Edible Oils and Ghee,Olive Oil,720,Cooking Essentials,0,503.72,[],0,0
Ambient,CHE AMB IM2,CHENNAI,67229,Jivo Extra Virgin Olive Oil 1.0 ltr,Edible Oils and Ghee,Olive Oil,720,Cooking Essentials,67,18133.92,[],0,97
Ambient,KOL IM2,KOLKATA,67229,Jivo Extra Virgin Olive Oil 1.0 ltr,Edible Oils and Ghee,Olive Oil,720,Cooking Essentials,365,0,"[KWBPO100588"",""KWBPO103736"",""KWBPO105186]",64,41
Ambient,BLR IM3,BANGALORE,67229,Jivo Extra Virgin Olive Oil 1.0 ltr,Edible Oils and Ghee,Olive Oil,720,Cooking Essentials,365,0,"[MBDPO24073"",""MBDPO24402"",""MBDPO23986"",""MBDPO24638]",96,0
Ambient,BLR IM4,BANGALORE,67229,Jivo Extra Virgin Olive Oil 1.0 ltr,Edible Oils and Ghee,Olive Oil,720,Cooking Essentials,450,251.86,[MBEPO40746],16,9
Ambient,BLR IM1,BANGALORE,67229,Jivo Extra Virgin Olive Oil 1.0 ltr,Edible Oils and Ghee,Olive Oil,720,Cooking Essentials,0,21030.31,[],0,0
,BLR DHL,BANGALORE_2,67229,Jivo Extra Virgin Olive Oil 1.0 ltr,Edible Oils and Ghee,Olive Oil,720,Non Food,1200,377.79,[],0,36
Ambient,BLR ECOM2,BANGALORE,67229,Jivo Extra Virgin Olive Oil 1.0 ltr,Edible Oils and Ghee,Olive Oil,720,Cooking Essentials,1885,881.51,[],0,132
Ambient,VIZ IM1,VIZAG,67229,Jivo Extra Virgin Olive Oil 1.0 ltr,Edible Oils and Ghee,Olive Oil,720,Cooking Essentials,0,13978.23,"[VIAPO83502"",""VIAPO83303]",32,1
Ambient,AHM DELHIVERY,AHMEDABAD,685793,Jivo Cold Pressed Chemical Free Sunflower Oil 5.0 ltr,Edible Oils and Ghee,Edible Oils,730,Cooking Essentials,14,121999.5,[CADPO216091],76,186
Ambient,HYD IM2,HYDERABAD,685793,Jivo Cold Pressed Chemical Free Sunflower Oil 5.0 ltr,Edible Oils and Ghee,Edible Oils,730,Cooking Essentials,22,91192.5,"[CHCPO369955"",""CHCPO368342]",188,219
Ambient,HYD IM1,HYDERABAD,685793,Jivo Cold Pressed Chemical Free Sunflower Oil 5.0 ltr,Edible Oils and Ghee,Edible Oils,730,Cooking Essentials,24,147703.5,[],0,378
Ambient,MUM IM3,MUMBAI,685793,Jivo Cold Pressed Chemical Free Sunflower Oil 5.0 ltr,Edible Oils and Ghee,Edible Oils,730,Cooking Essentials,2,177754.5,"[CI3PO79698"",""CI3PO79996]",300,42
Ambient,MUM IM1,MUMBAI,685793,Jivo Cold Pressed Chemical Free Sunflower Oil 5.0 ltr,Edible Oils and Ghee,Edible Oils,730,Cooking Essentials,17,86940,[CIMPO119026],88,163
Ambient,MUM FC22,MUMBAI,685793,Jivo Cold Pressed Chemical Free Sunflower Oil 5.0 ltr,Edible Oils and Ghee,Edible Oils,730,Cooking Essentials,10,129843,"[CMFPO343688"",""CMFPO344550]",108,149
Ambient,HYD IM4,HYDERABAD,685793,Jivo Cold Pressed Chemical Free Sunflower Oil 5.0 ltr,Edible Oils and Ghee,Edible Oils,730,Cooking Essentials,27,183046.5,"[CMMPO14128"",""CMMPO12416]",61,532
Ambient,PUNE IM2 TEMP,PUNE,685793,Jivo Cold Pressed Chemical Free Sunflower Oil 5.0 ltr,Edible Oils and Ghee,Edible Oils,730,Cooking Essentials,365,0,[],0,0
Ambient,PUN DELHIVERY,PUNE,685793,Jivo Cold Pressed Chemical Free Sunflower Oil 5.0 ltr,Edible Oils and Ghee,Edible Oils,730,Cooking Essentials,4,162256.5,"[CPDPO291100"",""CPDPO291607"",""CPDPO291908"",""CPDPO293635"",""CPDPO289790]",784,75
Ambient,NOI IM1,NOIDA,685793,Jivo Cold Pressed Chemical Free Sunflower Oil 5.0 ltr,Edible Oils and Ghee,Edible Oils,730,Cooking Essentials,20,36855,[ETPPO81893],32,80
Ambient,DLHY GGNFC5,GURGAON,685793,Jivo Cold Pressed Chemical Free Sunflower Oil 5.0 ltr,Edible Oils and Ghee,Edible Oils,730,Cooking Essentials,4,48951,[FC5PO421573],8,25
Ambient,GOA IM1,CENTRAL GOA,685793,Jivo Cold Pressed Chemical Free Sunflower Oil 5.0 ltr,Edible Oils and Ghee,Edible Oils,730,Cooking Essentials,5,19467,"[GCAPO68503"",""GCAPO68334]",44,12
Ambient,DLHY GGNFC9,DELHI,685793,Jivo Cold Pressed Chemical Free Sunflower Oil 5.0 ltr,Edible Oils and Ghee,Edible Oils,730,Cooking Essentials,8,119070,[GGNPO379853],72,111
Ambient,CBE ECOM,COIMBATORE,685793,Jivo Cold Pressed Chemical Free Sunflower Oil 5.0 ltr,Edible Oils and Ghee,Edible Oils,730,Cooking Essentials,14,35059.5,"[JCEPO187358"",""JCEPO182248"",""JCEPO187225"",""JCEPO181497"",""JCEPO182484]",85,52
Ambient,CHN ECOM,CHENNAI,685793,Jivo Cold Pressed Chemical Free Sunflower Oil 5.0 ltr,Edible Oils and Ghee,Edible Oils,730,Cooking Essentials,1,48951,"[JCNPO272882"",""JCNPO272504"",""JCNPO272698"",""JCNPO273178]",204,7
Ambient,CHE AMB IM2,CHENNAI,685793,Jivo Cold Pressed Chemical Free Sunflower Oil 5.0 ltr,Edible Oils and Ghee,Edible Oils,730,Cooking Essentials,31,67473,[],0,222
Ambient,JAI IM1,JAIPUR,685793,Jivo Cold Pressed Chemical Free Sunflower Oil 5.0 ltr,Edible Oils and Ghee,Edible Oils,730,Cooking Essentials,10,32602.5,[],0,37
Ambient,KOC IM1,KOCHI,685793,Jivo Cold Pressed Chemical Free Sunflower Oil 5.0 ltr,Edible Oils and Ghee,Edible Oils,730,Cooking Essentials,0,43092,"[KOCPO127028"",""KOCPO125329"",""KOCPO126329"",""KOCPO124987"",""KOCPO125625"",""KOCPO123813"",""KOCPO124764"",""KOCPO131971"",""KOCPO125595"",""KOCPO128775]",184,2
Ambient,KOL IM2,KOLKATA,685793,Jivo Cold Pressed Chemical Free Sunflower Oil 5.0 ltr,Edible Oils and Ghee,Edible Oils,730,Cooking Essentials,365,0,"[KWBPO100588"",""KWBPO104389"",""KWBPO103976]",96,5
Ambient,LKO IM1,LUCKNOW,685793,Jivo Cold Pressed Chemical Free Sunflower Oil 5.0 ltr,Edible Oils and Ghee,Edible Oils,730,Cooking Essentials,12,53676,[],0,69
Ambient,BLR IM3,BANGALORE,685793,Jivo Cold Pressed Chemical Free Sunflower Oil 5.0 ltr,Edible Oils and Ghee,Edible Oils,730,Cooking Essentials,365,0,"[MBDPO24638"",""MBDPO21542"",""MBDPO23986"",""MBDPO24560"",""MBDPO24402]",376,0
Ambient,BLR IM4,BANGALORE,685793,Jivo Cold Pressed Chemical Free Sunflower Oil 5.0 ltr,Edible Oils and Ghee,Edible Oils,730,Cooking Essentials,0,84388.5,"[MBEPO38778"",""MBEPO38439"",""MBEPO40510"",""MBEPO37999"",""MBEPO40746"",""MBEPO40132]",296,0
Ambient,BLR IM1,BANGALORE,685793,Jivo Cold Pressed Chemical Free Sunflower Oil 5.0 ltr,Edible Oils and Ghee,Edible Oils,730,Cooking Essentials,0,104706,[],0,0
,BLR DHL,BANGALORE_2,685793,Jivo Cold Pressed Chemical Free Sunflower Oil 5.0 ltr,Edible Oils and Ghee,Edible Oils,730,Non Food,11,67378.5,"[MBJPO86960"",""MBJPO86769]",88,79
Ambient,BLR ECOM2,BANGALORE,685793,Jivo Cold Pressed Chemical Free Sunflower Oil 5.0 ltr,Edible Oils and Ghee,Edible Oils,730,Cooking Essentials,0,124929,"[MBLPO425961"",""MBLPO421420"",""MBLPO426362"",""MBLPO415937"",""MBLPO426449"",""MBLPO424404"",""MBLPO415077]",428,6
Ambient,NAG IM1,NAGPUR,685793,Jivo Cold Pressed Chemical Free Sunflower Oil 5.0 ltr,Edible Oils and Ghee,Edible Oils,730,Cooking Essentials,5,80514,[NARPO20473],64,49
Ambient,CHD ECOM,CHANDIGARH,685793,Jivo Cold Pressed Chemical Free Sunflower Oil 5.0 ltr,Edible Oils and Ghee,Edible Oils,730,Cooking Essentials,12,44509.5,[PCHPO217588],48,60
Ambient,VIZ IM1,VIZAG,685793,Jivo Cold Pressed Chemical Free Sunflower Oil 5.0 ltr,Edible Oils and Ghee,Edible Oils,730,Cooking Essentials,0,72103.5,"[VIAPO75489"",""VIAPO75739"",""VIAPO77042"",""VIAPO83303"",""VIAPO76021]",228,0
Ambient,HYD IM2,HYDERABAD,766072,Jivo Ricebran Oil 5L 5.0 ltr,Edible Oils and Ghee,Edible Oils,730,Cooking Essentials,0,16758,"[CHCPO362126"",""CHCPO368652"",""CHCPO367976"",""CHCPO368342"",""CHCPO361749"",""CHCPO369711]",56,0
Ambient,HYD IM1,HYDERABAD,766072,Jivo Ricebran Oil 5L 5.0 ltr,Edible Oils and Ghee,Edible Oils,730,Cooking Essentials,0,19551,[CHMPO318845],20,1
Ambient,MUM IM3,MUMBAI,766072,Jivo Ricebran Oil 5L 5.0 ltr,Edible Oils and Ghee,Edible Oils,730,Cooking Essentials,1,24937.5,"[CI3PO79996"",""CI3PO79698]",40,3
Ambient,MUM IM1,MUMBAI,766072,Jivo Ricebran Oil 5L 5.0 ltr,Edible Oils and Ghee,Edible Oils,730,Cooking Essentials,3,15860.25,"[CIMPO118002"",""CIMPO118670]",36,5
Ambient,MUM FC22,MUMBAI,766072,Jivo Ricebran Oil 5L 5.0 ltr,Edible Oils and Ghee,Edible Oils,730,Cooking Essentials,36,13167,[],0,48
Ambient,HYD IM4,HYDERABAD,766072,Jivo Ricebran Oil 5L 5.0 ltr,Edible Oils and Ghee,Edible Oils,730,Cooking Essentials,0,26433.75,"[CMMPO12486"",""CMMPO13197"",""CMMPO12551"",""CMMPO12554"",""CMMPO13711"",""CMMPO12758"",""CMMPO13568"",""CMMPO12416]",120,0
Ambient,NOI IM1,NOIDA,766072,Jivo Ricebran Oil 5L 5.0 ltr,Edible Oils and Ghee,Edible Oils,730,Cooking Essentials,37,9675.75,[],0,36
Ambient,GOA IM1,CENTRAL GOA,766072,Jivo Ricebran Oil 5L 5.0 ltr,Edible Oils and Ghee,Edible Oils,730,Cooking Essentials,200,99.75,[],0,2
Ambient,DLHY GGNFC9,DELHI,766072,Jivo Ricebran Oil 5L 5.0 ltr,Edible Oils and Ghee,Edible Oils,730,Cooking Essentials,29,17256.75,[],0,51
Ambient,CHN ECOM,CHENNAI,766072,Jivo Ricebran Oil 5L 5.0 ltr,Edible Oils and Ghee,Edible Oils,730,Cooking Essentials,150,1795.5,[],0,27
Ambient,CHE AMB IM2,CHENNAI,766072,Jivo Ricebran Oil 5L 5.0 ltr,Edible Oils and Ghee,Edible Oils,730,Cooking Essentials,8,18054.75,"[JN2PO110763"",""JN2PO109699]",24,16
Ambient,JAI IM1,JAIPUR,766072,Jivo Ricebran Oil 5L 5.0 ltr,Edible Oils and Ghee,Edible Oils,730,Cooking Essentials,31,5985,[],0,19
Ambient,KOL IM2,KOLKATA,766072,Jivo Ricebran Oil 5L 5.0 ltr,Edible Oils and Ghee,Edible Oils,730,Cooking Essentials,365,0,[],0,4
Ambient,BLR IM3,BANGALORE,766072,Jivo Ricebran Oil 5L 5.0 ltr,Edible Oils and Ghee,Edible Oils,730,Cooking Essentials,365,0,[],0,0
Ambient,BLR IM1,BANGALORE,766072,Jivo Ricebran Oil 5L 5.0 ltr,Edible Oils and Ghee,Edible Oils,730,Cooking Essentials,0,1396.5,[],0,0
,BLR DHL,BANGALORE_2,766072,Jivo Ricebran Oil 5L 5.0 ltr,Edible Oils and Ghee,Edible Oils,730,Non Food,0,0,[],0,0
Ambient,CHD ECOM,CHANDIGARH,766072,Jivo Ricebran Oil 5L 5.0 ltr,Edible Oils and Ghee,Edible Oils,730,Cooking Essentials,42,4488.75,[],0,19
Ambient,CHD_IM2,CHANDIGARH,766072,Jivo Ricebran Oil 5L 5.0 ltr,Edible Oils and Ghee,Edible Oils,730,Cooking Essentials,365,0,[],0,0
Ambient,VIZ IM1,VIZAG,766072,Jivo Ricebran Oil 5L 5.0 ltr,Edible Oils and Ghee,Edible Oils,730,Cooking Essentials,0,9476.25,[VIAPO83504],4,0
Ambient,AHM DELHIVERY,AHMEDABAD,79292,Jivo Pomace Olive Oil 5.0 ltr,Edible Oils and Ghee,Edible Oils,730,Cooking Essentials,17,15746.85,[],0,8
Ambient,HYD IM2,HYDERABAD,79292,Jivo Pomace Olive Oil 5.0 ltr,Edible Oils and Ghee,Edible Oils,730,Cooking Essentials,30,6998.6,[],0,6
Ambient,HYD IM1,HYDERABAD,79292,Jivo Pomace Olive Oil 5.0 ltr,Edible Oils and Ghee,Edible Oils,730,Cooking Essentials,1066,1049.79,[],0,32
Ambient,MUM IM3,MUMBAI,79292,Jivo Pomace Olive Oil 5.0 ltr,Edible Oils and Ghee,Edible Oils,730,Cooking Essentials,2450,1399.72,[],0,98
Ambient,MUM IM1,MUMBAI,79292,Jivo Pomace Olive Oil 5.0 ltr,Edible Oils and Ghee,Edible Oils,730,Cooking Essentials,1400,1049.79,[],0,42
Ambient,MUM FC22,MUMBAI,79292,Jivo Pomace Olive Oil 5.0 ltr,Edible Oils and Ghee,Edible Oils,730,Cooking Essentials,32,40591.88,[],0,38
Ambient,HYD IM4,HYDERABAD,79292,Jivo Pomace Olive Oil 5.0 ltr,Edible Oils and Ghee,Edible Oils,730,Cooking Essentials,13,5248.95,[],0,2
Ambient,HYD IM5,HYDERABAD,79292,Jivo Pomace Olive Oil 5.0 ltr,Edible Oils and Ghee,Edible Oils,730,Cooking Essentials,365,0,[],0,3
Ambient,PUN DELHIVERY,PUNE,79292,Jivo Pomace Olive Oil 5.0 ltr,Edible Oils and Ghee,Edible Oils,730,Cooking Essentials,8,8048.39,[],0,2
Ambient,NOI IM1,NOIDA,79292,Jivo Pomace Olive Oil 5.0 ltr,Edible Oils and Ghee,Edible Oils,730,Cooking Essentials,7,22045.59,"[ETPPO81893"",""ETPPO82814]",8,5
Ambient,AMD IM3,AHMEDABAD,79292,Jivo Pomace Olive Oil 5.0 ltr,Edible Oils and Ghee,Edible Oils,730,Cooking Essentials,365,0,[],0,10
Ambient,DLHY GGNFC5,GURGAON,79292,Jivo Pomace Olive Oil 5.0 ltr,Edible Oils and Ghee,Edible Oils,730,Cooking Essentials,76,11897.62,[],0,26
Ambient,GOA IM1,CENTRAL GOA,79292,Jivo Pomace Olive Oil 5.0 ltr,Edible Oils and Ghee,Edible Oils,730,Cooking Essentials,0,349.93,[],0,0
Ambient,DLHY GGNFC9,DELHI,79292,Jivo Pomace Olive Oil 5.0 ltr,Edible Oils and Ghee,Edible Oils,730,Cooking Essentials,172,15046.99,[],0,74
Ambient,CHN ECOM,CHENNAI,79292,Jivo Pomace Olive Oil 5.0 ltr,Edible Oils and Ghee,Edible Oils,730,Non Food,0,1399.72,[],0,0
Ambient,CBE IM1 TEMP,COIMBATORE,79292,Jivo Pomace Olive Oil 5.0 ltr,Edible Oils and Ghee,Edible Oils,730,Cooking Essentials,365,0,[],0,6
Ambient,CHE AMB IM2,CHENNAI,79292,Jivo Pomace Olive Oil 5.0 ltr,Edible Oils and Ghee,Edible Oils,730,Non Food,186,5248.95,[],0,28
Ambient,JAI IM1,JAIPUR,79292,Jivo Pomace Olive Oil 5.0 ltr,Edible Oils and Ghee,Edible Oils,730,Cooking Essentials,365,0,[],0,54
Ambient,KOC IM1,KOCHI,79292,Jivo Pomace Olive Oil 5.0 ltr,Edible Oils and Ghee,Edible Oils,730,Cooking Essentials,150,1399.72,[],0,6
Ambient,KOLKATA ECOM,KOLKATA,79292,Jivo Pomace Olive Oil 5.0 ltr,Edible Oils and Ghee,Edible Oils,730,Cooking Essentials,0,9448.11,[],0,0
Ambient,KOL IM2,KOLKATA,79292,Jivo Pomace Olive Oil 5.0 ltr,Edible Oils and Ghee,Edible Oils,730,Cooking Essentials,365,0,[],0,79
Ambient,LKO IM1,LUCKNOW,79292,Jivo Pomace Olive Oil 5.0 ltr,Edible Oils and Ghee,Edible Oils,730,Cooking Essentials,38,19946.01,[],0,22
Ambient,LKO IM3,LUCKNOW,79292,Jivo Pomace Olive Oil 5.0 ltr,Edible Oils and Ghee,Edible Oils,730,Cooking Essentials,365,0,[],0,0
Ambient,BLR IM3,BANGALORE,79292,Jivo Pomace Olive Oil 5.0 ltr,Edible Oils and Ghee,Edible Oils,730,Cooking Essentials,365,0,[],0,0
Ambient,BLR IM4,BANGALORE,79292,Jivo Pomace Olive Oil 5.0 ltr,Edible Oils and Ghee,Edible Oils,730,Cooking Essentials,300,699.86,[],0,6
Ambient,BLR IM1,BANGALORE,79292,Jivo Pomace Olive Oil 5.0 ltr,Edible Oils and Ghee,Edible Oils,730,Cooking Essentials,44,11897.62,[],0,15
,BLR DHL,BANGALORE_2,79292,Jivo Pomace Olive Oil 5.0 ltr,Edible Oils and Ghee,Edible Oils,730,Non Food,625,0,[],0,25
Ambient,BLR ECOM2,BANGALORE,79292,Jivo Pomace Olive Oil 5.0 ltr,Edible Oils and Ghee,Edible Oils,730,Cooking Essentials,85,2449.51,[],0,6
Ambient,CHD ECOM,CHANDIGARH,79292,Jivo Pomace Olive Oil 5.0 ltr,Edible Oils and Ghee,Edible Oils,730,Cooking Essentials,44,8748.25,[],0,11
Ambient,VIZ IM1,VIZAG,79292,Jivo Pomace Olive Oil 5.0 ltr,Edible Oils and Ghee,Edible Oils,730,Cooking Essentials,103,18546.29,[],0,55
Ambient,KOL IM2,KOLKATA,820542,Jivo Cold Pressed Kachi Ghani Mustard Oil 1.0 ltr,Edible Oils and Ghee,Edible Oils,730,Non Food,365,0,[KWBPO103500],24,972
Ambient,AHM DELHIVERY,AHMEDABAD,83633,Jivo Cold Pressed Chemical Free Sunflower Oil 1.0 ltr,Edible Oils and Ghee,Edible Oils,720,Cooking Essentials,10,76615,"[CADPO216584"",""CADPO216091"",""CADPO215919]",580,401
Ambient,HYD IM2,HYDERABAD,83633,Jivo Cold Pressed Chemical Free Sunflower Oil 1.0 ltr,Edible Oils and Ghee,Edible Oils,720,Cooking Essentials,13,177504.25,"[CHCPO368652"",""CHCPO368342"",""CHCPO367976]",1320,1205
Ambient,HYD IM1,HYDERABAD,83633,Jivo Cold Pressed Chemical Free Sunflower Oil 1.0 ltr,Edible Oils and Ghee,Edible Oils,720,Cooking Essentials,25,180545.75,[CHMPO318845],820,2381
Ambient,MUM IM3,MUMBAI,83633,Jivo Cold Pressed Chemical Free Sunflower Oil 1.0 ltr,Edible Oils and Ghee,Edible Oils,720,Cooking Essentials,0,170632,"[CI3PO79996"",""CI3PO79698]",2200,22
Ambient,MUM IM1,MUMBAI,83633,Jivo Cold Pressed Chemical Free Sunflower Oil 1.0 ltr,Edible Oils and Ghee,Edible Oils,720,Cooking Essentials,0,124951.75,"[CIMPO119026"",""CIMPO118002]",1000,1
Ambient,MUM FC22,MUMBAI,83633,Jivo Cold Pressed Chemical Free Sunflower Oil 1.0 ltr,Edible Oils and Ghee,Edible Oils,720,Cooking Essentials,17,147801.5,[CMFPO343688],240,1328
Ambient,HYD IM4,HYDERABAD,83633,Jivo Cold Pressed Chemical Free Sunflower Oil 1.0 ltr,Edible Oils and Ghee,Edible Oils,720,Cooking Essentials,16,220393.25,"[CMMPO14021"",""CMMPO14128"",""CMMPO14306]",880,1836
Ambient,HYD IM5,HYDERABAD,83633,Jivo Cold Pressed Chemical Free Sunflower Oil 1.0 ltr,Edible Oils and Ghee,Edible Oils,720,Cooking Essentials,365,0,[],0,2
Ambient,PUNE IM2 TEMP,PUNE,83633,Jivo Cold Pressed Chemical Free Sunflower Oil 1.0 ltr,Edible Oils and Ghee,Edible Oils,720,Cooking Essentials,365,0,[],0,1
Ambient,PUN DELHIVERY,PUNE,83633,Jivo Cold Pressed Chemical Free Sunflower Oil 1.0 ltr,Edible Oils and Ghee,Edible Oils,720,Cooking Essentials,0,244301.75,"[CPDPO292514"",""CPDPO291607"",""CPDPO292176"",""CPDPO293635"",""CPDPO289790]",4860,51
Ambient,NOI IM1,NOIDA,83633,Jivo Cold Pressed Chemical Free Sunflower Oil 1.0 ltr,Edible Oils and Ghee,Edible Oils,720,Cooking Essentials,11,75652.5,"[ETPPO81893"",""ETPPO80309]",300,449
Ambient,AMD IM3,AHMEDABAD,83633,Jivo Cold Pressed Chemical Free Sunflower Oil 1.0 ltr,Edible Oils and Ghee,Edible Oils,720,Cooking Essentials,365,0,[],0,22
Ambient,DLHY GGNFC5,GURGAON,83633,Jivo Cold Pressed Chemical Free Sunflower Oil 1.0 ltr,Edible Oils and Ghee,Edible Oils,720,Cooking Essentials,13,111265,[],0,760
Ambient,GOA IM1,CENTRAL GOA,83633,Jivo Cold Pressed Chemical Free Sunflower Oil 1.0 ltr,Edible Oils and Ghee,Edible Oils,720,Cooking Essentials,3,71821.75,"[GCAPO69045"",""GCAPO68503]",720,134
Ambient,DLHY GGNFC9,DELHI,83633,Jivo Cold Pressed Chemical Free Sunflower Oil 1.0 ltr,Edible Oils and Ghee,Edible Oils,720,Cooking Essentials,3,187899.25,"[GGNPO378760"",""GGNPO379538]",440,363
Ambient,CBE ECOM,COIMBATORE,83633,Jivo Cold Pressed Chemical Free Sunflower Oil 1.0 ltr,Edible Oils and Ghee,Edible Oils,720,Cooking Essentials,15,63467.25,"[JCEPO187225"",""JCEPO185884"",""JCEPO186437]",1120,502
Ambient,CBE IM3,COIMBATORE,83633,Jivo Cold Pressed Chemical Free Sunflower Oil 1.0 ltr,Edible Oils and Ghee,Edible Oils,720,Cooking Essentials,365,0,[],0,0
Ambient,CHN ECOM,CHENNAI,83633,Jivo Cold Pressed Chemical Free Sunflower Oil 1.0 ltr,Edible Oils and Ghee,Edible Oils,720,Cooking Essentials,57,52148.25,[],0,1554
Ambient,CHE AMB IM2,CHENNAI,83633,Jivo Cold Pressed Chemical Free Sunflower Oil 1.0 ltr,Edible Oils and Ghee,Edible Oils,720,Cooking Essentials,30,87722.25,[JN2PO109699],540,1401
Ambient,JAI IM1,JAIPUR,83633,Jivo Cold Pressed Chemical Free Sunflower Oil 1.0 ltr,Edible Oils and Ghee,Edible Oils,720,Cooking Essentials,17,32513.25,[],0,300
Ambient,KOC IM1,KOCHI,83633,Jivo Cold Pressed Chemical Free Sunflower Oil 1.0 ltr,Edible Oils and Ghee,Edible Oils,720,Cooking Essentials,0,87472,"[KOCPO124189"",""KOCPO129780"",""KOCPO123813"",""KOCPO128775"",""KOCPO127028"",""KOCPO126329"",""KOCPO124764"",""KOCPO125329"",""KOCPO130946"",""KOCPO124987]",2140,16
Ambient,KOL IM2,KOLKATA,83633,Jivo Cold Pressed Chemical Free Sunflower Oil 1.0 ltr,Edible Oils and Ghee,Edible Oils,720,Cooking Essentials,365,0,"[KWBPO103976"",""KWBPO104389"",""KWBPO100588"",""KWBPO103500"",""KWBPO103736]",820,635
Ambient,LKO IM1,LUCKNOW,83633,Jivo Cold Pressed Chemical Free Sunflower Oil 1.0 ltr,Edible Oils and Ghee,Edible Oils,720,Cooking Essentials,39,25852.75,"[LKOPO181838"",""LKOPO181586]",340,534
Ambient,LKO IM3,LUCKNOW,83633,Jivo Cold Pressed Chemical Free Sunflower Oil 1.0 ltr,Edible Oils and Ghee,Edible Oils,720,Cooking Essentials,365,0,[],0,0
Ambient,BLR IM3,BANGALORE,83633,Jivo Cold Pressed Chemical Free Sunflower Oil 1.0 ltr,Edible Oils and Ghee,Edible Oils,720,Cooking Essentials,365,0,"[MBDPO24402"",""MBDPO24186"",""MBDPO23284"",""MBDPO24560]",1820,0
Ambient,BLR IM4,BANGALORE,83633,Jivo Cold Pressed Chemical Free Sunflower Oil 1.0 ltr,Edible Oils and Ghee,Edible Oils,720,Cooking Essentials,0,74497.5,"[MBEPO38439"",""MBEPO36328"",""MBEPO40510"",""MBEPO40132]",1220,0
Ambient,BLR IM1,BANGALORE,83633,Jivo Cold Pressed Chemical Free Sunflower Oil 1.0 ltr,Edible Oils and Ghee,Edible Oils,720,Cooking Essentials,0,95287.5,[],0,0
,BLR DHL,BANGALORE_2,83633,Jivo Cold Pressed Chemical Free Sunflower Oil 1.0 ltr,Edible Oils and Ghee,Edible Oils,720,Non Food,21,67817.75,"[MBJPO86769"",""MBJPO83738]",501,769
Ambient,BLR ECOM2,BANGALORE,83633,Jivo Cold Pressed Chemical Free Sunflower Oil 1.0 ltr,Edible Oils and Ghee,Edible Oils,720,Cooking Essentials,0,151478.25,"[MBLPO423079"",""MBLPO421114"",""MBLPO420633"",""MBLPO415937"",""MBLPO424404"",""MBLPO425961"",""MBLPO423546]",4040,0
Ambient,NAG IM1,NAGPUR,83633,Jivo Cold Pressed Chemical Free Sunflower Oil 1.0 ltr,Edible Oils and Ghee,Edible Oils,720,Cooking Essentials,2,53803.75,[NARPO20473],220,60
Ambient,CHD ECOM,CHANDIGARH,83633,Jivo Cold Pressed Chemical Free Sunflower Oil 1.0 ltr,Edible Oils and Ghee,Edible Oils,720,Cooking Essentials,11,107626.75,[],0,635
Ambient,CHD_IM2,CHANDIGARH,83633,Jivo Cold Pressed Chemical Free Sunflower Oil 1.0 ltr,Edible Oils and Ghee,Edible Oils,720,Cooking Essentials,365,0,[],0,0
Ambient,VIZ IM1,VIZAG,83633,Jivo Cold Pressed Chemical Free Sunflower Oil 1.0 ltr,Edible Oils and Ghee,Edible Oils,720,Cooking Essentials,0,43485.75,"[VIAPO75739"",""VIAPO77042"",""VIAPO75489"",""VIAPO76518"",""VIAPO77270"",""VIAPO76760"",""VIAPO76021]",1900,0
Ambient,AHM DELHIVERY,AHMEDABAD,88218,Jivo Pomace Daily Cooking Olive Oil 2.0 ltr,Edible Oils and Ghee,Edible Oils,730,Cooking Essentials,2,15739.5,"[CADPO216929"",""CADPO215919]",50,3
Ambient,HYD IM2,HYDERABAD,88218,Jivo Pomace Daily Cooking Olive Oil 2.0 ltr,Edible Oils and Ghee,Edible Oils,730,Cooking Essentials,0,4564.35,"[CHCPO367595"",""CHCPO369711"",""CHCPO361083]",30,0
Ambient,HYD IM1,HYDERABAD,88218,Jivo Pomace Daily Cooking Olive Oil 2.0 ltr,Edible Oils and Ghee,Edible Oils,730,Cooking Essentials,5,3448.62,"[CHMPO317280"",""CHMPO318845]",20,2
Ambient,MUM IM3,MUMBAI,88218,Jivo Pomace Daily Cooking Olive Oil 2.0 ltr,Edible Oils and Ghee,Edible Oils,730,Cooking Essentials,525,405.72,[],0,21
Ambient,MUM IM1,MUMBAI,88218,Jivo Pomace Daily Cooking Olive Oil 2.0 ltr,Edible Oils and Ghee,Edible Oils,730,Cooking Essentials,1033,304.29,[],0,31
Ambient,MUM FC22,MUMBAI,88218,Jivo Pomace Daily Cooking Olive Oil 2.0 ltr,Edible Oils and Ghee,Edible Oils,730,Cooking Essentials,5,5578.65,"[CMFPO343308"",""CMFPO344863]",20,3
Ambient,HYD IM4,HYDERABAD,88218,Jivo Pomace Daily Cooking Olive Oil 2.0 ltr,Edible Oils and Ghee,Edible Oils,730,Cooking Essentials,0,3245.76,"[CMMPO13711"",""CMMPO13197"",""CMMPO12416]",49,0
Ambient,HYD IM5,HYDERABAD,88218,Jivo Pomace Daily Cooking Olive Oil 2.0 ltr,Edible Oils and Ghee,Edible Oils,730,Cooking Essentials,365,0,[],0,1
Ambient,PUNE IM2 TEMP,PUNE,88218,Jivo Pomace Daily Cooking Olive Oil 2.0 ltr,Edible Oils and Ghee,Edible Oils,730,Cooking Essentials,365,0,[],0,4
Ambient,PUN DELHIVERY,PUNE,88218,Jivo Pomace Daily Cooking Olive Oil 2.0 ltr,Edible Oils and Ghee,Edible Oils,730,Cooking Essentials,10,10548.72,[],0,11
Ambient,NOI IM1,NOIDA,88218,Jivo Pomace Daily Cooking Olive Oil 2.0 ltr,Edible Oils and Ghee,Edible Oils,730,Cooking Essentials,76,3042.9,[],0,23
Ambient,AMD IM3,AHMEDABAD,88218,Jivo Pomace Daily Cooking Olive Oil 2.0 ltr,Edible Oils and Ghee,Edible Oils,730,Cooking Essentials,365,0,[],0,5
Ambient,DLHY GGNFC5,GURGAON,88218,Jivo Pomace Daily Cooking Olive Oil 2.0 ltr,Edible Oils and Ghee,Edible Oils,730,Cooking Essentials,36,3347.19,[],0,12
Ambient,GOA IM1,CENTRAL GOA,88218,Jivo Pomace Daily Cooking Olive Oil 2.0 ltr,Edible Oils and Ghee,Edible Oils,730,Cooking Essentials,0,14403.06,"[GCAPO68334"",""GCAPO68785]",40,0
Ambient,DLHY GGNFC9,DELHI,88218,Jivo Pomace Daily Cooking Olive Oil 2.0 ltr,Edible Oils and Ghee,Edible Oils,730,Cooking Essentials,666,1521.45,[],0,100
Ambient,GAU IM1,GUWAHATI,88218,Jivo Pomace Daily Cooking Olive Oil 2.0 ltr,Edible Oils and Ghee,Edible Oils,730,Cooking Essentials,8,11563.02,[GWAPO40133],30,10
Ambient,CBE ECOM,COIMBATORE,88218,Jivo Pomace Daily Cooking Olive Oil 2.0 ltr,Edible Oils and Ghee,Edible Oils,730,Cooking Essentials,0,15214.85,"[JCEPO187358"",""JCEPO187225]",20,0
Ambient,CHN ECOM,CHENNAI,88218,Jivo Pomace Daily Cooking Olive Oil 2.0 ltr,Edible Oils and Ghee,Edible Oils,730,Cooking Essentials,25,405.72,[],0,1
Ambient,CBE IM1 TEMP,COIMBATORE,88218,Jivo Pomace Daily Cooking Olive Oil 2.0 ltr,Edible Oils and Ghee,Edible Oils,730,Cooking Essentials,365,0,[],0,0
Ambient,CHE AMB IM2,CHENNAI,88218,Jivo Pomace Daily Cooking Olive Oil 2.0 ltr,Edible Oils and Ghee,Edible Oils,730,Cooking Essentials,3,10345.86,[JN2PO105215],40,4
Ambient,JAI IM1,JAIPUR,88218,Jivo Pomace Daily Cooking Olive Oil 2.0 ltr,Edible Oils and Ghee,Edible Oils,730,Cooking Essentials,59,8925.84,[],0,52
Ambient,KOC IM1,KOCHI,88218,Jivo Pomace Daily Cooking Olive Oil 2.0 ltr,Edible Oils and Ghee,Edible Oils,730,Cooking Essentials,0,5680.08,[KOCPO124189],20,0
Ambient,KOLKATA ECOM,KOLKATA,88218,Jivo Pomace Daily Cooking Olive Oil 2.0 ltr,Edible Oils and Ghee,Edible Oils,730,Cooking Essentials,0,52743.6,[],0,1
Ambient,KOL IM2,KOLKATA,88218,Jivo Pomace Daily Cooking Olive Oil 2.0 ltr,Edible Oils and Ghee,Edible Oils,730,Cooking Essentials,365,0,"[KWBPO103500"",""KWBPO103040"",""KWBPO103189"",""KWBPO100588]",40,44
Ambient,BLR IM3,BANGALORE,88218,Jivo Pomace Daily Cooking Olive Oil 2.0 ltr,Edible Oils and Ghee,Edible Oils,730,Cooking Essentials,365,0,"[MBDPO23161"",""MBDPO23376"",""MBDPO23859"",""MBDPO23615"",""MBDPO23284]",50,0
Ambient,BLR IM4,BANGALORE,88218,Jivo Pomace Daily Cooking Olive Oil 2.0 ltr,Edible Oils and Ghee,Edible Oils,730,Cooking Essentials,8,8012.97,[MBEPO36328],10,7
Ambient,BLR IM1,BANGALORE,88218,Jivo Pomace Daily Cooking Olive Oil 2.0 ltr,Edible Oils and Ghee,Edible Oils,730,Cooking Essentials,0,10650.15,[],0,0
,BLR DHL,BANGALORE_2,88218,Jivo Pomace Daily Cooking Olive Oil 2.0 ltr,Edible Oils and Ghee,Edible Oils,730,Non Food,17,1724.31,[MBJPO82877],10,3
Ambient,BLR ECOM2,BANGALORE,88218,Jivo Pomace Daily Cooking Olive Oil 2.0 ltr,Edible Oils and Ghee,Edible Oils,730,Cooking Essentials,10,3955.77,"[MBLPO424404"",""MBLPO423079"",""MBLPO425961]",30,4
Ambient,NAG IM1,NAGPUR,88218,Jivo Pomace Daily Cooking Olive Oil 2.0 ltr,Edible Oils and Ghee,Edible Oils,730,Cooking Essentials,0,8317.26,[],0,0
Ambient,CHD ECOM,CHANDIGARH,88218,Jivo Pomace Daily Cooking Olive Oil 2.0 ltr,Edible Oils and Ghee,Edible Oils,730,Cooking Essentials,94,3448.62,[],0,32
Ambient,CHD_IM2,CHANDIGARH,88218,Jivo Pomace Daily Cooking Olive Oil 2.0 ltr,Edible Oils and Ghee,Edible Oils,730,Cooking Essentials,365,0,[],0,0
Ambient,VIZ IM1,VIZAG,88218,Jivo Pomace Daily Cooking Olive Oil 2.0 ltr,Edible Oils and Ghee,Edible Oils,730,Cooking Essentials,1,10041.57,[VIAPO76021],60,1
Ambient,AHM DELHIVERY,AHMEDABAD,900724,Jivo  Fizzy Flavoured Soda (Lemon) 750.0 ml,Cold Drinks and Juices,Soda and Mixers,120,Packaged Food,365,0,[CADPO215919],132,2
Ambient,HYD IM1,HYDERABAD,900724,Jivo  Fizzy Flavoured Soda (Lemon) 750.0 ml,Cold Drinks and Juices,Soda and Mixers,120,Packaged Food,0,11.55,[],0,0
,MUM IM3,MUMBAI,900724,Jivo  Fizzy Flavoured Soda (Lemon) 750.0 ml,Cold Drinks and Juices,Soda and Mixers,120,Non Food,365,0,[],0,1
Ambient,PUNE IM2 TEMP,PUNE,900724,Jivo  Fizzy Flavoured Soda (Lemon) 750.0 ml,Cold Drinks and Juices,Soda and Mixers,120,Packaged Food,365,0,[],0,0
Ambient,PUN DELHIVERY,PUNE,900724,Jivo  Fizzy Flavoured Soda (Lemon) 750.0 ml,Cold Drinks and Juices,Soda and Mixers,120,Packaged Food,50,15.4,[CPDPO293635],36,2
Ambient,NOI IM1,NOIDA,900724,Jivo  Fizzy Flavoured Soda (Lemon) 750.0 ml,Cold Drinks and Juices,Soda and Mixers,120,Packaged Food,0,19.25,[],0,0
Ambient,AMD IM3,AHMEDABAD,900724,Jivo  Fizzy Flavoured Soda (Lemon) 750.0 ml,Cold Drinks and Juices,Soda and Mixers,120,Packaged Food,365,0,[],0,332
Ambient,KOL IM2,KOLKATA,900724,Jivo  Fizzy Flavoured Soda (Lemon) 750.0 ml,Cold Drinks and Juices,Soda and Mixers,120,Packaged Food,365,0,[KWBPO103040],48,0
Ambient,BLR ECOM2,BANGALORE,900724,Jivo  Fizzy Flavoured Soda (Lemon) 750.0 ml,Cold Drinks and Juices,Soda and Mixers,120,Packaged Food,100,3.85,[],0,1
Ambient,HYD IM2,HYDERABAD,904426,Jivo Cold Pressed Mustard Oil 5L 5.0 ltr,Edible Oils and Ghee,Edible Oils,730,Cooking Essentials,36,15487.5,[],0,65
Ambient,HYD IM1,HYDERABAD,904426,Jivo Cold Pressed Mustard Oil 5L 5.0 ltr,Edible Oils and Ghee,Edible Oils,730,Cooking Essentials,7,18725,"[CHMPO318593"",""CHMPO317549"",""CHMPO317280]",36,17
Ambient,MUM IM3,MUMBAI,904426,Jivo Cold Pressed Mustard Oil 5L 5.0 ltr,Edible Oils and Ghee,Edible Oils,730,Cooking Essentials,144,1575,[],0,26
Ambient,MUM IM1,MUMBAI,904426,Jivo Cold Pressed Mustard Oil 5L 5.0 ltr,Edible Oils and Ghee,Edible Oils,730,Cooking Essentials,66,262.5,[],0,2
Ambient,MUM FC22,MUMBAI,904426,Jivo Cold Pressed Mustard Oil 5L 5.0 ltr,Edible Oils and Ghee,Edible Oils,730,Cooking Essentials,3,34912.5,"[CMFPO345361"",""CMFPO343688"",""CMFPO342883]",76,13
Ambient,HYD IM4,HYDERABAD,904426,Jivo Cold Pressed Mustard Oil 5L 5.0 ltr,Edible Oils and Ghee,Edible Oils,730,Cooking Essentials,0,26775,"[CMMPO13568"",""CMMPO13841"",""CMMPO12416"",""CMMPO14021"",""CMMPO12551"",""CMMPO12554"",""CMMPO12486"",""CMMPO13711"",""CMMPO13197]",112,3
Ambient,PUNE IM2 TEMP,PUNE,904426,Jivo Cold Pressed Mustard Oil 5L 5.0 ltr,Edible Oils and Ghee,Edible Oils,730,Cooking Essentials,365,0,[],0,1
Ambient,PUN DELHIVERY,PUNE,904426,Jivo Cold Pressed Mustard Oil 5L 5.0 ltr,Edible Oils and Ghee,Edible Oils,730,Cooking Essentials,10,25725,"[CPDPO289790"",""CPDPO291908"",""CPDPO291100]",24,32
Ambient,NOI IM1,NOIDA,904426,Jivo Cold Pressed Mustard Oil 5L 5.0 ltr,Edible Oils and Ghee,Edible Oils,730,Cooking Essentials,11,60200,[ETPPO81893],12,82
Ambient,DLHY GGNFC5,GURGAON,904426,Jivo Cold Pressed Mustard Oil 5L 5.0 ltr,Edible Oils and Ghee,Edible Oils,730,Cooking Essentials,8,49612.5,[FC5PO421573],40,49
Ambient,GOA IM1,CENTRAL GOA,904426,Jivo Cold Pressed Mustard Oil 5L 5.0 ltr,Edible Oils and Ghee,Edible Oils,730,Cooking Essentials,2,3150,[],0,1
Ambient,DLHY GGNFC9,DELHI,904426,Jivo Cold Pressed Mustard Oil 5L 5.0 ltr,Edible Oils and Ghee,Edible Oils,730,Cooking Essentials,1,132562.5,"[GGNPO374380"",""GGNPO373394"",""GGNPO373112]",152,22
Ambient,CHN ECOM,CHENNAI,904426,Jivo Cold Pressed Mustard Oil 5L 5.0 ltr,Edible Oils and Ghee,Edible Oils,730,Cooking Essentials,26,6650,[],0,20
Ambient,CHE AMB IM2,CHENNAI,904426,Jivo Cold Pressed Mustard Oil 5L 5.0 ltr,Edible Oils and Ghee,Edible Oils,730,Cooking Essentials,16,18812.5,"[JN2PO110763"",""JN2PO109699]",24,35
Ambient,JAI IM1,JAIPUR,904426,Jivo Cold Pressed Mustard Oil 5L 5.0 ltr,Edible Oils and Ghee,Edible Oils,730,Cooking Essentials,0,18725,"[JPAPO63325"",""JPAPO63853]",32,0
Ambient,KOC IM1,KOCHI,904426,Jivo Cold Pressed Mustard Oil 5L 5.0 ltr,Edible Oils and Ghee,Edible Oils,730,Cooking Essentials,5,8837.5,"[KOCPO127028"",""KOCPO131971]",8,6
Ambient,KOL IM2,KOLKATA,904426,Jivo Cold Pressed Mustard Oil 5L 5.0 ltr,Edible Oils and Ghee,Edible Oils,730,Cooking Essentials,365,0,"[KWBPO103500"",""KWBPO103736"",""KWBPO100588"",""KWBPO103189"",""KWBPO103040]",88,55
Ambient,LKO IM1,LUCKNOW,904426,Jivo Cold Pressed Mustard Oil 5L 5.0 ltr,Edible Oils and Ghee,Edible Oils,730,Cooking Essentials,5,39812.5,[],0,25
Ambient,BLR IM3,BANGALORE,904426,Jivo Cold Pressed Mustard Oil 5L 5.0 ltr,Edible Oils and Ghee,Edible Oils,730,Cooking Essentials,365,0,"[MBDPO24186"",""MBDPO23284"",""MBDPO24402]",40,26
Ambient,BLR IM4,BANGALORE,904426,Jivo Cold Pressed Mustard Oil 5L 5.0 ltr,Edible Oils and Ghee,Edible Oils,730,Cooking Essentials,31,6300,[],0,23
Ambient,BLR IM1,BANGALORE,904426,Jivo Cold Pressed Mustard Oil 5L 5.0 ltr,Edible Oils and Ghee,Edible Oils,730,Cooking Essentials,0,17675,[],0,0
,BLR DHL,BANGALORE_2,904426,Jivo Cold Pressed Mustard Oil 5L 5.0 ltr,Edible Oils and Ghee,Edible Oils,730,Non Food,185,1750,[],0,37
Ambient,BLR ECOM2,BANGALORE,904426,Jivo Cold Pressed Mustard Oil 5L 5.0 ltr,Edible Oils and Ghee,Edible Oils,730,Cooking Essentials,0,18900,"[MBLPO424404"",""MBLPO426362"",""MBLPO425961"",""MBLPO421114"",""MBLPO417710]",60,2
Ambient,NAG IM1,NAGPUR,904426,Jivo Cold Pressed Mustard Oil 5L 5.0 ltr,Edible Oils and Ghee,Edible Oils,730,Cooking Essentials,0,4900,[],0,0
Ambient,CHD ECOM,CHANDIGARH,904426,Jivo Cold Pressed Mustard Oil 5L 5.0 ltr,Edible Oils and Ghee,Edible Oils,730,Cooking Essentials,18,65362.5,[],0,136
Ambient,VIZ IM1,VIZAG,904426,Jivo Cold Pressed Mustard Oil 5L 5.0 ltr,Edible Oils and Ghee,Edible Oils,730,Cooking Essentials,0,4812.5,"[VIAPO83303"",""VIAPO77042"",""VIAPO83502"",""VIAPO81459"",""VIAPO75489"",""VIAPO75739"",""VIAPO76021]",28,0
Ambient,AHM DELHIVERY,AHMEDABAD,952130,Jivo First Pressed Sesame Oil | Gingelly Oil 1.0 ltr,Edible Oils and Ghee,Edible Oils,729,Cooking Essentials,28,3108,[CADPO216091],20,21
Ambient,HYD IM2,HYDERABAD,952130,Jivo First Pressed Sesame Oil | Gingelly Oil 1.0 ltr,Edible Oils and Ghee,Edible Oils,729,Cooking Essentials,30,19404,[],0,139
Ambient,HYD IM1,HYDERABAD,952130,Jivo First Pressed Sesame Oil | Gingelly Oil 1.0 ltr,Edible Oils and Ghee,Edible Oils,729,Cooking Essentials,13,24612,[CHMPO318845],40,79
Ambient,MUM IM3,MUMBAI,952130,Jivo First Pressed Sesame Oil | Gingelly Oil 1.0 ltr,Edible Oils and Ghee,Edible Oils,729,Cooking Essentials,0,13230,"[CI3PO79996"",""CI3PO79698]",60,1
Ambient,MUM IM1,MUMBAI,952130,Jivo First Pressed Sesame Oil | Gingelly Oil 1.0 ltr,Edible Oils and Ghee,Edible Oils,729,Cooking Essentials,100,126,[],0,3
Ambient,MUM FC22,MUMBAI,952130,Jivo First Pressed Sesame Oil | Gingelly Oil 1.0 ltr,Edible Oils and Ghee,Edible Oils,729,Cooking Essentials,0,29568,"[CMFPO344863"",""CMFPO343688]",80,0
Ambient,HYD IM4,HYDERABAD,952130,Jivo First Pressed Sesame Oil | Gingelly Oil 1.0 ltr,Edible Oils and Ghee,Edible Oils,729,Cooking Essentials,27,27342,[CMMPO13197],140,180
Ambient,PUN DELHIVERY,PUNE,952130,Jivo First Pressed Sesame Oil | Gingelly Oil 1.0 ltr,Edible Oils and Ghee,Edible Oils,729,Cooking Essentials,0,26376,"[CPDPO292514"",""CPDPO292176]",100,0
Ambient,NOI IM1,NOIDA,952130,Jivo First Pressed Sesame Oil | Gingelly Oil 1.0 ltr,Edible Oils and Ghee,Edible Oils,729,Cooking Essentials,57,7476,[],0,103
Ambient,DLHY GGNFC5,GURGAON,952130,Jivo First Pressed Sesame Oil | Gingelly Oil 1.0 ltr,Edible Oils and Ghee,Edible Oils,729,Cooking Essentials,8,15162,[],0,29
Ambient,GOA IM1,CENTRAL GOA,952130,Jivo First Pressed Sesame Oil | Gingelly Oil 1.0 ltr,Edible Oils and Ghee,Edible Oils,729,Cooking Essentials,221,588,[],0,31
Ambient,DLHY GGNFC9,DELHI,952130,Jivo First Pressed Sesame Oil | Gingelly Oil 1.0 ltr,Edible Oils and Ghee,Edible Oils,729,Cooking Essentials,82,4620,[],0,91
Ambient,CBE ECOM,COIMBATORE,952130,Jivo First Pressed Sesame Oil | Gingelly Oil 1.0 ltr,Edible Oils and Ghee,Edible Oils,729,Cooking Essentials,15,40614,[JCEPO187358],40,147
Ambient,CHN ECOM,CHENNAI,952130,Jivo First Pressed Sesame Oil | Gingelly Oil 1.0 ltr,Edible Oils and Ghee,Edible Oils,729,Cooking Essentials,0,168,[],0,0
Ambient,CHE AMB IM2,CHENNAI,952130,Jivo First Pressed Sesame Oil | Gingelly Oil 1.0 ltr,Edible Oils and Ghee,Edible Oils,729,Cooking Essentials,47,149058,[],0,1700
Ambient,JAI IM1,JAIPUR,952130,Jivo First Pressed Sesame Oil | Gingelly Oil 1.0 ltr,Edible Oils and Ghee,Edible Oils,729,Cooking Essentials,87,2394,[],0,50
Ambient,KOC IM1,KOCHI,952130,Jivo First Pressed Sesame Oil | Gingelly Oil 1.0 ltr,Edible Oils and Ghee,Edible Oils,729,Cooking Essentials,10,18396,"[KOCPO126329"",""KOCPO128775]",240,45
Ambient,KOLKATA ECOM,KOLKATA,952130,Jivo First Pressed Sesame Oil | Gingelly Oil 1.0 ltr,Edible Oils and Ghee,Edible Oils,729,Cooking Essentials,0,12390,[],0,0
Ambient,KOL IM2,KOLKATA,952130,Jivo First Pressed Sesame Oil | Gingelly Oil 1.0 ltr,Edible Oils and Ghee,Edible Oils,729,Cooking Essentials,365,0,[KWBPO104955],160,0
Ambient,LKO IM1,LUCKNOW,952130,Jivo First Pressed Sesame Oil | Gingelly Oil 1.0 ltr,Edible Oils and Ghee,Edible Oils,729,Cooking Essentials,171,3570,[],0,146
Ambient,BLR IM4,BANGALORE,952130,Jivo First Pressed Sesame Oil | Gingelly Oil 1.0 ltr,Edible Oils and Ghee,Edible Oils,729,Cooking Essentials,0,17220,"[MBEPO36328"",""MBEPO40510]",100,1
Ambient,BLR IM1,BANGALORE,952130,Jivo First Pressed Sesame Oil | Gingelly Oil 1.0 ltr,Edible Oils and Ghee,Edible Oils,729,Cooking Essentials,0,69762,[],0,0
,BLR DHL,BANGALORE_2,952130,Jivo First Pressed Sesame Oil | Gingelly Oil 1.0 ltr,Edible Oils and Ghee,Edible Oils,729,Non Food,17,0,[MBJPO86769],80,86
Ambient,BLR ECOM2,BANGALORE,952130,Jivo First Pressed Sesame Oil | Gingelly Oil 1.0 ltr,Edible Oils and Ghee,Edible Oils,729,Cooking Essentials,0,25326,"[MBLPO426362"",""MBLPO425961"",""MBLPO415937"",""MBLPO417710]",220,0
Ambient,CHD ECOM,CHANDIGARH,952130,Jivo First Pressed Sesame Oil | Gingelly Oil 1.0 ltr,Edible Oils and Ghee,Edible Oils,729,Cooking Essentials,700,546,[],0,91
Ambient,AHM DELHIVERY,AHMEDABAD,95788,Jivo Extra Light Edible Olive Oil Ideal for Everyday Indian Cooking 5.0 ltr,Edible Oils and Ghee,Edible Oils,730,Cooking Essentials,32,35939.47,[],0,26
Ambient,HYD IM2,HYDERABAD,95788,Jivo Extra Light Edible Olive Oil Ideal for Everyday Indian Cooking 5.0 ltr,Edible Oils and Ghee,Edible Oils,730,Cooking Essentials,203,14102.83,[],0,63
Ambient,HYD IM1,HYDERABAD,95788,Jivo Extra Light Edible Olive Oil Ideal for Everyday Indian Cooking 5.0 ltr,Edible Oils and Ghee,Edible Oils,730,Cooking Essentials,243,13647.9,[],0,73
Ambient,MUM IM3,MUMBAI,95788,Jivo Extra Light Edible Olive Oil Ideal for Everyday Indian Cooking 5.0 ltr,Edible Oils and Ghee,Edible Oils,730,Cooking Essentials,2875,1819.72,[],0,115
Ambient,MUM IM1,MUMBAI,95788,Jivo Extra Light Edible Olive Oil Ideal for Everyday Indian Cooking 5.0 ltr,Edible Oils and Ghee,Edible Oils,730,Cooking Essentials,2133,1364.79,[],0,64
Ambient,MUM FC22,MUMBAI,95788,Jivo Extra Light Edible Olive Oil Ideal for Everyday Indian Cooking 5.0 ltr,Edible Oils and Ghee,Edible Oils,730,Cooking Essentials,35,19107.06,[CMFPO345366],4,15
Ambient,HYD IM4,HYDERABAD,95788,Jivo Extra Light Edible Olive Oil Ideal for Everyday Indian Cooking 5.0 ltr,Edible Oils and Ghee,Edible Oils,730,Cooking Essentials,266,1364.79,"[CMMPO13711"",""CMMPO13197]",44,8
Ambient,PUNE IM2 TEMP,PUNE,95788,Jivo Extra Light Edible Olive Oil Ideal for Everyday Indian Cooking 5.0 ltr,Edible Oils and Ghee,Edible Oils,730,Cooking Essentials,365,0,[],0,4
Ambient,PUN DELHIVERY,PUNE,95788,Jivo Extra Light Edible Olive Oil Ideal for Everyday Indian Cooking 5.0 ltr,Edible Oils and Ghee,Edible Oils,730,Cooking Essentials,185,31845.1,[],0,130
Ambient,NOI IM1,NOIDA,95788,Jivo Extra Light Edible Olive Oil Ideal for Everyday Indian Cooking 5.0 ltr,Edible Oils and Ghee,Edible Oils,730,Cooking Essentials,287,14102.83,[],0,89
Ambient,AMD IM3,AHMEDABAD,95788,Jivo Extra Light Edible Olive Oil Ideal for Everyday Indian Cooking 5.0 ltr,Edible Oils and Ghee,Edible Oils,730,Cooking Essentials,365,0,[],0,8
Ambient,DLHY GGNFC5,GURGAON,95788,Jivo Extra Light Edible Olive Oil Ideal for Everyday Indian Cooking 5.0 ltr,Edible Oils and Ghee,Edible Oils,730,Cooking Essentials,446,6823.95,[],0,67
Ambient,GOA IM1,CENTRAL GOA,95788,Jivo Extra Light Edible Olive Oil Ideal for Everyday Indian Cooking 5.0 ltr,Edible Oils and Ghee,Edible Oils,730,Cooking Essentials,423,5914.09,[],0,55
Ambient,DLHY GGNFC9,DELHI,95788,Jivo Extra Light Edible Olive Oil Ideal for Everyday Indian Cooking 5.0 ltr,Edible Oils and Ghee,Edible Oils,730,Cooking Essentials,2225,1819.72,[],0,89
Ambient,GAU IM1,GUWAHATI,95788,Jivo Extra Light Edible Olive Oil Ideal for Everyday Indian Cooking 5.0 ltr,Edible Oils and Ghee,Edible Oils,730,Cooking Essentials,0,5004.23,[],0,0
Ambient,CBE ECOM,COIMBATORE,95788,Jivo Extra Light Edible Olive Oil Ideal for Everyday Indian Cooking 5.0 ltr,Edible Oils and Ghee,Edible Oils,730,Cooking Essentials,0,454.93,[],0,0
Ambient,CHN ECOM,CHENNAI,95788,Jivo Extra Light Edible Olive Oil Ideal for Everyday Indian Cooking 5.0 ltr,Edible Oils and Ghee,Edible Oils,730,Cooking Essentials,675,1819.72,[],0,27
Ambient,CBE IM1 TEMP,COIMBATORE,95788,Jivo Extra Light Edible Olive Oil Ideal for Everyday Indian Cooking 5.0 ltr,Edible Oils and Ghee,Edible Oils,730,Cooking Essentials,365,0,[],0,52
Ambient,CHE AMB IM2,CHENNAI,95788,Jivo Extra Light Edible Olive Oil Ideal for Everyday Indian Cooking 5.0 ltr,Edible Oils and Ghee,Edible Oils,730,Cooking Essentials,1060,2274.65,[],0,53
Ambient,JAI IM1,JAIPUR,95788,Jivo Extra Light Edible Olive Oil Ideal for Everyday Indian Cooking 5.0 ltr,Edible Oils and Ghee,Edible Oils,730,Cooking Essentials,214,12738.04,[],0,60
Ambient,KOC IM1,KOCHI,95788,Jivo Extra Light Edible Olive Oil Ideal for Everyday Indian Cooking 5.0 ltr,Edible Oils and Ghee,Edible Oils,730,Cooking Essentials,365,0,[],0,14
Ambient,KOLKATA ECOM,KOLKATA,95788,Jivo Extra Light Edible Olive Oil Ideal for Everyday Indian Cooking 5.0 ltr,Edible Oils and Ghee,Edible Oils,730,Cooking Essentials,0,30480.31,[],0,0
Ambient,KOL IM2,KOLKATA,95788,Jivo Extra Light Edible Olive Oil Ideal for Everyday Indian Cooking 5.0 ltr,Edible Oils and Ghee,Edible Oils,730,Cooking Essentials,365,0,[],0,74
Ambient,LKO IM3,LUCKNOW,95788,Jivo Extra Light Edible Olive Oil Ideal for Everyday Indian Cooking 5.0 ltr,Edible Oils and Ghee,Edible Oils,730,Cooking Essentials,365,0,[],0,3
Ambient,BLR IM3,BANGALORE,95788,Jivo Extra Light Edible Olive Oil Ideal for Everyday Indian Cooking 5.0 ltr,Edible Oils and Ghee,Edible Oils,730,Cooking Essentials,365,0,[],0,1
Ambient,BLR IM4,BANGALORE,95788,Jivo Extra Light Edible Olive Oil Ideal for Everyday Indian Cooking 5.0 ltr,Edible Oils and Ghee,Edible Oils,730,Cooking Essentials,78,14557.76,[],0,25
Ambient,BLR IM1,BANGALORE,95788,Jivo Extra Light Edible Olive Oil Ideal for Everyday Indian Cooking 5.0 ltr,Edible Oils and Ghee,Edible Oils,730,Cooking Essentials,59,35939.47,[],0,47
,BLR DHL,BANGALORE_2,95788,Jivo Extra Light Edible Olive Oil Ideal for Everyday Indian Cooking 5.0 ltr,Edible Oils and Ghee,Edible Oils,730,Non Food,473,8643.67,[],0,90
Ambient,BLR ECOM2,BANGALORE,95788,Jivo Extra Light Edible Olive Oil Ideal for Everyday Indian Cooking 5.0 ltr,Edible Oils and Ghee,Edible Oils,730,Cooking Essentials,143,29570.45,[],0,93
Ambient,NAG IM1,NAGPUR,95788,Jivo Extra Light Edible Olive Oil Ideal for Everyday Indian Cooking 5.0 ltr,Edible Oils and Ghee,Edible Oils,730,Cooking Essentials,365,0,[],0,4
Ambient,CHD ECOM,CHANDIGARH,95788,Jivo Extra Light Edible Olive Oil Ideal for Everyday Indian Cooking 5.0 ltr,Edible Oils and Ghee,Edible Oils,730,Cooking Essentials,1200,454.93,[],0,12
Ambient,CHD_IM2,CHANDIGARH,95788,Jivo Extra Light Edible Olive Oil Ideal for Everyday Indian Cooking 5.0 ltr,Edible Oils and Ghee,Edible Oils,730,Cooking Essentials,365,0,[],0,4
Ambient,VIZ IM1,VIZAG,95788,Jivo Extra Light Edible Olive Oil Ideal for Everyday Indian Cooking 5.0 ltr,Edible Oils and Ghee,Edible Oils,730,Cooking Essentials,949,6369.02,[],0,133
Ambient,AHM DELHIVERY,AHMEDABAD,958164,Jivo Ricebran Oil 1L 1.0 ltr,Edible Oils and Ghee,Edible Oils,730,Cooking Essentials,0,8359.05,"[CADPO216929"",""CADPO215919"",""CADPO216308]",128,0
Ambient,HYD IM2,HYDERABAD,958164,Jivo Ricebran Oil 1L 1.0 ltr,Edible Oils and Ghee,Edible Oils,730,Cooking Essentials,8,17316.6,"[CHCPO369955"",""CHCPO369711"",""CHCPO367595]",144,71
Ambient,HYD IM1,HYDERABAD,958164,Jivo Ricebran Oil 1L 1.0 ltr,Edible Oils and Ghee,Edible Oils,730,Cooking Essentials,8,12488.7,[CHMPO318845],64,53
Ambient,MUM IM3,MUMBAI,958164,Jivo Ricebran Oil 1L 1.0 ltr,Edible Oils and Ghee,Edible Oils,730,Cooking Essentials,0,14663.25,"[CI3PO79698"",""CI3PO79996]",144,0
Ambient,MUM IM1,MUMBAI,958164,Jivo Ricebran Oil 1L 1.0 ltr,Edible Oils and Ghee,Edible Oils,730,Cooking Essentials,0,7182,[CIMPO118670],80,1
Ambient,MUM FC22,MUMBAI,958164,Jivo Ricebran Oil 1L 1.0 ltr,Edible Oils and Ghee,Edible Oils,730,Cooking Essentials,2,14902.65,"[CMFPO342883"",""CMFPO344863"",""CMFPO343308]",128,18
Ambient,HYD IM4,HYDERABAD,958164,Jivo Ricebran Oil 1L 1.0 ltr,Edible Oils and Ghee,Edible Oils,730,Cooking Essentials,2,25296.6,"[CMMPO13568"",""CMMPO13841"",""CMMPO12554"",""CMMPO12416"",""CMMPO12758"",""CMMPO12551"",""CMMPO14021"",""CMMPO12486]",416,32
Ambient,HYD IM5,HYDERABAD,958164,Jivo Ricebran Oil 1L 1.0 ltr,Edible Oils and Ghee,Edible Oils,730,Cooking Essentials,365,0,[],0,0
Ambient,PUNE IM2 TEMP,PUNE,958164,Jivo Ricebran Oil 1L 1.0 ltr,Edible Oils and Ghee,Edible Oils,730,Cooking Essentials,365,0,[],0,1
Ambient,PUN DELHIVERY,PUNE,958164,Jivo Ricebran Oil 1L 1.0 ltr,Edible Oils and Ghee,Edible Oils,730,Cooking Essentials,0,16319.1,"[CPDPO292176"",""CPDPO291908"",""CPDPO293635"",""CPDPO289790]",336,8
Ambient,NOI IM1,NOIDA,958164,Jivo Ricebran Oil 1L 1.0 ltr,Edible Oils and Ghee,Edible Oils,730,Cooking Essentials,0,20069.7,"[ETPPO81168"",""ETPPO74073"",""ETPPO81893"",""ETPPO80309]",160,0
Ambient,AMD IM3,AHMEDABAD,958164,Jivo Ricebran Oil 1L 1.0 ltr,Edible Oils and Ghee,Edible Oils,730,Cooking Essentials,365,0,[],0,0
Ambient,DLHY GGNFC5,GURGAON,958164,Jivo Ricebran Oil 1L 1.0 ltr,Edible Oils and Ghee,Edible Oils,730,Cooking Essentials,0,24718.05,"[FC5PO420043"",""FC5PO421573]",208,0
Ambient,GOA IM1,CENTRAL GOA,958164,Jivo Ricebran Oil 1L 1.0 ltr,Edible Oils and Ghee,Edible Oils,730,Cooking Essentials,0,538.65,[GCAPO68785],16,0
Ambient,DLHY GGNFC9,DELHI,958164,Jivo Ricebran Oil 1L 1.0 ltr,Edible Oils and Ghee,Edible Oils,730,Cooking Essentials,0,33236.7,"[GGNPO374380"",""GGNPO373112"",""GGNPO379538]",224,0
Ambient,CBE ECOM,COIMBATORE,958164,Jivo Ricebran Oil 1L 1.0 ltr,Edible Oils and Ghee,Edible Oils,730,Cooking Essentials,9,10194.45,"[JCEPO187225"",""JCEPO186437"",""JCEPO187358]",96,48
Ambient,CHN ECOM,CHENNAI,958164,Jivo Ricebran Oil 1L 1.0 ltr,Edible Oils and Ghee,Edible Oils,730,Cooking Essentials,0,10912.65,[JCNPO278717],160,0
Ambient,CHE AMB IM2,CHENNAI,958164,Jivo Ricebran Oil 1L 1.0 ltr,Edible Oils and Ghee,Edible Oils,730,Cooking Essentials,9,877.8,[],0,4
Ambient,JAI IM1,JAIPUR,958164,Jivo Ricebran Oil 1L 1.0 ltr,Edible Oils and Ghee,Edible Oils,730,Cooking Essentials,0,10314.15,"[JPAPO63853"",""JPAPO63325]",80,0
Ambient,KOC IM1,KOCHI,958164,Jivo Ricebran Oil 1L 1.0 ltr,Edible Oils and Ghee,Edible Oils,730,Cooking Essentials,0,21705.6,"[KOCPO125329"",""KOCPO126329"",""KOCPO127028"",""KOCPO125595"",""KOCPO125625]",288,3
Ambient,KOLKATA ECOM,KOLKATA,958164,Jivo Ricebran Oil 1L 1.0 ltr,Edible Oils and Ghee,Edible Oils,730,Cooking Essentials,0,33276.6,[],0,0
Ambient,KOL IM2,KOLKATA,958164,Jivo Ricebran Oil 1L 1.0 ltr,Edible Oils and Ghee,Edible Oils,730,Cooking Essentials,365,0,"[KWBPO104389"",""KWBPO103976"",""KWBPO100588]",400,31
Ambient,BLR IM4,BANGALORE,958164,Jivo Ricebran Oil 1L 1.0 ltr,Edible Oils and Ghee,Edible Oils,730,Cooking Essentials,156,319.2,[],0,25
Ambient,BLR IM1,BANGALORE,958164,Jivo Ricebran Oil 1L 1.0 ltr,Edible Oils and Ghee,Edible Oils,730,Cooking Essentials,0,3032.4,[],0,0
,BLR DHL,BANGALORE_2,958164,Jivo Ricebran Oil 1L 1.0 ltr,Edible Oils and Ghee,Edible Oils,730,Non Food,375,0,[],0,15
Ambient,BLR ECOM2,BANGALORE,958164,Jivo Ricebran Oil 1L 1.0 ltr,Edible Oils and Ghee,Edible Oils,730,Cooking Essentials,71,139.65,[],0,5
Ambient,CHD ECOM,CHANDIGARH,958164,Jivo Ricebran Oil 1L 1.0 ltr,Edible Oils and Ghee,Edible Oils,730,Cooking Essentials,0,24378.9,[PCHPO217588],80,0
Ambient,VIZ IM1,VIZAG,958164,Jivo Ricebran Oil 1L 1.0 ltr,Edible Oils and Ghee,Edible Oils,730,Cooking Essentials,0,24159.45,"[VIAPO76760"",""VIAPO77042"",""VIAPO77270]",144,0
Ambient,HYD IM2,HYDERABAD,968589,Jivo SO OLive Oil 1L 1.0 ltr,Edible Oils and Ghee,Olive Oil,730,Cooking Essentials,0,6552,"[CHCPO361749"",""CHCPO367976"",""CHCPO369711"",""CHCPO362126"",""CHCPO368342]",80,0
Ambient,HYD IM1,HYDERABAD,968589,Jivo SO OLive Oil 1L 1.0 ltr,Edible Oils and Ghee,Olive Oil,730,Cooking Essentials,0,8781.5,"[CHMPO317280"",""CHMPO318845"",""CHMPO318593]",80,1
Ambient,MUM IM3,MUMBAI,968589,Jivo SO OLive Oil 1L 1.0 ltr,Edible Oils and Ghee,Olive Oil,730,Cooking Essentials,1,3958.5,[CI3PO79996],80,2
Ambient,MUM IM1,MUMBAI,968589,Jivo SO OLive Oil 1L 1.0 ltr,Edible Oils and Ghee,Olive Oil,730,Cooking Essentials,0,9828,"[CIMPO118002"",""CIMPO118670]",160,1
Ambient,MUM FC22,MUMBAI,968589,Jivo SO OLive Oil 1L 1.0 ltr,Edible Oils and Ghee,Olive Oil,730,Cooking Essentials,0,6392.75,"[CMFPO342883"",""CMFPO343308]",128,0
Ambient,HYD IM4,HYDERABAD,968589,Jivo SO OLive Oil 1L 1.0 ltr,Edible Oils and Ghee,Olive Oil,730,Cooking Essentials,0,12376,"[CMMPO12416"",""CMMPO12486"",""CMMPO13841"",""CMMPO14128"",""CMMPO12554"",""CMMPO12551"",""CMMPO13711]",192,0
Ambient,PUN DELHIVERY,PUNE,968589,Jivo SO OLive Oil 1L 1.0 ltr,Edible Oils and Ghee,Olive Oil,730,Cooking Essentials,350,91,[],0,14
Ambient,NOI IM1,NOIDA,968589,Jivo SO OLive Oil 1L 1.0 ltr,Edible Oils and Ghee,Olive Oil,730,Cooking Essentials,0,7666.75,"[ETPPO74073"",""ETPPO80309"",""ETPPO81893"",""ETPPO81168]",144,0
Ambient,DLHY GGNFC5,GURGAON,968589,Jivo SO OLive Oil 1L 1.0 ltr,Edible Oils and Ghee,Olive Oil,730,Cooking Essentials,0,13581.75,"[FC5PO421224"",""FC5PO420463"",""FC5PO422643]",160,0
Ambient,GOA IM1,CENTRAL GOA,968589,Jivo SO OLive Oil 1L 1.0 ltr,Edible Oils and Ghee,Olive Oil,730,Cooking Essentials,1200,22.75,[GCAPO69045],16,12
Ambient,DLHY GGNFC9,DELHI,968589,Jivo SO OLive Oil 1L 1.0 ltr,Edible Oils and Ghee,Olive Oil,730,Cooking Essentials,0,19474,"[GGNPO373394"",""GGNPO379538"",""GGNPO371343"",""GGNPO379853]",160,2
Ambient,CHN ECOM,CHENNAI,968589,Jivo SO OLive Oil 1L 1.0 ltr,Edible Oils and Ghee,Olive Oil,730,Cooking Essentials,0,10806.25,"[JCNPO272882"",""JCNPO278717"",""JCNPO272698]",96,2
Ambient,CHE AMB IM2,CHENNAI,968589,Jivo SO OLive Oil 1L 1.0 ltr,Edible Oils and Ghee,Olive Oil,730,Cooking Essentials,0,12944.75,"[JN2PO105215"",""JN2PO109699"",""JN2PO105571]",144,1
Ambient,JAI IM1,JAIPUR,968589,Jivo SO OLive Oil 1L 1.0 ltr,Edible Oils and Ghee,Olive Oil,730,Cooking Essentials,0,4026.75,[JPAPO63853],32,0
Ambient,KOC IM1,KOCHI,968589,Jivo SO OLive Oil 1L 1.0 ltr,Edible Oils and Ghee,Olive Oil,730,Cooking Essentials,0,15492.75,"[KOCPO125595"",""KOCPO125329"",""KOCPO124189"",""KOCPO130946"",""KOCPO125625"",""KOCPO124987]",192,0
Ambient,LKO IM3,LUCKNOW,968589,Jivo SO OLive Oil 1L 1.0 ltr,Edible Oils and Ghee,Olive Oil,730,Cooking Essentials,365,0,[],0,0
Ambient,BLR IM4,BANGALORE,968589,Jivo SO OLive Oil 1L 1.0 ltr,Edible Oils and Ghee,Olive Oil,730,Cooking Essentials,0,3708.25,"[MBEPO38439"",""MBEPO37999"",""MBEPO36328]",48,0
Ambient,BLR IM1,BANGALORE,968589,Jivo SO OLive Oil 1L 1.0 ltr,Edible Oils and Ghee,Olive Oil,730,Cooking Essentials,0,10669.75,[],0,0
,BLR DHL,BANGALORE_2,968589,Jivo SO OLive Oil 1L 1.0 ltr,Edible Oils and Ghee,Olive Oil,730,Non Food,0,4800.25,"[MBJPO86769"",""MBJPO86960]",48,0
Ambient,BLR ECOM2,BANGALORE,968589,Jivo SO OLive Oil 1L 1.0 ltr,Edible Oils and Ghee,Olive Oil,730,Cooking Essentials,0,12762.75,"[MBLPO421114"",""MBLPO420633"",""MBLPO415937"",""MBLPO421420"",""MBLPO417710]",144,0
Ambient,NAG IM1,NAGPUR,968589,Jivo SO OLive Oil 1L 1.0 ltr,Edible Oils and Ghee,Olive Oil,730,Cooking Essentials,2800,22.75,[],0,28
Ambient,CHD ECOM,CHANDIGARH,968589,Jivo SO OLive Oil 1L 1.0 ltr,Edible Oils and Ghee,Olive Oil,730,Cooking Essentials,0,9009,"[PCHPO218612"",""PCHPO218372]",112,0
Ambient,VIZ IM1,VIZAG,968589,Jivo SO OLive Oil 1L 1.0 ltr,Edible Oils and Ghee,Olive Oil,730,Cooking Essentials,0,5118.75,"[VIAPO83502"",""VIAPO81459"",""VIAPO83303]",80,0
Ambient,AHM DELHIVERY,AHMEDABAD,98631,Jivo First Pressed Yellow Mustard Oil 1.0 ltr,Edible Oils and Ghee,Edible Oils,729,Cooking Essentials,140,919.45,[],0,52
Ambient,HYD IM2,HYDERABAD,98631,Jivo First Pressed Yellow Mustard Oil 1.0 ltr,Edible Oils and Ghee,Edible Oils,729,Cooking Essentials,0,1068.55,"[CHCPO369955"",""CHCPO367976]",144,0
Ambient,HYD IM1,HYDERABAD,98631,Jivo First Pressed Yellow Mustard Oil 1.0 ltr,Edible Oils and Ghee,Edible Oils,729,Cooking Essentials,34,1963.15,[CHMPO318845],16,27
Ambient,MUM IM3,MUMBAI,98631,Jivo First Pressed Yellow Mustard Oil 1.0 ltr,Edible Oils and Ghee,Edible Oils,729,Cooking Essentials,0,4497.85,[CI3PO79698],16,0
Ambient,MUM FC22,MUMBAI,98631,Jivo First Pressed Yellow Mustard Oil 1.0 ltr,Edible Oils and Ghee,Edible Oils,729,Cooking Essentials,6,15630.65,[],0,42
Ambient,HYD IM4,HYDERABAD,98631,Jivo First Pressed Yellow Mustard Oil 1.0 ltr,Edible Oils and Ghee,Edible Oils,729,Cooking Essentials,62,2385.6,[CMMPO12843],80,60
Ambient,PUN DELHIVERY,PUNE,98631,Jivo First Pressed Yellow Mustard Oil 1.0 ltr,Edible Oils and Ghee,Edible Oils,729,Cooking Essentials,0,9766.05,"[CPDPO292176"",""CPDPO293635]",272,0
Ambient,NOI IM1,NOIDA,98631,Jivo First Pressed Yellow Mustard Oil 1.0 ltr,Edible Oils and Ghee,Edible Oils,729,Cooking Essentials,65,30192.75,[],0,798
Ambient,DLHY GGNFC5,GURGAON,98631,Jivo First Pressed Yellow Mustard Oil 1.0 ltr,Edible Oils and Ghee,Edible Oils,729,Cooking Essentials,0,37647.75,"[FC5PO420814"",""FC5PO421573]",336,0
Ambient,DLHY GGNFC9,DELHI,98631,Jivo First Pressed Yellow Mustard Oil 1.0 ltr,Edible Oils and Ghee,Edible Oils,729,Cooking Essentials,0,12797.75,"[GGNPO381138"",""GGNPO379538"",""GGNPO378760"",""GGNPO379853]",224,0
Ambient,CBE ECOM,COIMBATORE,98631,Jivo First Pressed Yellow Mustard Oil 1.0 ltr,Edible Oils and Ghee,Edible Oils,729,Cooking Essentials,365,0,[],0,349
Ambient,CHN ECOM,CHENNAI,98631,Jivo First Pressed Yellow Mustard Oil 1.0 ltr,Edible Oils and Ghee,Edible Oils,729,Cooking Essentials,3550,99.4,[],0,142
Ambient,CBE IM1 TEMP,COIMBATORE,98631,Jivo First Pressed Yellow Mustard Oil 1.0 ltr,Edible Oils and Ghee,Edible Oils,729,Cooking Essentials,365,0,[],0,1
Ambient,CHE AMB IM2,CHENNAI,98631,Jivo First Pressed Yellow Mustard Oil 1.0 ltr,Edible Oils and Ghee,Edible Oils,729,Cooking Essentials,2333,298.2,[JN2PO105571],8,280
Ambient,JAI IM1,JAIPUR,98631,Jivo First Pressed Yellow Mustard Oil 1.0 ltr,Edible Oils and Ghee,Edible Oils,729,Cooking Essentials,0,3429.3,[JPAPO63853],32,0
Ambient,KOC IM1,KOCHI,98631,Jivo First Pressed Yellow Mustard Oil 1.0 ltr,Edible Oils and Ghee,Edible Oils,729,Cooking Essentials,0,24.85,"[KOCPO126329"",""KOCPO128775]",896,0
Ambient,KOL IM2,KOLKATA,98631,Jivo First Pressed Yellow Mustard Oil 1.0 ltr,Edible Oils and Ghee,Edible Oils,729,Cooking Essentials,365,0,[KWBPO104955],160,40
Ambient,LKO IM1,LUCKNOW,98631,Jivo First Pressed Yellow Mustard Oil 1.0 ltr,Edible Oils and Ghee,Edible Oils,729,Cooking Essentials,195,1043.7,"[LKOPO178283"",""LKOPO179212]",64,82
Ambient,BLR IM4,BANGALORE,98631,Jivo First Pressed Yellow Mustard Oil 1.0 ltr,Edible Oils and Ghee,Edible Oils,729,Cooking Essentials,0,5044.55,"[MBEPO40510"",""MBEPO40746]",48,0
Ambient,BLR IM1,BANGALORE,98631,Jivo First Pressed Yellow Mustard Oil 1.0 ltr,Edible Oils and Ghee,Edible Oils,729,Cooking Essentials,52,6759.2,[],0,143
,BLR DHL,BANGALORE_2,98631,Jivo First Pressed Yellow Mustard Oil 1.0 ltr,Edible Oils and Ghee,Edible Oils,729,Non Food,33,0,[MBJPO86960],16,34
Ambient,BLR ECOM2,BANGALORE,98631,Jivo First Pressed Yellow Mustard Oil 1.0 ltr,Edible Oils and Ghee,Edible Oils,729,Cooking Essentials,183,2932.3,[],0,217
Ambient,CHD ECOM,CHANDIGARH,98631,Jivo First Pressed Yellow Mustard Oil 1.0 ltr,Edible Oils and Ghee,Edible Oils,729,Cooking Essentials,223,1491,[],0,134
Ambient,VIZ IM1,VIZAG,98631,Jivo First Pressed Yellow Mustard Oil 1.0 ltr,Edible Oils and Ghee,Edible Oils,729,Cooking Essentials,289,720.65,[],0,84
